,Index,m/z,Calibrated m/z,Calculated m/z,Peak Height,Peak Area,Resolving Power,S/N,Ion Charge,m/z Error (ppm),m/z Error Score,Isotopologue Similarity,Confidence Score,DBE,O/C,H/C,Heteroatom Class,Ion Type,Adduct,Is Isotopologue,Mono Isotopic Index,Molecular Formula,C,H,O,N,P,S,13C
0,1,151.04015398412298,151.04006146823548,151.04006766422907,1578197.5430982497,28.149935295797963,1179327.832131332,8.73693671795682,-1,-0.041022184959206655,0.9996947011967737,0.0,0.5998168207180642,5.0,0.375,1.0,O3,de-protonated,,0.0,,C8 H8 O3,8.0,8.0,3.0,,,,
1,6,154.99868347109737,154.99858876812118,154.99859677444908,1596522.5337249567,24.034090271041272,1272573.4376108833,8.886903209619142,-1,-0.05165419603460679,0.9995159837783978,0.0,0.5997095902670386,5.0,0.8333333333333334,0.6666666666666666,O5,de-protonated,,0.0,,C6 H4 O5,6.0,4.0,5.0,,,,
2,8,159.06637469598815,159.06627774700107,159.0662824127191,5186174.546839929,51.86225111146883,1115070.8339402392,28.127048658444586,-1,-0.029331910903550053,0.9998439008120409,0.0,0.5999063404872245,2.0,0.5714285714285714,1.7142857142857142,O4,de-protonated,,0.0,,C7 H12 O4,7.0,12.0,4.0,,,,
3,17,163.04019884905145,163.04009970724326,163.04006766422907,1679082.917333629,40.073179989434266,1184779.5389516086,9.253487967015932,-1,0.19653459818786156,0.9930158935966442,0.0,0.5958095361579865,6.0,0.3333333333333333,0.8888888888888888,O3,de-protonated,,0.0,,C9 H8 O3,9.0,8.0,3.0,,,,
4,29,167.03510072655595,167.03499938165072,167.03498228379908,1683614.6268014465,22.070216799669815,1317651.1174568075,9.181281878437776,-1,0.10236090312112982,0.9981006313007406,0.0,0.5988603787804443,5.0,0.5,1.0,O4,de-protonated,,0.0,,C8 H8 O4,8.0,8.0,4.0,,,,
5,34,169.0143400321017,169.01423759619453,169.01424683890906,1798105.8856256779,44.40725960781471,1096752.1840251244,9.95333159477344,-1,-0.054686008422652574,0.9994575141029793,0.0,0.5996745084617876,5.0,0.7142857142857143,0.8571428571428571,O5,de-protonated,,0.0,,C7 H6 O5,7.0,6.0,5.0,,,,
6,35,169.05074822001598,169.0506457640429,169.05063234825906,1845510.322354268,65.05374039068896,954898.856637507,10.103298086435762,-1,0.07935956031717317,0.9988578997877844,0.0,0.5993147398726706,4.0,0.5,1.25,O4,de-protonated,,0.0,,C8 H10 O4,8.0,10.0,4.0,,,,
7,39,171.0663974779851,171.06629391128914,171.0662824127191,4756222.531172036,52.40758038939117,1027149.5672861409,25.84977971097968,-1,0.06721704525384131,0.9991805269856969,0.0,0.5995083161914181,3.0,0.5,1.5,O4,de-protonated,,0.0,,C8 H12 O4,8.0,12.0,4.0,,,,
8,40,173.08205324452425,173.08194856744768,173.08193247717907,5250771.590159423,52.83396010130168,1019596.0295247542,28.693588738057805,-1,0.09296330579319705,0.9984331173217509,0.0,0.5990598703930505,2.0,0.5,1.75,O4,de-protonated,,0.0,,C8 H14 O4,8.0,14.0,4.0,,,,
9,44,179.0351126876948,179.03500473322745,179.03498228379908,2341166.751102613,44.29400026181975,943346.9813402612,13.047084774622103,-1,0.1253912955166937,0.9971511521705153,0.0,0.5982906913023092,6.0,0.4444444444444444,0.8888888888888888,O4,de-protonated,,0.0,,C9 H8 O4,9.0,8.0,4.0,,,,
10,45,179.07148806882736,179.07138009434323,179.07136779314908,2765761.885628415,65.2435814260653,992346.8742563489,15.163278601412662,-1,0.06869436637724849,0.9991441253658824,0.0,0.5994864752195294,5.0,0.3,1.2,O3,de-protonated,,0.0,,C10 H12 O3,10.0,12.0,3.0,,,,
11,46,181.01436025324628,181.01425120979445,181.01424683890906,5300353.430160853,79.82049912764109,1043700.2372214053,28.7380232541059,-1,0.024146637453242043,0.9998942101069056,0.0,0.5999365260641434,6.0,0.625,0.75,O5,de-protonated,,0.0,,C8 H6 O5,8.0,6.0,5.0,,,,
12,47,181.05073926835004,181.05063020488558,181.05063234825906,1777368.57510309,86.82183789838714,974654.2416019599,9.606186938147692,-1,-0.01183853075188127,0.9999745701429184,0.0,0.599984742085751,5.0,0.4444444444444444,1.1111111111111112,O4,de-protonated,,0.0,,C9 H10 O4,9.0,10.0,4.0,,,,
13,48,183.02998937772685,183.02987922561613,183.0298969033691,2085107.6283382424,48.52664690152915,1132117.5797531207,11.258595503686252,-1,-0.09658396395156305,0.9983087945104253,0.0,0.5989852767062551,5.0,0.625,1.0,O5,de-protonated,,0.0,,C8 H8 O5,8.0,8.0,5.0,,,,
14,49,183.0663808553136,183.06627068318963,183.0662824127191,1641286.0844145266,81.34982477681108,1018221.5360098594,8.914674782149202,-1,-0.06407258238328427,0.9992553768372896,0.0,0.5995532261023737,4.0,0.4444444444444444,1.3333333333333333,O4,de-protonated,,0.0,,C9 H12 O4,9.0,12.0,4.0,,,,
15,51,185.0456694546782,185.04555819422643,185.04554696782907,1746275.8212034574,50.96568282591445,1083163.9235585001,9.470106232750398,-1,0.06066829246047042,0.9993323753574977,0.0,0.5995994252144986,4.0,0.625,1.25,O5,de-protonated,,0.0,,C8 H10 O5,8.0,10.0,5.0,,,,
16,52,185.0820409704977,185.0819296900499,185.08193247717907,2527017.517961227,55.75615361450493,928695.2166395684,14.135730417800449,-1,-0.015058893858718728,0.9999588536763618,0.0,0.5999753122058171,3.0,0.4444444444444444,1.5555555555555556,O4,de-protonated,,0.0,,C9 H14 O4,9.0,14.0,4.0,,,,
17,54,187.09770414834412,187.0975917599167,187.0975825416391,8621582.086255627,64.32546527384633,878596.2376333071,46.6562418505005,-1,0.04926989152948818,0.9995596262767471,0.0,0.5997357757660482,2.0,0.4444444444444444,1.7777777777777777,O4,de-protonated,,0.0,,C9 H16 O4,9.0,16.0,4.0,,,,
18,56,189.07695691818668,189.07684344213047,189.07684709674908,2248019.3048486835,94.43264323068291,940876.487706213,12.213937598720308,-1,-0.019328747361894123,0.9999322129823258,0.0,0.5999593277893954,2.0,0.625,1.75,O5,de-protonated,,0.0,,C8 H14 O5,8.0,14.0,5.0,,,,
19,61,193.01435617096465,193.0142405322407,193.01424683890906,2686719.667020435,39.02639860893752,869101.9616907999,14.691161868401645,-1,-0.032674626132838155,0.9998062984851407,0.0,0.5998837790910844,7.0,0.5555555555555556,0.6666666666666666,O5,de-protonated,,0.0,,C9 H6 O5,9.0,6.0,5.0,,,,
20,65,195.03000145608556,195.029884710753,195.0298969033691,3566372.631095189,96.06001445297869,970666.9076278494,19.584512948198185,-1,-0.06251665142921871,0.9992910897419861,0.0,0.5995746538451916,6.0,0.5555555555555556,0.8888888888888888,O5,de-protonated,,0.0,,C9 H8 O5,9.0,8.0,5.0,,,,
21,70,197.00927407800964,197.009156246374,197.00916145847907,5022852.918331834,47.08655173849712,1053148.5211173196,27.40498777266303,-1,-0.026456155780677063,0.9998730070157558,0.0,0.5999238042094535,6.0,0.75,0.75,O6,de-protonated,,0.0,,C8 H6 O6,8.0,6.0,6.0,,,,
22,71,197.04568679060333,197.04556893898607,197.04554696782907,3191698.160035074,78.89381614682435,900716.5161356541,17.47387343591364,-1,0.11150293591997093,0.997746608478944,0.0,0.5986479650873664,5.0,0.5555555555555556,1.1111111111111112,O5,de-protonated,,0.0,,C9 H10 O5,9.0,10.0,5.0,,,,
23,77,198.98854305183679,198.98842413423355,198.98842601358908,3176202.517908828,43.01819694746375,973158.2975018262,17.368341460299412,-1,-0.009444546903607166,0.9999838150050141,0.0,0.5999902890030084,6.0,1.0,0.5714285714285714,O7,de-protonated,,0.0,,C7 H4 O7,7.0,4.0,7.0,,,,
24,78,199.02495467129847,199.02483573372035,199.0248115229391,1922870.5162180946,54.67891331414256,1033481.8039483225,10.458774214820528,-1,0.12164705024964584,0.9973185230618884,0.0,0.5983911138371331,5.0,0.75,1.0,O6,de-protonated,,0.0,,C8 H8 O6,8.0,8.0,6.0,,,,
25,79,199.06130029965118,199.06118134213452,199.06119703228907,3552474.713367202,36.436040170726315,837006.7995171743,19.706707867330447,-1,-0.07882075858618517,0.9988733467229644,0.0,0.5993240080337786,4.0,0.5555555555555556,1.3333333333333333,O5,de-protonated,,0.0,,C9 H12 O5,9.0,12.0,5.0,,,,
26,80,199.0977094863288,199.0975905088388,199.0975825416391,2691186.7910964736,48.59908113675744,921206.8962346754,14.602292836305454,-1,0.040016556732503594,0.9997094839243429,0.0,0.5998256903546058,3.0,0.4,1.6,O4,de-protonated,,0.0,,C10 H16 O4,10.0,16.0,4.0,,,,
27,86,201.04055578174763,201.04043573861654,201.04046158739908,1734733.7172491876,108.98721012671864,1005900.3751306027,9.481214861762423,-1,-0.12857502583246563,0.9970048686623296,0.0,0.5982029211973977,4.0,0.75,1.25,O6,de-protonated,,0.0,,C8 H10 O6,8.0,10.0,6.0,,,,
28,87,201.07698719873622,201.07686713562575,201.07684709674908,3253095.987033388,49.84732358540796,939541.5325179907,17.47942775041965,-1,0.09965780227483156,0.9981995329438667,0.0,0.59891971976632,3.0,0.5555555555555556,1.5555555555555556,O5,de-protonated,,0.0,,C9 H14 O5,9.0,14.0,5.0,,,,
29,88,201.11336201849937,201.1132419354407,201.11323260609907,2665942.9471812965,59.90543467061346,993327.8751543816,14.424554772113071,-1,0.04638850214824229,0.9996096180370716,0.0,0.5997657708222429,2.0,0.4,1.8,O4,de-protonated,,0.0,,C10 H18 O4,10.0,18.0,4.0,,,,
30,93,203.05622478875762,203.05610364038222,203.05611165185908,2072492.8255203639,88.90498165593095,808275.5730857997,11.278035604457292,-1,-0.039454497576303586,0.99971758644976,0.0,0.599830551869856,3.0,0.75,1.5,O6,de-protonated,,0.0,,C8 H12 O6,8.0,12.0,6.0,,,,
31,94,203.09259112307248,203.09246995475962,203.09249716120908,3329386.242565658,48.62389730697451,867444.266804873,18.034859201020847,-1,-0.13396087910589471,0.9967491051303162,0.0,0.5980494630781897,2.0,0.5555555555555556,1.7777777777777777,O5,de-protonated,,0.0,,C9 H16 O5,9.0,16.0,5.0,,,,
32,99,205.0143710888578,205.0142488671105,205.01424683890906,3240582.609780235,75.32176306087555,875015.780632501,17.857121136828464,-1,0.00989297801204261,0.9999822415907738,0.0,0.5999893449544642,8.0,0.5,0.6,O5,de-protonated,,0.0,,C10 H6 O5,10.0,6.0,5.0,,,,
33,105,206.99361227106738,206.9934889647166,206.9935113940191,1843875.3850754625,41.728387457406356,1253727.4633953501,10.036646312363619,-1,-0.10835751494395357,0.9978718150810264,0.0,0.5987230890486158,8.0,0.6666666666666666,0.4444444444444444,O6,de-protonated,,0.0,,C9 H4 O6,9.0,4.0,6.0,,,,
34,106,207.0300369977016,207.02991367139353,207.02989690336906,3272091.320306598,57.14937836039754,1010615.8314998869,18.12928254762305,-1,0.08099325129667168,0.9988104216468224,0.0,0.5992862529880935,7.0,0.5,0.8,O5,de-protonated,,0.0,,C10 H8 O5,10.0,8.0,5.0,,,,
35,107,207.06640174893892,207.06627840270662,207.0662824127191,1966070.8746667288,59.64395194382065,938151.9165997052,10.958662520361605,-1,-0.01936583990517389,0.9999319525702245,0.0,0.5999591715421346,6.0,0.36363636363636365,1.0909090909090908,O4,de-protonated,,0.0,,C11 H12 O4,11.0,12.0,4.0,,,,
36,114,209.00929652167574,209.0091721110938,209.00916145847907,7288101.083851647,43.29106318136823,964074.3607666054,40.01328170131019,-1,0.050967214283265096,0.9995287696261627,0.0,0.5997172617756976,7.0,0.6666666666666666,0.6666666666666666,O6,de-protonated,,0.0,,C9 H6 O6,9.0,6.0,6.0,,,,
37,115,209.04566922948658,209.04554479898212,209.04554696782907,3498408.036635945,100.75325082712436,949580.5624121935,19.29013427937955,-1,-0.010374997118230688,0.9999804689515834,0.0,0.5999882813709501,6.0,0.5,1.0,O5,de-protonated,,0.0,,C10 H10 O5,10.0,10.0,5.0,,,,
38,124,211.0249177979871,211.02479228355438,211.0248115229391,5123798.8985580215,31.00106696231456,913560.5890941155,27.91598470721613,-1,-0.09117119730279619,0.9984929013644741,0.0,0.5990957408186844,6.0,0.6666666666666666,0.8888888888888888,O6,de-protonated,,0.0,,C9 H8 O6,9.0,8.0,6.0,,,,
39,125,211.06133534463646,211.06120981026294,211.06119703228907,3273657.2752549932,67.24714043266734,979394.4938585963,18.095956660586978,-1,0.06054155877279106,0.9993351608011749,0.0,0.5996010964807049,5.0,0.5,1.2,O5,de-protonated,,0.0,,C10 H12 O5,10.0,12.0,5.0,,,,
40,128,213.00418266560408,213.0040560675677,213.00407607804908,2887444.5190420533,40.866400482824915,921489.8583323443,15.951991261266361,-1,-0.09394412426850214,0.9983999064108903,0.0,0.5990399438465341,6.0,0.875,0.75,O7,de-protonated,,0.0,,C8 H6 O7,8.0,6.0,7.0,,,,
41,129,213.0405994294836,213.04047281151296,213.04046158739908,2658219.6306678993,73.64872928505193,814506.3570503275,14.50786948970325,-1,0.05268536217448322,0.999496471096263,0.0,0.5996978826577578,5.0,0.6666666666666666,1.1111111111111112,O6,de-protonated,,0.0,,C9 H10 O6,9.0,10.0,6.0,,,,
42,130,213.07697157385178,213.07684493597142,213.07684709674908,3467682.8265340887,110.25833250693327,906713.9064936613,18.85689774791062,-1,-0.010140837374036952,0.9999813406112625,0.0,0.5999888043667575,4.0,0.5,1.4,O5,de-protonated,,0.0,,C10 H14 O5,10.0,14.0,5.0,,,,
43,133,215.05624129099115,215.05611356985025,215.05611165185908,3209448.27675897,91.96004764719653,962819.8610460586,17.718263274178163,-1,0.008918561558647264,0.9999855675413177,0.0,0.5999913405247906,4.0,0.6666666666666666,1.3333333333333333,O6,de-protonated,,0.0,,C9 H12 O6,9.0,12.0,6.0,,,,
44,134,215.0926380079464,215.09251026688858,215.09249716120908,4665764.484354807,33.96901359634802,859205.7176661417,25.30545688939051,-1,0.06093043538397337,0.9993265953327262,0.0,0.5995959571996357,3.0,0.5,1.6,O5,de-protonated,,0.0,,C10 H16 O5,10.0,16.0,5.0,,,,
45,135,215.12900651867005,215.12887875771085,215.12888267055905,2350537.381130367,81.78210557253611,790309.4937394104,12.744374634044451,-1,-0.018188390845259302,0.9999399753895988,0.0,0.5999639852337593,2.0,0.36363636363636365,1.8181818181818181,O4,de-protonated,,0.0,,C11 H20 O4,11.0,20.0,4.0,,,,
46,139,217.0143970121429,217.01426821962536,217.0142468389091,1553312.4830914056,34.97869717559904,1052666.1763242988,8.700833673667741,-1,0.0985221780965578,0.9982402967257946,0.0,0.5989441780354767,9.0,0.45454545454545453,0.5454545454545454,O5,de-protonated,,0.0,,C11 H6 O5,11.0,6.0,5.0,,,,
47,140,217.07187458486163,217.071745760901,217.0717617163191,3436545.9718643613,78.25805818878132,944621.7963800459,18.63472516767014,-1,-0.0735029649474554,0.9990201700959812,0.0,0.5994121020575887,3.0,0.6666666666666666,1.5555555555555556,O6,de-protonated,,0.0,,C9 H14 O6,9.0,14.0,6.0,,,,
48,141,217.10825197190377,217.10812312804305,217.1081472256691,3880513.1003668574,101.68410355063223,827349.6414612894,20.9842002037132,-1,-0.1109936515351619,0.9977671230418456,0.0,0.5986602738251073,2.0,0.5,1.8,O5,de-protonated,,0.0,,C10 H18 O5,10.0,18.0,5.0,,,,
49,143,219.03001147608634,219.02988158109542,219.02989690336906,2394004.5420935843,54.71043846369538,890714.1452073109,13.069302032646151,-1,-0.06995516984996207,0.9991124340043854,0.0,0.5994674604026312,8.0,0.45454545454545453,0.7272727272727273,O5,de-protonated,,0.0,,C11 H8 O5,11.0,8.0,5.0,,,,
50,146,221.00928292996045,221.0091519527111,221.00916145847907,3830315.2321547912,63.0527874136177,977566.1727206155,21.161938267905583,-1,-0.04301074172790609,0.9996643900674627,0.0,0.5997986340404776,8.0,0.6,0.6,O6,de-protonated,,0.0,,C10 H6 O6,10.0,6.0,6.0,,,,
51,147,221.0456913770986,221.04556037994436,221.04554696782907,2679991.746141112,102.55213125847229,788725.7957672725,14.66616745312459,-1,0.060675799525984064,0.9993322101793499,0.0,0.5995993261076099,7.0,0.45454545454545453,0.9090909090909091,O5,de-protonated,,0.0,,C11 H10 O5,11.0,10.0,5.0,,,,
52,149,221.0820613449089,221.08193032787096,221.08193247717907,1537108.3493934246,62.31469905616199,779076.7080950777,8.387014904078066,-1,-0.0097217718249482,0.999982850915044,0.0,0.5999897105490264,6.0,0.3333333333333333,1.1666666666666667,O4,de-protonated,,0.0,,C12 H14 O4,12.0,14.0,4.0,,,,
53,152,223.02494694093437,223.02481486187008,223.02481152293907,6053749.064403382,51.007501200165635,976033.8739543032,33.81466671260084,-1,0.014971119070615513,0.9999593319334013,0.0,0.5999755991600407,7.0,0.6,0.8,O6,de-protonated,,0.0,,C10 H8 O6,10.0,8.0,6.0,,,,
54,153,223.0613250912515,223.06119299230514,223.06119703228907,2710168.1475416613,127.22684232841239,903319.8821891443,14.68005323938962,-1,-0.01811154960474794,0.9999404814800568,0.0,0.599964288888034,6.0,0.45454545454545453,1.0909090909090908,O5,de-protonated,,0.0,,C11 H12 O5,11.0,12.0,5.0,,,,
55,158,225.00421073056128,225.0040775699159,225.00407607804908,9014963.300877094,85.85493476593159,892266.4107360922,49.78887523189125,-1,0.00663039904620685,0.999992023149918,0.0,0.5999952138899508,7.0,0.7777777777777778,0.6666666666666666,O7,de-protonated,,0.0,,C9 H6 O7,9.0,6.0,7.0,,,,
56,159,225.0406133524963,225.04048017196163,225.04046158739908,3829306.791785101,39.96817976627372,879717.9728406105,21.106395122845463,-1,0.08258320491647146,0.998763287907337,0.0,0.5992579727444022,6.0,0.6,1.0,O6,de-protonated,,0.0,,C10 H10 O6,10.0,10.0,6.0,,,,
57,160,225.07696711921676,225.07683391881957,225.07684709674908,2269261.0212908164,79.08691347950896,779997.2031319293,12.33057820334656,-1,-0.05854857873278926,0.9993781989015205,0.0,0.5996269193409123,5.0,0.45454545454545453,1.2727272727272727,O5,de-protonated,,0.0,,C11 H14 O5,11.0,14.0,5.0,,,,
58,164,227.01985328577211,227.01971902400902,227.01972614250909,1774753.963698955,66.68281166753619,964646.2716113798,9.95333159477344,-1,-0.031356306281919766,0.9998216123087443,0.0,0.5998929673852466,6.0,0.7777777777777778,0.8888888888888888,O7,de-protonated,,0.0,,C9 H8 O7,9.0,8.0,7.0,,,,
59,165,227.0562428791606,227.05610859752156,227.05611165185908,3478123.8710852717,74.08971349571388,738895.6644455338,18.823571860874544,-1,-0.01345190624374223,0.9999671667130715,0.0,0.5999803000278429,5.0,0.6,1.2,O6,de-protonated,,0.0,,C10 H12 O6,10.0,12.0,6.0,,,,
60,166,227.0926243361184,227.09249003460795,227.09249716120908,3393598.7590239476,34.76633287001359,902932.6477641615,18.656942425694186,-1,-0.0313819312496426,0.9998213206520652,0.0,0.599892792391239,4.0,0.45454545454545453,1.4545454545454546,O5,de-protonated,,0.0,,C11 H16 O5,11.0,16.0,5.0,,,,
61,167,227.12902236278956,227.12888804139877,227.12888267055905,2341568.834437925,30.8655342409293,967399.0853184949,12.824912194381625,-1,0.023646661106809425,0.999898545468114,0.0,0.5999391272808684,3.0,0.3333333333333333,1.6666666666666667,O4,de-protonated,,0.0,,C12 H20 O4,12.0,20.0,4.0,,,,
62,170,229.03550006930573,229.0353647067685,229.0353762069691,2270481.3645190215,94.64060445202367,871436.6500179168,12.519424896550966,-1,-0.05021145986382444,0.9995426378811988,0.0,0.5997255827287192,5.0,0.7777777777777778,1.1111111111111112,O7,de-protonated,,0.0,,C9 H10 O7,9.0,10.0,7.0,,,,
63,171,229.07188640247202,229.07175102006684,229.0717617163191,4521684.128962528,48.466826457612285,827981.1613567591,24.611167576139014,-1,-0.04669389263193154,0.9996044621169274,0.0,0.5997626772701564,4.0,0.6,1.4,O6,de-protonated,,0.0,,C10 H14 O6,10.0,14.0,6.0,,,,
64,172,229.10828370508756,229.10814830280856,229.1081472256691,3899904.3309211954,74.1093066598434,880962.6024603917,21.27302455802582,-1,0.004701445521560475,0.9999959893406759,0.0,0.5999975936044055,3.0,0.45454545454545453,1.6363636363636365,O5,de-protonated,,0.0,,C11 H18 O5,11.0,18.0,5.0,,,,
65,173,229.1446844928763,229.14454907072175,229.14453273501908,1753984.0902779044,38.76716041987573,961931.3479905499,9.80058794585811,-1,0.07128995168648763,0.9990782561725469,0.0,0.5994469537035281,2.0,0.3333333333333333,1.8333333333333333,O4,de-protonated,,0.0,,C12 H22 O4,12.0,22.0,4.0,,,,
66,174,230.1762706197459,230.17613463437047,230.1761672165691,1804435.424664325,94.68962098283787,815616.4743949319,9.892234135207307,-1,-0.14155331119641976,0.9963708523287553,0.0,0.5978225113972532,1.0,0.25,2.0833333333333335,N1 O3,de-protonated,,0.0,,C12 H25 O3 N1,12.0,25.0,3.0,1.0,,,
67,176,231.0300615629545,231.02992511149856,231.02989690336906,1606547.3423472953,74.52306730981486,1087167.6369709384,8.77026260499289,-1,0.12209731238579376,0.9972986628719944,0.0,0.5983791977231966,9.0,0.4166666666666667,0.6666666666666666,O5,de-protonated,,0.0,,C12 H8 O5,12.0,8.0,5.0,,,,
68,177,231.08754365237652,231.0874071695436,231.0874117807791,5802644.311836996,73.98728938818226,799118.9079097117,31.626266797232123,-1,-0.019954507460224577,0.999927752942362,0.0,0.5999566517654172,3.0,0.6,1.6,O6,de-protonated,,0.0,,C10 H16 O6,10.0,16.0,6.0,,,,
69,178,231.1239186575716,231.1237821548833,231.12379729012906,2536891.585252959,116.56519532305589,928912.5047676588,13.930220781078006,-1,-0.06548544958311088,0.9992221882478235,0.0,0.599533312948694,2.0,0.45454545454545453,1.8181818181818181,O5,de-protonated,,0.0,,C11 H20 O5,11.0,20.0,5.0,,,,
70,182,233.00930513506404,233.0091676033869,233.0091614584791,2660069.055398453,97.46351209152827,865745.7851909513,14.807802473027897,-1,0.026371957978493364,0.9998738139993529,0.0,0.5999242883996118,9.0,0.5454545454545454,0.5454545454545454,O6,de-protonated,,0.0,,C11 H6 O6,11.0,6.0,6.0,,,,
71,183,233.03042840552547,233.0302908623216,233.03029082653907,1770660.0902121617,50.94820260401747,812848.6971559182,9.797810788605105,-1,0.00015355314599672405,0.9999999957216997,0.0,0.5999999974330198,4.0,1.0,1.25,O8,de-protonated,,0.0,,C8 H10 O8,8.0,10.0,8.0,,,,
72,184,233.04568164213697,233.04554409060958,233.04554696782907,2238547.3389979955,83.70446461969206,874845.6189229653,12.297252316310487,-1,-0.012346168052121138,0.9999723425465092,0.0,0.5999834055279055,8.0,0.4166666666666667,0.8333333333333334,O5,de-protonated,,0.0,,C12 H10 O5,12.0,10.0,5.0,,,,
73,185,233.10317204200646,233.10303445910742,233.1030618452391,2036482.422112432,33.8115271393382,965896.0939072365,11.036422923445773,-1,-0.11748507917608719,0.9974986438825648,0.0,0.5984991863295389,2.0,0.6,1.8,O6,de-protonated,,0.0,,C10 H18 O6,10.0,18.0,6.0,,,,
74,186,233.15484347691276,233.15470586581765,233.15470349587906,8908873.005767979,43.35686687954504,873793.1507239017,49.40007321647041,-1,0.01016466127167771,0.9999812528359916,0.0,0.5999887517015949,5.0,0.13333333333333333,1.4666666666666666,O2,de-protonated,,0.0,,C15 H22 O2,15.0,22.0,2.0,,,,
75,190,235.0249333702156,235.0247947388022,235.02481152293907,3870808.4340186794,79.40722022618615,916726.2962248239,21.406328106170108,-1,-0.07141431905101246,0.9990750388393662,0.0,0.5994450233036197,8.0,0.5454545454545454,0.7272727272727273,O6,de-protonated,,0.0,,C11 H8 O6,11.0,8.0,6.0,,,,
76,191,235.0613454197967,235.06120676851995,235.06119703228907,3771979.4962824564,173.41441585630486,928450.8268792467,20.423214438605992,-1,0.041419983401006326,0.9996887523551097,0.0,0.5998132514130657,7.0,0.4166666666666667,1.0,O5,de-protonated,,0.0,,C12 H12 O5,12.0,12.0,5.0,,,,
77,192,235.09771029345788,235.09757162234354,235.0975825416391,1597201.2655213012,82.26341410282595,838440.0897022547,8.845245850824053,-1,-0.04644580111761871,0.9996086532325333,0.0,0.5997651919395199,6.0,0.3076923076923077,1.2307692307692308,O4,de-protonated,,0.0,,C13 H16 O4,13.0,16.0,4.0,,,,
78,195,237.00421483328319,237.00407512230112,237.00407607804908,3486186.9084834065,141.98127991962593,801712.122509138,19.112396215187168,-1,-0.004032622476971871,0.9999970492778253,0.0,0.5999982295666951,8.0,0.7,0.6,O7,de-protonated,,0.0,,C10 H6 O7,10.0,6.0,7.0,,,,
79,196,237.04059782988875,237.04045809906526,237.04046158739908,5536602.601697714,83.40991035883324,960434.5664419266,30.559838412077827,-1,-0.014716195682366227,0.9999607050804991,0.0,0.5999764230482995,7.0,0.5454545454545454,0.9090909090909091,O6,de-protonated,,0.0,,C11 H10 O6,11.0,10.0,6.0,,,,
80,198,237.07695948183863,237.07681973118545,237.07684709674908,3397312.899809403,72.18911280450972,775304.8936362965,18.473650046995793,-1,-0.11542908537904703,0.9975853206509864,0.0,0.5985511923905918,6.0,0.4166666666666667,1.1666666666666667,O5,de-protonated,,0.0,,C12 H14 O5,12.0,14.0,5.0,,,,
81,200,237.11334833814715,237.1132085676496,237.11323260609907,3008967.7331936206,94.26243323459437,926875.1911260783,16.324130333169162,-1,-0.10137962026588418,0.9981368395615113,0.0,0.5988821037369068,5.0,0.3076923076923077,1.3846153846153846,O4,de-protonated,,0.0,,C13 H18 O4,13.0,18.0,4.0,,,,
82,202,239.0198711333266,239.01973032327848,239.01972614250906,10726335.045625806,93.23417278974372,861574.2865959859,58.83129924767872,-1,0.01749131542644481,0.9999444880201351,0.0,0.599966692812081,7.0,0.7,0.8,O7,de-protonated,,0.0,,C10 H8 O7,10.0,8.0,7.0,,,,
83,203,239.05625200415784,239.05611117427569,239.05611165185908,4802993.916122715,108.04777851752897,782550.4354305647,26.33300507300272,-1,-0.001997787863718964,0.999999275810186,0.0,0.5999995654861116,6.0,0.5454545454545454,1.0909090909090908,O6,de-protonated,,0.0,,C11 H12 O6,11.0,12.0,6.0,,,,
84,204,239.09263140473212,239.09249055501687,239.09249716120908,3181842.8999305908,92.19509688731144,842613.1560797491,17.50719932294971,-1,-0.0276302782141742,0.9998614858107362,0.0,0.5999168914864417,5.0,0.4166666666666667,1.3333333333333333,O5,de-protonated,,0.0,,C12 H16 O5,12.0,16.0,5.0,,,,
85,205,239.12903243416446,239.12889156460443,239.12888267055905,5981979.485935784,70.14394187083509,823820.4868836044,33.359212923107854,-1,0.03719352208719185,0.9997490229927326,0.0,0.5998494137956395,4.0,0.3076923076923077,1.5384615384615385,O4,de-protonated,,0.0,,C13 H20 O4,13.0,20.0,4.0,,,,
86,208,240.99912947246554,240.99898758353447,240.9989906976191,2087151.957820335,33.235460648589495,892838.5764464441,11.347464535782443,-1,-0.012921567062908437,0.999969704535096,0.0,0.5999818227210576,7.0,0.8888888888888888,0.6666666666666666,O8,de-protonated,,0.0,,C9 H6 O8,9.0,6.0,8.0,,,,
87,209,241.03552205317035,241.03538014440502,241.0353762069691,4529117.275662025,70.07188831366305,879654.4623196584,24.63893914866907,-1,0.016335510565263223,0.9999515817888659,0.0,0.5999709490733195,6.0,0.7,1.0,O7,de-protonated,,0.0,,C10 H10 O7,10.0,10.0,7.0,,,,
88,210,241.0719136151116,241.07177168651268,241.0717617163191,4132018.99223567,75.70449546203142,859053.5467869426,22.456093547806372,-1,0.04135778291524952,0.9996896863108946,0.0,0.5998138117865367,5.0,0.5454545454545454,1.2727272727272727,O6,de-protonated,,0.0,,C11 H14 O6,11.0,14.0,6.0,,,,
89,211,241.10829851911274,241.10815657068392,241.1081472256691,2738826.1792540466,106.19396808572056,757975.5505286553,14.899448662377093,-1,0.0387586024728985,0.9997274596190876,0.0,0.5998364757714525,4.0,0.4166666666666667,1.5,O5,de-protonated,,0.0,,C12 H18 O5,12.0,18.0,5.0,,,,
90,213,241.1446272556521,241.14448528742415,241.14453273501908,1716767.9248472007,69.32035192057954,766146.361502993,9.345134156365129,-1,-0.19675998621790883,0.9929999217419972,0.0,0.5957999530451983,3.0,0.3076923076923077,1.6923076923076923,O4,de-protonated,,0.0,,C13 H22 O4,13.0,22.0,4.0,,,,
91,216,242.13996186008717,242.13981934944607,242.13978170721907,6000507.09672518,52.290088150519566,873533.4639682191,32.53717437621808,-1,0.15545659921729996,0.9956245743788913,0.0,0.5973747446273348,3.0,0.3333333333333333,1.75,N1 O4,de-protonated,,0.0,,C12 H21 O4 N1,12.0,21.0,4.0,1.0,,,
92,217,242.1763214161964,242.1761788857426,242.1761672165691,3110350.3990212297,63.96672144554284,734779.9225396068,16.854567368493303,-1,0.048184648485212166,0.9995788083607402,0.0,0.5997472850164441,2.0,0.23076923076923078,1.9230769230769231,N1 O3,de-protonated,,0.0,,C13 H25 O3 N1,13.0,25.0,3.0,1.0,,,
93,220,242.97838546435267,242.97824249687343,242.97825525272907,6173186.614414338,67.02304798653753,812310.9083590598,33.503625100264166,-1,-0.052497930823036484,0.999500046498191,0.0,0.5997000278989146,7.0,1.125,0.5,O9,de-protonated,,0.0,,C8 H4 O9,8.0,4.0,9.0,,,,
94,221,243.05116299744705,243.0510199903158,243.05102627142907,3818478.928553065,79.59052543863268,823574.2924607904,21.089732179327427,-1,-0.025842776121179422,0.9998788270042467,0.0,0.599927296202548,5.0,0.7,1.2,O7,de-protonated,,0.0,,C10 H12 O7,10.0,12.0,7.0,,,,
95,222,243.08755953720652,243.0874165102452,243.0874117807791,6340429.111849744,96.08806278165106,856947.0205937356,34.37009816320203,-1,0.01945582481669978,0.999931318747238,0.0,0.5999587912483427,4.0,0.5454545454545454,1.4545454545454546,O6,de-protonated,,0.0,,C11 H16 O6,11.0,16.0,6.0,,,,
96,223,243.12394346034998,243.12380041356556,243.12379729012906,4211558.825725977,56.06641293824956,873452.9012909302,22.811569676191137,-1,0.01284710314036513,0.9999700526949277,0.0,0.5999820316169566,3.0,0.4166666666666667,1.6666666666666667,O5,de-protonated,,0.0,,C12 H20 O5,12.0,20.0,5.0,,,,
97,225,243.16031098805578,243.16016792145734,243.16018279947906,1999941.8834299967,47.03137062957775,718031.2009717613,10.880902117277437,-1,-0.061186093646867355,0.9993209343174204,0.0,0.5995925605904522,2.0,0.3076923076923077,1.8461538461538463,O4,de-protonated,,0.0,,C13 H24 O4,13.0,24.0,4.0,,,,
98,231,245.06681442988844,245.06667032473143,245.0666763358891,2918089.006971338,46.47292998030989,890211.8483433102,16.374119163723268,-1,-0.0245286619777464,0.9998908364025267,0.0,0.599934501841516,4.0,0.7,1.4,O7,de-protonated,,0.0,,C10 H14 O7,10.0,14.0,7.0,,,,
99,232,245.10320205251335,245.1030579275374,245.1030618452391,6229568.391076786,118.64743451273462,885636.679749077,34.15903421197358,-1,-0.015983895348659672,0.999953643673102,0.0,0.5999721862038612,3.0,0.5454545454545454,1.6363636363636365,O6,de-protonated,,0.0,,C11 H18 O6,11.0,18.0,6.0,,,,
100,233,245.13961741538847,245.13947327057855,245.13944735458907,2183273.228712108,71.30883664022201,881186.7689048761,12.01953659100989,-1,0.10571937630642109,0.9979740780131691,0.0,0.5987844468079014,2.0,0.4166666666666667,1.8333333333333333,O5,de-protonated,,0.0,,C12 H22 O5,12.0,22.0,5.0,,,,
101,237,247.0249689373126,247.02482376578254,247.02481152293907,3560872.8512934237,165.35270787687327,774812.927842659,19.340123109933657,-1,0.04956118938993862,0.9995544048133248,0.0,0.5997326428879949,9.0,0.5,0.6666666666666666,O6,de-protonated,,0.0,,C12 H8 O6,12.0,8.0,6.0,,,,
102,238,247.0613687720959,247.0612235807463,247.06119703228907,1499141.1489814613,30.250302088540998,912096.7902066008,8.131516436801515,-1,0.10745700876078411,0.997907003812327,0.0,0.5987442022873962,8.0,0.38461538461538464,0.9230769230769231,O5,de-protonated,,0.0,,C13 H12 O5,13.0,12.0,5.0,,,,
103,239,247.08249479476243,247.08234959190983,247.08232640034907,1770145.5510407472,22.367312189048498,893296.1206085155,9.636735667930758,-1,0.09386167394086889,0.998402711588424,0.0,0.5990416269530544,3.0,0.7,1.6,O7,de-protonated,,0.0,,C10 H16 O7,10.0,16.0,7.0,,,,
104,241,247.11885957147945,247.11871434882656,247.11871190969907,2082429.2683869945,89.0325697847565,717407.0182400009,11.34191022127643,-1,0.009870266262022398,0.9999823230340005,0.0,0.5999893938204003,2.0,0.5454545454545454,1.8181818181818181,O6,de-protonated,,0.0,,C11 H20 O6,11.0,20.0,6.0,,,,
105,244,249.00421606006014,249.0040698110021,249.00407607804908,5460953.801573594,77.56022652120032,845971.5521602081,29.682256720127935,-1,-0.025168451389172182,0.9998850677633428,0.0,0.5999310406580057,9.0,0.6363636363636364,0.5454545454545454,O7,de-protonated,,0.0,,C11 H6 O7,11.0,6.0,7.0,,,,
106,245,249.0406203860008,249.0404741171269,249.04046158739908,3685734.720174962,124.68100053088838,829436.3500116562,20.1954875438595,-1,0.0503120165537932,0.9995408045825288,0.0,0.5997244827495173,8.0,0.5,0.8333333333333334,O6,de-protonated,,0.0,,C12 H10 O6,12.0,10.0,6.0,,,,
107,247,249.14975431255715,249.14960798427936,249.14961811544907,2100540.300714657,68.75649162938674,780736.6255001118,11.594631531299974,-1,-0.040662995163785146,0.9997000233777145,0.0,0.5998200140266287,5.0,0.2,1.4666666666666666,O3,de-protonated,,0.0,,C15 H22 O3,15.0,22.0,3.0,,,,
108,248,250.14502319407958,250.14487632410274,250.1448670876491,2754242.306930471,103.78127781313937,812919.4370911476,15.282696363291919,-1,0.03692441806804132,0.9997526411640608,0.0,0.5998515846984365,5.0,0.21428571428571427,1.5,N1 O3,de-protonated,,0.0,,C14 H21 O3 N1,14.0,21.0,3.0,1.0,,,
109,252,251.01987763918748,251.01973029311972,251.01972614250906,7043640.07347437,106.7046701852036,786413.5565145165,38.18035791432624,-1,0.016534997977406103,0.9999503920422964,0.0,0.5999702352253778,8.0,0.6363636363636364,0.7272727272727273,O7,de-protonated,,0.0,,C11 H8 O7,11.0,8.0,7.0,,,,
110,253,251.05626128747,251.05611392160387,251.05611165185908,3533397.13608894,54.20014930441694,788991.8507122588,19.23459113431943,-1,0.00904078681176159,0.9999851692516925,0.0,0.5999911015510154,7.0,0.5,1.0,O6,de-protonated,,0.0,,C12 H12 O6,12.0,12.0,6.0,,,,
111,255,251.0926770429757,251.09252965729385,251.09249716120908,1924326.387615852,73.26075420237892,772562.5683462358,10.550420404169726,-1,0.12941878048137953,0.9969654893625881,0.0,0.5981792936175528,6.0,0.38461538461538464,1.2307692307692308,O5,de-protonated,,0.0,,C13 H16 O5,13.0,16.0,5.0,,,,
112,256,251.1654021697341,251.16525474447903,251.16526817990908,2339178.6031673206,86.39046983987348,719169.6111641022,12.96654721428493,-1,-0.053492388282280846,0.9994809310315965,0.0,0.5996885586189579,4.0,0.2,1.6,O3,de-protonated,,0.0,,C15 H24 O3,15.0,24.0,3.0,,,,
113,260,252.99915165448058,252.99900323154336,252.9989906976191,3679480.229130247,78.18591424309979,768212.735733588,20.462094640148074,-1,0.04954140025762231,0.9995547605036876,0.0,0.5997328563022125,8.0,0.8,0.6,O8,de-protonated,,0.0,,C10 H6 O8,10.0,6.0,8.0,,,,
114,261,253.03552022980097,253.0353717870797,253.0353762069691,5927677.83957525,76.72911594382528,818138.1095890963,32.3594363120257,-1,-0.017467476126866707,0.9999446392298361,0.0,0.5999667835379017,7.0,0.6363636363636364,0.9090909090909091,O7,de-protonated,,0.0,,C11 H10 O7,11.0,10.0,7.0,,,,
115,262,253.07191755231824,253.0717690897974,253.0717617163191,4641566.539745873,119.06455051210828,809539.8469852924,25.694258904811345,-1,0.029135918901749613,0.9998459797513173,0.0,0.5999075878507903,6.0,0.5,1.1666666666666667,O6,de-protonated,,0.0,,C12 H14 O6,12.0,14.0,6.0,,,,
116,264,253.14467713533378,253.14452863323322,253.14453273501908,8489764.71426525,133.5101267761894,813441.1019981396,47.37830273628205,-1,-0.016203335769332167,0.9999523621286855,0.0,0.5999714172772113,4.0,0.2857142857142857,1.5714285714285714,O4,de-protonated,,0.0,,C14 H22 O4,14.0,22.0,4.0,,,,
117,268,255.01479737653844,255.01464785728564,255.01464076207907,3432990.879429428,45.00446053872333,888300.9167579385,18.712485570754307,-1,0.027822742053656944,0.9998595495332397,0.0,0.5999157297199438,7.0,0.8,0.8,O8,de-protonated,,0.0,,C10 H8 O8,10.0,8.0,8.0,,,,
118,269,255.051180348158,255.05103080911957,255.05102627142907,5125076.780818408,56.07681107511435,835989.5340472233,28.227026319552802,-1,0.017791304614686136,0.9999425676022913,0.0,0.5999655405613747,6.0,0.6363636363636364,1.0909090909090908,O7,de-protonated,,0.0,,C11 H12 O7,11.0,12.0,7.0,,,,
119,270,255.08754516238815,255.0873956035741,255.08741178077906,3517843.296569539,67.78798285707406,800385.791421608,19.48453528708997,-1,-0.0634182802532158,0.9992705016847258,0.0,0.5995623010108354,5.0,0.5,1.3333333333333333,O6,de-protonated,,0.0,,C12 H16 O6,12.0,16.0,6.0,,,,
120,271,255.12391762105054,255.1237680424568,255.12379729012906,2108629.6598342992,63.01570987465664,771195.0804988587,11.636288890095065,-1,-0.11464109810247498,0.9976181370229208,0.0,0.5985708822137524,4.0,0.38461538461538464,1.5384615384615385,O5,de-protonated,,0.0,,C13 H20 O5,13.0,20.0,5.0,,,,
121,274,256.9940470057926,256.9938964103567,256.9939053171891,3838609.37637908,51.194248387725565,806933.2046500008,21.278578872531835,-1,-0.03465775738556703,0.9997820748184205,0.0,0.5998692448910523,7.0,1.0,0.6666666666666666,O9,de-protonated,,0.0,,C9 H6 O9,9.0,6.0,9.0,,,,
122,275,257.03043749078205,257.03028687556264,257.0302908265391,2846552.8190582963,75.02760960056521,794263.3223908463,15.874230858182193,-1,-0.015371637524216178,0.9999571269097551,0.0,0.5999742761458531,6.0,0.8,1.0,O8,de-protonated,,0.0,,C10 H10 O8,10.0,10.0,8.0,,,,
123,276,257.06681785087994,257.0666672158825,257.0666763358891,3952172.9221764323,82.29216751572162,751658.9738731814,21.511860081784338,-1,-0.035477202799898966,0.9997716489679042,0.0,0.5998629893807425,5.0,0.6363636363636364,1.2727272727272727,O7,de-protonated,,0.0,,C11 H14 O7,11.0,14.0,7.0,,,,
124,277,257.10319996995776,257.1030493151816,257.1030618452391,4509800.241033092,86.02560165911595,838903.8660093124,24.93887213199372,-1,-0.048735543745960015,0.9995691244212331,0.0,0.5997414746527399,4.0,0.5,1.5,O6,de-protonated,,0.0,,C12 H18 O6,12.0,18.0,6.0,,,,
125,279,257.1396275947583,257.1394769201786,257.1394473545891,3526362.1245551878,51.11925857988054,797273.1571955542,19.28457996487354,-1,0.11497881715289615,0.9976040998315487,0.0,0.5985624598989292,3.0,0.38461538461538464,1.6923076923076923,O5,de-protonated,,0.0,,C13 H22 O5,13.0,22.0,5.0,,,,
126,283,259.0097112242439,259.00955953316793,259.0095553816491,2259893.4551805505,73.04224831220223,789787.9754754292,12.59996245688814,-1,0.016028438971069314,0.9999533849492223,0.0,0.5999720309695333,6.0,1.0,0.8888888888888888,O9,de-protonated,,0.0,,C9 H8 O9,9.0,8.0,9.0,,,,
127,284,259.04612657300527,259.04597486213845,259.0459408909991,1776212.6351538494,108.6613176539012,726264.3977247458,9.606186938147692,-1,0.13113943903806838,0.9968843903128997,0.0,0.5981306341877398,5.0,0.8,1.2,O8,de-protonated,,0.0,,C10 H12 O8,10.0,12.0,8.0,,,,
128,285,259.0824854081051,259.08233367747823,259.0823264003491,4189696.6062174956,101.18086887528827,799965.0980055906,23.355892497780307,-1,0.02808809561869189,0.9998568579168239,0.0,0.5999141147500943,4.0,0.6363636363636364,1.4545454545454546,O7,de-protonated,,0.0,,C11 H16 O7,11.0,16.0,7.0,,,,
129,286,259.1188465167762,259.1186947663882,259.1187119096991,6143251.883674014,62.508331459822855,809641.575758319,33.470299213228095,-1,-0.06616006512953494,0.9992060864336468,0.0,0.5995236518601881,3.0,0.5,1.6666666666666667,O6,de-protonated,,0.0,,C12 H20 O6,12.0,20.0,6.0,,,,
130,288,259.1552567224372,259.15510495226147,259.15509741904907,1685835.0676343506,35.368225396491916,862754.2872879349,9.13684736238968,-1,0.0290683550970708,0.9998466931890292,0.0,0.5999080159134175,2.0,0.38461538461538464,1.8461538461538463,O5,de-protonated,,0.0,,C13 H24 O5,13.0,24.0,5.0,,,,
131,292,261.0042278453299,261.00407507044935,261.0040760780491,2324052.1298971903,42.58038535603526,890943.9077112317,12.68327717447832,-1,-0.003860475094273818,0.9999972958252644,0.0,0.5999983774951586,10.0,0.5833333333333334,0.5,O7,de-protonated,,0.0,,C12 H6 O7,12.0,6.0,7.0,,,,
132,293,261.0406288525822,261.04047605792476,261.0404615873991,2392901.5442462494,123.30636699514311,807628.9199486683,13.247040096838534,-1,0.05543403346890224,0.9994425759319397,0.0,0.5996655455591638,9.0,0.46153846153846156,0.7692307692307693,O6,de-protonated,,0.0,,C13 H10 O6,13.0,10.0,6.0,,,,
133,294,261.06174749232696,261.0615946861957,261.06159095545905,1741572.2400359402,53.84066203385429,856064.4596284671,9.50343211978647,-1,0.014290637788956641,0.999962944813354,0.0,0.5999777668880124,4.0,0.8,1.4,O8,de-protonated,,0.0,,C10 H14 O8,10.0,14.0,8.0,,,,
134,295,261.0981081071873,261.09795528130127,261.0979764648091,2808866.42783798,56.997188106858665,814642.9113517024,15.32435372208701,-1,-0.08113240909456323,0.9988063328520732,0.0,0.5992837997112439,3.0,0.6363636363636364,1.6363636363636365,O7,de-protonated,,0.0,,C11 H18 O7,11.0,18.0,7.0,,,,
135,296,261.1344943591185,261.13434151346394,261.13436197415905,2618087.1662395187,79.58541898677566,740183.5585319629,14.45232634464313,-1,-0.07835313191585463,0.9988866680295894,0.0,0.5993320008177536,2.0,0.5,1.8333333333333333,O6,de-protonated,,0.0,,C12 H22 O6,12.0,22.0,6.0,,,,
136,299,263.0198789925058,263.01972512268037,263.01972614250906,5114111.830631749,65.98687543274538,811789.5050429386,27.788235473577856,-1,-0.003877384796317125,0.9999972720836927,0.0,0.5999983632502156,9.0,0.5833333333333334,0.6666666666666666,O7,de-protonated,,0.0,,C12 H8 O7,12.0,8.0,7.0,,,,
137,300,263.056289689787,263.05613580018564,263.0561116518591,2921236.4722157856,52.69588117386259,790031.1878714628,16.11862069644672,-1,0.0917991465002062,0.9984720852581876,0.0,0.5990832511549126,8.0,0.46153846153846156,0.9230769230769231,O6,de-protonated,,0.0,,C13 H12 O6,13.0,12.0,6.0,,,,
138,306,264.9991446666784,264.99898972201004,264.9989906976191,3628643.179544472,76.80118481120762,808527.3046303167,20.267693632437656,-1,-0.003681557625211831,0.9999975406717446,0.0,0.5999985244030468,9.0,0.7272727272727273,0.5454545454545454,O8,de-protonated,,0.0,,C11 H6 O8,11.0,6.0,8.0,,,,
139,307,265.0355258415641,265.03537087714204,265.0353762069691,5700164.374934726,78.34442813576253,772492.1405690187,31.73735308735236,-1,-0.020109870325764546,0.9999266235942489,0.0,0.5999559741565493,8.0,0.5833333333333334,0.8333333333333334,O7,de-protonated,,0.0,,C12 H10 O7,12.0,10.0,7.0,,,,
140,308,265.07190013640223,265.0717451522303,265.0717617163191,3498659.892227116,123.10964529433224,767830.4266835785,19.473426658077944,-1,-0.06248907353483969,0.9992917148239762,0.0,0.5995750288943856,7.0,0.46153846153846156,1.0769230769230769,O6,de-protonated,,0.0,,C13 H14 O6,13.0,14.0,6.0,,,,
141,310,265.10828998709593,265.10813498316577,265.1081472256691,1492731.9318513006,96.40145473096167,845777.4776508793,8.364797646054019,-1,-0.046179279833533655,0.9996131308326528,0.0,0.5997678784995917,6.0,0.35714285714285715,1.2857142857142858,O5,de-protonated,,0.0,,C14 H18 O5,14.0,18.0,5.0,,,,
142,312,265.14805366450224,265.14789863898216,265.14790403833905,4359516.137612278,89.30074171647998,810703.7574782656,24.150159472140018,-1,-0.02036356619002597,0.999924760627841,0.0,0.5999548563767045,0.0,0.3333333333333333,2.1666666666666665,S1 O4,de-protonated,,0.0,,C12 H26 O4 S1,12.0,26.0,4.0,,,1.0,
143,319,267.01479269247193,267.01463665354595,267.01464076207907,7750664.905275532,67.51706002467814,811463.5182144592,42.5238318580276,-1,-0.01538692075957154,0.999957041616151,0.0,0.5999742249696906,8.0,0.7272727272727273,0.7272727272727273,O8,de-protonated,,0.0,,C11 H8 O8,11.0,8.0,8.0,,,,
144,320,267.0511890447354,267.0510329860537,267.05102627142907,5978442.223813358,95.97396174601434,817507.4728693255,33.09260582681928,-1,0.025143601731360685,0.9998852945912121,0.0,0.5999311767547273,7.0,0.5833333333333334,1.0,O7,de-protonated,,0.0,,C12 H12 O7,12.0,12.0,7.0,,,,
145,321,267.0875820679074,267.08742598947185,267.08741178077906,5741154.034233516,67.39273634803713,809198.587625754,31.354105386437535,-1,0.05319866142218163,0.9994866143400384,0.0,0.599691968604023,6.0,0.46153846153846156,1.2307692307692308,O6,de-protonated,,0.0,,C13 H16 O6,13.0,16.0,6.0,,,,
146,323,267.12399624315566,267.12384014495495,267.12379729012906,1537285.1395906643,122.14478780837081,901225.4697007831,8.367574803307024,-1,0.16043058060396437,0.9953407669979711,0.0,0.5972044601987827,5.0,0.35714285714285715,1.4285714285714286,O5,de-protonated,,0.0,,C14 H20 O5,14.0,20.0,5.0,,,,
147,324,267.1603374641105,267.16018134618434,267.16018279947906,8552268.279299596,58.04188643044117,788580.7367194546,47.00060934987324,-1,-0.00543978784399736,0.9999946307133936,0.0,0.5999967784280361,4.0,0.26666666666666666,1.6,O4,de-protonated,,0.0,,C15 H24 O4,15.0,24.0,4.0,,,,
148,333,269.0304670470927,269.03030991424066,269.0302908265391,5142131.6405282235,134.91096696719302,767490.1168294997,28.560285189913518,-1,0.07095000901623566,0.9990870217906525,0.0,0.5994522130743914,7.0,0.7272727272727273,0.9090909090909091,O8,de-protonated,,0.0,,C11 H10 O8,11.0,10.0,8.0,,,,
149,334,269.0668464588084,269.06668930621606,269.0666763358891,6141421.437469671,86.03295042043378,769103.2485560034,33.57583118884232,-1,0.04820488044151879,0.9995784546579157,0.0,0.5997470727947494,6.0,0.5833333333333334,1.1666666666666667,O7,de-protonated,,0.0,,C12 H14 O7,12.0,14.0,7.0,,,,
150,335,269.10320463200554,269.1030474596846,269.1030618452391,4188394.038856069,91.30614873481468,763610.5510406982,23.061513828961676,-1,-0.05345741662974613,0.9994816093360052,0.0,0.5996889656016031,5.0,0.46153846153846156,1.3846153846153846,O6,de-protonated,,0.0,,C13 H18 O6,13.0,18.0,6.0,,,,
151,336,269.1313676846309,269.1312104970282,269.1312051460991,2755942.598295878,60.464406625411584,777847.1602677392,15.110512613605549,-1,0.01988223210156812,0.9999282753344684,0.0,0.599956965200681,4.0,0.21428571428571427,1.6428571428571428,P1 O3,de-protonated,,0.0,,C14 H23 O3 P1,14.0,23.0,3.0,,1.0,,
152,337,269.13961993838103,269.1394627463005,269.1394473545891,5951112.1828444265,33.386439070017566,817286.9095805498,32.43719671510987,-1,0.05718861200108121,0.9994067413431988,0.0,0.5996440448059193,4.0,0.35714285714285715,1.5714285714285714,O5,de-protonated,,0.0,,C14 H22 O5,14.0,22.0,5.0,,,,
153,343,271.0461009677027,271.04594274129244,271.0459408909991,5495754.510948555,118.61963280395607,796680.4023115145,29.89332067135639,-1,0.006826493517841287,0.9999915443430237,0.0,0.5999949266058142,6.0,0.7272727272727273,1.0909090909090908,O8,de-protonated,,0.0,,C11 H12 O8,11.0,12.0,8.0,,,,
154,344,271.0824933755636,271.08233512941223,271.0823264003491,6437077.931994327,150.07141603558887,779525.5898198555,35.436526548356326,-1,0.0322007829502932,0.9998118752926405,0.0,0.5998871251755843,5.0,0.5833333333333334,1.3333333333333333,O7,de-protonated,,0.0,,C12 H16 O7,12.0,16.0,7.0,,,,
155,345,271.11887549923813,271.11871723335133,271.1187119096991,5152733.320329826,76.83387441198373,805892.3797310984,28.02151668283036,-1,0.019635871765765454,0.9999300417380916,0.0,0.599958025042855,4.0,0.46153846153846156,1.5384615384615385,O6,de-protonated,,0.0,,C13 H20 O6,13.0,20.0,6.0,,,,
156,347,271.1552620867018,271.1551038010773,271.15509741904907,2133404.1767437444,106.99827797714927,759110.5094248077,11.886233042865603,-1,0.02353644940794673,0.9998994889297274,0.0,0.5999396933578364,3.0,0.35714285714285715,1.7142857142857142,O5,de-protonated,,0.0,,C14 H24 O5,14.0,24.0,5.0,,,,
157,352,273.00424811840645,273.00408882995794,273.0040760780491,1496742.2531178102,32.79652762022437,822629.7305000992,8.11485349328348,-1,0.046709591440071314,0.9996041961597503,0.0,0.5997625176958501,11.0,0.5384615384615384,0.46153846153846156,O7,de-protonated,,0.0,,C13 H6 O7,13.0,6.0,7.0,,,,
158,353,273.0406092679449,273.0404499597783,273.0404615873991,1713572.3595823809,44.76207258536175,688292.9144476317,9.285425275425501,-1,-0.042585705838278795,0.9996709892604281,0.0,0.5998025935562569,10.0,0.42857142857142855,0.7142857142857143,O6,de-protonated,,0.0,,C14 H10 O6,14.0,10.0,6.0,,,,
159,354,273.06175613208524,273.0615968124511,273.06159095545905,3588247.0202619834,73.36334695997463,798795.2022026761,19.651164722270327,-1,0.021449344232677508,0.9999165235946676,0.0,0.5999499141568005,5.0,0.7272727272727273,1.2727272727272727,O8,de-protonated,,0.0,,C11 H14 O8,11.0,14.0,8.0,,,,
160,355,273.0981396277135,273.09798028834933,273.0979764648091,5260252.866512468,110.89962729321661,774617.6899513484,29.093499382490666,-1,0.014000617197028605,0.9999644335542064,0.0,0.5999786601325238,4.0,0.5833333333333334,1.5,O7,de-protonated,,0.0,,C12 H18 O7,12.0,18.0,7.0,,,,
161,356,273.1345259262856,273.13436656719006,273.13436197415905,7313258.104940254,121.07926075509783,806314.5561169296,40.6242562969715,-1,0.01681601309616873,0.9999486915659144,0.0,0.5999692149395486,3.0,0.46153846153846156,1.6923076923076923,O6,de-protonated,,0.0,,C13 H22 O6,13.0,22.0,6.0,,,,
162,359,275.0198777341581,275.0197173528356,275.01972614250906,4369926.358771206,48.02421879958744,778305.6540158708,24.277908705778295,-1,-0.031960156443707026,0.9998146761236577,0.0,0.5998888056741946,10.0,0.5384615384615384,0.6153846153846154,O7,de-protonated,,0.0,,C13 H8 O7,13.0,8.0,7.0,,,,
163,361,275.0562910970589,275.05613069599616,275.0561116518591,1721060.0194068092,179.80840512546962,676940.17533684,9.403454458678254,-1,0.06923728010774018,0.9991305493054483,0.0,0.599478329583269,9.0,0.42857142857142855,0.8571428571428571,O6,de-protonated,,0.0,,C14 H12 O6,14.0,12.0,6.0,,,,
164,362,275.0774413112781,275.07728089874973,275.0772410199191,1635620.2128426551,92.50402491755747,780681.1318999786,8.931337725667237,-1,0.14497321007188987,0.9961937132728371,0.0,0.5977162279637023,4.0,0.7272727272727273,1.4545454545454546,O8,de-protonated,,0.0,,C11 H16 O8,11.0,16.0,8.0,,,,
165,364,275.1137646174375,275.1136041852179,275.1136265292691,3842025.0712590246,83.1323606860312,748088.3719399556,21.317459074073916,-1,-0.08121753706750526,0.9988038281330623,0.0,0.5992822968798374,3.0,0.5833333333333334,1.6666666666666667,O7,de-protonated,,0.0,,C12 H20 O7,12.0,20.0,7.0,,,,
166,365,275.1501744047161,275.1500139527586,275.1500120386191,2810755.4984191847,128.90618687565015,790996.4308763332,15.527086201556445,-1,0.006956712563272148,0.9999912186752072,0.0,0.5999947312051244,2.0,0.46153846153846156,1.8461538461538463,O6,de-protonated,,0.0,,C13 H24 O6,13.0,24.0,6.0,,,,
167,369,276.9991291894974,276.99896773536165,276.9989906976191,3736640.900114076,100.26033337928536,749165.1252417944,20.662049962364506,-1,-0.0828965383186022,0.9987538914123099,0.0,0.5992523348473859,10.0,0.6666666666666666,0.5,O8,de-protonated,,0.0,,C12 H6 O8,12.0,6.0,8.0,,,,
168,372,277.0355595328546,277.0353980589757,277.0353762069691,3674902.80510007,42.630178329627896,778155.2726213688,20.606506817304385,-1,0.0788780368944543,0.9988717095956448,0.0,0.5993230257573868,9.0,0.5384615384615384,0.7692307692307693,O7,de-protonated,,0.0,,C13 H10 O7,13.0,10.0,7.0,,,,
169,373,277.0719496568815,277.0717881632812,277.0717617163191,3057504.1114723072,87.47564922481023,706731.4270229806,16.67127498979491,-1,0.0954516691288095,0.9983481829372811,0.0,0.5990089097623686,8.0,0.42857142857142855,1.0,O6,de-protonated,,0.0,,C14 H14 O6,14.0,14.0,6.0,,,,
170,375,277.14467998090305,277.14451844788766,277.1445327350191,3058418.5168643594,87.11248889010989,779708.6685569037,16.604623215722768,-1,-0.05155119345147795,0.999517911722704,0.0,0.5997107470336224,6.0,0.25,1.375,O4,de-protonated,,0.0,,C16 H22 O4,16.0,22.0,4.0,,,,
171,380,279.0148069478371,279.01464440148675,279.01464076207907,7048665.253243576,98.01253748675362,756474.6813731333,38.61359444579517,-1,0.013043787487893895,0.9999691287259054,0.0,0.5999814772355432,9.0,0.6666666666666666,0.6666666666666666,O8,de-protonated,,0.0,,C12 H8 O8,12.0,8.0,8.0,,,,
172,381,279.0511867342849,279.05102416822507,279.05102627142907,4670404.23724269,87.95830853050198,709685.5148522634,25.322119832908545,-1,-0.007536987141175067,0.9999896926472628,0.0,0.5999938155883576,8.0,0.5384615384615384,0.9230769230769231,O7,de-protonated,,0.0,,C13 H12 O7,13.0,12.0,7.0,,,,
173,383,279.08757083508993,279.08740824931823,279.08741178077906,2652233.501378518,77.84191266735328,716487.1180259804,14.677276082136615,-1,-0.012653601290899787,0.9999709480149861,0.0,0.5999825688089916,7.0,0.42857142857142855,1.1428571428571428,O6,de-protonated,,0.0,,C14 H16 O6,14.0,16.0,6.0,,,,
174,388,281.0304581628352,281.03029452463056,281.0302908265391,8073119.964529529,155.39985796718076,719608.530771925,44.956621611660836,-1,0.013159049334593057,0.9999685807339441,0.0,0.5999811484403664,8.0,0.6666666666666666,0.8333333333333334,O8,de-protonated,,0.0,,C12 H10 O8,12.0,10.0,8.0,,,,
175,389,281.066846018091,281.06668236017873,281.0666763358891,7786571.179773615,115.71528981976071,776068.0074097893,42.135029842606755,-1,0.021433667309883064,0.999916645567665,0.0,0.599949987340599,7.0,0.5384615384615384,1.0769230769230769,O7,de-protonated,,0.0,,C13 H14 O7,13.0,14.0,7.0,,,,
176,392,281.1032131607755,281.10304948316684,281.1030618452391,3901884.714192869,35.631687273810364,759798.8296355525,21.095286493833438,-1,-0.04397701033065107,0.9996491438989897,0.0,0.5997894863393938,6.0,0.42857142857142855,1.2857142857142858,O6,de-protonated,,0.0,,C14 H18 O6,14.0,18.0,6.0,,,,
177,400,283.00974544914055,283.00958073911613,283.0095553816491,4862279.911779563,86.40782065281189,708366.4682008892,26.849556322061833,-1,0.08959933178987321,0.9985443830811712,0.0,0.5991266298487027,8.0,0.8181818181818182,0.7272727272727273,O9,de-protonated,,0.0,,C11 H8 O9,11.0,8.0,9.0,,,,
178,401,283.0461013766257,283.04593664691697,283.0459408909991,7550254.5218298575,112.5685976903008,742162.3849973945,41.19079637658472,-1,-0.014994322451109467,0.9999592057773515,0.0,0.5999755234664109,7.0,0.6666666666666666,1.0,O8,de-protonated,,0.0,,C12 H12 O8,12.0,12.0,8.0,,,,
179,402,283.0824874659666,283.0823227165574,283.0823264003491,9278949.314587887,94.01171153421762,748605.3004735536,51.26632289049043,-1,-0.013013146011898824,0.9999692735942302,0.0,0.599981564156538,6.0,0.5384615384615384,1.2307692307692308,O7,de-protonated,,0.0,,C13 H16 O7,13.0,16.0,7.0,,,,
180,405,283.1188877085511,283.11872293943384,283.1187119096991,3781129.317214623,77.03184302786222,723850.0688209594,20.52874641422022,-1,0.03895798582239842,0.9997246487704906,0.0,0.5998347892622944,5.0,0.42857142857142855,1.4285714285714286,O6,de-protonated,,0.0,,C14 H20 O6,14.0,20.0,6.0,,,,
181,406,283.15525953296356,283.1550947441538,283.15509741904907,1893220.9855317203,65.69562038358441,705795.4268570504,10.27825899337514,-1,-0.009446749434449349,0.9999838074552991,0.0,0.5999902844731795,4.0,0.3333333333333333,1.6,O5,de-protonated,,0.0,,C15 H24 O5,15.0,24.0,5.0,,,,
182,411,285.0253634984689,285.0251976972936,285.02520544610906,4042384.9823471573,77.02157163432375,695912.318936238,22.32278999966208,-1,-0.02718642176477372,0.9998658999908362,0.0,0.5999195399945016,7.0,0.8181818181818182,0.9090909090909091,O9,de-protonated,,0.0,,C11 H10 O9,11.0,10.0,9.0,,,,
183,412,285.0617627779848,285.06159695710807,285.06159095545905,9324770.860972201,95.07662548258739,749243.5360370129,51.55514724480305,-1,0.0210538676652877,0.999919573320103,0.0,0.5999517439920617,6.0,0.6666666666666666,1.1666666666666667,O8,de-protonated,,0.0,,C12 H14 O8,12.0,14.0,8.0,,,,
184,413,285.09815752910623,285.0979916885305,285.0979764648091,7890918.274948585,88.6276786193411,757908.0737164993,43.19034959874903,-1,0.053398209204567185,0.9994827567032621,0.0,0.5996896540219573,5.0,0.5384615384615384,1.3846153846153846,O7,de-protonated,,0.0,,C13 H18 O7,13.0,18.0,7.0,,,,
185,414,285.1262841547288,285.12611829892944,285.1261197656691,13770747.572424289,147.94816514032692,733047.0907378065,75.27207018547413,-1,-0.005144178521727965,0.9971627493169012,0.976544453844744,0.9889154311280383,4.0,0.2857142857142857,1.6428571428571428,P1 O4,de-protonated,,0.0,,C14 H23 O4 P1,14.0,23.0,4.0,,1.0,,
186,415,285.13452160373936,285.1343557434814,285.13436197415905,5365568.350097388,129.79881830651178,662212.7875615398,29.61005063154978,-1,-0.021851724864143957,0.9999133623902957,0.0,0.5999480174341774,4.0,0.42857142857142855,1.5714285714285714,O6,de-protonated,,0.0,,C14 H22 O6,14.0,22.0,6.0,,,,
187,417,286.1295903491534,286.1294239503537,286.12947460073906,1668206.5376740634,71.70493319803651,690130.8203926189,9.345134156365129,-1,-0.17701911137853063,0.994330300221321,0.976544453844744,0.9872159616706901,4.0,0.2857142857142857,1.6428571428571428,13C1 P1 O4,de-protonated,,1.0,414.0,C13 H23 O4 P1 13C1,13.0,23.0,4.0,,1.0,,1.0
188,421,287.01988909801884,287.01972221745154,287.01972614250906,2363329.8367152177,80.04779979471144,778468.0717004676,12.999873101321002,-1,-0.013675218653226648,0.9999660675656271,0.0,0.5999796405393762,11.0,0.5,0.5714285714285714,O7,de-protonated,,0.0,,C14 H8 O7,14.0,8.0,7.0,,,,
189,422,287.0410491210182,287.0408822290014,287.0408555105691,3899715.945636535,102.17557630968196,705593.1852878871,21.61183774289255,-1,0.0930823323451836,0.9984291055586558,0.0,0.5990574633351935,6.0,0.8181818181818182,1.0909090909090908,O9,de-protonated,,0.0,,C11 H12 O9,11.0,12.0,9.0,,,,
190,423,287.07740632536934,287.07723941368005,287.0772410199191,5730707.5048641665,48.69852303558247,749714.2072733311,31.437420104027716,-1,-0.005595145867218468,0.9999943196457465,0.0,0.5999965917874479,5.0,0.6666666666666666,1.3333333333333333,O8,de-protonated,,0.0,,C12 H16 O8,12.0,16.0,8.0,,,,
191,425,287.1137944921369,287.11362756075846,287.1136265292691,7808163.755048758,104.60392506741806,713544.2743983228,43.19034959874903,-1,0.003592617278950901,0.9999976580628902,0.0,0.5999985948377341,4.0,0.5384615384615384,1.5384615384615385,O7,de-protonated,,0.0,,C13 H20 O7,13.0,20.0,7.0,,,,
192,427,287.150183223762,287.15001627269424,287.1500120386191,4637248.935435171,90.8506031225397,732150.6881871735,25.699813219317356,-1,0.014745167981389234,0.9999605502086325,0.0,0.5999763301251795,3.0,0.42857142857142855,1.7142857142857142,O6,de-protonated,,0.0,,C14 H24 O6,14.0,24.0,6.0,,,,
193,434,289.0355621961323,289.03539422507254,289.0353762069691,3522615.5259596305,163.42091254329384,688863.0974925385,19.10961905793416,-1,0.06233874788285765,0.9992951172707603,0.0,0.5995770703624561,10.0,0.5,0.7142857142857143,O7,de-protonated,,0.0,,C14 H10 O7,14.0,10.0,7.0,,,,
194,435,289.0566453265594,289.05647734409536,289.0565055750291,1626175.6799761946,55.0934237171312,842712.9998028354,9.059086959305514,-1,-0.09766579620394988,0.9982707290697954,0.0,0.5989624374418773,5.0,0.8181818181818182,1.2727272727272727,O9,de-protonated,,0.0,,C11 H14 O9,11.0,14.0,9.0,,,,
195,436,289.0719842657108,289.0718162749496,289.0717617163191,2013866.1218038837,72.98693760815651,781221.5093206351,10.939222419590562,-1,0.18873732311748637,0.9935573189778817,0.0,0.596134391386729,9.0,0.4,0.9333333333333333,O6,de-protonated,,0.0,,C15 H14 O6,15.0,14.0,6.0,,,,
196,437,289.0930525264595,289.0928845243021,289.0928910843791,3052742.2024331065,101.35260434481094,738041.527182173,17.096180049504824,-1,-0.022691934666980367,0.9999065720996468,0.0,0.5999439432597881,4.0,0.6666666666666666,1.5,O8,de-protonated,,0.0,,C12 H18 O8,12.0,18.0,8.0,,,,
197,439,289.12944129453746,289.1292732726969,289.12927659372906,3789872.5599381733,71.81633602865097,749065.0127970042,20.639832704340456,-1,-0.011486322730191312,0.9999760607434613,0.0,0.5999856364460768,3.0,0.5384615384615384,1.6923076923076923,O7,de-protonated,,0.0,,C13 H22 O7,13.0,22.0,7.0,,,,
198,442,290.1247206184977,290.12455205833993,290.1245255659291,2208083.8970416053,125.15962351681361,720070.5196939571,12.044531006286944,-1,0.09131393071098706,0.9984881823544898,0.0,0.5990929094126939,3.0,0.5833333333333334,1.75,N1 O7,de-protonated,,0.0,,C12 H21 O7 N1,12.0,21.0,7.0,1.0,,,
199,445,291.01478866416613,291.0146196226683,291.01464076207907,5536593.017188475,140.55957056430847,691705.7817953426,30.248796799741154,-1,-0.0726403685634465,0.9990430218581005,0.0,0.5994258131148602,10.0,0.6153846153846154,0.6153846153846154,O8,de-protonated,,0.0,,C13 H8 O8,13.0,8.0,8.0,,,,
200,446,291.0511950905318,291.05102602934716,291.05102627142907,4291726.878021041,85.38422930913757,695593.9918957817,23.661379795610966,-1,-0.0008317507523498811,0.9999998744721167,0.0,0.59999992468327,9.0,0.5,0.8571428571428571,O7,de-protonated,,0.0,,C14 H12 O7,14.0,12.0,7.0,,,,
201,447,291.0875701431697,291.0874010623154,291.08741178077906,1668314.6588479017,35.67419189713644,545416.9950144372,9.336802684606111,-1,-0.03682214770068006,0.9997540093285132,0.0,0.599852405597108,8.0,0.4,1.0666666666666667,O6,de-protonated,,0.0,,C15 H16 O6,15.0,16.0,6.0,,,,
202,452,292.21316133756756,292.2129916481081,292.2129466490891,7299812.735725285,58.941127667745704,720563.6767500582,39.68002283094947,-1,0.15399392638953882,0.9957063465799869,0.0,0.5974238079479921,0.0,0.35714285714285715,2.2142857142857144,N1 O5,de-protonated,,0.0,,C14 H31 O5 N1,14.0,31.0,5.0,1.0,,,
203,455,292.99406311688034,292.99389300525206,292.9939053171891,3205194.5245603956,146.5760752332474,673398.592866586,17.487759222178667,-1,-0.042021137020249184,0.9996796535942479,0.0,0.5998077921565488,10.0,0.75,0.5,O9,de-protonated,,0.0,,C12 H6 O9,12.0,6.0,9.0,,,,
204,457,293.0304456734204,293.03027554212434,293.0302908265391,7136500.886807065,127.38456800661282,731440.7535539787,39.502284766757086,-1,-0.0521598457099139,0.9995064635506975,0.0,0.5997038781304185,9.0,0.6153846153846154,0.7692307692307693,O8,de-protonated,,0.0,,C13 H10 O8,13.0,10.0,8.0,,,,
205,458,293.06684905678753,293.0666789058126,293.0666763358891,4574303.464620121,88.3130871908381,738813.1618892081,25.216587857294318,-1,0.008769074373325483,0.9999860472984277,0.0,0.5999916283790566,8.0,0.5,1.0,O7,de-protonated,,0.0,,C14 H14 O7,14.0,14.0,7.0,,,,
206,460,293.1032375008267,293.103067330181,293.1030618452391,2709149.9471264556,119.91161590490948,713280.6879572647,14.891117190618075,-1,0.018713355792702734,0.9999364605604082,0.0,0.5999618763362449,7.0,0.4,1.2,O6,de-protonated,,0.0,,C15 H18 O6,15.0,18.0,6.0,,,,
207,462,293.176008766147,293.1758385561632,293.1758328639391,53064194.787856065,234.2320532456637,719578.6504317136,293.0900678532393,-1,0.019415734509884642,0.9999580004557095,0.9996888785027824,0.9998503516745386,5.0,0.23529411764705882,1.5294117647058822,O4,de-protonated,,0.0,,C17 H26 O4,17.0,26.0,4.0,,,,
208,466,294.1793557235616,294.1791849712431,294.1791876990091,9779921.678517273,146.8857957538332,693189.1864657159,54.53225982002546,-1,-0.00927246425467475,0.9999843994188753,0.9996888785027824,0.9998661910524381,5.0,0.23529411764705882,1.5294117647058822,13C1 O4,de-protonated,,1.0,462.0,C16 H26 O4 13C1,16.0,26.0,4.0,,,,1.0
209,471,295.00973851281543,295.0095673117185,295.0095553816491,5822471.184904151,110.46450899990876,763938.4883412085,31.73735308735236,-1,0.04043960345027002,0.9997033098204811,0.0,0.5998219858922886,9.0,0.75,0.6666666666666666,O9,de-protonated,,0.0,,C12 H8 O9,12.0,8.0,9.0,,,,
210,472,295.04612803549276,295.0459568147306,295.0459408909991,6705374.888996917,121.26652128688667,715254.7630046442,36.24190215172806,-1,0.05397034593315082,0.9994716162297322,0.0,0.5996829697378393,8.0,0.6153846153846154,0.9230769230769231,O8,de-protonated,,0.0,,C13 H12 O8,13.0,12.0,8.0,,,,
211,474,295.0825098317673,295.0823385913442,295.0823264003491,5924527.5377231175,82.52204150749903,761323.5355477661,32.22613276388142,-1,0.04131387757561078,0.999690344715992,0.0,0.5998142068295952,7.0,0.5,1.1428571428571428,O7,de-protonated,,0.0,,C14 H16 O7,14.0,16.0,7.0,,,,
212,476,295.1188875155804,295.1187162554986,295.1187119096991,3640935.428213199,77.90194680206415,710428.4092658521,20.076069781980244,-1,0.014725598084834347,0.9999606548531965,0.0,0.5999763929119178,6.0,0.4,1.3333333333333333,O6,de-protonated,,0.0,,C15 H20 O6,15.0,20.0,6.0,,,,
213,485,297.0253756710471,297.02520338084815,297.02520544610906,6639267.361988051,76.20946479868886,710320.6283400423,36.1197072325958,-1,-0.006953150315513379,0.9999912276659793,0.0,0.5999947365995876,8.0,0.75,0.8333333333333334,O9,de-protonated,,0.0,,C12 H10 O9,12.0,10.0,9.0,,,,
214,486,297.0617680549039,297.06159574504443,297.06159095545905,10155304.359835908,94.78319150474731,734936.1752204727,55.08769127062666,-1,0.0161232065041286,0.9999528321133153,0.0,0.5999716992679892,7.0,0.6153846153846154,1.0769230769230769,O8,de-protonated,,0.0,,C13 H14 O8,13.0,14.0,8.0,,,,
215,488,297.0981540258331,297.09798169631665,297.0979764648091,9083666.581851915,71.8067567079583,735467.6208395571,49.455616361530524,-1,0.017608694632870864,0.9999437404912709,0.0,0.5999662442947625,6.0,0.5,1.2857142857142858,O7,de-protonated,,0.0,,C14 H18 O7,14.0,18.0,7.0,,,,
216,490,297.1345382331244,297.13436588395194,297.13436197415905,2436834.313799641,29.785264280873093,681917.1378972776,13.674722313801455,-1,0.0131583330477073,0.9999685841542889,0.0,0.5999811504925733,5.0,0.4,1.4666666666666666,O6,de-protonated,,0.0,,C15 H22 O6,15.0,22.0,6.0,,,,
217,491,297.15316319734427,297.1529908381101,297.1529894187691,4138514.558183414,148.00314212415475,702455.5575695251,22.722700644094946,-1,0.004776465505580174,0.9999958603252461,0.0,0.5999975161951476,4.0,0.1875,1.625,S1 O3,de-protonated,,0.0,,C16 H26 O3 S1,16.0,26.0,3.0,,,1.0,
218,497,299.0046953454059,299.0045219860649,299.0044700012191,1572315.0854140527,244.2585297996037,676845.628697736,8.575861597282472,-1,0.173859761397334,0.9945303246958355,0.0,0.5967181948175012,8.0,0.9090909090909091,0.7272727272727273,O10,de-protonated,,0.0,,C11 H8 O10,11.0,8.0,10.0,,,,
219,498,299.0410270501093,299.0408536711466,299.0408555105691,6847443.107119943,55.921999907942435,724632.8614304989,37.86376198748356,-1,-0.006151074261338875,0.9999931347828616,0.0,0.5999958808697169,7.0,0.75,1.0,O9,de-protonated,,0.0,,C12 H12 O9,12.0,12.0,9.0,,,,
220,499,299.07743319604634,299.0772597974219,299.0772410199191,10435144.850679135,99.97973347105996,708827.9211895652,57.065027234766916,-1,0.06278479349552517,0.9992849976626519,0.0,0.5995709985975911,6.0,0.6153846153846154,1.2307692307692308,O8,de-protonated,,0.0,,C13 H16 O8,13.0,16.0,8.0,,,,
221,500,299.1138101413478,299.1136367230775,299.1136265292691,5723690.174345168,56.21986099592985,761145.1726335876,31.687364256798254,-1,0.03408005354168886,0.9997892786191888,0.0,0.5998735671715132,5.0,0.5,1.4285714285714286,O7,de-protonated,,0.0,,C14 H20 O7,14.0,20.0,7.0,,,,
222,501,299.1501739030945,299.15000046518554,299.1500120386191,3363387.902699244,102.46285596972605,729703.5044305741,18.27369472477936,-1,-0.03868772546808547,0.9997284553496858,0.0,0.5998370732098115,4.0,0.4,1.6,O6,de-protonated,,0.0,,C15 H24 O6,15.0,24.0,6.0,,,,
223,502,299.1865580108711,299.18638455331256,299.1863975479691,2034002.7431826978,164.5246172954618,627334.7522457658,11.282201340336801,-1,-0.04343331321803,0.9996577642123553,0.0,0.5997946585274132,3.0,0.3125,1.75,O5,de-protonated,,0.0,,C16 H28 O5,16.0,28.0,5.0,,,,
224,507,300.99914206363246,300.9989676273157,300.9989906976191,1557204.0008572212,126.17305293547427,664245.5839693284,8.70499940954725,-1,-0.0766457831546787,0.9989346337944464,0.0,0.5993607802766678,12.0,0.5714285714285714,0.42857142857142855,O8,de-protonated,,0.0,,C14 H6 O8,14.0,6.0,8.0,,,,
225,508,301.0203303992492,301.0201559514928,301.02012006567907,1758773.804128406,105.89529983225432,723142.262003011,9.750599115304002,-1,0.11921400387112323,0.9974245772378664,0.0,0.5984547463427198,7.0,0.9090909090909091,0.9090909090909091,O10,de-protonated,,0.0,,C11 H10 O10,11.0,10.0,10.0,,,,
226,509,301.03555625410894,301.03538179813216,301.0353762069691,1709486.8715510967,187.73562945833052,607595.8711206625,9.249322231136423,-1,0.01857310972652977,0.9999374093465756,0.0,0.5999624456079453,11.0,0.4666666666666667,0.6666666666666666,O7,de-protonated,,0.0,,C15 H10 O7,15.0,10.0,7.0,,,,
227,510,301.05667901692345,301.0565045495425,301.0565055750291,5957212.66096736,177.14832146529162,708317.1430860208,32.376099255543735,-1,-0.0034062927655858204,0.9999978946838817,0.0,0.599998736810329,6.0,0.75,1.1666666666666667,O9,de-protonated,,0.0,,C12 H14 O9,12.0,14.0,9.0,,,,
228,511,301.09306098919694,301.09288650217354,301.0928910843791,6960850.695066786,51.51036674419558,725822.2088627666,37.61381783471302,-1,-0.015218577762664312,0.999957976440222,0.0,0.5999747858641332,5.0,0.6153846153846154,1.3846153846153846,O8,de-protonated,,0.0,,C13 H18 O8,13.0,18.0,8.0,,,,
229,512,301.1294663785602,301.1292918718818,301.12927659372906,6650065.222459703,104.91060727217845,732232.4462713477,36.25301078074009,-1,0.05073619174167564,0.9995330309045566,0.0,0.5997198185427339,4.0,0.5,1.5714285714285714,O7,de-protonated,,0.0,,C14 H22 O7,14.0,22.0,7.0,,,,
230,513,301.1658387319555,301.16566420564004,301.1656621030791,4174586.7619195376,119.82053413299295,668403.5978418182,22.68937475705887,-1,0.006981409874085369,0.9999911562149248,0.0,0.5999946937289549,3.0,0.4,1.7333333333333334,O6,de-protonated,,0.0,,C15 H26 O6,15.0,26.0,6.0,,,,
231,523,303.0148125542228,303.0146370298138,303.01464076207907,3005024.6107867463,126.74893454803069,699931.4853513062,16.35467906295223,-1,-0.012317112007481276,0.9999724725722011,0.0,0.5999834835433207,11.0,0.5714285714285714,0.5714285714285714,O8,de-protonated,,0.0,,C14 H8 O8,14.0,8.0,8.0,,,,
232,524,303.0512237357912,303.05104819173005,303.05102627142907,2276000.094855294,31.60798421229115,787018.3905609283,12.505539110285937,-1,0.07233204668625468,0.9990511245531812,0.0,0.5994306747319087,10.0,0.4666666666666667,0.8,O7,de-protonated,,0.0,,C15 H12 O7,15.0,12.0,7.0,,,,
233,525,303.07234769109004,303.07217213562774,303.0721556394891,2999170.7131748567,94.37949229841786,664635.3668286022,16.315798861410144,-1,0.054429740029843666,0.9994625851980038,0.0,0.5996775511188023,5.0,0.75,1.3333333333333333,O9,de-protonated,,0.0,,C12 H16 O9,12.0,16.0,9.0,,,,
234,526,303.10874773422296,303.10857215911466,303.10854114883904,3877705.2793322406,115.04162563614697,709593.7201393896,21.728478347518802,-1,0.10230749520522248,0.9981026109352291,0.0,0.5988615665611374,4.0,0.6153846153846154,1.5384615384615385,O8,de-protonated,,0.0,,C13 H20 O8,13.0,20.0,8.0,,,,
235,528,303.1450755256724,303.14489993095725,303.1449266581891,2327558.8775321087,135.11546293264288,732048.6487467584,12.619402557659182,-1,-0.08816651538815559,0.9985905329114566,0.0,0.5991543197468739,3.0,0.5,1.7142857142857142,O7,de-protonated,,0.0,,C14 H24 O7,14.0,24.0,7.0,,,,
236,533,304.9940424599261,304.9938658674327,304.9939053171891,1801955.6389062512,58.05158318262201,772327.4459325221,9.895011292460314,-1,-0.1293460482733837,0.9969688939674408,0.0,0.5981813363804644,11.0,0.6923076923076923,0.46153846153846156,O9,de-protonated,,0.0,,C13 H6 O9,13.0,6.0,9.0,,,,
237,534,305.03046516824736,305.0302885561017,305.0302908265391,5150071.688751706,105.80315983514475,691752.4124135434,28.221472005046788,-1,-0.0074433177954857845,0.9999899472526259,0.0,0.5999939683515755,10.0,0.5714285714285714,0.7142857142857143,O8,de-protonated,,0.0,,C14 H10 O8,14.0,10.0,8.0,,,,
238,535,305.06685638473283,305.066679752952,305.0666763358891,2215168.5636057593,68.28192066453762,620891.4097016104,11.968159181829279,-1,0.011201036200129823,0.9999772351241337,0.0,0.5999863410744802,9.0,0.4666666666666667,0.9333333333333333,O7,de-protonated,,0.0,,C15 H14 O7,15.0,14.0,7.0,,,,
239,544,307.00972016757254,307.0095424876685,307.0095553816491,5741889.35980855,83.10156324433227,693196.6373050199,31.159704378727117,-1,-0.04199862949434156,0.9996799966178356,0.0,0.5998079979707013,10.0,0.6923076923076923,0.6153846153846154,O9,de-protonated,,0.0,,C13 H8 O9,13.0,8.0,9.0,,,,
240,545,307.04613292763383,307.0459552280892,307.0459408909991,5424326.325238356,67.76212367790009,704625.8481470656,30.137710509620916,-1,0.04669363188432679,0.9996044665335594,0.0,0.5997626799201357,9.0,0.5714285714285714,0.8571428571428571,O8,de-protonated,,0.0,,C14 H12 O8,14.0,12.0,8.0,,,,
241,546,307.082497722283,307.08232000312364,307.0823264003491,4430819.534759666,143.50721081164488,669175.090010688,24.216811246212163,-1,-0.020832281391177834,0.9999212572831326,0.0,0.5999527543698796,8.0,0.4666666666666667,1.0666666666666667,O7,de-protonated,,0.0,,C15 H16 O7,15.0,16.0,7.0,,,,
242,553,309.02538982798455,309.0252110610202,309.02520544610906,7277245.513001352,176.8441178120969,706522.2462263005,40.88530907875407,-1,0.018169751264416067,0.999940098350096,0.0,0.5999640590100576,9.0,0.6923076923076923,0.7692307692307693,O9,de-protonated,,0.0,,C13 H10 O9,13.0,10.0,9.0,,,,
243,554,309.0617667737771,309.06158798719764,309.06159095545905,7415498.9038814055,79.38862707468736,713827.4123684382,40.390975087719,-1,-0.009604109664630416,0.9999832635087512,0.0,0.5999899581052507,8.0,0.5714285714285714,1.0,O8,de-protonated,,0.0,,C14 H14 O8,14.0,14.0,8.0,,,,
244,555,309.09816490334106,309.0979860971352,309.0979764648091,6757721.998721504,88.72171091151401,690584.2391661853,37.50828585909879,-1,0.031162695472831854,0.9998238082385845,0.0,0.5998942849431507,7.0,0.4666666666666667,1.2,O7,de-protonated,,0.0,,C15 H18 O7,15.0,18.0,7.0,,,,
245,558,309.17090863181255,309.17072978638254,309.17074748350905,3088799.936975345,147.20616994613485,708528.8404491858,16.85734452574631,-1,-0.05724062400199634,0.9994056620574857,0.0,0.5996433972344914,5.0,0.29411764705882354,1.5294117647058822,O5,de-protonated,,0.0,,C17 H26 O5,17.0,26.0,5.0,,,,
246,565,311.0046637873515,311.0044839532917,311.0044700012191,2755252.564623607,64.98256849922932,694617.8801322241,15.21882174647278,-1,0.04486132500448136,0.9996348942037914,0.0,0.5997809365222748,9.0,0.8333333333333334,0.6666666666666666,O10,de-protonated,,0.0,,C12 H8 O10,12.0,8.0,10.0,,,,
247,566,311.0410383572781,311.0408585036107,311.0408555105691,9302909.68164617,97.75424526775821,692672.4676547059,52.06614417935615,-1,0.00962266392329614,0.999983198780099,0.0,0.5999899192680593,8.0,0.6923076923076923,0.9230769230769231,O9,de-protonated,,0.0,,C13 H12 O9,13.0,12.0,9.0,,,,
248,567,311.0774336655115,311.0772537922253,311.0772410199191,11497329.956264134,115.11368857249907,701358.4943652898,63.36361988458449,-1,0.04105831132025976,0.49984708165845065,0.8684926696514793,0.6473053168556622,7.0,0.5714285714285714,1.1428571428571428,O8,de-protonated,,0.0,,C14 H16 O8,14.0,16.0,8.0,,,,
249,568,311.1138007644373,311.11362087154765,311.1136265292691,5834314.600983004,67.07492194136665,695353.2904895381,32.58160889226618,-1,-0.018185386136968157,0.9999399952194055,0.0,0.5999639971316433,6.0,0.4666666666666667,1.3333333333333333,O7,de-protonated,,0.0,,C15 H20 O7,15.0,20.0,7.0,,,,
250,570,311.15016254006207,311.149982627572,311.1500120386191,2613744.798197807,59.73096207012338,690977.2270827179,14.366234469799945,-1,-0.09452368935399377,0.9983801187953781,0.0,0.5990280712772269,5.0,0.375,1.5,O6,de-protonated,,0.0,,C16 H24 O6,16.0,24.0,6.0,,,,
251,571,311.1688167191186,311.1686367965732,311.16863948322913,10602867.396394802,85.12521536751764,721966.4067369881,57.35385158907954,-1,-0.00863408323170137,0.9985710240950921,0.9915169328403871,0.9957493875932102,4.0,0.17647058823529413,1.6470588235294117,S1 O3,de-protonated,,0.0,,C17 H28 O3 S1,17.0,28.0,3.0,,,1.0,
252,572,311.1865754465398,311.1863955144218,311.1863975479691,5617860.958004821,97.11345807181644,663984.9838785838,31.154150064221106,-1,-0.006534820581757913,0.9999922514670871,0.0,0.5999953508802522,4.0,0.29411764705882354,1.6470588235294117,O5,de-protonated,,0.0,,C17 H28 O5,17.0,28.0,5.0,,,,
253,576,312.17221389488236,312.17203343151215,312.17199431829914,2076861.7792046005,100.74948997026482,662744.5455544849,11.336355906770418,-1,0.1252937922622309,0.9971555746252747,0.9915169328403871,0.9949001179113197,4.0,0.17647058823529413,1.6470588235294117,13C1 S1 O3,de-protonated,,1.0,571.0,C16 H28 O3 S1 13C1,16.0,28.0,3.0,,,1.0,1.0
254,577,313.02030137400516,313.0201204535878,313.02012006567907,3600206.7835052884,157.98313442732362,679254.3622073252,19.528969803138065,-1,0.0012392454379674882,0.9999997213439829,0.0,0.5999998328063897,8.0,0.8333333333333334,0.8333333333333334,O10,de-protonated,,0.0,,C12 H10 O10,12.0,10.0,10.0,,,,
255,578,313.0566997934124,313.0565188533808,313.0565055750291,11119113.48709334,140.05903163503106,680831.848035662,60.430941825410166,-1,0.042415191624646395,0.49983680914534734,0.8767281105990785,0.6505933297268398,7.0,0.6923076923076923,1.0769230769230769,O9,de-protonated,,0.0,,C13 H14 O9,13.0,14.0,9.0,,,,
256,579,313.09307162209575,313.0928906624643,313.0928910843791,11433463.975508131,48.01273455854651,716222.2066805713,63.174773191380076,-1,-0.0013475707419125975,0.9999749531484299,0.9925669399135946,0.9970117478544958,6.0,0.5714285714285714,1.2857142857142858,O8,de-protonated,,0.0,,C14 H18 O8,14.0,18.0,8.0,,,,
257,580,313.1294481894996,313.1292672102659,313.12927659372906,6670712.084533226,70.26354594000989,661505.5133966266,36.386314328884374,-1,-0.02996673860035253,0.9998370713701266,0.0,0.5999022428220759,5.0,0.4666666666666667,1.4666666666666666,O7,de-protonated,,0.0,,C15 H22 O7,15.0,22.0,7.0,,,,
258,581,313.1658686121954,313.1656876133359,313.1656621030791,3101018.12571384,118.864560794959,610912.3324416233,16.87956178377036,-1,0.08145930365035098,0.9987967003499131,0.0,0.5992780202099478,4.0,0.375,1.625,O6,de-protonated,,0.0,,C16 H26 O6,16.0,26.0,6.0,,,,
259,582,314.09643262147495,314.09625112120244,314.0962459194491,1844901.2485711153,136.90324875995756,581552.2788969809,10.200498590290971,-1,0.01656101731612152,0.9999502357979856,0.9925669399135946,0.9969969174442292,6.0,0.5714285714285714,1.2857142857142858,13C1 O8,de-protonated,,1.0,579.0,C13 H18 O8 13C1,13.0,18.0,8.0,,,,1.0
260,586,315.01479458246746,315.0146125874291,315.01464076207907,2118521.679740613,78.00251977274374,637208.1970354486,11.646008940480586,-1,-0.08943917622798372,0.9985495783832756,0.0,0.5991297470299654,12.0,0.5333333333333333,0.5333333333333333,O8,de-protonated,,0.0,,C15 H8 O8,15.0,8.0,8.0,,,,
261,587,315.0359668808972,315.03578487445316,315.03577013013904,4470689.100294059,63.23847948976502,665775.9805824286,24.26680007676627,-1,0.04680203174525984,0.9996026282952589,0.0,0.5997615769771554,7.0,0.8333333333333334,1.0,O10,de-protonated,,0.0,,C12 H12 O10,12.0,12.0,10.0,,,,
262,588,315.07234201086686,315.07215998482735,315.0721556394891,9431095.978826048,64.69020608729043,679676.7095735616,52.5549238558852,-1,0.013791565445485442,0.9999654877349441,0.0,0.5999792926409664,6.0,0.6923076923076923,1.2307692307692308,O9,de-protonated,,0.0,,C13 H16 O9,13.0,16.0,9.0,,,,
263,589,315.1087205359685,315.10853849033174,315.10854114883904,6515242.260911356,123.58073195007293,668430.2717606333,35.2365712261399,-1,-0.008436798599792813,0.9999870846438239,0.0,0.5999922507862944,5.0,0.5714285714285714,1.4285714285714286,O8,de-protonated,,0.0,,C14 H20 O8,14.0,20.0,8.0,,,,
264,590,315.14509960884396,315.1449175436098,315.1449266581891,6492711.755123561,67.48785346266263,689536.672090131,35.853100136307226,-1,-0.02892186591791193,0.9998482343495912,0.0,0.5999089406097547,4.0,0.4666666666666667,1.6,O7,de-protonated,,0.0,,C15 H24 O7,15.0,24.0,7.0,,,,
265,591,315.18149301027915,315.18131092544,315.1813121675391,4615712.359149093,229.7278202206945,675384.0282416092,25.19992491377628,-1,-0.003940903303305461,0.9999971819754385,0.0,0.5999983091852631,3.0,0.375,1.75,O6,de-protonated,,0.0,,C16 H28 O6,16.0,28.0,6.0,,,,
266,597,317.0304516125301,317.0302685318118,317.0302908265391,3354493.344591848,42.50774047899938,635649.6031606427,18.48198151875481,-1,-0.07032365019473268,0.9991030632924693,0.0,0.5994618379754816,11.0,0.5333333333333333,0.6666666666666666,O8,de-protonated,,0.0,,C15 H10 O8,15.0,10.0,8.0,,,,
267,598,317.05158739683924,317.0514043047386,317.0514201945991,1987235.8545893156,76.65411213996389,740955.1172768123,10.922559476072527,-1,-0.05011761335914172,0.9995443455373483,0.0,0.5997266073224089,6.0,0.8333333333333334,1.1666666666666667,O10,de-protonated,,0.0,,C12 H14 O10,12.0,14.0,10.0,,,,
268,599,317.066837006062,317.06665390574886,317.0666763358891,1632510.5880933655,122.12804714042107,674175.1175137524,8.861908794342089,-1,-0.07074266048161625,0.9990923478580314,0.0,0.5994554087148188,10.0,0.4375,0.875,O7,de-protonated,,0.0,,C16 H14 O7,16.0,14.0,7.0,,,,
269,600,317.0880026101495,317.08781949843797,317.0878057039491,3839594.7223994876,51.20602097732527,721311.7423140234,20.906439800629034,-1,0.04350368776483617,0.9996566544622465,0.0,0.5997939926773479,5.0,0.6923076923076923,1.3846153846153846,O9,de-protonated,,0.0,,C13 H18 O9,13.0,18.0,9.0,,,,
270,601,317.124376499636,317.124193368336,317.12419121329907,5248111.806820738,41.684355585792225,703051.3052674212,28.504742044853398,-1,0.006795561524965158,0.9999916207971105,0.0,0.5999949724782663,4.0,0.5714285714285714,1.5714285714285714,O8,de-protonated,,0.0,,C14 H22 O8,14.0,22.0,8.0,,,,
271,602,317.1396543349152,317.13947119538767,317.1394473545891,1477871.099388346,94.25106303927396,562275.9906036714,8.019041568054773,-1,0.07517449744921294,0.9989751218113252,0.0,0.5993850730867951,8.0,0.2777777777777778,1.2222222222222223,O5,de-protonated,,0.0,,C18 H22 O5,18.0,22.0,5.0,,,,
272,603,317.1607401123371,317.16055696145435,317.16057672264907,3358744.3111570557,85.50636573256462,729985.4302125159,18.290357668297396,-1,-0.06230659221795082,0.9992958440144889,0.0,0.5995775064086933,3.0,0.4666666666666667,1.7333333333333334,O7,de-protonated,,0.0,,C15 H26 O7,15.0,26.0,7.0,,,,
273,608,319.009760372667,319.00957622618347,319.0095553816491,5131730.1137316935,169.41156272509812,653428.002540683,28.43253595627524,-1,0.06534141074605146,0.9992256048401825,0.0,0.5995353629041095,11.0,0.6428571428571429,0.5714285714285714,O9,de-protonated,,0.0,,C14 H8 O9,14.0,8.0,9.0,,,,
274,609,319.0461291958088,319.0459450297455,319.0459408909991,4399423.268699166,176.41611465723173,669195.5677790198,24.027964553007756,-1,0.012972258502331547,0.9999694663736488,0.0,0.5999816798241893,10.0,0.5333333333333333,0.8,O8,de-protonated,,0.0,,C15 H12 O8,15.0,12.0,8.0,,,,
275,610,319.06722113438144,319.06703695696297,319.0670702590591,1534583.0793314232,82.92738172562255,658294.0126222085,8.416175055234628,-1,-0.10437334105024605,0.9980252876463639,0.0,0.5988151725878184,5.0,0.8333333333333334,1.3333333333333333,O10,de-protonated,,0.0,,C12 H16 O10,12.0,16.0,10.0,,,,
276,611,319.0825122109448,319.08232802529415,319.0823264003491,1794104.3162442476,86.25865451410792,765072.8660388485,9.761707744316027,-1,0.005092557426402221,0.9999952942952312,0.0,0.5999971765771387,9.0,0.4375,1.0,O7,de-protonated,,0.0,,C16 H16 O7,16.0,16.0,7.0,,,,
277,614,319.13999697220004,319.13981275560184,319.1398412777591,1660627.5858277995,63.48071127858474,640925.1673464179,9.06186411655852,-1,-0.08937197296065208,0.9985517556363731,0.0,0.5991310533818238,3.0,0.5714285714285714,1.7142857142857142,O8,de-protonated,,0.0,,C14 H24 O8,14.0,24.0,8.0,,,,
278,617,320.13527207017876,320.1350873178085,320.1350902499591,2736048.3515191055,122.78911457522544,580002.6154961427,14.907780134136111,-1,-0.009159104068720201,0.9999847785330088,0.0,0.5999908671198053,3.0,0.6153846153846154,1.7692307692307692,N1 O8,de-protonated,,0.0,,C13 H23 O8 N1,13.0,23.0,8.0,1.0,,,
279,618,320.24448921696165,320.24430440580323,320.2442467780091,7325839.874063113,56.641564865454676,660447.9570013083,39.93552129822602,-1,0.17994950644353502,0.9941415882293688,0.0,0.5964849529376213,0.0,0.3125,2.1875,N1 O5,de-protonated,,0.0,,C16 H35 O5 N1,16.0,35.0,5.0,1.0,,,
280,622,320.98901935108404,320.98883413919555,320.98881993675906,1883040.458605313,135.52585447424326,623303.7460792926,10.500431573615618,-1,0.04424589146713573,0.9996448411881025,0.0,0.5997869047128614,11.0,0.7692307692307693,0.46153846153846156,O10,de-protonated,,0.0,,C13 H6 O10,13.0,6.0,10.0,,,,
281,623,321.02538070563253,321.0251954741744,321.02520544610906,6194131.184556437,102.57158922553266,668925.073974847,34.09793675240745,-1,-0.031062777951347757,0.9998249361822495,0.0,0.5998949617093497,10.0,0.6428571428571429,0.7142857142857143,O9,de-protonated,,0.0,,C14 H10 O9,14.0,10.0,9.0,,,,
282,624,321.0617866454833,321.06160139443165,321.06159095545905,4794463.314839147,124.29260348040447,703534.1457025645,26.127495436280277,-1,0.03251392533039616,0.999808198948433,0.0,0.5998849193690597,9.0,0.5333333333333333,0.9333333333333333,O8,de-protonated,,0.0,,C15 H14 O8,15.0,14.0,8.0,,,,
283,626,321.0981574386476,321.09797216802144,321.0979764648091,2947141.3829202447,190.83068856458846,600611.4370097907,16.246369930084995,-1,-0.013381547004848452,0.9999675092736177,0.0,0.5999805055641706,8.0,0.4375,1.125,O7,de-protonated,,0.0,,C16 H18 O7,16.0,18.0,7.0,,,,
284,638,323.0046398010326,323.0044535045091,323.0044700012191,4824105.683987764,89.24138467025583,678670.399588267,26.116386807268256,-1,-0.05107269869944034,0.9995268175035765,0.0,0.5997160905021459,10.0,0.7692307692307693,0.6153846153846154,O10,de-protonated,,0.0,,C13 H8 O10,13.0,8.0,10.0,,,,
285,639,323.0229187207403,323.0227324143822,323.02271732330905,1540042.3394087947,61.84104069677841,558186.0455569637,8.356466174294999,-1,0.04671830281360962,0.999604048539797,0.0,0.5997624291238782,14.0,0.25,0.5625,N2 P1 O4,de-protonated,,0.0,,C16 H9 O4 N2 P1,16.0,9.0,4.0,2.0,1.0,,
286,640,323.0410361528619,323.04084983675614,323.0408555105691,8877318.477422483,96.1934952765091,642790.461345887,49.53893107912071,-1,-0.01756376276668769,0.9999440272301781,0.0,0.5999664163381068,9.0,0.6428571428571429,0.8571428571428571,O9,de-protonated,,0.0,,C14 H12 O9,14.0,12.0,9.0,,,,
287,641,323.0774262547743,323.0772399190898,323.0772410199191,8135484.1410015635,79.53487933678576,661834.0511117743,44.00683383113279,-1,-0.0034073254591462355,0.9999978934071425,0.0,0.5999987360442854,8.0,0.5333333333333333,1.0666666666666667,O8,de-protonated,,0.0,,C15 H16 O8,15.0,16.0,8.0,,,,
288,643,323.11381789615524,323.1136315408912,323.1136265292691,4017583.690796175,213.8225917581236,683929.6129408374,22.267246854601964,-1,0.015510401680627048,0.9999563493776881,0.0,0.5999738096266128,7.0,0.4375,1.25,O7,de-protonated,,0.0,,C16 H20 O7,16.0,20.0,7.0,,,,
289,645,323.15015299630954,323.14996662149656,323.1500120386191,1562213.5954038482,131.251215314135,527794.6912978798,8.49601832625855,-1,-0.14054501262422134,0.9964222774953936,0.0,0.5978533664972361,6.0,0.35294117647058826,1.411764705882353,O6,de-protonated,,0.0,,C17 H24 O6,17.0,24.0,6.0,,,,
290,657,325.02030273680873,325.02011535597313,325.02012006567907,7932722.7785099875,125.50933049851987,646981.6094262723,44.16235463730113,-1,-0.014490505796195935,0.9999619010817429,0.0,0.5999771406490457,9.0,0.7692307692307693,0.7692307692307693,O10,de-protonated,,0.0,,C13 H10 O10,13.0,10.0,10.0,,,,
291,658,325.0566945561116,325.0565071557025,325.0565055750291,11401918.241805987,81.64107462210661,669430.7742285915,62.00836714511757,-1,0.004862764912751669,0.9998201696718362,0.9962077601939211,0.9983752058806702,8.0,0.6428571428571429,1.0,O9,de-protonated,,0.0,,C14 H14 O9,14.0,14.0,9.0,,,,
292,659,325.09308872473076,325.092901304747,325.0928910843791,12292371.179271176,127.07580528750766,664869.728890447,67.90704915050227,-1,0.03143830009712081,0.9997533481871712,0.9903643690192824,0.9959977565200158,7.0,0.5333333333333333,1.2,O8,de-protonated,,0.0,,C15 H18 O8,15.0,18.0,8.0,,,,
293,661,325.1294873700764,325.12929993051563,325.12927659372906,3140963.452395526,87.67384315084317,669584.0689142055,17.185049081601015,-1,0.07177694612264164,0.9990656258701122,0.0,0.5994393755220673,6.0,0.4375,1.375,O7,de-protonated,,0.0,,C16 H22 O7,16.0,22.0,7.0,,,,
294,663,325.16588370283523,325.1656962436988,325.1656621030791,1631046.0422687961,171.89484259614122,677201.7958003702,8.961886455450303,-1,0.10499454171918111,0.9980017354059828,0.0,0.5988010412435897,5.0,0.35294117647058826,1.5294117647058822,O6,de-protonated,,0.0,,C17 H26 O6,17.0,26.0,6.0,,,,
295,664,325.18447691534453,325.1842894462078,325.18428954768905,11281583.850489156,285.4655643855876,673360.2426290582,61.6528910167328,-1,-0.00031207303536933106,0.9999149854824685,0.9851422017879112,0.9940058720046456,4.0,0.16666666666666666,1.6666666666666667,S1 O3,de-protonated,,0.0,,C18 H30 O3 S1,18.0,30.0,3.0,,,1.0,
296,667,326.0600627812307,326.0598748411986,326.05986041009913,1669405.2652078152,33.472998628893215,810734.7548591057,9.17850472118477,-1,0.04425904945430893,0.9996446299576707,0.9962077601939211,0.9982698820521708,8.0,0.6428571428571429,1.0,13C1 O9,de-protonated,,1.0,658.0,C13 H14 O9 13C1,13.0,14.0,9.0,,,,1.0
297,668,326.0964474451554,326.0962594855568,326.0962459194491,1836041.8488661088,63.081438988529314,754722.4471169799,9.975548852797488,-1,0.04160154523377605,0.9996860181359402,0.9903643690192824,0.9959573584892771,7.0,0.5333333333333333,1.2,13C1 O8,de-protonated,,1.0,659.0,C14 H18 O8 13C1,14.0,18.0,8.0,,,,1.0
298,669,326.18784237650544,326.18765436775817,326.1876443827591,1961268.4188063368,93.74288350644443,669649.7615595931,10.730935625615114,-1,0.030611211752833156,0.999829988636148,0.9851422017879112,0.9939548738968533,4.0,0.16666666666666666,1.6666666666666667,13C1 S1 O3,de-protonated,,1.0,664.0,C17 H30 O3 S1 13C1,17.0,30.0,3.0,,,1.0,1.0
299,674,327.014867544706,327.01467909124847,327.01464076207907,1754872.792869535,72.23370387213481,581208.9111190542,9.756153429810015,-1,0.11720933750841618,0.9975103570364191,0.0,0.5985062142218515,13.0,0.5,0.5,O8,de-protonated,,0.0,,C16 H8 O8,16.0,8.0,8.0,,,,
300,676,327.0359610721328,327.0357726073336,327.03577013013904,9314811.321176944,130.95541863997738,654018.6969711834,51.96616651824793,-1,0.007574690021173048,0.9999895892672642,0.0,0.5999937535603586,8.0,0.7692307692307693,0.9230769230769231,O10,de-protonated,,0.0,,C13 H12 O10,13.0,12.0,10.0,,,,
301,677,327.07234428017165,327.07215579580975,327.0721556394891,15266514.218719507,158.45510052875275,664613.4047371178,83.35915210622755,-1,0.00047793934679887367,0.4999999792761999,0.8684926696514793,0.6473970554263118,7.0,0.6428571428571429,1.1428571428571428,O9,de-protonated,,0.0,,C14 H16 O9,14.0,16.0,9.0,,,,
302,678,327.1087301110213,327.10854160709545,327.10854114883904,10163296.992055943,157.88084048612114,681656.1162928813,55.1543430446988,-1,0.0014009307345205222,0.49999982194380777,0.860410506174987,0.6441640956362795,6.0,0.5333333333333333,1.3333333333333333,O8,de-protonated,,0.0,,C15 H20 O8,15.0,20.0,8.0,,,,
303,679,327.14511739041376,327.1449288669233,327.1449266581891,4481495.791067851,98.35580284983587,670875.9336028122,25.077729994644017,-1,0.006751546552535235,0.999991728989632,0.0,0.5999950373937791,5.0,0.4375,1.5,O7,de-protonated,,0.0,,C16 H24 O7,16.0,24.0,7.0,,,,
304,680,327.18151716179915,327.1813286187374,327.1813121675391,2769851.4699192676,37.70043138492539,707503.1693980044,15.11606692811156,-1,0.050281595188449026,0.9995413595960714,0.0,0.5997248157576428,4.0,0.35294117647058826,1.6470588235294117,O6,de-protonated,,0.0,,C17 H28 O6,17.0,28.0,6.0,,,,
305,681,327.2178953687923,327.21770680617107,327.2176976768891,1937656.7220970138,61.039359231991995,650907.4955468614,10.7239927324826,-1,0.02789971949044218,0.9998587713418935,0.0,0.5999152628051361,3.0,0.2777777777777778,1.7777777777777777,O5,de-protonated,,0.0,,C18 H32 O5,18.0,32.0,5.0,,,,
306,688,329.0152668801235,329.01507735124653,329.0150346852491,2088413.8903376467,65.1385411016604,755486.4275298301,11.361350322047473,-1,0.1296779568018116,0.9969533418160513,0.0,0.5981720050896308,8.0,0.9166666666666666,0.8333333333333334,O11,de-protonated,,0.0,,C12 H10 O11,12.0,10.0,11.0,,,,
307,689,329.03044787845727,329.03025834142034,329.0302908265391,2321571.668848548,129.2440400558982,609242.7510396021,12.902672597465791,-1,-0.09872987281514684,0.9982328762066136,0.0,0.5989397257239681,12.0,0.5,0.625,O8,de-protonated,,0.0,,C16 H10 O8,16.0,10.0,8.0,,,,
308,691,329.05160671983646,329.0514171714263,329.0514201945991,9454958.123297542,97.87795477735771,660151.8244441614,51.677342163935315,-1,-0.009187539074502819,0.9999846838750508,0.0,0.5999908103250304,7.0,0.7692307692307693,1.0769230769230769,O10,de-protonated,,0.0,,C13 H14 O10,13.0,14.0,10.0,,,,
309,692,329.08799154935645,329.087801981389,329.0878057039491,11009513.292469688,128.28691811673883,666786.9781839364,60.15322610010957,-1,-0.011311753239375468,0.9977154691983334,0.9575478142960533,0.9816484072374214,6.0,0.6428571428571429,1.2857142857142858,O9,de-protonated,,0.0,,C14 H18 O9,14.0,18.0,9.0,,,,
310,693,329.12438297673646,329.12419338920824,329.12419121329907,7785737.972002605,79.19552544845124,664094.8740269676,42.496060285497535,-1,0.006611210089747813,0.9999920692543309,0.0,0.5999952415525985,5.0,0.5333333333333333,1.4666666666666666,O8,de-protonated,,0.0,,C15 H22 O8,15.0,22.0,8.0,,,,
311,695,329.16076523849165,329.1605756314077,329.16057672264907,6338399.921378479,168.1272846344561,640294.4608278619,34.84221489621305,-1,-0.0033152249563831167,0.9999980057509159,0.0,0.5999988034505496,4.0,0.4375,1.625,O7,de-protonated,,0.0,,C16 H26 O7,16.0,26.0,7.0,,,,
312,696,329.19711495671123,329.19692533008924,329.19696223199907,2793650.9404328386,158.08362070474803,606761.1787941639,15.21326743196677,-1,-0.11209675074998557,0.9977225708798787,0.0,0.5986335425279272,3.0,0.35294117647058826,1.7647058823529411,O6,de-protonated,,0.0,,C17 H30 O6,17.0,30.0,6.0,,,,
313,698,330.0914029531621,330.09121284589276,330.09116053901914,2318542.0588331367,54.340007921417005,579814.5171019771,12.602739614141147,-1,0.1584619034556763,0.9954541555319478,0.9575478142960533,0.98029161903759,6.0,0.6428571428571429,1.2857142857142858,13C1 O9,de-protonated,,1.0,692.0,C13 H18 O9 13C1,13.0,18.0,9.0,,,,1.0
314,699,330.15606065822874,330.1558705162109,330.1558256948491,13635359.96911399,115.31597732818943,656084.3279150763,74.33894534846412,-1,0.13575820349201115,0.49833071678630586,0.8604105061749869,0.6431626325417783,4.0,0.4666666666666667,1.6666666666666667,N1 O7,de-protonated,,0.0,,C15 H25 O7 N1,15.0,25.0,7.0,1.0,,,
315,705,331.00976246860967,331.00957186782637,331.0095553816491,2554405.4576114262,75.14446524751753,652360.062157599,14.188496405607562,-1,0.04980574433365039,0.9995499974622817,0.0,0.599729998477369,12.0,0.6,0.5333333333333333,O9,de-protonated,,0.0,,C15 H8 O9,15.0,8.0,9.0,,,,
316,707,331.03086421810815,331.03067360598584,331.0306847497091,2022986.012021677,109.95126492056647,675600.1948599754,10.986434092891665,-1,-0.033663716941542715,0.9997943951709393,0.0,0.5998766371025636,7.0,0.9166666666666666,1.0,O11,de-protonated,,0.0,,C12 H12 O11,12.0,12.0,11.0,,,,
317,708,331.046155879076,331.0459652587368,331.0459408909991,2986818.3844931195,93.59702570346575,603265.3012970432,16.204712571289903,-1,0.07360832664366197,0.9990173604200164,0.0,0.5994104162520099,11.0,0.5,0.75,O8,de-protonated,,0.0,,C16 H12 O8,16.0,12.0,8.0,,,,
318,709,331.06727302826454,331.0670823965782,331.0670702590591,6666840.356142284,98.10483080388815,667437.1048234352,36.66403005418498,-1,0.03666181321931345,0.9997561466356494,0.0,0.5998536879813896,6.0,0.7692307692307693,1.2307692307692308,O10,de-protonated,,0.0,,C13 H16 O10,13.0,16.0,10.0,,,,
319,711,331.1036627911224,331.10347213988234,331.1034557684091,4671172.681212892,126.54101444171599,658190.584890819,25.2554680588364,-1,0.04944518986863921,0.999556487769312,0.0,0.5997338926615872,5.0,0.6428571428571429,1.4285714285714286,O9,de-protonated,,0.0,,C14 H20 O9,14.0,20.0,9.0,,,,
320,712,331.14000661522374,331.13981594445477,331.1398412777591,5121256.386423622,142.72350847317412,632757.8736748953,27.74380095752976,-1,-0.07650334142312738,0.9989385878568721,0.0,0.5993631527141232,4.0,0.5333333333333333,1.6,O8,de-protonated,,0.0,,C15 H24 O8,15.0,24.0,8.0,,,,
321,714,331.1764137002242,331.17622300989245,331.1762267871091,4146076.218812397,64.28481797564582,652754.104962782,22.947650381588428,-1,-0.011405458310063248,0.9999763966206924,0.0,0.5999858379724154,3.0,0.4375,1.75,O7,de-protonated,,0.0,,C16 H28 O7,16.0,28.0,7.0,,,,
322,715,331.21282486566014,331.2126341557635,331.2126122964591,1482731.0591735246,56.07599876531785,661711.6446141821,8.153733694825563,-1,0.0659978020143862,0.9992099744006855,0.0,0.5995259846404113,2.0,0.35294117647058826,1.8823529411764706,O6,de-protonated,,0.0,,C17 H32 O6,17.0,32.0,6.0,,,,
323,716,332.1352591412754,332.13506793576323,332.1350902499591,1522330.8806799168,136.8779395105266,546396.5427184007,8.460609571282724,-1,-0.06718409621569754,0.9991813298527984,0.0,0.599508797911679,4.0,0.5714285714285714,1.6428571428571428,N1 O8,de-protonated,,0.0,,C14 H23 O8 N1,14.0,23.0,8.0,1.0,,,
324,722,333.0254007612559,333.02520907754746,333.02520544610906,5999425.590140375,134.23430141882335,689589.9521373317,32.726021069422494,-1,0.010904395054581647,0.9999784249258237,0.0,0.5999870549554942,11.0,0.6,0.6666666666666666,O9,de-protonated,,0.0,,C15 H10 O9,15.0,10.0,9.0,,,,
325,723,333.06178220065516,333.06159049740353,333.06159095545905,4102346.7334530666,108.22090193044488,638757.2499506909,22.728254958600957,-1,-0.0013752877444177646,0.9999996568050414,0.0,0.5999997940830248,10.0,0.5,0.875,O8,de-protonated,,0.0,,C16 H14 O8,16.0,14.0,8.0,,,,
326,725,333.08294280461524,333.08275108999675,333.0827203235191,2051081.146681756,120.75062415179076,528080.5507973371,11.287755654842814,-1,0.09236887952133416,0.9984530757340101,0.0,0.599071845440406,5.0,0.7692307692307693,1.3846153846153846,O10,de-protonated,,0.0,,C13 H18 O10,13.0,18.0,10.0,,,,
327,727,333.1193257037925,333.11913396963024,333.1191058328691,1969792.6779051514,90.87179361832298,643399.3737424446,10.812861764578791,-1,0.08446456737705042,0.9987063348322123,0.0,0.5992238008993274,4.0,0.6428571428571429,1.5714285714285714,O9,de-protonated,,0.0,,C14 H22 O9,14.0,22.0,9.0,,,,
328,729,333.1556787013745,333.1554869476846,333.1554913422191,1888924.7587205167,205.48775804806715,567881.623330122,10.347687924700288,-1,-0.013190640963849955,0.9999684296954353,0.0,0.5999810578172612,3.0,0.5333333333333333,1.7333333333333334,O8,de-protonated,,0.0,,C15 H26 O8,15.0,26.0,8.0,,,,
329,731,334.11461411692676,334.1144218481697,334.1143548050691,3065208.12695486,74.70547946070973,632394.0382068098,17.09895720675783,-1,0.20065914437139123,0.9927207563307778,0.0,0.5956324537984666,4.0,0.6923076923076923,1.6153846153846154,N1 O9,de-protonated,,0.0,,C13 H21 O9 N1,13.0,21.0,9.0,1.0,,,
330,735,334.9712019227451,334.97100919396047,334.9710756726691,1846773.6458284825,116.75742225015121,569370.3546333382,10.15745265286938,-1,-0.1984610417018244,0.9928787963832143,0.0,0.5957272778299285,12.0,0.6666666666666666,0.4166666666666667,N2 P1 O8,de-protonated,,0.0,,C12 H5 O8 N2 P1,12.0,5.0,8.0,2.0,1.0,,
331,737,335.00470685856703,335.00451411178994,335.0044700012191,4766687.273004737,123.89812058413712,619634.1436378028,25.93864874307587,-1,0.1316715889028792,0.9968590932177323,0.0,0.5981154559306393,11.0,0.7142857142857143,0.5714285714285714,O10,de-protonated,,0.0,,C14 H8 O10,14.0,8.0,10.0,,,,
332,738,335.022900049975,335.0227072934281,335.02271732330905,1714187.3456837914,143.21867886116152,610997.305344256,9.297922483064028,-1,-0.029937913012485738,0.9998373846423224,0.0,0.5999024307853934,15.0,0.23529411764705882,0.5294117647058824,N2 P1 O4,de-protonated,,0.0,,C17 H9 O4 N2 P1,17.0,9.0,4.0,2.0,1.0,,
333,739,335.04105621269065,335.04086344639376,335.0408555105691,7819687.082071843,96.19160470420445,640928.3833642687,42.46828871296748,-1,0.023686140179260764,0.9998982064375597,0.0,0.5999389238625358,10.0,0.6,0.8,O9,de-protonated,,0.0,,C15 H12 O9,15.0,12.0,9.0,,,,
334,740,335.0774337709326,335.07724098510084,335.0772410199191,4534584.468859259,172.7594529183338,649041.3721559996,24.783351325825382,-1,-0.00010391109347030244,0.999999998040805,0.0,0.599999998824483,9.0,0.5,1.0,O8,de-protonated,,0.0,,C16 H16 O8,16.0,16.0,8.0,,,,
335,743,335.1138254248498,335.11363261947577,335.1136265292691,2860005.0571909957,158.8528117424285,615743.7616872308,15.899225273459246,-1,0.018173557265187996,0.9999400732531347,0.0,0.5999640439518809,8.0,0.4117647058823529,1.1764705882352942,O7,de-protonated,,0.0,,C17 H20 O7,17.0,20.0,7.0,,,,
336,746,335.1713432409803,335.17115040471947,335.17114140667906,5472799.7439369345,76.0707743956059,634210.4899316394,29.887766356850378,-1,0.026846107264291725,0.999869236037062,0.0,0.5999215416222372,2.0,0.5333333333333333,1.8666666666666667,O8,de-protonated,,0.0,,C15 H28 O8,15.0,28.0,8.0,,,,
337,755,337.0203162384752,337.020122409474,337.02012006567907,7950504.4401088115,205.42615766331346,656720.7783484679,43.72911810583219,-1,0.006954465983582434,0.9999912243458955,0.0,0.5999947346075373,10.0,0.7142857142857143,0.7142857142857143,O10,de-protonated,,0.0,,C14 H10 O10,14.0,10.0,10.0,,,,
338,756,337.0567103052068,337.05651645666813,337.0565055750291,10040953.588127477,94.91618809767672,630037.4131605505,54.79886691631403,-1,0.032284316824846754,0.4999054490345629,0.860410506174987,0.6441074718907326,9.0,0.6,0.9333333333333333,O9,de-protonated,,0.0,,C15 H14 O9,15.0,14.0,9.0,,,,
339,757,337.0930816556612,337.0928877875972,337.0928910843791,6448115.347817729,105.42404304662476,641347.2675436151,35.11437630700764,-1,-0.00978003990520164,0.9999826447324474,0.0,0.5999895868394683,8.0,0.5,1.125,O8,de-protonated,,0.0,,C16 H18 O8,16.0,18.0,8.0,,,,
340,759,337.1294693455978,337.1292754579999,337.12927659372906,3250743.4499513535,82.17876930431161,665086.6449771327,17.97098458420171,-1,-0.0033688239411714636,0.9999979407455615,0.0,0.5999987644473369,7.0,0.4117647058823529,1.2941176470588236,O7,de-protonated,,0.0,,C17 H22 O7,17.0,22.0,7.0,,,,
341,762,337.16187891103186,337.16168500603567,337.1616393510791,3414936.502511742,71.18322273004432,653109.86106428,18.68193684097124,-1,0.13540970042612382,0.9966785238885858,0.0,0.5980071143331515,2.0,0.6153846153846154,2.0,N2 O8,de-protonated,,0.0,,C13 H26 O8 N2,13.0,26.0,8.0,2.0,,,
342,769,338.99955454108886,338.9993596497286,338.99938462078904,1906637.7837451568,68.34406751785323,617486.1623850379,10.324082088049739,-1,-0.07366107896827409,0.9990159521669887,0.0,0.5994095713001932,10.0,0.8461538461538461,0.6153846153846154,O11,de-protonated,,0.0,,C13 H8 O11,13.0,8.0,11.0,,,,
343,771,339.03598692250773,339.0357920115955,339.03577013013904,11656331.693718871,47.04123893423776,654373.4620935395,63.841290932101515,-1,0.06454025913982606,0.9960523409337396,0.994906964237809,0.9955941902553673,9.0,0.7142857142857143,0.8571428571428571,O10,de-protonated,,0.0,,C14 H12 O10,14.0,12.0,10.0,,,,
344,772,339.07234926807075,339.07215433764424,339.0721556394891,11781450.909493467,89.1167303319495,660085.0902997003,63.9745944802458,-1,-0.0038394331106025243,0.9995984495090761,0.9957750573923214,0.9980690926623741,8.0,0.6,1.0666666666666667,O9,de-protonated,,0.0,,C15 H16 O9,15.0,16.0,9.0,,,,
345,773,339.1087366962344,339.1085417462802,339.10854114883904,5844877.103006064,217.57400450485707,633050.7582238594,32.33721905400165,-1,0.0017617992040396605,0.99999943679497,0.0,0.599999662076982,7.0,0.5,1.25,O8,de-protonated,,0.0,,C16 H20 O8,16.0,20.0,8.0,,,,
346,775,339.1451519976652,339.14495702816856,339.1449266581891,2556815.5188202877,116.41998378878803,688181.454053044,13.874677636017886,-1,0.08954867693047598,0.9985460272812259,0.0,0.5991276163687355,6.0,0.4117647058823529,1.411764705882353,O7,de-protonated,,0.0,,C17 H24 O7,17.0,24.0,7.0,,,,
347,777,339.20013397869053,339.1999389796876,339.1999396121491,6841521.992297167,103.07472724997157,667274.9062738862,37.197244246762125,-1,-0.0018645683707010433,0.9999993691729365,0.0,0.5999996215037618,4.0,0.15789473684210525,1.6842105263157894,S1 O3,de-protonated,,0.0,,C19 H32 O3 S1,19.0,32.0,3.0,,,1.0,
348,778,340.0392528416544,340.0390573923682,340.0391249652091,1686757.1657757242,80.30310273679635,627621.8064420598,9.352077049497645,-1,-0.19872078228085382,0.9928602108438183,0.994906964237809,0.9936789122014145,9.0,0.7142857142857143,0.8571428571428571,13C1 O10,de-protonated,,1.0,771.0,C13 H12 O10 13C1,13.0,12.0,10.0,,,,1.0
349,779,340.0757285349673,340.0755330661091,340.0755104745591,1978943.3447683032,50.11925612314562,713051.6944735653,10.730935625615114,-1,0.06643098155631698,0.999199573794407,0.9957750573923214,0.9978297672335728,8.0,0.6,1.0666666666666667,13C1 O9,de-protonated,,1.0,772.0,C14 H16 O9 13C1,14.0,16.0,9.0,,,,1.0
350,786,341.0152326104369,341.0150366375012,341.0150346852491,3171569.172618107,94.33211948601186,680216.5381611382,17.390558718323458,-1,0.005724827206480526,0.9999940532825707,0.0,0.5999964319695424,9.0,0.8461538461538461,0.7692307692307693,O11,de-protonated,,0.0,,C13 H10 O11,13.0,10.0,11.0,,,,
351,788,341.05162134635145,341.0514253538935,341.0514201945991,12851636.538799072,75.78650993418812,644155.3779817143,70.01768866278682,-1,0.015127614482040667,0.9992845741752904,0.9903438360686222,0.9957082789326231,8.0,0.7142857142857143,1.0,O10,de-protonated,,0.0,,C14 H14 O10,14.0,14.0,10.0,,,,
352,789,341.0880118971613,341.08781588518013,341.0878057039491,15201876.205553068,202.5075312947167,642799.7947915505,82.4038100111935,-1,0.029849296549216798,0.9989161358739038,0.9958541394971653,0.9976913373232085,7.0,0.6,1.2,O9,de-protonated,,0.0,,C15 H18 O9,15.0,18.0,9.0,,,,
353,791,341.12440032631406,341.1242042948109,341.12419121329907,5989949.792465547,147.9497282481862,641911.5194361618,32.476076916651955,-1,0.03834823848663721,0.9997331994466653,0.0,0.5998399196679991,6.0,0.5,1.375,O8,de-protonated,,0.0,,C16 H22 O8,16.0,22.0,8.0,,,,
354,793,341.16074391887366,341.16054786787276,341.16057672264907,3687992.2135060774,134.4142506485503,581985.1477689017,20.37600276530489,-1,-0.08457828445662083,0.9987028513517091,0.0,0.5992217108110255,5.0,0.4117647058823529,1.5294117647058822,O7,de-protonated,,0.0,,C17 H26 O7,17.0,26.0,7.0,,,,
355,794,341.19715422599995,341.19695815546555,341.19696223199907,2092891.562911448,68.54850208853745,722296.8062608608,11.5140939709628,-1,-0.011947742698646732,0.9999740987975567,0.0,0.599984459278534,4.0,0.3333333333333333,1.6666666666666667,O6,de-protonated,,0.0,,C18 H30 O6,18.0,30.0,6.0,,,,
356,796,342.0550015017979,342.05480497107686,342.0547750296691,2112371.690012145,130.29271126540309,588902.7183437613,11.521036864095317,-1,0.08753395643098855,0.9986106710622874,0.9903438360686222,0.9953039370648213,8.0,0.7142857142857143,1.0,13C1 O10,de-protonated,,1.0,788.0,C13 H14 O10 13C1,13.0,14.0,10.0,,,,1.0
357,797,342.0913211013301,342.091124551127,342.09116053901914,2381565.18875231,103.90918091547934,694388.3490879342,12.999873101321002,-1,-0.10519971369765851,0.997993925922431,0.9958541394971653,0.9971380113523247,7.0,0.6,1.2,13C1 O9,de-protonated,,1.0,789.0,C14 H18 O9 13C1,14.0,18.0,9.0,,,,1.0
358,803,343.00978565979375,343.00958861695847,343.0095553816491,2739721.8100750814,25.449581631117045,675374.019164118,14.899448662377093,-1,0.09689324646121693,0.9982979552027162,0.0,0.5989787731216297,13.0,0.5625,0.5,O9,de-protonated,,0.0,,C16 H8 O9,16.0,8.0,9.0,,,,
359,805,343.0308817943764,343.0306847402267,343.0306847497091,5498179.873925292,138.6113919878836,634612.3648014122,30.620935871643958,-1,-2.7642984089319406e-05,0.9999999998613488,0.0,0.5999999999168093,8.0,0.8461538461538461,0.9230769230769231,O11,de-protonated,,0.0,,C13 H12 O11,13.0,12.0,11.0,,,,
360,807,343.04614093509906,343.0459438727656,343.0459408909991,2066173.343657904,62.030681899863694,694427.0849661528,11.702940664167208,-1,0.008692032594070084,0.9999862913861296,0.0,0.5999917748316778,12.0,0.47058823529411764,0.7058823529411765,O8,de-protonated,,0.0,,C17 H12 O8,17.0,12.0,8.0,,,,
361,809,343.067265385956,343.067068312293,343.0670702590591,14475573.439223833,22.5878628572341,641607.8938549256,80.10432380570454,-1,-0.005674593401568048,0.9988728195177159,0.9762759742193975,0.9898340813983886,7.0,0.7142857142857143,1.1428571428571428,O10,de-protonated,,0.0,,C14 H16 O10,14.0,16.0,10.0,,,,
362,811,343.10365850317595,343.10346140999457,343.1034557684091,10972296.485330205,39.49440948266822,652111.8129749424,59.631120536544444,-1,0.016442811534761993,0.9950523258796325,0.9922632546730606,0.9939366973970039,6.0,0.6,1.3333333333333333,O9,de-protonated,,0.0,,C15 H20 O9,15.0,20.0,9.0,,,,
363,813,343.1400431763926,343.1398460636976,343.1398412777591,5497860.418375737,108.2034444950661,627710.6631194844,29.848886155308293,-1,0.013947486990652166,0.9999647029757355,0.0,0.5999788217854413,5.0,0.5,1.5,O8,de-protonated,,0.0,,C16 H24 O8,16.0,24.0,8.0,,,,
364,815,343.17640483206594,343.1762076998697,343.1762267871091,4422431.504469228,111.18882815020298,649800.8403606439,24.41121225392258,-1,-0.055619352195479935,0.9994388437571557,0.0,0.5996633062542934,4.0,0.4117647058823529,1.6470588235294117,O7,de-protonated,,0.0,,C17 H28 O7,17.0,28.0,7.0,,,,
365,816,343.2128487082146,343.21265155647313,343.2126122964591,1709933.2084622835,166.17644450979043,590644.6412517892,9.4242831380758,-1,0.1143897765636707,0.9976285564580277,0.0,0.5985771338748166,3.0,0.3333333333333333,1.7777777777777777,O6,de-protonated,,0.0,,C18 H32 O6,18.0,32.0,6.0,,,,
366,817,344.07058438254234,344.07038677082124,344.07042509412906,1748706.5068195611,74.72529643525189,614175.8713069417,9.764484901569032,-1,-0.11138216197781489,0.9977514818493745,0.9762759742193975,0.9891612787973836,7.0,0.7142857142857143,1.1428571428571428,13C1 O10,de-protonated,,1.0,809.0,C13 H16 O10 13C1,13.0,16.0,10.0,,,,1.0
367,818,344.1069278772352,344.10673024602545,344.1068106034791,1666453.9874124448,57.92480497857726,613331.703774689,9.19655624332931,-1,-0.23352474055378133,0.9901537081207701,0.9922632546730606,0.9909975267416864,6.0,0.6,1.3333333333333333,13C1 O9,de-protonated,,1.0,811.0,C14 H20 O9 13C1,14.0,20.0,9.0,,,,1.0
368,820,344.1352931495114,344.13509550309135,344.1350902499591,1840034.0266600314,103.2126764402683,572185.7463760375,10.114406715447787,-1,0.015264738781100936,0.9999577211271097,0.0,0.5999746326762658,5.0,0.5333333333333333,1.5333333333333334,N1 O8,de-protonated,,0.0,,C15 H23 O8 N1,15.0,23.0,8.0,1.0,,,
369,826,345.02539602013195,345.0251978964457,345.02520544610906,3820353.2355530513,97.7430830531836,645688.6538279173,20.892554014364002,-1,-0.02188148349161052,0.999913126266158,0.0,0.5999478757596948,12.0,0.5625,0.625,O9,de-protonated,,0.0,,C16 H10 O9,16.0,10.0,9.0,,,,
370,828,345.046523134477,345.04632499946337,345.0463348141691,4363367.5957177365,84.48256531872852,633049.2900936469,23.836340702550345,-1,-0.028444602158813694,0.9998532014799831,0.0,0.5999119208879898,7.0,0.8461538461538461,1.0769230769230769,O11,de-protonated,,0.0,,C13 H14 O11,13.0,14.0,11.0,,,,
371,829,345.0618133029334,345.0616151597219,345.06159095545905,2774084.7614438944,62.043325361081855,637218.954540583,15.388228338906146,-1,0.07014476104357426,0.9991076187057393,0.0,0.5994645712234435,11.0,0.47058823529411764,0.8235294117647058,O8,de-protonated,,0.0,,C17 H14 O8,17.0,14.0,8.0,,,,
372,830,345.0829261374197,345.08272798288857,345.0827203235191,7753160.267101123,72.17488655310488,614669.0368881598,43.35697903392939,-1,0.022195749123340706,0.9999106130678391,0.0,0.5999463678407034,6.0,0.7142857142857143,1.2857142857142858,O10,de-protonated,,0.0,,C14 H18 O10,14.0,18.0,10.0,,,,
373,831,345.1193007711789,345.1191025971456,345.1191058328691,4579020.645440051,98.94073251547489,686960.0504989243,24.85555741440354,-1,-0.009375671760333685,0.9999840502032341,0.0,0.5999904301219404,5.0,0.6,1.4666666666666666,O9,de-protonated,,0.0,,C15 H22 O9,15.0,22.0,9.0,,,,
374,833,345.1557036962605,345.15550550270996,345.1554913422191,4420020.280998382,95.19644351855604,658407.4484124823,24.802791426596425,-1,0.04102641051020428,0.9996946383076268,0.0,0.5998167829845761,4.0,0.5,1.625,O8,de-protonated,,0.0,,C16 H26 O8,16.0,26.0,8.0,,,,
375,834,345.19206723721857,345.19186902417204,345.1918768515691,2954492.6055876412,133.9855958178031,569715.0538670693,16.160278055241807,-1,-0.022675496054628597,0.9999067074073803,0.0,0.5999440244444282,3.0,0.4117647058823529,1.7647058823529411,O7,de-protonated,,0.0,,C17 H30 O7,17.0,30.0,7.0,,,,
376,836,346.15097542444676,346.1507766973303,346.1507403144191,2687071.3997102436,165.95758552189665,682403.0680816771,14.671721767630602,-1,0.10510713086728772,0.9979974517929072,0.0,0.5987984710757444,4.0,0.5333333333333333,1.6666666666666667,N1 O8,de-protonated,,0.0,,C15 H25 O8 N1,15.0,25.0,8.0,1.0,,,
377,843,347.0046629388978,347.00446375418596,347.0044700012191,4105344.898189688,59.422887258368355,608991.9613923522,22.295018427132025,-1,-0.01800274540329699,0.9999411944199897,0.0,0.5999647166519938,12.0,0.6666666666666666,0.5333333333333333,O10,de-protonated,,0.0,,C15 H8 O10,15.0,8.0,10.0,,,,
378,844,347.0410576749752,347.0408584707564,347.0408555105691,5811526.1818860695,91.56668811831793,617526.9678196063,32.287230223447544,-1,0.008529794891866319,0.9999867983523303,0.0,0.5999920790113982,11.0,0.5625,0.75,O9,de-protonated,,0.0,,C16 H12 O9,16.0,12.0,9.0,,,,
379,845,347.06219797531793,347.0619987597683,347.06198487862906,1886885.5855887176,51.85535227360448,603783.0468190826,10.21855011243551,-1,0.039996138568162226,0.9997097802732297,0.0,0.5998258681639378,6.0,0.8461538461538461,1.2307692307692308,O11,de-protonated,,0.0,,C13 H16 O11,13.0,16.0,11.0,,,,
380,846,347.0774374814466,347.0772382577289,347.0772410199191,2758906.076119439,48.88452649025545,701706.2028213392,14.963323279196231,-1,-0.007958430804114985,0.9999885077193856,0.0,0.5999931046316314,10.0,0.47058823529411764,0.9411764705882353,O8,de-protonated,,0.0,,C17 H16 O8,17.0,16.0,8.0,,,,
381,848,347.09855073247246,347.0983514974385,347.09837038797906,1807839.2445746928,85.46470248058505,609492.7476430206,9.792256474099093,-1,-0.054424169546671265,0.9994626951637161,0.0,0.5996776170982296,5.0,0.7142857142857143,1.4285714285714286,O10,de-protonated,,0.0,,C14 H20 O10,14.0,20.0,10.0,,,,
382,850,347.1349823391185,347.1347830845581,347.13475589732906,1864721.0849922725,153.16818312826283,573235.1548506621,10.27409325749563,-1,0.07831894836473931,0.9988876387162083,0.0,0.5993325832297249,4.0,0.6,1.6,O9,de-protonated,,0.0,,C15 H24 O9,15.0,24.0,9.0,,,,
383,853,347.17128348298286,347.17108420896596,347.17114140667906,1749628.2503625748,209.01844372975253,551461.7443636729,9.610352674027201,-1,-0.16475365106259218,0.9950869083142029,0.0,0.5970521449885217,3.0,0.5,1.75,O8,de-protonated,,0.0,,C16 H28 O8,16.0,28.0,8.0,,,,
384,855,348.093801516464,348.09360174803993,348.09361936017905,2328802.3009262807,79.20657386102589,669657.6284555615,12.88323249669475,-1,-0.05059598377627666,0.9995356076504492,0.0,0.5997213645902695,5.0,0.7692307692307693,1.4615384615384615,N1 O10,de-protonated,,0.0,,C13 H19 O10 N1,13.0,19.0,10.0,1.0,,,
385,856,348.1301822187847,348.1299824308645,348.1300048695291,2974835.6670791437,113.5076616408158,654646.9769096847,16.12417501095273,-1,-0.06445484236629646,0.999246468779449,0.0,0.5995478812676693,4.0,0.6428571428571429,1.6428571428571428,N1 O9,de-protonated,,0.0,,C14 H23 O9 N1,14.0,23.0,9.0,1.0,,,
386,862,349.02033154110717,349.02013127619864,349.02012006567907,7151420.82486471,129.68351224101212,635525.6240251525,39.10237412232423,-1,0.03211998085345069,0.9998128181503311,0.0,0.5998876908901987,11.0,0.6666666666666666,0.6666666666666666,O10,de-protonated,,0.0,,C15 H10 O10,15.0,10.0,10.0,,,,
387,864,349.05668109410897,349.05648080972395,349.0565055750291,5639328.423142857,100.36054599535817,651278.7602229303,30.63204450065598,-1,-0.07094927260946242,0.99908704073393,0.0,0.599452224440358,10.0,0.5625,0.875,O9,de-protonated,,0.0,,C16 H14 O9,16.0,14.0,9.0,,,,
388,867,349.09312322282494,349.09292291891387,349.0928910843791,2844793.9711884195,111.6675302451562,620923.4958704553,15.871453700929187,-1,0.09119215992459623,0.9984922087655109,0.0,0.5990953252593065,9.0,0.47058823529411764,1.0588235294117647,O8,de-protonated,,0.0,,C17 H18 O8,17.0,18.0,8.0,,,,
389,873,350.05491677394537,350.05471595473705,350.0547457280291,5505481.283642022,62.69671931393235,652263.0993880174,30.048841477524725,-1,-0.08505324501131366,0.9986882514119247,0.0,0.5992129508471549,10.0,0.42857142857142855,1.0,N3 P1 O6,de-protonated,,0.0,,C14 H14 O6 N3 P1,14.0,14.0,6.0,3.0,1.0,,
390,874,350.05869247571496,350.05849165448393,350.0584971538691,2904917.72052806,134.99424021287265,570307.4211551154,15.746481624543918,-1,-0.015709903380171822,0.9999552192738047,0.0,0.5999731315642828,0.0,1.0,2.3333333333333335,N1 S2 O9,de-protonated,,0.0,,C9 H21 O9 N1 S2,9.0,21.0,9.0,1.0,,2.0,
391,875,350.10951332972445,350.10931248126747,350.1092694246391,20164384.852989543,107.20111204306106,638112.2994540667,109.59773383262807,-1,0.12298054392015309,0.49862974663423554,0.8767281105990785,0.6498690922201728,4.0,0.7692307692307693,1.6153846153846154,N1 O10,de-protonated,,0.0,,C13 H21 O10 N1,13.0,21.0,10.0,1.0,,,
392,877,350.99961469066346,350.9994133653938,350.99938462078904,2201429.9644130873,79.19153820197283,654601.1358071803,12.01953659100989,-1,0.08189360447875302,0.9987838431718041,0.0,0.5992703059030825,11.0,0.7857142857142857,0.5714285714285714,O11,de-protonated,,0.0,,C14 H8 O11,14.0,8.0,11.0,,,,
393,879,351.035966254836,351.03576491009494,351.03577013013904,10568113.8871297,84.48213701022365,633803.9900155495,57.39828610512763,-1,-0.01487040508699742,0.9996143848061283,0.9996883556117728,0.9996439731283862,10.0,0.6666666666666666,0.8,O10,de-protonated,,0.0,,C15 H12 O10,15.0,12.0,10.0,,,,
394,881,351.0723573062038,351.07215594197015,351.0721556394891,7040855.479686208,182.50020818961113,620563.7262921368,38.17480359982023,-1,0.0008615922694390144,0.9999998653031665,0.0,0.5999999191818999,9.0,0.5625,1.0,O9,de-protonated,,0.0,,C16 H16 O9,16.0,16.0,9.0,,,,
395,884,351.10873275938627,351.1085313756686,351.10854114883904,4970335.700224495,96.60823632877342,618034.6869419564,27.188369506928563,-1,-0.027835182902072975,0.9998594239100521,0.0,0.5999156543460312,8.0,0.47058823529411764,1.1764705882352942,O8,de-protonated,,0.0,,C17 H20 O8,17.0,20.0,8.0,,,,
396,888,351.1451320674806,351.1449306642661,351.1449266581891,2076082.9437654852,131.33396557787103,543067.9540540709,11.558528487010896,-1,0.01140861422732196,0.9999763835568178,0.0,0.5999858301340907,7.0,0.3888888888888889,1.3333333333333333,O7,de-protonated,,0.0,,C18 H24 O7,18.0,24.0,7.0,,,,
397,891,352.0393044970007,352.0391026148718,352.0391249652091,1710080.5106959494,99.32144105256297,631738.2299270999,9.514540748798494,-1,-0.06348821968520427,0.9992688923643379,0.9996883556117728,0.9994366776633119,10.0,0.6666666666666666,0.8,13C1 O10,de-protonated,,1.0,879.0,C14 H12 O10 13C1,14.0,12.0,10.0,,,,1.0
398,895,353.01523034156037,353.015027936808,353.0150346852491,4827575.023968874,47.71100763867833,620333.8835800728,26.749578660953617,-1,-0.019116582631202386,0.9999336929134114,0.0,0.5999602157480468,10.0,0.7857142857142857,0.7142857142857143,O11,de-protonated,,0.0,,C14 H10 O11,14.0,10.0,11.0,,,,
399,896,353.05162900452086,353.051426580278,353.0514201945991,12279354.478312306,80.26739976314148,618146.6746172473,67.26274866780489,-1,0.018087107369015816,0.9965986107911995,0.9961476059442277,0.9964182088524107,9.0,0.6666666666666666,0.9333333333333333,O10,de-protonated,,0.0,,C15 H14 O10,15.0,14.0,10.0,,,,
400,897,353.08801314983174,353.08781070610627,353.0878057039491,10397649.827940725,90.40273267832558,629658.8100251101,56.298531832937265,-1,0.014166893090938697,0.49998179187786307,0.8524773804394659,0.6409800273025041,8.0,0.5625,1.125,O9,de-protonated,,0.0,,C16 H18 O9,16.0,18.0,9.0,,,,
401,898,353.1244050057324,353.1242025425204,353.12419121329907,5377325.217802392,156.060437866916,609775.0837011535,29.310117648225134,-1,0.03208282409006413,0.9998132509276596,0.0,0.5998879505565957,7.0,0.47058823529411764,1.2941176470588236,O8,de-protonated,,0.0,,C17 H22 O8,17.0,22.0,8.0,,,,
402,900,353.16082136389,353.1606188811783,353.16057672264907,1682027.351944738,82.86075911602781,572144.1324053179,9.407620194557763,-1,0.11937495868168388,0.9974176272076859,0.0,0.5984505763246115,6.0,0.3888888888888889,1.4444444444444444,O7,de-protonated,,0.0,,C18 H26 O7,18.0,26.0,7.0,,,,
403,902,354.05504636153256,354.05484340003176,354.0547750296691,2056338.9259937871,144.8867756247267,536375.465659224,11.180835100602083,-1,0.193106737971342,0.9932565795704222,0.9961476059442277,0.9944129901199443,9.0,0.6666666666666666,0.9333333333333333,13C1 O10,de-protonated,,1.0,896.0,C14 H14 O10 13C1,14.0,14.0,10.0,,,,1.0
404,904,355.0097690103145,355.00956553770783,355.0095553816491,1685675.7362445516,210.12777091902657,601562.2358999936,9.32291689834108,-1,0.028607846170861553,0.9998515118124895,0.0,0.5999109070874937,14.0,0.5294117647058824,0.47058823529411764,O9,de-protonated,,0.0,,C17 H8 O9,17.0,8.0,9.0,,,,
405,906,355.0308944964855,355.03069101257023,355.0306847497091,8448931.32484235,125.36918552425843,622203.9759778407,46.278548464091685,-1,0.01764033755220776,0.9999435381180276,0.0,0.5999661228708165,9.0,0.7857142857142857,0.8571428571428571,O11,de-protonated,,0.0,,C14 H12 O11,14.0,12.0,11.0,,,,
406,908,355.06727317122323,355.06706966783446,355.0670702590591,15290260.205314174,143.62019278683007,634549.4899942086,83.08143638092696,-1,-0.0016651069542277133,0.9999996894151761,0.9952482681168155,0.998099120895832,8.0,0.6666666666666666,1.0666666666666667,O10,de-protonated,,0.0,,C15 H16 O10,15.0,16.0,10.0,,,,
407,909,355.10367413588904,355.1034706130149,355.1034557684091,8715715.91783511,98.00195524793833,622843.4061124735,48.0503747915095,-1,0.041803608383556685,0.49984148056322364,0.8524773804394659,0.6408958405137205,7.0,0.5625,1.25,O9,de-protonated,,0.0,,C16 H20 O9,16.0,20.0,9.0,,,,
408,910,355.1400629534016,355.13985941104875,355.1398412777591,3560192.005370001,242.21696809736073,559738.3625204024,19.745588068872532,-1,0.051059575793952684,0.99952706057916,0.0,0.5997162363474959,6.0,0.47058823529411764,1.411764705882353,O8,de-protonated,,0.0,,C17 H24 O8,17.0,24.0,8.0,,,,
409,912,355.17644144286,355.176237881034,355.1762267871091,3905497.89718757,143.83508882823128,592482.6291817416,21.525745868049366,-1,0.031234987238644426,0.9998229898973797,0.0,0.5998937939384278,5.0,0.3888888888888889,1.5555555555555556,O7,de-protonated,,0.0,,C18 H28 O7,18.0,28.0,7.0,,,,
410,914,356.07062942182284,356.07042538138097,356.07042509412906,2383026.413889948,70.49802626782845,621701.913914375,13.030421831104068,-1,0.0008067277913285363,0.9999998819114365,0.9952482681168155,0.9980992363935881,8.0,0.6666666666666666,1.0666666666666667,13C1 O10,de-protonated,,1.0,908.0,C14 H16 O10 13C1,14.0,16.0,10.0,,,,1.0
411,917,357.01016860881833,357.0099640655596,357.0099493048191,2251751.509541968,166.21327146834693,564547.2792014927,12.241709171250369,-1,0.041345459775209197,0.9996898711794305,0.0,0.5998139227076583,9.0,0.9230769230769231,0.7692307692307693,O12,de-protonated,,0.0,,C13 H10 O12,13.0,10.0,12.0,,,,
412,918,357.02542553068605,357.0252209792628,357.02520544610906,2628124.7962757084,197.25494462173168,528719.4448326323,14.260702494185717,-1,0.04350716289574304,0.9996565996157033,0.0,0.599793959769422,13.0,0.5294117647058824,0.5882352941176471,O9,de-protonated,,0.0,,C17 H10 O9,17.0,10.0,9.0,,,,
413,920,357.046537229359,357.04633266663825,357.0463348141691,8355063.514705815,159.75814608386608,635042.4086776926,45.70089975546644,-1,-0.006014711891512224,0.9999934357961239,0.0,0.5999960614776743,8.0,0.7857142857142857,1.0,O11,de-protonated,,0.0,,C14 H14 O11,14.0,14.0,11.0,,,,
414,922,357.0829179173501,357.082713335161,357.0827203235191,12795102.219955495,178.54211733400481,614485.6188719184,71.4507018053379,-1,-0.01957069808013112,0.9989365497459715,0.9787851830092815,0.9908760030512955,7.0,0.6666666666666666,1.2,O10,de-protonated,,0.0,,C15 H18 O10,15.0,18.0,10.0,,,,
415,923,357.1193201380946,357.11911553642574,357.1191058328691,5823899.57414501,113.99992262386175,620848.8362663321,31.598495224702063,-1,0.02717176566128762,0.9998660445278595,0.0,0.5999196267167157,6.0,0.5625,1.375,O9,de-protonated,,0.0,,C16 H22 O9,16.0,22.0,9.0,,,,
416,924,357.1556952282856,357.15549060715153,357.1554913422191,4836480.6153784655,79.00378823905292,589310.5916134348,26.39687968982186,-1,-0.0020581163174841818,0.9999992314121882,0.0,0.5999995388473128,5.0,0.47058823529411764,1.5294117647058822,O8,de-protonated,,0.0,,C17 H26 O8,17.0,26.0,8.0,,,,
417,925,357.19209154884567,357.1918869082352,357.1918768515691,4765209.285914405,100.98345752213254,612207.6762279127,26.621829427315344,-1,0.02815480068481191,0.9998561772759805,0.0,0.5999137063655883,4.0,0.3888888888888889,1.6666666666666667,O7,de-protonated,,0.0,,C18 H30 O7,18.0,30.0,7.0,,,,
418,928,358.0862421276829,358.08603700863,358.0860751585891,1717981.6080036946,71.2183476094429,590912.1142175071,9.467329075497393,-1,-0.1065385161344078,0.9979425941418449,0.9787851830092815,0.9902796296888197,7.0,0.6666666666666666,1.2,13C1 O10,de-protonated,,1.0,922.0,C14 H18 O10 13C1,14.0,18.0,10.0,,,,1.0
419,929,358.18731284308745,358.18710766995787,358.18712582376907,1791005.2543357862,150.01935876604892,589632.7961592228,9.824193782508662,-1,-0.050682478203696237,0.999534018895272,0.0,0.5997204113371633,4.0,0.4117647058823529,1.7058823529411764,N1 O7,de-protonated,,0.0,,C17 H29 O7 N1,17.0,29.0,7.0,1.0,,,
420,932,359.02580966945055,359.02560404772686,359.02559936927906,2566221.2872754545,120.74953550534889,586569.0189399162,14.070467222354807,-1,0.013030958802722648,0.9999691894194739,0.0,0.5999815136516843,8.0,0.9230769230769231,0.9230769230769231,O12,de-protonated,,0.0,,C13 H12 O12,13.0,12.0,12.0,,,,
421,933,359.0410631882558,359.040857558372,359.0408555105691,3298011.88411874,70.74782106656548,600221.5804962397,17.89600133837055,-1,0.005703537331083904,0.9999940974303091,0.0,0.5999964584581854,12.0,0.5294117647058824,0.7058823529411765,O9,de-protonated,,0.0,,C17 H12 O9,17.0,12.0,9.0,,,,
422,934,359.06219091382735,359.0619852726411,359.06198487862906,6978250.516351299,101.00652261184892,601301.5727440602,38.10815182574809,-1,0.0010973370901397371,0.9999997815088261,0.0,0.5999998689052957,7.0,0.7857142857142857,1.1428571428571428,O11,de-protonated,,0.0,,C14 H16 O11,14.0,16.0,11.0,,,,
423,935,359.09855723395697,359.0983515733163,359.09837038797906,6434799.660192677,119.97455570404101,582991.6197338407,34.94219255732126,-1,-0.05239417477810876,0.9995020202533937,0.0,0.5997012121520362,6.0,0.6666666666666666,1.3333333333333333,O10,de-protonated,,0.0,,C15 H20 O10,15.0,20.0,10.0,,,,
424,936,359.13496752451744,359.1347618443989,359.13475589732906,4004727.9103247416,152.3856981584143,581407.2948597732,21.961759556771305,-1,0.016559438316171928,0.9999502452867712,0.0,0.5999701471720628,5.0,0.5625,1.5,O9,de-protonated,,0.0,,C16 H24 O9,16.0,24.0,9.0,,,,
425,937,359.1713494368986,359.1711437373175,359.17114140667906,5005810.7669994,62.90870903258426,656456.0557922334,27.14948930538648,-1,0.006488935688623566,0.9999923598988383,0.0,0.599995415939303,4.0,0.47058823529411764,1.6470588235294117,O8,de-protonated,,0.0,,C17 H28 O8,17.0,28.0,8.0,,,,
426,938,359.2076821554005,359.2074764363833,359.2075269160291,2107582.9266878325,38.282037076052,612628.5958967336,11.464105140408693,-1,-0.1405305904060911,0.9964230104087354,0.0,0.5978538062452412,3.0,0.3888888888888889,1.7777777777777777,O7,de-protonated,,0.0,,C18 H32 O7,18.0,32.0,7.0,,,,
427,941,361.02033011201786,361.0201234234702,361.02012006567907,6828163.355147969,127.2818425696621,579901.0273265911,37.175026988738075,-1,0.009300842054914197,0.9999843037842896,0.0,0.5999905822705738,12.0,0.625,0.625,O10,de-protonated,,0.0,,C16 H10 O10,16.0,10.0,10.0,,,,
428,942,361.056744780636,361.05653807261405,361.0565055750291,4496373.231279208,168.72337640347416,601696.6969755372,24.44731529821166,-1,0.0900069225273714,0.9985311193998498,0.0,0.5991186716399098,11.0,0.5294117647058824,0.8235294117647058,O9,de-protonated,,0.0,,C17 H14 O9,17.0,14.0,9.0,,,,
429,944,361.077811626056,361.07760490676776,361.0776349430891,2724447.75658898,61.75493759505073,567298.9773223726,14.873065668473537,-1,-0.08318521677165404,0.9987452028740337,0.0,0.5992471217244202,6.0,0.7857142857142857,1.2857142857142858,O11,de-protonated,,0.0,,C14 H18 O11,14.0,18.0,11.0,,,,
430,945,361.0931131856648,361.09290645819345,361.0928910843791,1889523.3328076138,47.95740867018175,730448.8674954128,10.51570593850715,-1,0.04257578787883034,0.9996711424667015,0.0,0.5998026854800209,10.0,0.4444444444444444,1.0,O8,de-protonated,,0.0,,C18 H18 O8,18.0,18.0,8.0,,,,
431,947,361.15060363863535,361.15039688041907,361.1504059617891,2184266.280732845,73.66707377463864,585354.2984915551,11.897341671877626,-1,-0.025145673032799073,0.9998852756929145,0.0,0.5999311654157486,4.0,0.5625,1.625,O9,de-protonated,,0.0,,C16 H26 O9,16.0,26.0,9.0,,,,
432,950,362.1458408662002,362.1456335757917,362.1456549339891,2298916.5413906393,89.38594701841483,656806.2559184706,12.799917779104572,-1,-0.05897681525568087,0.9993690725511803,0.0,0.5996214435307082,4.0,0.6,1.6666666666666667,N1 O9,de-protonated,,0.0,,C15 H25 O9 N1,15.0,25.0,9.0,1.0,,,
433,954,362.9995713429354,362.999363596071,362.99938462078904,1908413.3435571624,176.0976926940848,471222.6307327596,10.376848075856852,-1,-0.05791943158641524,0.9993914864687227,0.0,0.5996348918812335,12.0,0.7333333333333333,0.5333333333333333,O11,de-protonated,,0.0,,C15 H8 O11,15.0,8.0,11.0,,,,
434,955,363.0359766618838,363.0357688955563,363.03577013013904,9350192.155289853,142.37199144777892,623079.47529795,50.694228496371196,-1,-0.0034007192332207174,0.9962623646505333,0.9862379965130981,0.9922526173955593,11.0,0.625,0.75,O10,de-protonated,,0.0,,C16 H12 O10,16.0,12.0,10.0,,,,
435,956,363.0723903325754,363.07218254678054,363.0721556394891,4393778.219498304,117.05836608790773,612608.369552104,23.969644250694632,-1,0.07411003852571689,0.9990039261886802,0.0,0.5994023557132081,10.0,0.5294117647058824,0.9411764705882353,O9,de-protonated,,0.0,,C17 H16 O9,17.0,16.0,9.0,,,,
436,958,363.1086947117806,363.10848690657673,363.10854114883904,2643071.74811807,244.19805563879754,528522.5655063346,14.71199054779919,-1,-0.14938305261786955,0.9959591052582487,0.0,0.5975754631549492,9.0,0.4444444444444444,1.1111111111111112,O8,de-protonated,,0.0,,C18 H20 O8,18.0,20.0,8.0,,,,
437,963,364.0394072859872,364.03919898324756,364.0391249652091,1798038.1171338768,75.45726248518645,562091.3077216632,9.771427794701548,-1,0.20332440490823525,0.9925268277331992,0.9862379965130981,0.9900112952451587,11.0,0.625,0.75,13C1 O10,de-protonated,,1.0,955.0,C15 H12 O10 13C1,15.0,12.0,10.0,,,,1.0
438,964,364.08880163251723,364.08859330337464,364.0885339797491,1686751.051990219,163.67763975074595,533754.3092269151,9.185447614317285,-1,0.1629373627146442,0.9951943784061852,0.0,0.597116627043711,5.0,0.8461538461538461,1.4615384615384615,N1 O11,de-protonated,,0.0,,C13 H19 O11 N1,13.0,19.0,11.0,1.0,,,
439,969,365.01522595359484,365.015017129286,365.0150346852491,6196208.896404405,92.9191969446221,593735.8867695564,34.57560779992448,-1,-0.048096547893243656,0.9995803468395094,0.0,0.5997482081037055,11.0,0.7333333333333333,0.6666666666666666,O11,de-protonated,,0.0,,C15 H10 O11,15.0,10.0,11.0,,,,
440,970,365.05163157900085,365.051422735235,365.0514201945991,9152913.149071174,125.0752493541271,616094.3885307332,49.78332091738523,-1,0.00695966593251954,0.9996697147896628,0.9713746344223756,0.9883516826427479,10.0,0.625,0.875,O10,de-protonated,,0.0,,C16 H14 O10,16.0,14.0,10.0,,,,
441,971,365.0880086832836,365.0877998200761,365.0878057039491,6223552.760884712,77.41904342204552,586081.5946606152,33.72579768050465,-1,-0.016116322925384792,0.9999528723791151,0.0,0.5999717234274691,9.0,0.5294117647058824,1.0588235294117647,O9,de-protonated,,0.0,,C17 H18 O9,17.0,18.0,9.0,,,,
442,973,365.12440889902047,365.12420001635905,365.12419121329907,3623577.7682737513,63.16382475826584,606134.4391658816,19.94554339108896,-1,0.024109769212559085,0.9998945328933929,0.0,0.5999367197360357,8.0,0.4444444444444444,1.2222222222222223,O8,de-protonated,,0.0,,C18 H22 O8,18.0,22.0,8.0,,,,
443,977,366.054962466874,366.05475308692144,366.0547750296691,1956986.4250727352,99.00010074219159,566683.7623109823,10.619849335494875,-1,-0.059943891318189155,0.999348218361631,0.9713746344223756,0.9881587847859288,10.0,0.625,0.875,13C1 O10,de-protonated,,1.0,970.0,C15 H14 O10 13C1,15.0,14.0,10.0,,,,1.0
444,979,366.9945188567467,366.99430897476674,366.9942992403591,3212138.7565727294,94.34019255157608,581556.6258888465,17.357232831287387,-1,0.026524683480880672,0.9998723483220401,0.0,0.599923408993224,11.0,0.8571428571428571,0.5714285714285714,O12,de-protonated,,0.0,,C14 H8 O12,14.0,8.0,12.0,,,,
445,980,367.0308828920662,367.03067299065754,367.0306847497091,10855982.018841159,202.2662088372311,586077.5731119416,60.63645146213261,-1,-0.032038333749299056,0.9997804200041371,0.9874939469473306,0.9948658307814146,10.0,0.7333333333333333,0.8,O11,de-protonated,,0.0,,C15 H12 O11,15.0,12.0,11.0,,,,
446,981,367.06727368171886,367.06706376086737,367.0670702590591,9980728.386205774,93.75907782316379,604810.9901004189,54.26009840923088,-1,-0.017703009242985405,0.9996496400503507,0.9797173062703086,0.9916767065383338,9.0,0.625,1.0,O10,de-protonated,,0.0,,C16 H16 O10,16.0,16.0,10.0,,,,
447,983,367.1036589168766,367.10344897658536,367.1034557684091,7503946.43492798,99.0770324101446,590705.9076030327,41.94618314940235,-1,-0.018501116357790223,0.9999378936207836,0.0,0.5999627361724701,8.0,0.5294117647058824,1.1764705882352942,O9,de-protonated,,0.0,,C17 H20 O9,17.0,20.0,9.0,,,,
448,985,367.1400472136577,367.1398372539252,367.1398412777591,3267411.8989647957,116.50296014348422,511288.04079642217,17.729371903190188,-1,-0.010959948966133351,0.9999782045339863,0.0,0.5999869227203918,7.0,0.4444444444444444,1.3333333333333333,O8,de-protonated,,0.0,,C18 H24 O8,18.0,24.0,8.0,,,,
449,987,367.1764219976193,367.1762120184528,367.1762267871091,2411387.2866169782,122.11487756038777,502867.18701091054,13.233154310573504,-1,-0.04022225625743386,0.9997064899727511,0.0,0.5998238939836507,6.0,0.3684210526315789,1.4736842105263157,O7,de-protonated,,0.0,,C19 H28 O7,19.0,28.0,7.0,,,,
450,988,368.03423628061483,368.03402584317655,368.0340395847791,1947326.159179564,67.87495848201073,569583.0026213796,10.568471926314265,-1,-0.03733785762801958,0.9997470715453869,0.9874939469473306,0.9948458217061644,10.0,0.7333333333333333,0.8,13C1 O11,de-protonated,,1.0,980.0,C14 H12 O11 13C1,14.0,12.0,11.0,,,,1.0
451,989,368.07061362202404,368.0704031651532,368.07042509412906,2012532.9811147852,57.646406300505966,649540.5760564498,10.930890947831545,-1,-0.05957820666826655,0.9993561438736943,0.9797173062703086,0.9915006088323399,9.0,0.625,1.0,13C1 O10,de-protonated,,1.0,981.0,C15 H16 O10 13C1,15.0,16.0,10.0,,,,1.0
452,992,369.01017069759257,369.0099597388552,369.0099493048191,3361171.309855086,162.07399992505754,553374.8394875788,18.493090147766832,-1,0.028275758159294104,0.9998549389409601,0.0,0.599912963364576,10.0,0.8571428571428571,0.7142857142857143,O12,de-protonated,,0.0,,C14 H10 O12,14.0,10.0,12.0,,,,
453,993,369.02543760517995,369.0252266382883,369.02520544610906,1851802.225842972,90.36235999090414,581052.184813421,10.32963640255575,-1,0.05742745735048214,0.9994017770511354,0.0,0.5996410662306813,14.0,0.5,0.5555555555555556,O9,de-protonated,,0.0,,C18 H10 O9,18.0,10.0,9.0,,,,
454,994,369.04654266597294,369.04633168780884,369.0463348141691,12291208.622889753,147.45640739696907,584656.2122105871,67.18498826472072,-1,-0.008471457229041109,0.9958835009481338,0.9888092265355999,0.9930537911831202,9.0,0.7333333333333333,0.9333333333333333,O11,de-protonated,,0.0,,C15 H14 O11,15.0,14.0,11.0,,,,
455,995,369.0829354774638,369.08272447986207,369.0827203235191,12065444.733645955,137.21513867992093,611152.1559981932,65.51869391291713,-1,0.011261277629426223,0.9998509990749906,0.9872992796109604,0.9948303112893786,8.0,0.625,1.125,O10,de-protonated,,0.0,,C16 H18 O10,16.0,18.0,10.0,,,,
456,996,369.11931272798483,369.1191017109538,369.1191058328691,7858618.095891675,138.35300029016014,597635.7736520196,42.62380951913581,-1,-0.01116689759058296,0.9999773736770492,0.0,0.5999864242062295,7.0,0.5294117647058824,1.2941176470588236,O9,de-protonated,,0.0,,C17 H22 O9,17.0,22.0,9.0,,,,
457,997,369.1557267015321,369.1555156650523,369.1554913422191,3526306.685524192,67.24562795711121,586078.2489133823,19.154053573982257,-1,0.06588777299227813,0.9992126053695645,0.0,0.5995275632217386,6.0,0.4444444444444444,1.4444444444444444,O8,de-protonated,,0.0,,C18 H26 O8,18.0,26.0,8.0,,,,
458,998,369.19212722501516,369.19191616909393,369.1918768515691,2224941.2331697624,149.26320309280513,635215.9187674229,12.136177195636142,-1,0.10649618075880546,0.9979442272445681,0.0,0.5987665363467408,5.0,0.3684210526315789,1.5789473684210527,O7,de-protonated,,0.0,,C19 H30 O7,19.0,30.0,7.0,,,,
459,999,370.0498222383357,370.0496107243536,370.0496896492391,1810662.1636871875,95.39861878129278,541095.9726899876,9.87973692756878,-1,-0.21328185833796257,0.9917800235830742,0.9888092265355999,0.9905917047640844,9.0,0.7333333333333333,0.9333333333333333,13C1 O11,de-protonated,,1.0,994.0,C14 H14 O11 13C1,14.0,14.0,11.0,,,,1.0
460,1000,370.08627228365197,370.0860607502047,370.0860751585891,1880174.9278918633,114.94916283555699,570340.3867583427,10.318527773543726,-1,-0.0389325223756588,0.9997250085496754,0.9872992796109604,0.9947547169741895,8.0,0.625,1.125,13C1 O10,de-protonated,,1.0,995.0,C15 H18 O10 13C1,15.0,18.0,10.0,,,,1.0
461,1005,371.0046094958279,371.0043974720054,371.0044700012191,2600642.036961217,104.29150696760213,628041.9526353829,14.16905630483652,-1,-0.19549417745838052,0.9930893877923391,0.0,0.5958536326754035,14.0,0.5882352941176471,0.47058823529411764,O10,de-protonated,,0.0,,C17 H8 O10,17.0,8.0,10.0,,,,
462,1007,371.0258060403407,371.0255940052005,371.02559936927906,5081323.167064259,92.42077593114229,588641.9285132162,27.932647650734168,-1,-0.01445743520125384,0.9999620747806182,0.0,0.5999772448683709,9.0,0.8571428571428571,0.8571428571428571,O12,de-protonated,,0.0,,C14 H12 O12,14.0,12.0,12.0,,,,
463,1008,371.041082915005,371.04087087170785,371.0408555105691,2483822.1918432196,188.52470904460398,539535.6211014489,13.502538564115085,-1,0.04140012760430195,0.9996890506472599,0.0,0.5998134303883559,13.0,0.5,0.6666666666666666,O9,de-protonated,,0.0,,C18 H12 O9,18.0,12.0,9.0,,,,
464,1010,371.0621931455685,371.06198109099984,371.06198487862906,12572110.649664482,128.09351380904025,591794.9801518745,68.18476487580287,-1,-0.010207537769222697,0.4999905471728135,0.860410506174987,0.644158530773683,8.0,0.7333333333333333,1.0666666666666667,O11,de-protonated,,0.0,,C15 H16 O11,15.0,16.0,11.0,,,,
465,1011,371.0985812315981,371.09836915760053,371.09837038797906,10176377.197341107,106.91109453805403,589591.5918228461,56.30964046194929,-1,-0.0033155050733312255,0.9988572888952711,0.9788102595339956,0.9908384771507609,7.0,0.625,1.25,O10,de-protonated,,0.0,,C16 H20 O10,16.0,20.0,10.0,,,,
466,1012,371.13498031603075,371.1347682225985,371.13475589732906,4984419.380694471,55.6073090227296,600962.5130749351,27.44109081695211,-1,0.033209687969405155,0.9997999032824659,0.0,0.5998799419694796,6.0,0.5294117647058824,1.411764705882353,O9,de-protonated,,0.0,,C17 H24 O9,17.0,24.0,9.0,,,,
467,1013,371.17134549778586,371.17113338493715,371.17114140667906,4375525.486589387,107.70048415261233,617870.813649203,23.991861508718678,-1,-0.021611976284023754,0.9999152529890206,0.0,0.5999491517934123,5.0,0.4444444444444444,1.5555555555555556,O8,de-protonated,,0.0,,C18 H28 O8,18.0,28.0,8.0,,,,
468,1014,371.20773137102265,371.20751923874656,371.2075269160291,4185705.7573036654,80.91865216662207,594698.0700346777,22.703260543323903,-1,-0.020681915093340927,0.9999223898582578,0.0,0.5999534339149546,4.0,0.3684210526315789,1.6842105263157894,O7,de-protonated,,0.0,,C19 H32 O7,19.0,32.0,7.0,,,,
469,1015,371.24411386015953,371.24390170845794,371.2439124253791,1559018.4229892704,51.719794096304625,624836.964575592,8.441169470511682,-1,-0.028867601080301737,0.9998488032748719,0.0,0.5999092819649231,3.0,0.3,1.8,O6,de-protonated,,0.0,,C20 H36 O6,20.0,36.0,6.0,,,,
470,1017,372.10189606635566,372.10168345669643,372.1017252230491,2065326.7664829958,194.5563612219953,568875.1402478493,11.319692963252383,-1,-0.11224444770503268,0.9977165723766448,0.9788102595339956,0.9901540472395851,7.0,0.625,1.25,13C1 O10,de-protonated,,1.0,1011.0,C15 H20 O10 13C1,15.0,20.0,10.0,,,,1.0
471,1023,373.02033241849097,373.0201193185612,373.02012006567907,4208136.576250131,216.17530340760896,620808.0362239528,22.928210280817385,-1,-0.0020028888460136554,0.9999992721072961,0.0,0.5999995632643776,13.0,0.5882352941176471,0.5882352941176471,O10,de-protonated,,0.0,,C17 H10 O10,17.0,10.0,10.0,,,,
472,1025,373.04147021563733,373.04125710442486,373.0412494337391,5118124.831628483,181.33284764242006,597977.2135673038,27.927093336228154,-1,0.020562567203719496,0.9999232829599575,0.0,0.5999539697759745,8.0,0.8571428571428571,1.0,O12,de-protonated,,0.0,,C14 H14 O12,14.0,14.0,12.0,,,,
473,1026,373.05673233958896,373.05651922023003,373.0565055750291,2382645.4117547567,109.32759119890318,603003.5034043054,13.094296447923204,-1,0.03657676707100432,0.9997572765427115,0.0,0.5998543659256269,12.0,0.5,0.7777777777777778,O9,de-protonated,,0.0,,C18 H14 O9,18.0,14.0,9.0,,,,
474,1027,373.07784584678933,373.07763271616074,373.0776349430891,8645711.869566752,109.11928242075126,589805.1371408587,48.46139406495438,-1,-0.0059690749336664675,0.9999935350304126,0.0,0.5999961210182475,7.0,0.7333333333333333,1.2,O11,de-protonated,,0.0,,C15 H18 O11,15.0,18.0,11.0,,,,
475,1028,373.11423321794956,373.1140200678987,373.1140204524391,6198775.656512923,99.40453294138662,584832.6973770645,33.88687280117899,-1,-0.0010306243245582103,0.9999998072676738,0.0,0.5999998843606043,6.0,0.625,1.375,O10,de-protonated,,0.0,,C16 H22 O10,16.0,22.0,10.0,,,,
476,1029,373.15062928044404,373.1504161109664,373.1504059617891,4717487.306290325,94.51947285543125,599540.9822467972,25.62205281623319,-1,0.027198623190821794,0.9998657796021588,0.0,0.5999194677612952,5.0,0.5294117647058824,1.5294117647058822,O9,de-protonated,,0.0,,C17 H26 O9,17.0,26.0,9.0,,,,
477,1030,373.18700617432887,373.18679298543475,373.1867914711391,4774077.916354621,106.7517090153274,581116.034964537,26.557954810496206,-1,0.004057741849167555,0.9999970124030486,0.0,0.5999982074418292,4.0,0.4444444444444444,1.6666666666666667,O8,de-protonated,,0.0,,C18 H30 O8,18.0,30.0,8.0,,,,
478,1031,373.22341997475274,373.22320676642255,373.2231769804891,2537598.9616739424,102.95795288913914,531317.4495823786,13.956603774981563,-1,0.0798072984231007,0.9988449836867945,0.0,0.5993069902120767,3.0,0.3684210526315789,1.7894736842105263,O7,de-protonated,,0.0,,C19 H34 O7,19.0,34.0,7.0,,,,
479,1032,373.3074030215518,373.30718976839563,373.3071813884791,3169943.4858196243,64.18051406949488,617248.8584448162,17.215597811384082,-1,0.022447777510535078,0.9999085716941273,0.0,0.5999451430164764,1.0,0.2,2.1,N2 O4,de-protonated,,0.0,,C20 H42 O4 N2,20.0,42.0,4.0,2.0,,,
480,1038,374.9995243346729,374.99931017847484,374.99938462078904,2677693.1881854124,152.52961988998007,517451.74875634664,14.76753369285931,-1,-0.19851316363153315,0.9928750687598656,0.0,0.5957250412559194,13.0,0.6875,0.5,O11,de-protonated,,0.0,,C16 H8 O11,16.0,8.0,11.0,,,,
481,1039,375.03598433408945,375.03577015843626,375.03577013013904,6767625.338496943,97.3988212124192,575080.9683114075,36.791779287823246,-1,7.545206243468344e-05,0.9999999989670101,0.0,0.599999999380206,12.0,0.5882352941176471,0.7058823529411765,O10,de-protonated,,0.0,,C17 H12 O10,17.0,12.0,10.0,,,,
482,1040,375.05713045322767,375.0569162662909,375.05689949819913,2815120.797329277,125.36342357750353,515892.62564631016,15.40350270379768,-1,0.04470812772904886,0.9996373830997286,0.0,0.5997824298598371,7.0,0.8571428571428571,1.1428571428571428,O12,de-protonated,,0.0,,C14 H16 O12,14.0,16.0,12.0,,,,
483,1041,375.0723533030246,375.072139107965,375.0721556394891,3342802.956525842,90.94022361978962,634255.1716732654,18.42643837369469,-1,-0.04407558352750568,0.99964756954612,0.0,0.5997885417276719,11.0,0.5,0.8888888888888888,O9,de-protonated,,0.0,,C18 H16 O9,18.0,16.0,9.0,,,,
484,1043,375.09350492710905,375.09329072076304,375.09328500754907,3238619.789307616,94.91203437549439,581972.4339295377,17.559965310756823,-1,0.0152314482670727,0.9999579053321673,0.0,0.5999747431993003,6.0,0.7333333333333333,1.3333333333333333,O11,de-protonated,,0.0,,C15 H20 O11,15.0,20.0,11.0,,,,
485,1044,375.10880970447863,375.1085954899661,375.10854114883904,1486475.577369016,48.9010154831511,600515.8714781714,8.042647404705324,-1,0.1448677411816019,0.9961992389174866,0.0,0.5977195433504919,10.0,0.42105263157894735,1.0526315789473684,O8,de-protonated,,0.0,,C19 H20 O8,19.0,20.0,8.0,,,,
486,1046,375.1298304912369,375.1296162655078,375.12967051689907,1889699.7793066162,33.08037445144174,624658.6197976936,10.361573710965319,-1,-0.14462036866628797,0.9962121834100732,0.0,0.597727310046044,5.0,0.625,1.5,O10,de-protonated,,0.0,,C16 H24 O10,16.0,24.0,10.0,,,,
487,1048,375.1662426604973,375.16602841533904,375.1660560262491,2744877.624261753,44.01750827138432,620726.6736527054,14.896671505124088,-1,-0.07359650383464977,0.9990176758984439,0.0,0.5994106055390663,4.0,0.5294117647058824,1.6470588235294117,O9,de-protonated,,0.0,,C17 H28 O9,17.0,28.0,9.0,,,,
488,1049,375.2026710339979,375.2024567694019,375.2024415355991,1676174.0267770775,36.287476201949275,590471.317284607,9.32708263422059,-1,0.040601555620020956,0.9997009290536916,0.0,0.599820557432215,3.0,0.4444444444444444,1.7777777777777777,O8,de-protonated,,0.0,,C18 H32 O8,18.0,32.0,8.0,,,,
489,1054,376.1614908417269,376.1612760655581,376.1613049984491,1842882.5725092562,117.56186146394822,509589.54291770986,10.036646312363619,-1,-0.07691618090408897,0.9989271075903123,0.0,0.5993562645541873,4.0,0.5625,1.6875,N1 O9,de-protonated,,0.0,,C16 H27 O9 N1,16.0,27.0,9.0,1.0,,,
490,1061,377.0152671373907,377.0150519057603,377.0150346852491,6367188.448420831,106.19297187629958,586485.4664074271,34.62559663047858,-1,0.045675927022796124,0.9996215170068621,0.0,0.5997729102041173,12.0,0.6875,0.625,O11,de-protonated,,0.0,,C16 H10 O11,16.0,10.0,11.0,,,,
491,1062,377.05163528316893,377.05142003213865,377.0514201945991,7011261.117075034,78.91436212314284,564999.9986855822,39.01350509022804,-1,-0.0004308707382578841,0.9999999663141258,0.0,0.5999999797884754,11.0,0.5882352941176471,0.8235294117647058,O10,de-protonated,,0.0,,C17 H14 O10,17.0,14.0,10.0,,,,
492,1065,377.0879993433036,377.08778407287576,377.0878057039491,3705078.419839057,87.00729271153266,611557.2341675652,20.234367745401585,-1,-0.057363491956614866,0.999403108568887,0.0,0.5996418651413322,10.0,0.5,1.0,O9,de-protonated,,0.0,,C18 H18 O9,18.0,18.0,9.0,,,,
493,1072,378.1407618775963,378.14054604564615,378.1405695535591,3151669.3805751777,155.26014313123991,540248.3058591145,17.198934867866047,-1,-0.06216712734693215,0.9992989916982277,0.0,0.5995793950189365,4.0,0.6666666666666666,1.6666666666666667,N1 O10,de-protonated,,0.0,,C15 H25 O10 N1,15.0,25.0,10.0,1.0,,,
494,1078,378.9944409272607,378.9942246400447,378.9942992403591,1847911.416672317,114.99091066221892,506664.3632925329,10.035257733737115,-1,-0.196837563402395,0.9929944201517792,0.0,0.5957966520910675,12.0,0.8,0.5333333333333333,O12,de-protonated,,0.0,,C15 H8 O12,15.0,8.0,12.0,,,,
495,1079,379.0308873805861,379.0306710739346,379.0306847497091,11043119.812040275,145.83511106424453,585043.7623029705,60.27542101924183,-1,-0.03608091648745058,0.9989158341394029,0.9973515954495382,0.998290138663457,11.0,0.6875,0.75,O11,de-protonated,,0.0,,C16 H12 O11,16.0,12.0,11.0,,,,
496,1080,379.0491456057876,379.0489292893998,379.0489320717991,1501363.316486018,76.16346464363608,584873.0802309263,8.373129117813036,-1,-0.007340475218047462,0.9999902231250862,0.0,0.5999941338750517,15.0,0.2631578947368421,0.6842105263157895,N2 P1 O5,de-protonated,,0.0,,C19 H13 O5 N2 P1,19.0,13.0,5.0,2.0,1.0,,
497,1082,379.06726319526166,379.0670468692125,379.0670702590591,7367952.034644909,73.3699643127882,583338.8603715007,40.04105327384025,-1,-0.06170371535455429,0.9993094001923143,0.0,0.5995856401153885,10.0,0.5882352941176471,0.9411764705882353,O10,de-protonated,,0.0,,C17 H16 O10,17.0,16.0,10.0,,,,
498,1084,379.10367010265423,379.10345375719095,379.1034557684091,4482776.520132777,169.9083247239291,518537.85319304606,24.838894470885503,-1,-0.005305196053338376,0.999994893120682,0.0,0.5999969358724092,9.0,0.5,1.1111111111111112,O9,de-protonated,,0.0,,C18 H20 O9,18.0,20.0,9.0,,,,
499,1086,379.14002979079766,379.1398134259455,379.1398412777591,2381129.56731123,96.45085143682387,559410.352663417,13.047084774622103,-1,-0.0734605298485696,0.9990213005763372,0.0,0.5994127803458023,8.0,0.42105263157894735,1.263157894736842,O8,de-protonated,,0.0,,C19 H24 O8,19.0,24.0,8.0,,,,
500,1089,380.03429566160906,380.0340788199237,380.0340395847791,1870909.9200538758,153.5390972054377,524334.0134927717,10.276870414748636,-1,0.10324113236486557,0.9980678561852457,0.9973515954495382,0.9977813518909627,11.0,0.6875,0.75,13C1 O11,de-protonated,,1.0,1079.0,C15 H12 O11 13C1,15.0,12.0,11.0,,,,1.0
501,1095,381.01017584556064,381.0099584836021,381.0099493048191,3847786.5601671473,31.7556545958261,607418.0982823923,21.653495101687643,-1,0.024090664838361482,0.9998946999608351,0.0,0.5999368199765011,11.0,0.8,0.6666666666666666,O12,de-protonated,,0.0,,C15 H10 O12,15.0,10.0,12.0,,,,
502,1096,381.0465508476294,381.0463334662797,381.0463348141691,11709641.868514447,200.30939843474698,572618.3247775668,65.30762996168868,-1,-0.0035373372517079338,0.9992551999948498,0.9994746249859932,0.9993429699913071,10.0,0.6875,0.875,O11,de-protonated,,0.0,,C16 H14 O11,16.0,14.0,11.0,,,,
503,1098,381.0829229065043,381.0827055057651,381.0827203235191,8976096.868189743,114.79953132393517,576001.1890988213,49.4445077325185,-1,-0.038883300665331716,0.4998628516743107,0.8446892076502734,0.6377933940646958,9.0,0.5882352941176471,1.0588235294117647,O10,de-protonated,,0.0,,C17 H18 O10,17.0,18.0,10.0,,,,
504,1099,381.1193394571285,381.1191220369763,381.1191058328691,5862352.631932358,52.028405152830445,564408.1256946581,32.659369295350345,-1,0.042517173707133406,0.999672047172662,0.0,0.5998032283035972,8.0,0.5,1.2222222222222223,O9,de-protonated,,0.0,,C18 H22 O9,18.0,22.0,9.0,,,,
505,1102,381.1556879386544,381.15547049912556,381.1554913422191,2015699.6010797368,167.43680859041646,507752.0020098575,10.96143967761461,-1,-0.05468396493443775,0.9994575546340819,0.0,0.5996745327804491,7.0,0.42105263157894735,1.368421052631579,O8,de-protonated,,0.0,,C19 H26 O8,19.0,26.0,8.0,,,,
506,1106,382.0498729628525,382.049655046687,382.0496896492391,2017912.6952329767,89.77429544798741,621103.5469800485,11.218326723517665,-1,-0.09057081586159507,0.9985126704100485,0.9994746249859932,0.9988974522404264,10.0,0.6875,0.875,13C1 O11,de-protonated,,1.0,1096.0,C15 H14 O11 13C1,15.0,14.0,11.0,,,,1.0
507,1107,382.1275433853128,382.12732542774904,382.1272419646391,1542673.4877286633,151.28950495184318,530449.3669591435,8.55572720719818,-1,0.21841706316462473,0.991381163499927,0.0,0.5948286980999562,3.0,0.6428571428571429,1.8571428571428572,N1 P1 O9,de-protonated,,0.0,,C14 H26 O9 N1 P1,14.0,26.0,9.0,1.0,1.0,,
508,1113,383.00465889260437,383.0044404675747,383.0044700012191,2024290.3685790803,136.63855598922356,437087.1056385972,10.991988407397677,-1,-0.07711044314490896,0.9989216842027772,0.0,0.5993530105216662,15.0,0.5555555555555556,0.4444444444444444,O10,de-protonated,,0.0,,C18 H8 O10,18.0,8.0,10.0,,,,
509,1115,383.02582203680765,383.0256036004997,383.02559936927906,7739704.248417348,129.21962712252332,582184.4383725191,41.951737463908366,-1,0.011046835157675926,0.9999778575961771,0.0,0.5999867145577062,10.0,0.8,0.8,O12,de-protonated,,0.0,,C15 H12 O12,15.0,12.0,12.0,,,,
510,1117,383.0622041065305,383.0619856508339,383.06198487862906,12590874.669691661,177.8588316509773,561477.3878634681,69.80662471155836,-1,0.0020158743455731486,0.9997513141334007,0.9895629714979907,0.9956759770792367,9.0,0.6875,1.0,O11,de-protonated,,0.0,,C16 H16 O11,16.0,16.0,11.0,,,,
511,1118,383.09857913026417,383.09836065518283,383.09837038797906,9611064.528091388,84.92741231222307,575365.8777188489,52.27165381607859,-1,-0.025405475412342456,0.9994446108952485,0.9788447546265041,0.9912046683877508,8.0,0.5882352941176471,1.1764705882352942,O10,de-protonated,,0.0,,C17 H20 O10,17.0,20.0,10.0,,,,
512,1119,383.13495251834684,383.13473402388166,383.13475589732906,3676609.9618973914,84.37091279887112,573883.2501874068,20.434323067618017,-1,-0.05709074172467925,0.9994087695635404,0.0,0.5996452617381243,7.0,0.5,1.3333333333333333,O9,de-protonated,,0.0,,C18 H24 O9,18.0,24.0,9.0,,,,
513,1122,383.1713339948949,383.17111548104174,383.17114140667906,3618833.5374596985,100.54904490717473,591109.9883234629,19.6372789360053,-1,-0.06766072523567995,0.999169677587605,0.0,0.599501806552563,6.0,0.42105263157894735,1.4736842105263157,O8,de-protonated,,0.0,,C19 H28 O8,19.0,28.0,8.0,,,,
514,1123,383.22303005593363,383.22281151453143,383.2227830573191,3197909.129145132,109.23237618426825,553830.399843965,17.78491504825031,-1,0.0742576214411532,0.9989999570571303,0.0,0.5993999742342782,9.0,0.16666666666666666,1.3333333333333333,O4,de-protonated,,0.0,,C24 H32 O4,24.0,32.0,4.0,,,,
515,1126,384.0655787996461,384.06535980927794,384.0653397136991,2000230.2408599057,108.53122536014305,508790.6393078641,10.872570645518419,-1,0.05232333351502436,0.9995033656285155,0.9895629714979907,0.9955272079763056,9.0,0.6875,1.0,13C1 O11,de-protonated,,1.0,1117.0,C15 H16 O11 13C1,15.0,16.0,11.0,,,,1.0
516,1128,384.1019726642333,384.1017536544734,384.1017252230491,2059449.3406022878,353.3248393686745,430436.5544663578,11.336355906770418,-1,0.07402055873411559,0.9990063288429553,0.9788447546265041,0.9909416991563748,8.0,0.5882352941176471,1.1764705882352942,13C1 O10,de-protonated,,1.0,1118.0,C16 H20 O10 13C1,16.0,20.0,10.0,,,,1.0
517,1135,385.0203778513431,385.0201583522675,385.02012006567907,3439517.032213455,56.32121601743288,585373.5770222035,18.82912617538056,-1,0.09944048753198549,0.9982073695787895,0.0,0.5989244217472737,14.0,0.5555555555555556,0.5555555555555556,O10,de-protonated,,0.0,,C18 H10 O10,18.0,10.0,10.0,,,,
518,1137,385.0414744163,385.0412549059852,385.0412494337391,9398634.390970316,144.73180666418017,595658.6430244823,51.07747619728602,-1,0.01421210360723529,0.49998167548014383,0.860410506174987,0.6441532077580812,9.0,0.8,0.9333333333333333,O12,de-protonated,,0.0,,C15 H14 O12,15.0,14.0,12.0,,,,
519,1138,385.0566570220832,385.05643750367994,385.0565055750291,1543561.4915091565,155.81601658523667,479904.56983441114,8.577250175908976,-1,-0.17678275315573383,0.994345387768117,0.0,0.5966072326608701,13.0,0.47368421052631576,0.7368421052631579,O9,de-protonated,,0.0,,C19 H14 O9,19.0,14.0,9.0,,,,
520,1140,385.0778524403996,385.07763291070466,385.0776349430891,12058916.115487635,128.25899802529267,569367.9742944529,66.46292737893916,-1,-0.005277856320947594,0.9992367637356885,0.9774783492933738,0.9905333979587626,8.0,0.6875,1.125,O11,de-protonated,,0.0,,C16 H18 O11,16.0,18.0,11.0,,,,
521,1141,385.11421534370623,385.11399579463915,385.1140204524391,7657464.538171777,268.26688991781043,564756.7764109381,42.74045012376206,-1,-0.06402727148591811,0.9992564292397346,0.0,0.5995538575438407,7.0,0.5882352941176471,1.2941176470588236,O10,de-protonated,,0.0,,C17 H22 O10,17.0,22.0,10.0,,,,
522,1142,385.150640978979,385.15042141050657,385.1504059617891,3963448.818215698,52.08048092458732,582811.1930865499,21.51463723903734,-1,0.040110868994804746,0.9997081131161372,0.0,0.5998248678696823,6.0,0.5,1.4444444444444444,O9,de-protonated,,0.0,,C18 H26 O9,18.0,26.0,9.0,,,,
523,1143,385.1870446883957,385.1868251005297,385.1867914711391,4823212.380655674,32.9616059082673,547465.6758485188,26.30523350047266,-1,0.08730670766724247,0.9986178704501747,0.0,0.5991707222701048,5.0,0.42105263157894735,1.5789473684210527,O8,de-protonated,,0.0,,C19 H30 O8,19.0,30.0,8.0,,,,
524,1144,385.2234137972784,385.2231941900373,385.2231769804891,3597508.8651308334,49.08699453964004,562378.4755224509,19.687267766559405,-1,0.04467422846512756,0.9996379326893257,0.0,0.5997827596135954,4.0,0.35,1.7,O7,de-protonated,,0.0,,C20 H34 O7,20.0,34.0,7.0,,,,
525,1147,386.0812452087824,386.08102514457835,386.0809897781591,2470673.455957778,101.36941005483868,542780.3767713906,13.634453533632868,-1,0.09160362767566385,0.9984785818509943,0.9774783492933738,0.9900784888279461,8.0,0.6875,1.125,13C1 O11,de-protonated,,1.0,1140.0,C15 H18 O11 13C1,15.0,18.0,11.0,,,,1.0
526,1152,386.99964123865817,386.9994206852981,386.99938462078904,1801056.3905352647,28.774871936747882,636081.0028008603,9.915839971857858,-1,0.09319009407791581,0.9984254690601967,0.0,0.599055281436118,14.0,0.6470588235294118,0.47058823529411764,O11,de-protonated,,0.0,,C17 H8 O11,17.0,8.0,11.0,,,,
527,1154,387.0207625510403,387.02054198643145,387.0205139888491,2701860.697988303,177.38392782744234,553135.0248764986,14.696716182907657,-1,0.0723413394554825,0.9990508808420941,0.0,0.5994305285052565,9.0,0.9285714285714286,0.8571428571428571,O13,de-protonated,,0.0,,C14 H12 O13,14.0,12.0,13.0,,,,
528,1155,387.03596408387256,387.0357435111677,387.03577013013904,3474305.1559218233,125.48454987832655,554728.2119074288,19.270694178608508,-1,-0.06877651469781791,0.9991420780213742,0.0,0.5994852468128246,13.0,0.5555555555555556,0.6666666666666666,O10,de-protonated,,0.0,,C18 H12 O10,18.0,12.0,10.0,,,,
529,1157,387.0571170171149,387.0568964331444,387.05689949819913,8761810.116618589,106.56324297729303,578259.5262819886,47.98927733194337,-1,-0.007918873765928916,0.9999886216785889,0.0,0.5999931730071534,8.0,0.8,1.0666666666666667,O12,de-protonated,,0.0,,C15 H16 O12,15.0,16.0,12.0,,,,
530,1158,387.0724237697696,387.07220317764717,387.0721556394891,1854837.9755566693,123.55665428291587,602707.9035729935,10.063029306267175,-1,0.12281471911305207,0.9972668686862028,0.0,0.5983601212117217,12.0,0.47368421052631576,0.8421052631578947,O9,de-protonated,,0.0,,C19 H16 O9,19.0,16.0,9.0,,,,
531,1159,387.09351978193865,387.09329917858105,387.09328500754907,8574518.503552875,40.24494036818007,577860.4204463138,46.7506651971027,-1,0.036608829258863905,0.4998784254392783,0.8524773804394659,0.6409180074393532,7.0,0.6875,1.25,O11,de-protonated,,0.0,,C16 H20 O11,16.0,20.0,11.0,,,,
532,1161,387.1298929995153,387.12967237678635,387.12967051689907,3490344.598803692,207.92858677348056,578445.1547398515,19.154053573982257,-1,0.004804300519241392,0.9999958119365753,0.0,0.5999974871619451,6.0,0.5882352941176471,1.411764705882353,O10,de-protonated,,0.0,,C17 H24 O10,17.0,24.0,10.0,,,,
533,1162,387.1662822851273,387.16606164301857,387.1660560262491,4480100.405700134,101.12568831295482,542778.0845709589,24.663933563946127,-1,0.014507391221454254,0.9999618122402663,0.0,0.5999770873441598,5.0,0.5,1.5555555555555556,O9,de-protonated,,0.0,,C18 H28 O9,18.0,28.0,9.0,,,,
534,1163,387.2026657193743,387.202445057889,387.2024415355991,4301506.0207490465,78.39952359092015,597085.3812559439,24.133496528621983,-1,0.009096765695343798,0.9999849850259723,0.0,0.5999909910155834,4.0,0.42105263157894735,1.6842105263157894,O8,de-protonated,,0.0,,C19 H32 O8,19.0,32.0,8.0,,,,
535,1168,389.0152755722865,389.01505394561116,389.0150346852491,6061172.272540515,83.33531007934997,554677.9972730727,33.77023219655274,-1,0.0495105853580045,0.999555314088904,0.0,0.5997331884533423,13.0,0.6470588235294118,0.5882352941176471,O11,de-protonated,,0.0,,C17 H10 O11,17.0,10.0,11.0,,,,
536,1170,389.03640862243503,389.0361869845083,389.03616405330905,1865617.939929043,97.65655182290774,497084.54662750807,10.393511019374888,-1,0.05894361847181148,0.9993697823985322,0.0,0.5996218694391193,8.0,0.9285714285714286,1.0,O13,de-protonated,,0.0,,C14 H14 O13,14.0,14.0,13.0,,,,
537,1171,389.0516413868265,389.05141974078964,389.0514201945991,5785120.157800595,125.64065006875413,579873.5418044095,31.665146998774205,-1,-0.0011664510419940647,0.9999997531194902,0.0,0.5999998518716941,12.0,0.5555555555555556,0.7777777777777778,O10,de-protonated,,0.0,,C18 H14 O10,18.0,14.0,10.0,,,,
538,1172,389.0727832487579,389.0725615914651,389.0725495626591,4452537.082377341,126.69149888965507,574462.3588102915,24.302903121055348,-1,0.0309166144232209,0.9998265796624679,0.0,0.5998959477974807,7.0,0.8,1.2,O12,de-protonated,,0.0,,C15 H18 O12,15.0,18.0,12.0,,,,
539,1173,389.08797132778443,389.08774966240543,389.0878057039491,2143814.3776826565,129.02221453918162,568471.0490633404,11.827912740552478,-1,-0.14403315349994672,0.9962428232491869,0.0,0.5977456939495122,11.0,0.47368421052631576,0.9473684210526315,O9,de-protonated,,0.0,,C19 H18 O9,19.0,18.0,9.0,,,,
540,1175,389.10916785797474,389.10894618131067,389.10893507200905,2460489.68170159,57.59277192679492,648909.2853361764,13.341463443440738,-1,0.028550620721020877,0.9998521052284893,0.0,0.5999112631370935,6.0,0.6875,1.375,O11,de-protonated,,0.0,,C16 H22 O11,16.0,22.0,11.0,,,,
541,1178,389.1455473922173,389.1453256961848,389.14532058135904,1888379.6359399713,49.905809418267545,555324.8294883012,10.503208730868623,-1,0.013143742117204163,0.9999686537869836,0.0,0.5999811922721902,5.0,0.5882352941176471,1.5294117647058822,O10,de-protonated,,0.0,,C17 H26 O10,17.0,26.0,10.0,,,,
542,1180,389.1819269431291,389.1817052277282,389.1817060907091,3010751.635293292,86.48334350022154,525345.3091274333,16.392170685867807,-1,-0.0022174241808523873,0.9999991078226512,0.0,0.5999994646935907,4.0,0.5,1.6666666666666667,O9,de-protonated,,0.0,,C18 H30 O9,18.0,30.0,9.0,,,,
543,1181,389.21822432097,389.21800258624467,389.21809160005904,2374358.8729401156,115.72692808641513,498313.22598025436,13.012370308959529,-1,-0.22869906691286349,0.99055453292875,0.0,0.59433271975725,3.0,0.42105263157894735,1.7894736842105263,O8,de-protonated,,0.0,,C19 H34 O8,19.0,34.0,8.0,,,,
544,1183,391.03089922678254,391.03067652714344,391.0306847497091,10246604.230426144,107.26885753531096,570577.0527637275,55.77087195486613,-1,-0.021027929492568518,0.9999546269270829,0.9811085138118991,0.9924161816810094,12.0,0.6470588235294118,0.7058823529411765,O11,de-protonated,,0.0,,C17 H12 O11,17.0,12.0,11.0,,,,
545,1184,391.067273131716,391.0670504127174,391.0670702590591,4882140.762097563,189.6996341948868,527416.4898198318,26.92176241063999,-1,-0.05074920196166856,0.9995327914411768,0.0,0.599719674864706,11.0,0.5555555555555556,0.8888888888888888,O10,de-protonated,,0.0,,C18 H16 O10,18.0,16.0,10.0,,,,
546,1185,391.1036920382233,391.10346929984144,391.1034557684091,2651929.6466000346,172.07264485675782,562558.3539038242,14.381508834691477,-1,0.034598089407308456,0.9997828244659319,0.0,0.5998696946795591,10.0,0.47368421052631576,1.0526315789473684,O9,de-protonated,,0.0,,C19 H20 O9,19.0,20.0,9.0,,,,
547,1187,391.1401401857152,391.1399174279345,391.1398412777591,1935916.8301382982,122.37462347657794,494706.10553239216,10.504597309495127,-1,0.19468785167468688,0.9931460811757081,0.0,0.5958876487054249,9.0,0.4,1.2,O8,de-protonated,,0.0,,C20 H24 O8,20.0,24.0,8.0,,,,
548,1191,392.03425983367623,392.0340366000537,392.0340395847791,1618649.7099819714,50.75851651843021,473503.55042935663,8.863991662281842,-1,-0.007613434358849657,0.9999894824942089,0.9811085138118991,0.992437095021285,12.0,0.6470588235294118,0.7058823529411765,13C1 O11,de-protonated,,1.0,1183.0,C16 H12 O11 13C1,16.0,12.0,11.0,,,,1.0
549,1192,392.03883625818804,392.03861302213016,392.0386879397491,2000782.5784783915,138.22581716841515,494394.0014188226,10.861462016506396,-1,-0.19109751466400884,0.9933957144671475,0.0,0.5960374286802884,20.0,0.125,0.4583333333333333,N1 S1 O3,de-protonated,,0.0,,C24 H11 O3 N1 S1,24.0,11.0,3.0,1.0,,1.0,
550,1193,392.15644941201947,392.15622611337415,392.15621961801907,1576771.2338208226,93.48997158806603,551807.2539157604,8.536981395740389,-1,0.01656318261836343,0.9999502227844251,0.0,0.5999701336706551,4.0,0.625,1.6875,N1 O10,de-protonated,,0.0,,C16 H27 O10 N1,16.0,27.0,10.0,1.0,,,
551,1194,393.010172655599,393.0099489026829,393.0099493048191,5690738.674265964,116.53791616329451,541496.5459798522,31.39853990248563,-1,-0.0010232214463991602,0.9999998100264863,0.0,0.5999998860158917,12.0,0.75,0.625,O12,de-protonated,,0.0,,C16 H10 O12,16.0,10.0,12.0,,,,
552,1195,393.02834619027004,393.02812242768437,393.0281966269091,1730637.8777444204,97.21024606095588,462628.538309787,9.599938334328428,-1,-0.18878855353910765,0.9935538322291796,0.0,0.5961322993375078,16.0,0.3157894736842105,0.5789473684210527,N2 P1 O6,de-protonated,,0.0,,C19 H11 O6 N2 P1,19.0,11.0,6.0,2.0,1.0,,
553,1196,393.04655482804066,393.04633105576676,393.0463348141691,10602320.163417514,214.40186722563107,551073.3452068805,57.992597757270914,-1,-0.009562237314055453,0.9965786259063885,0.9942962542674416,0.9956656772508097,11.0,0.6470588235294118,0.8235294117647058,O11,de-protonated,,0.0,,C17 H14 O11,17.0,14.0,11.0,,,,
554,1197,393.0828872961798,393.0826635045747,393.0827203235191,5300857.430710414,144.22254001671908,547898.9177767583,28.921315632804298,-1,-0.14454704168023358,0.99621601624127,0.0,0.597729609744762,10.0,0.5555555555555556,1.0,O10,de-protonated,,0.0,,C18 H18 O10,18.0,18.0,10.0,,,,
555,1198,393.1193287325434,393.1191049215492,393.1191058328691,3332125.0024995334,170.9442033943062,517991.5283713407,18.633336589043637,-1,-0.0023181775537935035,0.999999024904821,0.0,0.5999994149428926,9.0,0.47368421052631576,1.1578947368421053,O9,de-protonated,,0.0,,C19 H22 O9,19.0,22.0,9.0,,,,
556,1200,393.15574759918843,393.15552376881726,393.155491342219,1503679.565151779,242.54192837664888,476266.365427552,8.160676587958077,-1,0.08247779556083736,0.9987664410289095,0.0,0.5992598646173457,8.0,0.4,1.3,O8,de-protonated,,0.0,,C20 H26 O8,20.0,26.0,8.0,,,,
557,1204,394.0499905159908,394.0497662098657,394.0496896492391,1865233.9493510302,217.90797629385415,414951.3593024487,10.257430313977594,-1,0.19429180791422368,0.9931738426866236,0.9942962542674416,0.9936228073189508,11.0,0.6470588235294118,0.8235294117647058,13C1 O11,de-protonated,,1.0,1196.0,C16 H14 O11 13C1,16.0,14.0,11.0,,,,1.0
558,1205,395.0258271630615,395.0256023378507,395.02559936927906,9317878.609618735,136.96947435778134,554239.7767347407,51.066367568273996,-1,0.007514884272769447,0.9998238738447855,0.9893356073112106,0.9956285672313556,11.0,0.75,0.75,O12,de-protonated,,0.0,,C16 H12 O12,16.0,12.0,12.0,,,,
559,1207,395.0622066905739,395.061981846013,395.06198487862906,11144555.424978713,71.91309588372218,585881.1682496328,60.419833196398145,-1,-0.007676304428477759,0.49999465403771737,0.8446892076502734,0.6378724754827398,10.0,0.6470588235294118,0.9411764705882353,O11,de-protonated,,0.0,,C17 H16 O11,17.0,16.0,11.0,,,,
560,1208,395.09860097057873,395.09837610666,395.09837038797906,8083310.073362238,74.89635281760528,557606.0288609564,44.156800322795114,-1,0.014474068655245429,0.49998099373261506,0.8370420509349352,0.6348054166135431,9.0,0.5555555555555556,1.1111111111111112,O10,de-protonated,,0.0,,C18 H20 O10,18.0,20.0,10.0,,,,
561,1209,395.13497416632,395.13474928305476,395.13475589732906,4338622.993725248,86.41843341654028,544794.8725444133,23.88910669035746,-1,-0.01673928754514133,0.9999491586905763,0.0,0.5999694952143457,8.0,0.47368421052631576,1.263157894736842,O9,de-protonated,,0.0,,C19 H24 O9,19.0,24.0,9.0,,,,
562,1212,395.1714044914752,395.17117958883307,395.17114140667906,1888003.6351651317,178.18201949428808,541420.4679364336,10.349076503326792,-1,0.0966218177739528,0.9983074697165982,0.0,0.5989844818299589,7.0,0.4,1.4,O8,de-protonated,,0.0,,C20 H28 O8,20.0,28.0,8.0,,,,
563,1215,396.0291623681325,396.0289370092931,396.02895420434913,1477426.286642126,135.88982226389015,563070.3182166095,8.22732836203022,-1,-0.04341868407131899,0.9996579946768498,0.9893356073112106,0.995529039730594,11.0,0.75,0.75,13C1 O12,de-protonated,,1.0,1205.0,C15 H12 O12 13C1,15.0,12.0,12.0,,,,1.0
564,1216,396.2182517349523,396.21802627555434,396.21803202951907,3979401.455668958,180.86031131989697,507896.99386043433,21.622946371904575,-1,-0.014522218232244354,0.9999617341436849,0.0,0.5999770404862109,10.0,0.16666666666666666,1.2916666666666667,N1 O4,de-protonated,,0.0,,C24 H31 O4 N1,24.0,31.0,4.0,1.0,,,
565,1217,397.0050629489971,397.0048370712024,397.0048639243891,2683246.49215972,208.42829955546358,486914.02255982335,14.578686999654902,-1,-0.06763944002305317,0.9991701997066169,0.0,0.5995021198239702,11.0,0.8666666666666667,0.6666666666666666,O13,de-protonated,,0.0,,C15 H10 O13,15.0,10.0,13.0,,,,
566,1219,397.04145963233947,397.0412337351917,397.0412494337391,11754273.68337768,160.23529206159515,565815.8301191536,63.896834077161635,-1,-0.03953883228671165,0.9998302707593285,0.9711130987889816,0.9883434019711898,10.0,0.75,0.875,O12,de-protonated,,0.0,,C16 H14 O12,16.0,14.0,12.0,,,,
567,1220,397.07784781854804,397.0776219020518,397.0776349430891,11434827.869471116,67.50023035124487,553610.4418508406,62.68043920034501,-1,-0.03284253790694092,0.9990464066407431,0.9667842461476431,0.9861415424435032,9.0,0.6470588235294118,1.0588235294117647,O11,de-protonated,,0.0,,C17 H18 O11,17.0,18.0,11.0,,,,
568,1221,397.1142364024177,397.1140104665729,397.1140204524391,7085982.723784394,52.95711080122773,575467.6164277866,39.16902589639637,-1,-0.025146093276525783,0.9998852718584729,0.0,0.5999311631150837,8.0,0.5555555555555556,1.2222222222222223,O10,de-protonated,,0.0,,C18 H22 O10,18.0,22.0,10.0,,,,
569,1222,397.15061855209956,397.1503925969097,397.1504059617891,3439545.3647037502,143.20790305768938,529465.4787635321,19.07073885639208,-1,-0.03365193439813294,0.99979453905731,0.0,0.5998767234343859,7.0,0.47368421052631576,1.368421052631579,O9,de-protonated,,0.0,,C19 H26 O9,19.0,26.0,9.0,,,,
570,1224,397.18701719249515,397.18679121795157,397.1867914711391,2070645.0198670286,63.508909700853835,548560.7442741978,11.60157442443249,-1,-0.0006374520199056956,0.9999999262692222,0.0,0.5999999557615333,6.0,0.4,1.5,O8,de-protonated,,0.0,,C20 H30 O8,20.0,30.0,8.0,,,,
571,1226,397.2234573670027,397.2232313730835,397.2231769804891,2149728.882841216,95.48792963601535,527220.8727094822,11.736266551203279,-1,0.13693207633668655,0.9966035467671968,0.0,0.597962128060318,5.0,0.3333333333333333,1.619047619047619,O7,de-protonated,,0.0,,C21 H34 O7,21.0,34.0,7.0,,,,
572,1228,398.04482371678444,398.0445972861648,398.0446042688091,1582179.7310562169,143.43127934120662,594041.631495418,8.87718315923362,-1,-0.01754236647707676,0.9999441635160897,0.9711130987889816,0.9884117376252465,10.0,0.75,0.875,13C1 O12,de-protonated,,1.0,1219.0,C15 H14 O12 13C1,15.0,14.0,12.0,,,,1.0
573,1229,398.0811775497866,398.08095109983987,398.0809897781591,1590303.9738427182,127.5770314084783,569487.4205270744,8.810531385161477,-1,-0.097161934972303,0.9982885105434314,0.9667842461476431,0.9856868047851162,9.0,0.6470588235294118,1.0588235294117647,13C1 O11,de-protonated,,1.0,1220.0,C16 H18 O11 13C1,16.0,18.0,11.0,,,,1.0
574,1233,398.9995889361573,398.9993619979846,398.99938462078904,1808632.4939625482,149.11186908775792,658920.5252050329,9.936668651255404,-1,-0.05669884550523975,0.9994168562822581,0.0,0.5996501137693548,15.0,0.6111111111111112,0.4444444444444444,O11,de-protonated,,0.0,,C18 H8 O11,18.0,8.0,11.0,,,,
575,1235,399.02074402181347,399.0205170723956,399.0205139888491,4165092.5868468294,148.09008341724774,551955.7737554972,23.18093159084093,-1,0.007727789446126758,0.9999891641736515,0.0,0.5999934985041908,10.0,0.8666666666666667,0.8,O13,de-protonated,,0.0,,C15 H12 O13,15.0,12.0,13.0,,,,
576,1237,399.03601981851085,399.03579286097306,399.03577013013904,2971172.0003623147,86.84587753774059,539425.8423856796,16.158889476615308,-1,0.05696440199130386,0.9994113826416038,0.0,0.5996468295849623,14.0,0.5263157894736842,0.631578947368421,O10,de-protonated,,0.0,,C19 H12 O10,19.0,12.0,10.0,,,,
577,1239,399.0571216336558,399.0568946649012,399.05689949819913,12367430.079147024,101.36037724135508,546689.0073463148,68.63466435078983,-1,-0.012111801384108637,0.4999866913031254,0.8524773804394659,0.6409829669576615,9.0,0.75,1.0,O12,de-protonated,,0.0,,C16 H16 O12,16.0,16.0,12.0,,,,
578,1240,399.09351487345276,399.0932878853532,399.09328500754907,10285386.009954676,255.882591524318,555197.1478020498,56.66511659033406,-1,0.0072108558518932855,0.9990947614617475,0.969393196027574,0.9872141352880781,8.0,0.6470588235294118,1.1764705882352942,O11,de-protonated,,0.0,,C17 H20 O11,17.0,20.0,11.0,,,,
579,1241,399.1298596286833,399.1296326212647,399.12967051689907,4938237.667761752,140.88287615437363,547323.9859359906,27.43275934519309,-1,-0.09494567095142767,0.9983656351093144,0.0,0.5990193810655886,7.0,0.5555555555555556,1.3333333333333333,O10,de-protonated,,0.0,,C18 H24 O10,18.0,24.0,10.0,,,,
580,1242,399.1662934953229,399.1660664685381,399.1660560262491,2775477.2876563515,60.14400583849908,564199.7474467275,15.30630219994247,-1,0.026160262867743655,0.9998758316039105,0.0,0.5999254989623463,6.0,0.47368421052631576,1.4736842105263157,O9,de-protonated,,0.0,,C19 H28 O9,19.0,28.0,9.0,,,,
581,1243,399.20267563279504,399.2024485866715,399.2024415355991,3153577.7306619235,127.91336641002069,530769.2278943192,17.593291197792897,-1,0.017662898919066052,0.9999433936042664,0.0,0.5999660361625598,5.0,0.4,1.6,O8,de-protonated,,0.0,,C20 H32 O8,20.0,32.0,8.0,,,,
582,1244,399.2179060868953,399.21767903267613,399.2176976768891,3686511.9759151577,168.72597471533746,518374.77238830266,20.234367745401585,-1,-0.04670186984692988,0.9996043269842275,0.0,0.5997625961905365,9.0,0.20833333333333334,1.3333333333333333,O5,de-protonated,,0.0,,C24 H32 O5,24.0,32.0,5.0,,,,
583,1245,399.2390896357304,399.23886257025134,399.2388270449491,2390391.238693244,95.77137935524554,522757.38049654424,13.251205832718043,-1,0.08898258339864576,0.9985643389684656,0.0,0.5991386033810794,4.0,0.3333333333333333,1.7142857142857142,O7,de-protonated,,0.0,,C21 H36 O7,21.0,36.0,7.0,,,,
584,1247,400.0969072431584,400.09667972174725,400.0966398426191,2348944.3274749704,57.48675509935791,556845.9496565318,13.213714209802463,-1,0.09967373928088391,0.9981989575651034,0.969393196027574,0.9866766529500917,8.0,0.6470588235294118,1.1764705882352942,13C1 O11,de-protonated,,1.0,1240.0,C16 H20 O11 13C1,16.0,20.0,11.0,,,,1.0
585,1248,400.19789131656205,400.1976637414818,400.1976905077991,5906885.613293776,150.11433663394672,561034.3975285359,32.46219113038692,-1,-0.06688273809139877,0.9991886547914092,0.0,0.5995131928748455,5.0,0.42105263157894735,1.631578947368421,N1 O8,de-protonated,,0.0,,C19 H31 O8 N1,19.0,31.0,8.0,1.0,,,
586,1250,401.0152325057972,401.01500449636353,401.0150346852491,4787276.005191978,148.80638762676952,537480.4751119876,25.977528944617955,-1,-0.07528118133965299,0.9989722123318507,0.0,0.5993833273991104,14.0,0.6111111111111112,0.5555555555555556,O11,de-protonated,,0.0,,C18 H10 O11,18.0,10.0,11.0,,,,
587,1252,401.03638710488156,401.03615908420653,401.03616405330905,6468929.534575584,57.96262659200713,561092.0908881287,35.59204735452467,-1,-0.012390659409509543,0.9999721428541587,0.0,0.5999832857124952,9.0,0.8666666666666667,0.9333333333333333,O13,de-protonated,,0.0,,C15 H14 O13,15.0,14.0,13.0,,,,
588,1253,401.04334878524446,401.0431207608701,401.043177986109,1499564.9704259953,72.12128028830966,532518.4463028497,8.23149409790973,-1,-0.1426909670374837,0.9963123915315245,0.0,0.5977874349189147,13.0,0.42105263157894735,0.7894736842105263,P1 O8,de-protonated,,0.0,,C19 H15 O8 P1,19.0,15.0,8.0,,1.0,,
589,1255,401.05161566092215,401.05138763215496,401.0514201945991,3293437.288919132,81.86722621674015,567081.6965809932,17.91544143914159,-1,-0.08119269120918841,0.9988045594431542,0.0,0.5992827356658925,13.0,0.5263157894736842,0.7368421052631579,O10,de-protonated,,0.0,,C19 H14 O10,19.0,14.0,10.0,,,,
590,1257,401.0727778942656,401.07254985425305,401.0725495626591,8446788.085078351,103.28455099168717,557660.7560438429,46.40629769772996,-1,0.0007270354186659341,0.9999999040897672,0.0,0.5999999424538603,8.0,0.75,1.125,O12,de-protonated,,0.0,,C16 H18 O12,16.0,18.0,12.0,,,,
591,1258,401.10916146759433,401.1089334082483,401.10893507200905,5267176.1487591835,63.56978010122464,555291.64931162,29.012961822153493,-1,-0.004147902538607045,0.9999968781629021,0.0,0.5999981268977412,7.0,0.6470588235294118,1.2941176470588236,O11,de-protonated,,0.0,,C17 H22 O11,17.0,22.0,11.0,,,,
592,1259,401.1455577106048,401.14532963191857,401.14532058135904,2822349.1680777194,190.28401570239475,533632.6572166117,15.552080616833498,-1,0.022561797588955247,0.9999076405858961,0.0,0.5999445843515376,6.0,0.5555555555555556,1.4444444444444444,O10,de-protonated,,0.0,,C18 H26 O10,18.0,26.0,10.0,,,,
593,1260,401.1819324779525,401.1817043799377,401.18170609070904,4450587.791667337,148.0166213285262,509243.0387152343,24.93887213199372,-1,-0.004264330430558535,0.9999967004492633,0.0,0.599998020269558,5.0,0.47368421052631576,1.5789473684210527,O9,de-protonated,,0.0,,C19 H30 O9,19.0,30.0,9.0,,,,
594,1262,401.2182934833201,401.21806536598405,401.21809160005904,3252175.2167278645,107.33209925340574,533444.8086074742,17.755754897093745,-1,-0.0653860719229143,0.9992245462832671,0.0,0.5995347277699602,4.0,0.4,1.7,O8,de-protonated,,0.0,,C20 H34 O8,20.0,34.0,8.0,,,,
595,1265,402.99446174976777,402.99423268876285,402.9942992403591,2126701.238915344,50.94095998663421,536527.2353928393,11.820969847419962,-1,-0.16514277345310413,0.9950637304393932,0.0,0.5970382382636359,14.0,0.7058823529411765,0.47058823529411764,O12,de-protonated,,0.0,,C17 H8 O12,17.0,8.0,12.0,,,,
596,1266,403.0309254104161,403.03069633004105,403.0306847497091,6795493.993230357,103.68025750256658,556307.7318063512,36.88620263442545,-1,0.02873312723159605,0.9998502085270726,0.0,0.5999101251162435,13.0,0.6111111111111112,0.6666666666666666,O11,de-protonated,,0.0,,C18 H12 O11,18.0,12.0,11.0,,,,
597,1268,403.0520461404812,403.0518170488865,403.0518141177691,4277373.884905716,136.58017702814624,558014.6379656246,23.55584781999674,-1,0.007272309214345434,0.999990403863486,0.0,0.5999942423180916,8.0,0.8666666666666667,1.0666666666666667,O13,de-protonated,,0.0,,C15 H16 O13,15.0,16.0,13.0,,,,
598,1269,403.06729441533633,403.0670653156415,403.0670702590591,3335393.865780021,105.39862713548281,613219.2439684899,18.095956660586978,-1,-0.012264503747025484,0.9999727072144927,0.0,0.5999836243286956,12.0,0.5263157894736842,0.8421052631578947,O10,de-protonated,,0.0,,C19 H16 O10,19.0,16.0,10.0,,,,
599,1270,403.0884366586482,403.08820754772233,403.0881996271191,4158963.149527294,65.98900142976575,538785.7885094443,22.825455462456166,-1,0.01964980185407094,0.999929942446723,0.0,0.5999579654680337,7.0,0.75,1.25,O12,de-protonated,,0.0,,C16 H20 O12,16.0,20.0,12.0,,,,
600,1272,403.12484979360715,403.1246206633383,403.1245851364691,2188039.9403918833,120.92470786942604,541165.56078148,12.119514252118105,-1,0.08812875854248776,0.9985917389964385,0.0,0.5991550433978631,6.0,0.6470588235294118,1.411764705882353,O11,de-protonated,,0.0,,C17 H24 O11,17.0,24.0,11.0,,,,
601,1274,403.1611912725657,403.16096212299203,403.1609706458191,2149391.5945475134,167.0124747846669,521698.28784995846,11.654340412239604,-1,-0.02114001023300005,0.9999189138638213,0.0,0.5999513483182928,5.0,0.5555555555555556,1.5555555555555556,O10,de-protonated,,0.0,,C18 H28 O10,18.0,28.0,10.0,,,,
602,1275,403.19756380963213,403.19733464073727,403.1973561551691,2513157.243339515,71.54156151533866,516783.06105505745,13.712213936717037,-1,-0.053359555759005764,0.9994835050743188,0.0,0.5996901030445912,4.0,0.47368421052631576,1.6842105263157894,O9,de-protonated,,0.0,,C19 H32 O9,19.0,32.0,9.0,,,,
603,1276,403.233965296289,403.2337361080576,403.2337416645191,2146026.6403501825,82.45060085934865,528120.2587515621,11.790421117636896,-1,-0.013779753279342784,0.9999655468265697,0.0,0.5999793280959418,3.0,0.4,1.8,O8,de-protonated,,0.0,,C20 H36 O8,20.0,36.0,8.0,,,,
604,1281,405.0101709657373,405.009940834122,405.0099493048191,5276239.658507296,120.10996569500546,513337.2296386618,28.929647104563315,-1,-0.020914787641561742,0.9999206323517505,0.0,0.5999523794110503,13.0,0.7058823529411765,0.5882352941176471,O12,de-protonated,,0.0,,C17 H10 O12,17.0,10.0,12.0,,,,
605,1282,405.04654355420723,405.04631340327643,405.0463348141691,7550356.407734221,148.20655588646855,562885.8544168955,41.69623899663181,-1,-0.052860354030562835,0.9994931214972921,0.0,0.5996958728983752,12.0,0.6111111111111112,0.7777777777777778,O11,de-protonated,,0.0,,C18 H14 O11,18.0,14.0,11.0,,,,
606,1283,405.08295954842595,405.0827293781566,405.0827203235191,3429949.6421444095,114.93293986317667,577109.4300437764,18.740257143284367,-1,0.022352564244641684,0.9999093456087932,0.0,0.5999456073652759,11.0,0.5263157894736842,0.9473684210526315,O10,de-protonated,,0.0,,C19 H18 O10,19.0,18.0,10.0,,,,
607,1284,405.1193381794235,405.1191079898357,405.11910583286914,2050015.4667294864,309.695620663298,492316.67060135724,11.20721809450564,-1,0.005324277547233945,0.9999948563183166,0.0,0.59999691379099,10.0,0.45,1.1,O9,de-protonated,,0.0,,C20 H22 O9,20.0,22.0,9.0,,,,
608,1292,407.02580980305424,407.0255786012118,407.02559936927906,9984236.471515039,63.83257657175896,548049.0174571328,54.22121820768879,-1,-0.05102398299024893,0.4997638597752518,0.8446892076502734,0.6377339989252604,12.0,0.7058823529411765,0.7058823529411765,O12,de-protonated,,0.0,,C17 H12 O12,17.0,12.0,12.0,,,,
609,1294,407.06219018621357,407.0619589650577,407.06198487862906,8340304.773054608,206.87268112653945,534416.2353573324,45.42873834467186,-1,-0.06366001321075053,0.4996324659210481,0.8370420509349353,0.634596299926603,11.0,0.6111111111111112,0.8888888888888888,O11,de-protonated,,0.0,,C18 H16 O11,18.0,16.0,11.0,,,,
610,1296,407.09860373861187,407.0983724981251,407.09837038797906,4704558.986161043,76.00604270524259,557322.9067230505,25.902545698786795,-1,0.005183381240510048,0.9999951249499938,0.0,0.5999970749699962,10.0,0.5263157894736842,1.0526315789473684,O10,de-protonated,,0.0,,C19 H20 O10,19.0,20.0,10.0,,,,
611,1298,407.1349826993995,407.1347514396003,407.13475589732906,3252836.4644328156,63.947308943504,506421.1256177255,17.755754897093745,-1,-0.010949025386648225,0.9999782479581429,0.0,0.5999869487748858,9.0,0.45,1.2,O9,de-protonated,,0.0,,C20 H24 O9,20.0,24.0,9.0,,,,
612,1302,409.0051061360783,409.00487388364184,409.0048639243891,2605211.2379921502,81.24091000783203,525871.3768624704,14.119067474282412,-1,0.024349961613467024,0.9998924211175177,0.0,0.5999354526705106,12.0,0.8125,0.625,O13,de-protonated,,0.0,,C16 H10 O13,16.0,10.0,13.0,,,,
613,1304,409.04147229888883,409.04124002715264,409.0412494337391,12145328.41259576,95.73296403977844,524303.7333152981,65.84639846877184,-1,-0.022996669578774387,0.9994515524621814,0.9732717523304835,0.9889796324095023,11.0,0.7058823529411765,0.8235294117647058,O12,de-protonated,,0.0,,C17 H14 O12,17.0,14.0,12.0,,,,
614,1306,409.07786651803394,409.0776342269832,409.0776349430891,7810223.037610051,75.77839577362,549910.4631758791,42.57937500308771,-1,-0.0017505378595845124,0.49999972198596077,0.8370420509349353,0.6348166535655506,10.0,0.6111111111111112,1.0,O11,de-protonated,,0.0,,C18 H18 O11,18.0,18.0,11.0,,,,
615,1308,409.11424894462266,409.1140166342638,409.1140204524391,6769361.166342339,37.36862500421695,524415.3440063375,36.986180295533664,-1,-0.009332790117603152,0.999984195768055,0.0,0.599990517460833,9.0,0.5263157894736842,1.1578947368421053,O10,de-protonated,,0.0,,C19 H22 O10,19.0,22.0,10.0,,,,
616,1310,409.1506058384986,409.1503735088453,409.1504059617891,2883764.7190080816,103.49751173089415,523284.31447411404,15.653446856568218,-1,-0.07931788243655034,0.9988590983997715,0.0,0.5993154590398628,8.0,0.45,1.3,O9,de-protonated,,0.0,,C20 H26 O9,20.0,26.0,9.0,,,,
617,1313,409.1999970571005,409.1997647012356,409.1996786307091,1818967.956619579,195.28170371578548,444429.03771153884,9.87418261306277,-1,0.21033869523234058,0.99200441676886,0.0,0.595202650061316,2.0,0.4444444444444444,1.9444444444444444,P1 O8,de-protonated,,0.0,,C18 H35 O8 P1,18.0,35.0,8.0,,1.0,,
618,1314,410.0448066103619,410.04457380619465,410.0446042688091,1792111.4888561864,212.01255244318273,495184.63449820847,9.924865732930128,-1,-0.07429097747909251,0.9989990588797333,0.9732717523304835,0.9887081362600333,11.0,0.7058823529411765,0.8235294117647058,13C1 O12,de-protonated,,1.0,1304.0,C16 H14 O12 13C1,16.0,14.0,12.0,,,,1.0
619,1315,410.16711012895905,410.1668772598959,410.16678430204905,1747458.5583689266,110.24016672667472,450037.1044985214,9.631875642737997,-1,0.22663426294744932,0.990723529358326,0.0,0.5944341176149955,3.0,0.6875,1.8125,N1 O11,de-protonated,,0.0,,C16 H29 O11 N1,16.0,29.0,11.0,1.0,,,
620,1317,411.02073633245993,411.02050301048644,411.0205139888491,5515397.45535762,55.1988134246736,573897.1322975045,30.77090236330628,-1,-0.026710011458997353,0.9998705584014868,0.0,0.599922335040892,11.0,0.8125,0.75,O13,de-protonated,,0.0,,C16 H12 O13,16.0,12.0,13.0,,,,
621,1318,411.0359928283467,411.0357594982791,411.03577013013904,1987136.031463041,178.7268447858425,479775.57770071825,10.796198821060754,-1,-0.025866021181252377,0.9998786089340765,0.0,0.5999271653604459,15.0,0.5,0.6,O10,de-protonated,,0.0,,C20 H12 O10,20.0,12.0,10.0,,,,
622,1320,411.05712901902336,411.0568956777423,411.05689949819913,12465404.832791867,130.07919372930544,557853.8610150763,67.91815777951429,-1,-0.009294228648194654,0.9999913400872145,0.9844772555060535,0.99378570625475,10.0,0.7058823529411765,0.9411764705882353,O12,de-protonated,,0.0,,C17 H16 O12,17.0,16.0,12.0,,,,
623,1321,411.09351018372973,411.09327682314733,411.09328500754907,9143974.159599224,189.4687221639701,531873.7437090281,49.511159506590644,-1,-0.019908867486703598,0.999957427857565,0.9480012692503187,0.9791749644146664,9.0,0.6111111111111112,1.1111111111111112,O11,de-protonated,,0.0,,C18 H20 O11,18.0,20.0,11.0,,,,
624,1323,411.12991249645603,411.1296791165612,411.12967051689907,5011727.95027541,136.9465960104265,567046.5629084941,27.41054208716904,-1,0.020917152763337877,0.9999206144010719,0.0,0.5999523686406432,8.0,0.5263157894736842,1.263157894736842,O10,de-protonated,,0.0,,C19 H24 O10,19.0,24.0,10.0,,,,
625,1324,411.1662945992699,411.16606120007344,411.1660560262491,2901041.908968201,117.64065270162294,482448.2970413138,15.943659789507343,-1,0.012583296320918381,0.9999712699463383,0.0,0.599982761967803,7.0,0.45,1.4,O9,de-protonated,,0.0,,C20 H28 O9,20.0,28.0,9.0,,,,
626,1326,411.2026300438913,411.2023966254181,411.2024415355991,2079226.490481857,59.62747144144541,583735.3487478993,11.319692963252383,-1,-0.10921671783877711,0.9978379677513798,0.0,0.5987027806508278,6.0,0.38095238095238093,1.5238095238095237,O8,de-protonated,,0.0,,C21 H32 O8,21.0,32.0,8.0,,,,
627,1328,412.06048696577284,412.0602530922204,412.0602543332691,2568252.9267619,229.8570412916559,500768.16838322784,13.99270681927064,-1,-0.003011813567732091,0.9999983540765166,0.9844772555060535,0.9937899146483313,10.0,0.7058823529411765,0.9411764705882353,13C1 O12,de-protonated,,1.0,1320.0,C16 H16 O12 13C1,16.0,16.0,12.0,,,,1.0
628,1329,412.0968702169543,412.0966363241025,412.0966398426191,2503757.786507183,119.2740314699532,495277.965329256,13.580298967199251,-1,-0.008538086031642318,0.9999867726754692,0.9480012692503187,0.9791925713054089,9.0,0.6111111111111112,1.1111111111111112,13C1 O11,de-protonated,,1.0,1321.0,C17 H20 O11 13C1,17.0,20.0,11.0,,,,1.0
629,1330,413.0152740818428,413.01503970186485,413.0150346852491,3839831.287679993,106.9500231692658,524629.5929764302,20.864782441833942,-1,0.012146327257262309,0.9999732306410317,0.0,0.599983938384619,15.0,0.5789473684210527,0.5263157894736842,O11,de-protonated,,0.0,,C19 H10 O11,19.0,10.0,11.0,,,,
630,1332,413.03638541427483,413.03615102310016,413.03616405330905,8396507.696384842,175.15171252221361,507889.50182295387,46.06748451286323,-1,-0.03154738016804553,0.9998194318227102,0.0,0.5998916590936261,10.0,0.8125,0.875,O13,de-protonated,,0.0,,C16 H14 O13,16.0,14.0,13.0,,,,
631,1334,413.0727770214904,413.072542611015,413.0725495626591,11944712.889389522,75.58657787184924,544009.7831805608,64.80218734164158,-1,-0.01682911171190081,0.9997608057782392,0.974209784464906,0.989540397252906,9.0,0.7058823529411765,1.0588235294117647,O12,de-protonated,,0.0,,C17 H18 O12,17.0,18.0,12.0,,,,
632,1335,413.1091573064147,413.1089228766447,413.10893507200905,7643637.761576732,47.4117871223479,543093.6147592312,42.07393238304063,-1,-0.029520940567533318,0.9999200544790128,0.9689249778354783,0.9875220238215989,8.0,0.6111111111111112,1.2222222222222223,O11,de-protonated,,0.0,,C18 H22 O11,18.0,22.0,11.0,,,,
633,1336,413.145543660824,413.1453092117562,413.14532058135904,4095164.7600969533,61.604538829414395,539779.7829886086,22.783798103661077,-1,-0.027519621426569624,0.9998625929868135,0.0,0.599917555792088,7.0,0.5263157894736842,1.368421052631579,O10,de-protonated,,0.0,,C19 H26 O10,19.0,26.0,10.0,,,,
634,1337,413.18193551262436,413.1817010442561,413.18170609070904,3592354.913903324,121.02578845696797,525841.0635707587,19.528969803138065,-1,-0.012213640794038805,0.9999729331175402,0.0,0.5999837598705241,6.0,0.45,1.5,O9,de-protonated,,0.0,,C20 H30 O9,20.0,30.0,9.0,,,,
635,1338,413.21827615139995,413.2180416637584,413.21809160005904,3218377.833976754,121.00962063200213,487268.7901101402,17.561353889383327,-1,-0.12084732406955631,0.9973536175034177,0.0,0.5984121705020505,5.0,0.38095238095238093,1.619047619047619,O8,de-protonated,,0.0,,C21 H34 O8,21.0,34.0,8.0,,,,
636,1339,413.25473783481124,413.2545033278323,413.2544771094091,1713055.9107145926,212.70031318051713,444141.32743372995,9.398594433485494,-1,0.0634437729482956,0.9992699152978312,0.0,0.5995619491786986,4.0,0.3181818181818182,1.7272727272727273,O7,de-protonated,,0.0,,C22 H38 O7,22.0,38.0,7.0,,,,
637,1342,414.07611925106147,414.0758843084952,414.0759043977291,2641595.073375046,40.72546336593691,558479.7694494682,14.316245639245837,-1,-0.04851582458381396,0.9995729999517217,0.974209784464906,0.9894277137569955,9.0,0.7058823529411765,1.0588235294117647,13C1 O12,de-protonated,,1.0,1334.0,C16 H18 O12 13C1,16.0,18.0,12.0,,,,1.0
638,1343,414.1125235742617,414.1122886123911,414.1122899070791,1840171.7352433742,51.36763514249096,507076.8388473615,10.26437320711011,-1,-0.0031264176943033165,0.9999982264336386,0.9689249778354783,0.9875689269943745,8.0,0.6111111111111112,1.2222222222222223,13C1 O11,de-protonated,,1.0,1335.0,C17 H22 O11 13C1,17.0,22.0,11.0,,,,1.0
639,1344,414.99451048349977,414.9942750539688,414.9942992403591,1872011.0514824502,76.024814085994,509592.2553959825,10.29214477964017,-1,-0.05828125916411648,0.999383862200058,0.0,0.5996303173200348,15.0,0.6666666666666666,0.4444444444444444,O12,de-protonated,,0.0,,C18 H8 O12,18.0,8.0,12.0,,,,
640,1345,415.01559381762917,415.0153583769199,415.0154286084191,1546724.3368576693,124.60463894218542,455971.07700609625,8.409232162102114,-1,-0.16922623679207094,0.9948172368613246,0.0,0.5968903421167947,10.0,0.9333333333333333,0.8,O14,de-protonated,,0.0,,C15 H12 O14,15.0,12.0,14.0,,,,
641,1346,415.02859062235007,415.02835517475,415.0283157679891,1645418.2149103424,115.47038674570156,480891.9766046703,8.927171989787729,-1,0.0949495718574037,0.9983655009184377,0.0,0.5990193005510626,5.0,1.1666666666666667,1.4166666666666667,P1 O14,de-protonated,,0.0,,C12 H17 O14 P1,12.0,17.0,14.0,,1.0,,
642,1347,415.0309002137986,415.03066476497395,415.0306847497091,5443967.728769738,147.25679621614458,520461.41597002425,29.704473978151984,-1,-0.048152427989782656,0.9995793713455375,0.0,0.5997476228073225,14.0,0.5789473684210527,0.631578947368421,O11,de-protonated,,0.0,,C19 H12 O11,19.0,12.0,11.0,,,,
643,1349,415.05204643796355,415.05181097792735,415.0518141177691,8109203.974202714,170.09233936923465,527749.2766821187,44.08459423421696,-1,-0.007564939197758814,0.9999896160531395,0.0,0.5999937696318837,9.0,0.8125,1.0,O13,de-protonated,,0.0,,C16 H16 O13,16.0,16.0,13.0,,,,
644,1350,415.06732184410816,415.067086375973,415.06707025905905,1938633.3058130746,82.4043883869058,527616.076866392,10.51015162400114,-1,0.03882966181510209,0.9997264594983064,0.0,0.5998358756989838,13.0,0.5,0.8,O10,de-protonated,,0.0,,C20 H16 O10,20.0,16.0,10.0,,,,
645,1351,415.08841968387276,415.0881842045518,415.0881996271191,8506199.73079755,191.47953106499864,501487.0035647736,46.650687535994486,-1,-0.037154916234945344,0.4998747718357839,0.8446892076502734,0.6378005461615797,8.0,0.7058823529411765,1.1764705882352942,O12,de-protonated,,0.0,,C17 H20 O12,17.0,20.0,12.0,,,,
646,1352,415.12482333521444,415.1245878365927,415.1245851364691,5253883.8428937,128.93151128528606,513141.71104304725,28.660262851021734,-1,0.0065043693217130185,0.9999923235125038,0.0,0.5999953941075022,7.0,0.6111111111111112,1.3333333333333333,O11,de-protonated,,0.0,,C18 H24 O11,18.0,24.0,11.0,,,,
647,1354,415.16120412958765,415.16096861167733,415.1609706458191,2876011.7384855663,77.75475585540234,568560.972947192,15.688161322230792,-1,-0.0048996458910136225,0.9999956440561817,0.0,0.599997386433709,6.0,0.5263157894736842,1.4736842105263157,O10,de-protonated,,0.0,,C19 H28 O10,19.0,28.0,10.0,,,,
648,1355,415.19755689222916,415.1973213550453,415.1973561551691,4073428.228868495,86.3938025718868,474868.629902259,22.439430604288333,-1,-0.08381586074529626,0.9987261171821544,0.0,0.5992356703092926,5.0,0.45,1.6,O9,de-protonated,,0.0,,C20 H32 O9,20.0,32.0,9.0,,,,
649,1356,415.23398900532817,415.2337534488288,415.2337416645191,3264859.2222681507,176.68573523370992,547806.8269835492,17.6877145443951,-1,0.028379942518166078,0.9998538680710138,0.0,0.5999123208426083,4.0,0.38095238095238093,1.7142857142857142,O8,de-protonated,,0.0,,C21 H36 O8,21.0,36.0,8.0,,,,
650,1359,417.01016709258437,417.0099305945302,417.0099493048191,4212602.948504692,117.43290736596884,533741.3116612505,23.09206255874474,-1,-0.044867727773978634,0.9996347899969664,0.0,0.5997808739981798,14.0,0.6666666666666666,0.5555555555555556,O12,de-protonated,,0.0,,C18 H10 O12,18.0,10.0,12.0,,,,
651,1360,417.0282183500244,417.0279818424026,417.02792530074913,1484811.633147492,117.13673537225812,482674.7942339555,8.074584713114893,-1,0.1355824155501359,0.9966700595289159,0.0,0.5980020357173494,4.0,1.0,1.6363636363636365,N2 S2 O11,de-protonated,,0.0,,C11 H18 O11 N2 S2,11.0,18.0,11.0,2.0,,2.0,
652,1361,417.0312920517119,417.03105554246093,417.0310786728791,1945636.3278141792,107.15843678886876,469549.09590359905,10.594854920217822,-1,-0.055464495017624627,0.999441963314572,0.0,0.5996651779887432,9.0,0.9333333333333333,0.9333333333333333,O14,de-protonated,,0.0,,C15 H14 O14,15.0,14.0,14.0,,,,
653,1362,417.0465741219521,417.0463376046013,417.0463348141691,5377914.251859658,81.35302256449653,516009.41095388896,29.204585672610907,-1,0.006690940552125781,0.9999918768138265,0.0,0.5999951260882959,13.0,0.5789473684210527,0.7368421052631579,O11,de-protonated,,0.0,,C19 H14 O11,19.0,14.0,11.0,,,,
654,1363,417.06773577045044,417.0674992418835,417.0674641822291,4558442.338277006,84.26961479253441,496986.306319056,24.886106144186606,-1,0.08406230986353955,0.9987186196195327,0.0,0.5992311717717196,8.0,0.8125,1.125,O13,de-protonated,,0.0,,C16 H18 O13,16.0,18.0,13.0,,,,
655,1364,417.0828844967264,417.0826479601303,417.0827203235191,2299275.66605691,105.75216195163809,563589.4911422697,12.640231237056726,-1,-0.17349888940793604,0.9945529455026194,0.0,0.5967317673015716,12.0,0.5,0.9,O10,de-protonated,,0.0,,C20 H18 O10,20.0,18.0,10.0,,,,
656,1365,417.10407296360523,417.10383641577886,417.1038496915791,3623281.0845268182,141.0613637837792,520145.0514587145,19.709485024583454,-1,-0.03182852487760077,0.9998161993952367,0.0,0.599889719637142,7.0,0.7058823529411765,1.2941176470588236,O12,de-protonated,,0.0,,C17 H22 O12,17.0,22.0,12.0,,,,
657,1366,417.11942385033814,417.11918729437554,417.11910583286914,1656004.6003386914,310.85068410810413,469719.6629723405,9.08060992801631,-1,0.1952955528964856,0.9931033746875824,0.0,0.5958620248125494,11.0,0.42857142857142855,1.0476190476190477,O9,de-protonated,,0.0,,C21 H22 O9,21.0,22.0,9.0,,,,
658,1367,417.1404948139561,417.14025824682557,417.1402352009291,2288612.6604524474,77.51257530678008,528792.8731850209,12.408338606430727,-1,0.05524735930612489,0.9994463228251576,0.0,0.5996677936950945,6.0,0.6111111111111112,1.4444444444444444,O11,de-protonated,,0.0,,C18 H26 O11,18.0,26.0,11.0,,,,
659,1369,417.1769283619668,417.176691775526,417.17662071027905,2470280.190386467,99.03674389877537,457024.1490577188,13.526144400765634,-1,0.17034810543709936,0.9947484731991558,0.0,0.5968490839194934,5.0,0.5263157894736842,1.5789473684210527,O10,de-protonated,,0.0,,C19 H30 O10,19.0,30.0,10.0,,,,
660,1370,417.21322142925106,417.2129848235746,417.2130062196291,2444452.311590072,227.71387811206063,525904.1459125475,13.367846437344294,-1,-0.051283287472474515,0.9995229082315579,0.0,0.5997137449389347,4.0,0.45,1.7,O9,de-protonated,,0.0,,C20 H34 O9,20.0,34.0,9.0,,,,
661,1371,417.24957454453835,417.24933791959444,417.2493917289791,1815898.9551849037,284.84167943139005,411993.99396190525,9.84641104053271,-1,-0.1289621644364162,0.9969868321064415,0.0,0.5981920992638649,3.0,0.38095238095238093,1.8095238095238095,O8,de-protonated,,0.0,,C21 H38 O8,21.0,38.0,8.0,,,,
662,1375,418.17210441879877,418.1718673049451,418.17186968247904,1622003.2875315417,139.04970005053912,490177.39931292704,8.80219991340246,-1,-0.005685542451964532,0.999994134617112,0.0,0.5999964807702671,5.0,0.5555555555555556,1.6111111111111112,N1 O10,de-protonated,,0.0,,C18 H29 O10 N1,18.0,29.0,10.0,1.0,,,
663,1377,419.0233926407663,419.02315507582284,419.02309744582914,1510559.8233490689,107.76801890729958,393136.72066550114,8.264819984945802,-1,0.13753416949199923,0.9965736638922322,0.0,0.5979441983353393,17.0,0.3181818181818182,0.5454545454545454,S1 O7,de-protonated,,0.0,,C22 H12 O7 S1,22.0,12.0,7.0,,,1.0,
664,1378,419.0258404238232,419.0256028575828,419.02559936927906,8449918.55860439,96.31208503384586,531263.5345668162,45.93418096471894,-1,0.008324798589916506,0.4999937126364645,0.8370420509349353,0.6348130479558529,13.0,0.6666666666666666,0.6666666666666666,O12,de-protonated,,0.0,,C18 H12 O12,18.0,12.0,12.0,,,,
665,1379,419.0622351977317,419.0619976122074,419.06198487862906,6365438.346813334,189.7579360223045,510605.1348943582,34.70335703356275,-1,0.03038590659592772,0.9998324818583123,0.0,0.5998994891149874,12.0,0.5789473684210527,0.8421052631578947,O11,de-protonated,,0.0,,C19 H16 O11,19.0,16.0,11.0,,,,
666,1380,419.0986019946845,419.0983643898913,419.09837038797906,2833018.0838020775,146.09458057742833,491093.3554424991,15.833962078013606,-1,-0.014311885218470946,0.9999628345456195,0.0,0.5999777007273717,11.0,0.5,1.0,O10,de-protonated,,0.0,,C20 H20 O10,20.0,20.0,10.0,,,,
667,1382,419.17139269637204,419.17115505301103,419.17114140667906,1528164.9978586182,153.9759492481228,431969.44562931184,8.326611733825185,-1,0.032555514039668845,0.9998077080146456,0.0,0.5998846248087873,9.0,0.36363636363636365,1.2727272727272727,O8,de-protonated,,0.0,,C22 H28 O8,22.0,28.0,8.0,,,,
668,1384,420.0337407408866,420.0335026406491,420.0336025593191,1920019.504619747,66.184601992541,484856.6926364635,10.40809109495317,-1,-0.23788256319015966,0.9897846953772055,0.0,0.5938708172263233,21.0,0.16,0.44,N1 S1 O4,de-protonated,,0.0,,C25 H11 O4 N1 S1,25.0,11.0,4.0,1.0,,1.0,
669,1385,420.1878084630647,420.18757028120797,420.1875197469391,2164530.392713257,129.360933013509,494559.19161968614,11.889010200118609,-1,0.12026599201312009,0.9973789836201217,0.0,0.598427390172073,4.0,0.5555555555555556,1.7222222222222223,N1 O10,de-protonated,,0.0,,C18 H31 O10 N1,18.0,31.0,10.0,1.0,,,
670,1389,421.0050959030246,421.00485728823384,421.0048639243891,3390072.0396179855,134.35364296191565,521473.97663883964,18.738868564657864,-1,-0.015762656993512113,0.9999549180296688,0.0,0.5999729508178013,13.0,0.7647058823529411,0.5882352941176471,O13,de-protonated,,0.0,,C17 H10 O13,17.0,10.0,13.0,,,,
671,1391,421.03896695967376,421.038728326942,421.0387475102891,1586334.697551368,200.80868254327896,433320.4569347223,8.607798905692041,-1,-0.0455619517339024,0.9996234031546345,0.0,0.5997740418927807,16.0,0.3181818181818182,0.6363636363636364,S1 O7,de-protonated,,0.0,,C22 H14 O7 S1,22.0,14.0,7.0,,,1.0,
672,1392,421.04149017978455,421.0412515457163,421.0412494337391,11042255.131665632,113.20212133091883,510766.5215164678,60.158780414615585,-1,0.005016081471463555,0.49999771728336,0.8370420509349353,0.6348154507439902,12.0,0.6666666666666666,0.7777777777777778,O12,de-protonated,,0.0,,C18 H14 O12,18.0,14.0,12.0,,,,
673,1393,421.07787708736674,421.07763843402506,421.0776349430891,5646792.894155711,189.29579132934578,532377.7113186836,30.63204450065598,-1,0.00829048060801733,0.9999875287341916,0.0,0.5999925172405149,11.0,0.5789473684210527,0.9473684210526315,O11,de-protonated,,0.0,,C19 H18 O11,19.0,18.0,11.0,,,,
674,1394,421.11427902623944,421.1140403536164,421.1140204524391,2719622.8465271783,184.56276183288793,510160.49608802213,14.766145114232806,-1,0.047258405938071776,0.9995948424171682,0.0,0.5997569054503009,10.0,0.5,1.1,O10,de-protonated,,0.0,,C20 H22 O10,20.0,22.0,10.0,,,,
675,1396,421.1506608538969,421.15042216200334,421.1504059617891,1871900.0187129271,209.98919624400727,486515.1285818422,10.149121181110361,-1,0.038466576353933746,0.9997315505011314,0.0,0.5998389303006788,9.0,0.42857142857142855,1.2380952380952381,O9,de-protonated,,0.0,,C21 H26 O9,21.0,26.0,9.0,,,,
676,1401,422.166986812004,422.16674758183353,422.16678430204905,1728683.2910935988,63.352666729965165,472961.3221868294,9.384014357907214,-1,-0.08698035204175086,0.9986281769606582,0.0,0.5991769061763949,4.0,0.6470588235294118,1.7058823529411764,N1 O11,de-protonated,,0.0,,C17 H29 O11 N1,17.0,29.0,11.0,1.0,,,
677,1403,423.02074500450436,423.02050532222574,423.0205139888491,7662831.7759990925,123.01366806799874,524179.70097004727,41.69623899663181,-1,-0.02048747766007565,0.999923842219923,0.0,0.5999543053319538,12.0,0.7647058823529411,0.7058823529411765,O13,de-protonated,,0.0,,C17 H12 O13,17.0,12.0,13.0,,,,
678,1404,423.03897880838235,423.03873911644865,423.0387613109391,1695123.4171462974,111.62167129450916,448557.2368122593,9.209053450967836,-1,-0.05246443699928195,0.9995006840788518,0.0,0.599700410447311,16.0,0.35,0.65,N2 P1 O7,de-protonated,,0.0,,C20 H13 O7 N2 P1,20.0,13.0,7.0,2.0,1.0,,
679,1405,423.05712053755826,423.05688083601837,423.05689949819913,9488568.425440809,167.7221992068401,528059.5908346532,52.8326395811858,-1,-0.044112696865199065,0.4998234879405219,0.8370420509349353,0.6347109131382873,11.0,0.6666666666666666,0.8888888888888888,O12,de-protonated,,0.0,,C18 H16 O12,18.0,16.0,12.0,,,,
680,1407,423.0935230978265,423.09328337701106,423.09328500754907,5451026.730014921,143.8264744421488,534951.3104494603,29.712805449911002,-1,-0.0038538498869894727,0.9999973050989006,0.0,0.5999983830593404,10.0,0.5789473684210527,1.0526315789473684,O11,de-protonated,,0.0,,C19 H20 O11,19.0,20.0,11.0,,,,
681,1408,423.1298923223895,423.12965258231634,423.12967051689907,3839147.9282674356,171.56372075548546,464428.8425803477,20.846730919689403,-1,-0.0423855474545921,0.9996740742762567,0.0,0.599804444565754,9.0,0.5,1.2,O10,de-protonated,,0.0,,C20 H24 O10,20.0,24.0,10.0,,,,
682,1410,423.166293511053,423.1660537517053,423.1660560262491,2122936.7899877666,145.85877197698036,511041.52697465103,11.751540916094813,-1,-0.00537506207055562,0.9999947577267139,0.0,0.5999968546360283,8.0,0.42857142857142855,1.3333333333333333,O9,de-protonated,,0.0,,C21 H28 O9,21.0,28.0,9.0,,,,
683,1413,423.32706039252884,423.3268205480559,423.3268542049391,3278449.625080121,173.98822691605704,481930.3129229993,18.040413515526858,-1,-0.07950566534980352,0.998853692999633,0.0,0.5993122157997798,8.0,0.06896551724137931,1.5172413793103448,O2,de-protonated,,0.0,,C29 H44 O2,29.0,44.0,2.0,,,,
684,1419,425.01524894534924,425.0150082071217,425.0150346852491,2261627.6559074577,117.2025769253256,432347.30488928576,12.3729298514549,-1,-0.06229927230911468,0.9992960093979592,0.0,0.5995776056387755,16.0,0.55,0.5,O11,de-protonated,,0.0,,C20 H10 O11,20.0,10.0,11.0,,,,
685,1421,425.03639819577404,425.03615744635124,425.03616405330905,9484103.695748707,63.13798084560739,529908.3389571556,51.64957059140525,-1,-0.01554446037736245,0.9985188547036594,0.9920341588501712,0.9959249763622642,11.0,0.7647058823529411,0.8235294117647058,O13,de-protonated,,0.0,,C17 H14 O13,17.0,14.0,13.0,,,,
686,1423,425.0727333693602,425.07249260070375,425.0725495626591,8863989.02021241,125.93317531448068,571455.5674143701,48.366970718352185,-1,-0.1340052548918041,0.9964299703239767,0.9734544862636423,0.987239776699843,10.0,0.6666666666666666,1.0,O12,de-protonated,,0.0,,C18 H18 O12,18.0,18.0,12.0,,,,
687,1425,425.1091434666955,425.10890267876584,425.10893507200905,7077206.644037181,138.89024863293076,517996.1363487054,38.49139952666291,-1,-0.07619986438767871,0.9989469876469289,0.0,0.5993681925881573,9.0,0.5789473684210527,1.1578947368421053,O11,de-protonated,,0.0,,C19 H22 O11,19.0,22.0,11.0,,,,
688,1426,425.1455728991709,425.14533209195775,425.14532058135904,3104063.06139694,153.559353728824,470545.2609415639,17.067019898348263,-1,0.027074504065783846,0.9998670017376341,0.0,0.5999202010425805,8.0,0.5,1.3,O10,de-protonated,,0.0,,C20 H26 O10,20.0,26.0,10.0,,,,
689,1431,426.0397060976277,426.0394648171541,426.03951888837906,1638921.6227493193,147.4612133844252,593086.56218074,9.114630104365633,-1,-0.1269159844438733,0.9970815519373567,0.9920341588501712,0.9950625947024825,11.0,0.7647058823529411,0.8235294117647058,13C1 O13,de-protonated,,1.0,1421.0,C16 H14 O13 13C1,16.0,14.0,13.0,,,,1.0
690,1432,426.0680458489146,426.06780455344204,426.0677985348591,1674003.284617489,110.9249075720491,478488.8039461278,9.102132896727106,-1,0.014125880838272086,0.9999637942921356,0.0,0.5999782765752814,10.0,0.7058823529411765,1.0,N1 O12,de-protonated,,0.0,,C17 H17 O12 N1,17.0,17.0,12.0,1.0,,,
691,1434,426.07450133055704,426.0742600316679,426.07416101897905,4026632.7951359055,72.33525170328103,499906.07253002183,21.975645343036334,-1,0.23238369727186411,0.9902492249918006,0.0,0.5941495349950803,5.0,0.6923076923076923,1.6923076923076923,N3 S1 P1 O9,de-protonated,,0.0,,C13 H22 O9 N3 P1 S1,13.0,22.0,9.0,3.0,1.0,1.0,
692,1435,426.0760832750045,426.07584197527814,426.0759043977291,2072503.1341527957,83.34665888919193,542145.2103191527,11.259984082312753,-1,-0.14650547082422818,0.9961129861450758,0.9734544862636423,0.9870495861925024,10.0,0.6666666666666666,1.0,13C1 O12,de-protonated,,1.0,1423.0,C17 H18 O12 13C1,17.0,18.0,12.0,,,,1.0
693,1440,427.0156929983569,427.01545120137575,427.0154286084191,2463669.342136729,103.82994003773578,518317.9367920627,13.562247445054712,-1,0.05290899380803221,0.9994921884904231,0.0,0.5996953130942538,11.0,0.875,0.75,O14,de-protonated,,0.0,,C16 H12 O14,16.0,12.0,14.0,,,,
694,1441,427.02204831241244,427.0218065120682,427.0217910925391,1626180.4043246175,97.39226754679204,476249.7051812753,8.89106894549865,-1,0.036109466640467235,0.9997634382077811,0.0,0.5998580629246687,6.0,0.9166666666666666,1.4166666666666667,N2 S1 P1 O11,de-protonated,,0.0,,C12 H17 O11 N2 P1 S1,12.0,17.0,11.0,2.0,1.0,1.0,
695,1442,427.03087503300145,427.0306332279864,427.0306847497091,3006827.3864819123,169.97745294953182,481019.80622743414,16.621286159240803,-1,-0.12065110198433954,0.9973621931535371,0.0,0.5984173158921222,15.0,0.55,0.6,O11,de-protonated,,0.0,,C20 H12 O11,20.0,12.0,11.0,,,,
696,1444,427.0520402157324,427.0517983995173,427.0518141177691,8552717.230250299,105.1616962316925,539133.211435261,46.4729494718021,-1,-0.03680642789172178,0.49987710964525417,0.8446892076502734,0.6378019488472619,10.0,0.7647058823529411,0.9411764705882353,O13,de-protonated,,0.0,,C17 H16 O13,17.0,16.0,13.0,,,,
697,1447,427.0884264803164,427.08818464484676,427.0881996271191,9000579.181811297,164.5739511434402,512604.8396310619,48.77243567729106,-1,-0.03508004279176067,0.9998311322224143,0.9968848300663851,0.9986526113600026,9.0,0.6666666666666666,1.1111111111111112,O12,de-protonated,,0.0,,C18 H20 O12,18.0,20.0,12.0,,,,
698,1448,427.1248238391753,427.12458198444546,427.1245851364691,5019839.507229223,127.01856172161943,493719.7848556302,27.268907067265737,-1,-0.007379635200431531,0.999990118531967,0.0,0.5999940711191801,8.0,0.5789473684210527,1.263157894736842,O11,de-protonated,,0.0,,C19 H24 O11,19.0,24.0,11.0,,,,
699,1449,427.16119288861455,427.1609510146395,427.1609706458191,2492540.423849819,101.622272621559,496424.1513917756,13.770534239030162,-1,-0.045957334363098006,0.9996168399034361,0.0,0.5997701039420616,7.0,0.5,1.4,O10,de-protonated,,0.0,,C20 H28 O10,20.0,28.0,10.0,,,,
700,1450,427.1975430545734,427.19730116136327,427.1973561551691,2227884.572488584,140.50641542587124,502352.4037875809,12.208383284214296,-1,-0.12873161552137552,0.9969975797340477,0.0,0.5981985478404286,6.0,0.42857142857142855,1.5238095238095237,O9,de-protonated,,0.0,,C21 H32 O9,21.0,32.0,9.0,,,,
701,1451,427.2339509148973,427.2337090024218,427.2337416645191,2308216.7697750344,111.38228716259106,494953.04884067737,12.577745198864092,-1,-0.07645018194386231,0.9989400616385127,0.0,0.5993640369831076,5.0,0.36363636363636365,1.6363636363636365,O8,de-protonated,,0.0,,C22 H36 O8,22.0,36.0,8.0,,,,
702,1453,428.09178607594237,428.09154370956986,428.0915544621891,1792428.4389576109,132.7330558549159,579546.7873043527,9.736713329038972,-1,-0.02511756917476062,0.9998855319763276,0.9968848300663851,0.9986852512123506,9.0,0.6666666666666666,1.1111111111111112,13C1 O12,de-protonated,,1.0,1447.0,C17 H20 O12 13C1,17.0,20.0,12.0,,,,1.0
703,1456,429.01020575218325,429.00996289992685,429.0099493048191,2840257.502556771,82.27992853747807,502168.3568613192,15.743704467290911,-1,0.031689492939700685,0.9998178014813583,0.0,0.599890680888815,15.0,0.631578947368421,0.5263157894736842,O12,de-protonated,,0.0,,C19 H10 O12,19.0,10.0,12.0,,,,
704,1458,429.0313240895008,429.03108122607273,429.0310786728791,3494417.4132667035,206.54458033484073,508958.0067791416,18.9416010441273,-1,0.0059510691351509735,0.9999935739748037,0.0,0.5999961443848822,10.0,0.875,0.875,O14,de-protonated,,0.0,,C16 H14 O14,16.0,14.0,14.0,,,,
705,1459,429.04659009983357,429.04634722832975,429.0463348141691,3887687.7922219844,103.06807703973524,512645.8658145687,21.17860121142362,-1,0.028934312351490656,0.9998481037076719,0.0,0.599908862224603,14.0,0.55,0.7,O11,de-protonated,,0.0,,C20 H14 O11,20.0,14.0,11.0,,,,
706,1460,429.06770544934017,429.06746256666634,429.0674641822291,6861728.529571863,162.50616493305435,510534.420181039,37.68880108054418,-1,-0.0037652884809685296,0.9999974275331852,0.0,0.5999984565199111,9.0,0.7647058823529411,1.0588235294117647,O13,de-protonated,,0.0,,C17 H18 O13,17.0,18.0,13.0,,,,
707,1461,429.10405365043295,429.103810748531,429.1038496915791,6882756.71489575,166.6192772985956,509310.5834340768,37.93596807606171,-1,-0.09075436672755989,0.9985066403635889,0.0,0.5991039842181534,8.0,0.6666666666666666,1.2222222222222223,O12,de-protonated,,0.0,,C18 H22 O12,18.0,22.0,12.0,,,,
708,1462,429.1405032514452,429.1402603302615,429.1402352009291,3031038.963802669,181.54702600154258,466623.40799249866,16.524085655385594,-1,0.05855739069138429,0.9993780117750869,0.0,0.5996268070650521,7.0,0.5789473684210527,1.368421052631579,O11,de-protonated,,0.0,,C19 H26 O11,19.0,26.0,11.0,,,,
709,1463,429.1768376450859,429.17659470468175,429.17662071027905,2535337.0136749675,137.53698643888114,494884.2176817682,13.894117736788928,-1,-0.060594161123624986,0.9993340053752089,0.0,0.5996004032251253,6.0,0.5,1.5,O10,de-protonated,,0.0,,C20 H30 O10,20.0,30.0,10.0,,,,
710,1464,429.2132193520306,429.2129763923809,429.2130062196291,3019217.1179359965,94.77782877340061,512596.5928180815,16.44910240955443,-1,-0.06949288067846461,0.9991241208390518,0.0,0.599474472503431,5.0,0.42857142857142855,1.619047619047619,O9,de-protonated,,0.0,,C21 H34 O9,21.0,34.0,9.0,,,,
711,1465,429.2495632303426,429.2493202514675,429.2493917289791,2341419.1713770023,103.20757173643948,483823.19634807494,12.823523615755121,-1,-0.16651744411036953,0.9949814154730148,0.0,0.5969888492838088,4.0,0.36363636363636365,1.7272727272727273,O8,de-protonated,,0.0,,C22 H38 O8,22.0,38.0,8.0,,,,
712,1468,431.02584426251127,431.0256003441463,431.02559936927906,5662539.7676083855,175.84963406788964,496933.68113501515,31.49574040634084,-1,0.0022617386291827004,0.9999990718066387,0.0,0.5999994430839832,14.0,0.631578947368421,0.631578947368421,O12,de-protonated,,0.0,,C19 H12 O12,19.0,12.0,12.0,,,,
713,1470,431.04697494051635,431.0467310109768,431.0467287373391,4028091.4072754215,85.47670830527986,533552.4518162233,21.870113367422107,-1,0.005274689683545006,0.999994951683657,0.0,0.5999969710101942,9.0,0.875,1.0,O14,de-protonated,,0.0,,C16 H16 O14,16.0,16.0,14.0,,,,
714,1471,431.0622618345418,431.06201789691806,431.06198487862906,3959498.0646449123,939.6758077175509,513387.2081981236,21.831233165880025,-1,0.07659754318576967,0.9989359737172546,0.0,0.5993615842303528,13.0,0.55,0.8,O11,de-protonated,,0.0,,C20 H16 O11,20.0,16.0,11.0,,,,
715,1472,431.0833613646367,431.08311741585493,431.08311424668904,3848999.748165969,110.58212371540844,509974.32248643914,21.123058066363498,-1,0.00735163542373197,0.999990193373785,0.0,0.599994116024271,8.0,0.7647058823529411,1.1764705882352942,O13,de-protonated,,0.0,,C17 H20 O13,17.0,20.0,13.0,,,,
716,1473,431.1197635221582,431.11951955412604,431.1194997560391,2173877.2835536785,137.9581402442417,500336.2667097106,11.987599282600321,-1,0.0459225040021698,0.9996174203546389,0.0,0.5997704522127832,7.0,0.6666666666666666,1.3333333333333333,O12,de-protonated,,0.0,,C18 H24 O12,18.0,24.0,12.0,,,,
717,1474,431.19250279499,431.1922587884917,431.1922707747391,2467218.3762151194,155.4166072581197,506936.0720168835,13.495595670982569,-1,-0.02779791800324814,0.999859800029741,0.0,0.5999158800178446,5.0,0.5,1.6,O10,de-protonated,,0.0,,C20 H32 O10,20.0,32.0,10.0,,,,
718,1475,431.22885510619625,431.22861108047425,431.22865628408914,2656077.5764029813,140.39263091880628,468409.7815630447,14.827242573798937,-1,-0.10482516463098517,0.9980081709825607,0.0,0.5988049025895363,4.0,0.42857142857142855,1.7142857142857142,O9,de-protonated,,0.0,,C21 H36 O9,21.0,36.0,9.0,,,,
719,1477,432.15142950803914,432.15118499448175,432.1511342375891,1617804.804748833,101.58993282486166,550212.9132364764,8.786925548510927,-1,0.11745171689983967,0.9975000625257199,0.0,0.5985000375154319,6.0,0.6111111111111112,1.5,N1 O11,de-protonated,,0.0,,C18 H27 O11 N1,18.0,27.0,11.0,1.0,,,
720,1479,433.0051556330519,433.004910668129,433.0048639243891,2661817.7685107393,295.60978996006753,451532.74378540006,14.588407050040423,-1,0.10795199733221188,0.9978876975267235,0.0,0.5987326185160341,14.0,0.7222222222222222,0.5555555555555556,O13,de-protonated,,0.0,,C18 H10 O13,18.0,10.0,13.0,,,,
721,1480,433.04149705064407,433.04125206650883,433.0412494337391,7640410.61773581,188.87265367807498,500071.69009906816,41.51850093243943,-1,0.006079720440023191,0.9992237716745942,0.9934461234454817,0.9969127123829492,13.0,0.631578947368421,0.7368421052631579,O12,de-protonated,,0.0,,C19 H14 O12,19.0,14.0,12.0,,,,
722,1481,433.07789329161335,433.0776482882369,433.0776349430891,4273563.260622953,127.6608234747797,526741.5684459779,23.211480320624,-1,0.03081467785361366,0.9998277212629335,0.0,0.5998966327577601,12.0,0.55,0.9,O11,de-protonated,,0.0,,C20 H18 O11,20.0,18.0,11.0,,,,
723,1484,433.2080908157045,433.2078457434988,433.20792083919906,1764884.2780864532,204.3395529919809,407348.1049635403,9.587441126689901,-1,-0.1733479390411317,0.9945623938466757,0.0,0.5967374363080054,4.0,0.5,1.7,O10,de-protonated,,0.0,,C20 H34 O10,20.0,34.0,10.0,,,,
724,1485,434.0448097063346,434.04456419182975,434.0446042688091,1643444.3659446044,124.35109413225216,426824.5514510911,8.948000669185275,-1,-0.09233378082778182,0.9984542502146034,0.9934461234454817,0.9964509995069547,13.0,0.631578947368421,0.7368421052631579,13C1 O12,de-protonated,,1.0,1480.0,C18 H14 O12 13C1,18.0,14.0,12.0,,,,1.0
725,1487,435.02073554807015,435.02048951775515,435.0205139888491,6816377.599024467,47.340898695656946,497586.8592535073,37.13614678719599,-1,-0.05625273552826435,0.9994259939788586,0.0,0.5996555963873151,13.0,0.7222222222222222,0.6666666666666666,O13,de-protonated,,0.0,,C18 H12 O13,18.0,12.0,13.0,,,,
726,1488,435.05713755011186,435.0568915005587,435.05689949819913,8161413.475813084,132.5524782715486,502380.3629785068,44.88441552308268,-1,-0.01838297569515533,0.9999614131024622,0.9947137061249305,0.9978623303114496,12.0,0.631578947368421,0.8421052631578947,O12,de-protonated,,0.0,,C19 H16 O12,19.0,16.0,12.0,,,,
727,1489,435.09352031118635,435.09327424240536,435.09328500754907,3712582.972983792,127.72480270025886,495920.25812349963,20.517637785208194,-1,-0.024742150900251,0.999888927995202,0.0,0.5999333567971212,11.0,0.55,1.0,O11,de-protonated,,0.0,,C20 H20 O11,20.0,20.0,11.0,,,,
728,1490,435.12988405086827,435.1296379628696,435.12967051689907,3306648.839052968,62.56985129695474,499919.01627842773,17.97098458420171,-1,-0.07481454766165262,0.9989849079663244,0.0,0.5993909447797946,10.0,0.47619047619047616,1.1428571428571428,O10,de-protonated,,0.0,,C21 H24 O10,21.0,24.0,10.0,,,,
729,1494,436.06049683646444,436.06025025668924,436.0602543332691,1614860.4921647145,118.48290752351805,523479.21691549045,8.800117045462706,-1,-0.009348661798877372,0.9999841419682733,0.9947137061249305,0.9978759676309362,12.0,0.631578947368421,0.8421052631578947,13C1 O12,de-protonated,,1.0,1488.0,C18 H16 O12 13C1,18.0,16.0,12.0,,,,1.0
730,1497,437.0364031018249,437.03615600641734,437.03616405330905,9465475.247865688,188.3873058447865,496726.48708723235,51.50515841424894,-1,-0.01841241610992724,0.9991871349698483,0.9786139827482727,0.9909578740812182,12.0,0.7222222222222222,0.7777777777777778,O13,de-protonated,,0.0,,C18 H14 O13,18.0,14.0,13.0,,,,
731,1498,437.07281069031154,437.07256357566916,437.0725495626591,6222466.405682653,266.7034765558045,511557.7924099651,34.217354514286704,-1,0.032061061883227854,0.9998135041668825,0.0,0.5998881025001295,11.0,0.631578947368421,0.9473684210526315,O12,de-protonated,,0.0,,C19 H18 O12,19.0,18.0,12.0,,,,
732,1500,437.10914737357035,437.1089002397307,437.1089350720091,3995194.5572089255,150.09905646468084,483887.05696879874,21.811793065108983,-1,-0.07968786635836114,0.9988484360869997,0.0,0.5993090616521998,10.0,0.55,1.1,O11,de-protonated,,0.0,,C20 H22 O11,20.0,22.0,11.0,,,,
733,1501,437.1455989827644,437.1453518296669,437.14532058135904,2524905.8355279583,331.4082667855115,420479.67180544505,13.794140075680712,-1,0.07148265431063819,0.9990732686512082,0.0,0.5994439611907248,9.0,0.47619047619047616,1.2380952380952381,O10,de-protonated,,0.0,,C21 H26 O10,21.0,26.0,10.0,,,,
734,1504,438.0397258268897,438.0394782014485,438.03951888837906,1561045.900097811,109.6179605104293,542796.0955394945,8.472412489607999,-1,-0.09288415498206196,0.9984357822491823,0.9786139827482727,0.9905070624488184,12.0,0.7222222222222222,0.7777777777777778,13C1 O13,de-protonated,,1.0,1497.0,C17 H14 O13 13C1,17.0,14.0,13.0,,,,1.0
735,1509,439.0156606573916,439.0154125164674,439.0154286084191,4104460.2263785503,44.51748410197973,491702.54031237424,22.636608769251758,-1,-0.03665463818424429,0.9997562420631164,0.0,0.5998537452378698,12.0,0.8235294117647058,0.7058823529411765,O14,de-protonated,,0.0,,C17 H12 O14,17.0,12.0,14.0,,,,
736,1510,439.03092832336296,439.0306801743751,439.0306847497091,2031713.8844284404,90.21106487700087,474487.48615275475,11.0489201310843,-1,-0.010421444701135242,0.9999802936856695,0.0,0.5999881762114017,16.0,0.5238095238095238,0.5714285714285714,O11,de-protonated,,0.0,,C21 H12 O11,21.0,12.0,11.0,,,,
737,1511,439.052059155444,439.0518109952959,439.0518141177691,8573065.809280263,97.22610837447611,536181.0856496653,46.54515556038026,-1,-0.007111855762442019,0.9984274531285191,0.9959477928150832,0.9974355890031448,11.0,0.7222222222222222,0.8888888888888888,O13,de-protonated,,0.0,,C18 H16 O13,18.0,16.0,13.0,,,,
738,1513,439.0884179368321,439.0881697574812,439.0881996271191,6730969.061144254,114.01570799506409,497577.05251719616,36.53350366329369,-1,-0.06802651021924155,0.9991606793804934,0.0,0.599496407628296,10.0,0.631578947368421,1.0526315789473684,O12,de-protonated,,0.0,,C19 H20 O12,19.0,20.0,12.0,,,,
739,1514,439.1248428581905,439.12459465960194,439.1245851364691,4789601.736739847,128.0456571762115,490116.5893713713,26.538514709725163,-1,0.021686631043688908,0.9999146665156144,0.0,0.5999487999093687,9.0,0.55,1.2,O11,de-protonated,,0.0,,C20 H24 O11,20.0,24.0,11.0,,,,
740,1515,439.1611621435515,439.1609139257812,439.1609706458191,2377147.7724103853,157.49438240094395,466424.8454917563,12.970712950164438,-1,-0.12915546162077973,0.9969778063320247,0.0,0.5981866837992148,8.0,0.47619047619047616,1.3333333333333333,O10,de-protonated,,0.0,,C21 H28 O10,21.0,28.0,10.0,,,,
741,1517,439.210594135429,439.21034589155175,439.2102433147391,1828483.0899431542,159.482118920095,400852.0516961129,10.02762055129135,-1,0.23354831589735062,0.9901517297902157,0.0,0.5940910378741294,2.0,0.47368421052631576,1.9473684210526316,P1 O9,de-protonated,,0.0,,C19 H37 O9 P1,19.0,37.0,9.0,,1.0,,
742,1520,440.0553597461953,440.05511105619735,440.05516895283904,1718855.3631140708,203.10692550005143,539804.272282292,9.339579841859118,-1,-0.13156678020666077,0.996864083615925,0.9959477928150832,0.9964975672955882,11.0,0.7222222222222222,0.8888888888888888,13C1 O13,de-protonated,,1.0,1511.0,C17 H16 O13 13C1,17.0,16.0,13.0,,,,1.0
743,1525,441.0102277791464,441.00997858495583,441.0099493048191,2837024.0428799614,91.28592117697006,525356.0999108867,15.360456766376085,-1,0.0663933700130626,0.9992004795376925,0.0,0.5995202877226155,16.0,0.6,0.5,O12,de-protonated,,0.0,,C20 H10 O12,20.0,10.0,12.0,,,,
744,1526,441.0313372188652,441.0310880135292,441.0310786728791,5589100.649396683,159.4114503186488,498577.84247457806,30.504295267017707,-1,0.02117911986852516,0.9999186135750818,0.0,0.5999511681450491,11.0,0.8235294117647058,0.8235294117647058,O14,de-protonated,,0.0,,C17 H14 O14,17.0,14.0,14.0,,,,
745,1527,441.0466004178417,441.0463512044471,441.0463348141691,1886074.0715416546,124.24009413664264,546142.080579361,10.511540202627641,-1,0.037162258729198476,0.9997494446846438,0.0,0.5998496668107862,15.0,0.5238095238095238,0.6666666666666666,O11,de-protonated,,0.0,,C21 H14 O11,21.0,14.0,11.0,,,,
746,1529,441.06769706179097,441.0674478372577,441.0674641822291,8226805.096318209,204.3602909306701,487870.1864579259,45.64535661040632,-1,-0.037057758145860854,0.9995879871216338,0.999402632542434,0.9995138452899539,10.0,0.7222222222222222,1.0,O13,de-protonated,,0.0,,C18 H18 O13,18.0,18.0,13.0,,,,
747,1530,441.10410464494527,441.10385540118966,441.1038496915791,5616477.547765252,129.4691483297381,512740.62848165445,30.593164299113898,-1,0.01294391457227723,0.9999695996556595,0.0,0.5999817597933956,9.0,0.631578947368421,1.1578947368421053,O12,de-protonated,,0.0,,C19 H22 O12,19.0,22.0,12.0,,,,
748,1531,441.14052558982087,441.140276326836,441.14023520092906,3288538.8221316147,145.12870976655142,468882.7822982969,17.876561237599507,-1,0.09322637939307753,0.9984242436417878,0.0,0.5990545461850727,8.0,0.55,1.3,O11,de-protonated,,0.0,,C20 H26 O11,20.0,26.0,11.0,,,,
749,1532,441.1768779299257,441.17662864774786,441.17662071027905,1978730.1099724844,48.08635435602201,509704.1863962375,10.968382570747126,-1,0.017991589843702218,0.9999412672740604,0.0,0.5999647603644362,7.0,0.47619047619047616,1.4285714285714286,O10,de-protonated,,0.0,,C21 H30 O10,21.0,30.0,10.0,,,,
750,1533,441.2132314719057,441.2129821705345,441.2130062196291,2409518.8650763286,85.42838334408884,533901.909235065,13.1387309639713,-1,-0.05450676724150446,0.9994610634677944,0.0,0.5996766380806766,6.0,0.4090909090909091,1.5454545454545454,O9,de-protonated,,0.0,,C22 H34 O9,22.0,34.0,9.0,,,,
751,1535,442.07104388496754,442.0707941307323,442.0708190172991,1608639.206007603,139.34055531147442,453944.38030810846,8.756376818727862,-1,-0.05629542987401747,0.9994251225878734,0.999402632542434,0.9994161265696977,10.0,0.7222222222222222,1.0,13C1 O13,de-protonated,,1.0,1529.0,C17 H18 O13 13C1,17.0,18.0,13.0,,,,1.0
752,1538,443.02589988672634,443.0256496284686,443.02559936927906,3859754.8718748204,76.12939170921229,534139.7829049338,21.506305767278324,-1,0.11344533954981058,0.997667508016648,0.0,0.5986005048099888,15.0,0.6,0.6,O12,de-protonated,,0.0,,C20 H12 O12,20.0,12.0,12.0,,,,
753,1540,443.04696984961754,443.04671958023886,443.0467287373391,5759669.292002747,165.74886701787918,486476.82908424886,31.91786830879775,-1,-0.020668475001015294,0.9999224906910993,0.0,0.5999534944146595,10.0,0.8235294117647058,0.9411764705882353,O14,de-protonated,,0.0,,C17 H16 O14,17.0,16.0,14.0,,,,
754,1541,443.0623163012599,443.06206602378126,443.06198487862906,1994821.1623900475,121.59156950952016,534648.1946020228,10.846187651614862,-1,0.18314627515666565,0.9939322306170862,0.0,0.5963593383702517,14.0,0.5238095238095238,0.7619047619047619,O11,de-protonated,,0.0,,C21 H16 O11,21.0,16.0,11.0,,,,
755,1542,443.0833523837733,443.08310209519163,443.08311424668904,6312061.850584619,214.80721250918498,493491.59867304063,35.36709761703118,-1,-0.027424871340111994,0.9998635374784955,0.0,0.5999181224870973,9.0,0.7222222222222222,1.1111111111111112,O13,de-protonated,,0.0,,C18 H20 O13,18.0,20.0,13.0,,,,
756,1543,443.11976708974316,443.1195167819417,443.1194997560391,3838355.128148279,89.9677201687177,522088.5623621812,20.959205788436147,-1,0.03842282409808857,0.9997321607462069,0.0,0.599839296447724,8.0,0.631578947368421,1.263157894736842,O12,de-protonated,,0.0,,C19 H24 O12,19.0,24.0,12.0,,,,
757,1544,443.1560919838329,443.155841656859,443.1558852653891,2609304.5795915467,82.53420114794093,547506.2534912354,14.523143854594784,-1,-0.09840449267045251,0.9982444944805444,0.0,0.5989466966883267,7.0,0.55,1.4,O11,de-protonated,,0.0,,C20 H28 O11,20.0,28.0,11.0,,,,
758,1545,443.1925319680499,443.19228162184305,443.1922707747391,1971074.5134481248,80.05976918880752,540109.6837188235,10.700386895832048,-1,0.024474939389849123,0.999891314032358,0.0,0.5999347884194147,6.0,0.47619047619047616,1.5238095238095237,O10,de-protonated,,0.0,,C21 H32 O10,21.0,32.0,10.0,,,,
759,1546,443.22889517897346,443.22864481357425,443.22865628408914,2554034.3165053083,129.7034306262218,497632.8783543712,13.912169258933467,-1,-0.02587945235279685,0.9998784828421328,0.0,0.5999270897052796,5.0,0.4090909090909091,1.6363636363636365,O9,de-protonated,,0.0,,C22 H36 O9,22.0,36.0,9.0,,,,
760,1547,443.2651967243615,443.26494633980263,443.265041793439,1935308.9276493846,74.74375495630639,476192.6457653364,10.827441840157071,-1,-0.21534212579549925,0.9916211197173848,0.0,0.5949726718304308,4.0,0.34782608695652173,1.7391304347826086,O8,de-protonated,,0.0,,C23 H40 O8,23.0,40.0,8.0,,,,
761,1548,444.22415114242506,444.2239002517781,444.22390525628913,1825386.4237869815,119.00677017157149,521140.2223843185,10.029703419231105,-1,-0.011265740013172642,0.9999769713607423,0.0,0.5999861828164453,5.0,0.42857142857142855,1.6666666666666667,N1 O9,de-protonated,,0.0,,C21 H35 O9 N1,21.0,35.0,9.0,1.0,,,
762,1551,445.00508321694144,445.00483191421546,445.0048639243891,2738927.0982525954,149.34763960930593,468150.8315395499,14.934163128039668,-1,-0.07193218824248063,0.9990615815930166,0.0,0.5994369489558099,15.0,0.6842105263157895,0.5263157894736842,O13,de-protonated,,0.0,,C19 H10 O13,19.0,10.0,13.0,,,,
763,1553,445.04151272845263,445.0412614065049,445.0412494337391,6000216.432635747,95.8641290565062,494227.0128136056,33.03150836725315,-1,0.026902597885858488,0.9998686851770157,0.0,0.5999212111062093,14.0,0.6,0.7,O12,de-protonated,,0.0,,C20 H14 O12,20.0,14.0,12.0,,,,
764,1555,445.0626307991384,445.06237946604796,445.06237880179907,4549185.990374649,112.54858713095851,493049.8619486197,24.75835691054833,-1,0.001492484915921149,0.9999995958210963,0.0,0.5999997574926578,9.0,0.8235294117647058,1.0588235294117647,O14,de-protonated,,0.0,,C17 H18 O14,17.0,18.0,14.0,,,,
765,1556,445.07789354661014,445.07764220546653,445.0776349430891,2720395.1134152906,172.75753371374017,498954.7204954625,14.978597644087763,-1,0.016317102606445515,0.9999516908465826,0.0,0.5999710145079495,13.0,0.5238095238095238,0.8571428571428571,O11,de-protonated,,0.0,,C21 H18 O11,21.0,18.0,11.0,,,,
766,1557,445.099016013698,445.0987646614094,445.09876431114907,3668048.777609754,384.7219026669868,496314.9262060888,20.50514057756967,-1,0.0007869272268873879,0.999999887637098,0.0,0.5999999325822588,8.0,0.7222222222222222,1.2222222222222223,O13,de-protonated,,0.0,,C18 H22 O13,18.0,22.0,13.0,,,,
767,1558,445.13548185171817,445.135230480189,445.13514982049907,2203241.752809621,140.63728259185416,442990.0097143946,12.255594957515399,-1,0.18120269762800206,0.9940599503267277,0.0,0.5964359701960366,7.0,0.631578947368421,1.368421052631579,O12,de-protonated,,0.0,,C19 H26 O12,19.0,26.0,12.0,,,,
768,1559,445.1718564853025,445.17160509458097,445.17153532984906,1919483.4264508993,123.40214177620445,524025.1394894027,10.417116856025439,-1,0.15671426937180646,0.9955536503996,0.0,0.5973321902397599,6.0,0.55,1.5,O11,de-protonated,,0.0,,C20 H30 O11,20.0,30.0,11.0,,,,
769,1560,445.18701262850436,445.18676122978604,445.1867914711391,1716649.3562061305,149.42712301856548,459566.6504611038,9.31250255864231,-1,-0.0679295828722224,0.9991630684824501,0.0,0.59949784108947,10.0,0.3333333333333333,1.25,O8,de-protonated,,0.0,,C24 H30 O8,24.0,30.0,8.0,,,,
770,1561,445.2081770284733,445.2079256185881,445.20792083919906,2607689.0074703665,128.39225161016,539241.5878710316,14.278754016330256,-1,0.010735184183851254,0.9999790893136632,0.0,0.5999874535881979,5.0,0.47619047619047616,1.619047619047619,O10,de-protonated,,0.0,,C21 H34 O10,21.0,34.0,10.0,,,,
771,1562,445.2446488305352,445.24439740140656,445.24430634854906,2213278.188696773,85.62429184510758,441793.6327394266,12.048696742166452,-1,0.20450089131028445,0.992440422857374,0.0,0.5954642537144244,4.0,0.4090909090909091,1.7272727272727273,O9,de-protonated,,0.0,,C22 H38 O9,22.0,38.0,9.0,,,,
772,1565,447.0207813178172,447.02052895169584,447.0205139888491,5501247.183295735,76.07156151293279,482905.33887083764,30.44597496470458,-1,0.03347239398251408,0.9997967253446649,0.0,0.5998780352067989,14.0,0.6842105263157895,0.631578947368421,O13,de-protonated,,0.0,,C19 H12 O13,19.0,12.0,13.0,,,,
773,1567,447.0571537211326,447.0569013358259,447.0568994981991,6758332.512654002,159.09273911878253,475144.63187109894,36.9556315657506,-1,0.00411049874832635,0.9999969342114131,0.0,0.5999981605268478,13.0,0.6,0.8,O12,de-protonated,,0.0,,C20 H16 O12,20.0,16.0,12.0,,,,
774,1568,447.078276615344,447.0780242188957,447.0780288662591,2151946.8610074115,117.74913574665767,504880.92183107,11.697386349661196,-1,-0.010394971628179546,0.9999803936754496,0.0,0.5999882362052698,8.0,0.8235294117647058,1.1764705882352942,O14,de-protonated,,0.0,,C17 H20 O14,17.0,20.0,14.0,,,,
775,1569,447.0935158107532,447.0932634062668,447.09328500754907,2377986.222086732,163.31498983561983,440107.1154428421,12.947107113513887,-1,-0.048314933422728454,0.9995765280711014,0.0,0.5997459168426609,12.0,0.5238095238095238,0.9523809523809523,O11,de-protonated,,0.0,,C21 H20 O11,21.0,20.0,11.0,,,,
776,1574,449.00010769656,448.99985428656805,448.99977854395905,2129671.069412504,100.1561265028193,487550.64492062986,11.647397519107088,-1,0.1686918627101107,0.9948498326193087,0.0,0.5969098995715852,14.0,0.7777777777777778,0.5555555555555556,O14,de-protonated,,0.0,,C18 H10 O14,18.0,10.0,14.0,,,,
777,1575,449.03642245503823,449.0361690258975,449.03616405330905,9015132.308733752,211.98258377084855,509995.8202073016,49.116803176663794,-1,0.011073915288818575,0.9998492487389179,0.9845420246286524,0.9937263590948117,13.0,0.6842105263157895,0.7368421052631579,O13,de-protonated,,0.0,,C19 H14 O13,19.0,14.0,13.0,,,,
778,1577,449.07277377789796,449.0725203295892,449.0725495626591,5745746.795361432,207.5807488077271,480739.2528530734,31.473523148316794,-1,-0.0650965415492412,0.9992313958829193,0.0,0.5995388375297516,12.0,0.6,0.9,O12,de-protonated,,0.0,,C20 H18 O12,20.0,18.0,12.0,,,,
779,1578,449.1091875105274,449.1089340430179,449.1089350720091,2499988.1342043355,77.75834848818381,520468.99959555664,13.98298676888512,-1,-0.002291184033010225,0.9999990474811705,0.0,0.5999994284887022,11.0,0.5238095238095238,1.0476190476190477,O11,de-protonated,,0.0,,C21 H22 O11,21.0,22.0,11.0,,,,
780,1585,450.03975519014995,450.03950123199525,450.03951888837906,1653788.4449924838,125.21734289603452,395051.7749125373,9.223633526546118,-1,-0.039232963055629295,0.9997207485729647,0.9845420246286524,0.9936492589952397,13.0,0.6842105263157895,0.7368421052631579,13C1 O13,de-protonated,,1.0,1575.0,C18 H14 O13 13C1,18.0,14.0,13.0,,,,1.0
781,1586,450.0680432149657,450.0677892418972,450.0677985348591,1486702.2077952616,222.91774254613247,432608.71587015374,8.291202978849359,-1,-0.020647915603458623,0.999922644808955,0.0,0.5999535868853729,12.0,0.631578947368421,0.8947368421052632,N1 O12,de-protonated,,0.0,,C19 H17 O12 N1,19.0,17.0,12.0,1.0,,,
782,1591,451.0156631953762,451.0154087227496,451.0154286084191,4852075.408324091,217.67490131755707,470017.4595803959,26.96897408394109,-1,-0.04409088517239313,0.9996473248414515,0.0,0.5997883949048709,13.0,0.7777777777777778,0.6666666666666666,O14,de-protonated,,0.0,,C18 H12 O14,18.0,12.0,14.0,,,,
783,1592,451.05207366635983,451.05181917454024,451.0518141177691,10275037.515923256,125.08970818697654,488293.37268254254,55.96527296257655,-1,0.011211064893159553,0.9999885416660337,0.9647262246248202,0.9858836148495482,12.0,0.6842105263157895,0.8421052631578947,O13,de-protonated,,0.0,,C19 H16 O13,19.0,16.0,13.0,,,,
784,1593,451.06727748098734,451.0670229811534,451.06707025905905,1621137.5866400267,91.65360802967237,433980.0212374447,8.828582907306016,-1,-0.10481347180518288,0.9980086148761037,0.0,0.5988051689256622,16.0,0.43478260869565216,0.6956521739130435,O10,de-protonated,,0.0,,C23 H16 O10,23.0,16.0,10.0,,,,
785,1594,451.0884476694748,451.08819315848154,451.0881996271191,5580801.621454833,96.97271191681816,511009.2546307407,30.25990542875318,-1,-0.014340072611242033,0.9999626880087646,0.0,0.5999776128052587,11.0,0.6,1.0,O12,de-protonated,,0.0,,C20 H20 O12,20.0,20.0,12.0,,,,
786,1595,451.12484468772385,451.12459015754484,451.1245851364691,3442399.673626807,121.86898099047538,475392.92010112933,18.934658150994785,-1,0.011130131077704174,0.999977522422423,0.0,0.5999865134534538,10.0,0.5238095238095238,1.1428571428571428,O11,de-protonated,,0.0,,C21 H24 O11,21.0,24.0,11.0,,,,
787,1596,451.16120729684496,451.16095274749847,451.1609706458191,2125190.5189587637,203.50954407908984,493152.4370232726,11.837632790937999,-1,-0.039671695406908396,0.9997144689513747,0.0,0.5998286813708248,9.0,0.45454545454545453,1.2727272727272727,O10,de-protonated,,0.0,,C22 H28 O10,22.0,28.0,10.0,,,,
788,1598,451.19362193922956,451.1933673727968,451.1933334031691,2448630.880937362,140.95238677304852,473987.2627809444,13.297028927392642,-1,0.07528840779502187,0.9989720151033,0.0,0.59938320906198,4.0,0.6111111111111112,1.7777777777777777,N2 O11,de-protonated,,0.0,,C18 H32 O11 N2,18.0,32.0,11.0,2.0,,,
789,1600,452.0554236199233,452.05516859925285,452.05516895283904,1606284.7943844877,86.83946834421883,436277.7756769426,8.855660190522824,-1,-0.000782174858665073,0.9999998889901518,0.9647262246248202,0.9858904232440191,12.0,0.6842105263157895,0.8421052631578947,13C1 O13,de-protonated,,1.0,1592.0,C18 H16 O13 13C1,18.0,16.0,13.0,,,,1.0
790,1603,453.01020586527574,453.00995034143335,453.0099493048191,1971304.435196404,96.85540896646835,406261.4894477345,10.72954704698861,-1,0.002288281452183843,0.9999990498930329,0.0,0.5999994299358197,17.0,0.5714285714285714,0.47619047619047616,O12,de-protonated,,0.0,,C21 H10 O12,21.0,10.0,12.0,,,,
791,1605,453.0313538532222,453.03109831823565,453.0310786728791,7334390.06729863,193.32755511999832,485786.2933195535,39.92996698372001,-1,0.0433642578968811,0.9996588514140722,0.0,0.5997953108484433,12.0,0.7777777777777778,0.7777777777777778,O14,de-protonated,,0.0,,C18 H14 O14,18.0,14.0,14.0,,,,
792,1606,453.0676917517125,453.0674361975774,453.0674641822291,7150413.711919358,157.93634507096138,481120.0854253954,39.98273297152712,-1,-0.06176707423724394,0.9993079817057448,0.0,0.5995847890234468,11.0,0.6842105263157895,0.9473684210526315,O13,de-protonated,,0.0,,C19 H18 O13,19.0,18.0,13.0,,,,
793,1607,453.10411298165417,453.10385740832675,453.1038496915791,4988344.366632394,203.97449032491045,452128.8596633701,27.774349687312824,-1,0.017030858681195225,0.9999473721666794,0.0,0.5999684233000077,10.0,0.6,1.1,O12,de-protonated,,0.0,,C20 H22 O12,20.0,22.0,12.0,,,,
794,1608,453.1404881180866,453.14023252559116,453.14023520092906,3887340.6967916596,198.33702385061707,481278.3171856098,21.248030142748767,-1,-0.005903995470455712,0.9999936752336545,0.0,0.5999962051401927,9.0,0.5238095238095238,1.2380952380952381,O11,de-protonated,,0.0,,C21 H26 O11,21.0,26.0,11.0,,,,
795,1609,453.1769028716627,453.17664725997867,453.17662071027905,1833939.0758429077,236.61424254919137,390305.6467755847,9.966523091725218,-1,0.058585766340992135,0.9993774090125889,0.0,0.5996264454075533,8.0,0.45454545454545453,1.3636363636363635,O10,de-protonated,,0.0,,C22 H30 O10,22.0,30.0,10.0,,,,
796,1614,455.01050765890835,455.01025108115493,455.01034322798904,1514722.2245156686,52.127187537663886,554632.4617354618,8.318280262066168,-1,-0.20251591085263917,0.9925859214122876,0.0,0.5955515528473726,12.0,0.8823529411764706,0.7058823529411765,O15,de-protonated,,0.0,,C17 H12 O15,17.0,12.0,15.0,,,,
797,1615,455.0259023461054,455.0256457602422,455.0255993692791,3103803.2384432927,165.82195689952195,492927.05595847336,17.100345785384334,-1,0.1019524244970331,0.9981157459292896,0.0,0.5988694475575738,16.0,0.5714285714285714,0.5714285714285714,O12,de-protonated,,0.0,,C21 H12 O12,21.0,12.0,12.0,,,,
798,1616,455.04696847286476,455.0467118759042,455.0467287373391,7597998.240015823,156.84024306013742,483185.1678025946,41.274111094174906,-1,-0.03705429321898228,0.9997727465235859,0.9843549334590961,0.9936056212977901,11.0,0.7777777777777778,0.8888888888888888,O14,de-protonated,,0.0,,C18 H16 O14,18.0,16.0,14.0,,,,
799,1617,455.0833788557404,455.08312223959933,455.08311424668904,5882885.200777826,195.00123266858924,489313.4605047235,32.57327742050716,-1,0.01756362749539112,0.9999440280923245,0.0,0.5999664168553946,10.0,0.6842105263157895,1.0526315789473684,O13,de-protonated,,0.0,,C19 H20 O13,19.0,20.0,13.0,,,,
800,1618,455.119743545157,455.11948690985963,455.1194997560391,3918362.9496878055,154.76968204823993,462031.62035640015,21.25497303588128,-1,-0.02822594827453779,0.9998554495259421,0.0,0.5999132697155652,9.0,0.6,1.2,O12,de-protonated,,0.0,,C20 H24 O12,20.0,24.0,12.0,,,,
801,1619,455.15615657225817,455.15589991777915,455.1558852653891,2759138.72136458,86.99029667678468,462316.84703261685,15.425719961821727,-1,0.03219202593719309,0.999811977590256,0.0,0.5998871865541535,8.0,0.5238095238095238,1.3333333333333333,O11,de-protonated,,0.0,,C21 H28 O11,21.0,28.0,11.0,,,,
802,1620,455.1925352012329,455.1922785275904,455.1922707747391,1730226.651350148,122.65618256230576,511407.7613172233,9.43886321365408,-1,0.01703203641483836,0.9999473648878824,0.0,0.5999684189327295,7.0,0.45454545454545453,1.4545454545454546,O10,de-protonated,,0.0,,C22 H32 O10,22.0,32.0,10.0,,,,
803,1621,455.2288438582916,455.2285871655227,455.22865628408914,2101604.2899610093,131.11863976788084,441595.8059853538,11.447442196890657,-1,-0.1518326350714505,0.9958257727921063,0.0,0.5974954636752637,6.0,0.391304347826087,1.565217391304348,O9,de-protonated,,0.0,,C23 H36 O9,23.0,36.0,9.0,,,,
804,1622,455.2652688172578,455.26501210530125,455.265041793439,1845177.3235774627,81.10518518293804,499709.181289225,10.172032728447661,-1,-0.06521066861449185,0.9992286995320211,0.0,0.5995372197192126,5.0,0.3333333333333333,1.6666666666666667,O8,de-protonated,,0.0,,C24 H40 O8,24.0,40.0,8.0,,,,
805,1623,456.05035604278413,456.05009891729406,456.0500835724091,1652094.4488696721,115.14302939835073,388909.41168964957,9.06186411655852,-1,0.03364736793195102,0.9997945948086625,0.9843549334590961,0.993618730268836,11.0,0.7777777777777778,0.8888888888888888,13C1 O14,de-protonated,,1.0,1616.0,C17 H16 O14 13C1,17.0,16.0,14.0,,,,1.0
806,1626,457.0262394566697,457.02598181722016,457.0259932924491,2386774.2757668495,131.80507059617028,478535.8369246304,13.181776901392894,-1,-0.025108481978795092,0.9998856147825663,0.0,0.5999313688695398,11.0,0.8823529411764706,0.8235294117647058,O15,de-protonated,,0.0,,C17 H14 O15,17.0,14.0,15.0,,,,
807,1627,457.04151999310176,457.04126234560516,457.0412494337391,3801308.8021593965,190.4348079434514,432901.96806296567,20.948097159424123,-1,0.028250986275793057,0.9998551929820002,0.0,0.5999131157892001,15.0,0.5714285714285714,0.6666666666666666,O12,de-protonated,,0.0,,C21 H14 O12,21.0,14.0,12.0,,,,
808,1628,457.0626494229041,457.06239176428045,457.06237880179907,6617325.96400428,178.0795913869425,469287.9245979192,36.080827031053715,-1,0.02836042076364995,0.9998540690271918,0.0,0.5999124414163151,10.0,0.7777777777777778,1.0,O14,de-protonated,,0.0,,C18 H18 O14,18.0,18.0,14.0,,,,
809,1629,457.0990178890687,457.09876021129287,457.09876431114907,5900644.182006967,119.32275496496895,481129.0310715537,32.192806876845346,-1,-0.008969300550865974,0.9999854028586855,0.0,0.5999912417152113,9.0,0.6842105263157895,1.1578947368421053,O13,de-protonated,,0.0,,C19 H22 O13,19.0,22.0,13.0,,,,
810,1630,457.13542352326823,457.13516582632076,457.13514982049907,2538169.2181799863,165.10303395620932,456546.42331216537,13.763591345897646,-1,0.03501332526785191,0.9997775808162006,0.0,0.5998665484897203,8.0,0.6,1.3,O12,de-protonated,,0.0,,C20 H26 O12,20.0,26.0,12.0,,,,
811,1631,457.17182327795723,457.1715655618413,457.17153532984906,2455433.5547666918,235.17147923898318,431512.61782649864,13.327577657175707,-1,0.06612833456343126,0.9992068474756863,0.0,0.5995241084854118,7.0,0.5238095238095238,1.4285714285714286,O11,de-protonated,,0.0,,C21 H30 O11,21.0,30.0,11.0,,,,
812,1632,457.2081716560207,457.20791392076353,457.20792083919906,2544055.871807458,140.78704597527286,501471.318185953,13.863569007005863,-1,-0.015131924045486538,0.9999584536273874,0.0,0.5999750721764324,6.0,0.45454545454545453,1.5454545454545454,O10,de-protonated,,0.0,,C22 H34 O10,22.0,34.0,10.0,,,,
813,1633,457.2445660287056,457.24430827428307,457.24430634854906,1721852.146959749,139.4422871819453,507915.03998135374,9.389568672413224,-1,0.004211608509122624,0.9999967815325719,0.0,0.5999980689195431,5.0,0.391304347826087,1.6521739130434783,O9,de-protonated,,0.0,,C23 H38 O9,23.0,38.0,9.0,,,,
814,1634,458.203408743674,458.20315048436345,458.20316981139905,1601118.7253877774,191.2245952565934,389276.12330156827,8.676533547703938,-1,-0.042180056524054536,0.9996772263716766,0.0,0.5998063358230059,6.0,0.47619047619047616,1.5714285714285714,N1 O10,de-protonated,,0.0,,C21 H33 O10 N1,21.0,33.0,10.0,1.0,,,
815,1637,459.0207873456427,459.0205286559951,459.0205139888491,5320189.9364914,196.7575013319215,471251.7113498956,29.487855712417517,-1,0.03195313847648184,0.9998147574958275,0.0,0.5998888544974965,15.0,0.65,0.6,O13,de-protonated,,0.0,,C20 H12 O13,20.0,12.0,13.0,,,,
816,1638,459.04188574876383,459.04162704800905,459.0416433569091,3390137.3569183075,132.843199521836,513839.941102393,18.40422111567064,-1,-0.03552814933897554,0.9997709927315662,0.0,0.5998625956389397,10.0,0.8823529411764706,0.9411764705882353,O15,de-protonated,,0.0,,C17 H16 O15,17.0,16.0,15.0,,,,
817,1639,459.0571683530027,459.05690964420245,459.0568994981991,3931337.934601511,151.83292776649301,479313.2463573375,21.599340535254026,-1,0.02210184268488742,0.9999113677961767,0.0,0.599946820677706,14.0,0.5714285714285714,0.7619047619047619,O12,de-protonated,,0.0,,C21 H16 O12,21.0,16.0,12.0,,,,
818,1640,459.07827236065214,459.0780136407418,459.0780288662591,3736686.828673352,195.94837465006742,480752.29403617594,20.716204528798123,-1,-0.03316542362012648,0.999800436281452,0.0,0.5998802617688712,9.0,0.7777777777777778,1.1111111111111112,O14,de-protonated,,0.0,,C18 H20 O14,18.0,20.0,14.0,,,,
819,1641,459.114667662175,459.1144089231046,459.1144143756091,2614458.480658485,128.18212822663276,485284.2345307738,14.424554772113071,-1,-0.01187613447454804,0.9999744083384212,0.0,0.5999846450030527,8.0,0.6842105263157895,1.263157894736842,O13,de-protonated,,0.0,,C19 H24 O13,19.0,24.0,13.0,,,,
820,1642,459.1662273638175,459.16596859760404,459.1660560262491,1823239.1915094694,156.17725020923203,447459.6401069273,9.91653426117111,-1,-0.19040746575361184,0.9934431677835176,0.0,0.5960659006701106,11.0,0.375,1.1666666666666667,O9,de-protonated,,0.0,,C24 H28 O9,24.0,28.0,9.0,,,,
821,1643,459.18744037205965,459.1871815946789,459.1871853943091,1725430.4397180513,99.62525235273945,476248.11184888677,9.545783767894811,-1,-0.008274686880098175,0.999987576205249,0.0,0.5999925457231494,6.0,0.5238095238095238,1.5238095238095237,O11,de-protonated,,0.0,,C21 H32 O11,21.0,32.0,11.0,,,,
822,1644,459.2238397906153,459.2235809940727,459.2235709036591,2081738.5023241146,225.4627767973945,449990.8234348576,11.43008496405937,-1,0.021972769303117926,0.999912399941252,0.0,0.5999474399647512,5.0,0.45454545454545453,1.6363636363636365,O10,de-protonated,,0.0,,C22 H36 O10,22.0,36.0,10.0,,,,
823,1645,459.26018743804616,459.259928622369,459.2599564130091,1658152.6448814326,141.25923510585247,466094.65246792656,9.10352147535361,-1,-0.06051178578878515,0.9993358143293194,0.0,0.5996014885975917,4.0,0.391304347826087,1.7391304347826086,O9,de-protonated,,0.0,,C23 H40 O9,23.0,40.0,9.0,,,,
824,1650,461.03639990843226,461.0361401578395,461.03616405330905,7623758.023614471,138.95478374987226,476883.10918997094,41.69623899663181,-1,-0.051829924453644684,0.49975634285913123,0.8221557383861046,0.6287161010699205,14.0,0.65,0.7,O13,de-protonated,,0.0,,C20 H14 O13,20.0,14.0,13.0,,,,
825,1651,461.057563108154,461.05730334642357,461.0572934213691,2160122.906889395,113.30048767366765,514177.302070458,12.134788617009638,-1,0.021526726995873813,0.9999159202181743,0.0,0.5999495521309046,9.0,0.8823529411764706,1.0588235294117647,O15,de-protonated,,0.0,,C17 H18 O15,17.0,18.0,15.0,,,,
826,1652,461.0727988239536,461.0725390542049,461.0725495626591,4019614.3176291776,98.35132295806389,500259.7805688876,21.897884939952167,-1,-0.0227913246873143,0.9999057519229394,0.0,0.5999434511537636,13.0,0.5714285714285714,0.8571428571428571,O12,de-protonated,,0.0,,C21 H18 O12,21.0,18.0,12.0,,,,
827,1653,461.0939358533222,461.09367607244974,461.0936789307191,1646685.060218888,142.77814975441913,432603.42986545723,8.96466361270331,-1,-0.006198890748081063,0.9999930276323585,0.0,0.5999958165794151,8.0,0.7777777777777778,1.2222222222222223,O14,de-protonated,,0.0,,C18 H22 O14,18.0,22.0,14.0,,,,
828,1654,461.1092034528897,461.1089436639823,461.1089350720091,1892234.8958955451,277.090329804973,402097.9814381121,10.476825736965067,-1,0.01863328282144169,0.9999370031404489,0.0,0.5999622018842693,12.0,0.5,1.0,O11,de-protonated,,0.0,,C22 H22 O11,22.0,22.0,11.0,,,,
829,1659,463.01566107591213,463.0154002838448,463.0154286084191,3864910.158926693,139.89051610420594,483102.93282752007,21.13694385262853,-1,-0.0611741477913923,0.99932119936049,0.0,0.599592719616294,14.0,0.7368421052631579,0.631578947368421,O14,de-protonated,,0.0,,C19 H12 O14,19.0,12.0,14.0,,,,
830,1660,463.05206601105846,463.0518051998382,463.0518141177691,7759357.598021576,243.95430284058642,484230.8951561481,42.879307986412364,-1,-0.019259034514749366,0.998826185104389,0.9870675533348007,0.9941227323965536,13.0,0.65,0.8,O13,de-protonated,,0.0,,C20 H16 O13,20.0,16.0,13.0,,,,
831,1661,463.08847898056683,463.0882181501896,463.0881996271191,3613783.0163287735,111.43348586753157,468926.3060941627,20.257973582052134,-1,0.03999901217926206,0.9997097385748275,0.0,0.5998258431448965,12.0,0.5714285714285714,0.9523809523809523,O12,de-protonated,,0.0,,C21 H20 O12,21.0,20.0,12.0,,,,
832,1662,463.12475029250913,463.12448944304947,463.1245851364691,2339668.5691853673,132.7763350259852,462593.78040196555,12.692997224863841,-1,-0.2066256525368657,0.9922831298177399,0.0,0.5953698778906439,11.0,0.5,1.0909090909090908,O11,de-protonated,,0.0,,C22 H24 O11,22.0,24.0,11.0,,,,
833,1666,464.0553782396219,464.05511690059575,464.05516895283904,1829290.7730855134,175.99622567974217,422984.91749231494,9.913757103918105,-1,-0.11216822217109168,0.9977196691508163,0.9870675533348007,0.9934588228244101,13.0,0.65,0.8,13C1 O13,de-protonated,,1.0,1660.0,C19 H16 O13 13C1,19.0,16.0,13.0,,,,1.0
834,1671,465.0313516492619,465.03108979689387,465.0310786728791,8589887.460301885,351.35555444248644,463020.13050462015,47.84208799753405,-1,0.023921013578945306,0.4999480888748538,0.8295321147073624,0.6317816992078573,13.0,0.7368421052631579,0.7368421052631579,O14,de-protonated,,0.0,,C19 H14 O14,19.0,14.0,14.0,,,,
835,1672,465.06772101188267,465.0674591403867,465.0674641822291,7328143.933303414,167.99974541418229,459951.31408814684,39.76611470579265,-1,-0.010841099015312088,0.49998933733355,0.8221557383861046,0.6288558977545718,12.0,0.65,0.9,O13,de-protonated,,0.0,,C20 H18 O13,20.0,18.0,13.0,,,,
836,1673,465.1040747600981,465.10381286948245,465.1038496915791,3502298.239338205,272.3516878917514,449249.40842238144,19.306797222897586,-1,-0.07916962348320475,0.998863357079151,0.0,0.5993180142474905,11.0,0.5714285714285714,1.0476190476190477,O12,de-protonated,,0.0,,C21 H22 O12,21.0,22.0,12.0,,,,
837,1674,465.14052285657743,465.14026094679264,465.14023520092906,2592814.7941200323,116.23021701627135,486954.398049371,14.43427482249859,-1,0.05535075582180925,0.9994442490270129,0.0,0.5996665494162077,10.0,0.5,1.1818181818181819,O11,de-protonated,,0.0,,C22 H26 O11,22.0,26.0,11.0,,,,
838,1676,465.1768856941078,465.1766237651988,465.17662071027905,1856089.1267265582,86.92161160749826,449320.8690601906,10.096355193303248,-1,0.006567225516373339,0.9999921744298464,0.0,0.5999953046579078,9.0,0.43478260869565216,1.3043478260869565,O10,de-protonated,,0.0,,C23 H30 O10,23.0,30.0,10.0,,,,
839,1679,466.1721790765208,466.17191662420396,466.1718696824791,4899171.752832849,136.40512769711816,464497.31238788104,26.66626394336344,-1,0.10069617648303132,0.9981618526000253,0.0,0.5988971115600151,9.0,0.45454545454545453,1.3181818181818181,N1 O10,de-protonated,,0.0,,C22 H29 O10 N1,22.0,29.0,10.0,1.0,,,
840,1681,467.010608248196,467.0103453550289,467.01034322798904,2123827.9787686476,74.35785850857849,505006.1499431872,11.551585593878382,-1,0.004554588338774499,0.9999962359856484,0.0,0.599997741591389,13.0,0.8333333333333334,0.6666666666666666,O15,de-protonated,,0.0,,C18 H12 O15,18.0,12.0,15.0,,,,
841,1682,467.0204500461176,467.0201871477761,467.0200770154291,1967935.5475683315,58.06171487576384,519333.9529471252,10.736489940121126,-1,0.23581929862132378,0.9899602422448582,0.0,0.5939761453469149,3.0,1.0909090909090908,1.9090909090909092,N2 S2 P1 O12,de-protonated,,0.0,,C11 H21 O12 N2 P1 S2,11.0,21.0,12.0,2.0,1.0,2.0,
842,1683,467.0259217756344,467.02565887441597,467.0255993692791,2110519.799901636,133.8365809132192,432379.5819168125,11.775841042058614,-1,0.1274130088944693,0.9970586826224415,0.0,0.5982352095734649,17.0,0.5454545454545454,0.5454545454545454,O12,de-protonated,,0.0,,C22 H12 O12,22.0,12.0,12.0,,,,
843,1685,467.04697822840086,467.0467153161117,467.0467287373391,9640166.22928023,81.50343754636242,460119.7798281657,53.92128522436415,-1,-0.028736369518151422,0.9943671703481887,0.972791873539551,0.9857370516247336,12.0,0.7368421052631579,0.8421052631578947,O14,de-protonated,,0.0,,C19 H16 O14,19.0,16.0,14.0,,,,
844,1687,467.0833740114156,467.0831110799908,467.08311424668904,7092163.437262448,129.5927923587725,487770.64203626715,38.508062470180946,-1,-0.006779731844341525,0.49999582989437846,0.8221557383861046,0.6288597932910689,11.0,0.65,1.0,O13,de-protonated,,0.0,,C20 H20 O13,20.0,20.0,13.0,,,,
845,1688,467.11975200010005,467.1194890495491,467.1194997560391,4184644.3650078024,62.485812563248984,493914.59882119123,23.080953929732715,-1,-0.022920237771519,0.9999046827801097,0.0,0.5999428096680658,10.0,0.5714285714285714,1.1428571428571428,O12,de-protonated,,0.0,,C21 H24 O12,21.0,24.0,12.0,,,,
846,1689,467.15613297483014,467.1558700051516,467.1558852653891,1788460.430862215,103.42456306147562,532375.4958169933,9.900565606966326,-1,-0.03266626402659301,0.9998063976072297,0.0,0.5998838385643378,9.0,0.5,1.2727272727272727,O11,de-protonated,,0.0,,C22 H28 O11,22.0,28.0,11.0,,,,
847,1692,467.2289304961199,467.2286674881678,467.22865628408914,1795025.6472656573,153.73635377500878,436438.7156670277,9.979020299363745,-1,0.02397986188453119,0.9998956663198968,0.0,0.599937399791938,7.0,0.375,1.5,O9,de-protonated,,0.0,,C24 H36 O9,24.0,36.0,9.0,,,,
848,1693,468.0504631835817,468.050199743737,468.0500835724091,1611979.7142088313,218.34934830667547,374867.6189283372,8.785536969884424,-1,0.2482027713532263,0.9888841659740409,0.972791873539551,0.9824472490002449,12.0,0.7368421052631579,0.8421052631578947,13C1 O14,de-protonated,,1.0,1685.0,C18 H16 O14 13C1,18.0,16.0,14.0,,,,1.0
849,1695,469.0051601320565,469.0048961903848,469.0048639243891,1550968.3035332789,117.42287099818921,458004.9297838896,8.443252338451437,-1,0.06879671868449429,0.9991415741125239,0.0,0.5994849444675143,17.0,0.6190476190476191,0.47619047619047616,O13,de-protonated,,0.0,,C21 H10 O13,21.0,10.0,13.0,,,,
850,1696,469.02624622800306,469.02598227524845,469.0259932924491,3402983.339241001,224.28504120866916,443295.2779419476,18.812463231862523,-1,-0.023489531023444157,0.9998998892348709,0.0,0.5999399335409226,12.0,0.8333333333333334,0.7777777777777778,O15,de-protonated,,0.0,,C18 H14 O15,18.0,14.0,15.0,,,,
851,1697,469.0414574247064,469.04119346395686,469.0412494337391,2661940.253022962,265.0699366391913,417176.52302891953,14.437051979751597,-1,-0.11932805975120207,0.9974196532670125,0.0,0.5984517919602075,16.0,0.5454545454545454,0.6363636363636364,O12,de-protonated,,0.0,,C22 H14 O12,22.0,14.0,12.0,,,,
852,1698,469.05198361564396,469.05171964936187,469.0516346698591,1648355.1586986664,143.46533539564834,443218.53808928834,8.952860694378034,-1,0.18117302340782054,0.9940618898957363,0.0,0.5964371339374418,15.0,0.30434782608695654,0.8260869565217391,S1 P1 O7,de-protonated,,0.0,,C23 H19 O7 P1 S1,23.0,19.0,7.0,,1.0,1.0,
853,1699,469.0626550861706,469.06239111427965,469.06237880179907,8192532.692557175,82.0494368118847,466334.8886818375,44.50116782216786,-1,0.026249132598641575,0.49993749329609666,0.8295321147073625,0.631775341860603,11.0,0.7368421052631579,0.9473684210526315,O14,de-protonated,,0.0,,C19 H18 O14,19.0,18.0,14.0,,,,
854,1700,469.09902729344026,469.0987633024323,469.09876431114907,5600568.030073728,154.14637921813073,478449.415938791,30.390431819644462,-1,-0.0021503291885847267,0.9999991609969372,0.0,0.5999994965981623,10.0,0.65,1.1,O13,de-protonated,,0.0,,C20 H22 O13,20.0,22.0,13.0,,,,
855,1701,469.1354552937705,469.1351912836164,469.13514982049907,3114027.5696539907,108.28015529936836,502272.37494484975,17.021196803673664,-1,0.08838203094135345,0.9985836387327447,0.0,0.5991501832396467,9.0,0.5714285714285714,1.2380952380952381,O12,de-protonated,,0.0,,C21 H26 O12,21.0,26.0,12.0,,,,
856,1702,469.1717827938368,469.17151876458945,469.17153532984906,2113101.3299371824,135.4970579657473,492906.2265253296,11.457162247276178,-1,-0.03530746937184224,0.9997738284922592,0.0,0.5998642970953555,8.0,0.5,1.3636363636363635,O11,de-protonated,,0.0,,C22 H30 O11,22.0,30.0,11.0,,,,
857,1703,469.2080983135714,469.2078342652372,469.20792083919906,1875705.6791965242,137.05246650274188,440794.0580934959,10.226881584194528,-1,-0.1845108704163284,0.9938417537187507,0.0,0.5963050522312504,7.0,0.43478260869565216,1.4782608695652173,O10,de-protonated,,0.0,,C23 H34 O10,23.0,34.0,10.0,,,,
858,1704,469.2445720606304,469.2443079931263,469.24430634854906,1931042.060084373,170.66814930710018,454369.5111255218,10.53445174996494,-1,0.0035047356585813033,0.9999977712370539,0.0,0.5999986627422323,6.0,0.375,1.5833333333333333,O9,de-protonated,,0.0,,C24 H38 O9,24.0,38.0,9.0,,,,
859,1705,471.0207683430851,471.0205033421837,471.02051398884913,3609113.9480445804,136.50857678759766,460041.28732783056,19.74836522612554,-1,-0.022603400730887298,0.9999072996727935,0.0,0.5999443798036761,16.0,0.6190476190476191,0.5714285714285714,O13,de-protonated,,0.0,,C21 H12 O13,21.0,12.0,13.0,,,,
860,1706,471.0419043089093,471.0416392969025,471.0416433569091,5567137.530929474,69.93340320744619,472462.2230399805,30.359883089861395,-1,-0.008619209550987132,0.9999865201276369,0.0,0.5999919120765821,11.0,0.8333333333333334,0.8888888888888888,O15,de-protonated,,0.0,,C18 H16 O15,18.0,16.0,15.0,,,,
861,1707,471.0570572857146,471.0567922657461,471.0568994981991,1923302.0021961546,159.39969717324354,438849.2687152627,10.512234491940893,-1,-0.22764225108320907,0.9906412172039425,0.0,0.5943847303223655,15.0,0.5454545454545454,0.7272727272727273,O12,de-protonated,,0.0,,C22 H16 O12,22.0,16.0,12.0,,,,
862,1708,471.078277167028,471.07801213590994,471.0780288662591,6218573.2889455,233.75846705917945,489566.55880877277,33.72302052325164,-1,-0.03551502752028844,0.9997711618421556,0.0,0.5998626971052934,10.0,0.7368421052631579,1.0526315789473684,O14,de-protonated,,0.0,,C19 H20 O14,19.0,20.0,14.0,,,,
863,1709,471.1146848751118,471.1144198248644,471.1144143756091,4757271.946218881,163.80801935826366,479752.4372329616,25.827562452955632,-1,0.011566734388470721,0.999975724393871,0.0,0.5999854346363226,9.0,0.65,1.2,O13,de-protonated,,0.0,,C20 H24 O13,20.0,24.0,13.0,,,,
864,1710,471.15111652626615,471.1508514568769,471.1507998849591,2548693.486014912,183.77143541737047,445309.2268905362,13.826077384090281,-1,0.1094594720735898,0.9978283564969354,0.0,0.5986970138981612,8.0,0.5714285714285714,1.3333333333333333,O12,de-protonated,,0.0,,C21 H28 O12,21.0,28.0,12.0,,,,
865,1711,471.18747352271794,471.1872084342262,471.1871853943091,1549952.7966779617,99.57294954586999,469378.9018321369,8.60293888049928,-1,0.04889758849591048,0.9995662549741169,0.0,0.5997397529844701,7.0,0.5,1.4545454545454546,O11,de-protonated,,0.0,,C22 H32 O11,22.0,32.0,11.0,,,,
866,1712,471.22382410202965,471.22355899443886,471.2235709036591,2319759.7037813542,138.28963437653468,427607.64955972676,12.686054331731325,-1,-0.025272972256324504,0.99988411124337,0.0,0.5999304667460219,6.0,0.43478260869565216,1.565217391304348,O10,de-protonated,,0.0,,C23 H36 O10,23.0,36.0,10.0,,,,
867,1713,471.2602766612071,471.26001153446384,471.2599564130091,2432334.7036391757,157.31057988671762,454437.938198418,13.342852022067241,-1,0.11696613302243561,0.9975206653226413,0.0,0.5985123991935848,5.0,0.375,1.6666666666666667,O9,de-protonated,,0.0,,C24 H40 O9,24.0,40.0,9.0,,,,
868,1714,472.2190470771952,472.21878144674594,472.2188198758591,3039835.819600752,137.55974537520984,480463.5867073599,16.944824979215998,-1,-0.08137988476799546,0.9987990441153041,0.0,0.5992794264691824,6.0,0.45454545454545453,1.5909090909090908,N1 O10,de-protonated,,0.0,,C22 H35 O10 N1,22.0,35.0,10.0,1.0,,,
869,1715,473.00011659159367,472.9998505508543,472.99977854395905,1882516.795921587,19.793070158134714,502167.04392415466,10.226881584194528,-1,0.15223452215484223,0.9958036924429048,0.0,0.5974822154657429,16.0,0.7,0.5,O14,de-protonated,,0.0,,C20 H10 O14,20.0,10.0,14.0,,,,
870,1716,473.0364546348166,473.03618857499043,473.03616405330905,5482927.308848602,84.47145847095184,449002.82353158045,30.52928968229476,-1,0.051838914750660645,0.9995125166880343,0.0,0.5997075100128205,15.0,0.6190476190476191,0.6666666666666666,O13,de-protonated,,0.0,,C21 H14 O13,21.0,14.0,13.0,,,,
871,1717,473.0575682403839,473.05730216946773,473.0572934213691,4764425.039098161,79.84736971331247,484732.7310846651,26.371885274544805,-1,0.018492683174890535,0.99993795022481,0.0,0.599962770134886,10.0,0.8333333333333334,1.0,O15,de-protonated,,0.0,,C18 H18 O15,18.0,18.0,15.0,,,,
872,1718,473.0727918097247,473.07252573081223,473.0725495626591,2892678.3455118155,46.73260739367749,473377.81342624576,15.699269951242815,-1,-0.05037672741027135,0.9995396228690997,0.0,0.5997237737214598,14.0,0.5454545454545454,0.8181818181818182,O12,de-protonated,,0.0,,C22 H18 O12,22.0,18.0,12.0,,,,
873,1719,473.0939105219364,473.0936444319313,473.0936789307191,3925369.7843720606,156.1465830038966,489432.04203701724,21.30496186643539,-1,-0.0729216840559059,0.9990355988791902,0.0,0.5994213593275142,9.0,0.7368421052631579,1.1578947368421053,O14,de-protonated,,0.0,,C19 H22 O14,19.0,22.0,14.0,,,,
874,1720,473.2031601758709,473.2028940284828,473.2028354587691,1659330.083917676,99.09821045511002,534227.7814153386,9.034092544028459,-1,0.12377295593428629,0.9972241123847628,0.0,0.5983344674308577,6.0,0.5,1.5454545454545454,O11,de-protonated,,0.0,,C22 H34 O11,22.0,34.0,11.0,,,,
875,1721,473.2394660987753,473.2391999323179,473.23922096811907,2342360.721475082,111.27722683917186,430787.6098537095,12.92419556617659,-1,-0.044450671564584834,0.9996415466587716,0.0,0.599784927995263,5.0,0.43478260869565216,1.6521739130434783,O10,de-protonated,,0.0,,C23 H38 O10,23.0,38.0,10.0,,,,
876,1722,473.282836020306,473.28256983106905,473.2826204102691,2530861.0568054947,217.2841950978927,471185.180150517,13.734431194741084,-1,-0.10686891479667515,0.9979298266841473,0.0,0.5987578960104883,8.0,0.14285714285714285,1.5357142857142858,P1 O4,de-protonated,,0.0,,C28 H43 O4 P1,28.0,43.0,4.0,,1.0,,
877,1723,473.312310348483,473.31204414376515,473.3119919868191,1490019.9446015086,164.3716832221604,407751.23961152456,8.203722525379671,-1,0.11019569947335854,0.9977990774654183,0.0,0.598679446479251,3.0,0.32,1.84,O8,de-protonated,,0.0,,C25 H46 O8,25.0,46.0,8.0,,,,
878,1724,475.0156895355834,475.0154224363185,475.0154286084191,4678340.5256982315,387.63386696736455,465406.95148313075,25.40821170775173,-1,-0.012993473950529985,0.9999693664212239,0.0,0.5999816198527343,15.0,0.7,0.6,O14,de-protonated,,0.0,,C20 H12 O14,20.0,12.0,14.0,,,,
879,1726,475.05209169369573,475.0518245753165,475.0518141177691,5836924.210688383,144.26244824182413,469489.5813717285,32.398316513567785,-1,0.022013488048399425,0.9999120749833444,0.0,0.5999472449900066,14.0,0.6190476190476191,0.7619047619047619,O13,de-protonated,,0.0,,C21 H16 O13,21.0,16.0,13.0,,,,
880,1727,475.07321575589026,475.07294862641913,475.07294348582906,2467079.4776566005,110.10862035668549,499387.1434394785,13.45810404806699,-1,0.010820633224366194,0.999978755106033,0.0,0.5999872530636198,9.0,0.8333333333333334,1.1111111111111112,O15,de-protonated,,0.0,,C18 H20 O15,18.0,20.0,15.0,,,,
881,1728,475.0884987755762,475.0882316380803,475.0881996271191,3280106.9573172573,227.39367343823528,427154.0036204723,17.8279609856719,-1,0.06737898611525459,0.9991765752705583,0.0,0.5995059451623349,13.0,0.5454545454545454,0.9090909090909091,O12,de-protonated,,0.0,,C22 H20 O12,22.0,20.0,12.0,,,,
882,1729,475.1612284918557,475.1609613161709,475.1609706458191,5006460.427366486,78.28621476161176,472866.4855744388,27.865995876662023,-1,-0.019634710608162357,0.9999300500114523,0.0,0.5999580300068713,11.0,0.4166666666666667,1.1666666666666667,O10,de-protonated,,0.0,,C24 H28 O10,24.0,28.0,10.0,,,,
883,1733,477.03134854036676,477.0310803828769,477.0310786728791,8380883.100408091,190.90973694166132,449762.9147055857,45.87586066240581,-1,0.0035846674395639197,0.9987879064030585,0.9843030403574367,0.9929939599848097,14.0,0.7,0.7,O14,de-protonated,,0.0,,C20 H14 O14,20.0,14.0,14.0,,,,
884,1734,477.0677098797581,477.0674417031817,477.0674641822291,6800264.581323096,117.07879398642245,467018.17903598485,37.016729025316735,-1,-0.04711922126295109,0.4997986124748158,0.8149093904448103,0.6258429236628136,13.0,0.6190476190476191,0.8571428571428571,O13,de-protonated,,0.0,,C21 H18 O13,21.0,18.0,13.0,,,,
885,1735,477.1040558384325,477.10378764277766,477.1038496915791,3034857.8902105773,200.09157733711316,465999.11966807756,16.532417127144612,-1,-0.1300530303694687,0.9969357194162883,0.0,0.598161431649773,12.0,0.5454545454545454,1.0,O12,de-protonated,,0.0,,C22 H22 O12,22.0,22.0,12.0,,,,
886,1738,478.0346469309335,478.03437824683897,478.03443350794913,1621928.9930863334,118.08110627716744,404541.37702207855,8.966052191329812,-1,-0.11560068959258343,0.9975781443901046,0.9843030403574367,0.9922681027770375,14.0,0.7,0.7,13C1 O14,de-protonated,,1.0,1733.0,C19 H14 O14 13C1,19.0,14.0,14.0,,,,1.0
887,1740,479.01064890907224,479.0103797127824,479.01034322798904,2769382.6148482333,141.69938237978062,471089.210399106,15.06052378305144,-1,0.0761670262440265,0.9989478945600188,0.0,0.5993687367360112,14.0,0.7894736842105263,0.631578947368421,O15,de-protonated,,0.0,,C19 H12 O15,19.0,12.0,15.0,,,,
888,1741,479.0469931172261,479.0467239018648,479.04672873733904,9533124.408478137,179.29937284529035,475202.84645294026,51.70511373646537,-1,-0.01009395101717975,0.4999907563774385,0.8221557383861046,0.628856749180905,13.0,0.7,0.8,O14,de-protonated,,0.0,,C20 H16 O14,20.0,16.0,14.0,,,,
889,1742,479.0833939306919,479.0831246962295,479.08311424668904,4714655.740283717,148.54803599366238,492388.1217264995,25.549846727655034,-1,0.021811539913908495,0.9999136807337394,0.0,0.5999482084402437,12.0,0.6190476190476191,0.9523809523809523,O13,de-protonated,,0.0,,C21 H20 O13,21.0,20.0,13.0,,,,
890,1743,479.11972614640183,479.1194568928745,479.1194997560391,2687374.415352405,136.73619128017614,465096.26753645873,14.705047654666675,-1,-0.08946236714721403,0.9985488266645861,0.0,0.5991292959987516,11.0,0.5454545454545454,1.0909090909090908,O12,de-protonated,,0.0,,C22 H24 O12,22.0,24.0,12.0,,,,
891,1745,479.156173273604,479.15590400095147,479.1558852653891,2365582.2230361635,128.17637774180133,461657.3820985297,12.854072345538187,-1,0.039101183882135654,0.9997226211118211,0.0,0.5998335726670926,10.0,0.4782608695652174,1.2173913043478262,O11,de-protonated,,0.0,,C23 H28 O11,23.0,28.0,11.0,,,,
892,1746,479.1691547964678,479.16888551700345,479.16877242495906,1635633.8604823204,70.72542563105925,504073.8276350112,8.875794580607119,-1,0.23601714238325466,0.9899434742263671,0.0,0.5939660845358202,5.0,0.55,1.65,P1 O11,de-protonated,,0.0,,C20 H33 O11 P1,20.0,33.0,11.0,,1.0,,
893,1748,480.0422605645747,480.0419908269944,480.041977709539,1606927.3047165037,119.24123643260536,429873.33912150597,8.711248013366514,-1,0.02732564226076291,0.9998645231266949,0.0,0.5999187138760169,13.0,0.7368421052631579,0.7894736842105263,N1 O14,de-protonated,,0.0,,C19 H15 O14 N1,19.0,15.0,14.0,1.0,,,
894,1749,480.151471407589,480.1512016127106,480.1511342375891,1590095.6002733568,137.01010308449358,491441.2268770384,8.700833673667741,-1,0.14032065477226688,0.9964336705365981,0.0,0.5978602023219589,10.0,0.5,1.2272727272727273,N1 O11,de-protonated,,0.0,,C22 H27 O11 N1,22.0,27.0,11.0,1.0,,,
895,1751,481.02625924952275,481.02598899571905,481.0259932924491,5150768.161563397,101.31954860000835,482182.3148088208,28.06872835613146,-1,-0.00893242794758195,0.9999855226281981,0.0,0.5999913135769188,13.0,0.7894736842105263,0.7368421052631579,O15,de-protonated,,0.0,,C19 H14 O15,19.0,14.0,15.0,,,,
896,1752,481.04150576163374,481.04123549983206,481.0412494337391,1918088.3461161952,118.54615857437267,378636.3660655309,10.462939950700036,-1,-0.028966137639799848,0.9998477694032905,0.0,0.5999086616419742,17.0,0.5217391304347826,0.6086956521739131,O12,de-protonated,,0.0,,C23 H14 O12,23.0,14.0,12.0,,,,
897,1753,481.0626636009336,481.0623933280331,481.06237880179907,8587347.323563615,195.96525673686912,455562.5335404535,47.2588849744028,-1,0.030196154789795922,0.9985557013713966,0.9798033062033354,0.9910547433041721,12.0,0.7,0.9,O14,de-protonated,,0.0,,C20 H18 O14,20.0,18.0,14.0,,,,
898,1754,481.0989892538099,481.098718961854,481.09876431114907,4977787.673878448,124.46641120197411,461628.25559419795,27.188369506928563,-1,-0.09426192383428769,0.9983890710625368,0.0,0.5990334426375221,11.0,0.6190476190476191,1.0476190476190477,O13,de-protonated,,0.0,,C21 H22 O13,21.0,22.0,13.0,,,,
899,1755,481.1353857774943,481.13511546644594,481.13514982049907,2353314.677173393,110.80391717103056,448287.1460002187,12.792974885972056,-1,-0.0714020855478733,0.9990753555633409,0.0,0.5994452133380045,10.0,0.5454545454545454,1.1818181818181819,O12,de-protonated,,0.0,,C22 H26 O12,22.0,26.0,12.0,,,,
900,1756,481.1451092532673,481.1448389371184,481.1448836079391,1905087.152161343,78.34340995269804,488715.0885425952,10.352547949893049,-1,-0.09284276368651559,0.9984371749509977,0.0,0.5990623049705986,0.0,0.6,2.3333333333333335,N2 S2 P1 O9,de-protonated,,0.0,,C15 H35 O9 N2 P1 S2,15.0,35.0,9.0,2.0,1.0,2.0,
901,1758,481.17180186685306,481.1715315367021,481.17153532984906,1732520.1453666796,107.71871253661287,447385.15244427643,9.413174509063776,-1,-0.007883149107306395,0.9999887241091808,0.0,0.5999932344655085,9.0,0.4782608695652174,1.3043478260869565,O11,de-protonated,,0.0,,C23 H30 O11,23.0,30.0,11.0,,,,
902,1759,481.2211964708019,481.2209261147404,481.2208079987691,2205642.6322988267,189.52277584305935,359386.0946168108,12.041753849033938,-1,0.24545067324786188,0.9891279688728797,0.0,0.5934767813237278,3.0,0.47619047619047616,1.8571428571428572,P1 O10,de-protonated,,0.0,,C21 H39 O10 P1,21.0,39.0,10.0,,1.0,,
903,1760,482.06594533944843,482.0656745402963,482.06573363686914,1607135.4077456696,184.7835880255851,376726.1939473402,8.730688114137555,-1,-0.12259027911981984,0.997276835378268,0.9798033062033354,0.990287423708295,12.0,0.7,0.9,13C1 O14,de-protonated,,1.0,1753.0,C19 H18 O14 13C1,19.0,18.0,14.0,,,,1.0
904,1761,482.1670916836732,482.16682083147157,482.1667843020491,34486610.65048143,177.53442279876336,450806.77775935974,192.56808392343478,-1,0.07576096829695575,0.49947953834987174,0.8077896627745582,0.6228035881197463,9.0,0.5,1.3181818181818181,N1 O11,de-protonated,,0.0,,C22 H29 O11 N1,22.0,29.0,11.0,1.0,,,
905,1764,483.0088421489193,483.0085708552674,483.0086291508791,2654803.0770041835,100.0317883830309,380134.08436245506,14.409974696534789,-1,-0.12069269190575085,0.9973603766737507,0.0,0.5984162260042504,8.0,1.0666666666666667,1.0666666666666667,S1 O16,de-protonated,,0.0,,C15 H16 O16 S1,15.0,16.0,16.0,,,1.0,
906,1765,483.0208329126692,483.0205616127293,483.02051398884913,2279022.292923977,133.33480890293526,458408.0852333196,12.566636569852069,-1,0.09859597839975445,0.9982376617712516,0.0,0.598942597062751,17.0,0.5909090909090909,0.5454545454545454,O13,de-protonated,,0.0,,C22 H12 O13,22.0,12.0,13.0,,,,
907,1766,483.04188681858375,483.041615507603,483.0416433569091,6331747.110011996,159.20880658127575,433926.6860974237,34.803334694670966,-1,-0.05765404800234438,0.9993970483655198,0.0,0.5996382290193119,12.0,0.7894736842105263,0.8421052631578947,O15,de-protonated,,0.0,,C19 H16 O15,19.0,16.0,15.0,,,,
908,1768,483.0783033086205,483.07803197854287,483.0780288662591,6915399.844385105,88.47675197029784,464767.1688752147,38.530279728204995,-1,0.006442610878710121,0.9999821335942843,0.9940237377778174,0.9975987752676976,11.0,0.7,1.0,O14,de-protonated,,0.0,,C20 H20 O14,20.0,20.0,14.0,,,,
909,1769,483.1147202726356,483.11444892346094,483.1144143756091,4084455.987104891,364.8067890036205,435552.2382593293,22.208926552288837,-1,0.0715107039072968,0.9990725415522946,0.0,0.5994435249313768,10.0,0.6190476190476191,1.1428571428571428,O13,de-protonated,,0.0,,C21 H24 O13,21.0,24.0,13.0,,,,
910,1770,483.1511348179492,483.1508634496788,483.1507998849591,2470595.129234032,152.2038090580433,440656.4633135006,13.460881205319994,-1,0.1315628986336458,0.9968642683586789,0.0,0.5981185610152073,9.0,0.5454545454545454,1.2727272727272727,O12,de-protonated,,0.0,,C22 H28 O12,22.0,28.0,12.0,,,,
911,1774,483.1874548239979,483.18718343668155,483.1871853943091,1498832.8921228286,89.04081654083544,445465.2235254817,8.160676587958077,-1,-0.0040514889580361025,0.9999970216035832,0.0,0.5999982129621498,8.0,0.4782608695652174,1.391304347826087,O11,de-protonated,,0.0,,C23 H32 O11,23.0,32.0,11.0,,,,
912,1777,484.081661592563,484.0813897363658,484.0813837013291,1557491.285991974,151.64262752231187,458295.828120514,8.553644339258424,-1,0.01246698774176587,0.9999717985934587,0.9940237377778174,0.9975925742672022,11.0,0.7,1.0,13C1 O14,de-protonated,,1.0,1768.0,C19 H20 O14 13C1,19.0,20.0,14.0,,,,1.0
913,1782,485.0364511013466,485.0361787445768,485.03616405330905,4216547.615325732,140.19248888942252,435524.11105508,22.947650381588428,-1,0.030289015152158275,0.9998335483953795,0.0,0.5999001290372277,16.0,0.5909090909090909,0.6363636363636364,O13,de-protonated,,0.0,,C22 H14 O13,22.0,14.0,13.0,,,,
914,1783,485.0575607010295,485.05728833319336,485.0572934213691,6218684.0505048465,131.5790973395323,458448.25458697,34.07294233713039,-1,-0.010489844797914784,0.9999800341585514,0.0,0.5999880204951308,11.0,0.7894736842105263,0.9473684210526315,O15,de-protonated,,0.0,,C19 H18 O15,19.0,18.0,15.0,,,,
915,1784,485.0939393412499,485.09366695434295,485.09367893071914,5041064.724600051,236.53903748027594,461731.27881926455,27.493856804759222,-1,-0.024688790446175522,0.9998894065416414,0.0,0.5999336439249848,10.0,0.7,1.1,O14,de-protonated,,0.0,,C20 H22 O14,20.0,22.0,14.0,,,,
916,1785,485.13033745057754,485.1300650445896,485.130064440069,3120329.26326256,152.14090953985493,457822.4177834021,17.22809501902261,-1,0.0012461000711056459,0.9999997182528,0.0,0.59999983095168,9.0,0.6190476190476191,1.2380952380952381,O13,de-protonated,,0.0,,C21 H26 O13,21.0,26.0,13.0,,,,
917,1786,485.2031122215764,485.20283977743827,485.2028354587691,1628743.5227265793,64.4332283911151,413666.26701935654,9.047978330293489,-1,0.008900750124784682,0.9999856251300316,0.0,0.5999913750780189,7.0,0.4782608695652174,1.4782608695652173,O11,de-protonated,,0.0,,C23 H34 O11,23.0,34.0,11.0,,,,
918,1787,485.2395985340782,485.23932607081326,485.23922096811907,1916797.606101007,70.79704331219753,435066.61711518915,10.460857082760283,-1,0.21659975049541225,0.9915233837172067,0.0,0.594914030230324,6.0,0.4166666666666667,1.5833333333333333,O10,de-protonated,,0.0,,C24 H38 O10,24.0,38.0,10.0,,,,
919,1788,485.27586569134843,485.27559320907164,485.2756064774691,2624655.9398687757,183.13361692078985,439027.65104492224,14.27597685907725,-1,-0.027341983203076688,0.9998643610568341,0.0,0.5999186166341004,5.0,0.36,1.68,O9,de-protonated,,0.0,,C25 H42 O9,25.0,42.0,9.0,,,,
920,1792,487.01573337416613,487.01545997995476,487.0154286084191,4087616.466856115,81.75725625841105,471279.74642974976,22.1450519354697,-1,0.06441589696514846,0.9992473787705596,0.0,0.5995484272623357,16.0,0.6666666666666666,0.5714285714285714,O14,de-protonated,,0.0,,C21 H12 O14,21.0,12.0,14.0,,,,
921,1793,487.03689601249965,487.03662260719767,487.03655797647906,2641905.919768033,130.52780250335917,459207.44383608084,14.759202221100292,-1,0.13270198623312768,0.9968098212804041,0.0,0.5980858927682424,11.0,0.8888888888888888,0.8888888888888888,O16,de-protonated,,0.0,,C18 H16 O16,18.0,16.0,16.0,,,,
922,1794,487.0521311284246,487.05185771513845,487.0518141177691,4394079.32482665,122.16301657977058,444806.5077021045,24.309846014187862,-1,0.0895127953660008,0.9985471913957055,0.0,0.5991283148374232,15.0,0.5909090909090909,0.7272727272727273,O13,de-protonated,,0.0,,C22 H16 O13,22.0,16.0,13.0,,,,
923,1795,487.073183022598,487.0729095982793,487.07294348582906,4817328.673954599,187.9417342714522,466521.45961213676,26.730138560182578,-1,-0.0695738702284195,0.9991220789829979,0.0,0.5994732473897987,10.0,0.7894736842105263,1.0526315789473684,O15,de-protonated,,0.0,,C19 H20 O15,19.0,20.0,15.0,,,,
924,1796,487.08848666268153,487.08821323034283,487.0881996271191,2021383.8868424452,199.8408201502818,442260.3704551959,11.26692697544527,-1,0.02792763971623251,0.9998584885555458,0.0,0.5999150931333275,14.0,0.5217391304347826,0.8695652173913043,O12,de-protonated,,0.0,,C23 H20 O12,23.0,20.0,12.0,,,,
925,1797,487.1096330225101,487.1093595790894,487.10932899517906,2968499.5689414665,171.03882912552564,465577.2838229359,16.1102892246877,-1,0.06278654203157442,0.9992849578511748,0.0,0.5995709747107049,9.0,0.7,1.2,O14,de-protonated,,0.0,,C20 H24 O14,20.0,24.0,14.0,,,,
926,1798,487.1460124332495,487.145738970764,487.14571450452905,1529760.487306052,149.98354882957196,412359.5905777369,8.33772036283721,-1,0.05022364811773924,0.9995424158662851,0.0,0.599725449519771,8.0,0.6190476190476191,1.3333333333333333,O13,de-protonated,,0.0,,C21 H28 O13,21.0,28.0,13.0,,,,
927,1800,487.2187693531674,487.2184958525534,487.2184855232291,1622330.9873404764,180.32485980097238,473035.8889950668,9.018818179136927,-1,0.021200600179095027,0.9999184484104381,0.0,0.5999510690462628,6.0,0.4782608695652174,1.565217391304348,O11,de-protonated,,0.0,,C23 H36 O11,23.0,36.0,11.0,,,,
928,1801,487.25518197440414,487.25490845470824,487.25487103257905,2523398.5911914543,169.3610365519177,407618.78531229735,13.701105307705012,-1,0.07680196016722293,0.9989302900169438,0.0,0.5993581740101662,5.0,0.4166666666666667,1.6666666666666667,O10,de-protonated,,0.0,,C24 H40 O10,24.0,40.0,10.0,,,,
929,1804,489.03136987445737,489.03109542409203,489.0310786728791,5993987.402942608,188.4174647610278,465503.5106330068,32.51495711819404,-1,0.03425388209776507,0.9997871237575371,0.0,0.5998722742545223,15.0,0.6666666666666666,0.6666666666666666,O14,de-protonated,,0.0,,C21 H14 O14,21.0,14.0,14.0,,,,
930,1805,489.05248273435535,489.05220827292914,489.0522080409391,1878075.074600723,249.22844567241458,450658.04443755577,10.351159371266546,-1,0.0004743666204985948,0.9999999591697478,0.0,0.5999999755018487,10.0,0.8888888888888888,1.0,O16,de-protonated,,0.0,,C18 H18 O16,18.0,18.0,16.0,,,,
931,1806,489.0677364095753,489.0674619401578,489.0674641822291,5043927.814363727,255.60211380916573,463476.04048390413,27.493856804759222,-1,-0.004584380471714707,0.9999961865829153,0.0,0.5999977119497492,14.0,0.5909090909090909,0.8181818181818182,O13,de-protonated,,0.0,,C22 H18 O13,22.0,18.0,13.0,,,,
932,1807,489.0888143768743,489.08853989641426,489.0885935502891,2219819.143555491,232.7205606358602,402847.6880996547,12.233377699491351,-1,-0.10970175043293999,0.9978187428998573,0.0,0.5986912457399144,9.0,0.7894736842105263,1.1578947368421053,O15,de-protonated,,0.0,,C19 H22 O15,19.0,22.0,15.0,,,,
933,1808,489.1041993084135,489.10392481989345,489.1038496915791,1812888.9210820266,177.34956916480309,403085.1469661335,9.992906085628775,-1,0.15360401351010672,0.995728015677929,0.0,0.5974368094067574,13.0,0.5217391304347826,0.9565217391304348,O12,de-protonated,,0.0,,C23 H22 O12,23.0,22.0,12.0,,,,
934,1809,489.14052020192366,489.14024569437555,489.14023520092906,2817524.467683894,75.10465906932191,450965.97626724077,15.688161322230792,-1,0.021452838553383542,0.9999164963952429,0.0,0.5999498978371457,12.0,0.4583333333333333,1.0833333333333333,O11,de-protonated,,0.0,,C24 H26 O11,24.0,26.0,11.0,,,,
935,1813,491.0106888318896,491.01041334473655,491.01034322798904,2034915.5274053176,139.46469461739423,423917.14891055785,11.228046773903186,-1,0.1428009582193403,0.9963067147808432,0.0,0.5977840288685059,15.0,0.75,0.6,O15,de-protonated,,0.0,,C20 H12 O15,20.0,12.0,15.0,,,,
936,1814,491.0469929308673,491.04671742470094,491.04672873733904,7557614.850223564,129.02767491048118,447919.94386524754,42.087818169305656,-1,-0.023037803597490657,0.9994333241155713,0.9972861213155341,0.9985744429955563,14.0,0.6666666666666666,0.7619047619047619,O14,de-protonated,,0.0,,C21 H16 O14,21.0,16.0,14.0,,,,
937,1815,491.08340182827385,491.0831263030394,491.08311424668904,3648464.565541445,302.59920208316134,390901.85709022294,20.20520759424502,-1,0.02455052930110644,0.9998906416875311,0.0,0.5999343850125186,13.0,0.5909090909090909,0.9090909090909091,O13,de-protonated,,0.0,,C22 H20 O13,22.0,20.0,13.0,,,,
938,1816,491.11967527902146,491.1193997347899,491.1194997560391,2427997.7564420346,188.79558965380772,441820.27311227267,13.258148725850559,-1,-0.20365969836551287,0.9925022527499139,0.0,0.5955013516499483,12.0,0.5217391304347826,1.0434782608695652,O12,de-protonated,,0.0,,C23 H24 O12,23.0,24.0,12.0,,,,
939,1817,491.1560789911391,491.15580342784244,491.1558852653891,1826444.4907643888,222.4370197029895,398493.7264834985,10.02345481541184,-1,-0.16662234760951167,0.994975106133402,0.0,0.5969850636800412,11.0,0.4583333333333333,1.1666666666666667,O11,de-protonated,,0.0,,C24 H28 O11,24.0,28.0,11.0,,,,
940,1819,492.0503968128483,492.0501207812191,492.0500835724091,1685780.1650283965,217.33264948257266,350303.54552150995,9.369434282328932,-1,0.07561996479953974,0.9989629457416115,0.9972861213155341,0.9982922159711805,14.0,0.6666666666666666,0.7619047619047619,13C1 O14,de-protonated,,1.0,1814.0,C20 H16 O14 13C1,20.0,16.0,14.0,,,,1.0
941,1821,493.02627749387915,493.0260009512828,493.0259932924491,6124656.085901609,118.30823577092981,447196.2088228577,33.27034389101166,-1,0.015534340667785054,0.9999562145346053,0.0,0.5999737287207632,14.0,0.75,0.7,O15,de-protonated,,0.0,,C20 H14 O15,20.0,14.0,15.0,,,,
942,1822,493.0626512736101,493.0623747119701,493.06237880179907,8896371.409105474,160.485206690509,462030.50058844406,48.28643315801501,-1,-0.00829474958633927,0.9991541169328566,0.9770744905962582,0.9903222663982172,13.0,0.6666666666666666,0.8571428571428571,O14,de-protonated,,0.0,,C21 H18 O14,21.0,18.0,14.0,,,,
943,1823,493.09908432617976,493.09880774546525,493.09876431114907,3178239.830105753,44.38949208828792,459467.27184547484,17.311409736612788,-1,0.08808441498223596,0.9985931548261981,0.0,0.5991558928957189,12.0,0.5909090909090909,1.0,O13,de-protonated,,0.0,,C22 H22 O13,22.0,22.0,13.0,,,,
944,1824,493.13541318174003,493.1351365820057,493.13514982049907,2227230.7655062657,115.57020299084938,436173.0054022584,12.07577402538326,-1,-0.02684556831334725,0.9998692412869886,0.0,0.5999215447721932,11.0,0.5217391304347826,1.1304347826086956,O12,de-protonated,,0.0,,C23 H26 O12,23.0,26.0,12.0,,,,
945,1826,493.25759145674994,493.2573147930504,493.2571935081191,1591859.7106901086,46.96187033709352,499355.615217987,8.65431628967989,-1,0.24588578313067647,0.9890896002842506,0.0,0.5934537601705504,3.0,0.391304347826087,1.8695652173913044,P1 O9,de-protonated,,0.0,,C23 H43 O9 P1,23.0,43.0,9.0,,1.0,,
946,1827,494.0659631735795,494.0656860866971,494.06573363686914,1721915.5716750978,172.90719581196157,437941.1800236202,9.402760169365003,-1,-0.09624260256138134,0.9983207179782889,0.9770744905962582,0.9898222270254766,13.0,0.6666666666666666,0.8571428571428571,13C1 O14,de-protonated,,1.0,1822.0,C20 H18 O14 13C1,20.0,18.0,14.0,,,,1.0
947,1829,495.041893473419,495.0416158757108,495.04164335690905,7807873.030312426,186.38441556174726,422522.4749054082,43.523608469109746,-1,-0.05551290199439537,0.99461113476556,0.9901490079500402,0.992826284039352,13.0,0.75,0.8,O15,de-protonated,,0.0,,C20 H16 O15,20.0,16.0,15.0,,,,
948,1830,495.0571736679032,495.05689606219767,495.0568994981991,1526024.857359913,242.83785845992273,370687.55379881704,8.312031658246903,-1,-0.006940619170112055,0.9999912592567982,0.0,0.5999947555540789,17.0,0.5,0.6666666666666666,O12,de-protonated,,0.0,,C24 H16 O12,24.0,16.0,12.0,,,,
949,1831,495.07828048081456,495.0780028640621,495.0780288662591,5631106.052672586,198.69251505420905,421007.5631452855,31.256904882582326,-1,-0.05252141172349008,0.9994995992788347,0.0,0.5996997595673008,12.0,0.6666666666666666,0.9523809523809523,O14,de-protonated,,0.0,,C21 H20 O14,21.0,20.0,14.0,,,,
950,1832,495.114644861131,495.11436722534626,495.1144143756091,3524033.863187729,185.5234775564674,461011.75957283546,19.258196970969983,-1,-0.09523104453292697,0.9983558037759664,0.0,0.5990134822655798,11.0,0.5909090909090909,1.0909090909090908,O13,de-protonated,,0.0,,C22 H24 O13,22.0,24.0,13.0,,,,
951,1834,495.1511135403778,495.15083588550624,495.1507998849591,1968642.1999399946,250.14273505039492,395926.3586347788,10.855213412687132,-1,0.07270622838348702,0.9990412866041196,0.0,0.5994247719624718,10.0,0.5217391304347826,1.2173913043478262,O12,de-protonated,,0.0,,C23 H28 O12,23.0,28.0,12.0,,,,
952,1835,495.23684088894913,495.2365631892104,495.23645806322907,1602659.8955018905,115.47559133126501,483756.2583363663,8.886903209619142,-1,0.2122743179298654,0.9918571859337426,0.0,0.5951143115602455,3.0,0.45454545454545453,1.8636363636363635,P1 O10,de-protonated,,0.0,,C22 H41 O10 P1,22.0,41.0,10.0,,1.0,,
953,1836,496.0451582944568,496.04488017169984,496.04499819197906,1804126.733974809,163.17805670906563,427880.64730783174,9.78670215959308,-1,-0.23792252647885523,0.9897812804290324,0.9901490079500402,0.9899283714374355,13.0,0.75,0.8,13C1 O15,de-protonated,,1.0,1829.0,C19 H16 O15 13C1,19.0,16.0,15.0,,,,1.0
954,1836,496.0451582944568,496.04488017169984,496.0447756417791,1804126.733974809,163.17805670906563,427880.64730783174,9.78670215959308,-1,0.21072678492051264,0.9919750035376149,0.0,0.595185002122569,16.0,0.20833333333333334,0.8333333333333334,N1 S2 P1 O5,de-protonated,,0.0,,C24 H20 O5 N1 P1 S2,24.0,20.0,5.0,1.0,1.0,2.0,
955,1838,496.14641119902785,496.1461330232859,496.1460488571591,2149356.734493761,166.43955360403714,430904.33632326726,11.669614777131136,-1,0.1696398208419927,0.9947919390202762,0.0,0.5968751634121657,10.0,0.5454545454545454,1.2272727272727273,N1 O12,de-protonated,,0.0,,C22 H27 O12 N1,22.0,27.0,12.0,1.0,,,
956,1842,497.0211462291179,497.02086759566953,497.0209079120191,1724750.0242977496,144.74754404622288,480100.01831826573,9.406231615931262,-1,-0.08111600319628985,0.998806815261394,0.0,0.5992840891568364,13.0,0.8421052631578947,0.7368421052631579,O16,de-protonated,,0.0,,C19 H14 O16,19.0,14.0,16.0,,,,
957,1843,497.03635228173226,497.03607364032786,497.03616405330905,2615836.292490854,144.84967618507693,401721.51528333325,14.39192317439025,-1,-0.1819042309858554,0.9940140052235711,0.0,0.5964084031341427,17.0,0.5652173913043478,0.6086956521739131,O13,de-protonated,,0.0,,C23 H14 O13,23.0,14.0,13.0,,,,
958,1844,497.05755316351,497.0572745110131,497.0572934213691,6952861.129279403,233.97385079588307,447737.1005499316,38.11926045476011,-1,-0.038044620318290895,0.4998687034503266,0.8221557383861047,0.6287835174246379,12.0,0.75,0.9,O15,de-protonated,,0.0,,C20 H18 O15,20.0,18.0,15.0,,,,
959,1845,497.07293362408666,497.07265496354245,497.0725495626591,1508524.4705647244,201.43277936260785,371895.0859613648,8.190531028427893,-1,0.2120432589464749,0.9918748308952731,0.0,0.5951248985371638,16.0,0.5,0.75,O12,de-protonated,,0.0,,C24 H18 O12,24.0,18.0,12.0,,,,
960,1847,497.1303143267191,497.13003563615285,497.130064440069,4060778.553005417,119.81375630463381,425842.99099101714,22.21448086679485,-1,-0.05794040277656656,0.9993910458678436,0.0,0.5996346275207061,10.0,0.5909090909090909,1.1818181818181819,O13,de-protonated,,0.0,,C22 H26 O13,22.0,26.0,13.0,,,,
961,1848,497.14000472484315,497.1397260292069,497.1397982275091,2833078.060926379,86.28501302597056,396910.98493732687,15.649281120688709,-1,-0.14522736359450028,0.9961803814627342,0.0,0.5977082288776405,0.0,0.6666666666666666,2.3333333333333335,N2 S2 P1 O10,de-protonated,,0.0,,C15 H35 O10 N2 P1 S2,15.0,35.0,10.0,2.0,1.0,2.0,
962,1850,497.16673577349246,497.16645706387044,497.1664499494191,1909398.5573777265,187.06862272099164,429006.8149916805,10.400453912507402,-1,0.01430999892441617,0.9999628443415411,0.0,0.5999777066049247,9.0,0.5217391304347826,1.3043478260869565,O12,de-protonated,,0.0,,C23 H30 O12,23.0,30.0,12.0,,,,
963,1852,497.2759079865028,497.27562921976215,497.2756064774691,1857217.061055424,114.01844019086676,456552.1914184623,10.30186483002569,-1,0.04573377967937367,0.999620557816431,0.0,0.5997723346898586,6.0,0.34615384615384615,1.6153846153846154,O9,de-protonated,,0.0,,C26 H42 O9,26.0,42.0,9.0,,,,
964,1854,498.0925538312264,498.092274637251,498.09229920623915,19873253.86984392,247.86118526072136,437106.48372144415,109.564407945592,-1,-0.049326175415936584,0.4997793098974055,0.8446892076502734,0.6377432689985527,6.0,0.8235294117647058,1.4705882352941178,N1 S1 O14,de-protonated,,0.0,,C17 H25 O14 N1 S1,17.0,25.0,14.0,1.0,,1.0,
965,1856,498.1619623468042,498.16168311651984,498.1616989216191,3481128.786978052,121.47049458451556,386450.5352158769,18.8957779494527,-1,-0.03172684555057185,0.9998173717503162,0.0,0.5998904230501897,9.0,0.5454545454545454,1.3181818181818181,N1 O12,de-protonated,,0.0,,C22 H29 O12 N1,22.0,29.0,12.0,1.0,,,
966,1861,499.0156068544307,499.0153271776212,499.0154286084191,2237655.651330534,132.50379442366534,408626.4110339916,12.359044065189872,-1,-0.20326184736682443,0.9925314084078546,0.0,0.5955188450447128,17.0,0.6363636363636364,0.5454545454545454,O14,de-protonated,,0.0,,C22 H12 O14,22.0,12.0,14.0,,,,
967,1862,499.03687937705496,499.036599689119,499.03655797647906,3341550.7299615294,53.769837850756176,445808.7551885096,18.38894675077911,-1,0.08358634104115749,0.9987330799656372,0.0,0.5992398479793823,12.0,0.8421052631578947,0.8421052631578947,O16,de-protonated,,0.0,,C19 H16 O16,19.0,16.0,16.0,,,,
968,1863,499.0521413173427,499.0518616214241,499.0518141177691,3185120.4819963193,165.09957974951442,404459.28068591806,17.294746793094752,-1,0.09518782154829204,0.9983572947299053,0.0,0.5990143768379431,16.0,0.5652173913043478,0.6956521739130435,O13,de-protonated,,0.0,,C23 H16 O13,23.0,16.0,13.0,,,,
969,1864,499.07321625832697,499.0729365513853,499.07294348582906,6180423.606646577,167.48713213734231,434453.27659905405,33.809112398094825,-1,-0.0138946498007261,0.9999649698955606,0.0,0.5999789819373363,11.0,0.75,1.0,O15,de-protonated,,0.0,,C20 H20 O15,20.0,20.0,15.0,,,,
970,1868,499.10967027803787,499.10939055202937,499.10932899517906,3838318.2021476724,222.01209537017994,429385.4194326453,20.982811625086697,-1,0.12333339959022638,0.997243766312139,0.0,0.5983462597872834,10.0,0.6666666666666666,1.1428571428571428,O14,de-protonated,,0.0,,C21 H24 O14,21.0,24.0,14.0,,,,
971,1869,499.1459735101813,499.14569376518494,499.14571450452905,2071590.3008134027,59.236236395791714,466879.90095382766,11.473825190794214,-1,-0.041549678793335945,0.9996868004348166,0.0,0.59981208026089,9.0,0.5909090909090909,1.2727272727272727,O13,de-protonated,,0.0,,C22 H28 O13,22.0,28.0,13.0,,,,
972,1871,499.25525496659697,499.25497516444324,499.25487103257905,2284692.9236748694,194.78497494414626,458281.1434454747,12.408338606430727,-1,0.2085745582724794,0.9921374477983923,0.0,0.5952824686790353,6.0,0.4,1.6,O10,de-protonated,,0.0,,C25 H40 O10,25.0,40.0,10.0,,,,
973,1874,500.08951416162114,500.0892339231593,500.08932182608913,6959201.532673646,144.44211833086635,422891.32001956133,38.59693150227714,-1,-0.1757744586211624,0.9944095267577481,0.0,0.5966457160546488,6.0,1.0625,1.4375,N1 O17,de-protonated,,0.0,,C16 H23 O17 N1,16.0,23.0,17.0,1.0,,,
974,1878,501.0313292190797,501.03104848813047,501.0310786728791,4993100.111982744,218.98370327226482,427302.8912698199,27.13004920461544,-1,-0.06024526209536898,0.9993416503236151,0.0,0.599604990194169,16.0,0.6363636363636364,0.6363636363636364,O14,de-protonated,,0.0,,C22 H14 O14,22.0,14.0,14.0,,,,
975,1879,501.052473169542,501.05219242753725,501.0522080409391,3887682.265384226,129.25033631634744,414318.69083044684,21.107783701471966,-1,-0.031161227496782965,0.9998238248364048,0.0,0.5998942949018429,11.0,0.8421052631578947,0.9473684210526315,O16,de-protonated,,0.0,,C19 H18 O16,19.0,18.0,16.0,,,,
976,1880,501.0677150086543,501.06743425868,501.0674641822291,3530705.013788271,197.47109258887536,411563.7769502004,19.251254077837466,-1,-0.05971960114365405,0.9993530851633308,0.0,0.5996118510979984,15.0,0.5652173913043478,0.782608695652174,O13,de-protonated,,0.0,,C23 H18 O13,23.0,18.0,13.0,,,,
977,1881,501.0868421000392,501.0865613400639,501.08658088418906,4774283.036107041,133.1522054292494,402328.580443764,26.70930988078503,-1,-0.03900348944041217,0.9997240052534286,0.0,0.5998344031520572,18.0,0.07407407407407407,0.8518518518518519,N2 S2 P1 O2,de-protonated,,0.0,,C27 H23 O2 N2 P1 S2,27.0,23.0,2.0,2.0,1.0,2.0,
978,1882,501.0889342048693,501.0886534438001,501.0885935502891,4170913.6992311934,171.9966591306534,423654.66855506983,22.654660291396297,-1,0.11952678988704414,0.9974110625844367,0.0,0.598446637550662,10.0,0.75,1.1,O15,de-protonated,,0.0,,C20 H22 O15,20.0,22.0,15.0,,,,
979,1883,501.0928251303657,501.0925443672621,501.0924541109591,1567168.929787258,274.4610464215165,367531.58066714334,8.508862678553703,-1,0.18011906237319578,0.9941305754266404,0.0,0.5964783452559842,9.0,0.35,1.35,N2 S2 P1 O7,de-protonated,,0.0,,C20 H27 O7 N2 P1 S2,20.0,27.0,7.0,2.0,1.0,2.0,
980,1884,501.12524940767804,501.1249686276209,501.1249790596391,1768818.9216673109,102.88537970797881,456847.58616796706,9.884596952761541,-1,-0.020817198575824303,0.9999213712586709,0.0,0.5999528227552025,9.0,0.6666666666666666,1.2380952380952381,O14,de-protonated,,0.0,,C21 H26 O14,21.0,26.0,14.0,,,,
981,1885,501.23440978290637,501.2341289457736,501.2341355876891,2141846.372245812,158.02293098051166,446522.15100834577,11.83346705505849,-1,-0.013251123614522195,0.9999681395195592,0.0,0.5999808837117355,6.0,0.4583333333333333,1.5833333333333333,O11,de-protonated,,0.0,,C24 H38 O11,24.0,38.0,11.0,,,,
982,1886,501.2707816644852,501.2705008083352,501.2705210970391,1906908.8530338064,102.25116430183766,472408.9509437098,10.36643373615808,-1,-0.04047456016561209,0.9997027967464731,0.0,0.5998216780478839,5.0,0.4,1.68,O10,de-protonated,,0.0,,C25 H42 O10,25.0,42.0,10.0,,,,
983,1888,503.0106281540843,503.01034638837996,503.0103432279891,2461841.2736567454,91.55563147539733,423206.34774400666,13.79344578636746,-1,0.0062829540258177745,0.9999928372459875,0.0,0.5999957023475925,16.0,0.7142857142857143,0.5714285714285714,O15,de-protonated,,0.0,,C21 H12 O15,21.0,12.0,15.0,,,,
984,1889,503.03183914238986,503.0315573655985,503.0314725960491,1851927.240290938,125.88050775771875,433213.54150148755,10.054697834508158,-1,0.16851738701107566,0.9948604531961027,0.0,0.5969162719176616,11.0,0.9444444444444444,0.8888888888888888,O17,de-protonated,,0.0,,C18 H16 O17,18.0,16.0,17.0,,,,
985,1890,503.04701662177985,503.0467348370551,503.04672873733904,6734942.332333643,130.03342788564728,445287.0003706935,36.76400771529319,-1,0.012125545652129756,0.9959884869269738,0.9942525598599508,0.9952941161001646,15.0,0.6363636363636364,0.7272727272727273,O14,de-protonated,,0.0,,C22 H16 O14,22.0,16.0,14.0,,,,
986,1891,503.06816070697244,503.06787891119575,503.06785810539907,3075506.7759465766,148.79354100272803,445719.4149777857,17.243369383914143,-1,0.041357833431329705,0.9996896855529522,0.0,0.5998138113317714,10.0,0.8421052631578947,1.0526315789473684,O16,de-protonated,,0.0,,C19 H20 O16,19.0,20.0,16.0,,,,
987,1892,503.0833159679052,503.0830341642068,503.08311424668904,2884535.517474123,94.55292537091185,410987.4412555033,16.11306638194071,-1,-0.15918340319073981,0.9954127608375227,0.0,0.5972476565025137,14.0,0.5652173913043478,0.8695652173913043,O13,de-protonated,,0.0,,C23 H20 O13,23.0,20.0,13.0,,,,
988,1893,504.05025985515795,504.04997754607945,504.0500835724091,1543650.3811453052,157.7108810719831,427695.4716739896,8.442558049138185,-1,-0.21034879889193453,0.992003651691106,0.9942525598599508,0.992903214958644,15.0,0.6363636363636364,0.7272727272727273,13C1 O14,de-protonated,,1.0,1890.0,C21 H16 O14 13C1,21.0,16.0,14.0,,,,1.0
989,1893,504.05025985515795,504.04997754607945,504.0498610222091,1543650.3811453052,157.7108810719831,427695.4716739896,8.442558049138185,-1,0.23117528516790473,0.9903498811796881,0.0,0.5942099287078129,18.0,0.15384615384615385,0.7692307692307693,N1 S2 P1 O4,de-protonated,,0.0,,C26 H20 O4 N1 P1 S2,26.0,20.0,4.0,1.0,1.0,2.0,
990,1898,505.0262522279949,505.0259694088878,505.0259932924491,4456269.114682705,108.62600283680142,446010.26333023654,24.311234592814365,-1,-0.04729174650838875,0.9995942706582222,0.0,0.5997565623949332,15.0,0.7142857142857143,0.6666666666666666,O15,de-protonated,,0.0,,C21 H14 O15,21.0,14.0,15.0,,,,
991,1899,505.06265352284066,505.06237068471273,505.06237880179907,5491484.614316024,148.2548152367954,440865.45509292977,30.83199982287241,-1,-0.016071453109307722,0.9999531344258047,0.0,0.5999718806554828,14.0,0.6363636363636364,0.8181818181818182,O14,de-protonated,,0.0,,C22 H18 O14,22.0,18.0,14.0,,,,
992,1900,505.08391479580024,505.08363194656266,505.08350816985904,1750458.5033633604,221.4880088985269,372879.7401159197,9.597161177075423,-1,0.24506185930677715,0.9891621987832093,0.0,0.5934973192699255,9.0,0.8421052631578947,1.1578947368421053,O16,de-protonated,,0.0,,C19 H22 O16,19.0,22.0,16.0,,,,
993,1901,505.0991411039582,505.09885824676445,505.09876431114907,2665855.5741012814,141.96847947115035,398064.79687277914,14.905002976883106,-1,0.18597474794912233,0.9937439566591258,0.0,0.5962463739954755,13.0,0.5652173913043478,0.9565217391304348,O13,de-protonated,,0.0,,C23 H22 O13,23.0,22.0,13.0,,,,
994,1902,505.1354466474333,505.13516377126905,505.13514982049907,3282667.1064636367,138.1552746761931,441389.635218763,17.890447023864535,-1,0.027617895899230114,0.9998616099226495,0.0,0.5999169659535897,12.0,0.5,1.0833333333333333,O12,de-protonated,,0.0,,C24 H26 O12,24.0,26.0,12.0,,,,
995,1904,507.0419029030547,507.0416190308768,507.04164335690905,6821098.042537674,102.10547159483275,446571.8115343438,37.64158940724308,-1,-0.047976399108529355,0.49979122021680733,0.8149093904448103,0.6258384883080085,14.0,0.7142857142857143,0.7619047619047619,O15,de-protonated,,0.0,,C21 H16 O15,21.0,16.0,15.0,,,,
996,1905,507.0783238243044,507.0780399331017,507.0780288662591,5432704.9603255335,148.56439165873832,469143.08092935476,29.487855712417517,-1,0.021824733025718027,0.9999135762830745,0.0,0.5999481457698447,13.0,0.6363636363636364,0.9090909090909091,O14,de-protonated,,0.0,,C22 H20 O14,22.0,20.0,14.0,,,,
997,1906,507.11464806101793,507.114364150841,507.1144143756091,3218783.0497769965,226.70104471609892,423727.88516988495,17.98625894909324,-1,-0.09904030855856923,0.9982217559243758,0.0,0.5989330535546254,12.0,0.5652173913043478,1.0434782608695652,O13,de-protonated,,0.0,,C23 H24 O13,23.0,24.0,13.0,,,,
998,1910,508.0451502918945,508.0448658957019,508.0447756417791,2061822.6922976293,148.84666330170793,429046.49841136,11.564082801516909,-1,0.1776495441337033,0.9942899600934573,0.0,0.5965739760560743,17.0,0.2,0.8,N1 S2 P1 O5,de-protonated,,0.0,,C25 H20 O5 N1 P1 S2,25.0,20.0,5.0,1.0,1.0,2.0,
999,1913,509.02116783616464,509.0208829302622,509.0209079120191,2851189.65961139,146.3104010294591,447716.5716726034,15.472931635122828,-1,-0.04907805653155392,0.999563048090934,0.0,0.5997378288545604,14.0,0.8,0.7,O16,de-protonated,,0.0,,C20 H14 O16,20.0,14.0,16.0,,,,
1000,1914,509.05755900628674,509.05727408138114,509.0572934213691,6411492.626820319,122.10136120462255,435642.7535465005,35.38653771780222,-1,-0.037991770658236765,0.9997381358605258,0.0,0.5998428815163155,13.0,0.7142857142857143,0.8571428571428571,O15,de-protonated,,0.0,,C21 H18 O15,21.0,18.0,15.0,,,,
1001,1915,509.0939826815226,509.093697737597,509.09367893071914,4218335.268230547,90.84240678475031,423516.86271464475,23.451704423009016,-1,0.036941880493500515,0.9997524071740919,0.0,0.5998514443044551,12.0,0.6363636363636364,1.0,O14,de-protonated,,0.0,,C22 H22 O14,22.0,22.0,14.0,,,,
1002,1916,509.1222126599297,509.1219277012628,509.1218222315791,2049786.1437646316,207.74718874409976,437477.9399037206,11.368987504493239,-1,0.20716001379587348,0.9922433199136762,0.0,0.5953459919482057,11.0,0.4782608695652174,1.173913043478261,P1 O11,de-protonated,,0.0,,C23 H27 O11 P1,23.0,27.0,11.0,,1.0,,
1003,1917,509.1303987055752,509.1301137426337,509.130064440069,2255695.3698018636,166.7623329153096,451190.5697613669,12.253512089575644,-1,0.09683687549698938,0.9982999333884044,0.0,0.5989799600330427,11.0,0.5652173913043478,1.1304347826086956,O13,de-protonated,,0.0,,C23 H26 O13,23.0,26.0,13.0,,,,
1004,1918,509.1666461007358,509.1663611188666,509.1664499494191,1670566.7031334206,122.87870315663697,450329.6080718982,9.122267286811399,-1,-0.1744626978237761,0.9944924266703197,0.0,0.5966954560021918,10.0,0.5,1.25,O12,de-protonated,,0.0,,C24 H30 O12,24.0,30.0,12.0,,,,
1005,1922,511.01565204725586,511.0153661000175,511.0154286084191,2336398.4068295113,165.62581787568664,399852.23595993064,12.852683766911685,-1,-0.12232194584407809,0.9972887274397338,0.0,0.5983732364638403,18.0,0.6086956521739131,0.5217391304347826,O14,de-protonated,,0.0,,C23 H12 O14,23.0,12.0,14.0,,,,
1006,1923,511.0368582293004,511.03657227099194,511.03655797647906,4808992.989621882,184.87967229866325,439768.45306257193,26.10944391413574,-1,0.027971605273491882,0.9998580426829365,0.0,0.599914825609762,13.0,0.8,0.8,O16,de-protonated,,0.0,,C20 H16 O16,20.0,16.0,16.0,,,,
1007,1924,511.0519893938514,511.05170342764416,511.0518141177691,1924256.3296975046,140.20791568778137,386851.965956293,10.45044274306151,-1,-0.21659276392227358,0.9915239282224444,0.0,0.5949143569334666,17.0,0.5416666666666666,0.6666666666666666,O13,de-protonated,,0.0,,C24 H16 O13,24.0,16.0,13.0,,,,
1008,1925,511.0732404900623,511.07295451276156,511.07294348582906,6114564.053765604,134.24858997179044,435152.83231495175,34.24234892956376,-1,0.0215760443559394,0.9999155345425039,0.0,0.5999493207255023,12.0,0.7142857142857143,0.9523809523809523,O15,de-protonated,,0.0,,C21 H20 O15,21.0,20.0,15.0,,,,
1009,1928,511.146013607538,511.14572759224865,511.14571450452905,1770429.02882094,97.15544366872376,475843.6142676154,9.715884649641428,-1,0.02560467440675336,0.9998810494341077,0.0,0.5999286296604646,10.0,0.5652173913043478,1.2173913043478262,O13,de-protonated,,0.0,,C23 H28 O13,23.0,28.0,13.0,,,,
1010,1929,511.96228115190297,511.96199471054064,511.96202711077905,1918033.311493085,189.83287419781138,347648.2175391589,10.52403741026617,-1,-0.06328640933253284,0.9992735312427962,0.0,0.5995641187456777,15.0,0.9375,0.5,N3 P1 O15,de-protonated,,0.0,,C16 H8 O15 N3 P1,16.0,8.0,15.0,3.0,1.0,,
1011,1930,512.1083170491463,512.1080305315626,512.108087655129,1614678.9670458082,115.98902186872641,422573.38293044036,8.766791158426633,-1,-0.11154591735238895,0.997744872859166,0.0,0.5986469237154995,33.0,0.02564102564102564,0.38461538461538464,N1 O1,de-protonated,,0.0,,C39 H15 O1 N1,39.0,15.0,1.0,1.0,,,
1012,1930,512.1083170491463,512.1080305315626,512.107949270699,1614678.9670458082,115.98902186872641,422573.38293044036,8.766791158426633,-1,0.1586791684891681,0.9954417099644677,0.0,0.5972650259786806,6.0,0.7777777777777778,1.5,N1 S1 O14,de-protonated,,0.0,,C18 H27 O14 N1 S1,18.0,27.0,14.0,1.0,,1.0,
1013,1931,512.141243814972,512.1409572802028,512.140963476729,2514661.7280036104,177.67033364568056,413573.63237962057,13.73304261611458,-1,-0.012099259103864633,0.9999734377038396,0.0,0.5999840626223037,10.0,0.5909090909090909,1.2272727272727273,N1 O13,de-protonated,,0.0,,C22 H27 O13 N1,22.0,27.0,13.0,1.0,,,
1014,1933,513.0312805239396,513.0309935246698,513.0310786728791,3467470.223085808,163.44169676439068,406185.57914957916,18.823571860874544,-1,-0.1659708597835253,0.9950142257203662,0.0,0.5970085354322198,17.0,0.6086956521739131,0.6086956521739131,O14,de-protonated,,0.0,,C23 H14 O14,23.0,14.0,14.0,,,,
1015,1934,513.0525759795128,513.0522889691299,513.052208040939,4465501.295413056,241.18666834074995,419342.4724548507,24.20153688132063,-1,0.1577387049511191,0.995495460693292,0.0,0.5972972764159752,12.0,0.8,0.9,O16,de-protonated,,0.0,,C20 H18 O16,20.0,18.0,16.0,,,,
1016,1935,513.0677870061899,513.0674999878692,513.0674641822291,2228708.099186245,105.52599596994862,405548.4606793506,12.097296994094057,-1,0.06978739170803219,0.9991166844375952,0.0,0.5994700106625571,16.0,0.5416666666666666,0.75,O13,de-protonated,,0.0,,C24 H18 O13,24.0,18.0,13.0,,,,
1017,1936,513.0888593184418,513.0885722891245,513.088593550289,4307956.33565948,87.77157887104163,446181.8803838391,23.612779543683363,-1,-0.041437609023249104,0.9996884874469446,0.0,0.5998130924681667,11.0,0.7142857142857143,1.0476190476190477,O15,de-protonated,,0.0,,C21 H22 O15,21.0,22.0,15.0,,,,
1018,1938,513.1252854337962,513.1249983854702,513.124979059639,2300529.72342131,108.87735844098677,406469.71864852565,12.495124770587164,-1,0.037663009973133196,0.9997426477382392,0.0,0.5998455886429435,10.0,0.6363636363636364,1.1818181818181819,O14,de-protonated,,0.0,,C22 H26 O14,22.0,26.0,14.0,,,,
1019,1939,513.1349518902116,513.1346648368412,513.1347128470791,1993613.3587886344,81.56822207333086,464227.9038722488,10.832996154663084,-1,-0.09356263887686647,0.9984128649495028,0.0,0.5990477189697017,0.0,0.7333333333333333,2.3333333333333335,N2 S2 P1 O11,de-protonated,,0.0,,C15 H35 O11 N2 P1 S2,15.0,35.0,11.0,2.0,1.0,2.0,
1020,1940,513.2345007489602,513.2342136436414,513.234135587689,1987391.334605108,256.9980023402704,436600.69417266187,10.767038669904192,-1,0.15208643961783605,0.9958118350794539,0.0,0.5974871010476723,7.0,0.44,1.52,O11,de-protonated,,0.0,,C25 H38 O11,25.0,38.0,11.0,,,,
1021,1945,515.031723999987,515.0314359569534,515.0314725960491,1677964.1193108421,191.00613038163763,364179.2691124318,9.389568672413224,-1,-0.07113952767250055,0.999082140101167,0.0,0.5994492840607002,12.0,0.8947368421052632,0.8421052631578947,O17,de-protonated,,0.0,,C19 H16 O17,19.0,16.0,17.0,,,,
1022,1946,515.0470362966995,515.0467482456777,515.046728737339,4042125.3633935424,201.9108209219513,394412.4556086088,22.544962579902563,-1,0.037876832569366,0.9997397177148681,0.0,0.5998438306289209,16.0,0.6086956521739131,0.6956521739130435,O14,de-protonated,,0.0,,C23 H16 O14,23.0,16.0,14.0,,,,
1023,1947,515.0681331119592,515.0678450499317,515.0678581053991,3652589.808000136,127.33473046363437,431926.37359860167,19.978869278125035,-1,-0.025347082166178623,0.9998834306272351,0.0,0.5999300583763411,11.0,0.8,1.0,O16,de-protonated,,0.0,,C20 H20 O16,20.0,20.0,16.0,,,,
1024,1948,515.0832895085468,515.0830014386125,515.083114246689,1906415.2627056323,173.58687794031218,406692.5162024444,10.43169693160372,-1,-0.2190094633609063,0.9913345507643775,0.0,0.5948007304586265,15.0,0.5416666666666666,0.8333333333333334,O13,de-protonated,,0.0,,C24 H20 O13,24.0,20.0,13.0,,,,
1025,1949,515.1045670709183,515.1042789898839,515.104243614749,2867933.726581489,253.45198079807136,443881.43688697874,15.57152071760454,-1,0.06867568152150219,0.9991445906988986,0.0,0.5994867544193392,10.0,0.7142857142857143,1.1428571428571428,O15,de-protonated,,0.0,,C21 H24 O15,21.0,24.0,15.0,,,,
1026,1950,515.140956044909,515.1406679448916,515.1406291240991,1606021.9162444952,139.53906502290542,469641.07187897636,8.808448517221724,-1,0.07535960144139764,0.9989700710357018,0.0,0.599382042621421,9.0,0.6363636363636364,1.2727272727272727,O14,de-protonated,,0.0,,C22 H28 O14,22.0,28.0,14.0,,,,
1027,1951,515.2500642185831,515.2497760616476,515.249785652149,1892843.640723246,123.68518029508792,411294.7593974282,10.553197561422731,-1,-0.018613304879656713,0.9999371381497634,0.0,0.599962282889858,6.0,0.44,1.6,O11,de-protonated,,0.0,,C25 H40 O11,25.0,40.0,11.0,,,,
1028,1955,517.0262741861708,517.0259851027873,517.025993292449,4553761.880766075,134.5299083307295,438516.61953809165,24.811122898355443,-1,-0.015839941881176288,0.9999544748788751,0.0,0.599972684927325,16.0,0.6818181818181818,0.6363636363636364,O15,de-protonated,,0.0,,C22 H14 O15,22.0,14.0,15.0,,,,
1029,1956,517.0473449647058,517.0470558703338,517.047122660509,1529078.6149620423,99.49142582450791,487406.0906412202,8.437698023945424,-1,-0.12917618582433038,0.9969768378432962,0.0,0.5981861027059777,11.0,0.8947368421052632,0.9473684210526315,O17,de-protonated,,0.0,,C19 H18 O17,19.0,18.0,17.0,,,,
1030,1957,517.0626953337161,517.0624062313387,517.062378801799,4872174.508061281,130.1344249099728,435122.0565789456,26.435759891363944,-1,0.053048801947507385,0.9994895019212932,0.0,0.5996937011527759,15.0,0.6086956521739131,0.782608695652174,O14,de-protonated,,0.0,,C23 H18 O14,23.0,18.0,14.0,,,,
1031,1958,517.0838724432932,517.0835833298719,517.0835081698591,2409233.2141907862,125.1976223336175,470590.5715147197,13.648339319897898,-1,0.1453537225547938,0.9961737445859838,0.0,0.5977042467515903,10.0,0.8,1.1,O16,de-protonated,,0.0,,C20 H22 O16,20.0,22.0,16.0,,,,
1032,1960,517.1202664938129,517.1199773614119,517.119893679209,1721056.7927312842,75.45962257610425,445625.4757015223,9.415951666316781,-1,0.16182360013901,0.9952596963395227,0.0,0.5971558178037136,9.0,0.7142857142857143,1.2380952380952381,O15,de-protonated,,0.0,,C21 H26 O15,21.0,26.0,15.0,,,,
1033,1961,517.2656854243729,517.2653962161364,517.265435716609,1766037.994197084,315.9783028340962,343906.37454128935,9.81620945540627,-1,-0.07636402865112525,0.9989424479624649,0.0,0.5993654687774789,5.0,0.44,1.68,O11,de-protonated,,0.0,,C25 H42 O11,25.0,42.0,11.0,,,,
1034,1963,519.0055190517667,519.0052289363516,519.005257847559,1987497.8431199845,75.12754115197642,418955.7661851095,10.84549336230161,-1,-0.055705037665473064,0.9994371139121832,0.0,0.5996622683473098,16.0,0.7619047619047619,0.5714285714285714,O16,de-protonated,,0.0,,C21 H12 O16,21.0,12.0,16.0,,,,
1035,1964,519.0419553102938,519.0416651758829,519.041643356909,5674425.749662231,327.89472519375903,410936.1782864749,30.954194742004674,-1,0.04203703916804491,0.9996794111285108,0.0,0.5998076466771064,15.0,0.6818181818181818,0.7272727272727273,O15,de-protonated,,0.0,,C22 H16 O15,22.0,16.0,15.0,,,,
1036,1965,519.078300134411,519.0780099810522,519.078028866259,4088624.6163187088,89.41208965614422,435082.6851435296,22.78102094640807,-1,-0.03638221187850723,0.9997598515029958,0.0,0.5998559109017975,14.0,0.6086956521739131,0.8695652173913043,O14,de-protonated,,0.0,,C23 H20 O14,23.0,20.0,14.0,,,,
1037,1966,519.1146983956313,519.1144082232969,519.114414375609,1716088.9382390296,105.39609331101576,400666.2480834822,9.379154332714453,-1,-0.011851553304414923,0.9999745141664504,0.0,0.5999847084998703,13.0,0.5416666666666666,1.0,O13,de-protonated,,0.0,,C24 H24 O13,24.0,24.0,13.0,,,,
1038,1969,520.324198639481,520.3239078366558,520.323953651909,1692858.5489794286,130.94541615981365,413469.7535076649,9.351382760184393,-1,-0.08805140120948263,0.9985942084497642,0.0,0.5991565250698585,3.0,0.375,1.9583333333333333,N3 O9,de-protonated,,0.0,,C24 H47 O9 N3,24.0,47.0,9.0,3.0,,,
1039,1972,521.0212206936967,521.0209295275831,521.020907912019,3855105.970956023,234.32052932272614,368268.1071740026,20.91615985101455,-1,0.04148694193033059,0.9996877453883586,0.0,0.5998126472330151,15.0,0.7619047619047619,0.6666666666666666,O16,de-protonated,,0.0,,C21 H14 O16,21.0,14.0,16.0,,,,
1040,1973,521.0575408995936,521.057249714551,521.0572934213691,7171170.871250376,192.54044479760296,408294.5240965961,39.760560391286646,-1,-0.08388102169286799,0.9983067751595086,0.9902148358140863,0.9950699994213397,14.0,0.6818181818181818,0.8181818181818182,O15,de-protonated,,0.0,,C22 H18 O15,22.0,18.0,15.0,,,,
1041,1974,521.0939674784245,521.0936762743976,521.0936789307191,3183005.346230385,92.6641106676613,421314.24866139004,17.677994494009578,-1,-0.005097589178614834,0.9999952849916219,0.0,0.5999971709949732,13.0,0.6086956521739131,0.9565217391304348,O14,de-protonated,,0.0,,C23 H22 O14,23.0,22.0,14.0,,,,
1042,1976,521.1668467940173,521.1665555520085,521.166449949419,1782406.8270565844,204.49362988945603,360404.3050629493,9.849882487098967,-1,0.20262737471403885,0.9925777881853618,0.0,0.5955466729112171,11.0,0.48,1.2,O12,de-protonated,,0.0,,C25 H30 O12,25.0,30.0,12.0,,,,
1043,1977,521.2159672082772,521.215675940669,521.215589676609,1552986.4401324163,85.28872538076043,378758.22829136223,8.533162804517506,-1,0.1655055253182204,0.9950420745539352,0.0,0.5970252447323611,18.0,0.08823529411764706,1.0,S1 O3,de-protonated,,0.0,,C34 H34 O3 S1,34.0,34.0,3.0,,,1.0,
1044,1977,521.2159672082772,521.215675940669,521.2157226183391,1552986.4401324163,85.28872538076043,378758.22829136223,8.533162804517506,-1,-0.08955537610417375,0.9985458098867414,0.0,0.5991274859320448,5.0,0.4782608695652174,1.6956521739130435,P1 O11,de-protonated,,0.0,,C23 H39 O11 P1,23.0,39.0,11.0,,1.0,,
1045,1980,522.0608836297777,522.0605919218677,522.060648256439,1600100.7417846068,148.05874877883372,450021.1978874422,8.722356642378537,-1,-0.10790809732339045,0.9978894133511286,0.9902148358140863,0.9948195823363116,14.0,0.6818181818181818,0.8181818181818182,13C1 O15,de-protonated,,1.0,1973.0,C21 H18 O15 13C1,21.0,18.0,15.0,,,,1.0
1046,1983,523.0368588089327,523.0365665924995,523.036557976479,5112731.727955167,150.24960858025676,427722.89486849646,27.77990400181884,-1,0.016473075144414612,0.9999507628966261,0.0,0.5999704577379756,14.0,0.7619047619047619,0.7619047619047619,O16,de-protonated,,0.0,,C21 H16 O16,21.0,16.0,16.0,,,,
1047,1984,523.0732679875462,523.0729757521439,523.072943485829,5961633.524770806,160.64826907115696,394124.51457572024,32.38443072730276,-1,0.061686071250092823,0.9993097949519325,0.0,0.5995858769711595,13.0,0.6818181818181818,0.9090909090909091,O15,de-protonated,,0.0,,C22 H20 O15,22.0,20.0,15.0,,,,
1048,1985,523.1096566056716,523.1093643513111,523.109328995179,2833999.821865812,93.45815344183411,435218.667069214,15.370176816761607,-1,0.06758841824549953,0.9991714505856917,0.0,0.599502870351415,12.0,0.6086956521739131,1.0434782608695652,O14,de-protonated,,0.0,,C23 H24 O14,23.0,24.0,14.0,,,,
1049,1987,523.2317246291663,523.2314323112098,523.231372682799,1651161.6370048036,176.6594802395113,433348.7302067514,9.032009676088705,-1,0.11396184153810568,0.9976462456696646,0.0,0.5985877474017988,4.0,0.4782608695652174,1.7826086956521738,P1 O11,de-protonated,,0.0,,C23 H41 O11 P1,23.0,41.0,11.0,,1.0,,
1050,1989,525.0525136131882,525.0522203467727,525.052208040939,5120578.715807194,113.57634057033637,456624.2815453474,27.821561360613927,-1,0.023437352549416406,0.9999003334808775,0.0,0.5999402000885264,13.0,0.7619047619047619,0.8571428571428571,O16,de-protonated,,0.0,,C21 H18 O16,21.0,18.0,16.0,,,,
1051,1990,525.0888955689585,525.0886022835942,525.088593550289,4549153.890992601,121.91639592234269,430731.6365367428,24.683373664717166,-1,0.016632060408794787,0.9999498079381653,0.0,0.5999698847628991,12.0,0.6818181818181818,1.0,O15,de-protonated,,0.0,,C22 H22 O15,22.0,22.0,15.0,,,,
1052,1991,525.1252336321813,525.1249403278914,525.124979059639,2308548.8822376393,137.84174581321133,409542.7815692808,12.524284921743726,-1,-0.07375719908018162,0.9990133835976456,0.0,0.5994080301585873,11.0,0.6086956521739131,1.1304347826086956,O14,de-protonated,,0.0,,C23 H26 O14,23.0,26.0,14.0,,,,
1053,1994,527.0106701476153,527.0103758615004,527.010343227989,1880656.4711104906,114.4457221309296,413988.06045249733,10.27825899337514,-1,0.0619219562365742,0.9993045080677119,0.0,0.5995827048406271,18.0,0.6521739130434783,0.5217391304347826,O15,de-protonated,,0.0,,C23 H12 O15,23.0,12.0,15.0,,,,
1054,1995,527.0317766112486,527.0314823141443,527.031472596049,2307989.272259436,161.5665514320466,368728.29816250777,12.659671337827769,-1,0.018439307498174896,0.9999383078870306,0.0,0.5999629847322183,13.0,0.85,0.8,O17,de-protonated,,0.0,,C20 H16 O17,20.0,16.0,17.0,,,,
1055,1996,527.0469889597422,527.0466946547174,527.046728737339,2768271.34884999,106.04186527355814,436788.05494253436,15.238261847243823,-1,-0.06466717225956697,0.9992414978590903,0.0,0.5995448987154541,17.0,0.5833333333333334,0.6666666666666666,O14,de-protonated,,0.0,,C24 H16 O14,24.0,16.0,14.0,,,,
1056,1997,527.0681682638254,527.0678739477736,527.0678581053991,5475746.140837893,178.46552383885148,412065.9410109508,30.58066709147537,-1,0.030057561431068858,0.9998360823503256,0.0,0.5999016494101953,12.0,0.7619047619047619,0.9523809523809523,O16,de-protonated,,0.0,,C21 H20 O16,21.0,20.0,16.0,,,,
1057,1998,527.0834082767789,527.0831139527922,527.083114246689,1555438.624254456,116.85301743171439,447750.6159247446,8.446723785017694,-1,-0.000557590870935433,0.9999999435862298,0.0,0.5999999661517379,16.0,0.52,0.8,O13,de-protonated,,0.0,,C25 H20 O13,25.0,20.0,13.0,,,,
1058,1999,527.104584222041,527.104289887029,527.104243614749,3846950.7922470947,115.61716302140195,412554.8220596545,21.18415552592963,-1,0.08778582348389836,0.9986026699462603,0.0,0.5991616019677561,11.0,0.6818181818181818,1.0909090909090908,O15,de-protonated,,0.0,,C22 H24 O15,22.0,24.0,15.0,,,,
1059,2000,527.1409266492607,527.1406322953269,527.1406291240991,2183251.5090869837,141.4299431665258,371062.86618582136,12.061193949804979,-1,0.006015904781829753,0.9999934331921335,0.0,0.59999605991528,10.0,0.6086956521739131,1.2173913043478262,O14,de-protonated,,0.0,,C23 H28 O14,23.0,28.0,14.0,,,,
1060,2003,529.026303974353,529.0260086389486,529.025993292449,3615052.915839669,96.80835962616955,416099.08029035985,20.188544650726985,-1,0.02900897080530967,0.9998473188881888,0.0,0.5999083913329133,17.0,0.6521739130434783,0.6086956521739131,O15,de-protonated,,0.0,,C23 H14 O15,23.0,14.0,15.0,,,,
1061,2004,529.0474069810184,529.04711163463,529.047122660509,2063386.1382925801,192.88891744493978,368995.1591444603,11.463410851095443,-1,-0.02084101489182643,0.9999211912494033,0.0,0.599952714749642,12.0,0.85,0.9,O17,de-protonated,,0.0,,C20 H18 O17,20.0,18.0,17.0,,,,
1062,2005,529.0626053166217,529.0623099623227,529.062378801799,3138259.3228394333,130.6534248574127,413242.6566801419,17.44610186338358,-1,-0.13011599206991564,0.9969327562749081,0.0,0.5981596537649448,16.0,0.5833333333333334,0.75,O14,de-protonated,,0.0,,C24 H18 O14,24.0,18.0,14.0,,,,
1063,2006,529.0838724965323,529.0835771311641,529.0835081698591,3400384.3033817457,258.4404434167256,422837.15440603107,18.45004421034524,-1,0.1303410595260979,0.9969221523606658,0.0,0.5981532914163995,11.0,0.7619047619047619,1.0476190476190477,O16,de-protonated,,0.0,,C21 H22 O16,21.0,22.0,16.0,,,,
1064,2007,529.0991579672938,529.0988625939698,529.098764311149,1797015.7002752433,158.39773092168474,379305.51237197866,9.775593530581057,-1,0.1857551508374211,0.9937586759084688,0.0,0.5962552055450813,15.0,0.52,0.88,O13,de-protonated,,0.0,,C25 H22 O13,25.0,22.0,13.0,,,,
1065,2008,529.1201355848009,529.1198402005584,529.119893679209,1979776.4408524078,198.69681985691537,448540.00116150605,10.873959224144922,-1,-0.10107095045125818,0.9981481572970597,0.0,0.5988888943782358,10.0,0.6818181818181818,1.1818181818181819,O15,de-protonated,,0.0,,C22 H26 O15,22.0,26.0,15.0,,,,
1066,2009,529.302026754967,529.3017312760549,529.3018212259591,1707067.9362248224,155.26107629906605,419065.8596433589,9.495794937340705,-1,-0.1699406664194423,0.9947734987017216,0.0,0.5968640992210329,5.0,0.37037037037037035,1.7037037037037037,O10,de-protonated,,0.0,,C27 H46 O10,27.0,46.0,10.0,,,,
1067,2010,531.0419409551042,531.0416445707544,531.041643356909,5314836.1176069,118.08543601229837,408576.65513642866,29.403152416200832,-1,0.0022857819328514265,0.9999990519675265,0.0,0.5999994311805159,16.0,0.6521739130434783,0.6956521739130435,O15,de-protonated,,0.0,,C23 H16 O15,23.0,16.0,15.0,,,,
1068,2011,531.0631008916284,531.0628044962689,531.062772724969,1545138.0254050707,83.601973013142,469983.65208862745,8.517541294969346,-1,0.05982588404079833,0.9993507812356196,0.0,0.5996104687413717,11.0,0.85,1.0,O17,de-protonated,,0.0,,C20 H20 O17,20.0,20.0,17.0,,,,
1069,2012,531.0783357087214,531.0780393054348,531.078028866259,3606235.0568168852,191.98689091211887,419235.9128344359,19.562295690174135,-1,0.01965657621997367,0.9999298941347172,0.0,0.5999579364808303,15.0,0.5833333333333334,0.8333333333333334,O14,de-protonated,,0.0,,C24 H20 O14,24.0,20.0,14.0,,,,
1070,2013,531.0994177925742,531.0991213783184,531.099158234319,2429592.722945202,149.05530856642827,395000.64795309503,13.481015595404289,-1,-0.0693957052317019,0.9991265676302301,0.0,0.599475940578138,10.0,0.7619047619047619,1.1428571428571428,O16,de-protonated,,0.0,,C21 H24 O16,21.0,24.0,16.0,,,,
1071,2014,533.021175844903,533.0208784308884,533.020907912019,2657154.343168744,122.87058311216413,421330.35729051917,14.686301843208884,-1,-0.05530952002911815,0.9994450765473532,0.0,0.5996670459284119,16.0,0.7272727272727273,0.6363636363636364,O16,de-protonated,,0.0,,C22 H14 O16,22.0,14.0,16.0,,,,
1072,2015,533.0575656917513,533.0572682588086,533.0572934213691,5497492.759077876,135.31487776426462,417787.11430701363,29.937755187404484,-1,-0.04720423269563095,0.9995957705773633,0.0,0.5997574623464179,15.0,0.6521739130434783,0.782608695652174,O15,de-protonated,,0.0,,C23 H18 O15,23.0,18.0,15.0,,,,
1073,2016,533.0940073661419,533.0937099142442,533.0936789307191,2390661.568497416,71.09372017659723,425189.1646481195,13.438663947295947,-1,0.05812022601633128,0.9993872612747112,0.0,0.5996323567648267,14.0,0.5833333333333334,0.9166666666666666,O14,de-protonated,,0.0,,C24 H22 O14,24.0,22.0,14.0,,,,
1074,2018,535.0368319118319,535.0365334495475,535.036557976479,5148762.181181614,107.03565176249167,423804.78585712536,28.043733940854406,-1,-0.04584159929203689,0.9996187669421059,0.0,0.5997712601652635,15.0,0.7272727272727273,0.7272727272727273,O16,de-protonated,,0.0,,C22 H16 O16,22.0,16.0,16.0,,,,
1075,2019,535.0732410343685,535.0729425531522,535.072943485829,4601587.331231552,128.93127502755368,403263.48018627573,25.054124157993467,-1,-0.0017430834871790142,0.9999994486973426,0.0,0.5999996692184055,14.0,0.6521739130434783,0.8695652173913043,O15,de-protonated,,0.0,,C23 H20 O15,23.0,20.0,15.0,,,,
1076,2020,535.1096080531819,535.1093095530558,535.109328995179,2130060.571500252,140.0377915439318,380403.93270612607,11.771675306179105,-1,-0.03633299238475829,0.9997605007531066,0.0,0.599856300451864,13.0,0.5833333333333334,1.0,O14,de-protonated,,0.0,,C24 H24 O14,24.0,24.0,14.0,,,,
1077,2022,536.3080220619819,536.3077229387754,536.3076348821891,1977557.6528630496,82.69240742153833,428901.62115623185,10.801753135566766,-1,0.16419043968572103,0.995120359818185,0.0,0.597072215890911,3.0,0.44,1.88,N1 O11,de-protonated,,0.0,,C25 H47 O11 N1,25.0,47.0,11.0,1.0,,,
1078,2023,537.016038069129,537.0157385778678,537.015822531589,1499779.5206231868,175.61456840165053,307792.41668101697,8.151997971542434,-1,-0.15633379458191032,0.9955751663283999,0.0,0.59734509979704,15.0,0.8095238095238095,0.6666666666666666,O17,de-protonated,,0.0,,C21 H14 O17,21.0,14.0,17.0,,,,
1079,2024,537.0313161097047,537.0310166105018,537.0310786728791,1799035.3920434627,107.5853430989245,400151.6401659729,9.772122084014798,-1,-0.11556570890381641,0.9975796080970579,0.0,0.5985477648582347,19.0,0.56,0.56,O14,de-protonated,,0.0,,C25 H14 O14,25.0,14.0,14.0,,,,
1080,2025,537.0524938192813,537.05219430907,537.052208040939,4742171.077296626,237.51150867145807,417121.8819949983,25.77479646514852,-1,-0.025568964774474977,0.9998813809725695,0.0,0.5999288285835417,14.0,0.7272727272727273,0.8181818181818182,O16,de-protonated,,0.0,,C22 H18 O16,22.0,18.0,16.0,,,,
1081,2026,537.0888721502648,537.0885726211441,537.088593550289,3934915.897615268,153.3123181409759,419918.139842869,21.396608055784586,-1,-0.03896777034135796,0.9997245104601336,0.0,0.5998347062760802,13.0,0.6521739130434783,0.9565217391304348,O15,de-protonated,,0.0,,C23 H22 O15,23.0,22.0,15.0,,,,
1082,2027,537.1617018348461,537.1614022678683,537.161364568989,1511418.2418512437,155.45556059791716,362279.33343272755,8.409232162102114,-1,0.0701816656388488,0.999106679878227,0.0,0.5994640079269362,11.0,0.52,1.2,O13,de-protonated,,0.0,,C25 H30 O13,25.0,30.0,13.0,,,,
1083,2030,539.031856376337,539.0315558374073,539.031472596049,2263604.787271842,197.32241300592034,421949.1890708489,12.315998127768278,-1,0.15442764020859204,0.9956821792967632,0.0,0.5974093075780579,14.0,0.8095238095238095,0.7619047619047619,O17,de-protonated,,0.0,,C21 H16 O17,21.0,16.0,17.0,,,,
1084,2031,539.0681358961066,539.0678353383247,539.0678581053991,4820925.189506318,185.04698963972976,424547.07752424554,26.47186293565302,-1,-0.042234152950213134,0.9996763980527604,0.0,0.5998058388316563,13.0,0.7272727272727273,0.9090909090909091,O16,de-protonated,,0.0,,C22 H20 O16,22.0,20.0,16.0,,,,
1085,2032,539.1045195944707,539.1042190177827,539.104243614749,2409393.673308607,71.57020820371314,399239.0677963091,13.303277531211904,-1,-0.045625621609725366,0.999622350078729,0.0,0.5997734100472374,12.0,0.6521739130434783,1.0434782608695652,O15,de-protonated,,0.0,,C23 H24 O15,23.0,24.0,15.0,,,,
1086,2034,539.2500286105751,539.2497279582768,539.249785652149,1485168.3268141157,160.52613517040643,334550.8515896352,8.06243465013299,-1,-0.10698914242984217,0.9979251710083175,0.0,0.5987551026049904,8.0,0.4074074074074074,1.4814814814814814,O11,de-protonated,,0.0,,C27 H40 O11,27.0,40.0,11.0,,,,
1087,2035,541.0238378199492,541.0235362460794,541.0234913689991,1504654.319594202,310.16307234237877,356760.96200587176,8.159635153988201,-1,0.08294848750401365,0.9987523300878425,0.0,0.5992513980527054,22.0,0.35714285714285715,0.5,S1 O10,de-protonated,,0.0,,C28 H14 O10 S1,28.0,14.0,10.0,,,1.0,
1088,2035,541.0238378199492,541.0235362460794,541.023624310729,1504654.319594202,310.16307234237877,356760.96200587176,8.159635153988201,-1,-0.16277412974207298,0.9952039791484096,0.0,0.5971223874890458,9.0,1.0588235294117647,1.1176470588235294,P1 O18,de-protonated,,0.0,,C17 H19 O18 P1,17.0,19.0,18.0,,1.0,,
1089,2036,541.0262529592467,541.0259513841222,541.025993292449,2263767.3788364036,47.11837577770007,465008.73295795656,12.568719437791822,-1,-0.07746083797568569,0.9989118674098084,0.0,0.599347120445885,18.0,0.625,0.5833333333333334,O15,de-protonated,,0.0,,C24 H14 O15,24.0,14.0,15.0,,,,
1090,2037,541.0474571058422,541.047155519703,541.047122660509,3270489.4774241736,70.95912245114332,392557.6580717933,17.973761741454716,-1,0.06073259170428261,0.9993309599183815,0.0,0.5995985759510288,13.0,0.8095238095238095,0.8571428571428571,O17,de-protonated,,0.0,,C21 H18 O17,21.0,18.0,17.0,,,,
1091,2039,541.0838903582328,541.0835887531678,541.0835081698591,3295648.433477702,104.72807074453647,415399.2174575879,17.902944231503064,-1,0.14892952278540178,0.9959835552145001,0.0,0.5975901331287,12.0,0.7272727272727273,1.0,O16,de-protonated,,0.0,,C22 H22 O16,22.0,22.0,16.0,,,,
1092,2040,541.1566587746754,541.1563571318102,541.156279188559,1543736.2104246167,103.42820182304759,347933.3923696707,8.38007201094555,-1,0.14403094669048913,0.9962429381632111,0.0,0.5977457628979266,10.0,0.5833333333333334,1.25,O14,de-protonated,,0.0,,C24 H30 O14,24.0,30.0,14.0,,,,
1093,2044,543.0419052918775,543.041602669859,543.041643356909,4264547.720471868,178.48795389890472,384214.06305504724,23.364223969539328,-1,-0.07492436453684882,0.9989819272828263,0.0,0.5993891563696958,17.0,0.625,0.6666666666666666,O15,de-protonated,,0.0,,C24 H16 O15,24.0,16.0,15.0,,,,
1094,2045,543.0630421089999,543.0627394760052,543.062772724969,2593621.967727446,131.138641214042,442291.0453733897,14.094073059005359,-1,-0.06122489982629816,0.9993200729668682,0.0,0.5995920437801209,12.0,0.8095238095238095,0.9523809523809523,O17,de-protonated,,0.0,,C21 H20 O17,21.0,20.0,17.0,,,,
1095,2046,543.0783159049982,543.078013264072,543.078028866259,1776279.0422350422,137.2190000948985,357812.8684994843,9.807530838990626,-1,-0.02872918118839514,0.9998502496641736,0.0,0.5999101497985041,16.0,0.56,0.8,O14,de-protonated,,0.0,,C25 H20 O14,25.0,20.0,14.0,,,,
1096,2047,543.099440493425,543.0991378415289,543.099158234319,2158371.0753204757,299.172902480145,387830.5344823096,11.784172513817634,-1,-0.03754892605649101,0.9997442042541912,0.0,0.5998465225525147,11.0,0.7272727272727273,1.0909090909090908,O16,de-protonated,,0.0,,C22 H24 O16,22.0,24.0,16.0,,,,
1097,2051,545.0211554536188,545.0208518039494,545.020907912019,3142935.3172829924,148.25399048713953,381932.7680602371,17.054522690709735,-1,-0.1029466369617284,0.9980788527670666,0.0,0.59884731166024,17.0,0.6956521739130435,0.6086956521739131,O16,de-protonated,,0.0,,C23 H14 O16,23.0,14.0,16.0,,,,
1098,2053,545.057545442658,545.0572417740976,545.0572934213691,4137639.7482120413,60.08462326853802,399855.32399627013,22.88377576476929,-1,-0.09475567444263444,0.9983721643233248,0.0,0.5990232985939948,16.0,0.625,0.75,O15,de-protonated,,0.0,,C24 H18 O15,24.0,18.0,15.0,,,,
1099,2054,545.0787318079094,545.0784281283508,545.078422789429,1670363.8753141628,88.62754900663698,404430.75874329335,9.194473375389554,-1,0.009794777204243692,0.9999825923890522,0.0,0.5999895554334312,11.0,0.8095238095238095,1.0476190476190477,O17,de-protonated,,0.0,,C21 H22 O17,21.0,22.0,17.0,,,,
1100,2055,545.0939520183279,545.0936483308681,545.0936789307191,1921875.2863944434,131.4325357013605,424281.62333410286,10.446277007182001,-1,-0.05613686637450733,0.9994283555386738,0.0,0.5996570133232043,15.0,0.56,0.88,O14,de-protonated,,0.0,,C25 H22 O14,25.0,22.0,14.0,,,,
1101,2060,547.0368249942597,547.0365202983729,547.036557976479,4526393.791671177,223.10085314626946,404587.9345153224,24.90276908770464,-1,-0.06887676067137653,0.999139576328328,0.0,0.5994837457969967,16.0,0.6956521739130435,0.6956521739130435,O16,de-protonated,,0.0,,C23 H16 O16,23.0,16.0,16.0,,,,
1102,2061,547.073176975165,547.0728722604131,547.072943485829,3697369.6037200554,199.5753258086647,425954.2829543703,20.230202009522074,-1,-0.1301936364622494,0.9969291001651448,0.0,0.5981574600990869,15.0,0.625,0.8333333333333334,O15,de-protonated,,0.0,,C24 H20 O15,24.0,20.0,15.0,,,,
1103,2062,547.1096315373898,547.1093268037198,547.109328995179,1634206.3041342252,110.97273879579998,425813.6087106494,8.868851687474603,-1,-0.004005523368746844,0.999997088802057,0.0,0.5999982532812341,14.0,0.56,0.96,O14,de-protonated,,0.0,,C25 H24 O14,25.0,24.0,14.0,,,,
1104,2065,549.0162392004569,549.0159334775072,549.015822531589,1838270.9244396188,251.61093764037662,410414.96486769716,10.067195042146684,-1,0.20208145859501742,0.9926175801779541,0.0,0.5955705481067725,16.0,0.7727272727272727,0.6363636363636364,O17,de-protonated,,0.0,,C22 H14 O17,22.0,14.0,17.0,,,,
1105,2066,549.0525399298132,549.0522341880311,549.052208040939,5752262.533939866,221.85359731203766,408423.44895205303,31.315225184895453,-1,0.047622232776408556,0.9995885813436005,0.0,0.5997531488061603,15.0,0.6956521739130435,0.782608695652174,O16,de-protonated,,0.0,,C23 H18 O16,23.0,18.0,16.0,,,,
1106,2067,549.0889405568124,549.0886347961464,549.088593550289,3226444.9385718526,150.91830878921408,397904.6191244479,17.701600330660128,-1,0.07511694438916003,0.9989766896866039,0.0,0.5993860138119623,14.0,0.625,0.9166666666666666,O15,de-protonated,,0.0,,C24 H22 O15,24.0,22.0,15.0,,,,
1107,2068,549.1252037240537,549.124897944575,549.124979059639,1663514.7227770914,250.41232478145156,383483.4682854595,9.053532644799501,-1,-0.1477169445138871,0.99604856356275,0.0,0.59762913813765,13.0,0.56,1.04,O14,de-protonated,,0.0,,C25 H26 O14,25.0,26.0,14.0,,,,
1108,2069,550.0424307260746,550.042124470794,550.042073043719,1597650.3064254324,177.50165179555944,385697.20853618556,8.77859407675191,-1,0.09349662045259603,0.9984151021703007,0.0,0.5990490613021804,28.0,0.09375,0.4375,N3 S1 P1 O3,de-protonated,,0.0,,C32 H14 O3 N3 P1 S1,32.0,14.0,3.0,3.0,1.0,1.0,
1109,2072,551.0317881101744,551.0314813417552,551.031472596049,2765987.385037374,278.30014521413966,372280.18769747386,15.368788238135105,-1,0.015871518627855817,0.9999542931944727,0.0,0.5999725759166836,15.0,0.7727272727272727,0.7272727272727273,O17,de-protonated,,0.0,,C22 H16 O17,22.0,16.0,17.0,,,,
1110,2073,551.0681968695746,551.0678900822734,551.0678581053991,4866050.221206658,171.1934137915435,400735.1788796126,27.22447255121764,-1,0.05802710835113998,0.9993892225085995,0.0,0.5996335335051597,14.0,0.6956521739130435,0.8695652173913043,O16,de-protonated,,0.0,,C23 H20 O16,23.0,20.0,16.0,,,,
1111,2074,551.1045286116805,551.1042218055372,551.104243614749,2628037.1847111853,137.6450382705311,400908.6638057553,14.602292836305454,-1,-0.03957365955581038,0.999715878203994,0.0,0.5998295269223963,13.0,0.625,1.0,O15,de-protonated,,0.0,,C24 H24 O15,24.0,24.0,15.0,,,,
1112,2075,551.1409507720649,551.1406439470328,551.1406291240991,1548347.5109054004,211.76962993790872,348735.5968722241,8.60953462897517,-1,0.02689501182142229,0.9998687592187049,0.0,0.5999212555312229,12.0,0.56,1.12,O14,de-protonated,,0.0,,C25 H28 O14,25.0,28.0,14.0,,,,
1113,2078,553.0474105620967,553.047102748516,553.047122660509,4455288.204667109,118.66951865936846,419799.1603468017,24.229308453850688,-1,-0.03600415266597706,0.9997648159078302,0.0,0.5998588895446981,14.0,0.7727272727272727,0.8181818181818182,O17,de-protonated,,0.0,,C22 H18 O17,22.0,18.0,17.0,,,,
1114,2080,553.0837828315935,553.0834749991558,553.0835081698591,3830818.268284373,134.275431137231,438905.1194588552,20.95087431667713,-1,-0.05997413198610892,0.9993475607850041,0.0,0.5996085364710024,13.0,0.6956521739130435,0.9565217391304348,O16,de-protonated,,0.0,,C23 H22 O16,23.0,22.0,16.0,,,,
1115,2083,555.0419054516416,555.0415966041949,555.041643356909,2912631.669314814,188.33196059574183,358853.6778820643,16.135977929278006,-1,-0.08423280440883327,0.9987134199248698,0.0,0.5992280519549219,18.0,0.6,0.64,O15,de-protonated,,0.0,,C25 H16 O15,25.0,16.0,15.0,,,,
1116,2084,555.0630090340842,555.0627001757001,555.062772724969,3754513.2327807555,136.83396086345346,409587.4740047145,20.460706061521574,-1,-0.1307046202196737,0.9969049849510841,0.0,0.5981429909706505,13.0,0.7727272727272727,0.9090909090909091,O17,de-protonated,,0.0,,C22 H20 O17,22.0,20.0,17.0,,,,
1117,2085,555.0994174353337,555.0991085580803,555.099158234319,2950234.782814116,189.38885564353973,410997.36290079716,16.175552420133343,-1,-0.08949074774972635,0.998547906461242,0.0,0.5991287438767452,12.0,0.6956521739130435,1.0434782608695652,O16,de-protonated,,0.0,,C23 H24 O16,23.0,24.0,16.0,,,,
1118,2086,555.1357606529305,555.1354517568413,555.135543743669,1916777.515221829,123.0219883588406,399530.42550442694,10.417811145338689,-1,-0.16570156371056982,0.9950303516968381,0.0,0.5970182110181028,11.0,0.625,1.1666666666666667,O15,de-protonated,,0.0,,C24 H28 O15,24.0,28.0,15.0,,,,
1119,2090,557.0212287335037,557.0209188603902,557.020907912019,1979324.4992745263,142.9750940216846,413428.8833500872,10.81216747526554,-1,0.019655224964474048,0.9999299037726479,0.0,0.5999579422635887,18.0,0.6666666666666666,0.5833333333333334,O16,de-protonated,,0.0,,C24 H14 O16,24.0,14.0,16.0,,,,
1120,2091,557.042448676979,557.0421387928714,557.0420372800791,2204082.8209992046,65.23112276763963,336624.21459661936,12.259066404081656,-1,0.1822354248055933,0.993992253594869,0.0,0.5963953521569214,13.0,0.8571428571428571,0.8571428571428571,O18,de-protonated,,0.0,,C21 H18 O18,21.0,18.0,18.0,,,,
1121,2092,557.0574712586207,557.0571613667299,557.0572934213691,2728867.1636148384,143.41183902804173,374861.2831825768,14.838351202810962,-1,-0.23705755352648808,0.9898550686730891,0.0,0.5939130412038535,17.0,0.6,0.72,O15,de-protonated,,0.0,,C25 H18 O15,25.0,18.0,15.0,,,,
1122,2093,557.0786486622486,557.0783387593857,557.078422789429,2616914.2765603685,192.4398747552069,412880.96105362463,14.468989288161167,-1,-0.15084059966461916,0.9958800290968824,0.0,0.5975280174581294,12.0,0.7727272727272727,1.0,O17,de-protonated,,0.0,,C22 H22 O17,22.0,22.0,17.0,,,,
1123,2094,557.1151747225082,557.1148648007212,557.1148082987789,1711273.0917655171,144.05547885131438,434338.1440864234,9.340274131172368,-1,0.10141884834537604,0.9981353987561441,0.0,0.5988812392536864,11.0,0.6956521739130435,1.1304347826086956,O16,de-protonated,,0.0,,C23 H26 O16,23.0,26.0,16.0,,,,
1124,2099,559.03693783197,559.0366269146778,559.036557976479,3894482.0537311537,59.438028557262264,417131.57571979903,21.38688800539907,-1,0.1233160833002483,0.9972445391535522,0.0,0.5983467234921312,17.0,0.6666666666666666,0.6666666666666666,O16,de-protonated,,0.0,,C24 H16 O16,24.0,16.0,16.0,,,,
1125,2100,559.0579442043116,559.0576332761394,559.057687344539,2122359.2215408213,188.03303798075245,375584.19510048756,11.547419857998873,-1,-0.09671345332249544,0.9983042605480549,0.0,0.5989825563288329,12.0,0.8571428571428571,0.9523809523809523,O18,de-protonated,,0.0,,C21 H20 O18,21.0,20.0,18.0,,,,
1126,2101,559.0732534319676,559.0729424958664,559.072943485829,3134989.2013356336,75.91606798509049,438894.60604106257,17.017031067794154,-1,-0.0017707216886590294,0.9999994310759169,0.0,0.5999996586455502,16.0,0.6,0.8,O15,de-protonated,,0.0,,C25 H20 O15,25.0,20.0,15.0,,,,
1127,2102,559.0942877415545,559.0939767945589,559.0940728538891,1528583.0448770616,163.3840037644893,423357.2677773791,8.400206401029845,-1,-0.17181246386571833,0.9946580406612611,0.0,0.5967948243967566,11.0,0.7727272727272727,1.0909090909090908,O17,de-protonated,,0.0,,C22 H24 O17,22.0,24.0,17.0,,,,
1128,2104,560.0763506779114,560.0760392223171,560.076075770699,1515384.6248291638,186.40329533737628,339871.4617073171,8.214831154391694,-1,-0.06525610266301737,0.9992276248008473,0.0,0.5995365748805084,19.0,0.1724137931034483,0.8275862068965517,N1 S2 P1 O5,de-protonated,,0.0,,C29 H24 O5 N1 P1 S2,29.0,24.0,5.0,1.0,1.0,2.0,
1129,2107,561.0524902798567,561.0521783188127,561.052208040939,4673786.303416277,71.11700714299086,398505.0008970556,25.855334025485693,-1,-0.05297568729282259,0.9994909077842659,0.0,0.5996945446705595,16.0,0.6666666666666666,0.75,O16,de-protonated,,0.0,,C24 H18 O16,24.0,18.0,16.0,,,,
1130,2108,561.0888767954216,561.0885648155381,561.088593550289,3060585.280313662,158.82684896168234,387115.46270834777,16.994813809770108,-1,-0.05121250234494784,0.9995242240467961,0.0,0.5997145344280777,15.0,0.6,0.88,O15,de-protonated,,0.0,,C25 H22 O15,25.0,22.0,15.0,,,,
1131,2112,563.0317776153473,563.031464629668,563.031472596049,3655270.569981333,129.01842336978518,375979.85002345976,19.910828925426387,-1,-0.014149086419923447,0.9999636752412453,0.0,0.5999782051447472,16.0,0.7391304347826086,0.6956521739130435,O17,de-protonated,,0.0,,C23 H16 O17,23.0,16.0,17.0,,,,
1132,2113,563.068156005004,563.0678430004954,563.0678581053991,4097470.3128013136,175.4317197727584,427149.96209895384,22.565791259300106,-1,-0.026826080513018654,0.9998694310470606,0.0,0.5999216586282363,15.0,0.6666666666666666,0.8333333333333334,O16,de-protonated,,0.0,,C24 H20 O16,24.0,20.0,16.0,,,,
1133,2116,565.0473936201457,565.0470795913673,565.047122660509,4981515.393307425,167.5694715609873,403507.8986319165,27.35916467798843,-1,-0.07622221226831032,0.998946370227413,0.0,0.5993678221364478,15.0,0.7391304347826086,0.782608695652174,O17,de-protonated,,0.0,,C23 H18 O17,23.0,18.0,17.0,,,,
1134,2117,565.0837589209558,565.0834448733611,565.0835081698591,3793941.305501268,247.42309883394603,378596.87714747863,20.57595808752132,-1,-0.11201264422118445,0.9977259832343636,0.0,0.5986355899406182,14.0,0.6666666666666666,0.9166666666666666,O16,de-protonated,,0.0,,C24 H22 O16,24.0,22.0,16.0,,,,
1135,2119,567.0420308706327,567.0417158099523,567.041643356909,1736256.428895133,275.9723984462021,289133.72102592536,9.535716572852666,-1,0.12777376067453403,0.9970420278939279,0.0,0.5982252167363568,19.0,0.5769230769230769,0.6153846153846154,O15,de-protonated,,0.0,,C26 H16 O15,26.0,16.0,15.0,,,,
1136,2120,567.0631092403338,567.0627941687504,567.062772724969,3801686.1682109474,220.9857771669209,377675.6962680503,21.161938267905583,-1,0.037815533725683116,0.999740559391601,0.0,0.5998443356349605,14.0,0.7391304347826086,0.8695652173913043,O17,de-protonated,,0.0,,C23 H20 O17,23.0,20.0,17.0,,,,
1137,2121,567.0994943199723,567.0991792295688,567.099158234319,3399643.906250574,115.57978163238384,410004.97185700195,19.09017895716312,-1,0.03702218468320239,0.9997513297044821,0.0,0.5998507978226892,13.0,0.6666666666666666,1.0,O16,de-protonated,,0.0,,C24 H24 O16,24.0,24.0,16.0,,,,
1138,2122,569.0212815286199,569.0209654443322,569.020907912019,2290592.4312558146,172.4653752071542,310258.1564260205,12.449301675912565,-1,0.10110755586530729,0.9981468169142381,0.0,0.5988880901485428,19.0,0.64,0.56,O16,de-protonated,,0.0,,C25 H14 O16,25.0,14.0,16.0,,,,
1139,2123,569.0281717148466,569.0278556269963,569.027788903089,1685919.4703581792,146.37467163172272,356003.2295015084,9.249669375793049,-1,0.11725948811978301,0.9975082287399796,0.0,0.5985049372439877,36.0,0.075,0.25,S1 O3,de-protonated,,0.0,,C40 H10 O3 S1,40.0,10.0,3.0,,,1.0,
1140,2123,569.0281717148466,569.0278556269963,569.027921844819,1685919.4703581792,146.37467163172272,356003.2295015084,9.249669375793049,-1,-0.11637007649216469,0.9975458392398051,0.0,0.5985275035438831,23.0,0.3793103448275862,0.5172413793103449,P1 O11,de-protonated,,0.0,,C29 H15 O11 P1,29.0,15.0,11.0,,1.0,,
1141,2124,569.0424401314697,569.0421240362413,569.0420372800791,2499130.279024215,284.01634836955907,297254.89386279404,13.545584501536677,-1,0.15246002319814003,0.9957912776897611,0.0,0.5974747666138566,14.0,0.8181818181818182,0.8181818181818182,O18,de-protonated,,0.0,,C22 H18 O18,22.0,18.0,18.0,,,,
1142,2126,569.0787781010654,569.0784619870474,569.078422789429,3745998.370785338,106.63596688519385,369243.6521386026,20.4732032691601,-1,0.06887911534021518,0.9991395175225571,0.0,0.5994837105135342,13.0,0.7391304347826086,0.9565217391304348,O17,de-protonated,,0.0,,C23 H22 O17,23.0,22.0,17.0,,,,
1143,2127,569.1150042193138,569.114688086564,569.1148082987789,1534277.1417319977,62.2197205156415,402712.6111359376,8.339108941463712,-1,-0.21122665090600606,0.9919370402024481,0.0,0.5951622241214688,12.0,0.6666666666666666,1.0833333333333333,O16,de-protonated,,0.0,,C24 H26 O16,24.0,26.0,16.0,,,,
1144,2128,571.0368914641261,571.0365743377702,571.036557976479,2558451.729292166,201.05880594779387,390470.69849721243,13.912169258933467,-1,0.02865191541712475,0.9998510540139588,0.0,0.5999106324083753,18.0,0.64,0.64,O16,de-protonated,,0.0,,C25 H16 O16,25.0,16.0,16.0,,,,
1145,2129,571.0579076753911,571.0575905381717,571.057687344539,2421184.113047072,107.61684184555706,390852.9338150241,13.265091618983073,-1,-0.1695211700241116,0.9947992028273844,0.0,0.5968795216964307,13.0,0.8181818181818182,0.9090909090909091,O18,de-protonated,,0.0,,C22 H20 O18,22.0,20.0,18.0,,,,
1146,2130,571.0733724062776,571.0730552610643,571.072943485829,1774093.3233588748,147.05495545501446,440380.2963875418,9.616601277846463,-1,0.19572847311959923,0.9930728709586779,0.0,0.5958437225752067,17.0,0.5769230769230769,0.7692307692307693,O15,de-protonated,,0.0,,C26 H20 O15,26.0,20.0,15.0,,,,
1147,2131,571.0943887712588,571.0940716151819,571.0940728538891,1664065.1875958263,212.78663845663056,418858.9259811707,9.06186411655852,-1,-0.002169007325303998,0.9999991463581853,0.0,0.5999994878149112,12.0,0.7391304347826086,1.0434782608695652,O17,de-protonated,,0.0,,C23 H24 O17,23.0,24.0,17.0,,,,
1148,2134,572.1151242378971,572.114806554238,572.1148302617689,1556673.1062896156,187.9898603028971,324060.7521745856,8.614047509511305,-1,-0.041438413465245204,0.9996884753537192,0.0,0.5998130852122315,28.0,0.02631578947368421,0.6052631578947368,N1 S2 O1,de-protonated,,0.0,,C38 H23 O1 N1 S2,38.0,23.0,1.0,1.0,,2.0,
1149,2136,573.0524453226626,573.0521271546132,573.052208040939,2423938.273355559,116.7529802928402,370792.4309071707,13.372706462537055,-1,-0.14115001158604237,0.9963914651791063,0.0,0.5978348791074637,17.0,0.64,0.72,O16,de-protonated,,0.0,,C25 H18 O16,25.0,18.0,16.0,,,,
1150,2137,573.0736106329329,573.0732924539466,573.073337408999,2252169.0177824995,160.64393003735557,401169.42522391066,12.301418052189996,-1,-0.07844554875664453,0.9988840416167275,0.0,0.5993304249700365,12.0,0.8181818181818182,1.0,O18,de-protonated,,0.0,,C22 H22 O18,22.0,22.0,18.0,,,,
1151,2138,573.0887991381561,573.0884809513213,573.088593550289,2107556.8486493556,102.51134710362373,346257.75223584054,11.749458048155057,-1,-0.19647741894806392,0.9930199426651105,0.0,0.5958119655990662,16.0,0.5769230769230769,0.8461538461538461,O15,de-protonated,,0.0,,C26 H22 O15,26.0,22.0,15.0,,,,
1152,2140,574.1085859704557,574.1082672567021,574.108343193869,2284003.617053941,90.17892985328,351121.01562664233,12.594408142382129,-1,-0.13226974979922232,0.9968305365968442,0.0,0.5980983219581065,6.0,0.8947368421052632,1.5263157894736843,N1 S1 O17,de-protonated,,0.0,,C19 H29 O17 N1 S1,19.0,29.0,17.0,1.0,,1.0,
1153,2141,574.5683849061577,574.5680659548572,574.5680875333289,1499092.970455145,87.22626767983616,382997.87407049746,8.259612815096416,-1,-0.037555987257319776,0.9997441080509697,0.0,0.5998464648305818,3.0,0.02702702702702703,1.972972972972973,N3 O1,de-protonated,,0.0,,C37 H73 O1 N3,37.0,73.0,1.0,3.0,,,
1154,2143,575.0317094412316,575.0313902505809,575.031472596049,2224330.851161067,273.13145372678673,280104.5650195527,12.166378780762582,-1,-0.14320167153071034,0.9962859968601622,0.0,0.5977715981160973,17.0,0.7083333333333334,0.6666666666666666,O17,de-protonated,,0.0,,C24 H16 O17,24.0,16.0,17.0,,,,
1155,2144,575.0682145354923,575.0678953259842,575.0678581053991,2936302.883307585,161.54893099215266,367313.4844139382,15.97073707272415,-1,0.06472381404900454,0.9992401690426588,0.0,0.5995441014255952,16.0,0.64,0.8,O16,de-protonated,,0.0,,C25 H20 O16,25.0,20.0,16.0,,,,
1156,2147,577.0474253200266,577.0471050882844,577.047122660509,3411090.2497489857,160.61293992505404,384787.1892752729,19.079070328151097,-1,-0.03045197504412799,0.9998317526542129,0.0,0.5998990515925277,16.0,0.7083333333333334,0.75,O17,de-protonated,,0.0,,C24 H18 O17,24.0,18.0,17.0,,,,
1157,2148,577.0838055038688,577.0834852533399,577.0835081698591,2787657.198250704,157.59497877799328,304813.6868766303,15.113289770858554,-1,-0.03971092383998433,0.9997139040715431,0.0,0.5998283424429258,15.0,0.64,0.88,O16,de-protonated,,0.0,,C25 H22 O16,25.0,22.0,16.0,,,,
1158,2150,579.0267001863889,579.026378932713,579.026387215619,1529538.8219083915,54.75367376401609,336952.8319055479,8.54913145872229,-1,-0.014304885270123227,0.999962870891329,0.0,0.5999777225347973,16.0,0.782608695652174,0.6956521739130435,O18,de-protonated,,0.0,,C23 H16 O18,23.0,16.0,18.0,,,,
1159,2151,579.042042982522,579.0417217209256,579.041643356909,1760967.6140778633,281.4081284021479,319134.268635437,9.617295567159715,-1,0.13533399096589466,0.9966822308514215,0.0,0.5980093385108529,20.0,0.5555555555555556,0.5925925925925926,O15,de-protonated,,0.0,,C27 H16 O15,27.0,16.0,15.0,,,,
1160,2152,579.0631030131888,579.0627817407205,579.062772724969,3558508.351011215,72.92208961514336,387161.4677203974,19.785856849041117,-1,0.015569558156174721,0.9999560157842199,0.0,0.5999736094705319,15.0,0.7083333333333334,0.8333333333333334,O17,de-protonated,,0.0,,C24 H20 O17,24.0,20.0,17.0,,,,
1161,2154,581.0422337870986,581.0419114931105,581.0420372800791,2828936.2117924914,242.99980728285246,329834.5704248591,15.331990904532775,-1,-0.21648514296716484,0.991532313582883,0.0,0.5949193881497298,15.0,0.782608695652174,0.782608695652174,O18,de-protonated,,0.0,,C23 H18 O18,23.0,18.0,18.0,,,,
1162,2155,581.0576341996571,581.0573118977215,581.0572934213691,1622446.1355631764,68.2817440528356,411891.51175230584,8.822334303486754,-1,0.03179781524981164,0.999816553870203,0.0,0.5998899323221217,19.0,0.5555555555555556,0.6666666666666666,O15,de-protonated,,0.0,,C27 H18 O15,27.0,18.0,15.0,,,,
1163,2156,581.0787781655233,581.0784558526763,581.078422789429,3520490.9169013477,65.20361120984853,378674.49044989236,19.574792897812664,-1,0.05689980199696261,0.9994127165257287,0.0,0.5996476299154372,14.0,0.7083333333333334,0.9166666666666666,O17,de-protonated,,0.0,,C24 H22 O17,24.0,22.0,17.0,,,,
1164,2158,583.0579042503023,583.0575809162775,583.057687344539,2514446.7090604296,113.15297048917537,350919.5666023199,14.051721410897017,-1,-0.1825347024329479,0.9939725644867591,0.0,0.5963835386920554,14.0,0.782608695652174,0.8695652173913043,O18,de-protonated,,0.0,,C23 H20 O18,23.0,20.0,18.0,,,,
1165,2159,583.0943294670159,583.0940061141998,583.0940728538891,2425418.026609138,106.24110223755255,427459.7954264868,13.181776901392894,-1,-0.1144578419960105,0.9976257368087534,0.0,0.598575442085252,13.0,0.7083333333333334,1.0,O17,de-protonated,,0.0,,C24 H24 O17,24.0,24.0,17.0,,,,
1166,2160,585.052482952637,585.0521585897989,585.052208040939,3426859.2696997635,163.87563573802018,363998.952537213,19.12211626557269,-1,-0.08452432020857492,0.9987045050143099,0.0,0.5992227030085859,18.0,0.6153846153846154,0.6923076923076923,O16,de-protonated,,0.0,,C26 H18 O16,26.0,18.0,16.0,,,,
1167,2161,585.0736709650165,585.0733465912513,585.073337408999,2635861.0420334446,125.14601583030216,361276.8195922269,14.425943350739573,-1,0.015694190230898356,0.9999553088069618,0.0,0.5999731852841771,13.0,0.782608695652174,0.9565217391304348,O18,de-protonated,,0.0,,C23 H22 O18,23.0,22.0,18.0,,,,
1168,2162,585.110014496266,585.1096901037578,585.109722918349,1571042.06838675,128.1273208578615,318164.5333039935,8.52135988619223,-1,-0.056082799432224606,0.9994294558270232,0.0,0.5996576734962139,12.0,0.7083333333333334,1.0833333333333333,O17,de-protonated,,0.0,,C24 H26 O17,24.0,26.0,17.0,,,,
1169,2163,586.3170793916897,586.316754376742,586.3167602711991,1793331.00929911,163.11392365478255,338856.69470607437,9.736019039725722,-1,-0.010053366206048015,0.9999816611182114,0.0,0.5999889966709269,6.0,0.2857142857142857,1.75,N3 S1 O8,de-protonated,,0.0,,C28 H49 O8 N3 S1,28.0,49.0,8.0,3.0,,1.0,
1170,2164,587.0318684046728,587.0315430211928,587.031472596049,2500574.491753798,102.53396750845084,345069.0551829586,13.628204929813604,-1,0.11996825909910468,0.9973919279220288,0.0,0.5984351567532172,18.0,0.68,0.64,O17,de-protonated,,0.0,,C25 H16 O17,25.0,16.0,17.0,,,,
1171,2165,587.0682028314501,587.0678774292379,587.0678581053991,2659379.1372803994,90.48841580163683,380516.78631050466,14.43774626906485,-1,0.03291585218839655,0.9998034281402268,0.0,0.5998820568841361,17.0,0.6153846153846154,0.7692307692307693,O16,de-protonated,,0.0,,C26 H20 O16,26.0,20.0,16.0,,,,
1172,2166,587.0893609458798,587.0890355327596,587.088987473459,1994703.8490123337,199.00341993153313,337561.1952873502,10.910062268434,-1,0.08186033386830582,0.9987848305375908,0.0,0.5992708983225544,12.0,0.782608695652174,1.0434782608695652,O18,de-protonated,,0.0,,C23 H24 O18,23.0,24.0,18.0,,,,
1173,2167,589.0473651370609,589.0470387146614,589.047122660509,3130728.498291354,210.58190856669052,387135.917163202,17.030916854059186,-1,-0.14251125985427046,0.9963216570500496,0.0,0.5977929942300297,17.0,0.68,0.72,O17,de-protonated,,0.0,,C25 H18 O17,25.0,18.0,17.0,,,,
1174,2168,589.0838639142466,589.0835374730366,589.0835081698591,2790021.0557089904,134.740673226456,365456.463664917,15.136895607509105,-1,0.04974367314329601,0.9995511181571705,0.0,0.5997306708943022,16.0,0.6153846153846154,0.8461538461538461,O16,de-protonated,,0.0,,C26 H22 O16,26.0,22.0,16.0,,,,
1175,2170,591.0268094749305,591.026482032532,591.026387215619,1690427.1953436118,63.87318102527487,374757.4964877459,9.490240622834692,-1,0.16042754616490876,0.9953409428377472,0.0,0.5972045657026483,17.0,0.75,0.6666666666666666,O18,de-protonated,,0.0,,C24 H16 O18,24.0,16.0,18.0,,,,
1176,2171,591.0630207038962,591.0626932428414,591.062772724969,3708190.6097323424,374.2245698248398,367672.8785445604,20.11078424764282,-1,-0.1344732425570958,0.9967242308728218,0.0,0.598034538523693,16.0,0.68,0.8,O17,de-protonated,,0.0,,C25 H20 O17,25.0,20.0,17.0,,,,
1177,2173,593.0423573293837,593.0420288487251,593.0420372800791,2145874.840958478,183.2813238072237,363572.8293937969,11.751540916094813,-1,-0.014217127050149582,0.999963325048076,0.0,0.5999779950288455,16.0,0.75,0.75,O18,de-protonated,,0.0,,C24 H18 O18,24.0,18.0,18.0,,,,
1178,2174,593.0786980692181,593.0783695698426,593.078422789429,2775503.348145078,87.63194493999676,377817.3717874654,15.493760314520374,-1,-0.08973448434978723,0.9985399916436064,0.0,0.5991239949861639,15.0,0.68,0.88,O17,de-protonated,,0.0,,C25 H22 O17,25.0,22.0,17.0,,,,
1179,2175,593.1150760299438,593.1147475118322,593.1148082987789,2029492.3064537605,244.81185997914378,354882.87517254584,11.148897792192514,-1,-0.1024876564916906,0.998095928900762,0.0,0.5988575573404572,14.0,0.6153846153846154,1.0,O16,de-protonated,,0.0,,C26 H26 O16,26.0,26.0,16.0,,,,
1180,2176,595.058009268341,595.0576797497143,595.057687344539,3728245.635742588,201.98936734783635,365968.78041420365,20.289910890461705,-1,-0.012763173721068492,0.9999704426992305,0.0,0.5999822656195383,15.0,0.75,0.8333333333333334,O18,de-protonated,,0.0,,C24 H20 O18,24.0,20.0,18.0,,,,
1181,2177,595.0943810318563,595.094051494503,595.0940728538891,2625042.3086228785,190.51677109619348,393388.77273717924,14.37317736293246,-1,-0.03589245309372947,0.9997662727479445,0.0,0.5998597636487667,14.0,0.68,0.96,O17,de-protonated,,0.0,,C25 H24 O17,25.0,24.0,17.0,,,,
1182,2178,597.0372327389614,597.0369022014622,597.036951899649,1725141.3161447805,302.918607008345,349902.9559356429,9.365615691106049,-1,-0.0832413917217912,0.9987435086391289,0.0,0.5992461051834773,15.0,0.8260869565217391,0.782608695652174,O19,de-protonated,,0.0,,C23 H18 O19,23.0,18.0,19.0,,,,
1183,2179,597.0525498761999,597.052219330817,597.052208040939,2357608.306892584,118.05079708802731,341544.40668033215,12.837409402020151,-1,0.018909364770584833,0.9999351225727641,0.0,0.5999610735436585,19.0,0.5925925925925926,0.6666666666666666,O16,de-protonated,,0.0,,C27 H18 O16,27.0,18.0,16.0,,,,
1184,2180,597.0736007688753,597.0732702126576,597.073337408999,2929653.575685763,230.84755756289707,337159.55476249696,15.9242196887363,-1,-0.11254286068939509,0.9977044287648764,0.0,0.5986226572589258,14.0,0.75,0.9166666666666666,O18,de-protonated,,0.0,,C24 H22 O18,24.0,22.0,18.0,,,,
1185,2182,597.1099972269662,597.1096666520154,597.109722918349,1764032.77417565,93.12681502748595,403048.63752957043,9.599938334328428,-1,-0.09423114613441111,0.9983901220206891,0.0,0.5990340732124134,13.0,0.68,1.04,O17,de-protonated,,0.0,,C25 H26 O17,25.0,26.0,17.0,,,,
1186,2183,599.0320516320304,599.031720067968,599.031828911669,2493517.4032862335,237.63644700045558,313277.95074516034,13.533781583211402,-1,-0.18169936180467697,0.9940274407307174,0.0,0.5964164644384304,36.0,0.025,0.3,N2 S2 O1,de-protonated,,0.0,,C40 H12 O1 N2 S2,40.0,12.0,1.0,2.0,,2.0,
1187,2184,599.068298688743,599.0679671060303,599.0678581053991,2277038.2217644122,137.76105493563486,305016.5117887185,12.351406882744104,-1,0.1819503913962408,0.9940109759169945,0.0,0.5964065855501967,18.0,0.5925925925925926,0.7407407407407407,O16,de-protonated,,0.0,,C27 H20 O16,27.0,20.0,16.0,,,,
1188,2185,599.0892882227552,599.088956629243,599.088987473459,1805794.821646106,75.91663994896854,354325.76182707614,9.82592950579179,-1,-0.05148519960054227,0.9995191449376968,0.0,0.599711486962618,13.0,0.75,1.0,O18,de-protonated,,0.0,,C24 H24 O18,24.0,24.0,18.0,,,,
1189,2186,601.047597454721,601.047264853773,601.047122660509,2341091.629013501,96.91148800238153,374924.88024109835,12.881149628754995,-1,0.23657589997150408,0.989896042975443,0.0,0.5939376257852658,18.0,0.6538461538461539,0.6923076923076923,O17,de-protonated,,0.0,,C26 H18 O17,26.0,18.0,17.0,,,,
1190,2187,601.0839222491791,601.0835896295471,601.0835081698591,1718531.1877609778,174.87209483445446,326527.74915366754,9.317015439178444,-1,0.13552141569209208,0.9966730502118418,0.0,0.5980038301271051,17.0,0.5925925925925926,0.8148148148148148,O16,de-protonated,,0.0,,C27 H22 O16,27.0,22.0,16.0,,,,
1191,2189,603.026761817461,603.0264281986802,603.026387215619,2119385.119054184,235.87862880635902,301216.1939819066,11.649480387046843,-1,0.06796230147627795,0.9991622624021395,0.0,0.5994973574412836,18.0,0.72,0.64,O18,de-protonated,,0.0,,C25 H16 O18,25.0,16.0,18.0,,,,
1192,2190,603.0631000946412,603.0627664571756,603.062772724969,2294908.247465153,73.21426746567889,388956.1862531869,12.59510243169538,-1,-0.010393268673358075,0.9999804000988674,0.0,0.5999882400593204,17.0,0.6538461538461539,0.7692307692307693,O17,de-protonated,,0.0,,C26 H20 O17,26.0,20.0,17.0,,,,
1193,2191,603.0837246436274,603.083390995557,603.083389028779,1539589.7053846316,196.615480935851,301849.35926438734,8.365491935367269,-1,0.003261204019648881,0.9999980702131304,0.0,0.5999988421278782,30.0,0.2222222222222222,0.4444444444444444,N2 O8,de-protonated,,0.0,,C36 H16 O8 N2,36.0,16.0,8.0,2.0,,,
1194,2192,603.0995204835069,603.0991868273146,603.099158234319,2153812.78610006,195.79737148002377,355919.6348416444,11.686972009962423,-1,0.047410106945732715,0.999592237635723,0.0,0.5997553425814338,16.0,0.5925925925925926,0.8888888888888888,O16,de-protonated,,0.0,,C27 H24 O16,27.0,24.0,16.0,,,,
1195,2197,605.0786972141067,605.0783625404209,605.078422789429,2257019.4705363614,111.93799912927194,353939.7680015029,12.24240346056362,-1,-0.09957223040845936,0.9982026208043723,0.0,0.5989215724826233,16.0,0.6538461538461539,0.8461538461538461,O17,de-protonated,,0.0,,C26 H22 O17,26.0,22.0,17.0,,,,
1196,2198,605.114996353707,605.1146616613629,605.1148082987789,2022275.0396939458,130.0857012270997,315587.6197647687,11.170767905559936,-1,-0.24232990835164314,0.9894012136374513,0.0,0.5936407281824707,15.0,0.5925925925925926,0.9629629629629629,O16,de-protonated,,0.0,,C27 H26 O16,27.0,26.0,16.0,,,,
1197,2201,607.0581071729399,607.0577714819743,607.057687344539,2758636.487765312,171.24156483386082,349020.7159412656,15.22784750754505,-1,0.1385987478707967,0.9965205084819478,0.0,0.5979123050891687,16.0,0.72,0.8,O18,de-protonated,,0.0,,C25 H20 O18,25.0,20.0,18.0,,,,
1198,2202,607.0943912214873,607.0940555118773,607.0940728538891,2164025.999523225,171.8986371038347,381533.02685697563,12.077856893323016,-1,-0.02856560881936954,0.9998519499198466,0.0,0.599911169951908,15.0,0.6538461538461539,0.9230769230769231,O17,de-protonated,,0.0,,C26 H24 O17,26.0,24.0,17.0,,,,
1199,2205,609.0372308049501,609.0368940971854,609.036951899649,1530460.7159179552,195.312043739753,314817.3088742694,8.301270173891506,-1,-0.0949079747122889,0.998366931574022,0.0,0.5990201589444132,16.0,0.7916666666666666,0.75,O19,de-protonated,,0.0,,C24 H18 O19,24.0,18.0,19.0,,,,
1200,2206,609.0737664848513,609.0734297583189,609.073337408999,2993286.195252887,309.2068205282293,311192.63223586377,16.301913075145116,-1,0.15162266049910472,0.9958372861267232,0.0,0.5975023716760339,15.0,0.72,0.88,O18,de-protonated,,0.0,,C25 H22 O18,25.0,22.0,18.0,,,,
1201,2207,609.1102090491737,609.1098723039217,609.109722918349,2142334.424988928,167.40308028258613,315267.9772377086,11.844922828727139,-1,0.24525232009862713,0.9891454378691819,0.0,0.5934872627215091,14.0,0.6538461538461539,1.0,O17,de-protonated,,0.0,,C26 H26 O17,26.0,26.0,17.0,,,,
1202,2208,611.0529913936667,611.0526536506228,611.0526019641089,2824240.3429783345,311.6470676769408,329210.7026460989,15.66316690695374,-1,0.08458603024441316,0.9987026139059514,0.0,0.5992215683435708,15.0,0.7916666666666666,0.8333333333333334,O19,de-protonated,,0.0,,C24 H20 O19,24.0,20.0,19.0,,,,
1203,2209,611.089463841315,611.0891260795423,611.088987473459,1684075.9852980056,251.79895061800903,335260.35262173554,9.283342407485746,-1,0.2268181658058208,0.9907085386128013,0.0,0.5944251231676807,14.0,0.72,0.96,O18,de-protonated,,0.0,,C25 H24 O18,25.0,24.0,18.0,,,,
1204,2211,613.0474193315882,613.047080564562,613.047122660509,1763505.033727959,219.00248331747707,337689.1767627272,9.594731164479041,-1,-0.06866673944220673,0.9991448133503001,0.0,0.59948688801018,19.0,0.6296296296296297,0.6666666666666666,O17,de-protonated,,0.0,,C27 H18 O17,27.0,18.0,17.0,,,,
1205,2212,613.0685794336626,613.0682406557742,613.068252028569,2033786.7664604576,230.29534556090084,320532.8770422606,11.242626849481466,-1,-0.018550617756292624,0.9999375608441758,0.0,0.5999625365065054,14.0,0.7916666666666666,0.9166666666666666,O19,de-protonated,,0.0,,C24 H22 O19,24.0,22.0,19.0,,,,
1206,2213,615.0630918784436,615.0627520768717,615.062772724969,2013253.9007659834,126.6861272241814,340651.6659334627,11.162783578457544,-1,-0.03357071548322825,0.9997955295188462,0.0,0.5998773177113077,18.0,0.6296296296296297,0.7407407407407407,O17,de-protonated,,0.0,,C27 H20 O17,27.0,20.0,17.0,,,,
1207,2214,615.0842727996452,615.083932987204,615.083902093029,1567524.9086221682,145.71416694136377,348618.93390183174,8.512681269776586,-1,0.050227578511580176,0.9995423442607894,0.0,0.5997254065564736,13.0,0.7916666666666666,1.0,O19,de-protonated,,0.0,,C24 H24 O19,24.0,24.0,19.0,,,,
1208,2217,617.0425007502855,617.0421599331167,617.0420372800791,2047171.7986266655,161.45376915395332,345850.4136242122,11.108629012023927,-1,0.1987758212279967,0.9928562694973609,0.0,0.5957137616984165,18.0,0.6923076923076923,0.6923076923076923,O18,de-protonated,,0.0,,C26 H18 O18,26.0,18.0,18.0,,,,
1209,2219,617.1152326194564,617.1148917649767,617.1148082987789,1569329.0135593829,70.24739922364849,351141.2978491754,8.583151635071612,-1,0.13525230098335808,0.9966862283287489,0.0,0.5980117369972493,16.0,0.5714285714285714,0.9285714285714286,O16,de-protonated,,0.0,,C28 H26 O16,28.0,26.0,16.0,,,,
1210,2220,618.549966873236,618.549625282839,618.5496745639789,1998357.543334841,163.1401060698059,354205.7478269781,10.913533715000257,-1,-0.07967208123968357,0.9988488919985038,0.0,0.5993093351991022,4.0,0.02631578947368421,1.9473684210526316,N3 P1 O1,de-protonated,,0.0,,C38 H74 O1 N3 P1,38.0,74.0,1.0,3.0,1.0,,
1211,2222,619.0579942954784,619.0576524445412,619.057687344539,2976063.745271181,165.73409303681277,346931.7418602889,16.25400711253076,-1,-0.05637600259136815,0.9994234763008341,0.0,0.5996540857805004,17.0,0.6923076923076923,0.7692307692307693,O18,de-protonated,,0.0,,C26 H20 O18,26.0,20.0,18.0,,,,
1212,2225,620.3402034882546,620.3398609798385,620.3399976395391,2017383.2464080523,109.83416887012426,302003.77547185926,10.985739803578413,-1,-0.2202980641831696,0.9912327294226089,0.0,0.5947396376535653,5.0,0.42857142857142855,1.8214285714285714,N3 O12,de-protonated,,0.0,,C28 H51 O12 N3,28.0,51.0,12.0,3.0,,,
1213,2227,621.03727973945,621.0369368736526,621.036951899649,2056051.8476705742,214.88544939999298,344589.5559307974,11.167643603650305,-1,-0.02419501181739331,0.999893785834758,0.0,0.5999362715008547,17.0,0.76,0.72,O19,de-protonated,,0.0,,C25 H18 O19,25.0,18.0,19.0,,,,
1214,2228,621.0735561643256,621.0732132799309,621.073337408999,3095799.198923754,199.02257719313752,363358.0622226429,16.98231660213158,-1,-0.19986217512454305,0.9927782553860673,0.0,0.5956669532316404,16.0,0.6923076923076923,0.8461538461538461,O18,de-protonated,,0.0,,C26 H22 O18,26.0,22.0,18.0,,,,
1215,2229,621.334125330578,621.3337823126045,621.333909201219,2113336.196936033,223.79667406921754,291427.26458215393,11.609558751534882,-1,-0.20421968373622276,0.9924611202823228,0.0,0.5954766721693937,0.0,0.6153846153846154,2.076923076923077,O16,de-protonated,,0.0,,C26 H54 O16,26.0,54.0,16.0,,,,
1216,2233,623.0893478252583,623.0890039076342,623.088987473459,2321639.48241265,226.76068905347145,332315.38160511956,12.654811312635008,-1,0.02637532589912843,0.999873781769304,0.0,0.5999242690615824,15.0,0.6923076923076923,0.9230769230769231,O18,de-protonated,,0.0,,C26 H24 O18,26.0,24.0,18.0,,,,
1217,2236,625.0685978251414,625.0682528933544,625.068252028569,2262472.809058058,89.95623448046997,406995.042789709,12.275729347599691,-1,0.0013835055889594855,0.999999652691359,0.0,0.5999997916148154,15.0,0.76,0.88,O19,de-protonated,,0.0,,C25 H22 O19,25.0,22.0,19.0,,,,
1218,2240,629.078710728835,629.0783637432984,629.078422789429,1633566.9006876287,139.1934171299704,366184.4771147463,8.935503461546746,-1,-0.09386131924704867,0.9984027236507392,0.0,0.5990416341904435,18.0,0.6071428571428571,0.7857142857142857,O17,de-protonated,,0.0,,C28 H22 O17,28.0,22.0,17.0,,,,
1219,2241,631.0580736295456,631.0577256307976,631.057687344539,2254628.111516329,161.9134110350898,351555.81235387316,12.2569835361419,-1,0.06066998208626828,0.9993323381823995,0.0,0.5995994029094397,18.0,0.6666666666666666,0.7407407407407407,O18,de-protonated,,0.0,,C27 H20 O18,27.0,20.0,18.0,,,,
1220,2243,633.0371821707988,633.0368331593031,633.036951899649,1990545.1604289755,125.3990450094527,347259.9429125846,10.86354488444615,-1,-0.18757253512733,0.9936363425223693,0.0,0.5961818055134216,18.0,0.7307692307692307,0.6923076923076923,O19,de-protonated,,0.0,,C26 H18 O19,26.0,18.0,19.0,,,,
1221,2244,633.0736474639384,633.0732984337858,633.073337408999,2100357.895222917,118.88779457555982,347146.9053320632,11.428696385432866,-1,-0.061565084030498846,0.9993124988172503,0.0,0.5995874992903502,17.0,0.6666666666666666,0.8148148148148148,O18,de-protonated,,0.0,,C27 H22 O18,27.0,22.0,18.0,,,,
1222,2245,633.352620749832,633.352271576951,633.352156523309,5301269.145937219,133.2418094719378,343427.70287426934,29.096276539743673,-1,0.18165824630612074,0.9921558338746813,0.997959571151804,0.9944773287855304,5.0,0.3333333333333333,1.8333333333333333,N2 P1 O10,de-protonated,,0.0,,C30 H55 O10 N2 P1,30.0,55.0,10.0,2.0,1.0,,
1223,2246,634.3560082128216,634.3556585266425,634.3555113583791,1739139.237931477,89.55153806843863,377653.2549162114,9.755459140496763,-1,0.23199650793528548,0.9902815324291695,0.997959571151804,0.9933527479182234,5.0,0.3333333333333333,1.8333333333333333,13C1 N2 P1 O10,de-protonated,,1.0,2245.0,C29 H55 O10 N2 P1 13C1,29.0,55.0,10.0,2.0,1.0,,1.0
1224,2246,634.3560082128216,634.3556585266425,634.3556477039991,1739139.237931477,89.55153806843863,377653.2549162114,9.755459140496763,-1,0.0170608450143795,0.9999471866841546,0.0,0.5999683120104927,5.0,0.41379310344827586,1.8275862068965518,N3 O12,de-protonated,,0.0,,C29 H53 O12 N3,29.0,53.0,12.0,3.0,,,
1225,2247,635.0530609459125,635.0527109031958,635.0526019641089,1853217.8833248974,254.2839422716201,250965.64610287297,10.085246564291223,-1,0.17154340687472888,0.9946747139021338,0.0,0.5968048283412802,17.0,0.7307692307692307,0.7692307692307693,O19,de-protonated,,0.0,,C26 H20 O19,26.0,20.0,19.0,,,,
1226,2248,635.0893436036289,635.0889935423551,635.088987473459,2027192.7916463644,207.9251555691276,349567.11642894766,10.996154143277186,-1,0.0095559774255317,0.9999834308411898,0.0,0.5999900585047139,16.0,0.6666666666666666,0.8888888888888888,O18,de-protonated,,0.0,,C27 H24 O18,27.0,24.0,18.0,,,,
1227,2250,637.0687353018301,637.0683842283429,637.068252028569,2504410.2919582697,124.42156992577748,343688.09436032665,13.65805937028342,-1,0.2075127327545961,0.9922169869011265,0.0,0.5953301921406758,16.0,0.7307692307692307,0.8461538461538461,O19,de-protonated,,0.0,,C26 H22 O19,26.0,22.0,19.0,,,,
1228,2252,639.0844579986557,639.0841058947193,639.084258408649,1559164.0985101191,165.45105360335705,314129.4925509418,8.705693698860502,-1,-0.2386444787418346,0.9897194913160268,0.0,0.5938316947896161,32.0,0.075,0.5,N2 S2 O3,de-protonated,,0.0,,C40 H20 O3 N2 S2,40.0,20.0,3.0,2.0,,2.0,
1229,2253,641.0423421030345,641.0419889985473,641.0420372800791,1674321.8853445638,125.28733447518077,332268.7467119678,9.201069123865445,-1,-0.0753172631369895,0.9989712273784794,0.0,0.5993827364270876,20.0,0.6428571428571429,0.6428571428571429,O18,de-protonated,,0.0,,C28 H18 O18,28.0,18.0,18.0,,,,
1230,2254,641.0636105041403,641.063257388786,641.063166648139,1564649.0071212754,118.80715711978226,390253.29872814193,8.484215407933275,-1,0.14154712317193419,0.996371169042908,0.0,0.5978227014257448,15.0,0.8,0.88,O20,de-protonated,,0.0,,C25 H22 O20,25.0,22.0,20.0,,,,
1231,2255,642.1031452437509,642.1027915972907,642.102684442359,1662787.770937221,223.2452818989804,258947.60841726913,9.16149463301011,-1,0.16688130153296354,0.9949595147114073,0.0,0.5969757088268444,17.0,0.3,1.0,N1 S2 P1 O9,de-protonated,,0.0,,C30 H30 O9 N1 P1 S2,30.0,30.0,9.0,1.0,1.0,2.0,
1232,2256,643.0580941067543,643.0577399724848,643.057687344539,1532997.743113539,277.26736650501846,305159.3062211922,8.314114526186659,-1,0.08184016279670496,0.9987854289558882,0.0,0.5992712573735329,19.0,0.6428571428571429,0.7142857142857143,O18,de-protonated,,0.0,,C28 H20 O18,28.0,20.0,18.0,,,,
1233,2257,643.370380160999,643.3700258672237,643.369900787399,1573881.921750222,204.39083182875135,249513.2889624476,8.595995987366766,-1,0.19441354734975455,0.9931653150429623,0.0,0.5958991890257774,6.0,0.36363636363636365,1.696969696969697,O12,de-protonated,,0.0,,C33 H56 O12,33.0,56.0,12.0,,,,
1234,2258,647.053117290989,647.0527611168138,647.0526019641089,1937162.1699589905,166.790202192216,333665.49453114456,10.898259350108725,-1,0.24596563619828796,0.9890825515124668,0.0,0.5934495309074801,18.0,0.7037037037037037,0.7407407407407407,O19,de-protonated,,0.0,,C27 H20 O19,27.0,20.0,19.0,,,,
1235,2260,649.0684622968244,649.0681050941058,649.068252028569,2258578.908962782,317.24101035668747,328996.0230683336,12.271563611720183,-1,-0.22637752299042677,0.9907444374239055,0.0,0.5944466624543433,17.0,0.7037037037037037,0.8148148148148148,O19,de-protonated,,0.0,,C27 H22 O19,27.0,22.0,19.0,,,,
1236,2265,655.0580517847702,655.0576915272703,655.057687344539,1566166.3885818073,174.46595478117166,273887.793548124,8.539411408336768,-1,0.006385287015311942,0.9999926020214376,0.0,0.5999955612128626,20.0,0.6206896551724138,0.6896551724137931,O18,de-protonated,,0.0,,C29 H20 O18,29.0,20.0,18.0,,,,
1237,2266,655.1307237547542,655.1303634602092,655.130458363239,1731290.3920310822,255.38056525126973,284399.9135311776,9.623891315635605,-1,-0.14486126933131582,0.9961995778557136,0.0,0.5977197467134281,18.0,0.5161290322580645,0.9032258064516129,O16,de-protonated,,0.0,,C31 H28 O16,31.0,28.0,16.0,,,,
1238,2268,661.0687433080572,661.0683799880838,661.068252028569,1766959.170729863,212.1418407323255,279541.373383071,9.58431682478027,-1,0.19356475597151163,0.9932246617664312,0.0,0.5959347970598587,18.0,0.6785714285714286,0.7857142857142857,O19,de-protonated,,0.0,,C28 H22 O19,28.0,22.0,19.0,,,,
1239,2270,663.0841638053652,663.0837994592149,663.083902093029,1515467.1510824258,87.29859763513457,322340.8070442954,8.349523281162485,-1,-0.1547825452716071,0.995662353245498,0.0,0.5973974119472988,17.0,0.6785714285714286,0.8571428571428571,O19,de-protonated,,0.0,,C28 H24 O19,28.0,24.0,19.0,,,,
1240,2272,669.0737392172582,669.0733718234806,669.073337408999,1675441.4415280877,88.02236943055262,318107.41447804106,9.128168745974037,-1,0.05143603790945319,0.9995200625874617,0.0,0.599712037552477,20.0,0.6,0.7333333333333333,O18,de-protonated,,0.0,,C30 H22 O18,30.0,22.0,18.0,,,,
1241,2274,673.0686950831339,673.0683256583329,673.068252028569,1778751.8966755175,101.04060229067866,274478.54305708065,9.675963014129467,-1,0.10939420146264776,0.9978309428139166,0.0,0.5986985656883499,19.0,0.6551724137931034,0.7586206896551724,O19,de-protonated,,0.0,,C29 H22 O19,29.0,22.0,19.0,,,,
1242,2277,677.0636696018164,677.0632981473411,677.063166648139,2056157.3020127288,120.58069438207728,279404.80584037874,11.21624385557791,-1,0.19421999094852965,0.9931788708741366,0.0,0.595907322524482,18.0,0.7142857142857143,0.7857142857142857,O20,de-protonated,,0.0,,C28 H22 O20,28.0,22.0,20.0,,,,
1243,2278,677.1001725882818,677.0998011152673,677.099908473109,2046104.4033347652,291.9915745700085,314629.5173083126,11.368293215179987,-1,-0.15855539255145135,0.9954488022780603,0.0,0.5972692813668362,34.0,0.06976744186046512,0.5116279069767442,N2 S2 O3,de-protonated,,0.0,,C43 H22 O3 N2 S2,43.0,22.0,3.0,2.0,,2.0,
1244,2285,695.0741934169588,695.0738128289842,695.073731332169,1800048.2133492671,106.68182392421285,312766.002438336,9.838079568773692,-1,0.11724916576187522,0.9975086668752318,0.0,0.5985052001251391,17.0,0.75,0.8571428571428571,O21,de-protonated,,0.0,,C28 H24 O21,28.0,24.0,21.0,,,,
1245,2289,698.1629719833282,698.1625898317459,698.162761550049,3073797.011747521,279.130769117049,310594.24879490753,16.771946940216377,-1,-0.24595740791840234,0.9890832779407612,0.0,0.5934499667644567,23.0,0.37142857142857144,0.8285714285714286,N3 O13,de-protonated,,0.0,,C35 H29 O13 N3,35.0,29.0,13.0,3.0,,,
1246,2291,707.0742445528111,707.0738578946983,707.073731332169,1532707.7723139692,154.5947419267556,274519.69313582394,8.36132619948776,-1,0.17899481158598068,0.9942034051317226,0.0,0.5965220430790336,18.0,0.7241379310344828,0.8275862068965517,O21,de-protonated,,0.0,,C29 H24 O21,29.0,24.0,21.0,,,,
1247,2293,721.7363212667901,721.735927208613,721.736078356439,2364579.2339215623,177.79381505930496,284096.58048099955,12.835326534080398,-1,-0.20942257213457977,0.9920736379142667,0.0,0.5952441827485601,0.0,0.020833333333333332,2.0625,P1 O1,de-protonated,,0.0,,C48 H99 O1 P1,48.0,99.0,1.0,,1.0,,
1248,2294,733.3686769049051,733.3682769888072,733.368200510939,1829514.4934025023,169.3944434755897,308841.47915448004,10.048449230688894,-1,0.10428304386029319,0.9980286995914288,0.0,0.5988172197548572,7.0,0.38235294117647056,1.7352941176470589,N2 P1 O13,de-protonated,,0.0,,C34 H59 O13 N2 P1,34.0,59.0,13.0,2.0,1.0,,
1249,2300,766.6908872708153,766.690470637799,766.690511343469,1857052.241056096,152.1803903219432,264535.46908752446,10.081080828411714,-1,-0.053092700919927474,0.999488656892575,0.0,0.599693194135545,6.0,0.0196078431372549,1.8235294117647058,N1 S1 O1,de-protonated,,0.0,,C51 H93 O1 N1 S1,51.0,93.0,1.0,1.0,,1.0,
1250,2301,769.2596301741405,769.2592122563746,769.259043982889,1484804.5769004188,227.28760307499806,234939.19058867128,8.119539946147928,-1,0.21874749066440818,0.9913551792655338,0.0,0.5948131075593203,13.0,0.47058823529411764,1.3823529411764706,N2 P1 O16,de-protonated,,0.0,,C34 H47 O16 N2 P1,34.0,47.0,16.0,2.0,1.0,,
1251,0,150.8871498562365,150.88705742491058,,2378973.026155616,24.997689807183527,1219437.9817195847,12.974878686043947,-1,,,,,,,,unassigned,,,,,,,,,,,,
1252,2,151.6645765584286,151.66448369745882,,1490900.7112606508,32.08860812419931,1310709.5757642009,8.348134702535981,-1,,,,,,,,unassigned,,,,,,,,,,,,
1253,3,152.88379363607726,152.88370010141233,,61881937.78662438,30.27710385354993,1125252.969325893,340.5461309926055,-1,,,,,,,,unassigned,,,,,,,,,,,,
1254,4,152.8841596683787,152.88406613351154,,2241811.3375922595,24.00054692360551,1179322.089148632,12.025090905515903,-1,,,,,,,,unassigned,,,,,,,,,,,,
1255,5,152.8855854919395,152.88549195628457,,6108910.553443331,34.28905766265876,1234926.0314288738,32.703803811398444,-1,,,,,,,,unassigned,,,,,,,,,,,,
1256,7,155.0610984191914,155.06100368174162,,1860962.5487143858,33.00942654123129,1318040.6007458488,10.319916352170228,-1,,,,,,,,unassigned,,,,,,,,,,,,
1257,9,160.39307650330338,160.3929788220711,,8816458.560873408,47.278048695656985,1365668.0293283085,48.255884428231944,-1,,,,,,,,unassigned,,,,,,,,,,,,
1258,10,160.72754587402622,160.72744800821422,,2555200.381848059,38.60166323964791,1323920.1432321987,14.119067474282412,-1,,,,,,,,unassigned,,,,,,,,,,,,
1259,11,160.84214606463496,160.84204813558208,,97260531.65743041,68.88642597067177,1019996.1259339042,533.2141925771485,-1,,,,,,,,unassigned,,,,,,,,,,,,
1260,12,160.84386446292706,160.8437665329259,,6683280.972967873,36.92369046154675,1135317.1472596414,36.50295493351063,-1,,,,,,,,unassigned,,,,,,,,,,,,
1261,13,161.05880195517662,161.0587039065676,,2427217.396040371,40.89084044399163,1344487.889397699,13.141508121224307,-1,,,,,,,,unassigned,,,,,,,,,,,,
1262,14,161.39327864658512,161.3931804134113,,1475472.614782025,35.38753491230078,1167271.3251941346,7.931561114585085,-1,,,,,,,,unassigned,,,,,,,,,,,,
1263,15,162.8391929099173,162.83909387899521,,94375802.89940697,61.16770316746438,1076338.8418576063,523.2608609823751,-1,,,,,,,,unassigned,,,,,,,,,,,,
1264,16,162.84255031052396,162.84245127774972,,13186406.51013389,62.28514526775779,1132129.2480893983,72.02835051396315,-1,,,,,,,,unassigned,,,,,,,,,,,,
1265,18,164.83625208311327,164.83615195065468,,36015769.97369959,84.62959464306059,1036521.0576200563,201.19948866577738,-1,,,,,,,,unassigned,,,,,,,,,,,,
1266,19,164.83799174640174,164.83789161298375,,4999713.3048736695,39.48742363041122,1014858.798781114,27.182815192422552,-1,,,,,,,,unassigned,,,,,,,,,,,,
1267,20,164.8396094318349,164.83950929752476,,13627959.024574172,43.29603323642877,1110436.1097956253,73.71686212379079,-1,,,,,,,,unassigned,,,,,,,,,,,,
1268,21,164.9042244693446,164.90412429939983,,1828876.720727048,48.29124791225028,1084176.7628762268,10.136623973471835,-1,,,,,,,,unassigned,,,,,,,,,,,,
1269,22,165.70317628375878,165.70307567322845,,4295504.147436449,31.24978652531634,1388934.8799144619,23.41698995734644,-1,,,,,,,,unassigned,,,,,,,,,,,,
1270,23,166.03638381066696,166.0362830164039,,1496593.3248832491,31.449099752471156,1423351.8293008357,8.237048412415742,-1,,,,,,,,unassigned,,,,,,,,,,,,
1271,24,166.8350416173255,166.83494038271596,,4473431.504017529,44.33175435301794,1152001.38579135,24.394549310404546,-1,,,,,,,,unassigned,,,,,,,,,,,,
1272,25,166.83664573963821,166.83654450414429,,3434659.7169186873,64.02938742487561,969722.6629339168,18.651388111188176,-1,,,,,,,,unassigned,,,,,,,,,,,,
1273,26,166.85761151836047,166.85751027130763,,3330093.4038928137,24.069441602941353,1052102.6938846863,18.24036883774329,-1,,,,,,,,unassigned,,,,,,,,,,,,
1274,27,166.8606846037473,166.86058335500022,,3103211.7655423265,34.10075768880784,1087777.183900091,16.874007469264345,-1,,,,,,,,unassigned,,,,,,,,,,,,
1275,28,166.9334521211481,166.93335083228288,,1737844.69632848,36.759990648685275,1263766.556107126,9.64784429694278,-1,,,,,,,,unassigned,,,,,,,,,,,,
1276,30,167.83682422688,167.83672244000627,,2082101.5998547263,26.254369278062562,1043466.1713486498,11.630734575589052,-1,,,,,,,,unassigned,,,,,,,,,,,,
1277,31,168.83635899337574,168.83625665556215,,4181465.8829067377,74.82475657281677,1037347.7609910835,22.772689474649052,-1,,,,,,,,unassigned,,,,,,,,,,,,
1278,32,168.8546413581161,168.85453901022615,,4811669.059229971,78.23558277619833,1048325.213706567,26.094169549244207,-1,,,,,,,,unassigned,,,,,,,,,,,,
1279,33,168.8577399911927,168.8576376415949,,2581737.3968543336,56.55681971442834,1076237.9836920009,13.963546668114077,-1,,,,,,,,unassigned,,,,,,,,,,,,
1280,36,170.85171111175492,170.85160766334536,,3322362.798549607,32.87001313083401,1156159.9057910386,18.107065289599003,-1,,,,,,,,unassigned,,,,,,,,,,,,
1281,37,170.94431038649222,170.94420688706245,,2991606.5860827607,38.882969352131546,1061855.167801096,16.529639969891605,-1,,,,,,,,unassigned,,,,,,,,,,,,
1282,38,170.98553342093425,170.98542989879172,,1809748.210494151,75.72259448627017,1045772.8464279785,9.781147845087068,-1,,,,,,,,unassigned,,,,,,,,,,,,
1283,41,174.8290878215848,174.82898218238498,,1623217.9564244372,71.38351384993462,1137394.6189281382,8.848023008077059,-1,,,,,,,,unassigned,,,,,,,,,,,,
1284,42,175.71271520352647,175.71260907779615,,1492640.156787357,38.93670014868886,1057322.6492954586,8.203722525379671,-1,,,,,,,,unassigned,,,,,,,,,,,,
1285,43,176.89423186890215,176.89412509272555,,10712901.63246493,48.106680881629856,947243.6317863492,58.67577844151039,-1,,,,,,,,unassigned,,,,,,,,,,,,
1286,50,184.89956523746233,184.89945405733573,,2024106.444481197,62.13053150270167,887369.9064690557,10.994765564650683,-1,,,,,,,,unassigned,,,,,,,,,,,,
1287,53,186.89658992375266,186.89647764585916,,1853828.5450222534,52.77124314753177,1038022.2392928809,10.058863570387667,-1,,,,,,,,unassigned,,,,,,,,,,,,
1288,55,188.88401179113083,188.88389842108614,,10297152.003727539,100.13399065637934,973968.1522430498,56.387400865033456,-1,,,,,,,,unassigned,,,,,,,,,,,,
1289,57,190.88105495718082,190.8809404900365,,10599471.759329801,81.48568552294127,952832.7571372619,58.275867797077524,-1,,,,,,,,unassigned,,,,,,,,,,,,
1290,58,191.90213286641264,191.90201783845805,,1711808.0911996062,85.72627940449925,908512.3608118537,9.26181943877495,-1,,,,,,,,unassigned,,,,,,,,,,,,
1291,59,192.87811648004816,192.8780009161336,,2706274.7662239894,68.51929297056705,861885.0687359702,14.724487755437716,-1,,,,,,,,unassigned,,,,,,,,,,,,
1292,60,192.8984636859117,192.89834811082437,,5092244.260747436,88.44557085203026,986306.9942790446,27.738246643023746,-1,,,,,,,,unassigned,,,,,,,,,,,,
1293,62,193.81567886150438,193.81556278280516,,10652742.95554824,58.1753947405196,941908.4100751554,57.49826376623585,-1,,,,,,,,unassigned,,,,,,,,,,,,
1294,63,193.8991474004143,193.8990312758889,,1642769.9937114564,51.1699398549643,1226672.9455217065,8.892457524125154,-1,,,,,,,,unassigned,,,,,,,,,,,,
1295,64,194.89552042578015,194.89540375426822,,7129669.09686205,62.199951348398166,1020044.7394455452,38.72468073591541,-1,,,,,,,,unassigned,,,,,,,,,,,,
1296,66,195.81101676466452,195.81089959064005,,179915295.17679217,152.72992595221896,966403.5766612552,990.3564936799572,-1,,,,,,,,unassigned,,,,,,,,,,,,
1297,67,195.81274026946357,195.81262309449315,,15072322.538564546,73.97726939557792,983082.4889462763,81.91503033466445,-1,,,,,,,,unassigned,,,,,,,,,,,,
1298,68,196.81147257947606,196.81135485638669,,2938276.183879049,60.49740199814442,938133.8375827416,16.068631865892613,-1,,,,,,,,unassigned,,,,,,,,,,,,
1299,69,196.8925813197344,196.8924635521351,,2278788.2702610604,42.010514293750695,925293.1312166996,12.308360945322512,-1,,,,,,,,unassigned,,,,,,,,,,,,
1300,72,197.80806157884382,197.80794330889645,,212842914.85749876,167.67275491570305,925701.9925259324,1180.8916984941916,-1,,,,,,,,unassigned,,,,,,,,,,,,
1301,73,197.809778379706,197.80966010881664,,6148880.397121394,72.85911165980997,873102.1385126772,33.22590937496357,-1,,,,,,,,unassigned,,,,,,,,,,,,
1302,74,198.8085279725565,198.80840915370857,,6139166.872090365,24.63502957382689,980372.6255096929,33.85910122864893,-1,,,,,,,,unassigned,,,,,,,,,,,,
1303,75,198.87616868098536,198.87604982502978,,1559392.9498319936,120.93418674212482,864086.2209878252,8.531427081234376,-1,,,,,,,,unassigned,,,,,,,,,,,,
1304,76,198.94011996157167,198.94000107053282,,2969120.9336482496,74.8647565582341,1006644.1767974239,16.129729325458744,-1,,,,,,,,unassigned,,,,,,,,,,,,
1305,81,199.8051134994739,199.8049941339393,,112863571.99358511,130.36555168198254,981438.5115277987,622.0832246733399,-1,,,,,,,,unassigned,,,,,,,,,,,,
1306,82,199.80686339946203,199.80674403296757,,1881067.9344437805,80.1260957894591,1089205.36168388,10.23660163458005,-1,,,,,,,,unassigned,,,,,,,,,,,,
1307,83,200.8055681618923,200.80544824763362,,2405655.2091444395,42.877452142484316,926002.2699908532,12.985987315055972,-1,,,,,,,,unassigned,,,,,,,,,,,,
1308,84,200.9380850416094,200.93796505467498,,2685048.2355672284,50.062411582186684,976763.6562632106,14.802248158521884,-1,,,,,,,,unassigned,,,,,,,,,,,,
1309,85,201.01766433794344,201.01754430736634,,5860437.405796349,101.77903936239214,966154.8169041295,32.18169824783332,-1,,,,,,,,unassigned,,,,,,,,,,,,
1310,89,201.802168208087,201.80204774730313,,32001582.14350791,109.19264970476343,948736.4802753067,175.91624903441092,-1,,,,,,,,unassigned,,,,,,,,,,,,
1311,90,202.82844575675497,202.82832473325945,,21272994.507496707,83.64226005013509,950779.2341898521,117.48486043116506,-1,,,,,,,,unassigned,,,,,,,,,,,,
1312,91,202.89964373008402,202.89952266755373,,3336909.5439132857,84.97172313019422,936076.4573976205,18.60695359514008,-1,,,,,,,,unassigned,,,,,,,,,,,,
1313,92,203.01472937460557,203.0146082489797,,2396861.7239291375,53.26197812223782,936154.0968254774,13.080410661658176,-1,,,,,,,,unassigned,,,,,,,,,,,,
1314,95,203.79921452389505,203.79909296820608,,2345705.163590097,19.998866556587277,1011911.0807319486,12.80824925086359,-1,,,,,,,,unassigned,,,,,,,,,,,,
1315,96,204.79166014360496,204.79153804392178,,11087696.176537026,93.85311911232522,907542.4352709884,60.91972150193922,-1,,,,,,,,unassigned,,,,,,,,,,,,
1316,97,204.82549240590527,204.8253702876789,,23658030.40225661,142.85577491168203,953681.2524010005,128.19357879875614,-1,,,,,,,,unassigned,,,,,,,,,,,,
1317,98,204.89672491997663,204.8966027627087,,4050535.913199205,65.26052138618752,895893.9606747405,22.16726919349375,-1,,,,,,,,unassigned,,,,,,,,,,,,
1318,100,206.78870285560595,206.78857966152788,,9457025.66574665,61.38265989872714,934206.7754013933,51.2552142614784,-1,,,,,,,,unassigned,,,,,,,,,,,,
1319,101,206.78960470475255,206.78948151018034,,12939333.953167029,96.3658823535779,959779.6131893573,70.49535971030384,-1,,,,,,,,unassigned,,,,,,,,,,,,
1320,102,206.82254991155193,206.82242669892835,,14168188.902243087,44.55881105993068,943557.3885730054,78.38248630884084,-1,,,,,,,,unassigned,,,,,,,,,,,,
1321,103,206.85014074875724,206.8500175210161,,2110477.251367949,123.60197733147373,949216.673457071,11.580745745034944,-1,,,,,,,,unassigned,,,,,,,,,,,,
1322,104,206.96222811186382,206.9621048227086,,1570816.6917222016,33.49803891459252,837658.7109436112,8.692502201908724,-1,,,,,,,,unassigned,,,,,,,,,,,,
1323,108,208.78665486700106,208.78653057836954,,8273444.533057762,44.57248230483047,987676.1657741801,45.18990282091334,-1,,,,,,,,unassigned,,,,,,,,,,,,
1324,109,208.81958820857483,208.81946390190404,,2833851.559809331,42.448619289710706,995793.1039848508,15.318799407580997,-1,,,,,,,,unassigned,,,,,,,,,,,,
1325,110,208.84539158328084,208.8452672624763,,64456078.92396033,129.7427140611593,949868.8950942903,356.80916386620856,-1,,,,,,,,unassigned,,,,,,,,,,,,
1326,111,208.84718525550986,208.84706093372284,,3628909.4034193354,48.83330683995822,911397.5648136163,20.22325911638956,-1,,,,,,,,unassigned,,,,,,,,,,,,
1327,112,208.90272639508098,208.90260204287156,,3729864.6912173503,66.27045843331372,1048536.8319308177,20.684267220388552,-1,,,,,,,,unassigned,,,,,,,,,,,,
1328,113,208.93473064431743,208.93460627457796,,40711619.89129177,131.50484476437424,966502.2014030395,220.6618066948433,-1,,,,,,,,unassigned,,,,,,,,,,,,
1329,116,209.05876085933403,209.05863642165892,,1518936.902109934,83.41348744979615,891646.3920849571,8.467552464415238,-1,,,,,,,,unassigned,,,,,,,,,,,,
1330,117,209.9342920119418,209.93416709474508,,3829383.760649921,48.45942278861774,882494.6981634803,21.111949437351473,-1,,,,,,,,unassigned,,,,,,,,,,,,
1331,118,210.78367773140067,210.78355234906434,,1618918.5314038754,70.37442095636243,1007115.5926594635,8.920229096655214,-1,,,,,,,,unassigned,,,,,,,,,,,,
1332,119,210.84243777516994,210.8423123606578,,86240559.78874847,117.52520264795153,913244.7648879496,474.2051552652774,-1,,,,,,,,unassigned,,,,,,,,,,,,
1333,120,210.8442521210478,210.84412670554215,,1658203.0145544107,65.98396772032687,932830.5274849464,9.286813854052003,-1,,,,,,,,unassigned,,,,,,,,,,,,
1334,121,210.8997742199599,210.89964877405177,,2715682.2741473797,66.34894631179479,810195.4087652557,15.12995271437659,-1,,,,,,,,unassigned,,,,,,,,,,,,
1335,122,210.9317726683039,210.93164720487428,,13605562.628698446,136.25569028171634,823009.129151226,73.82794841391103,-1,,,,,,,,unassigned,,,,,,,,,,,,
1336,123,210.9805006383376,210.98037514822613,,1476418.2924104263,118.41422929660544,911408.3336919114,8.175950952849611,-1,,,,,,,,unassigned,,,,,,,,,,,,
1337,126,211.93132800292173,211.93120199220812,,2216555.3952356135,54.30407557848595,899509.5570830965,12.26114927202141,-1,,,,,,,,unassigned,,,,,,,,,,,,
1338,127,212.83949306323012,212.83936655534492,,46263404.99553296,84.8643508083637,932493.6129155557,254.07656276301128,-1,,,,,,,,unassigned,,,,,,,,,,,,
1339,131,214.83655415196264,214.83642655104077,,10202062.225640815,42.51704753545616,915666.2544558217,56.276314574913215,-1,,,,,,,,unassigned,,,,,,,,,,,,
1340,132,214.93506096273927,214.93493330791114,,5366098.4716753345,80.92989716134917,936697.7255650645,29.593387688031743,-1,,,,,,,,unassigned,,,,,,,,,,,,
1341,136,215.87725645340774,215.8771282830205,,1522744.1644844688,18.821771315461476,1050766.2270413856,8.525872766728364,-1,,,,,,,,unassigned,,,,,,,,,,,,
1342,137,216.83361517537875,216.8334864817597,,1507608.4159865484,15.320248643210057,889492.9625578913,8.170396638343599,-1,,,,,,,,unassigned,,,,,,,,,,,,
1343,138,216.9330144754911,216.93288572749432,,4468703.186811217,43.76162549272674,887990.0224860869,24.500081286018773,-1,,,,,,,,unassigned,,,,,,,,,,,,
1344,142,218.8007958688874,218.80066609925228,,2118609.8238874716,59.89481670835769,927418.775023723,11.555751329757891,-1,,,,,,,,unassigned,,,,,,,,,,,,
1345,144,220.797864747996,220.79773388633345,,2282282.15469298,49.324907561726064,829345.614867529,12.536087840069003,-1,,,,,,,,unassigned,,,,,,,,,,,,
1346,145,220.80118487980292,220.80105401632517,,2396019.0808254094,35.56168569626715,927235.1182744297,13.063747718140139,-1,,,,,,,,unassigned,,,,,,,,,,,,
1347,148,221.0587031944092,221.05857219014132,,1916432.3732387195,67.67105712338488,952522.4436103114,10.458774214820528,-1,,,,,,,,unassigned,,,,,,,,,,,,
1348,150,222.79824757744777,222.79811562228605,,2009391.4151300776,60.42521678266712,918286.4469433781,10.97532546387964,-1,,,,,,,,unassigned,,,,,,,,,,,,
1349,151,222.9503876411904,222.95025560287598,,25551557.54285023,81.27928256286953,896950.2095285145,139.7021184552129,-1,,,,,,,,unassigned,,,,,,,,,,,,
1350,154,223.0744135603983,223.0742814542986,,2328035.3559645824,86.18069171444533,1002181.8478849503,12.630511186671207,-1,,,,,,,,unassigned,,,,,,,,,,,,
1351,155,223.94995002385397,223.94981743927445,,3092098.5506096412,95.81317908086068,891559.1330164097,16.979539444878572,-1,,,,,,,,unassigned,,,,,,,,,,,,
1352,156,224.81933430771306,224.81920124808045,,4537933.1169851525,88.51822959379818,806390.9014703252,25.138827454210148,-1,,,,,,,,unassigned,,,,,,,,,,,,
1353,157,224.9474392260936,224.94730609646672,,9372939.446765546,57.6676170369768,839492.5594479003,51.36630055159864,-1,,,,,,,,unassigned,,,,,,,,,,,,
1354,161,226.81640031029727,226.81626615966204,,5818639.939770992,46.72759912056519,863142.6218560877,31.81511349043653,-1,,,,,,,,unassigned,,,,,,,,,,,,
1355,162,226.86884655137212,226.86871237208993,,5630009.363526464,106.08312879111205,934124.1776480259,31.215247523787237,-1,,,,,,,,unassigned,,,,,,,,,,,,
1356,163,226.93507811685984,226.93494390140125,,1562781.408634407,89.9192849263431,717547.9777943318,8.675839258390688,-1,,,,,,,,unassigned,,,,,,,,,,,,
1357,168,228.81342753475212,228.81329229347497,,3611159.73568122,79.0807741962305,897689.6566386325,19.57340431918616,-1,,,,,,,,unassigned,,,,,,,,,,,,
1358,169,228.86589007785625,228.86575480793218,,5638539.027412427,58.294041993532645,825352.3161722287,31.181921636751166,-1,,,,,,,,unassigned,,,,,,,,,,,,
1359,175,230.8629437132005,230.86280735296853,,2058103.4090478455,62.82510088792826,732006.8460366009,11.386344737324526,-1,,,,,,,,unassigned,,,,,,,,,,,,
1360,179,231.92523933999564,231.92510239993297,,1761778.2301135527,102.48852131713694,770329.8125089232,9.703387442002901,-1,,,,,,,,unassigned,,,,,,,,,,,,
1361,180,232.92482275263663,232.92468526706105,,10268333.32970422,146.71869905780238,892950.3236956539,55.9430557045525,-1,,,,,,,,unassigned,,,,,,,,,,,,
1362,181,232.92799070800046,232.92785322069614,,1582794.284096929,35.16252703914011,778364.482966438,8.803588492028963,-1,,,,,,,,unassigned,,,,,,,,,,,,
1363,187,233.92318237332805,233.92304434299234,,2011032.8441167062,29.457258566783366,902740.8043342992,11.211383830385149,-1,,,,,,,,unassigned,,,,,,,,,,,,
1364,188,233.92442346265813,233.92428543164527,,1817170.2594936646,21.21052553352649,941428.9899846246,9.845022461906206,-1,,,,,,,,unassigned,,,,,,,,,,,,
1365,189,234.15820761750226,234.15806945893613,,2428719.101518649,66.88214502707442,846696.1270394641,13.158171064742342,-1,,,,,,,,unassigned,,,,,,,,,,,,
1366,193,236.105564819547,236.10542559867844,,1772765.7878351286,157.3960521680781,809352.7985659363,9.736713329038972,-1,,,,,,,,unassigned,,,,,,,,,,,,
1367,194,236.9660532658404,236.96591357566982,,10258098.10269729,50.50079327285599,891835.2209322377,55.47649328604749,-1,,,,,,,,unassigned,,,,,,,,,,,,
1368,197,237.05370060112062,237.05356086315157,,1773199.9735931503,55.80045977899152,751786.6610840464,9.61451840990671,-1,,,,,,,,unassigned,,,,,,,,,,,,
1369,199,237.09004586977025,237.0899061119805,,2860214.551911736,42.215633072956365,903642.1437264945,15.596515132881594,-1,,,,,,,,unassigned,,,,,,,,,,,,
1370,201,238.96309939798047,238.96295861888322,,3749386.79040246,87.64208410372066,924256.2713658407,20.406551495087957,-1,,,,,,,,unassigned,,,,,,,,,,,,
1371,206,239.76052746441792,239.760386250603,,16712475.220558776,90.53651256634626,865429.7471035187,91.80171015536574,-1,,,,,,,,unassigned,,,,,,,,,,,,
1372,207,240.8845001687682,240.88435834231186,,4772600.2743782075,48.82785735310792,873587.8192187485,26.283016242448614,-1,,,,,,,,unassigned,,,,,,,,,,,,
1373,212,241.13660617068788,241.1364642068314,,35446524.432222046,91.57962909289562,850232.1839327341,195.8229122239578,-1,,,,,,,,unassigned,,,,,,,,,,,,
1374,214,241.7575732883641,241.75743098609783,,14636691.228167541,49.77541604695978,852272.2609559433,79.98212888657228,-1,,,,,,,,unassigned,,,,,,,,,,,,
1375,215,241.75847105728818,241.75832875453267,,14123121.697833538,42.42306968622047,867221.7946844139,76.51623663482081,-1,,,,,,,,unassigned,,,,,,,,,,,,
1376,218,242.88155904220804,242.8814161274843,,5180087.8848137325,52.135587297969536,797385.08897986,28.810229342684057,-1,,,,,,,,unassigned,,,,,,,,,,,,
1377,219,242.9299985258112,242.9298555846953,,2030802.244948768,25.86757002805314,887364.2661075651,11.089188911252887,-1,,,,,,,,unassigned,,,,,,,,,,,,
1378,224,243.13365868950658,243.133515637429,,12902689.538400063,82.98608549391889,847890.0447625073,70.67309777449623,-1,,,,,,,,unassigned,,,,,,,,,,,,
1379,226,243.75463115112478,243.7544877607401,,5069649.666056769,88.74739572071493,911393.5231087649,27.760463901047796,-1,,,,,,,,unassigned,,,,,,,,,,,,
1380,227,243.75552091518082,243.75537752431143,,14258546.114614556,64.52472346046119,858036.6190380371,78.20474824464846,-1,,,,,,,,unassigned,,,,,,,,,,,,
1381,228,244.12421829523393,244.12407470351295,,1517487.4125911912,64.5277365064906,801350.542200034,8.31480881549991,-1,,,,,,,,unassigned,,,,,,,,,,,,
1382,229,244.1370057001402,244.13686210145337,,2392605.7835421073,69.2427964177268,887836.1364207221,13.124845177706272,-1,,,,,,,,unassigned,,,,,,,,,,,,
1383,230,244.80953932550472,244.80939536047904,,2344698.0067388252,63.67525183419997,794898.3493738237,12.82768935163463,-1,,,,,,,,unassigned,,,,,,,,,,,,
1384,234,245.75257645657297,245.75243197792608,,4421846.898514516,152.6156821052523,736639.0981569571,24.105724956091922,-1,,,,,,,,unassigned,,,,,,,,,,,,
1385,235,246.80657516953295,246.80643011691973,,4043838.3757122955,77.80489300344794,890967.1856044874,22.067291532385532,-1,,,,,,,,unassigned,,,,,,,,,,,,
1386,236,246.94048059519733,246.94033546967125,,7357304.8871741695,44.24213504998539,858361.8966950673,40.00217307229816,-1,,,,,,,,unassigned,,,,,,,,,,,,
1387,240,247.1108013397059,247.11065612144063,,5440933.930770291,106.76725774906566,875877.99511638,29.682256720127935,-1,,,,,,,,unassigned,,,,,,,,,,,,
1388,242,248.80364910603117,248.80350296614924,,2053220.9591605861,100.56785374435047,746018.781778663,11.333578749517413,-1,,,,,,,,unassigned,,,,,,,,,,,,
1389,243,248.89610214112483,248.8959559509168,,8561243.967753863,112.1728751881775,826220.9764978508,46.878414430740975,-1,,,,,,,,unassigned,,,,,,,,,,,,
1390,246,249.09007046326644,249.0899241674757,,1560106.9804162416,76.03266286791411,914196.2644125379,8.503655508704316,-1,,,,,,,,unassigned,,,,,,,,,,,,
1391,249,250.89317341485392,250.89302613773384,,1888702.090342201,46.77446316324701,864192.2795271793,10.261596049857104,-1,,,,,,,,unassigned,,,,,,,,,,,,
1392,250,250.8940592625909,250.8939119849888,,6945656.354111672,84.16166302598087,814266.6361420702,38.835767026035654,-1,,,,,,,,unassigned,,,,,,,,,,,,
1393,251,250.91174243510505,250.91159514788032,,3130579.2621126724,88.98678186919082,858760.3225776687,17.10728867851685,-1,,,,,,,,unassigned,,,,,,,,,,,,
1394,254,251.06933019860773,251.06918282563012,,3433004.6446784637,83.85146440509956,819879.9065776672,18.82912617538056,-1,,,,,,,,unassigned,,,,,,,,,,,,
1395,257,252.17372667102455,252.17357869713817,,57663722.555622354,99.91474978972191,823886.0987337003,314.50750458842145,-1,,,,,,,,unassigned,,,,,,,,,,,,
1396,258,252.8911082648631,252.89095990070075,,2691120.816936096,87.66084854232507,838360.445653382,14.99109485172629,-1,,,,,,,,unassigned,,,,,,,,,,,,
1397,259,252.9097043181359,252.90955594385736,,3468757.23315245,68.17529590147228,803324.6155325716,18.845789118898594,-1,,,,,,,,unassigned,,,,,,,,,,,,
1398,263,253.08497125194774,253.08482278232592,,1888264.78277877,68.16078639366677,775364.0231842591,10.247710263592074,-1,,,,,,,,unassigned,,,,,,,,,,,,
1399,265,253.17709395412712,253.17694543439262,,8155068.869946224,73.65299919454219,837224.3390586643,44.923295724624765,-1,,,,,,,,unassigned,,,,,,,,,,,,
1400,266,254.17077755153275,254.1706284913027,,19480358.79103504,140.35678782218935,814196.2495561455,105.77636545249185,-1,,,,,,,,unassigned,,,,,,,,,,,,
1401,267,254.6062440867814,254.60609478971395,,1481372.2502123243,87.0343166439493,712905.1159323145,8.189836739114641,-1,,,,,,,,unassigned,,,,,,,,,,,,
1402,272,255.1741075645551,255.17395795866776,,2375656.5260560852,77.98133060351208,768396.0980163416,13.074856347152163,-1,,,,,,,,unassigned,,,,,,,,,,,,
1403,273,255.82227754078178,255.8221275824352,,2752626.860340257,127.27609513827912,714467.123649051,14.988317694473285,-1,,,,,,,,unassigned,,,,,,,,,,,,
1404,278,257.13152897555494,257.13137830537795,,3061083.9004085115,66.08713811511345,736696.5843675944,16.685160776059938,-1,,,,,,,,unassigned,,,,,,,,,,,,
1405,280,257.81929866260583,257.81914761855205,,2826649.619432428,93.24547685249907,821609.4820398738,15.68260700772478,-1,,,,,,,,unassigned,,,,,,,,,,,,
1406,281,257.8270560889448,257.8269050406742,,1530647.1735041742,136.31973968741943,731468.0014116912,8.25926567043979,-1,,,,,,,,unassigned,,,,,,,,,,,,
1407,282,258.0904093185382,258.0902581271177,,1479561.5115430898,76.60374420797673,989993.719932803,8.0315387756933,-1,,,,,,,,unassigned,,,,,,,,,,,,
1408,287,259.12856309317016,259.1284113375015,,1739795.5118251962,38.12868754545384,769646.0111515084,9.708941756508914,-1,,,,,,,,unassigned,,,,,,,,,,,,
1409,289,260.1222462832137,260.1220939875532,,1529983.46586498,130.7161827752185,657951.4421547656,8.353689017041994,-1,,,,,,,,unassigned,,,,,,,,,,,,
1410,290,260.7870960932918,260.78694343638244,,22971095.43720863,136.8396974186474,809300.5659640533,124.72768654700467,-1,,,,,,,,unassigned,,,,,,,,,,,,
1411,291,260.9561264031712,260.95597365442455,,2220070.6242915983,67.9944083573415,824726.825713588,12.038976691780931,-1,,,,,,,,unassigned,,,,,,,,,,,,
1412,297,261.16285087658326,261.1626980155227,,1601033.5650571408,77.73700606105812,855090.5861374286,8.875794580607119,-1,,,,,,,,unassigned,,,,,,,,,,,,
1413,298,262.784138839521,262.7839850977368,,35007359.17816638,140.67852582831637,796277.2409338986,192.31258545615825,-1,,,,,,,,unassigned,,,,,,,,,,,,
1414,301,263.1057175460419,263.10556362959477,,2779575.338925152,76.71923590929077,781194.6557260067,15.257701948014866,-1,,,,,,,,unassigned,,,,,,,,,,,,
1415,302,264.2101397383075,264.20998522206935,,1798563.6750833574,70.39053781317773,759779.4902547683,9.706164599255906,-1,,,,,,,,unassigned,,,,,,,,,,,,
1416,303,264.78119525059327,264.78104042426634,,24403653.56887744,139.63820695161147,804841.2430248613,133.39241717638333,-1,,,,,,,,unassigned,,,,,,,,,,,,
1417,304,264.8086955872791,264.8085407460199,,1629000.541257864,236.9689251493656,650512.6782263801,8.878571737860124,-1,,,,,,,,unassigned,,,,,,,,,,,,
1418,305,264.85068443167,264.8505295676116,,2030822.3892404903,35.76150340509568,909206.4595368297,11.0030970364097,-1,,,,,,,,unassigned,,,,,,,,,,,,
1419,309,265.08497671053897,265.0848217192669,,1991485.064876375,40.26102708060462,880392.2863643751,10.96143967761461,-1,,,,,,,,unassigned,,,,,,,,,,,,
1420,311,265.1213650146563,265.12121000362697,,2226404.92891475,61.14728686947569,785376.461751464,12.125068566624117,-1,,,,,,,,unassigned,,,,,,,,,,,,
1421,313,266.1530136971834,266.1528581260588,,4142812.1199518447,78.54488812381695,770732.281716155,22.583842781444645,-1,,,,,,,,unassigned,,,,,,,,,,,,
1422,314,266.77823984170186,266.77808393117806,,7854332.497379867,71.53480585226156,800616.4400271,43.31254451788129,-1,,,,,,,,unassigned,,,,,,,,,,,,
1423,315,266.8040447642303,266.80388883969925,,88024254.58183323,123.0483094136496,785460.7298841525,488.3353313685719,-1,,,,,,,,unassigned,,,,,,,,,,,,
1424,316,266.8058306688765,266.805674743376,,1749627.7637099705,87.52348579376657,698495.9219450342,9.528426535063524,-1,,,,,,,,unassigned,,,,,,,,,,,,
1425,317,266.8486449608689,266.84848901212837,,4613762.260196564,78.43437445680924,745154.6798104027,25.822008138449622,-1,,,,,,,,unassigned,,,,,,,,,,,,
1426,318,266.893389692746,266.8932337197176,,3094418.2757003945,125.39946778382718,767324.7864233822,16.779584122662143,-1,,,,,,,,unassigned,,,,,,,,,,,,
1427,322,267.1006455056636,267.10048942013736,,2153813.58696683,88.86591273503706,742405.1415551171,11.661283305372118,-1,,,,,,,,unassigned,,,,,,,,,,,,
1428,325,268.16368130075597,268.16352463827457,,1479017.5811531586,102.08114913655817,842550.3287679225,8.062087505476365,-1,,,,,,,,unassigned,,,,,,,,,,,,
1429,326,268.1686572589236,268.1685005937417,,48883561.889118016,141.11621034857671,791879.5895601532,266.78483435276667,-1,,,,,,,,unassigned,,,,,,,,,,,,
1430,327,268.7753206514573,268.77516365705657,,1759821.1581136629,126.78895864906526,801763.8298221021,9.908897078725344,-1,,,,,,,,unassigned,,,,,,,,,,,,
1431,328,268.80110161275786,268.80094460436726,,156255092.1275273,174.18865113270405,790354.1705216187,858.4748500492092,-1,,,,,,,,unassigned,,,,,,,,,,,,
1432,329,268.82784439740146,268.827687374499,,1547252.2892373865,93.09163903448956,660688.3790179801,8.428672262873155,-1,,,,,,,,unassigned,,,,,,,,,,,,
1433,330,268.8465679709893,268.84641093792675,,1974168.3218601749,93.69734870828317,808587.9396491318,10.892010746289461,-1,,,,,,,,unassigned,,,,,,,,,,,,
1434,331,268.8904469657646,268.89028990889165,,1517634.0547145787,86.15095789396702,744088.7121149437,8.22593978340372,-1,,,,,,,,unassigned,,,,,,,,,,,,
1435,332,268.90152906107534,268.90137199818884,,8267262.988208687,118.78825696636389,814855.6340388443,45.512053062262034,-1,,,,,,,,unassigned,,,,,,,,,,,,
1436,338,269.17200683226713,269.1718496226131,,5825809.405836896,105.21548390661877,787170.2651828274,31.781787603400456,-1,,,,,,,,unassigned,,,,,,,,,,,,
1437,339,269.8379524740929,269.8377949031077,,1593372.2172907458,65.83672628602447,850368.3583727309,8.967440769956315,-1,,,,,,,,unassigned,,,,,,,,,,,,
1438,340,270.16569981205896,270.1655420632573,,15702333.158819351,110.93460859867913,762694.3904254241,85.4697916185121,-1,,,,,,,,unassigned,,,,,,,,,,,,
1439,341,270.7981518148061,270.79799372289904,,102373701.22452624,67.0599974206011,784299.5662319488,565.2070441317775,-1,,,,,,,,unassigned,,,,,,,,,,,,
1440,342,270.8985969889822,270.89843884258676,,2280526.02284685,87.414364545378,793589.2285350416,12.66939138821329,-1,,,,,,,,unassigned,,,,,,,,,,,,
1441,346,271.14720740593214,271.14704912467687,,2987341.227901293,43.57863846432375,800877.5506226992,16.535194284397615,-1,,,,,,,,unassigned,,,,,,,,,,,,
1442,348,271.169074666911,271.16891637379405,,2043998.3026326478,45.64682623570462,710652.8126807665,11.12806911279497,-1,,,,,,,,unassigned,,,,,,,,,,,,
1443,349,271.83497515493985,271.8348165006295,,2850057.796195133,86.4731236465417,711195.3264768785,15.740927310037906,-1,,,,,,,,unassigned,,,,,,,,,,,,
1444,350,272.7952080256572,272.79504885056997,,37093289.630999655,96.6348705955854,786334.2578335761,202.79913124350884,-1,,,,,,,,unassigned,,,,,,,,,,,,
1445,351,272.9405690416599,272.94040978774376,,1528777.3026537208,48.034116984291046,781625.7873108425,8.387014904078066,-1,,,,,,,,unassigned,,,,,,,,,,,,
1446,357,274.1378672938119,274.13770739067274,,1802610.1957533532,114.70640289354836,615214.4336063509,9.908897078725344,-1,,,,,,,,unassigned,,,,,,,,,,,,
1447,358,274.79225533382345,274.7920950759004,,6034338.763122776,90.85347445461316,760749.4984731154,33.392538810143925,-1,,,,,,,,unassigned,,,,,,,,,,,,
1448,360,275.0364993923201,275.03633900198673,,21948998.077269275,74.11518548654198,789441.6752736528,120.41753849033938,-1,,,,,,,,unassigned,,,,,,,,,,,,
1449,363,275.10572517007773,275.1055647422164,,2266478.045024796,88.79628758584819,827333.0039065707,12.31669241708153,-1,,,,,,,,unassigned,,,,,,,,,,,,
1450,366,276.0360773122073,276.0359163800327,,3437177.786740929,130.83054221188513,711283.6519341317,18.701376941742282,-1,,,,,,,,unassigned,,,,,,,,,,,,
1451,367,276.03980703621585,276.0396461020197,,1526516.8033776358,36.52060083627731,644489.3140451815,8.31480881549991,-1,,,,,,,,unassigned,,,,,,,,,,,,
1452,368,276.85071076465766,276.8505493909576,,2794856.489730879,83.07445838127572,822603.6570310827,15.274364891532901,-1,,,,,,,,unassigned,,,,,,,,,,,,
1453,370,277.01575284907295,277.01559138592813,,1589990.9218957862,62.98145873109936,574628.3971678428,8.664730629378663,-1,,,,,,,,unassigned,,,,,,,,,,,,
1454,371,277.03358109142334,277.0334196186166,,6289171.7357240645,66.71405453973945,831377.4618770399,34.43674993727418,-1,,,,,,,,unassigned,,,,,,,,,,,,
1455,374,277.0849830184129,277.0848215177494,,2537978.764892195,60.620153032707975,820942.3081152483,13.785808603921694,-1,,,,,,,,unassigned,,,,,,,,,,,,
1456,376,278.1894564189223,278.18929431975437,,1498702.84618288,106.60580931885174,789604.7149528702,8.325917444511933,-1,,,,,,,,unassigned,,,,,,,,,,,,
1457,377,278.7580859173588,278.7579235100961,,1972261.1275914789,161.82087767324515,711078.2299303294,10.703164053085054,-1,,,,,,,,unassigned,,,,,,,,,,,,
1458,378,278.8486449933215,278.8484825369946,,5758287.792963568,185.4327137419585,744219.9652613162,31.42075716050968,-1,,,,,,,,unassigned,,,,,,,,,,,,
1459,379,278.9950208604033,278.9948583247726,,3664571.6273120246,117.5651099909255,677106.0566784663,20.317682462991765,-1,,,,,,,,unassigned,,,,,,,,,,,,
1460,382,279.06421534115873,279.06405276804037,,1980434.3812572355,53.85731830699062,696190.944295284,10.753152883639162,-1,,,,,,,,unassigned,,,,,,,,,,,,
1461,384,279.10063106042355,279.1004684675763,,5336703.609782121,108.79000814583742,737645.9230130273,29.42120393834537,-1,,,,,,,,unassigned,,,,,,,,,,,,
1462,385,280.20504994749757,280.20488675636494,,18327769.19504127,92.93197902221664,754008.9306104109,100.08874739833558,-1,,,,,,,,unassigned,,,,,,,,,,,,
1463,386,280.7569135714362,280.75675008138717,,2155128.552731348,101.49489814263582,714874.3538687258,11.689054877902178,-1,,,,,,,,unassigned,,,,,,,,,,,,
1464,387,280.84660926355696,280.8464457249268,,2647123.826445954,110.05020916153711,730546.7765697646,14.35512584078792,-1,,,,,,,,unassigned,,,,,,,,,,,,
1465,390,281.0798906217957,281.0797269568185,,1873609.4008886004,129.69952386152121,736908.2808179102,10.206052904796984,-1,,,,,,,,unassigned,,,,,,,,,,,,
1466,391,281.0977145982666,281.0975509236359,,1901179.093987744,69.35451973445933,719971.5934937567,10.356019396459306,-1,,,,,,,,unassigned,,,,,,,,,,,,
1467,393,281.11628245246084,281.11611876777386,,3297432.185340714,72.92908448924875,792401.6266649928,17.90710996738257,-1,,,,,,,,unassigned,,,,,,,,,,,,
1468,394,281.20840653770796,281.20824280312746,,3054600.8335699714,152.54397283215314,745431.9591092188,16.496314082855534,-1,,,,,,,,unassigned,,,,,,,,,,,,
1469,395,282.0701381210022,282.06997391975045,,1771957.2455115833,212.40003453690198,582271.0518805289,9.60063262364168,-1,,,,,,,,unassigned,,,,,,,,,,,,
1470,396,282.1843076492296,282.1841433861541,,3683736.0045800437,40.7939142389028,697525.5187414538,20.24547637441361,-1,,,,,,,,unassigned,,,,,,,,,,,,
1471,397,282.2020910929771,282.20192682027186,,4983058.335620394,79.78710658014582,768071.4613537726,26.98285987020612,-1,,,,,,,,unassigned,,,,,,,,,,,,
1472,398,282.7779979916762,282.77783340713,,9817848.031846352,102.38983066944067,764664.1765036852,53.52137457993128,-1,,,,,,,,unassigned,,,,,,,,,,,,
1473,399,282.91716760697335,282.917002947074,,4843630.22343454,112.72244133508417,757673.3884610573,26.249690355412543,-1,,,,,,,,unassigned,,,,,,,,,,,,
1474,403,283.09555734656163,283.095392590076,,3169673.1535050827,198.6392443907961,719451.8278367568,17.726594745937184,-1,,,,,,,,unassigned,,,,,,,,,,,,
1475,404,283.113374457689,283.1132096915568,,1649332.57279497,41.923479785984235,887410.8481327964,8.967440769956315,-1,,,,,,,,unassigned,,,,,,,,,,,,
1476,407,284.1813737058325,284.1812083615074,,1828821.5109387336,87.20881269172676,693910.3042433654,9.964440223785463,-1,,,,,,,,unassigned,,,,,,,,,,,,
1477,408,284.7750370709505,284.7748714052701,,14524831.99135966,84.86854212911412,748471.9209632193,78.84904872734585,-1,,,,,,,,unassigned,,,,,,,,,,,,
1478,409,284.8324370849107,284.83227138816073,,1522550.478766607,129.2228730745667,612747.9258855864,8.324528865885432,-1,,,,,,,,unassigned,,,,,,,,,,,,
1479,410,284.872800013667,284.8726342950696,,1717524.3039303806,111.01422152078533,569399.0758513203,9.345134156365129,-1,,,,,,,,unassigned,,,,,,,,,,,,
1480,416,286.0650919657449,286.06492560184995,,1563941.8683849135,48.638397269578164,815773.1596462326,8.48699256518628,-1,,,,,,,,unassigned,,,,,,,,,,,,
1481,418,286.7720994025223,286.7719326560347,,11004634.356626643,94.81168402603768,745869.1655248761,59.697772310616585,-1,,,,,,,,unassigned,,,,,,,,,,,,
1482,419,286.83041125092035,286.8302444728796,,4361332.319366441,107.71107878008476,780826.1276322516,23.850226488815373,-1,,,,,,,,unassigned,,,,,,,,,,,,
1483,420,286.9120906894653,286.9119238672274,,34659530.972485706,111.22950288036449,743575.5604144261,190.09085965375345,-1,,,,,,,,unassigned,,,,,,,,,,,,
1484,424,287.10574643288896,287.1055795058652,,2057146.0444425533,58.34818362489067,721027.1361054877,11.353018850288453,-1,,,,,,,,unassigned,,,,,,,,,,,,
1485,426,287.14211938850536,287.14195244180087,,2083020.5721939432,140.3606911243544,623474.9246451063,11.354407428914957,-1,,,,,,,,unassigned,,,,,,,,,,,,
1486,428,287.9116562910397,287.9114889279778,,5691864.1416568095,101.39681692644646,712317.8970771553,31.853993691978612,-1,,,,,,,,unassigned,,,,,,,,,,,,
1487,429,288.1504271305097,288.1502596382713,,6954546.534748187,24.79006587075684,770249.7283947947,37.73601275384528,-1,,,,,,,,unassigned,,,,,,,,,,,,
1488,430,288.76914511644253,288.7689772894963,,3996028.2629508553,134.94709838501782,695947.0334030311,22.444984918794347,-1,,,,,,,,unassigned,,,,,,,,,,,,
1489,431,288.82743075326346,288.82726289478813,,1790231.523445094,78.26889208675654,682577.645056281,9.820028046629153,-1,,,,,,,,unassigned,,,,,,,,,,,,
1490,432,288.8283880635993,288.8282202046061,,2903412.1160467085,90.89055371620871,572597.127545341,15.665944064206744,-1,,,,,,,,unassigned,,,,,,,,,,,,
1491,433,288.9091682569805,288.90900035429047,,12794241.168963352,80.57337721668017,796660.5618736494,69.42893132514955,-1,,,,,,,,unassigned,,,,,,,,,,,,
1492,438,289.12137513144313,289.1212071139656,,15364107.54382411,137.7459984122448,737435.7279792629,82.84815517167445,-1,,,,,,,,unassigned,,,,,,,,,,,,
1493,440,289.7310636218336,289.7308952745832,,3760042.6693217754,130.8574072682848,649070.3889572665,20.764804780725726,-1,,,,,,,,unassigned,,,,,,,,,,,,
1494,441,289.90871072247876,289.90854227914724,,2461850.535633987,36.675460216723856,744782.28554543,13.391452273994846,-1,,,,,,,,unassigned,,,,,,,,,,,,
1495,443,290.14747625136204,290.1473076788974,,4853313.468234924,130.2385812203168,686272.6602973766,26.58850354027927,-1,,,,,,,,unassigned,,,,,,,,,,,,
1496,444,290.90592968318174,290.90576070055016,,1494158.906414775,44.24327204277456,637904.2999457441,8.132905015428019,-1,,,,,,,,unassigned,,,,,,,,,,,,
1497,448,291.1006699893218,291.1005009013837,,2592286.8216044526,58.568852045611,660109.8324396925,14.07185580098131,-1,,,,,,,,unassigned,,,,,,,,,,,,
1498,449,291.118435415624,291.1182663180794,,4265833.967626716,73.13840043630661,765248.6242981461,23.100394030503757,-1,,,,,,,,unassigned,,,,,,,,,,,,
1499,450,291.20980383165255,291.2096346847014,,39353268.03051806,114.53842946960914,739563.7130528729,213.24124251481132,-1,,,,,,,,unassigned,,,,,,,,,,,,
1500,451,292.1322839226315,292.1321142768987,,4872907.981100809,97.52637566731202,755744.4607326412,26.899545152615943,-1,,,,,,,,unassigned,,,,,,,,,,,,
1501,453,292.8456126628027,292.8454426314252,,12856388.26822908,143.20221601630848,729714.3435840078,69.73997293748621,-1,,,,,,,,unassigned,,,,,,,,,,,,
1502,454,292.89159848308657,292.8914284268494,,2189573.791692878,158.04077731632003,645120.9759593254,12.219491913226321,-1,,,,,,,,unassigned,,,,,,,,,,,,
1503,456,293.0107039197808,293.01053379915675,,1777010.7314972838,65.36325257200913,651557.0775117741,9.643678561063272,-1,,,,,,,,unassigned,,,,,,,,,,,,
1504,459,293.07989154038364,293.0797213823582,,3134631.5477644247,100.74815538324637,745800.4930072839,17.390558718323458,-1,,,,,,,,unassigned,,,,,,,,,,,,
1505,461,293.1163115879988,293.1161414102856,,2776452.925745124,175.26801668927126,690105.6050729437,15.066078097557453,-1,,,,,,,,unassigned,,,,,,,,,,,,
1506,463,293.2068547489415,293.2066845222834,,13655067.030694034,165.06827045447045,734471.2516889208,74.07233825217556,-1,,,,,,,,unassigned,,,,,,,,,,,,
1507,464,294.0337705466981,294.03359987306686,,1603728.3337880746,131.4944520771289,659902.7794767299,8.813308542414484,-1,,,,,,,,unassigned,,,,,,,,,,,,
1508,465,294.1293256399417,294.12915491466373,,2032848.8352475688,74.2570323083625,725260.043206989,10.966993992120623,-1,,,,,,,,unassigned,,,,,,,,,,,,
1509,467,294.1843347103383,294.18416395532876,,3359327.907990815,94.72309338895421,737815.4364502488,18.52919319205591,-1,,,,,,,,unassigned,,,,,,,,,,,,
1510,468,294.21025890588623,294.2100881368651,,1954190.984919718,168.84146959267554,569211.9761663071,10.857296280626887,-1,,,,,,,,unassigned,,,,,,,,,,,,
1511,469,294.84357219846925,294.84340108717186,,26688068.589826867,117.49197857029327,733471.9576797291,147.16711715129298,-1,,,,,,,,unassigned,,,,,,,,,,,,
1512,470,294.8612667714463,294.8610956505863,,4419284.405367119,89.14660014896296,757949.0230837571,24.127942214115972,-1,,,,,,,,unassigned,,,,,,,,,,,,
1513,473,295.0769715310341,295.0768002936038,,1664571.9151578674,189.38503214433052,673977.1257248705,9.225716394485872,-1,,,,,,,,unassigned,,,,,,,,,,,,
1514,475,295.0955539576707,295.0953827101984,,4603548.9863689,109.0338315151068,700782.2747148487,24.93887213199372,-1,,,,,,,,unassigned,,,,,,,,,,,,
1515,477,295.13193246761534,295.13176120048405,,2992358.432414115,120.10121306420864,707020.3577657687,16.407445050759343,-1,,,,,,,,unassigned,,,,,,,,,,,,
1516,478,295.8468748528249,295.8467031993592,,1995602.5948749927,86.39422434881318,713744.1552319234,10.886456431783449,-1,,,,,,,,unassigned,,,,,,,,,,,,
1517,479,296.085845885754,296.0856741031648,,1778483.48553294,43.17231107341157,702607.1687162793,9.624238460292231,-1,,,,,,,,unassigned,,,,,,,,,,,,
1518,480,296.1813314669915,296.18115963280985,,1477317.4444816166,55.458455346268686,822807.5029798434,7.999601467283731,-1,,,,,,,,unassigned,,,,,,,,,,,,
1519,481,296.19997291091244,296.19980106665867,,14506445.48747179,88.82654856201046,716708.1682687415,80.51534307914943,-1,,,,,,,,unassigned,,,,,,,,,,,,
1520,482,296.8415282146542,296.84135602377864,,12589387.287701285,157.09595924570513,726579.4618552884,69.54001761526979,-1,,,,,,,,unassigned,,,,,,,,,,,,
1521,483,296.8592224544636,296.8590502540286,,8153355.388668019,73.31778075480176,726929.7269830748,44.54560233821595,-1,,,,,,,,unassigned,,,,,,,,,,,,
1522,484,296.9359581587549,296.9357859168633,,1694630.7764347584,37.69928689790324,742656.5710556081,9.232659287618388,-1,,,,,,,,unassigned,,,,,,,,,,,,
1523,487,297.0926387558049,297.092466429268,,1707695.4356074992,71.17282826020808,647635.2588714721,9.543700899955057,-1,,,,,,,,unassigned,,,,,,,,,,,,
1524,489,297.1112072211304,297.1110348845622,,4282658.947250314,59.221282629912366,739259.813486989,23.355892497780307,-1,,,,,,,,unassigned,,,,,,,,,,,,
1525,492,297.20332587465623,297.20315348832276,,2047678.8881576143,42.59173272592925,707927.2299709321,11.105851854770922,-1,,,,,,,,unassigned,,,,,,,,,,,,
1526,493,298.1565952268424,298.15642232556723,,1670116.6092438712,182.99355822431494,610506.2014966066,9.116018682992136,-1,,,,,,,,unassigned,,,,,,,,,,,,
1527,494,298.19702180217246,298.1968488790612,,5405526.116976178,118.12236631745456,664355.9818159505,29.493410026923527,-1,,,,,,,,unassigned,,,,,,,,,,,,
1528,495,298.8117187563963,298.81154550127815,,2405121.9151037037,104.70401046838721,686794.2535176219,13.324800499922702,-1,,,,,,,,unassigned,,,,,,,,,,,,
1529,496,298.8571994822651,298.8570262025834,,3719298.951030192,61.08266712656939,751457.0537033232,20.55651798675028,-1,,,,,,,,unassigned,,,,,,,,,,,,
1530,503,300.186821975882,300.1866479781669,,2374048.651055472,68.81050674237352,702020.0428639497,12.916558383730822,-1,,,,,,,,unassigned,,,,,,,,,,,,
1531,504,300.8096836518444,300.80950931781825,,4378255.167641634,82.63893754519023,687123.7608583156,24.366777737874486,-1,,,,,,,,unassigned,,,,,,,,,,,,
1532,505,300.8274366479063,300.827262304295,,2089535.5793941359,142.1596268673706,629449.8269729926,11.591854374046969,-1,,,,,,,,unassigned,,,,,,,,,,,,
1533,506,300.9277557699094,300.9275813721345,,23580794.133185856,128.30070500980705,723245.6116694205,128.83787928145352,-1,,,,,,,,unassigned,,,,,,,,,,,,
1534,514,301.7642334763048,301.7640586269384,,3644395.047531721,109.50911390131796,599005.9831381903,20.16216165682343,-1,,,,,,,,unassigned,,,,,,,,,,,,
1535,515,301.7678102730551,301.76763542175775,,2191759.8186012525,131.65947167376845,711697.2282475588,11.883455885612596,-1,,,,,,,,unassigned,,,,,,,,,,,,
1536,516,301.9273206895783,301.92714575217246,,3952536.2293037735,73.54930554542106,698831.8405597166,21.556294597832434,-1,,,,,,,,unassigned,,,,,,,,,,,,
1537,517,302.1838859090968,302.1837108331938,,2051279.9776795148,53.561334609689,709691.135727617,11.275258447204287,-1,,,,,,,,unassigned,,,,,,,,,,,,
1538,518,302.76814355707785,302.76796816580634,,1677648.0217882518,159.72604704741465,560188.6033362435,9.336802684606111,-1,,,,,,,,unassigned,,,,,,,,,,,,
1539,519,302.80673716665774,302.8065617545553,,1661819.6737784494,114.79444092521335,620585.3771643668,9.032703965401957,-1,,,,,,,,unassigned,,,,,,,,,,,,
1540,520,302.8076302632548,302.8074548506703,,2685341.6995670456,80.4315112112086,689562.8401510152,14.585629892787416,-1,,,,,,,,unassigned,,,,,,,,,,,,
1541,521,302.82534674376257,302.82517132161564,,3270208.9619689574,177.292832845051,732405.7701569847,17.823795249792393,-1,,,,,,,,unassigned,,,,,,,,,,,,
1542,522,302.92485355385844,302.92467807800347,,6375093.117641311,71.45696890583557,779837.9673671336,35.525395580452525,-1,,,,,,,,unassigned,,,,,,,,,,,,
1543,527,303.137044170072,303.13686857969145,,4687553.484322028,74.81968435993288,693691.1573560834,25.71092184832938,-1,,,,,,,,unassigned,,,,,,,,,,,,
1544,529,304.14537341606547,304.1451972815125,,2260270.1617639693,105.46200092692652,702544.3586342399,12.291698001804477,-1,,,,,,,,unassigned,,,,,,,,,,,,
1545,530,304.765205902767,304.7650294337474,,2504055.5741097005,109.92397826271667,726825.8110790469,13.660836527536425,-1,,,,,,,,unassigned,,,,,,,,,,,,
1546,531,304.8013346778555,304.80115818934155,,2671620.1577292187,48.881541657344435,653124.5907750545,14.48009791717319,-1,,,,,,,,unassigned,,,,,,,,,,,,
1547,532,304.88202119821227,304.88184466616184,,5042220.861546258,66.7734863858584,657105.3488768458,27.493856804759222,-1,,,,,,,,unassigned,,,,,,,,,,,,
1548,536,305.11631387744205,305.11613721897623,,3294313.9247341207,78.20758284146571,721201.3296757678,17.890447023864535,-1,,,,,,,,unassigned,,,,,,,,,,,,
1549,537,305.134096121825,305.13391945376475,,1519323.6882333048,133.13243631989732,704535.790542087,8.456443835403215,-1,,,,,,,,unassigned,,,,,,,,,,,,
1550,538,305.18903884988447,305.18886215218,,1836378.7349714802,102.76786456806813,725075.5567764214,10.3060305659052,-1,,,,,,,,unassigned,,,,,,,,,,,,
1551,539,305.75810459521296,305.75792759048534,,3134366.917502548,134.10432953434463,656251.5231203401,16.935104928830476,-1,,,,,,,,unassigned,,,,,,,,,,,,
1552,540,306.14240100816534,306.14222379611715,,1814887.7432853244,62.99941654616437,730692.5996160663,10.019983368845583,-1,,,,,,,,unassigned,,,,,,,,,,,,
1553,541,306.76225851199996,306.76208096557707,,1685348.4122139157,53.11895072077233,672280.0427470682,9.452054710605859,-1,,,,,,,,unassigned,,,,,,,,,,,,
1554,542,306.798359807901,306.7981822420047,,5015622.544522579,83.19301248977152,685429.4772109942,27.93820196524018,-1,,,,,,,,unassigned,,,,,,,,,,,,
1555,543,306.8799567866469,306.8797791767368,,8026428.943799834,71.0855427939149,709389.8261907728,43.66802064626606,-1,,,,,,,,unassigned,,,,,,,,,,,,
1556,547,307.09556848164885,307.0953907554394,,3526241.549826457,71.73520886621996,684929.4294501395,19.19293377552434,-1,,,,,,,,unassigned,,,,,,,,,,,,
1557,548,307.1319418507724,307.13176410494384,,2995585.735464833,144.9629287602847,686057.3746066473,16.213044043048924,-1,,,,,,,,unassigned,,,,,,,,,,,,
1558,549,307.2047791742061,307.2046013890907,,1792762.5923353317,105.42053828666775,634060.6843349762,9.718661806894433,-1,,,,,,,,unassigned,,,,,,,,,,,,
1559,550,308.2363602133924,308.2361818719143,,30468173.168503355,108.23637808020767,695884.1426551885,170.27306549630276,-1,,,,,,,,unassigned,,,,,,,,,,,,
1560,551,308.79540483555604,308.7952261926062,,4077441.1960021146,124.2519776665902,661443.8830171713,22.147829092722706,-1,,,,,,,,unassigned,,,,,,,,,,,,
1561,552,308.8779393074982,308.8777606200429,,3841078.3714299537,78.23095205727526,692622.2838742766,21.403550948917104,-1,,,,,,,,unassigned,,,,,,,,,,,,
1562,556,309.1112363303974,309.11105751714325,,4801432.890398438,184.80299564452883,697672.4295680646,26.071952291220157,-1,,,,,,,,unassigned,,,,,,,,,,,,
1563,557,309.14763234912647,309.14745351624725,,1816670.095644871,88.90632266566374,698861.7971992943,10.135235394845331,-1,,,,,,,,unassigned,,,,,,,,,,,,
1564,559,309.23970932532484,309.2395304427973,,6166501.423484255,97.47732160210036,702016.2374328767,33.53139667279422,-1,,,,,,,,unassigned,,,,,,,,,,,,
1565,560,309.7519449108333,309.75176575211907,,2273795.039139776,131.12851962294044,655310.6514274803,12.702717275249361,-1,,,,,,,,unassigned,,,,,,,,,,,,
1566,561,310.23341408539375,310.23323466710184,,10715550.858657021,67.0289799285139,710193.5992157985,58.464714490281935,-1,,,,,,,,unassigned,,,,,,,,,,,,
1567,562,310.79247188908323,310.7922921694075,,1579414.2540592065,93.81710545161971,684143.34709279,8.699445095041238,-1,,,,,,,,unassigned,,,,,,,,,,,,
1568,563,310.83847651258804,310.83829676811274,,1994473.0148750327,130.81068424311366,660228.399584087,10.861462016506396,-1,,,,,,,,unassigned,,,,,,,,,,,,
1569,564,310.90219549314185,310.9020157143181,,7374281.757529456,104.14442073796714,692971.3054948059,40.51317000685126,-1,,,,,,,,unassigned,,,,,,,,,,,,
1570,569,311.14209853207535,311.1419186239321,,2043649.1755591934,148.9930839267079,701008.1455980291,11.147509213566012,-1,,,,,,,,unassigned,,,,,,,,,,,,
1571,573,311.2367324160705,311.23655245691623,,2570890.8819418587,121.72720363821098,701054.8346935224,14.271811123197741,-1,,,,,,,,unassigned,,,,,,,,,,,,
1572,574,311.90181760237465,311.9016372847379,,1658477.437958175,87.9073637752719,733922.9554910718,9.006320971498399,-1,,,,,,,,unassigned,,,,,,,,,,,,
1573,575,312.0444094257732,312.04422903128403,,2038688.1608677502,57.27136258416831,615558.2714279463,11.036422923445773,-1,,,,,,,,unassigned,,,,,,,,,,,,
1574,583,314.72578883783075,314.725606998486,,1574025.1564525776,153.06262881344327,638261.9239403402,8.549478603378915,-1,,,,,,,,unassigned,,,,,,,,,,,,
1575,584,314.8616904346073,314.86150852204855,,1697512.1033966988,83.97066805470953,718546.5901577246,9.392345829666231,-1,,,,,,,,unassigned,,,,,,,,,,,,
1576,585,314.9434013670352,314.94321941045723,,8333417.270871843,105.90056140657657,682422.4062304959,45.5898134653462,-1,,,,,,,,unassigned,,,,,,,,,,,,
1577,592,315.9429814105362,315.94279891551184,,1881381.2473730715,164.72577489102815,586838.7520053708,10.208830062049989,-1,,,,,,,,unassigned,,,,,,,,,,,,
1578,593,316.1484675977593,316.14828499205566,,1522768.8125686604,78.23439848025801,659980.1959393428,8.256488513186785,-1,,,,,,,,unassigned,,,,,,,,,,,,
1579,594,316.18171799629965,316.18153537268694,,1533286.4031008836,67.80289169897347,733285.2974472143,8.302311607861384,-1,,,,,,,,unassigned,,,,,,,,,,,,
1580,595,316.8597177720417,316.8595347832713,,1555737.4474722731,49.82518494498096,705464.4718038469,8.457832414029719,-1,,,,,,,,unassigned,,,,,,,,,,,,
1581,596,316.9405118442162,316.9403288119342,,2500562.214966682,122.46056197418349,570434.1439101382,13.919112152065981,-1,,,,,,,,unassigned,,,,,,,,,,,,
1582,604,317.22549944374435,317.2253162579871,,3002278.4643559963,199.3238663144558,670850.6945891541,16.632394788252824,-1,,,,,,,,unassigned,,,,,,,,,,,,
1583,605,318.11975599814843,318.11957233084945,,1495138.6999777053,120.20612608371715,549335.8948065373,8.13845932993403,-1,,,,,,,,unassigned,,,,,,,,,,,,
1584,606,318.164142870676,318.1639591794772,,1633609.5788290808,119.06482611429898,617946.8835877093,8.995212342486376,-1,,,,,,,,unassigned,,,,,,,,,,,,
1585,607,318.7457588352343,318.745574830884,,8350707.150202525,54.3220528040314,704759.050117371,45.70089975546644,-1,,,,,,,,unassigned,,,,,,,,,,,,
1586,612,319.09559828015813,319.0954140874625,,2224097.5196349793,53.96358516986179,698668.9864369681,12.094519836841052,-1,,,,,,,,unassigned,,,,,,,,,,,,
1587,613,319.1319716580938,319.1317874458161,,1843275.443461464,75.21824824886599,721645.3839446823,10.022760526098589,-1,,,,,,,,unassigned,,,,,,,,,,,,
1588,615,319.1683210407894,319.1681368089428,,3862953.277583847,94.62604919588523,625274.343464471,20.94254284491811,-1,,,,,,,,unassigned,,,,,,,,,,,,
1589,616,319.24111518820973,319.2409309171742,,33993893.53536857,169.09739139401967,679506.7279187356,185.82514611313627,-1,,,,,,,,unassigned,,,,,,,,,,,,
1590,619,320.74279953490196,320.7426144555317,,19012338.717281893,74.03706216706817,685404.5552811585,103.84346400439968,-1,,,,,,,,unassigned,,,,,,,,,,,,
1591,620,320.84054858647465,320.84036345449414,,1909611.9478282025,153.35001997020794,728389.5797112157,10.61707217824187,-1,,,,,,,,unassigned,,,,,,,,,,,,
1592,621,320.9156407397424,320.9154555673465,,1740701.5666509299,98.14053949933597,634394.8107046749,9.490934912147944,-1,,,,,,,,unassigned,,,,,,,,,,,,
1593,625,321.074823222621,321.0746379645531,,2348506.1107154437,66.83035902634903,691773.9105711943,12.847129452405673,-1,,,,,,,,unassigned,,,,,,,,,,,,
1594,627,321.10296970694395,321.10278443372783,,2808674.7251219405,61.21404031827359,683679.2925966127,15.588183661122576,-1,,,,,,,,unassigned,,,,,,,,,,,,
1595,628,321.1112415609358,321.1110562832679,,3607803.9369010874,61.527398294947346,716415.8387965378,19.631724621499288,-1,,,,,,,,unassigned,,,,,,,,,,,,
1596,629,321.1476190363404,321.14743373909454,,2303671.6467362856,134.50163088832488,631639.9829240411,12.53053352556299,-1,,,,,,,,unassigned,,,,,,,,,,,,
1597,630,321.2381666541028,321.23798130812577,,11285068.920578478,108.06606238453602,672163.3498338187,62.81929706299531,-1,,,,,,,,unassigned,,,,,,,,,,,,
1598,631,321.6737701695193,321.6735845891175,,9992080.4156315,137.5374205657382,630863.3917860261,54.16567506262867,-1,,,,,,,,unassigned,,,,,,,,,,,,
1599,632,322.03317013882406,322.03298436501944,,1522142.6300729576,33.060522855188154,744603.9579483724,8.37035196056003,-1,,,,,,,,unassigned,,,,,,,,,,,,
1600,633,322.1064622481345,322.1062764348908,,2323765.535160334,174.10813187045912,606829.4850581911,12.670779966839794,-1,,,,,,,,unassigned,,,,,,,,,,,,
1601,634,322.21563733088817,322.2154514588973,,4857235.690043301,77.56034939724233,670552.0954646163,27.210586764952613,-1,,,,,,,,unassigned,,,,,,,,,,,,
1602,635,322.2415407637077,322.2413548777783,,2326111.6858776193,124.83889322297881,611971.0388232993,12.973490107417446,-1,,,,,,,,unassigned,,,,,,,,,,,,
1603,636,322.7398586174733,322.73967246341266,,14394504.884645177,165.031018395929,680032.2073658598,80.71529840136586,-1,,,,,,,,unassigned,,,,,,,,,,,,
1604,637,322.83850738043174,322.8383211732934,,3726496.4148784843,88.47893933294894,660399.4918167513,20.453763168389056,-1,,,,,,,,unassigned,,,,,,,,,,,,
1605,642,323.0905011446543,323.09031480193516,,2770341.573542562,108.42114538852759,711986.6128902702,15.029975053268375,-1,,,,,,,,unassigned,,,,,,,,,,,,
1606,644,323.126866805679,323.12668044339443,,4469520.14249225,102.6994541992151,707820.741580759,24.189039673682103,-1,,,,,,,,unassigned,,,,,,,,,,,,
1607,646,323.16326305871405,323.16307667684765,,2653658.4398337505,234.7038343695818,575610.5751981888,14.613401465317477,-1,,,,,,,,unassigned,,,,,,,,,,,,
1608,647,324.03072055711465,324.0305337085748,,1762306.6085448153,81.7543023534175,594166.257480844,9.574249629738123,-1,,,,,,,,unassigned,,,,,,,,,,,,
1609,648,324.0808297881057,324.08064291261013,,2227709.0878231674,121.70801906110474,611586.1535108681,12.11257135898559,-1,,,,,,,,unassigned,,,,,,,,,,,,
1610,649,324.2126977832899,324.2125108368583,,2114880.8665655623,57.405493852592194,693153.6415670064,11.469659454914705,-1,,,,,,,,unassigned,,,,,,,,,,,,
1611,650,324.23128868485253,324.23110172842047,,19167391.297038883,165.7411532899443,669078.1637182249,107.46487706231947,-1,,,,,,,,unassigned,,,,,,,,,,,,
1612,651,324.7369121168837,324.73672488847524,,6584461.996885952,60.58667485924394,696378.2266333487,35.78089404772907,-1,,,,,,,,unassigned,,,,,,,,,,,,
1613,652,324.762707279477,324.7625200371939,,23844013.63408306,122.67231184859719,666667.9999541859,130.70412895547352,-1,,,,,,,,unassigned,,,,,,,,,,,,
1614,653,324.8364651435697,324.83627786161395,,1601860.6570546955,105.91643692167155,641618.0770786301,8.727216667571298,-1,,,,,,,,unassigned,,,,,,,,,,,,
1615,654,324.85204968568615,324.85186239534795,,3765542.8335449114,52.67298640970115,638062.3792314033,20.820347925785846,-1,,,,,,,,unassigned,,,,,,,,,,,,
1616,655,324.85410455763764,324.8539172661942,,1683137.917657305,76.91918269300362,713473.2590823201,9.142401676895693,-1,,,,,,,,unassigned,,,,,,,,,,,,
1617,656,324.91784472912974,324.9176574034024,,6566178.318510208,76.03589284536345,686413.4954378749,36.702910255727055,-1,,,,,,,,unassigned,,,,,,,,,,,,
1618,660,325.10617502016214,325.10598759313984,,2846765.163229173,192.97045073212385,584801.047939805,15.64094964892969,-1,,,,,,,,unassigned,,,,,,,,,,,,
1619,662,325.1425364501349,325.1423490035557,,2037975.640474952,80.95332138889734,678016.8741547395,11.409950573975078,-1,,,,,,,,unassigned,,,,,,,,,,,,
1620,665,325.23461896216753,325.2344314660624,,3061711.524145427,65.89927867600896,697511.0413940166,16.76847549365012,-1,,,,,,,,unassigned,,,,,,,,,,,,
1621,666,325.66760843964687,325.6674207106711,,5289573.360571667,138.81038303545074,601656.375444616,28.98241309237043,-1,,,,,,,,unassigned,,,,,,,,,,,,
1622,670,326.22834997644514,326.2281619459147,,6604892.6830980005,107.59221005747342,679771.0953279214,35.86976307982526,-1,,,,,,,,unassigned,,,,,,,,,,,,
1623,671,326.75974779244603,326.759559476166,,44027377.70712017,186.05568143596003,659385.4358408352,246.6559985829793,-1,,,,,,,,unassigned,,,,,,,,,,,,
1624,672,326.8066953685689,326.8065070270448,,2946999.4052750366,179.2001922118905,662605.5408816262,15.982539991049427,-1,,,,,,,,unassigned,,,,,,,,,,,,
1625,673,326.8491080545329,326.8489196902034,,3640795.246173537,55.001686779065004,681614.9329319339,19.72614796810149,-1,,,,,,,,unassigned,,,,,,,,,,,,
1626,675,327.02540261926924,327.02521416014713,,1610302.564042533,98.05292087356167,609378.5847143247,8.953554983691285,-1,,,,,,,,unassigned,,,,,,,,,,,,
1627,682,327.231716655127,327.2315280850744,,1611882.5110897834,101.14373294208416,511488.49519797246,8.739713875209825,-1,,,,,,,,unassigned,,,,,,,,,,,,
1628,683,328.11206137574874,328.111872332395,,2426534.8599234596,103.56738206823019,598295.7138129929,13.169279693754367,-1,,,,,,,,unassigned,,,,,,,,,,,,
1629,684,328.75680544917157,328.75661605922494,,39300781.89169785,119.43269284405349,667849.838309446,215.95174799374516,-1,,,,,,,,unassigned,,,,,,,,,,,,
1630,685,328.8046165490602,328.8044271334133,,5793813.145510588,112.67210472135262,691007.6953064061,31.576277966678013,-1,,,,,,,,unassigned,,,,,,,,,,,,
1631,686,328.82234311798504,328.82215369280954,,2677907.585584079,106.86350520694708,621517.7108889854,14.557858320257358,-1,,,,,,,,unassigned,,,,,,,,,,,,
1632,687,328.95908711459026,328.95889761591104,,1669768.424470755,87.03060785591627,648606.5277590043,9.100744318100602,-1,,,,,,,,unassigned,,,,,,,,,,,,
1633,690,329.0410718970917,329.04088235434415,,1776619.22832179,76.03602514624146,598964.0216507877,9.645067139689775,-1,,,,,,,,unassigned,,,,,,,,,,,,
1634,694,329.1527085651725,329.1525189624191,,66855012.567905046,225.51762962419883,655746.4154260088,369.561869972012,-1,,,,,,,,unassigned,,,,,,,,,,,,
1635,697,329.6614881562129,329.6612982799987,,2548625.3083087546,48.589263107145584,717519.1626511688,13.819134490957767,-1,,,,,,,,unassigned,,,,,,,,,,,,
1636,700,330.75384414148755,330.75365367822405,,16096616.773523264,148.2086155460006,656244.961492089,89.70217927209322,-1,,,,,,,,unassigned,,,,,,,,,,,,
1637,701,330.8017124068933,330.80152191790694,,2230933.4664964005,93.19818798851935,654218.2332488283,12.127845723877122,-1,,,,,,,,unassigned,,,,,,,,,,,,
1638,702,330.8025458910897,330.8023554016555,,3611533.1547429548,72.42014920312616,659218.0660211972,19.65671903677634,-1,,,,,,,,unassigned,,,,,,,,,,,,
1639,703,330.8202487493445,330.8200582503974,,4046448.7759944065,43.581710440121654,615921.8354765138,22.153383407228716,-1,,,,,,,,unassigned,,,,,,,,,,,,
1640,704,330.8566739124583,330.8564833939377,,1757207.6900820078,28.802347931175667,758930.8313573302,9.583969680123644,-1,,,,,,,,unassigned,,,,,,,,,,,,
1641,706,331.02037059585433,331.0201799893708,,1633889.0132533002,132.3993833498786,564296.5237838345,8.96466361270331,-1,,,,,,,,unassigned,,,,,,,,,,,,
1642,710,331.0955988163831,331.0954081694761,,2640563.4092115187,179.4919673253656,661023.3099762689,14.488429388932207,-1,,,,,,,,unassigned,,,,,,,,,,,,
1643,713,331.1497447729008,331.1495540968992,,21404667.529647008,168.0303495185456,664043.3389622517,116.21847672379434,-1,,,,,,,,unassigned,,,,,,,,,,,,
1644,717,332.1531099388406,332.1529187237381,,4185638.937633045,79.47162204569184,656041.4974539559,23.283686409202154,-1,,,,,,,,unassigned,,,,,,,,,,,,
1645,718,332.75089560855514,332.7507040723074,,5186605.329480981,133.88764164733743,653214.2038690017,28.215917690540778,-1,,,,,,,,unassigned,,,,,,,,,,,,
1646,719,332.7728046208568,332.7726130728396,,3346870.4070390747,193.82366570531556,601748.0241046824,18.49586730501984,-1,,,,,,,,unassigned,,,,,,,,,,,,
1647,720,332.8173045159666,332.81711294404425,,1475705.2937896145,84.34652879967648,730414.4768807264,8.131516436801515,-1,,,,,,,,unassigned,,,,,,,,,,,,
1648,721,332.8956950674961,332.8955034534631,,1623953.3192358755,206.29169596040884,610429.0239398157,8.856354479836076,-1,,,,,,,,unassigned,,,,,,,,,,,,
1649,724,333.0748137571677,333.07462204691586,,1511927.2582479317,75.32337794204606,582069.7476233906,8.423117948367143,-1,,,,,,,,unassigned,,,,,,,,,,,,
1650,726,333.11123149672574,333.1110397669114,,11795502.17757964,111.89658374423927,636858.2079545888,65.74086649315761,-1,,,,,,,,unassigned,,,,,,,,,,,,
1651,728,333.1475886035405,333.1473968541963,,1875115.0987552204,97.84906052042543,611626.6593766308,10.160229810122384,-1,,,,,,,,unassigned,,,,,,,,,,,,
1652,730,334.0331804917347,334.03298826671454,,1609659.5047381662,97.04474971896968,641904.5816591955,8.97854939896834,-1,,,,,,,,unassigned,,,,,,,,,,,,
1653,732,334.7698200251974,334.76962740455866,,1808777.3495644063,44.724087628616346,629846.4056895794,9.83252525426768,-1,,,,,,,,unassigned,,,,,,,,,,,,
1654,733,334.77072857057334,334.7705359494467,,5941862.128762147,107.59527174158481,641031.4224103405,33.25368094749363,-1,,,,,,,,unassigned,,,,,,,,,,,,
1655,734,334.8749352341302,334.87474255704217,,3114239.32411138,83.00870742062784,636579.2056724705,17.076739948733785,-1,,,,,,,,unassigned,,,,,,,,,,,,
1656,736,335.0032964605911,335.00310371457147,,1829107.852730614,59.438838775677546,591646.5192895646,10.146344023857354,-1,,,,,,,,unassigned,,,,,,,,,,,,
1657,741,335.0905468160556,335.09035402318216,,2821430.3619772717,140.63716183388817,632210.6437857467,15.824242027628085,-1,,,,,,,,unassigned,,,,,,,,,,,,
1658,742,335.1082740555418,335.10808125314884,,3835366.837353282,94.05966466730202,673164.8418503943,20.853673812821917,-1,,,,,,,,unassigned,,,,,,,,,,,,
1659,744,335.12688694417227,335.12669413178423,,4035884.41247721,97.5508379281751,679965.6857247588,22.28946411262601,-1,,,,,,,,unassigned,,,,,,,,,,,,
1660,745,335.1632701287606,335.16307729683496,,3257438.675935368,87.01684637556093,660778.002606565,18.08762518882796,-1,,,,,,,,unassigned,,,,,,,,,,,,
1661,747,336.1585164686675,336.1583231023429,,22007187.69894438,144.2377071840379,647213.6401320038,122.23935364831131,-1,,,,,,,,unassigned,,,,,,,,,,,,
1662,748,336.2677007178541,336.26750729290796,,2210675.3580455235,154.0690488967363,696641.7777914781,12.4416644934668,-1,,,,,,,,unassigned,,,,,,,,,,,,
1663,749,336.71514691011464,336.7149532449433,,2544122.53036488,64.75952112681377,668785.765416727,13.819134490957767,-1,,,,,,,,unassigned,,,,,,,,,,,,
1664,750,336.71677096940107,336.7165773033578,,1628009.4238806313,47.1817450955934,701268.9910644768,8.85774305846258,-1,,,,,,,,unassigned,,,,,,,,,,,,
1665,751,336.7184933139996,336.7182996470317,,2016505.0425689083,103.27585394757769,662702.5660075934,11.001708457783197,-1,,,,,,,,unassigned,,,,,,,,,,,,
1666,752,336.7677971919314,336.76760349849417,,5013333.552008103,50.98850362597075,632177.8056176166,27.255021281000708,-1,,,,,,,,unassigned,,,,,,,,,,,,
1667,753,336.7686965115303,336.76850281761034,,3249695.5034555583,66.85555768500122,665150.0847721138,17.607176984057926,-1,,,,,,,,unassigned,,,,,,,,,,,,
1668,754,336.85420314044785,336.85400940062334,,1614943.5376257054,130.4464578173134,600491.7063760883,8.78831412713743,-1,,,,,,,,unassigned,,,,,,,,,,,,
1669,758,337.10616688479575,337.1059730097072,,4003863.55357425,71.54965137584001,634074.9429788444,21.970091028530323,-1,,,,,,,,unassigned,,,,,,,,,,,,
1670,760,337.14254138233576,337.14234748772043,,4405879.762809303,195.75462632298058,628471.1365698004,24.319566064573383,-1,,,,,,,,unassigned,,,,,,,,,,,,
1671,761,337.160375304761,337.16018140057196,,1574688.2570842847,159.89784732534181,507680.25330789085,8.554338628571676,-1,,,,,,,,unassigned,,,,,,,,,,,,
1672,763,338.1555651573622,338.15537071897376,,8053944.312784082,282.55052594584674,649425.2509586134,45.04549064375703,-1,,,,,,,,unassigned,,,,,,,,,,,,
1673,764,338.7155485993259,338.7153538603858,,3338999.0595838814,149.07688020860707,655004.3129425457,18.53752466381493,-1,,,,,,,,unassigned,,,,,,,,,,,,
1674,765,338.7656946141998,338.76549984834685,,2580390.2326157647,105.72735636179155,527065.6278743347,14.346794369028903,-1,,,,,,,,unassigned,,,,,,,,,,,,
1675,766,338.7834482653677,338.78325348998663,,1507179.2262511277,74.34057718311577,624158.7172937447,8.195391053620654,-1,,,,,,,,unassigned,,,,,,,,,,,,
1676,767,338.8874882700983,338.8872934388809,,2142273.8204468773,99.04521690129528,611738.2931943099,11.716826450432238,-1,,,,,,,,unassigned,,,,,,,,,,,,
1677,768,338.93352706990186,338.9333322139766,,2230937.3784952126,104.57494337445209,610942.1336861129,12.297252316310487,-1,,,,,,,,unassigned,,,,,,,,,,,,
1678,770,339.02542783978055,339.02523293453504,,1819523.0154497817,63.2892374059167,591166.2593198767,9.900565606966326,-1,,,,,,,,unassigned,,,,,,,,,,,,
1679,774,339.1217886369663,339.12159368000766,,3260172.542310167,107.90829037020602,556715.2698889426,17.848789665069447,-1,,,,,,,,unassigned,,,,,,,,,,,,
1680,776,339.15819273094235,339.15799775444725,,2123430.7355067222,65.57783265235385,616983.3752853873,11.558528487010896,-1,,,,,,,,unassigned,,,,,,,,,,,,
1681,780,340.2034721374795,340.20327660007786,,1609273.7221325466,184.30961997539143,545715.6899390792,8.782759812631419,-1,,,,,,,,unassigned,,,,,,,,,,,,
1682,781,340.7126293628871,340.7124335523007,,3250016.1720887786,116.8530525754941,626181.1253461629,17.66549728637105,-1,,,,,,,,unassigned,,,,,,,,,,,,
1683,782,340.73662396103947,340.7364281375794,,3349224.29585908,140.82534975225414,597636.9045046587,18.595844966128055,-1,,,,,,,,unassigned,,,,,,,,,,,,
1684,783,340.8587297902803,340.85853390130876,,1613989.05876291,92.22532318127213,712814.3180299615,9.053532644799501,-1,,,,,,,,unassigned,,,,,,,,,,,,
1685,784,340.86475254901455,340.86455665681177,,2114709.4973616735,57.23638116973561,669055.3951888484,11.598797267179483,-1,,,,,,,,unassigned,,,,,,,,,,,,
1686,785,340.8854702529595,340.8852743496415,,4479121.187227747,64.28616935475556,663885.0027876049,24.2334741897302,-1,,,,,,,,unassigned,,,,,,,,,,,,
1687,787,341.04120198885107,341.041006001983,,1540387.7085909876,69.15802515249308,523354.17360550957,8.371740539186533,-1,,,,,,,,unassigned,,,,,,,,,,,,
1688,790,341.118838994083,341.1186429655634,,1610634.061601771,99.19976144640144,571550.2983235297,8.748045346968842,-1,,,,,,,,unassigned,,,,,,,,,,,,
1689,792,341.1374506833804,341.13725464487595,,5138051.719667233,96.72350085181368,657451.7970483267,27.88265882018006,-1,,,,,,,,unassigned,,,,,,,,,,,,
1690,795,342.03069102608725,342.0304945084065,,1533920.9277841104,116.03455477059214,497279.3170248236,8.343968966656472,-1,,,,,,,,unassigned,,,,,,,,,,,,
1691,798,342.1246384985389,342.12444193046423,,1673160.969230006,92.2648989891199,523338.29023314134,9.097967160847597,-1,,,,,,,,unassigned,,,,,,,,,,,,
1692,799,342.7337034373906,342.73350654262856,,6824029.3529328285,68.2687684147921,637511.9029089052,37.06949501312385,-1,,,,,,,,unassigned,,,,,,,,,,,,
1693,800,342.7612346998926,342.76103779036424,,5832676.586502719,83.55395895387792,626992.860592284,32.34832768301368,-1,,,,,,,,unassigned,,,,,,,,,,,,
1694,801,342.8566223453378,342.856425384649,,2611033.884834375,57.31237184234841,541749.6398201947,14.406503249968532,-1,,,,,,,,unassigned,,,,,,,,,,,,
1695,802,342.88342379446044,342.88322681939695,,2305857.796789526,89.6220285598371,594644.0335312425,12.515259160671457,-1,,,,,,,,unassigned,,,,,,,,,,,,
1696,804,343.02036828917636,343.0201712406653,,1984733.800491251,120.96924077726752,571761.110112284,10.768427248530696,-1,,,,,,,,unassigned,,,,,,,,,,,,
1697,806,343.03854369642613,343.0383466381672,,1787711.7141716122,171.9389871882694,587702.2167621148,9.77281637332805,-1,,,,,,,,unassigned,,,,,,,,,,,,
1698,808,343.0567681870918,343.0565711190587,,1621300.7855912338,99.43120221725113,552575.8131992838,8.77859407675191,-1,,,,,,,,unassigned,,,,,,,,,,,,
1699,810,343.0849149816438,343.08471789851495,,2037753.6324361127,73.7984646164593,619326.0606631436,11.330801592264406,-1,,,,,,,,unassigned,,,,,,,,,,,,
1700,812,343.13454099338446,343.1343438836403,,1617475.7445443927,39.355287622499844,640086.938271792,8.859131637089082,-1,,,,,,,,unassigned,,,,,,,,,,,,
1701,814,343.16837893835503,343.1681818104632,,1981347.684144968,76.43496005144507,703628.2673740957,10.744821411880144,-1,,,,,,,,unassigned,,,,,,,,,,,,
1702,819,344.121705262674,344.12150762354014,,1762222.5028026293,93.87592898822841,521616.34886612266,9.57286105111162,-1,,,,,,,,unassigned,,,,,,,,,,,,
1703,821,344.2130979123808,344.2129002242397,,2545243.6093337005,84.36057631408008,576781.9700939723,13.973266718499598,-1,,,,,,,,unassigned,,,,,,,,,,,,
1704,822,344.73074496647354,344.7305470007694,,5127137.71770936,100.26554330737511,626295.968966784,28.127048658444586,-1,,,,,,,,unassigned,,,,,,,,,,,,
1705,823,344.75918683695875,344.7589888560047,,18271739.99318705,221.8651532678329,620925.8111856087,102.16606102358406,-1,,,,,,,,unassigned,,,,,,,,,,,,
1706,824,344.854684093592,344.85448606143495,,1653730.361839044,87.50891985826179,598651.4870993982,8.997989499739381,-1,,,,,,,,unassigned,,,,,,,,,,,,
1707,825,344.870753918863,344.8705558780898,,7741538.015052033,163.11912634364623,641204.7006310783,42.36275673735325,-1,,,,,,,,unassigned,,,,,,,,,,,,
1708,827,345.03596769703563,345.03576956768137,,1635339.893555962,95.09046854169719,574275.9370612744,8.893846102751658,-1,,,,,,,,unassigned,,,,,,,,,,,,
1709,832,345.1476245985796,345.14742640936066,,10142044.920338914,124.89493494995114,635251.5466902036,56.12079376874488,-1,,,,,,,,unassigned,,,,,,,,,,,,
1710,835,345.8703302565489,345.870131679878,,1476660.5808800978,109.73479728152547,504429.73803756555,8.02251301462103,-1,,,,,,,,unassigned,,,,,,,,,,,,
1711,837,346.210151231039,346.20995247220094,,1519302.8502769498,41.46383352232665,559176.0145944312,8.262042827692797,-1,,,,,,,,unassigned,,,,,,,,,,,,
1712,838,346.72778698966493,346.72758795335795,,2374900.9472455257,72.51307857073266,687112.5748718521,12.98043300054996,-1,,,,,,,,unassigned,,,,,,,,,,,,
1713,839,346.7384622417452,346.7382631997162,,2502315.240409638,181.94340657444693,634608.4126549786,13.583076124452258,-1,,,,,,,,unassigned,,,,,,,,,,,,
1714,840,346.75714692098256,346.7569478689384,,17599021.072474375,89.60951273099322,653926.9354547187,95.42312321328554,-1,,,,,,,,unassigned,,,,,,,,,,,,
1715,841,346.86781791103317,346.8676187996691,,4546527.269432852,59.84276567472888,654831.7693908949,24.94998076100574,-1,,,,,,,,unassigned,,,,,,,,,,,,
1716,842,346.87888738638577,346.8786882690885,,87805382.37822081,216.96656876923566,632470.3829622796,480.24824944781847,-1,,,,,,,,unassigned,,,,,,,,,,,,
1717,847,347.09051351076045,347.09031428003425,,6552435.847997045,163.47040763531618,628524.1979216117,35.63092755606675,-1,,,,,,,,unassigned,,,,,,,,,,,,
1718,849,347.1268576644228,347.126658414217,,2030259.336163751,65.21967767510613,601210.8767710675,11.005874193662706,-1,,,,,,,,unassigned,,,,,,,,,,,,
1719,851,347.144679006485,347.14447974672737,,3185138.8241652637,127.13573462966812,603662.9514246242,17.37667293205843,-1,,,,,,,,unassigned,,,,,,,,,,,,
1720,852,347.16331904281554,347.1631197730674,,2576484.3327038717,79.63942867269714,549670.1594141864,14.12739894604143,-1,,,,,,,,unassigned,,,,,,,,,,,,
1721,854,347.8784500632179,347.87825041020113,,17038042.871823203,123.47895534275577,628566.1937658787,94.20117402196291,-1,,,,,,,,unassigned,,,,,,,,,,,,
1722,857,348.73644033643916,348.73624022364703,,2102360.7905188934,208.58021522998638,596503.1415356155,11.6987749282877,-1,,,,,,,,unassigned,,,,,,,,,,,,
1723,858,348.7551049205599,348.7549047977666,,5672276.517055415,166.75956098069727,623038.2264279157,31.009737887064794,-1,,,,,,,,unassigned,,,,,,,,,,,,
1724,859,348.8759716650721,348.87577147751455,,25270467.348143343,108.92179044342025,612614.2461508177,139.81320474533317,-1,,,,,,,,unassigned,,,,,,,,,,,,
1725,860,348.8780591898644,348.8778590011883,,1873212.5630746894,57.686678846549995,521185.50163412717,10.175504175013918,-1,,,,,,,,unassigned,,,,,,,,,,,,
1726,861,348.8832002714578,348.88300008002693,,2108995.3949924447,52.77846642066729,618055.9739682325,11.48076808392673,-1,,,,,,,,unassigned,,,,,,,,,,,,
1727,863,349.0553421345986,349.055141850931,,28332368.272020962,120.01926896625355,641727.3486023821,153.92116359060356,-1,,,,,,,,unassigned,,,,,,,,,,,,
1728,865,349.0697263832421,349.06952609186726,,1535934.3199595371,111.40469544845512,578688.0496495515,8.456443835403215,-1,,,,,,,,unassigned,,,,,,,,,,,,
1729,866,349.0875375595453,349.0873372586271,,2430569.468199845,115.70436123147167,570799.0164948947,13.238708625079516,-1,,,,,,,,unassigned,,,,,,,,,,,,
1730,868,349.10616160409364,349.1059612931965,,118753070.41213433,111.72399855943804,635501.5304908523,644.8336968899649,-1,,,,,,,,unassigned,,,,,,,,,,,,
1731,869,349.1425393992039,349.1423390688153,,3245797.802806258,165.80315175840005,599858.7942172013,17.640502871093997,-1,,,,,,,,unassigned,,,,,,,,,,,,
1732,870,349.8755350293505,349.875334306243,,4994437.269889652,80.92717382385723,672234.3351419576,27.699366441481665,-1,,,,,,,,unassigned,,,,,,,,,,,,
1733,871,350.02375214119724,350.0235513386847,,1912067.916245961,81.31104113455268,594491.706680318,10.386568126242372,-1,,,,,,,,unassigned,,,,,,,,,,,,
1734,872,350.02819142406,350.0279906191692,,1820021.381169371,192.47245345452825,584627.2704609603,10.146344023857354,-1,,,,,,,,unassigned,,,,,,,,,,,,
1735,876,350.87274756547737,350.87254630816426,,3730699.120441073,167.3051444454812,594911.1437079748,20.23714490265459,-1,,,,,,,,unassigned,,,,,,,,,,,,
1736,878,351.0346064090671,351.03440506505444,,3748383.2485077525,77.46399271240206,612915.3529705786,20.36211697903986,-1,,,,,,,,unassigned,,,,,,,,,,,,
1737,880,351.05241177443077,351.0522104208807,,8462246.320555512,97.49383825063035,605444.2763947432,46.256331206067635,-1,,,,,,,,unassigned,,,,,,,,,,,,
1738,882,351.0854534622065,351.085252090958,,1607729.4441395525,132.8726726214444,461419.32516003726,8.702222252294245,-1,,,,,,,,unassigned,,,,,,,,,,,,
1739,883,351.103209696178,351.10300831541866,,37733579.41831283,126.446319795602,630267.8545976873,204.99863978788957,-1,,,,,,,,unassigned,,,,,,,,,,,,
1740,885,351.1104147851118,351.1102134004931,,1643163.3105935357,45.72138117090036,664970.412049607,9.139624519642688,-1,,,,,,,,unassigned,,,,,,,,,,,,
1741,886,351.12179561874694,351.1215942280323,,4427160.79316213,86.60833435645682,618708.4764137416,24.147382314887015,-1,,,,,,,,unassigned,,,,,,,,,,,,
1742,887,351.13466696896137,351.1344655713524,,5964361.593442048,158.0800129808883,624832.7763075236,32.33166473949564,-1,,,,,,,,unassigned,,,,,,,,,,,,
1743,889,351.15820138377245,351.15799997355765,,2547411.821008855,107.36810104658798,607321.8363108928,13.805248704692737,-1,,,,,,,,unassigned,,,,,,,,,,,,
1744,890,351.2309315635155,351.23073011434434,,1668622.2492848944,49.91768525691006,679928.5712305091,9.064641273811525,-1,,,,,,,,unassigned,,,,,,,,,,,,
1745,892,352.0519723019915,352.05177041307826,,1653836.8366428344,132.77870133129989,643665.3948289837,9.018818179136927,-1,,,,,,,,unassigned,,,,,,,,,,,,
1746,893,352.106558030401,352.10635611225416,,6573717.6855755355,91.55641562814789,621280.9474847916,35.747568160693,-1,,,,,,,,unassigned,,,,,,,,,,,,
1747,894,352.2625633264164,352.2623613247218,,1653091.3603079135,104.03336625913747,547065.5727426831,8.991046606606867,-1,,,,,,,,unassigned,,,,,,,,,,,,
1748,899,353.13744987185146,353.13724740165435,,4451800.115580684,103.68440412075127,562641.601032207,24.838894470885503,-1,,,,,,,,unassigned,,,,,,,,,,,,
1749,901,353.17388178303344,353.1736792933284,,2166498.552140111,61.9036505904832,584759.0018108767,11.754318073347818,-1,,,,,,,,unassigned,,,,,,,,,,,,
1750,903,354.0962580756271,354.09605509206216,,1523270.2453050795,156.09497956232323,579957.7925184361,8.345357545282976,-1,,,,,,,,unassigned,,,,,,,,,,,,
1751,905,355.02040831910404,355.0202048408021,,1706527.4958149195,122.54688835902269,603427.3316261487,9.339579841859118,-1,,,,,,,,unassigned,,,,,,,,,,,,
1752,907,355.05681069808935,355.05660720030113,,1548864.0782888827,260.8352113973391,598895.9035463904,8.427283684246651,-1,,,,,,,,unassigned,,,,,,,,,,,,
1753,911,355.1531316614428,355.15292811209434,,2433434.4118293044,77.19572707894369,628747.7043642116,13.19427410903142,-1,,,,,,,,unassigned,,,,,,,,,,,,
1754,913,356.0282047546779,356.02800073694243,,1777941.801549552,62.58984009601405,511716.6484385576,9.643678561063272,-1,,,,,,,,unassigned,,,,,,,,,,,,
1755,915,356.11203312371646,356.1118290611148,,1834863.8940145674,101.78509301810927,603815.2551837894,10.057474991761163,-1,,,,,,,,unassigned,,,,,,,,,,,,
1756,916,356.759200962496,356.75899655354124,,1820842.133665254,83.69121166467933,647415.7347316411,9.868628298556757,-1,,,,,,,,unassigned,,,,,,,,,,,,
1757,919,357.03604210558217,357.03583754847773,,2291347.645490721,125.81415875802037,525157.9874354798,12.45555027973183,-1,,,,,,,,unassigned,,,,,,,,,,,,
1758,921,357.06167907326534,357.06147450244174,,1572252.4903757896,75.6670136298595,603789.7175778908,8.666119208005167,-1,,,,,,,,unassigned,,,,,,,,,,,,
1759,926,357.2285673061015,357.22836264597225,,1765758.2958702988,108.31609795218141,478959.8324203039,9.634652799991002,-1,,,,,,,,unassigned,,,,,,,,,,,,
1760,927,358.0499209520253,358.04971585240577,,2212687.011789681,108.95765152467138,620189.0310587321,12.079245471949518,-1,,,,,,,,unassigned,,,,,,,,,,,,
1761,930,358.74000832239426,358.739802853567,,1514745.8559558894,46.645870200655736,568748.2309157103,8.237048412415742,-1,,,,,,,,unassigned,,,,,,,,,,,,
1762,931,358.88642777103485,358.886222223876,,3523721.3545202455,125.1474221841722,652520.613540576,19.320683009162618,-1,,,,,,,,unassigned,,,,,,,,,,,,
1763,939,360.883481291239,360.88327467587783,,2290924.0941207665,67.54169347525803,663167.7205481074,12.444441650719805,-1,,,,,,,,unassigned,,,,,,,,,,,,
1764,940,360.8945390758986,360.8943324546237,,50778887.15599972,123.34992964661542,598261.3223027685,285.1362894806302,-1,,,,,,,,unassigned,,,,,,,,,,,,
1765,943,361.0697987054505,361.0695919904475,,1586967.0857419919,94.19630703216038,634560.7051082538,8.799422756149454,-1,,,,,,,,unassigned,,,,,,,,,,,,
1766,946,361.1425378632706,361.1423311093678,,2426302.4775031186,66.48221644019674,616527.5603103407,13.46782409845251,-1,,,,,,,,unassigned,,,,,,,,,,,,
1767,948,361.1789468708815,361.17874009750784,,1992746.7783131516,106.71180412268122,462066.25568037014,10.822581814964312,-1,,,,,,,,unassigned,,,,,,,,,,,,
1768,949,361.8940968753621,361.89388971956294,,9963295.06515267,121.84230070162849,623463.1644852486,54.310087239784984,-1,,,,,,,,unassigned,,,,,,,,,,,,
1769,951,362.7599568523322,362.7597492335739,,1937385.0091677615,71.83176400111904,638285.6369698752,10.485157208724084,-1,,,,,,,,unassigned,,,,,,,,,,,,
1770,952,362.89160877820194,362.8914010890574,,15080636.204494724,181.34843495084664,582364.3655976332,82.18163743095302,-1,,,,,,,,unassigned,,,,,,,,,,,,
1771,953,362.8987633442518,362.89855565128227,,1656389.4218000344,92.60678491133834,645641.1048350005,9.02992680814895,-1,,,,,,,,unassigned,,,,,,,,,,,,
1772,957,363.085440662566,363.08523286979414,,3204011.0866802013,56.67943902536827,626275.0635105927,18.012641942996797,-1,,,,,,,,unassigned,,,,,,,,,,,,
1773,959,363.12179817815104,363.1215903659419,,2617973.305109445,111.0601135667948,597949.2611426002,14.255148179679706,-1,,,,,,,,unassigned,,,,,,,,,,,,
1774,960,363.15818886808324,363.1579810364192,,3174641.141816881,112.14177218615677,567932.9681907253,17.20171202511905,-1,,,,,,,,unassigned,,,,,,,,,,,,
1775,961,363.2857420275641,363.28553412770947,,1505860.8664142145,69.2457982211798,685849.9163446577,8.187059581861634,-1,,,,,,,,unassigned,,,,,,,,,,,,
1776,962,363.8911802457745,363.8909720222684,,3532047.1877453635,73.70304332525527,607257.1492515604,19.15960788848827,-1,,,,,,,,unassigned,,,,,,,,,,,,
1777,965,364.1250208850753,364.12481253657245,,1520994.3065125176,73.32426232273744,483058.419300952,8.509209823210329,-1,,,,,,,,unassigned,,,,,,,,,,,,
1778,966,364.75699485722663,364.75678617093286,,4122917.2594417296,102.16002839547987,606206.8071993439,23.12538844578081,-1,,,,,,,,unassigned,,,,,,,,,,,,
1779,967,364.8884442104921,364.88823545394274,,2448409.9230080987,76.42177944614588,647392.8755487836,13.294251770139635,-1,,,,,,,,unassigned,,,,,,,,,,,,
1780,968,364.88947613156796,364.8892673744671,,2712786.756378277,184.08142619935367,613160.9450080744,14.730042069943728,-1,,,,,,,,unassigned,,,,,,,,,,,,
1781,972,365.10109489073864,365.10088602053725,,4617514.275292679,89.50316130270026,607912.4001375624,25.70536753382337,-1,,,,,,,,unassigned,,,,,,,,,,,,
1782,974,365.1374631331296,365.13725424349144,,4246730.834976442,80.78899960741562,563198.7942516699,23.39477269932239,-1,,,,,,,,unassigned,,,,,,,,,,,,
1783,975,365.1738166639227,365.17360775485577,,2647529.7472518045,113.91573591359321,551131.7373815489,14.796693844015872,-1,,,,,,,,unassigned,,,,,,,,,,,,
1784,976,365.2102408469581,365.2100319184247,,1483704.491666199,188.07618644897084,641700.078949368,8.10096770701845,-1,,,,,,,,unassigned,,,,,,,,,,,,
1785,978,366.75406197008016,366.7538522165749,,2505856.144734438,136.59811848743772,665260.2119292908,13.61640201148833,-1,,,,,,,,unassigned,,,,,,,,,,,,
1786,982,367.098148199576,367.097938262229,,1803415.8290287668,92.00877121715033,510460.85893975606,9.901954185592828,-1,,,,,,,,unassigned,,,,,,,,,,,,
1787,984,367.11670505190614,367.1164951046446,,2113013.134808922,72.19117056702963,624711.219379177,11.5140939709628,-1,,,,,,,,unassigned,,,,,,,,,,,,
1788,986,367.15311054340174,367.15290057668983,,3362475.504540287,97.18409941245517,641367.8058605256,18.745811457790378,-1,,,,,,,,unassigned,,,,,,,,,,,,
1789,990,368.0910435418015,368.0908330740172,,3669967.725467687,176.85757960007194,612600.6333055538,19.895554560534855,-1,,,,,,,,unassigned,,,,,,,,,,,,
1790,991,368.11204288988716,368.1118324108852,,1921224.8179759115,92.52031930085577,479744.1332386627,10.458774214820528,-1,,,,,,,,unassigned,,,,,,,,,,,,
1791,1001,370.08810510212334,370.08789356769734,,4396248.077352518,112.84020960479327,557687.7231326067,24.26124576226026,-1,,,,,,,,unassigned,,,,,,,,,,,,
1792,1002,370.1276121555123,370.12740059998873,,1872215.1650643288,177.8668420582572,441985.07522709505,10.36643373615808,-1,,,,,,,,unassigned,,,,,,,,,,,,
1793,1003,370.7561473936981,370.7559355025427,,2479881.1360626337,162.82730592523603,450868.8719792497,13.442829683175455,-1,,,,,,,,unassigned,,,,,,,,,,,,
1794,1004,370.8689718248908,370.86875987349185,,21405098.169353772,66.03192409991308,602022.6607685946,116.28512849786648,-1,,,,,,,,unassigned,,,,,,,,,,,,
1795,1006,371.0152856745467,371.0150736450238,,1746294.4873025974,106.26555745083644,609988.6945187709,9.528426535063524,-1,,,,,,,,unassigned,,,,,,,,,,,,
1796,1009,371.0517008102397,371.0514887612733,,2495040.4276960073,109.00983146167135,571498.532000304,13.720545408476054,-1,,,,,,,,unassigned,,,,,,,,,,,,
1797,1016,371.8685134697307,371.8683009846649,,5355785.937380808,74.2670474364941,600829.01028994,29.404540994827336,-1,,,,,,,,unassigned,,,,,,,,,,,,
1798,1018,372.17473821758284,372.1745255690372,,1745022.0878690553,184.38578366260575,562771.9736953456,9.454831867858866,-1,,,,,,,,unassigned,,,,,,,,,,,,
1799,1019,372.3040719999612,372.3038592823723,,15015879.604886187,105.0201785363601,585708.1224353915,82.1260942858929,-1,,,,,,,,unassigned,,,,,,,,,,,,
1800,1020,372.75413062139944,372.7539176635635,,4162673.396624281,131.7043754664795,579527.2316978493,22.928210280817385,-1,,,,,,,,unassigned,,,,,,,,,,,,
1801,1021,372.77179093560767,372.7715779683448,,1476569.4857549637,86.18363351233565,558772.6771881817,8.014875832175264,-1,,,,,,,,unassigned,,,,,,,,,,,,
1802,1022,372.8658041019315,372.8655910844855,,3650492.873746169,114.3918656777239,539669.123568519,19.83723425822173,-1,,,,,,,,unassigned,,,,,,,,,,,,
1803,1024,373.03101148235027,373.0307983767204,,2725326.09299084,154.1260906777442,501512.76844394626,14.821688259292925,-1,,,,,,,,unassigned,,,,,,,,,,,,
1804,1033,374.08119380365866,374.0809801375199,,1655555.5187232064,131.60684611686264,577766.6657792822,9.034092544028459,-1,,,,,,,,unassigned,,,,,,,,,,,,
1805,1034,374.30111094881266,374.3008971653104,,5730094.922264552,121.50106688112638,556069.1801058089,31.28189929785938,-1,,,,,,,,unassigned,,,,,,,,,,,,
1806,1035,374.75207187971006,374.7518578555558,,4698194.1263976265,89.2092823809483,599109.017954121,26.302456343219657,-1,,,,,,,,unassigned,,,,,,,,,,,,
1807,1036,374.7697894917421,374.7695754581333,,4791832.833166887,140.82893243040704,596024.8146727,26.194147210352423,-1,,,,,,,,unassigned,,,,,,,,,,,,
1808,1037,374.9101875914165,374.9099734828891,,15421436.168000598,91.06224424092339,570938.7260955381,84.96990331297103,-1,,,,,,,,unassigned,,,,,,,,,,,,
1809,1042,375.0854888616598,375.0852746595911,,1857545.3834799684,139.65893472893907,573620.9931415579,10.403231069760409,-1,,,,,,,,unassigned,,,,,,,,,,,,
1810,1045,375.1217775639043,375.1215633424722,,1846311.1563881396,132.48128448851753,471046.5697948613,10.011651897086566,-1,,,,,,,,unassigned,,,,,,,,,,,,
1811,1047,375.1582991751126,375.1580849341929,,1843489.9281394281,186.62576864617265,463247.6108356893,10.024149104725092,-1,,,,,,,,unassigned,,,,,,,,,,,,
1812,1050,375.3045121338343,375.3042978148979,,1551586.100787162,116.1305409994206,468624.90783476405,8.57030728277646,-1,,,,,,,,unassigned,,,,,,,,,,,,
1813,1051,375.90978786404673,375.9095732221651,,2481534.842813919,264.6008551012092,563246.5466560217,13.769145660403659,-1,,,,,,,,unassigned,,,,,,,,,,,,
1814,1052,376.0256627140224,376.02544801031917,,1531858.1842769647,93.57455156462916,616148.980395115,8.356466174294999,-1,,,,,,,,unassigned,,,,,,,,,,,,
1815,1053,376.03621715050616,376.03600244117195,,1531825.6771623206,132.35425386217346,508303.872639207,8.318280262066168,-1,,,,,,,,unassigned,,,,,,,,,,,,
1816,1055,376.46464830034336,376.4644333624429,,1502899.4683810417,127.68721826217292,488957.2587853521,8.275234324644575,-1,,,,,,,,unassigned,,,,,,,,,,,,
1817,1056,376.70437227333986,376.7041572075545,,3134265.119386365,88.80476228773361,591041.144412705,17.12117446478188,-1,,,,,,,,unassigned,,,,,,,,,,,,
1818,1057,376.72224398334936,376.72202890803015,,4005150.4388270187,99.75827584591597,596777.2573196467,22.16449203624074,-1,,,,,,,,unassigned,,,,,,,,,,,,
1819,1058,376.7501037250154,376.7498886348343,,1923017.24056423,108.21627348581971,592658.5950537956,10.65039806527794,-1,,,,,,,,unassigned,,,,,,,,,,,,
1820,1059,376.76773169822474,376.76751659863993,,4513262.722338244,218.6683521370717,583084.9150320615,24.91110055946366,-1,,,,,,,,unassigned,,,,,,,,,,,,
1821,1060,376.90724848275687,376.90703330874743,,4865084.70808196,280.57872425145894,548947.8662642594,26.813453277772755,-1,,,,,,,,unassigned,,,,,,,,,,,,
1822,1063,377.0646734563446,377.06445819835943,,1815228.0135087003,290.1857273080574,529858.6781628571,9.932502915375894,-1,,,,,,,,unassigned,,,,,,,,,,,,
1823,1064,377.0858724446287,377.0856571753354,,1911280.674175625,55.5512618093148,573066.4707605819,10.496265837736109,-1,,,,,,,,unassigned,,,,,,,,,,,,
1824,1066,377.101056282513,377.1008410051203,,2050476.5345065782,89.32425974157495,536786.372353129,11.137789163180491,-1,,,,,,,,unassigned,,,,,,,,,,,,
1825,1067,377.13745231713676,377.1372370203296,,3223867.494131756,101.71670144180536,570534.4294916294,17.598845512298908,-1,,,,,,,,unassigned,,,,,,,,,,,,
1826,1068,377.1738590385456,377.17364372231845,,3181847.219691564,91.45231041950191,563856.2304245947,17.615508455816943,-1,,,,,,,,unassigned,,,,,,,,,,,,
1827,1069,378.0230382978687,378.0228225287053,,1675574.0935808262,142.15543999782903,534857.9925380514,9.338191263232615,-1,,,,,,,,unassigned,,,,,,,,,,,,
1828,1070,378.0549685265977,378.05475274040447,,1765965.6341280052,88.67807098081508,600589.9118672942,9.588135416003153,-1,,,,,,,,unassigned,,,,,,,,,,,,
1829,1071,378.0913913044962,378.09117549887725,,1542199.6758560878,248.27437143338238,531693.962084877,8.414786476608125,-1,,,,,,,,unassigned,,,,,,,,,,,,
1830,1073,378.70145576187514,378.7012396309007,,7599598.778223495,146.00182150564746,580072.9651251542,41.26855677966889,-1,,,,,,,,unassigned,,,,,,,,,,,,
1831,1074,378.72022825980594,378.72001211882036,,13076262.277064245,89.70288529885738,581043.1228718625,71.19520333806135,-1,,,,,,,,unassigned,,,,,,,,,,,,
1832,1075,378.73791481860917,378.7376986681916,,2285193.6281723636,112.41459448560204,579394.5373844542,12.61384824315317,-1,,,,,,,,unassigned,,,,,,,,,,,,
1833,1076,378.76575053989745,378.76553437463565,,1844632.659080967,33.39305688214865,597420.6086949637,10.188001382652445,-1,,,,,,,,unassigned,,,,,,,,,,,,
1834,1077,378.9051007279471,378.9048844883732,,2077533.9456535918,55.12320812418932,573168.0125531768,11.259984082312753,-1,,,,,,,,unassigned,,,,,,,,,,,,
1835,1081,379.06492544681583,379.0647091220133,,1719649.5843222092,155.35499094387714,535473.941333791,9.56869531523211,-1,,,,,,,,unassigned,,,,,,,,,,,,
1836,1083,379.0803308130685,379.08011448005095,,2038578.1183148518,117.78258790644516,549298.3783056708,11.0961318043854,-1,,,,,,,,unassigned,,,,,,,,,,,,
1837,1085,379.11679813297064,379.1165817805068,,2324047.5107952915,170.3210873154594,537943.9120394937,12.612459664526668,-1,,,,,,,,unassigned,,,,,,,,,,,,
1838,1087,379.1531172320931,379.1529008602621,,4193219.100243654,157.84443462344143,583719.6524440472,22.858781349492237,-1,,,,,,,,unassigned,,,,,,,,,,,,
1839,1088,379.1894748603214,379.18925846910275,,1989835.1891082288,112.19965060722953,583152.3008244768,10.819804657711305,-1,,,,,,,,unassigned,,,,,,,,,,,,
1840,1090,380.184801029286,380.1845841073561,,3558441.886622272,116.6778182346568,554648.136498496,19.30402006564458,-1,,,,,,,,unassigned,,,,,,,,,,,,
1841,1091,380.6985092349833,380.69829203917544,,6296295.12626816,170.5676550449283,557038.3660056257,34.33677227616596,-1,,,,,,,,unassigned,,,,,,,,,,,,
1842,1092,380.717297667159,380.7170804613347,,3692666.0667765867,126.55940605693664,572694.9712709384,20.31212814848575,-1,,,,,,,,unassigned,,,,,,,,,,,,
1843,1093,380.71817625455014,380.71795904825746,,12346889.501074774,105.24804519646452,588921.6497489905,67.25164003879286,-1,,,,,,,,unassigned,,,,,,,,,,,,
1844,1094,380.73587789871067,380.73566068298095,,5501462.458676385,106.72247927121876,582609.36479975,30.329334360078327,-1,,,,,,,,unassigned,,,,,,,,,,,,
1845,1097,381.0773429974373,381.07712559967274,,1715544.6363715092,156.10060978392488,514847.5929385771,9.41039735181077,-1,,,,,,,,unassigned,,,,,,,,,,,,
1846,1100,381.13241093321005,381.1321935060897,,2912836.977078801,137.9330720238815,486502.25131076935,16.08668338803715,-1,,,,,,,,unassigned,,,,,,,,,,,,
1847,1101,381.1502004154068,381.1499829788033,,1550076.651636366,100.87784766312829,579361.4348629639,8.395346375837084,-1,,,,,,,,unassigned,,,,,,,,,,,,
1848,1103,381.1687612091642,381.1685437626663,,4065008.74767215,52.53501861853102,573777.7629043465,22.264469697348957,-1,,,,,,,,unassigned,,,,,,,,,,,,
1849,1104,381.2051268604775,381.2049093945939,,1602347.3813839366,104.16607876398243,589445.3988820886,8.695279359161729,-1,,,,,,,,unassigned,,,,,,,,,,,,
1850,1105,381.72149149607264,381.72127375493983,,1672215.4867086632,90.05983629661762,489480.72704466945,9.079915638703058,-1,,,,,,,,unassigned,,,,,,,,,,,,
1851,1108,382.69556511411656,382.6953468538135,,4088339.8856792143,225.75647137179212,570798.6658227694,22.22281233855387,-1,,,,,,,,unassigned,,,,,,,,,,,,
1852,1109,382.7152441187749,382.71502584798395,,3798536.217809911,153.53959425654278,616292.2292120757,20.95087431667713,-1,,,,,,,,unassigned,,,,,,,,,,,,
1853,1110,382.7161127878289,382.71589451657496,,3667571.1427336256,131.53413816951058,578584.5184888606,20.170493128582446,-1,,,,,,,,unassigned,,,,,,,,,,,,
1854,1111,382.7213387339441,382.7211204599051,,9687159.756399209,194.26949689249304,565338.5624834973,52.69933603304151,-1,,,,,,,,unassigned,,,,,,,,,,,,
1855,1112,382.73382858084875,382.7336103001533,,6723273.940074447,236.0393637625569,575109.2275099314,36.69180162671503,-1,,,,,,,,unassigned,,,,,,,,,,,,
1856,1114,383.01523425979934,383.0150158291338,,2113259.976292986,80.09274807891578,596553.0273832148,11.475213769420717,-1,,,,,,,,unassigned,,,,,,,,,,,,
1857,1116,383.0517152687877,383.0514968186808,,2356245.1104468806,211.8686332494026,530900.2549381519,12.80824925086359,-1,,,,,,,,unassigned,,,,,,,,,,,,
1858,1120,383.1480051970499,383.14778669562884,,2273496.397771172,151.57161166322547,565620.0223863114,12.433333021707782,-1,,,,,,,,unassigned,,,,,,,,,,,,
1859,1121,383.1658120507865,383.165593539876,,1484676.4697573958,103.79130095179565,481784.412501898,8.062781794789617,-1,,,,,,,,unassigned,,,,,,,,,,,,
1860,1124,384.0230695271889,384.022850559471,,1612991.1384839353,87.97165048990699,580228.2642033777,8.739713875209825,-1,,,,,,,,unassigned,,,,,,,,,,,,
1861,1125,384.0292112328741,384.02899226188373,,1621722.3762281786,76.04598507500081,504344.079027053,8.99729521042613,-1,,,,,,,,unassigned,,,,,,,,,,,,
1862,1127,384.09373336004705,384.09351435467727,,1514070.0122393647,202.74224246064298,420890.79459120636,8.193308185680898,-1,,,,,,,,unassigned,,,,,,,,,,,,
1863,1129,384.7183959670366,384.7181766288455,,21338377.85080772,76.04943764814129,568884.0878290506,116.8516685774797,-1,,,,,,,,unassigned,,,,,,,,,,,,
1864,1130,384.7308930510838,384.7306737062346,,2354140.1271559335,116.09422088719614,571326.1265196726,13.023478937971552,-1,,,,,,,,unassigned,,,,,,,,,,,,
1865,1131,384.73179024870564,384.73157090337844,,2136315.4956260957,194.81516281599298,546842.8033856899,11.614071632071017,-1,,,,,,,,unassigned,,,,,,,,,,,,
1866,1132,384.738118502231,384.7378991535322,,1504067.2171024887,133.06940822445614,502402.7281072563,8.321751708632425,-1,,,,,,,,unassigned,,,,,,,,,,,,
1867,1133,384.8846281350108,384.88440870825656,,10059530.511268893,51.69381617570231,594953.0873974533,55.78198058387815,-1,,,,,,,,unassigned,,,,,,,,,,,,
1868,1134,385.0117292403471,385.0115097458791,,2693237.741940245,103.60933946696561,561808.4140822802,14.68005323938962,-1,,,,,,,,unassigned,,,,,,,,,,,,
1869,1136,385.03095591580836,385.03073641109734,,3046837.873485681,133.1471730859255,609821.4895660514,16.532417127144612,-1,,,,,,,,unassigned,,,,,,,,,,,,
1870,1139,385.06744843316375,385.0672289090115,,1752151.8937592034,105.53248851924128,524349.4426723807,9.50759785566598,-1,,,,,,,,unassigned,,,,,,,,,,,,
1871,1145,385.8842090434769,385.8839890842276,,2262083.4598622825,148.03105518056915,511464.1382316923,12.263926429274417,-1,,,,,,,,unassigned,,,,,,,,,,,,
1872,1146,386.04483463032085,386.0446145855113,,2437388.036716936,113.72623989941519,523348.75906737277,13.391452273994846,-1,,,,,,,,unassigned,,,,,,,,,,,,
1873,1148,386.11751688750786,386.11729680398344,,1594553.650170533,112.948374958371,544445.8519415042,8.649456264487132,-1,,,,,,,,unassigned,,,,,,,,,,,,
1874,1149,386.71545332581104,386.71523292380743,,22678187.952742916,208.40002793240575,566802.9400585337,124.39442767664394,-1,,,,,,,,unassigned,,,,,,,,,,,,
1875,1150,386.76974729189305,386.76952686097235,,1627827.594439368,54.47218945225306,550207.8130660164,9.018818179136927,-1,,,,,,,,unassigned,,,,,,,,,,,,
1876,1151,386.8814864358241,386.88126594539165,,2009551.1751008974,41.14376416243051,618905.8625377574,10.900342218048479,-1,,,,,,,,unassigned,,,,,,,,,,,,
1877,1153,387.00879904417474,387.0085784859374,,2139374.303131449,104.66251350470793,569223.6217021088,11.618237367950526,-1,,,,,,,,unassigned,,,,,,,,,,,,
1878,1156,387.04663574213527,387.04641516374693,,1987425.1462174058,88.0931785741208,509996.2741790876,10.948942469976084,-1,,,,,,,,unassigned,,,,,,,,,,,,
1879,1160,387.1212454646038,387.1210248464803,,2885674.397517128,99.06469033452589,539049.4747278568,15.838127813893115,-1,,,,,,,,unassigned,,,,,,,,,,,,
1880,1164,388.0605071233108,388.0602860050018,,1662736.0135704929,86.65626845805805,522483.63618954335,9.031315386775454,-1,,,,,,,,unassigned,,,,,,,,,,,,
1881,1165,388.7125126208539,388.71229115537625,,12664629.355587762,173.27148400576107,562372.2431079756,68.82906535850026,-1,,,,,,,,unassigned,,,,,,,,,,,,
1882,1166,388.9258208676258,388.9255992885773,,2492668.8996243,66.93313477318729,570927.9212318708,13.753871295512125,-1,,,,,,,,unassigned,,,,,,,,,,,,
1883,1167,389.005880090857,389.00565846918386,,1571725.9377847672,110.00916328969201,480629.4996085023,8.708470856113507,-1,,,,,,,,unassigned,,,,,,,,,,,,
1884,1169,389.02586763452865,389.025646002214,,1623586.585975426,52.45099980739306,618466.4890065498,8.977160820341837,-1,,,,,,,,unassigned,,,,,,,,,,,,
1885,1174,389.1010466835422,389.10082501120183,,1574925.5764596951,65.55817668827746,503440.8718528349,8.751516793535101,-1,,,,,,,,unassigned,,,,,,,,,,,,
1886,1176,389.11831626152036,389.1180945799856,,2925787.412735926,139.23589439335004,503788.70502799365,16.251924244591006,-1,,,,,,,,unassigned,,,,,,,,,,,,
1887,1177,389.13743026605283,389.13720857434186,,1721004.7798768063,75.44408364086006,623247.5739314515,9.431226031208315,-1,,,,,,,,unassigned,,,,,,,,,,,,
1888,1179,389.1738908746151,389.17366916349255,,1770001.7050224198,68.37971866786259,506268.19573513523,9.75337627255701,-1,,,,,,,,unassigned,,,,,,,,,,,,
1889,1182,390.70956479118996,390.7093422625816,,4511475.67201802,108.29337293575105,566899.7810571531,24.558401588331897,-1,,,,,,,,unassigned,,,,,,,,,,,,
1890,1186,391.11669661263073,391.1164738673274,,2457633.5067029935,114.65922401192023,516610.9604113977,13.456715469440486,-1,,,,,,,,unassigned,,,,,,,,,,,,
1891,1188,391.1531144567192,391.1528916920332,,2927525.7903965064,226.0072322633015,540521.9049307661,16.254701401844013,-1,,,,,,,,unassigned,,,,,,,,,,,,
1892,1189,391.1895210229468,391.1892982388843,,1957107.0251833242,167.50978878066098,464725.8875543855,10.624015071374384,-1,,,,,,,,unassigned,,,,,,,,,,,,
1893,1190,391.6064623380368,391.60623933207546,,6148385.744376379,184.2328929036718,519872.3631861039,33.87020985766095,-1,,,,,,,,unassigned,,,,,,,,,,,,
1894,1199,393.1324443420801,393.1322205241076,,3289237.2791809295,225.64199870060241,513145.78014407674,17.83212672155141,-1,,,,,,,,unassigned,,,,,,,,,,,,
1895,1201,393.1688089803218,393.1685851430012,,4497205.162563055,100.93530969686839,590101.3664892522,24.469532556235706,-1,,,,,,,,unassigned,,,,,,,,,,,,
1896,1202,393.27786359776275,393.2776397024196,,1538567.7571203888,95.91872839474995,515263.1499259578,8.391180639957575,-1,,,,,,,,unassigned,,,,,,,,,,,,
1897,1203,394.036127500502,394.03590320175175,,1799073.5455195196,92.73991095248303,570730.7207642223,9.836690990147188,-1,,,,,,,,unassigned,,,,,,,,,,,,
1898,1206,395.0332570867797,395.03303225761704,,1527791.677836494,58.61773281029832,535150.3242635584,8.392569218584077,-1,,,,,,,,unassigned,,,,,,,,,,,,
1899,1210,395.1480557344603,395.1478308442371,,3267424.0471168887,115.8357932882956,541138.3852451098,17.77102926198528,-1,,,,,,,,unassigned,,,,,,,,,,,,
1900,1211,395.16585371343723,395.1656288137475,,1687852.9397184749,72.48035171616554,484359.40019185457,9.281259539545992,-1,,,,,,,,unassigned,,,,,,,,,,,,
1901,1213,395.18443346336466,395.1842085537927,,3725522.435366257,80.37329825014099,560653.7584044996,20.253807846172627,-1,,,,,,,,unassigned,,,,,,,,,,,,
1902,1214,395.6002502178031,395.6000250870722,,9940341.260648495,161.97492217924423,526611.393374333,55.304309536361124,-1,,,,,,,,unassigned,,,,,,,,,,,,
1903,1218,397.0309613631268,397.03073547156123,,2125398.3319796827,84.14102032617947,556279.9812449918,11.548808436625375,-1,,,,,,,,unassigned,,,,,,,,,,,,
1904,1223,397.163660749479,397.1634347873544,,2074177.9930336159,91.18468061757584,546530.9055704216,11.253041189180239,-1,,,,,,,,unassigned,,,,,,,,,,,,
1905,1225,397.2000736285212,397.1998476470353,,1780973.3682435944,225.17206902157994,562730.6174228818,9.689501655737871,-1,,,,,,,,unassigned,,,,,,,,,,,,
1906,1227,398.0386649264324,398.038438499087,,1751763.460680037,173.47334136776877,453228.21580340667,9.66173008320781,-1,,,,,,,,unassigned,,,,,,,,,,,,
1907,1230,398.12262316209666,398.1223966901159,,1836050.8069782688,156.98916985815725,503325.4849382981,10.011651897086566,-1,,,,,,,,unassigned,,,,,,,,,,,,
1908,1231,398.6952266853488,398.6949999089666,,1961291.9575204456,148.58622388998327,567607.572836514,10.829524708096827,-1,,,,,,,,unassigned,,,,,,,,,,,,
1909,1232,398.9003041365104,398.9000772511138,,3723807.1087410827,87.99695332636207,547054.4282683595,20.31490530573876,-1,,,,,,,,unassigned,,,,,,,,,,,,
1910,1234,399.01022284759165,399.0099959037664,,1911750.6531151065,86.81836830231344,499701.2844571506,10.3532422392063,-1,,,,,,,,unassigned,,,,,,,,,,,,
1911,1236,399.02843913118426,399.02821217767604,,1644187.671511032,62.50916553384113,555782.5298440105,8.959109298197298,-1,,,,,,,,unassigned,,,,,,,,,,,,
1912,1238,399.0465886698426,399.04636170668687,,2464449.594341848,234.37588568458798,517588.9443421866,13.373400751850307,-1,,,,,,,,unassigned,,,,,,,,,,,,
1913,1246,399.59406068866286,399.59383343450827,,4663593.61566624,122.184484939269,510364.6690121834,25.369331506209644,-1,,,,,,,,unassigned,,,,,,,,,,,,
1914,1249,400.69235316662395,400.6921253287687,,4390088.555340255,117.75321426243589,550643.3340241577,23.800237658261267,-1,,,,,,,,unassigned,,,,,,,,,,,,
1915,1251,401.02586038162406,401.0256323665428,,2902723.071634965,88.28389945763413,515040.0085562759,15.996425777314457,-1,,,,,,,,unassigned,,,,,,,,,,,,
1916,1254,401.04417105551676,401.04394303070546,,1646437.8582796971,34.77864304048154,583704.7447476857,9.14101309826919,-1,,,,,,,,unassigned,,,,,,,,,,,,
1917,1256,401.06233986375486,401.06211182928894,,2474216.67294038,190.7136504734061,479866.2347781695,13.506704299994594,-1,,,,,,,,unassigned,,,,,,,,,,,,
1918,1261,401.20130400931015,401.2010759010018,,1606287.5314295017,126.83576332452256,548482.0923505197,8.717496617185777,-1,,,,,,,,unassigned,,,,,,,,,,,,
1919,1263,402.6893933676072,402.6891644686644,,4886006.635958919,117.77038775884812,550344.4538317291,26.89399083810993,-1,,,,,,,,unassigned,,,,,,,,,,,,
1920,1264,402.8294026643204,402.8291736909992,,2407612.8759111883,139.63717539343918,482969.93027841754,13.249817254091539,-1,,,,,,,,unassigned,,,,,,,,,,,,
1921,1267,403.04153861792093,403.041309531908,,2425817.724752353,35.68550260122218,450938.50750863506,13.156782486115839,-1,,,,,,,,unassigned,,,,,,,,,,,,
1922,1271,403.10357884282513,403.1033497238556,,1594401.9945770083,86.69668552637783,538552.4833052611,8.782759812631419,-1,,,,,,,,unassigned,,,,,,,,,,,,
1923,1273,403.1531310460905,403.15290190079844,,1943814.6765313332,238.506656845853,587291.8713557239,10.676781059181497,-1,,,,,,,,unassigned,,,,,,,,,,,,
1924,1277,404.0341508949441,404.03392128168235,,1588322.0215681822,157.68551234741204,398661.04916934436,8.609881773631795,-1,,,,,,,,unassigned,,,,,,,,,,,,
1925,1278,404.68646599606944,404.6862360363613,,3133187.320551619,131.65085824673167,527630.8413106841,17.254478012926167,-1,,,,,,,,unassigned,,,,,,,,,,,,
1926,1279,404.8264325540811,404.8262025200411,,2722568.8302334403,92.74202558881059,578730.7119682775,14.802248158521884,-1,,,,,,,,unassigned,,,,,,,,,,,,
1927,1280,404.837525769187,404.83729572925574,,11469462.815713482,127.24008849068186,546211.7457020392,62.34162601547828,-1,,,,,,,,unassigned,,,,,,,,,,,,
1928,1285,405.1323816317605,405.13215143524616,,2148429.448008367,119.4502119992874,569328.6484102082,11.919558929901674,-1,,,,,,,,unassigned,,,,,,,,,,,,
1929,1286,405.1558581514776,405.1556279424964,,1640794.6720393498,65.12987615345882,456052.17634321674,9.041729726474225,-1,,,,,,,,unassigned,,,,,,,,,,,,
1930,1287,405.16879508290054,405.1685648670493,,2750085.191207953,124.13700686338703,538974.6787326608,15.332685193846027,-1,,,,,,,,unassigned,,,,,,,,,,,,
1931,1288,405.83715267146465,405.83692210071183,,1960316.0372010274,208.54322064484745,530829.9759284855,10.63651227901291,-1,,,,,,,,unassigned,,,,,,,,,,,,
1932,1289,406.0498980241275,406.0496673404137,,2062665.280256356,69.77608547160588,453193.6616325149,11.207912383818892,-1,,,,,,,,unassigned,,,,,,,,,,,,
1933,1290,406.83458767106924,406.83435657074364,,7292905.277097274,165.38748851408843,539288.2006266849,39.92996698372001,-1,,,,,,,,unassigned,,,,,,,,,,,,
1934,1291,406.8456651159926,406.845434009786,,4165082.1370021673,112.89532679161861,547154.671035872,22.639385926504765,-1,,,,,,,,unassigned,,,,,,,,,,,,
1935,1293,407.0439228402249,407.04369162876674,,2074366.1066665214,111.04882682066022,486968.94422289997,11.354407428914957,-1,,,,,,,,unassigned,,,,,,,,,,,,
1936,1295,407.0648130160243,407.06458179347607,,2454412.464368139,120.66786929290234,502312.21360949625,13.628899219126856,-1,,,,,,,,unassigned,,,,,,,,,,,,
1937,1297,407.1116098010595,407.11137855366826,,1498056.3583559152,71.91281310737936,534607.1779382238,8.126656411608755,-1,,,,,,,,unassigned,,,,,,,,,,,,
1938,1299,407.1480390300201,407.1478077632897,,3478589.221319702,164.29498931846328,526423.9462077939,19.045744441115023,-1,,,,,,,,unassigned,,,,,,,,,,,,
1939,1300,407.1843993474178,407.1841680613851,,3812342.1078731585,201.5509245680085,532692.2126696834,20.728701736436648,-1,,,,,,,,unassigned,,,,,,,,,,,,
1940,1301,408.83147683410704,408.8312446738182,,1708316.147850034,62.03069536367056,465061.11670541565,9.415257377003531,-1,,,,,,,,unassigned,,,,,,,,,,,,
1941,1303,409.022171354101,409.02193909260785,,2219344.5323238745,174.12849954813,517482.0756764196,12.048696742166452,-1,,,,,,,,unassigned,,,,,,,,,,,,
1942,1305,409.0619060715019,409.0616737889214,,1653851.7594122828,168.4010171213845,531067.8079346438,9.011875286004411,-1,,,,,,,,unassigned,,,,,,,,,,,,
1943,1307,409.0933102358096,409.0930779365629,,1902023.1883749175,66.29122899243258,510061.23194500495,10.539311775157701,-1,,,,,,,,unassigned,,,,,,,,,,,,
1944,1309,409.1273224562126,409.12709013891566,,3704310.5416601994,85.21737696985063,528702.8167295266,20.412105809593967,-1,,,,,,,,unassigned,,,,,,,,,,,,
1945,1311,409.16364815202087,409.163415815446,,3867781.7204497103,221.28017579509753,520586.11710390577,21.342453489350973,-1,,,,,,,,unassigned,,,,,,,,,,,,
1946,1312,409.18148444073006,409.1812520946897,,1760075.2638172575,113.70299622374682,581028.0418923048,9.824193782508662,-1,,,,,,,,unassigned,,,,,,,,,,,,
1947,1316,410.81700247632796,410.8167692624444,,1915892.1495657237,51.68317481155156,542237.7345449275,10.742044254627139,-1,,,,,,,,unassigned,,,,,,,,,,,,
1948,1319,411.0466747135526,411.0464413778179,,2100138.8354668757,52.44575800201306,564156.8112635793,11.373847529686,-1,,,,,,,,unassigned,,,,,,,,,,,,
1949,1322,411.1243412211767,411.1241078442375,,1533741.088224568,80.78702809717814,465099.38531039597,8.543229999559651,-1,,,,,,,,unassigned,,,,,,,,,,,,
1950,1325,411.1793841509797,411.1791507448389,,2807854.4889522293,110.58642945862778,505875.44234766025,15.247981897629344,-1,,,,,,,,unassigned,,,,,,,,,,,,
1951,1327,412.03620247220107,412.0359686115303,,1764699.9314607312,149.40783823704353,466178.66932333494,9.606186938147692,-1,,,,,,,,unassigned,,,,,,,,,,,,
1952,1331,413.0258584127728,413.0256240271813,,2502656.092083386,103.68215778425508,533865.903297892,13.58446470307876,-1,,,,,,,,unassigned,,,,,,,,,,,,
1953,1333,413.06233519586215,413.0621007909247,,1493655.6777948001,132.8129375802448,420770.32857433567,8.121796386415994,-1,,,,,,,,unassigned,,,,,,,,,,,,
1954,1340,414.03364643873624,414.0334115186924,,2028435.9914047366,102.6577286263517,534452.1961826781,11.232212509782695,-1,,,,,,,,unassigned,,,,,,,,,,,,
1955,1341,414.0397246217565,414.0394896984895,,1553952.557523209,57.81471108052946,540204.0892094217,8.664036340065412,-1,,,,,,,,unassigned,,,,,,,,,,,,
1956,1348,415.04154281961536,415.0413073651481,,2482873.2109326953,123.91470276253214,488380.6989486749,13.463658362573,-1,,,,,,,,unassigned,,,,,,,,,,,,
1957,1353,415.1525968457704,415.15236133242354,,2477178.2091600313,109.63928736016207,526557.3002347971,13.483098463344042,-1,,,,,,,,unassigned,,,,,,,,,,,,
1958,1357,416.69489300319594,416.69465667224944,,2724378.8878335957,138.68258652818935,417089.0303569511,14.795305265389368,-1,,,,,,,,unassigned,,,,,,,,,,,,
1959,1358,416.8450957564517,416.84485934589077,,1703782.7269923238,111.112739374087,498110.6491836462,9.272233778473723,-1,,,,,,,,unassigned,,,,,,,,,,,,
1960,1368,417.1496352180227,417.14939864604764,,1998292.9937488304,152.89995331520214,492184.9190158698,10.954496784482096,-1,,,,,,,,unassigned,,,,,,,,,,,,
1961,1372,417.67310529376056,417.6728684443506,,3404028.5710645528,86.74832911020869,518983.2311050741,18.716651306633814,-1,,,,,,,,unassigned,,,,,,,,,,,,
1962,1373,417.71049919510517,417.71026232587764,,1538467.161041949,69.2688975199244,512025.0406871378,8.34744041322273,-1,,,,,,,,unassigned,,,,,,,,,,,,
1963,1374,417.8517244404838,417.8514874964125,,2232835.290675467,96.5679872139892,529276.2318042651,12.329189624720057,-1,,,,,,,,unassigned,,,,,,,,,,,,
1964,1376,418.8532355811032,418.8529981063195,,5701955.055844138,108.25917938148471,534745.1056958598,30.95697189925768,-1,,,,,,,,unassigned,,,,,,,,,,,,
1965,1381,419.1480085651891,419.14777093421804,,2101606.016605442,188.7508330901689,547235.6335043906,11.443276461011148,-1,,,,,,,,unassigned,,,,,,,,,,,,
1966,1383,419.1844743831265,419.1842367328342,,2429886.6473939302,110.88295925946665,540054.1276113659,13.405338060259876,-1,,,,,,,,unassigned,,,,,,,,,,,,
1967,1386,420.67180434534725,420.671565907101,,4215732.57115164,87.48549944710555,521813.2402575119,23.469755945153555,-1,,,,,,,,unassigned,,,,,,,,,,,,
1968,1387,420.8501691251245,420.8499305923973,,3369330.2354626996,122.89723276888995,478924.58238742675,18.327849291212978,-1,,,,,,,,unassigned,,,,,,,,,,,,
1969,1388,420.86126585524016,420.861027316635,,2450081.472701134,118.901201914033,492900.10901607724,13.594184753464281,-1,,,,,,,,unassigned,,,,,,,,,,,,
1970,1390,421.0232310721433,421.0229924477466,,1511547.9984466506,115.6943573556823,420772.86529807845,8.201639657439916,-1,,,,,,,,unassigned,,,,,,,,,,,,
1971,1395,421.1273665469792,421.12712786742406,,1975726.9535564003,110.06184500662363,497104.2985296346,10.963522545554365,-1,,,,,,,,unassigned,,,,,,,,,,,,
1972,1397,421.15549292664474,421.1552542321918,,2128831.581042801,97.57054764086338,452928.21197210066,11.788338249697143,-1,,,,,,,,unassigned,,,,,,,,,,,,
1973,1398,421.16368488225726,421.1634461834652,,3024219.9319182737,112.2519923817071,520487.0323644115,16.54074859890363,-1,,,,,,,,unassigned,,,,,,,,,,,,
1974,1399,421.20009740145343,421.19985868337477,,2042944.9635217753,42.819720805192716,590925.182298933,11.309972912866861,-1,,,,,,,,unassigned,,,,,,,,,,,,
1975,1400,421.6668535093718,421.666614544076,,4339886.889649402,72.94501460882998,530792.3223436415,23.82523207353832,-1,,,,,,,,unassigned,,,,,,,,,,,,
1976,1402,422.66973187905324,422.6694923826463,,14232105.342231218,93.57402009425358,524343.8208631689,77.9048152613238,-1,,,,,,,,unassigned,,,,,,,,,,,,
1977,1406,423.074151316852,423.07391160629413,,105675240.49520314,257.17629545036107,525560.270141489,578.0486192696771,-1,,,,,,,,unassigned,,,,,,,,,,,,
1978,1409,423.14301657781976,423.14277683079723,,1951894.640455672,116.97384061331377,419548.80099629634,10.629569385880396,-1,,,,,,,,unassigned,,,,,,,,,,,,
1979,1411,423.1793430977092,423.1791033314517,,3037021.8809192902,82.01501520317655,514707.04071434174,16.4796511393375,-1,,,,,,,,unassigned,,,,,,,,,,,,
1980,1412,423.2157786178312,423.21553883228114,,2065110.8168791663,100.3162292220099,484599.8401981359,11.491876712938753,-1,,,,,,,,unassigned,,,,,,,,,,,,
1981,1414,424.07372961663765,424.0734893768359,,27614707.683315516,140.31996737162342,514774.5989435985,154.7432021374933,-1,,,,,,,,unassigned,,,,,,,,,,,,
1982,1415,424.07752485788643,424.07728461607536,,10058450.314662552,213.40599872760907,512964.5744168806,56.442944010093576,-1,,,,,,,,unassigned,,,,,,,,,,,,
1983,1416,424.66770055238163,424.667459998132,,21296858.80656257,143.5512960599534,525058.5737554668,116.64060462625125,-1,,,,,,,,unassigned,,,,,,,,,,,,
1984,1417,424.68548145797155,424.68524089430923,,1557118.8983668739,163.20822207574633,464217.9499634013,8.559892943077688,-1,,,,,,,,unassigned,,,,,,,,,,,,
1985,1418,424.8562384977421,424.8559978436869,,28444338.613293126,172.93194898990583,528251.9020532866,154.5432468152769,-1,,,,,,,,unassigned,,,,,,,,,,,,
1986,1420,425.02589551720644,425.0256547733432,,1769311.2707862956,141.94886974061734,450893.4765321245,9.799199367231607,-1,,,,,,,,unassigned,,,,,,,,,,,,
1987,1422,425.0711742915098,425.07093352367866,,36922982.2598386,197.57191722420447,487295.044361338,204.99863978788957,-1,,,,,,,,unassigned,,,,,,,,,,,,
1988,1424,425.0770840866177,425.0768433156582,,2699567.058706863,127.37966419007869,517681.228428541,14.66616745312459,-1,,,,,,,,unassigned,,,,,,,,,,,,
1989,1427,425.19505768819363,425.1948168547867,,1714141.657989325,113.16031529000884,452654.43907879834,9.538146585449045,-1,,,,,,,,unassigned,,,,,,,,,,,,
1990,1428,425.6605952956018,425.66035421578147,,1812921.647389708,56.16702583923114,539812.5891727477,9.88390266344829,-1,,,,,,,,unassigned,,,,,,,,,,,,
1991,1429,425.6800888774433,425.6798477873053,,1592304.4826880787,94.66565044565762,529072.6609572193,8.67167352251118,-1,,,,,,,,unassigned,,,,,,,,,,,,
1992,1430,425.85580746149077,425.8555662783483,,6956331.265184262,169.6938722925953,508017.68092144537,38.23034674488035,-1,,,,,,,,unassigned,,,,,,,,,,,,
1993,1433,426.07076157658037,426.07052027967046,,9584331.26828568,148.18122735186589,506427.813871244,52.81042232316175,-1,,,,,,,,unassigned,,,,,,,,,,,,
1994,1436,426.6656505731918,426.66540896144926,,14162124.555334909,71.17049214838146,519211.2470966428,78.01590155144405,-1,,,,,,,,unassigned,,,,,,,,,,,,
1995,1437,426.68333543733235,426.68309381623095,,1905397.5415387482,104.8224077888981,501156.3609563158,10.458774214820528,-1,,,,,,,,unassigned,,,,,,,,,,,,
1996,1438,426.85324451407735,426.85300280306086,,10731619.460120551,129.73766768203654,475303.77497307933,59.5200342464242,-1,,,,,,,,unassigned,,,,,,,,,,,,
1997,1439,426.8554663052386,426.8552245930464,,1585126.5001308687,48.658013527649544,537142.9865296133,8.815391410354238,-1,,,,,,,,unassigned,,,,,,,,,,,,
1998,1443,427.0415380424424,427.04129623178477,,2282997.208237904,137.67339899894694,478097.04769688065,12.408338606430727,-1,,,,,,,,unassigned,,,,,,,,,,,,
1999,1445,427.06117654967284,427.06093472862307,,1480695.2384467481,117.78085584010985,410995.65659251565,8.069724687922132,-1,,,,,,,,unassigned,,,,,,,,,,,,
2000,1446,427.06800827508226,427.0677664504173,,6247617.544811372,292.54625473944,502506.5013197965,33.92853015997408,-1,,,,,,,,unassigned,,,,,,,,,,,,
2001,1452,427.852841065276,427.85259882532756,,2252311.5211897227,147.48800186017647,489319.89439526066,12.53053352556299,-1,,,,,,,,unassigned,,,,,,,,,,,,
2002,1454,428.6636051854682,428.66336251657015,,3704904.206810948,86.32812441408127,527687.1854972483,20.13439008429337,-1,,,,,,,,unassigned,,,,,,,,,,,,
2003,1455,428.6813675561844,428.68112487788943,,1615190.6488186084,94.78648573758706,540595.6443336192,8.78414839125792,-1,,,,,,,,unassigned,,,,,,,,,,,,
2004,1457,429.02080678343447,429.02056392557006,,1804511.6197155653,103.10678062264145,529271.8512440282,10.149121181110361,-1,,,,,,,,unassigned,,,,,,,,,,,,
2005,1466,430.0499153948412,430.0496719926199,,1526286.9869759874,137.8209196652293,503153.04317788465,8.461303860595976,-1,,,,,,,,unassigned,,,,,,,,,,,,
2006,1467,430.8357498117486,430.83550599391333,,10762702.445703046,163.63198874817022,508658.42499778024,59.94216214888112,-1,,,,,,,,unassigned,,,,,,,,,,,,
2007,1469,431.03643694909175,431.03619302512504,,2207194.8948147176,155.33360552204164,412003.9347408926,11.979267810841304,-1,,,,,,,,unassigned,,,,,,,,,,,,
2008,1476,431.835300857683,431.83505651127876,,3349548.928137971,99.01040351703767,488984.56813333527,18.455598524851254,-1,,,,,,,,unassigned,,,,,,,,,,,,
2009,1478,432.83259914472217,432.832354271025,,2143168.0800834307,89.36946491170231,516408.18935831543,11.650174676360095,-1,,,,,,,,unassigned,,,,,,,,,,,,
2010,1482,433.16372394392283,433.16347889517164,,1566359.7053308361,107.0290135199422,385293.67477897933,8.574473018655969,-1,,,,,,,,unassigned,,,,,,,,,,,,
2011,1483,433.2000540513537,433.1998089833966,,1620371.5994337758,222.5527953001308,398743.08998355374,8.864685951595094,-1,,,,,,,,unassigned,,,,,,,,,,,,
2012,1486,434.6630256485514,434.6627798072889,,1913446.854671418,161.54042431120234,432363.7459644106,10.405313937700162,-1,,,,,,,,unassigned,,,,,,,,,,,,
2013,1491,435.1429597237393,435.14271362883034,,1869980.5162208565,204.61520209313227,498060.9739111168,10.1671727032549,-1,,,,,,,,unassigned,,,,,,,,,,,,
2014,1492,435.1793562441672,435.1791101300234,,2368401.3452868145,176.34006137264123,404459.09414521506,13.123456599079768,-1,,,,,,,,unassigned,,,,,,,,,,,,
2015,1493,435.2157861702853,435.21554003688914,,2421912.810165788,139.28774493551953,500044.9874184762,13.16650253650136,-1,,,,,,,,unassigned,,,,,,,,,,,,
2016,1495,436.1747084623292,436.1744618222047,,2381009.0182640334,249.20358323479573,462924.704865997,13.108182234188234,-1,,,,,,,,unassigned,,,,,,,,,,,,
2017,1496,436.6601139926326,436.65986709603254,,4684384.846951982,209.2277783218006,481083.9516186665,25.827562452955632,-1,,,,,,,,unassigned,,,,,,,,,,,,
2018,1499,437.0898055166602,437.08955839303917,,5251144.946189178,94.2792669206836,522211.2010853011,28.488079101335362,-1,,,,,,,,unassigned,,,,,,,,,,,,
2019,1502,437.1586496465633,437.15840248657094,,1987017.2730449094,93.27624617120897,485240.51064780116,10.815638921831797,-1,,,,,,,,unassigned,,,,,,,,,,,,
2020,1503,437.19502601685616,437.19477883764586,,2720289.1367893694,91.09322575327127,523360.9615247037,15.299359306809954,-1,,,,,,,,unassigned,,,,,,,,,,,,
2021,1505,438.0761633693866,438.0759157246979,,1576781.5560224394,39.59656851162201,507902.9618652646,8.686947887402711,-1,,,,,,,,unassigned,,,,,,,,,,,,
2022,1506,438.6571382220193,438.6568902704551,,5734963.867641966,201.06491465945533,508957.30581915163,31.362436858196553,-1,,,,,,,,unassigned,,,,,,,,,,,,
2023,1507,438.8718899717036,438.8716419067131,,18942026.352125444,92.38107385764577,504174.2240121745,103.8101381173636,-1,,,,,,,,unassigned,,,,,,,,,,,,
2024,1508,438.9840153814792,438.98376725726854,,1641566.4795078717,77.759370339502,431678.5601709251,9.116712972305388,-1,,,,,,,,unassigned,,,,,,,,,,,,
2025,1512,439.08674548122394,439.0864973027563,,1814437.8700706218,196.9333721655119,389033.8357213582,9.884596952761541,-1,,,,,,,,unassigned,,,,,,,,,,,,
2026,1516,439.174362667338,439.174114442596,,1807156.8541577084,92.68104654487128,487347.4564737779,9.811002285556883,-1,,,,,,,,unassigned,,,,,,,,,,,,
2027,1518,439.23410339222954,439.23385513593627,,1616598.9015475505,165.6712023104669,433205.6546869185,8.82997148593252,-1,,,,,,,,unassigned,,,,,,,,,,,,
2028,1519,439.87145094335756,439.87120235047666,,5602045.266450449,153.51415185855427,519174.5946927372,30.362660247114402,-1,,,,,,,,unassigned,,,,,,,,,,,,
2029,1521,440.1282514683363,440.12800273984715,,1560247.5820430487,137.70419372552936,435425.91746347904,8.52795563466812,-1,,,,,,,,unassigned,,,,,,,,,,,,
2030,1522,440.65419794744196,440.6539489412344,,4353723.047664368,91.57665829352493,527344.630033037,23.74191735594814,-1,,,,,,,,unassigned,,,,,,,,,,,,
2031,1523,440.6800053942346,440.6797563744004,,6262421.16894452,84.24533482124934,488052.2176570615,34.600602215201526,-1,,,,,,,,unassigned,,,,,,,,,,,,
2032,1524,440.8688962915309,440.8686471719618,,7517901.95377773,144.72430271753515,468202.448073131,41.74622782718592,-1,,,,,,,,unassigned,,,,,,,,,,,,
2033,1528,441.0572385901635,441.0569893711521,,1797130.8908075918,257.1941702894575,469971.2428103061,9.766567769508788,-1,,,,,,,,unassigned,,,,,,,,,,,,
2034,1534,441.86852268014906,441.8682730328249,,2294654.032060701,128.45297831807883,485767.3693514009,12.449995965225817,-1,,,,,,,,unassigned,,,,,,,,,,,,
2035,1536,442.65111399068036,442.6508639302448,,1937398.2413619715,111.72996224614191,490083.85680896323,10.52959172477218,-1,,,,,,,,unassigned,,,,,,,,,,,,
2036,1537,442.6770366995046,442.6767866253859,,16434290.11527181,113.15742288592708,485830.8872973339,91.37958225290883,-1,,,,,,,,unassigned,,,,,,,,,,,,
2037,1539,443.0363975259731,443.0361472621746,,2396153.7863313328,84.72605220280465,446043.81162100943,13.070690611272655,-1,,,,,,,,unassigned,,,,,,,,,,,,
2038,1549,444.6740985190107,444.67384739093103,,19568317.92839208,233.3772233206788,485696.7969268652,108.74236939870222,-1,,,,,,,,unassigned,,,,,,,,,,,,
2039,1550,444.8514066400673,444.8511554184286,,5898505.255522704,139.0294161145084,464687.96903450624,32.29278453795356,-1,,,,,,,,unassigned,,,,,,,,,,,,
2040,1552,445.02613244016936,445.0258811263369,,1492476.692515566,84.65501778298682,524729.587034809,8.275234324644575,-1,,,,,,,,unassigned,,,,,,,,,,,,
2041,1554,445.0520689146032,445.05181758708557,,1652575.5531542639,239.71942654445232,473063.0999228163,9.049366908919993,-1,,,,,,,,unassigned,,,,,,,,,,,,
2042,1563,445.85103474310233,445.85078299404665,,1921559.4834620398,87.265762982114,512850.9709688337,10.474048579712061,-1,,,,,,,,unassigned,,,,,,,,,,,,
2043,1564,446.67116459950137,446.6709124177979,,12548793.339923516,112.6852109420218,473771.44588455855,69.55112624428182,-1,,,,,,,,unassigned,,,,,,,,,,,,
2044,1566,447.0420569181787,447.0418045408351,,1518066.571507682,198.93745985878888,416188.72839838197,8.346051834596228,-1,,,,,,,,unassigned,,,,,,,,,,,,
2045,1570,447.17933100677584,447.17907855702515,,1728262.1451543164,82.81152352222365,485557.85794880637,9.385402936533715,-1,,,,,,,,unassigned,,,,,,,,,,,,
2046,1571,448.0604936378525,448.060240723359,,1505185.1141948698,67.74164782321827,485557.1388064855,8.188448160488138,-1,,,,,,,,unassigned,,,,,,,,,,,,
2047,1572,448.66818489725773,448.6679316622942,,4921779.221703969,197.8061930379261,519814.1506445612,26.785681705242695,-1,,,,,,,,unassigned,,,,,,,,,,,,
2048,1573,448.84632445842146,448.8460711295208,,16230527.357064677,167.5368109031661,487696.00775624294,90.04654677146596,-1,,,,,,,,unassigned,,,,,,,,,,,,
2049,1576,449.0440272889425,449.0437738557917,,1538032.4350216372,128.96619098074981,488779.44442986307,8.376600564379293,-1,,,,,,,,unassigned,,,,,,,,,,,,
2050,1579,449.1502913469759,449.1500378577927,,1547148.0831148839,161.67349303097467,394926.8574098914,8.491852590379041,-1,,,,,,,,unassigned,,,,,,,,,,,,
2051,1580,449.15862896271636,449.15837546913684,,1709758.44301194,100.37046653420894,424903.29175858304,9.463163339617884,-1,,,,,,,,unassigned,,,,,,,,,,,,
2052,1581,449.1739158431202,449.17366234148005,,1854100.9360149913,66.43952909985282,467757.425306069,10.069972199399691,-1,,,,,,,,unassigned,,,,,,,,,,,,
2053,1582,449.1949774942748,449.1947239815291,,1622374.9533685874,123.3635488584959,534525.5258810798,8.800811334775958,-1,,,,,,,,unassigned,,,,,,,,,,,,
2054,1583,449.2314071152031,449.23115358324867,,1849773.15372435,94.19005651401093,474870.73771054245,10.076915092532206,-1,,,,,,,,unassigned,,,,,,,,,,,,
2055,1584,449.8458995242082,449.8456456682585,,5176332.31119365,97.22753782241159,464332.13477554213,28.074282670637473,-1,,,,,,,,unassigned,,,,,,,,,,,,
2056,1587,450.1902531565776,450.18999911907923,,11029548.349615414,152.34854252536724,492317.0472999224,61.2363174287819,-1,,,,,,,,unassigned,,,,,,,,,,,,
2057,1588,450.6651586962238,450.6649044083642,,1696792.706860433,174.49261302251287,430814.0806904216,9.306948244136297,-1,,,,,,,,unassigned,,,,,,,,,,,,
2058,1589,450.8430794884041,450.842825106753,,3707014.273001105,92.2502126414902,468455.31914804236,20.117727140775333,-1,,,,,,,,unassigned,,,,,,,,,,,,
2059,1590,450.9943724019981,450.9941179405946,,1513177.8078150891,138.3141080360478,446021.8931476392,8.21274828645194,-1,,,,,,,,unassigned,,,,,,,,,,,,
2060,1597,451.17427991101323,451.17402535477595,,2256223.5228579305,176.6355301365781,383980.6513209765,12.402090002611464,-1,,,,,,,,unassigned,,,,,,,,,,,,
2061,1599,451.21067488202345,451.2104203066018,,2155644.6968046213,174.87157235234721,454873.3868265446,11.946636213118483,-1,,,,,,,,unassigned,,,,,,,,,,,,
2062,1601,452.1873087973074,452.18705370712865,,4264281.520436432,59.907294780115066,491008.99231616454,23.26424630843111,-1,,,,,,,,unassigned,,,,,,,,,,,,
2063,1602,452.8875555140055,452.88730005479573,,6969428.449503334,171.01419045987436,476168.71107095294,38.088711724977045,-1,,,,,,,,unassigned,,,,,,,,,,,,
2064,1604,453.0207958944929,453.02054036506996,,1915922.8561336221,158.48407211986458,439219.0084337301,10.63581798969966,-1,,,,,,,,unassigned,,,,,,,,,,,,
2065,1610,453.88712030587874,453.8868643199692,,2358567.0492422646,114.66032419150005,492300.44631990435,12.820746458502116,-1,,,,,,,,unassigned,,,,,,,,,,,,
2066,1611,454.0347677655776,454.03451170187554,,1658239.5410199761,108.10189631027437,438354.82969300664,8.995212342486376,-1,,,,,,,,unassigned,,,,,,,,,,,,
2067,1612,454.0711262082794,454.0708701254211,,1639161.706109788,117.85308976132288,521862.8497983417,8.893151813438406,-1,,,,,,,,unassigned,,,,,,,,,,,,
2068,1613,454.88464072084736,454.8843842094002,,2067383.1818223002,147.89688127650427,395992.28043254814,11.238461113601957,-1,,,,,,,,unassigned,,,,,,,,,,,,
2069,1624,456.65394798104103,456.65369053765323,,1663381.205766377,209.00724965018543,379106.2957785745,9.018123889823675,-1,,,,,,,,unassigned,,,,,,,,,,,,
2070,1625,457.0049922494414,457.00473462118106,,3064612.4101462592,144.19417630911641,493008.72795225953,16.61573184473479,-1,,,,,,,,unassigned,,,,,,,,,,,,
2071,1635,458.6464339925622,458.6461754999987,,2312844.90106713,110.51429331939282,417070.1150207149,12.549973626334033,-1,,,,,,,,unassigned,,,,,,,,,,,,
2072,1636,458.6510570353452,458.6507985403478,,3535205.162810851,111.31451708542924,477095.9699732236,19.24431118470495,-1,,,,,,,,unassigned,,,,,,,,,,,,
2073,1646,460.6443599220882,460.644100377824,,4547178.484070114,189.26345569717773,408911.9807403595,24.662544985319624,-1,,,,,,,,unassigned,,,,,,,,,,,,
2074,1647,460.64804762181313,460.647788075608,,3923465.8571099956,117.97208122734548,486927.48549987137,21.54518596882041,-1,,,,,,,,unassigned,,,,,,,,,,,,
2075,1648,460.9778100836966,460.9775503639386,,1553699.6152565186,68.77715908107686,422375.25511014287,8.451583810210455,-1,,,,,,,,unassigned,,,,,,,,,,,,
2076,1649,461.03416555048415,461.0339058010673,,1501806.5989388935,132.03675846009995,383858.56181302783,8.200945368126664,-1,,,,,,,,unassigned,,,,,,,,,,,,
2077,1655,462.6422730696171,462.64201247399865,,2937975.4047995983,128.77816010539073,375904.6527827807,16.075574759025127,-1,,,,,,,,unassigned,,,,,,,,,,,,
2078,1656,462.6450221076055,462.64476151054066,,2764916.6900814287,191.98543789307672,372706.95973042946,15.029280763955123,-1,,,,,,,,unassigned,,,,,,,,,,,,
2079,1657,462.79616173492064,462.795901058336,,2095634.4573714684,78.63680064295653,502639.3169586942,11.75015233746831,-1,,,,,,,,unassigned,,,,,,,,,,,,
2080,1658,462.86200659492465,462.86174588369744,,7639016.691725372,91.83743325326986,476387.3387549879,42.15169278612479,-1,,,,,,,,unassigned,,,,,,,,,,,,
2081,1663,463.1742827137176,463.17402183819905,,1930376.3275436044,66.77165224131242,501883.58075856825,10.572637662193774,-1,,,,,,,,unassigned,,,,,,,,,,,,
2082,1664,463.2106833555026,463.2104224608339,,2440053.2964262404,67.70599246352867,476876.36332876055,13.340074864814234,-1,,,,,,,,unassigned,,,,,,,,,,,,
2083,1665,463.8616163867033,463.8613551496015,,2245015.8032936715,48.76134524932632,535864.6951323143,12.293086580430979,-1,,,,,,,,unassigned,,,,,,,,,,,,
2084,1667,464.63959882547823,464.6393371791543,,1678597.4836443511,230.6844449876641,345907.4285415897,9.279176671606237,-1,,,,,,,,unassigned,,,,,,,,,,,,
2085,1668,464.6421035737873,464.641841926146,,1849589.146096316,149.15553002081606,388843.1822500753,10.054003545194906,-1,,,,,,,,unassigned,,,,,,,,,,,,
2086,1669,464.7931735233822,464.79291179628353,,1993441.4138401244,90.1820188074123,491332.65395501576,10.97532546387964,-1,,,,,,,,unassigned,,,,,,,,,,,,
2087,1670,465.02348703382813,465.0232251855964,,1904945.4857755348,85.36933943084617,381729.740395408,10.480991472844575,-1,,,,,,,,unassigned,,,,,,,,,,,,
2088,1675,465.1688032376145,465.1685413129563,,21898408.660935476,204.02749766344874,476715.7852385607,122.26157090633535,-1,,,,,,,,unassigned,,,,,,,,,,,,
2089,1677,465.1899983430362,465.18973640723095,,2144828.6088270475,166.95624508096492,383569.9218846348,11.677251959576903,-1,,,,,,,,unassigned,,,,,,,,,,,,
2090,1678,465.2263265328124,465.2260645779013,,1666045.5851557483,46.355733155467526,523311.5116208687,9.07158416694404,-1,,,,,,,,unassigned,,,,,,,,,,,,
2091,1680,466.8124906411728,466.8122278521716,,1552809.411591325,53.07286933984418,475719.57225013745,8.625156138523328,-1,,,,,,,,unassigned,,,,,,,,,,,,
2092,1684,467.03644482976654,467.0361819230155,,1486738.234889814,68.33059437748452,445975.11046221165,8.06903039860888,-1,,,,,,,,unassigned,,,,,,,,,,,,
2093,1686,467.0811787201525,467.0809157898819,,1569874.04674395,96.54709781080734,490466.96207336243,8.531427081234376,-1,,,,,,,,unassigned,,,,,,,,,,,,
2094,1690,467.1658469285612,467.16558395377547,,8713635.112458805,183.30357535648466,463228.6994101201,47.60602963102854,-1,,,,,,,,unassigned,,,,,,,,,,,,
2095,1691,467.20576296566935,467.2054999698976,,2137924.7373188697,119.04402791104764,421679.82500651653,11.695303481721442,-1,,,,,,,,unassigned,,,,,,,,,,,,
2096,1694,468.16925851674944,468.1689950144568,,1813909.2496883026,256.03469660706253,517646.29798337165,9.853353933665224,-1,,,,,,,,unassigned,,,,,,,,,,,,
2097,1725,475.033802042444,475.0335349336684,,1686278.194787368,244.35535936712284,419663.6970085143,9.245156495256914,-1,,,,,,,,unassigned,,,,,,,,,,,,
2098,1730,475.21065340572835,475.2103862040919,,1593648.0516389213,139.77243791924013,450092.89258181286,8.693196491221975,-1,,,,,,,,unassigned,,,,,,,,,,,,
2099,1731,475.2946829748922,475.2944157291346,,1826539.2019799456,246.702173602147,410507.4025050234,10.029703419231105,-1,,,,,,,,unassigned,,,,,,,,,,,,
2100,1732,476.8777417177916,476.87747364093343,,1920599.130233313,225.8417729598017,467533.061871273,10.4691885545193,-1,,,,,,,,unassigned,,,,,,,,,,,,
2101,1736,477.18993595567827,477.1896677149444,,1997462.3270306569,232.15883734131165,500869.1372433927,10.83091328672333,-1,,,,,,,,unassigned,,,,,,,,,,,,
2102,1737,477.2263333270285,477.2260650671896,,1709066.954825182,331.52165434698594,389226.3908846111,9.288202432678506,-1,,,,,,,,unassigned,,,,,,,,,,,,
2103,1739,478.80886197369244,478.8085928832915,,1489866.9376530452,102.07227083107635,421037.46275445406,8.150262248259306,-1,,,,,,,,unassigned,,,,,,,,,,,,
2104,1744,479.1480872585986,479.1478179901891,,7988091.0114965355,108.39675807734532,469790.322391531,43.5486028843868,-1,,,,,,,,unassigned,,,,,,,,,,,,
2105,1747,479.20555641050584,479.2052871119403,,1961956.9708710993,114.98691318735635,449823.1480315891,10.666366719482726,-1,,,,,,,,unassigned,,,,,,,,,,,,
2106,1750,480.200842727713,480.20057290693205,,2772785.245714312,92.52671569344301,468814.4245009528,15.254924790761859,-1,,,,,,,,unassigned,,,,,,,,,,,,
2107,1757,481.1637282485331,481.1634579226173,,129367016.82265136,295.3378990912251,455480.07907578076,719.9280290112467,-1,,,,,,,,unassigned,,,,,,,,,,,,
2108,1762,482.24964509828345,482.2493742027845,,1703876.2633582493,131.38297587449168,401792.44359014375,9.339579841859118,-1,,,,,,,,unassigned,,,,,,,,,,,,
2109,1763,482.8149201825612,482.814648990605,,5767470.771058599,98.11005261585348,464777.4295366489,31.259682039835333,-1,,,,,,,,unassigned,,,,,,,,,,,,
2110,1767,483.0494984438942,483.0492271289219,,1500409.9282808178,68.75768401501932,423872.6756554272,8.159288009331576,-1,,,,,,,,unassigned,,,,,,,,,,,,
2111,1771,483.1607817463294,483.16051037300025,,38400737.693951,132.35619486423022,464722.1306906635,208.70892187790557,-1,,,,,,,,unassigned,,,,,,,,,,,,
2112,1772,483.16798424989355,483.16771287278743,,2405351.513994745,41.88210710774409,513967.85554941045,13.049861931875109,-1,,,,,,,,unassigned,,,,,,,,,,,,
2113,1773,483.17045466367983,483.1701832852783,,4278452.563052362,200.31734114817095,426020.51961252367,23.857169381947887,-1,,,,,,,,unassigned,,,,,,,,,,,,
2114,1775,483.2600691407731,483.2597977153786,,1987422.7244697746,220.9641346560493,409738.05984463764,11.023231426493993,-1,,,,,,,,unassigned,,,,,,,,,,,,
2115,1776,483.81437575393636,483.8141040378844,,1611039.4234116867,142.79391937876682,334134.38659443543,8.932726304293741,-1,,,,,,,,unassigned,,,,,,,,,,,,
2116,1778,484.16412471369506,484.1638528142614,,10399577.459367558,108.62149079572062,454021.3635810247,56.409618123057506,-1,,,,,,,,unassigned,,,,,,,,,,,,
2117,1779,484.8118890039832,484.8116167649388,,3800760.6120568085,192.48408795965912,458655.2392861156,21.003640304484243,-1,,,,,,,,unassigned,,,,,,,,,,,,
2118,1780,484.8230198189922,484.82274757411244,,16498820.509771463,148.06162164470445,454279.30400222534,91.15740967266835,-1,,,,,,,,unassigned,,,,,,,,,,,,
2119,1781,485.0059445226993,485.00567218192214,,1894565.5399078883,193.45240967759037,496395.87071529654,10.307419144531702,-1,,,,,,,,unassigned,,,,,,,,,,,,
2120,1789,485.82260960096374,485.8223368320887,,5328156.313817039,174.96186865395413,439999.8976435808,29.757239965959098,-1,,,,,,,,unassigned,,,,,,,,,,,,
2121,1790,486.0973504677522,486.0970775548701,,1609023.8697698975,138.10867161632117,450647.1899922544,8.935503461546746,-1,,,,,,,,unassigned,,,,,,,,,,,,
2122,1791,486.8200076649988,486.8197343733622,,7254079.05108563,161.71339144942428,413267.85289883404,40.529832950369304,-1,,,,,,,,unassigned,,,,,,,,,,,,
2123,1799,487.1703789289971,487.1701054537422,,1731967.0845822361,124.37483437039886,422983.01373537356,9.45274899991911,-1,,,,,,,,unassigned,,,,,,,,,,,,
2124,1802,487.8195297997588,487.8192559843324,,1840242.4541227014,133.46051440295977,429219.42438388744,9.99012892837577,-1,,,,,,,,unassigned,,,,,,,,,,,,
2125,1803,488.79458690787277,488.7943125815591,,1577269.6773481602,175.024833512918,416819.1307882438,8.609881773631795,-1,,,,,,,,unassigned,,,,,,,,,,,,
2126,1810,490.0347710273008,490.0344960513019,,2137439.816263221,181.46079661493138,370850.1758212059,11.594631531299974,-1,,,,,,,,unassigned,,,,,,,,,,,,
2127,1811,490.7801752689251,490.77989990250035,,1624713.776192476,181.61374062167775,420869.3226553233,8.815391410354238,-1,,,,,,,,unassigned,,,,,,,,,,,,
2128,1812,490.8026083129616,490.80233293478756,,2447754.7190245334,73.12454241784762,526385.8303735782,13.27342309074209,-1,,,,,,,,unassigned,,,,,,,,,,,,
2129,1818,491.2055786250159,491.2053030357957,,1655458.380415811,182.17817678918453,368537.39976328425,9.112547236425879,-1,,,,,,,,unassigned,,,,,,,,,,,,
2130,1820,493.01338956394505,493.01311302809626,,1733542.4891268956,122.81275597024869,375891.45947065525,9.505514987726224,-1,,,,,,,,unassigned,,,,,,,,,,,,
2131,1825,493.2213234044152,493.2210467597033,,1828718.0744828216,117.52259775626172,464314.7298973203,10.235213055953546,-1,,,,,,,,unassigned,,,,,,,,,,,,
2132,1828,494.6187653843545,494.61848800811197,,1935697.5476834953,87.79267466855721,419639.90210398857,10.551114693482978,-1,,,,,,,,unassigned,,,,,,,,,,,,
2133,1833,495.1430152203545,495.1427375697214,,8605847.698646575,180.91967762863945,438372.84008808015,47.82264789676301,-1,,,,,,,,unassigned,,,,,,,,,,,,
2134,1837,496.08165257940396,496.0813744375497,,1564553.868667991,152.8441776006434,397468.5157930154,8.635570478222101,-1,,,,,,,,unassigned,,,,,,,,,,,,
2135,1839,496.6157737975295,496.6154953761848,,3080685.6537515395,28.659775166353327,449273.3143582912,16.85734452574631,-1,,,,,,,,unassigned,,,,,,,,,,,,
2136,1840,496.83051404751325,496.8302355138079,,3492577.2924594916,203.2369303782931,419771.9598563191,19.25680839234348,-1,,,,,,,,unassigned,,,,,,,,,,,,
2137,1841,496.9999032532055,496.9996246308718,,1550387.8437589367,196.63299249151896,430313.3693910247,8.496712615571802,-1,,,,,,,,unassigned,,,,,,,,,,,,
2138,1846,497.09299457437766,497.09271590333736,,62275995.58108085,159.2030980151394,440577.5034989349,338.41327422229693,-1,,,,,,,,unassigned,,,,,,,,,,,,
2139,1849,497.1586715656992,497.1583928602964,,12456693.395860117,158.24282972735222,443305.55227576446,68.21809076283894,-1,,,,,,,,unassigned,,,,,,,,,,,,
2140,1851,497.2162478683982,497.21596913287146,,1614212.4850801188,182.32216974460687,324238.3613682778,8.798728466836202,-1,,,,,,,,unassigned,,,,,,,,,,,,
2141,1853,497.6774203425061,497.67714136570396,,2265222.48719845,206.5577122017798,405535.20813467185,12.615236821779673,-1,,,,,,,,unassigned,,,,,,,,,,,,
2142,1855,498.0963800195544,498.0961008235774,,8247160.292316469,286.09974612266547,431269.0596598296,45.8203175173457,-1,,,,,,,,unassigned,,,,,,,,,,,,
2143,1857,498.612808527099,498.61252906097786,,2436075.6883305726,199.49563256899117,452440.95662226144,13.344240600693743,-1,,,,,,,,unassigned,,,,,,,,,,,,
2144,1858,498.63865778813886,498.63837830849656,,2644116.8449251056,163.70831272266912,445391.74702824873,14.816133944786914,-1,,,,,,,,unassigned,,,,,,,,,,,,
2145,1859,498.8275338976372,498.8272543191997,,3400779.8273144243,177.73622483568437,393408.83368605835,18.626393695911123,-1,,,,,,,,unassigned,,,,,,,,,,,,
2146,1860,498.83867305480453,498.8383934705406,,11023919.2158103,55.91697578089425,433159.4377060013,60.79752658280696,-1,,,,,,,,unassigned,,,,,,,,,,,,
2147,1865,499.08997272020144,499.0896930044955,,25708141.3663358,137.54810340574747,442619.07940243394,139.4688372459604,-1,,,,,,,,unassigned,,,,,,,,,,,,
2148,1866,499.0921331213542,499.0918534045183,,2854712.239780027,108.74921195296986,434763.4519017062,15.613178076399631,-1,,,,,,,,unassigned,,,,,,,,,,,,
2149,1867,499.09586774364084,499.09558802485157,,2067720.9068085393,106.37689072393597,425851.9344353716,11.3280244350114,-1,,,,,,,,unassigned,,,,,,,,,,,,
2150,1870,499.1557160467885,499.15543629669645,,3539316.265350416,200.17208309429842,438934.8234687847,19.25264265646397,-1,,,,,,,,unassigned,,,,,,,,,,,,
2151,1872,499.6744452539837,499.67416523259084,,1644858.852691321,52.01567665071796,398188.5669208357,9.129904469257166,-1,,,,,,,,unassigned,,,,,,,,,,,,
2152,1873,499.8382280901346,499.8379479830863,,3623394.136929907,156.21974738293832,429298.4411064912,19.75947385513756,-1,,,,,,,,unassigned,,,,,,,,,,,,
2153,1875,500.093263165223,500.0929829248006,,3560519.0916041336,160.76641465411018,457480.34810979397,19.338734531307157,-1,,,,,,,,unassigned,,,,,,,,,,,,
2154,1876,500.63571557824406,500.6354350541572,,9766554.697563535,256.8493756664092,446440.7577760545,53.35474514475093,-1,,,,,,,,unassigned,,,,,,,,,,,,
2155,1877,500.83570473614196,500.8354241074811,,4842372.40859752,135.25296377506035,422552.1516233398,26.284404821075118,-1,,,,,,,,unassigned,,,,,,,,,,,,
2156,1887,502.6327682246501,502.63248665646086,,12518661.811274491,201.86208963196546,449274.14336402906,68.60689277825978,-1,,,,,,,,unassigned,,,,,,,,,,,,
2157,1894,504.32154169144235,504.3212592405908,,2174491.372300327,145.30072904321412,434981.5608850374,12.029256641395412,-1,,,,,,,,unassigned,,,,,,,,,,,,
2158,1895,504.5939069646156,504.593624371431,,1851368.7205337745,155.91457075683635,378321.71347392915,10.08316369635147,-1,,,,,,,,unassigned,,,,,,,,,,,,
2159,1896,504.6298022349287,504.62951962298644,,9854952.503162773,235.7362986982865,440489.29068293096,53.50471163641325,-1,,,,,,,,unassigned,,,,,,,,,,,,
2160,1897,504.81829950654196,504.81801679609885,,1733003.9102159464,127.3246148107995,365438.7213586242,9.47080052206365,-1,,,,,,,,unassigned,,,,,,,,,,,,
2161,1903,506.62685929864205,506.6265756432742,,5168823.052575727,197.01982195700973,440412.77457954834,28.382547125721135,-1,,,,,,,,unassigned,,,,,,,,,,,,
2162,1907,507.2004866406088,507.200202685594,,1689662.4531263995,110.81002181537858,357345.50031583675,9.338191263232615,-1,,,,,,,,unassigned,,,,,,,,,,,,
2163,1908,507.23702058713644,507.23673661303826,,1530780.4583108241,78.86451184368333,344367.0366421672,8.605716037752286,-1,,,,,,,,unassigned,,,,,,,,,,,,
2164,1909,507.58010614363906,507.579821990337,,1497508.7743894546,222.2204123715121,373687.5282858652,8.16623090246409,-1,,,,,,,,unassigned,,,,,,,,,,,,
2165,1911,508.1957969251368,508.19551245026605,,2289102.522711279,141.20286613600302,411571.6001303482,12.622179714912187,-1,,,,,,,,unassigned,,,,,,,,,,,,
2166,1912,508.8131200529996,508.81283525573997,,9440422.440811088,148.68522358302198,440558.9090538225,52.40495736422288,-1,,,,,,,,unassigned,,,,,,,,,,,,
2167,1919,509.81266756189285,509.81238224270163,,4152972.4044441986,174.19147569361346,430835.1573602093,23.246194786286573,-1,,,,,,,,unassigned,,,,,,,,,,,,
2168,1920,510.06087884040875,510.0605933916227,,2094028.9134340386,98.86077394438087,384124.1987521387,11.498819606071269,-1,,,,,,,,unassigned,,,,,,,,,,,,
2169,1921,510.80990881007557,510.80962297024166,,1874696.1512165815,258.66275416025553,456094.77929851756,10.194249986471709,-1,,,,,,,,unassigned,,,,,,,,,,,,
2170,1926,511.1087196642098,511.1084336683884,,5826490.708936854,347.2516433784208,309686.1539542045,31.627655375858627,-1,,,,,,,,unassigned,,,,,,,,,,,,
2171,1927,511.1379485055487,511.1376624944694,,6508795.774600617,184.80704482298802,435346.29519418237,35.347657516260135,-1,,,,,,,,unassigned,,,,,,,,,,,,
2172,1932,512.8544046589187,512.8541177519533,,3577418.5997263854,134.071603290675,423012.92372371844,19.523415488632054,-1,,,,,,,,unassigned,,,,,,,,,,,,
2173,1937,513.1056754356401,513.1053883975476,,2555949.3041745173,74.25430606427453,429911.0189087732,13.91841786275273,-1,,,,,,,,unassigned,,,,,,,,,,,,
2174,1941,513.9594813876785,513.9591939040624,,1721949.7270023783,191.50458441990332,422599.8840675892,9.603409780894685,-1,,,,,,,,unassigned,,,,,,,,,,,,
2175,1942,514.6124678577839,514.6121800334759,,1533995.6841364184,147.08119867199096,380125.9764540594,8.324528865885432,-1,,,,,,,,unassigned,,,,,,,,,,,,
2176,1943,514.8513474074721,514.8510594585389,,2014712.4819091305,137.3133549929355,456157.02680110227,10.922559476072527,-1,,,,,,,,unassigned,,,,,,,,,,,,
2177,1944,515.0107734530915,515.0104854209874,,2188328.563626342,217.53378198986988,410614.80637240806,11.958439131443757,-1,,,,,,,,unassigned,,,,,,,,,,,,
2178,1952,515.2863230899933,515.286034914143,,1840204.2947017183,114.71935154346173,374662.1344745532,10.164395546001893,-1,,,,,,,,unassigned,,,,,,,,,,,,
2179,1953,516.6096755808259,516.6093867147107,,1925458.4093709849,93.42254680312448,442016.03988270886,10.63998372557917,-1,,,,,,,,unassigned,,,,,,,,,,,,
2180,1954,517.0240566327401,517.0237675505133,,1827205.2611579602,125.83838934750071,361214.3471284949,9.985963192496259,-1,,,,,,,,unassigned,,,,,,,,,,,,
2181,1959,517.0991881100322,517.0988989886235,,1807793.1910252152,214.32706040816993,392403.36095866055,9.838773858086942,-1,,,,,,,,unassigned,,,,,,,,,,,,
2182,1962,518.6066775205958,518.6063876131205,,3125566.761641162,93.18999252649252,425309.3228588987,17.51136505882922,-1,,,,,,,,unassigned,,,,,,,,,,,,
2183,1967,519.32093747985,519.3206471999981,,7421114.938879707,184.93669915489977,431483.6478956821,40.338209099911886,-1,,,,,,,,unassigned,,,,,,,,,,,,
2184,1968,520.0452469462301,520.0449562888064,,1800229.1588876944,100.3188189811499,410999.90745763684,9.895011292460314,-1,,,,,,,,unassigned,,,,,,,,,,,,
2185,1970,520.6038046238534,520.6035136752924,,2167760.198072421,366.0420891414065,369054.7485854348,11.811249797034442,-1,,,,,,,,unassigned,,,,,,,,,,,,
2186,1971,520.7636752004803,520.7633841685948,,1503686.166318587,100.34535588219893,403517.89433442603,8.156510852078569,-1,,,,,,,,unassigned,,,,,,,,,,,,
2187,1975,521.1302139154069,521.1299226924896,,1540522.2276551216,81.06041579960056,456617.2158517246,8.36132619948776,-1,,,,,,,,unassigned,,,,,,,,,,,,
2188,1978,521.2526731091482,521.2523818224106,,1789520.9276427552,119.0246465360201,391677.99281911715,10.001237557387793,-1,,,,,,,,unassigned,,,,,,,,,,,,
2189,1979,521.3179787979528,521.3176874771812,,1952811.383362118,69.29632162383224,432761.2930587376,10.68233537368751,-1,,,,,,,,unassigned,,,,,,,,,,,,
2190,1981,522.6007007499098,522.6004087607229,,1714208.739228932,273.9242080584266,394059.82216357323,9.327776923533841,-1,,,,,,,,unassigned,,,,,,,,,,,,
2191,1982,522.8287670390567,522.8284749310411,,4668438.698167162,116.09795675573488,408842.99541955115,25.370720084836147,-1,,,,,,,,unassigned,,,,,,,,,,,,
2192,1986,523.1461528890513,523.1458606156765,,1772140.4850801874,125.10556801839975,384806.8635488006,9.754764851183511,-1,,,,,,,,unassigned,,,,,,,,,,,,
2193,1988,524.0766054793328,524.0763127212381,,1604451.0546112466,34.619018843948666,412323.6742818275,8.759848265294119,-1,,,,,,,,unassigned,,,,,,,,,,,,
2194,1992,525.1900302221068,525.1897368840696,,1732486.518806995,172.36374081440064,430580.04669194634,9.441640370907088,-1,,,,,,,,unassigned,,,,,,,,,,,,
2195,1993,526.7794368760874,526.779142710369,,1817022.6023874453,178.1517786113382,362727.61144857935,9.983186035243254,-1,,,,,,,,unassigned,,,,,,,,,,,,
2196,2001,527.286228868431,527.2859344388464,,1746983.8534512776,170.80835857131382,442322.1518012508,9.48468630832868,-1,,,,,,,,unassigned,,,,,,,,,,,,
2197,2002,528.0503691984366,528.0500743710367,,1490261.6008780694,91.10013835438697,364014.2192711426,8.079097593651028,-1,,,,,,,,unassigned,,,,,,,,,,,,
2198,2017,533.5792605106259,533.578962806337,,4907519.259769439,99.07669521671141,447600.24564103386,26.652378157098408,-1,,,,,,,,unassigned,,,,,,,,,,,,
2199,2021,536.0766140215662,536.0763150186641,,1636702.0805886246,205.39429386025097,406056.8785819713,9.032009676088705,-1,,,,,,,,unassigned,,,,,,,,,,,,
2200,2028,537.5728823652237,537.5725825845227,,4571329.272324813,105.54039611593608,389836.9641471776,25.23186222218585,-1,,,,,,,,unassigned,,,,,,,,,,,,
2201,2029,538.0558620039677,538.0555619722421,,1489815.891193491,156.5581978056359,348760.1497021711,8.283218651746967,-1,,,,,,,,unassigned,,,,,,,,,,,,
2202,2033,539.1410754143286,539.140774818645,,1530599.5598636402,129.75029277434015,378411.92347784544,8.303700186487886,-1,,,,,,,,unassigned,,,,,,,,,,,,
2203,2038,541.0624672167498,541.0621656228134,,2340413.0394501137,43.41513678524392,360308.8838969923,12.699245828683104,-1,,,,,,,,unassigned,,,,,,,,,,,,
2204,2041,541.184885808583,541.184584151055,,4189088.284059087,158.726657607078,417040.8931527095,22.75324937387801,-1,,,,,,,,unassigned,,,,,,,,,,,,
2205,2042,541.5665804342209,541.5662785784261,,3996960.6827244707,95.3813594726625,403036.8768550685,22.07006868963854,-1,,,,,,,,unassigned,,,,,,,,,,,,
2206,2043,542.7816712051746,542.7813687182977,,4943892.199531527,116.08134883978823,420249.9275381135,26.87593931596539,-1,,,,,,,,unassigned,,,,,,,,,,,,
2207,2048,543.1817909295639,543.1814882349042,,1734121.2768930527,166.66944518744143,317211.348880647,9.409355917840893,-1,,,,,,,,unassigned,,,,,,,,,,,,
2208,2049,544.7786753016219,544.7783717778333,,3580229.191883185,202.6949265390175,419347.70711071556,20.07051546747423,-1,,,,,,,,unassigned,,,,,,,,,,,,
2209,2050,544.7898121598821,544.7895086303118,,15544682.632065035,130.14305956417405,409525.8791258765,85.58087790863235,-1,,,,,,,,unassigned,,,,,,,,,,,,
2210,2052,545.0548997285064,545.0545960613194,,1511458.258769604,104.98809243376436,295470.2439663393,8.297104438011997,-1,,,,,,,,unassigned,,,,,,,,,,,,
2211,2056,545.260314019321,545.2600102455002,,1538921.1961207974,142.39639390849598,307218.9731777216,8.437350879288799,-1,,,,,,,,unassigned,,,,,,,,,,,,
2212,2057,545.7894396444175,545.7891355959355,,5272290.149172789,91.895136613774,400495.97506307525,28.628325542612163,-1,,,,,,,,unassigned,,,,,,,,,,,,
2213,2058,546.7868102366964,546.786505670559,,8082869.9735199325,96.2659300760896,395417.8036962025,43.85409018221746,-1,,,,,,,,unassigned,,,,,,,,,,,,
2214,2059,546.7888618187475,546.7885572515453,,1526306.1657521483,204.12767558125734,404407.96151722193,8.298840161295125,-1,,,,,,,,unassigned,,,,,,,,,,,,
2215,2063,547.7862968625997,547.7859917777936,,3104071.373532784,205.98421263207013,397925.53009216837,16.917053406685937,-1,,,,,,,,unassigned,,,,,,,,,,,,
2216,2064,548.7611435903351,548.7608379997287,,3143352.4260613974,306.0607049247321,363111.8038109291,17.276695270950214,-1,,,,,,,,unassigned,,,,,,,,,,,,
2217,2070,550.0558572990532,550.0555510368083,,1922796.4691175122,200.81224650454772,373675.7360721062,10.531674592711935,-1,,,,,,,,unassigned,,,,,,,,,,,,
2218,2071,550.769259319897,550.7689526876326,,1748646.5628461535,78.52311241554389,437157.32647257723,9.639512825183763,-1,,,,,,,,unassigned,,,,,,,,,,,,
2219,2076,552.0716790762649,552.0713717685875,,1580942.0178945283,94.17642725805449,436564.0408555232,8.580027333161981,-1,,,,,,,,unassigned,,,,,,,,,,,,
2220,2077,553.0261355235778,553.025827721027,,2476807.826339612,151.98905353357077,368369.51011162234,13.567801759560725,-1,,,,,,,,unassigned,,,,,,,,,,,,
2221,2079,553.0629112985722,553.0626034769552,,1594228.1917327691,116.86429578316576,358762.0382797868,8.745615334372463,-1,,,,,,,,unassigned,,,,,,,,,,,,
2222,2081,553.1203590341828,553.1200511827825,,1831536.2451409572,142.68052807613827,342888.058752602,9.939792953165036,-1,,,,,,,,unassigned,,,,,,,,,,,,
2223,2082,554.574488812543,554.574180207356,,2566291.0851957435,147.7206398608489,385809.08696547523,13.926749334511747,-1,,,,,,,,unassigned,,,,,,,,,,,,
2224,2087,556.571482521194,556.5711728811056,,2355319.935323738,181.9768717850121,344287.17129187676,13.07832779371842,-1,,,,,,,,unassigned,,,,,,,,,,,,
2225,2088,556.5973426443062,556.5970329908184,,2065962.286802001,94.11897713140691,386052.7471711925,11.241932560168214,-1,,,,,,,,unassigned,,,,,,,,,,,,
2226,2089,556.7973451270744,556.7970353699586,,2717690.4388010013,227.57510044697483,366865.545112203,14.825159705859184,-1,,,,,,,,unassigned,,,,,,,,,,,,
2227,2095,558.5685416588284,558.5682309841442,,1671496.8815589247,242.45601607323624,329042.60168808274,9.241337904034031,-1,,,,,,,,unassigned,,,,,,,,,,,,
2228,2096,558.5943555868471,558.5940448987919,,6161621.300498715,109.78307384375088,395635.4176570501,33.57860834609533,-1,,,,,,,,unassigned,,,,,,,,,,,,
2229,2097,558.7942862054265,558.7939754138146,,1939209.288181427,164.71139570082576,350414.9359164178,10.585829159145552,-1,,,,,,,,unassigned,,,,,,,,,,,,
2230,2098,558.8054978749254,558.8051870775063,,9128807.454515638,219.75986365278715,406471.87380874646,49.74444071584315,-1,,,,,,,,unassigned,,,,,,,,,,,,
2231,2103,559.805119075715,559.8048077605802,,3439318.4116085703,297.8971943401482,390006.6222073605,18.697211205862775,-1,,,,,,,,unassigned,,,,,,,,,,,,
2232,2105,560.5913845552457,560.5910728329543,,8011944.128750466,175.2945551063147,396789.3063266333,43.954067843325674,-1,,,,,,,,unassigned,,,,,,,,,,,,
2233,2106,560.8024259513343,560.8021141197671,,5166492.515940304,184.17443341507195,372273.6268840448,28.493633415841376,-1,,,,,,,,unassigned,,,,,,,,,,,,
2234,2109,561.8021347182078,561.8018223690494,,1496852.9032269488,146.61721634985628,350458.54257902544,8.125962122295503,-1,,,,,,,,unassigned,,,,,,,,,,,,
2235,2110,562.588517205383,562.5882044491412,,6709912.944258567,91.59519721798546,392274.47887401877,36.5362808205467,-1,,,,,,,,unassigned,,,,,,,,,,,,
2236,2111,562.8003901193534,562.8000772534413,,3322653.9721917557,160.27485418036594,381610.0927124573,18.266751831646847,-1,,,,,,,,unassigned,,,,,,,,,,,,
2237,2114,563.1043679584831,563.1040549352315,,1914759.326637622,116.30346201973546,370725.6846676173,10.51015162400114,-1,,,,,,,,unassigned,,,,,,,,,,,,
2238,2115,564.5854289887648,564.5851151990265,,3813236.037633665,115.17659011764071,393647.0940381589,21.189709840435643,-1,,,,,,,,unassigned,,,,,,,,,,,,
2239,2118,566.5826285421962,566.582313719152,,1549541.169329366,119.03085784188976,312985.5708555937,8.436656589975547,-1,,,,,,,,unassigned,,,,,,,,,,,,
2240,2125,569.057430583998,569.0571144810182,,1891576.4981082703,47.02796895767642,392211.20892660494,10.341439320881026,-1,,,,,,,,unassigned,,,,,,,,,,,,
2241,2132,571.1117904078213,571.1114732427494,,9609362.625767749,164.78532267059686,388009.6937562407,52.65212435974041,-1,,,,,,,,unassigned,,,,,,,,,,,,
2242,2133,572.1114063825013,572.1110887007636,,3922541.811973694,258.2404423110628,380893.7566807502,21.39244231990508,-1,,,,,,,,unassigned,,,,,,,,,,,,
2243,2135,572.8211829206532,572.820864872109,,2332868.3591606016,137.8278415160451,394693.3941089547,12.875595314248985,-1,,,,,,,,unassigned,,,,,,,,,,,,
2244,2139,573.1088395953112,573.1085213981208,,4504095.410730682,391.2679827145766,351914.0552194047,25.090227202282545,-1,,,,,,,,unassigned,,,,,,,,,,,,
2245,2142,574.8179680903056,574.8176490100699,,1703293.4352071534,172.80489219662215,275849.7838503542,9.255570834955686,-1,,,,,,,,unassigned,,,,,,,,,,,,
2246,2145,576.5653204244654,576.5650004416927,,2606788.0338727976,210.51852719649975,320897.71279991796,14.290556934655532,-1,,,,,,,,unassigned,,,,,,,,,,,,
2247,2146,576.8161501457685,576.8158300334593,,1810967.2589435654,290.3829511171148,397858.9542055446,9.857519669544732,-1,,,,,,,,unassigned,,,,,,,,,,,,
2248,2149,578.5623372029551,578.5620161890077,,2149717.8600515192,156.81132684961045,393725.0049227077,12.045225295600195,-1,,,,,,,,unassigned,,,,,,,,,,,,
2249,2153,579.0993127669456,579.0989914757848,,2558241.2150470302,223.61189513142946,368716.6171151386,13.967712403993586,-1,,,,,,,,unassigned,,,,,,,,,,,,
2250,2157,582.3852381022467,582.3849151152627,,1878816.6824478612,303.73357788078647,332063.66958763974,10.195291420441585,-1,,,,,,,,unassigned,,,,,,,,,,,,
2251,2169,589.7356706275182,589.7353438504001,,1503195.837990004,115.52871114551823,373215.06902132457,8.158246575361698,-1,,,,,,,,unassigned,,,,,,,,,,,,
2252,2172,591.0993119189462,591.0989844391938,,2602705.610236729,148.9853613312699,344069.90723533445,14.308608456800071,-1,,,,,,,,unassigned,,,,,,,,,,,,
2253,2181,597.0810258922386,597.0806953321992,,1582648.473596078,296.07916850069523,298030.0527368205,8.606757471722164,-1,,,,,,,,unassigned,,,,,,,,,,,,
2254,2188,602.7484562154892,602.7481227398135,,2913424.349868987,160.75718195451344,374964.5561436867,15.84507070702563,-1,,,,,,,,unassigned,,,,,,,,,,,,
2255,2193,604.2119675597687,604.211633331627,,1553325.1971549045,251.37674570386818,286270.8109578181,8.42901940752978,-1,,,,,,,,unassigned,,,,,,,,,,,,
2256,2194,604.745439382107,604.7451048797254,,2533103.043069927,134.7855865863,370397.02863518114,13.947578013909293,-1,,,,,,,,unassigned,,,,,,,,,,,,
2257,2195,604.7565962964284,604.7562617883117,,10787354.351648588,264.38948283549945,368615.2636579082,58.861847977461785,-1,,,,,,,,unassigned,,,,,,,,,,,,
2258,2196,605.0425272482105,605.0421925931166,,1671822.9270467055,90.0826077098526,358016.7047627976,9.087205676492198,-1,,,,,,,,unassigned,,,,,,,,,,,,
2259,2199,605.7562411014403,605.7559060795063,,4358770.388242004,140.5649559625825,384588.05035855103,23.659991216984462,-1,,,,,,,,unassigned,,,,,,,,,,,,
2260,2200,606.753550657113,606.7532151226466,,5935319.108466891,54.593982854446374,367762.57762287086,32.20530408448387,-1,,,,,,,,unassigned,,,,,,,,,,,,
2261,2203,607.752962580376,607.7526265323819,,2884129.0856690397,262.6986946235735,301293.5803581817,15.644421095495948,-1,,,,,,,,unassigned,,,,,,,,,,,,
2262,2204,608.7503950692304,608.7500585088103,,1551277.3579788175,100.93639489460617,389864.03840464744,8.55225576063192,-1,,,,,,,,unassigned,,,,,,,,,,,,
2263,2210,612.5331659151421,612.5328274121123,,1585278.6020356705,183.93930684574858,371029.0728317252,8.638347635475107,-1,,,,,,,,unassigned,,,,,,,,,,,,
2264,2215,616.4340533463194,616.4337128412978,,1775748.8015654357,129.7303280598697,312332.0781025325,9.836343845490562,-1,,,,,,,,unassigned,,,,,,,,,,,,
2265,2216,616.76385201442,616.7635113402004,,1528051.1235278263,142.5192695850757,352095.68829203554,8.400900690343095,-1,,,,,,,,unassigned,,,,,,,,,,,,
2266,2218,617.078923056816,617.0785822209629,,2271692.886424256,163.50651935443537,340967.91725864616,12.4416644934668,-1,,,,,,,,unassigned,,,,,,,,,,,,
2267,2221,618.7722691536683,618.7719274492616,,5926171.776807494,117.07657827508194,367304.2903947216,33.12176597797584,-1,,,,,,,,unassigned,,,,,,,,,,,,
2268,2223,619.3370061643537,619.3366641703357,,3855546.682964027,124.85581651636215,343689.8587260294,21.58753761692875,-1,,,,,,,,unassigned,,,,,,,,,,,,
2269,2224,619.7717624664837,619.7714202495301,,2713217.0201990465,210.2433226825405,334962.2126392425,14.732124937883484,-1,,,,,,,,unassigned,,,,,,,,,,,,
2270,2226,620.7692398516242,620.7688971232423,,3595816.0488813226,91.42691604740881,358163.1358918678,19.526192645885057,-1,,,,,,,,unassigned,,,,,,,,,,,,
2271,2230,621.7688956308667,621.7685523900244,,1495574.5877217974,356.21848562448884,344887.26105222973,8.339108941463712,-1,,,,,,,,unassigned,,,,,,,,,,,,
2272,2231,622.7673000870655,622.7669563344892,,3440991.029775404,257.36174503165535,382791.5674289563,18.85828632653712,-1,,,,,,,,unassigned,,,,,,,,,,,,
2273,2232,623.0527781469351,623.0524342480522,,1783613.6464352007,314.7097476019268,304052.7036857186,9.732894737816089,-1,,,,,,,,unassigned,,,,,,,,,,,,
2274,2234,623.7666518403407,623.7663075756301,,1925164.9134686003,158.8321327269342,361082.71148110635,10.580969133952792,-1,,,,,,,,unassigned,,,,,,,,,,,,
2275,2235,624.7641648304307,624.7638200546127,,3635235.4430961465,118.97817005881767,347979.2161496614,19.717816496342472,-1,,,,,,,,unassigned,,,,,,,,,,,,
2276,2237,625.0840984546642,625.083753514936,,1651783.852050104,206.87427466793122,308120.59990322206,9.018123889823675,-1,,,,,,,,unassigned,,,,,,,,,,,,
2277,2238,628.7467731502362,628.7464263346469,,3229522.9349731915,300.1619299549561,316202.00461024407,17.523862266467745,-1,,,,,,,,unassigned,,,,,,,,,,,,
2278,2239,629.04222116922,629.0418742023652,,2084765.514426231,148.34306575232765,340008.9271621444,11.551585593878382,-1,,,,,,,,unassigned,,,,,,,,,,,,
2279,2242,632.7878081090519,632.7874592251472,,1515978.292464897,89.3203476075426,367742.2379972181,8.446723785017694,-1,,,,,,,,unassigned,,,,,,,,,,,,
2280,2249,636.782901249058,636.7825503217188,,3603358.834205212,144.7285911230242,362323.8200041868,20.082318385799507,-1,,,,,,,,unassigned,,,,,,,,,,,,
2281,2251,638.7797477867476,638.7793958385587,,2571306.4775066013,116.49927377575652,349583.3475425404,14.37803738812522,-1,,,,,,,,unassigned,,,,,,,,,,,,
2282,2259,647.0891091970097,647.0887530044627,,1815593.1906180484,197.1649568491708,361013.9638084881,9.861685405424241,-1,,,,,,,,unassigned,,,,,,,,,,,,
2283,2261,650.798283082173,650.7979249969061,,1632141.1689357937,142.44231950292794,373278.6315131088,8.887597498932394,-1,,,,,,,,unassigned,,,,,,,,,,,,
2284,2262,651.0839781297425,651.0836198987394,,1652465.701434173,180.5903615089206,308017.95367494645,8.977507964998463,-1,,,,,,,,unassigned,,,,,,,,,,,,
2285,2263,653.0633244658861,653.0629652253882,,1827139.8430510093,134.2049764740329,309219.84943773894,9.941181531791537,-1,,,,,,,,unassigned,,,,,,,,,,,,
2286,2264,653.4763438914656,653.4759844403638,,2021539.3784761413,183.38895576513156,311988.37032891274,11.149939226162392,-1,,,,,,,,unassigned,,,,,,,,,,,,
2287,2267,658.2614800979907,658.2611182079474,,3040757.34341703,171.10264999310905,327643.46203426213,16.808744273818707,-1,,,,,,,,unassigned,,,,,,,,,,,,
2288,2269,661.1046849358063,661.1043215975299,,1640876.993189361,131.93485900626132,241094.73477502004,8.933420593606993,-1,,,,,,,,unassigned,,,,,,,,,,,,
2289,2271,666.7201347513778,666.7197685548016,,1698603.4757924667,386.9189330488644,297620.57771481574,9.248627941823171,-1,,,,,,,,unassigned,,,,,,,,,,,,
2290,2273,671.2675309145377,671.2671624052748,,1999483.8917259206,186.7754765953336,248495.85401641869,10.857990569940139,-1,,,,,,,,unassigned,,,,,,,,,,,,
2291,2275,674.8866635423701,674.8862931937692,,1475117.938959239,1525.5390668273376,236757.27768719228,8.080139027620904,-1,,,,,,,,unassigned,,,,,,,,,,,,
2292,2276,675.0840448146348,675.0836743657517,,2098131.703244164,248.57916844161946,251829.91966923748,11.388080460607656,-1,,,,,,,,unassigned,,,,,,,,,,,,
2293,2279,681.7255342060225,681.7251603847731,,1545856.6030830848,134.7612497109652,306254.0407037325,8.392222073927451,-1,,,,,,,,unassigned,,,,,,,,,,,,
2294,2280,682.7339976649416,682.7336233319503,,5574757.402411221,143.87926784233798,346559.8223794451,30.314059995186796,-1,,,,,,,,unassigned,,,,,,,,,,,,
2295,2281,683.7334960623325,683.7331212222342,,2754599.539557905,107.59617002158149,352577.8013932495,15.09246109146101,-1,,,,,,,,unassigned,,,,,,,,,,,,
2296,2282,684.7308960461655,684.7305207001097,,4418946.74571667,104.40834048708781,307541.9465246844,23.972421407947635,-1,,,,,,,,unassigned,,,,,,,,,,,,
2297,2283,688.7136379070125,688.7132605414495,,2194141.1472120625,184.19166965977487,236539.2044720882,11.908797445546277,-1,,,,,,,,unassigned,,,,,,,,,,,,
2298,2284,693.7090785140907,693.7086986174262,,3622409.7024169317,284.6286960361261,326583.41483786755,19.706013578017195,-1,,,,,,,,unassigned,,,,,,,,,,,,
2299,2286,696.7496984942051,696.749317057952,,4925306.997565483,246.52172650137447,316271.2975378384,26.873162158712386,-1,,,,,,,,unassigned,,,,,,,,,,,,
2300,2287,697.7490474433189,697.7486655012272,,2096247.6161239184,60.941912649108474,325556.9516741512,11.370723227776367,-1,,,,,,,,unassigned,,,,,,,,,,,,
2301,2288,697.8585571887518,697.8581751912347,,1746162.2129595904,297.81121794194837,258250.83973178474,9.523566509870763,-1,,,,,,,,unassigned,,,,,,,,,,,,
2302,2290,698.7465749465201,698.7461924995964,,2598165.3990380266,215.78556667572445,298545.52283855306,14.103098820077628,-1,,,,,,,,unassigned,,,,,,,,,,,,
2303,2292,710.7649694159425,710.7645808933684,,2070263.081224568,246.66398325420113,263124.6464731772,11.256859780403122,-1,,,,,,,,unassigned,,,,,,,,,,,,
2304,2295,742.7010064374243,742.7006018300007,,2408030.792222135,171.25959168494862,261303.20292304232,13.067219164706396,-1,,,,,,,,unassigned,,,,,,,,,,,,
2305,2296,756.7164913903622,756.7160797513376,,1822940.142695057,150.03344127814563,336684.78134270775,9.896052726430192,-1,,,,,,,,unassigned,,,,,,,,,,,,
2306,2297,758.7132680367478,758.7128553972967,,1523917.0427864331,270.50214713364204,238497.19148139717,8.457138124716467,-1,,,,,,,,unassigned,,,,,,,,,,,,
2307,2298,759.7134026716608,759.7129895312491,,1493668.230029773,175.6354079057116,270826.39963752776,8.131863581458141,-1,,,,,,,,unassigned,,,,,,,,,,,,
2308,2299,760.7114222447383,760.7110086045104,,1569415.6445046125,110.27041809317518,343865.8161630696,8.91398049283595,-1,,,,,,,,unassigned,,,,,,,,,,,,
2309,2302,774.7269178294815,774.726497179137,,1550971.3718441431,276.7913789390714,291423.34296793566,8.547395735439162,-1,,,,,,,,unassigned,,,,,,,,,,,,
