,Index,m/z,Calibrated m/z,Calculated m/z,Peak Height,Peak Area,Resolving Power,S/N,Ion Charge,m/z Error (ppm),m/z Error Score,Isotopologue Similarity,Confidence Score,DBE,O/C,H/C,Heteroatom Class,Ion Type,Adduct,Is Isotopologue,Mono Isotopic Index,Molecular Formula,C,H,O,N,P,S,13C
0,6,159.06636674051242,159.06629509340544,159.0662824127191,7072231.880791441,40.85803587273899,1109078.3037755871,38.76165786889257,-1,0.07971951164674816,0.9988475218249357,0.0,0.5993085130949615,2.0,0.5714285714285714,1.7142857142857142,O4,de-protonated,,0.0,,C7 H12 O4,7.0,12.0,4.0,,,,
1,18,165.01942679021047,165.0193529628404,165.01933221933908,6616940.743148851,31.811181244196657,1022579.857948469,36.1091924943105,-1,0.12570346179912026,0.9971369702393622,0.0,0.5982821821436173,6.0,0.5,0.75,O4,de-protonated,,0.0,,C8 H6 O4,8.0,6.0,4.0,,,,
2,36,173.08201711484435,173.08194034070172,173.08193247717907,6560019.777520965,81.80559186656835,1064391.4524734032,36.220640619292936,-1,0.045432371489137875,0.9996255418247618,0.0,0.5997753250948571,2.0,0.5,1.75,O4,de-protonated,,0.0,,C8 H14 O4,8.0,14.0,4.0,,,,
3,39,177.019416896741,177.019338686076,177.01933221933908,1523421.0503419929,34.50602289033454,1003478.1614514643,8.383685201804035,-1,0.036531246836710295,0.9997578802383075,0.0,0.5998547281429845,7.0,0.4444444444444444,0.6666666666666666,O4,de-protonated,,0.0,,C9 H6 O4,9.0,6.0,4.0,,,,
4,41,179.0350646622541,179.0349857168461,179.03498228379908,3671731.291060662,96.0933873406751,948170.2010103065,20.20554505931634,-1,0.01917528621115865,0.9999332850675201,0.0,0.599959971040512,6.0,0.4444444444444444,0.8888888888888888,O4,de-protonated,,0.0,,C9 H8 O4,9.0,8.0,4.0,,,,
5,42,179.0714541129957,179.07137515432706,179.07136779314908,2434410.5790532436,45.84005501022347,1239147.192778597,13.273471685408582,-1,0.04110750964266611,0.9996934300496005,0.0,0.5998160580297603,5.0,0.3,1.2,O3,de-protonated,,0.0,,C10 H12 O3,10.0,12.0,3.0,,,,
6,43,181.01433059685345,181.0142509303905,181.01424683890906,8600966.971306868,85.43746688939612,1067535.5920215305,47.5883493675018,-1,0.02260309064432274,0.9999073022160919,0.0,0.5999443813296551,6.0,0.625,0.75,O5,de-protonated,,0.0,,C8 H6 O5,8.0,6.0,5.0,,,,
7,44,182.00956396126776,182.0094839323966,182.00949581110908,1665753.4395505774,50.02575680145347,874935.7829324387,9.105311811065333,-1,-0.06526424586707501,0.9992274320963895,0.0,0.5995364592578337,6.0,0.7142857142857143,0.7142857142857143,N1 O5,de-protonated,,0.0,,C7 H5 O5 N1,7.0,5.0,5.0,1.0,,,
8,45,183.02996605466709,183.0298856543335,183.0298969033691,1487874.6067247253,71.17628658593073,976024.4097673751,8.14685793621635,-1,-0.06146009905973308,0.9993148407628791,0.0,0.5995889044577275,5.0,0.625,1.0,O5,de-protonated,,0.0,,C8 H8 O5,8.0,8.0,5.0,,,,
9,48,185.0456218248387,185.04554069106504,185.04554696782907,1771145.7041872295,58.268407261024215,888013.298492047,9.88544868594241,-1,-0.03392010307041376,0.9997912517604072,0.0,0.5998747510562443,4.0,0.625,1.25,O5,de-protonated,,0.0,,C8 H10 O5,8.0,10.0,5.0,,,,
10,49,185.08201549611144,185.08193434909919,185.08193247717907,3121139.422625751,77.59077309981771,1007610.9485995517,17.057135528562412,-1,0.010114007857504026,0.9999814392136707,0.0,0.5999888635282024,3.0,0.4444444444444444,1.5555555555555556,O4,de-protonated,,0.0,,C9 H14 O4,9.0,14.0,4.0,,,,
11,52,187.06129257392337,187.06121070714212,187.06119703228907,5390072.019244775,55.53412023349376,836345.7371456412,30.25816593273241,-1,0.07310363275637159,0.9990307826088024,0.0,0.5994184695652814,3.0,0.625,1.5,O5,de-protonated,,0.0,,C8 H12 O5,8.0,12.0,5.0,,,,
12,53,187.09767375958623,187.09759187957883,187.0975825416391,9449844.721177524,110.63248947466748,965017.8664744123,51.46674411689071,-1,0.049909462233831754,0.9995481217205009,0.0,0.5997288730323005,2.0,0.4444444444444444,1.7777777777777777,O4,de-protonated,,0.0,,C9 H16 O4,9.0,16.0,4.0,,,,
13,55,189.0769265813068,189.0768439819692,189.07684709674908,2881821.0452060867,63.243094278382614,997681.2954200192,15.708613216274891,-1,-0.016473618637478184,0.9999507596477115,0.0,0.5999704557886268,2.0,0.625,1.75,O5,de-protonated,,0.0,,C8 H14 O5,8.0,14.0,5.0,,,,
14,57,191.03506495232386,191.03498164174536,191.03498228379908,1968034.9274250786,115.1279336808048,1064930.1147352662,10.738026842058076,-1,-0.0033609222391442605,0.9999979503943385,0.0,0.5999987702366031,7.0,0.4,0.8,O4,de-protonated,,0.0,,C10 H8 O4,10.0,8.0,4.0,,,,
15,60,193.01431775690355,193.01423372783486,193.01424683890906,2096257.9217045556,71.73913692913855,906820.1268010371,11.398356982579031,-1,-0.06792801262513222,0.9991631071585017,0.0,0.599497864295101,7.0,0.5555555555555556,0.6666666666666666,O5,de-protonated,,0.0,,C9 H6 O5,9.0,6.0,5.0,,,,
16,62,193.05071353538966,193.05062949311287,193.05063234825906,1764383.9046521282,66.82012612289799,855488.2844080239,9.612400779735434,-1,-0.014789623621689075,0.9999603119780985,0.0,0.5999761871868591,6.0,0.4,1.0,O4,de-protonated,,0.0,,C10 H10 O4,10.0,10.0,4.0,,,,
17,63,193.0871261303177,193.08704207482683,193.08701785760908,3056966.993121174,40.31416677748317,1144433.10549955,16.60577062238353,-1,0.1254212634850498,0.9971497922262557,0.0,0.5982898753357534,5.0,0.2727272727272727,1.2727272727272727,O3,de-protonated,,0.0,,C11 H14 O3,11.0,14.0,3.0,,,,
18,65,195.02997696890657,195.02989220856574,195.0298969033691,4191622.922139569,60.61570973283409,951742.4144919423,22.891444871393137,-1,-0.024072223930563953,0.9998948611006846,0.0,0.5999369166604107,6.0,0.5555555555555556,0.8888888888888888,O5,de-protonated,,0.0,,C9 H8 O5,9.0,8.0,5.0,,,,
19,67,195.06637081650064,195.0662860429603,195.0662824127191,2140504.803533262,45.14900307099705,924839.4809667886,11.863652904380718,-1,0.018610295694108873,0.999937158473047,0.0,0.5999622950838281,5.0,0.4,1.2,O4,de-protonated,,0.0,,C10 H12 O4,10.0,12.0,4.0,,,,
20,70,197.00922465655296,197.00913917857605,197.00916145847907,1681535.0787979246,53.68044403872315,991770.4538050853,9.328208061030212,-1,-0.11309069515463831,0.997682051660036,0.0,0.5986092309960216,6.0,0.75,0.75,O6,de-protonated,,0.0,,C8 H6 O6,8.0,6.0,6.0,,,,
21,71,197.04563583715017,197.04555034597522,197.04554696782907,2752118.6361646564,71.57732293054411,912759.5723153034,15.363124028829327,-1,0.01714398624479819,0.9999466707020035,0.0,0.5999680024212021,5.0,0.5555555555555556,1.1111111111111112,O5,de-protonated,,0.0,,C9 H10 O5,9.0,10.0,5.0,,,,
22,72,197.08199537269084,197.08190986833674,197.08193247717907,1724325.3850660436,36.54750223541691,798050.8313983266,9.364428701649505,-1,-0.11471798578787452,0.9976149448221208,0.0,0.5985689668932724,4.0,0.4,1.4,O4,de-protonated,,0.0,,C10 H14 O4,10.0,14.0,4.0,,,,
23,75,198.00449163846997,198.00440579978846,198.0044104306791,3650718.6266332325,71.32772760254835,949006.3283517372,19.921352340611115,-1,-0.02338781554973617,0.9999007543234599,0.0,0.5999404525940759,6.0,0.8571428571428571,0.7142857142857143,N1 O6,de-protonated,,0.0,,C7 H5 O6 N1,7.0,5.0,6.0,1.0,,,
24,78,198.9884865766227,198.9884003814268,198.98842601358908,2603178.965616218,35.49779072247538,825840.6999725286,14.315511653994394,-1,-0.12881232738321868,0.9969938193186768,0.0,0.598196291591206,6.0,1.0,0.5714285714285714,O7,de-protonated,,0.0,,C7 H4 O7,7.0,4.0,7.0,,,,
25,79,199.0248737125454,199.02478750416793,199.0248115229391,1586168.222411295,20.783422996682084,961234.7007716341,8.698526154879428,-1,-0.12068229577656267,0.9973608307930613,0.0,0.5984164984758368,5.0,0.75,1.0,O6,de-protonated,,0.0,,C8 H8 O6,8.0,8.0,6.0,,,,
26,80,199.06128001579734,199.0611937942315,199.06119703228907,3300414.6034252457,115.65635593093106,853019.385185308,17.9152860909272,-1,-0.01626664366159152,0.9999519891595225,0.0,0.5999711934957135,4.0,0.5555555555555556,1.3333333333333333,O5,de-protonated,,0.0,,C9 H12 O5,9.0,12.0,5.0,,,,
27,81,199.0976797766374,199.09759354188574,199.0975825416391,3545096.745346949,68.16535252939477,987118.4002211723,19.2582359969656,-1,0.05525052842840638,0.9994462593204001,0.0,0.5996677555922401,3.0,0.4,1.6,O4,de-protonated,,0.0,,C10 H16 O4,10.0,16.0,4.0,,,,
28,85,201.04055029044855,201.04046335209853,201.04046158739908,3012849.6422058577,57.084001328529276,1105507.4612447144,16.310433091180066,-1,0.008777832253118463,0.9999860194149263,0.0,0.5999916116489558,4.0,0.75,1.25,O6,de-protonated,,0.0,,C8 H10 O6,8.0,10.0,6.0,,,,
29,86,201.07693010906922,201.07684315754835,201.07684709674908,5929686.700164205,67.81941379256504,991661.1638320517,32.97750018230394,-1,-0.01959052362671788,0.9999303644844761,0.0,0.5999582186906857,3.0,0.5555555555555556,1.5555555555555556,O5,de-protonated,,0.0,,C9 H14 O5,9.0,14.0,5.0,,,,
30,87,201.11330165661323,201.1132146919246,201.11323260609907,3419784.648569897,44.037576777275774,1023205.3648857173,18.857022747028818,-1,-0.08907506598000331,0.9985613553051769,0.0,0.5991368131831061,2.0,0.4,1.8,O4,de-protonated,,0.0,,C10 H18 O4,10.0,18.0,4.0,,,,
31,91,203.05620540319356,203.0561177353166,203.05611165185908,2913191.508585731,65.06061574313917,880092.2982573285,16.18226774745026,-1,0.029959489873787836,0.9998371501765728,0.0,0.5999022901059436,3.0,0.75,1.5,O6,de-protonated,,0.0,,C8 H12 O6,8.0,12.0,6.0,,,,
32,92,203.09258538314157,203.09249770210164,203.09249716120908,4275672.568986262,41.10666953858612,920241.2238226257,23.136630746354506,-1,0.002663281829563814,0.999998712972576,0.0,0.5999992277835456,2.0,0.5555555555555556,1.7777777777777777,O5,de-protonated,,0.0,,C9 H16 O5,9.0,16.0,5.0,,,,
33,97,205.01433597652155,205.01424760035695,205.01424683890906,2067194.7977129077,52.94595774003155,1025380.2293248835,11.612894623170229,-1,0.0037141218472542914,0.9999974969727407,0.0,0.5999984981836444,8.0,0.5,0.6,O5,de-protonated,,0.0,,C10 H6 O5,10.0,6.0,5.0,,,,
34,105,206.99356192337453,206.99347283171167,206.9935113940191,1546591.5377787792,83.22279627143702,1003080.3136800646,8.39761621742684,-1,-0.18629717986817815,0.9937223134370414,0.0,0.5962333880622248,8.0,0.6666666666666666,0.4444444444444444,O6,de-protonated,,0.0,,C9 H4 O6,9.0,4.0,6.0,,,,
35,106,207.0299859819113,207.02989687708498,207.02989690336906,3546823.225224571,52.831120299833536,873431.6448830358,19.614869996909405,-1,-0.00012695791591251168,0.9999999970753534,0.0,0.599999998245212,7.0,0.5,0.8,O5,de-protonated,,0.0,,C10 H8 O5,10.0,8.0,5.0,,,,
36,107,207.0663712490515,207.06628213107587,207.0662824127191,2225871.1762895,90.57284015962168,773157.5555237819,12.086549154345597,-1,-0.0013601597566554016,0.9999996643137151,0.0,0.599999798588229,6.0,0.36363636363636365,1.0909090909090908,O4,de-protonated,,0.0,,C11 H12 O4,11.0,12.0,4.0,,,,
37,108,207.102769162248,207.10268003111858,207.1026679220691,1695986.0340925502,82.18559318510692,882502.8692850594,9.389504529770555,-1,0.05846882425217565,0.9993798912492914,0.0,0.5996279347495748,5.0,0.25,1.3333333333333333,O3,de-protonated,,0.0,,C12 H16 O3,12.0,16.0,3.0,,,,
38,116,209.00925642313072,209.0091666032201,209.00916145847907,11224821.219676849,67.30326162503515,955680.4443092836,61.45249611531731,-1,0.024614906842458387,0.9998900674382107,0.0,0.5999340404629264,7.0,0.6666666666666666,0.6666666666666666,O6,de-protonated,,0.0,,C9 H6 O6,9.0,6.0,6.0,,,,
39,117,209.04564049337844,209.0455506603267,209.04554696782907,3839628.8552701124,24.44768909047651,991682.546222695,21.058123215432,-1,0.01766360344106336,0.999943389088573,0.0,0.5999660334531438,6.0,0.5,1.0,O5,de-protonated,,0.0,,C10 H10 O5,10.0,10.0,5.0,,,,
40,119,209.08200722261648,209.08191737643003,209.08193247717907,1753282.0002612697,50.399856732741625,815269.6024458171,9.57339393599158,-1,-0.07222407436096273,0.9990539539319917,0.0,0.599432372359195,5.0,0.36363636363636365,1.2727272727272727,O4,de-protonated,,0.0,,C11 H14 O4,11.0,14.0,4.0,,,,
41,120,209.15477547599642,209.15468560352835,209.15470349587906,1736609.4725715984,82.32615923842933,935300.1625121547,9.514883670375799,-1,-0.08554601169893306,0.9986730179387502,0.0,0.5992038107632501,3.0,0.15384615384615385,1.6923076923076923,O2,de-protonated,,0.0,,C13 H22 O2,13.0,22.0,2.0,,,,
42,126,211.02489598997497,211.02480544227433,211.0248115229391,3757851.8998929914,168.00149391269014,870017.3486828005,20.46187574677595,-1,-0.028814928118503613,0.9998493544889654,0.0,0.5999096126933792,6.0,0.6666666666666666,0.8888888888888888,O6,de-protonated,,0.0,,C9 H8 O6,9.0,8.0,6.0,,,,
43,127,211.06128400032782,211.06119343949254,211.06119703228907,3601046.8214632105,43.15921547708443,795246.3728693053,19.73746293439009,-1,-0.017022534610392947,0.9999474235979369,0.0,0.5999684541587621,5.0,0.5,1.2,O5,de-protonated,,0.0,,C10 H12 O5,10.0,12.0,5.0,,,,
44,128,211.09767431413914,211.09758374016852,211.0975825416391,1879297.4670883908,36.40730408292511,890708.2646796561,10.225365467138852,-1,0.005677608447730843,0.9999941509755746,0.0,0.5999964905853448,4.0,0.36363636363636365,1.4545454545454546,O4,de-protonated,,0.0,,C11 H16 O4,11.0,16.0,4.0,,,,
45,129,211.1340624717772,211.13397188467218,211.13396805098907,1656893.3742366156,31.817391349750988,816500.0938699722,9.177753092303918,-1,0.018157585655318234,0.9999401785354867,0.0,0.599964107121292,3.0,0.25,1.6666666666666667,O3,de-protonated,,0.0,,C12 H20 O3,12.0,20.0,3.0,,,,
46,131,213.00416457756154,213.00407331562954,213.00407607804908,2725436.7034399067,52.064468779369946,1148177.3910615135,14.844890247660983,-1,-0.012968857648063745,0.9999694823809181,0.0,0.5999816894285508,6.0,0.875,0.75,O7,de-protonated,,0.0,,C8 H6 O7,8.0,6.0,7.0,,,,
47,132,213.04055352522622,213.04046225016697,213.04046158739908,2531389.3460178273,62.649984219786674,992672.1990215749,14.176201497766344,-1,0.0031109953650695216,0.9999982438881435,0.0,0.5999989463328861,5.0,0.6666666666666666,1.1111111111111112,O6,de-protonated,,0.0,,C9 H10 O6,9.0,10.0,6.0,,,,
48,133,213.07695599910448,213.0768647109133,213.07684709674908,4366449.391063963,154.19342101210722,916011.2330182029,24.223249964933295,-1,0.08266578214110488,0.9987608149595357,0.0,0.5992564889757214,4.0,0.5,1.4,O5,de-protonated,,0.0,,C10 H14 O5,10.0,14.0,5.0,,,,
49,134,213.113324667114,213.11323336580318,213.11323260609907,1664841.2206557337,63.31152930150664,964664.2521043643,9.102525607940771,-1,0.0035647908782208636,0.999997694201017,0.0,0.5999986165206102,3.0,0.36363636363636365,1.6363636363636365,O4,de-protonated,,0.0,,C11 H18 O4,11.0,18.0,4.0,,,,
50,137,215.05620574883872,215.05611374686075,215.05611165185908,5431681.330677792,121.06580663109965,874961.461107846,29.64520124532899,-1,0.009741651357109887,0.9999827807094448,0.0,0.5999896684256668,4.0,0.6666666666666666,1.3333333333333333,O6,de-protonated,,0.0,,C9 H12 O6,9.0,12.0,6.0,,,,
51,138,215.09260238920444,215.0925103741045,215.09249716120908,5177048.481670796,87.01362571869956,939305.8930426803,28.898498807946645,-1,0.06142889965605205,0.9993155359722469,0.0,0.5995893215833481,3.0,0.5,1.6,O5,de-protonated,,0.0,,C10 H16 O5,10.0,16.0,5.0,,,,
52,139,215.12897131636814,215.12887928815638,215.12888267055905,2769975.3186110677,73.99064366804038,881071.1294290097,15.240531091348645,-1,-0.01572268040114501,0.9999551464045959,0.0,0.5999730878427575,2.0,0.36363636363636365,1.8181818181818181,O4,de-protonated,,0.0,,C11 H20 O4,11.0,20.0,4.0,,,,
53,142,217.07185418333918,217.07176145488174,217.0717617163191,4737158.743034566,69.79694107149484,923961.0734438227,26.446640058332967,-1,-0.0012043821265550715,0.9999997368021273,0.0,0.5999998420812763,3.0,0.6666666666666666,1.5555555555555556,O6,de-protonated,,0.0,,C9 H14 O6,9.0,14.0,6.0,,,,
54,143,217.10824169390912,217.1081489523409,217.1081472256691,3870684.1442233953,37.18120233947451,848463.0669173418,21.21972299665654,-1,0.007953049427337539,0.9999885232558725,0.0,0.5999931139535235,2.0,0.5,1.8,O5,de-protonated,,0.0,,C10 H18 O5,10.0,18.0,5.0,,,,
55,144,219.02999990856307,219.0299064747706,219.02989690336906,2228609.9224661286,33.163840078515456,1038812.6447502254,12.125555998089451,-1,0.04369906423633586,0.999653564120767,0.0,0.5997921384724602,8.0,0.45454545454545453,0.7272727272727273,O5,de-protonated,,0.0,,C11 H8 O5,11.0,8.0,5.0,,,,
56,147,221.0092580052257,221.00916385891338,221.00916145847907,5176749.892349164,55.22341210947236,956365.6843858283,28.396982245525663,-1,0.01086124347029704,0.9999785953427205,0.0,0.5999871572056322,8.0,0.6,0.6,O6,de-protonated,,0.0,,C10 H6 O6,10.0,6.0,6.0,,,,
57,148,221.04563845935309,221.04554429994803,221.04554696782907,2493008.5039920467,103.17590143298328,804083.6004509841,13.696974560341854,-1,-0.012069372447937604,0.9999735687643049,0.0,0.5999841412585829,7.0,0.45454545454545453,0.9090909090909091,O5,de-protonated,,0.0,,C11 H10 O5,11.0,10.0,5.0,,,,
58,150,221.08200800972958,221.0819138372358,221.08193247717907,2123029.1665839916,58.440538262851,1052633.8486027187,11.624039435668472,-1,-0.08431237717582495,0.9987109895403694,0.0,0.5992265937242216,6.0,0.3333333333333333,1.1666666666666667,O4,de-protonated,,0.0,,C12 H14 O4,12.0,14.0,4.0,,,,
59,151,221.15481182547725,221.15471762678322,221.15470349587906,1509124.8061546301,73.09083305313294,850170.9820959612,8.350250764309303,-1,0.06389601459514288,0.9992594736498794,0.0,0.5995556841899277,4.0,0.14285714285714285,1.5714285714285714,O2,de-protonated,,0.0,,C14 H22 O2,14.0,22.0,2.0,,,,
60,155,223.02489233868116,223.0247974671878,223.02481152293907,6638702.811668192,42.47692769084214,874285.7674432264,36.878184556689334,-1,-0.06302326267355077,0.9992795578653098,0.0,0.5995677347191858,7.0,0.6,0.8,O6,de-protonated,,0.0,,C10 H8 O6,10.0,8.0,6.0,,,,
61,156,223.06129219546196,223.06119731087676,223.06119703228907,2923295.8460135427,49.18658176296141,837128.6804251543,16.031812778723967,-1,0.0012489294206645967,0.9999997169718977,0.0,0.5999998301831386,6.0,0.45454545454545453,1.0909090909090908,O5,de-protonated,,0.0,,C11 H12 O5,11.0,12.0,5.0,,,,
62,162,225.00417359053807,225.0040780073688,225.00407607804908,8884804.061543867,44.58695583103754,896504.0439175298,49.24892642974015,-1,0.008574598986285167,0.9999866593015413,0.0,0.5999919955809248,7.0,0.7777777777777778,0.6666666666666666,O7,de-protonated,,0.0,,C9 H6 O7,9.0,6.0,7.0,,,,
63,163,225.04056682403962,225.04047122778866,225.04046158739908,3023323.318854864,74.94502381248269,812415.8930639819,16.56676377863968,-1,0.04283847229151026,0.9996670726505934,0.0,0.599800243590356,6.0,0.6,1.0,O6,de-protonated,,0.0,,C10 H10 O6,10.0,10.0,6.0,,,,
64,164,225.07697057360645,225.07687496427016,225.07684709674908,2830030.788138181,55.083113027953225,843399.4923228517,15.307399966338108,-1,0.1238133617166612,0.9972223022272543,0.0,0.5983333813363525,5.0,0.45454545454545453,1.2727272727272727,O5,de-protonated,,0.0,,C11 H14 O5,11.0,14.0,5.0,,,,
65,169,227.0198262577122,227.01972995022322,227.01972614250909,1568748.5461534252,31.679338284142762,835415.7512736237,8.522995358032084,-1,0.01677261355910908,0.9999489560557253,0.0,0.5999693736334352,6.0,0.7777777777777778,0.8888888888888888,O7,de-protonated,,0.0,,C9 H8 O7,9.0,8.0,7.0,,,,
66,170,227.05620714731214,227.05611082675378,227.05611165185908,2828847.1938714483,30.411790700900227,974287.1704669324,15.920364653741528,-1,-0.00363392686147028,0.9999976038959548,0.0,0.5999985623375729,5.0,0.6,1.2,O6,de-protonated,,0.0,,C10 H12 O6,10.0,12.0,6.0,,,,
67,171,227.0926026640775,227.0925063304447,227.09249716120908,4506898.054104848,70.08020165984341,920167.8078338982,24.618890808620954,-1,0.04037665594247251,0.9997042326095558,0.0,0.5998225395657334,4.0,0.45454545454545453,1.4545454545454546,O5,de-protonated,,0.0,,C11 H16 O5,11.0,16.0,5.0,,,,
68,172,227.129010343909,227.12891399719746,227.12888267055905,3243875.8021198427,50.914418394999,817317.6975955263,18.010016997162275,-1,0.1379245036498466,0.9965542213967468,0.0,0.597932532838048,3.0,0.3333333333333333,1.6666666666666667,O4,de-protonated,,0.0,,C12 H20 O4,12.0,20.0,4.0,,,,
69,175,229.07185940799656,229.07176236356446,229.0717617163191,5579338.256314238,57.905435483181954,863799.2144260147,30.781972120149877,-1,0.0028255135731954564,0.9999985514005716,0.0,0.599999130840343,4.0,0.6,1.4,O6,de-protonated,,0.0,,C10 H14 O6,10.0,14.0,6.0,,,,
70,176,229.10825148477235,229.1081544272749,229.1081472256691,4877563.11650204,42.91636324286734,891195.3206461332,26.792129245778533,-1,0.031433215765845665,0.99982073622982,0.0,0.599892441737892,3.0,0.45454545454545453,1.6363636363636365,O5,de-protonated,,0.0,,C11 H18 O5,11.0,18.0,5.0,,,,
71,177,229.14462092088567,229.14452385033115,229.14453273501908,2094809.2849781725,64.68222147079817,935066.3462017154,11.696480716907057,-1,-0.038773292224436796,0.9997272530191187,0.0,0.5998363518114712,2.0,0.3333333333333333,1.8333333333333333,O4,de-protonated,,0.0,,C12 H22 O4,12.0,22.0,4.0,,,,
72,180,231.05115370059528,231.05105594577265,231.05102627142907,1996836.0379495008,81.69389266733526,844318.3291058854,11.178246935738713,-1,0.1284319920952855,0.997011518882507,0.0,0.5982069113295042,4.0,0.7777777777777778,1.3333333333333333,O7,de-protonated,,0.0,,C9 H12 O7,9.0,12.0,7.0,,,,
73,181,231.08751829994824,231.0874205320779,231.0874117807791,6767396.700838666,94.1793601129526,838379.5305541095,37.48000443159451,-1,0.037870080218430704,0.9997398104962287,0.0,0.5998438862977372,3.0,0.6,1.6,O6,de-protonated,,0.0,,C10 H16 O6,10.0,16.0,6.0,,,,
74,182,231.12388370794295,231.12378592702476,231.12379729012906,2590642.738668313,137.68965093950507,809012.4846083586,14.22078074775932,-1,-0.04916457950073937,0.9995615064078487,0.0,0.5997369038447092,2.0,0.45454545454545453,1.8181818181818181,O5,de-protonated,,0.0,,C11 H20 O5,11.0,20.0,5.0,,,,
75,185,233.00926695388927,233.00916849669372,233.0091614584791,2388723.7658247543,25.462586737213215,988149.6380809854,12.983706560454237,-1,0.030205742019157447,0.9998344623073673,0.0,0.5999006773844203,9.0,0.5454545454545454,0.5454545454545454,O6,de-protonated,,0.0,,C11 H6 O6,11.0,6.0,6.0,,,,
76,186,233.04563850912055,233.04554003888245,233.04554696782907,2385164.6844265577,88.82232996384177,899157.8054684225,12.900120466717409,-1,-0.029732156260432224,0.9998396120223502,0.0,0.5999037672134101,8.0,0.4166666666666667,0.8333333333333334,O5,de-protonated,,0.0,,C12 H10 O5,12.0,10.0,5.0,,,,
77,187,233.10316523618246,233.10306674531608,233.1030618452391,1585556.3001164333,89.48523151949995,845756.8583012784,8.609367654893475,-1,0.021021075179943876,0.999919823652363,0.0,0.5999518941914178,2.0,0.6,1.8,O6,de-protonated,,0.0,,C10 H18 O6,10.0,18.0,6.0,,,,
78,188,233.15480110983566,233.15470260045367,233.15470349587906,8348917.821193125,109.98544521688684,876524.7450544782,45.80517936778276,-1,-0.0038404774758769382,0.9999973237684159,0.0,0.5999983942610495,5.0,0.13333333333333333,1.4666666666666666,O2,de-protonated,,0.0,,C15 H22 O2,15.0,22.0,2.0,,,,
79,190,234.98851076821046,234.98841160148245,234.98842601358908,2010394.5707005945,46.53761329499862,955173.3256067048,10.983212717019443,-1,-0.061331133908492694,0.999317712181559,0.0,0.5995906273089353,9.0,0.7,0.4,O7,de-protonated,,0.0,,C10 H4 O7,10.0,4.0,7.0,,,,
80,191,235.02490707701108,235.02480789723947,235.02481152293907,5882526.92073463,68.93163592464482,885965.5353652438,31.974467057461982,-1,-0.015426880174659178,0.9999568182077408,0.0,0.5999740909246445,8.0,0.5454545454545454,0.7272727272727273,O6,de-protonated,,0.0,,C11 H8 O6,11.0,8.0,6.0,,,,
81,192,235.06130466021946,235.06120546740388,235.06119703228907,4600631.9483781345,86.59387274565813,802874.4087750361,25.22628308977525,-1,0.03588476070921647,0.9997663729092353,0.0,0.5998598237455411,7.0,0.4166666666666667,1.0,O5,de-protonated,,0.0,,C12 H12 O5,12.0,12.0,5.0,,,,
82,196,237.00416832446686,237.00406843558656,237.00407607804908,2821958.422985699,75.32608239781635,822092.8526150889,15.36869643507845,-1,-0.03224612271263434,0.999811345198122,0.0,0.5998868071188732,8.0,0.7,0.6,O7,de-protonated,,0.0,,C10 H6 O7,10.0,6.0,7.0,,,,
83,197,237.04055590734657,237.04045600543367,237.04046158739908,5716714.855571904,178.33570815607757,833715.7735067201,31.060592432605976,-1,-0.023548576362881712,0.999899385333312,0.0,0.5999396311999872,7.0,0.5454545454545454,0.9090909090909091,O6,de-protonated,,0.0,,C11 H10 O6,11.0,10.0,6.0,,,,
84,199,237.07693810970878,237.07683819476534,237.07684709674908,2521496.687643603,41.75746457927517,987620.1224613502,13.724836591587463,-1,-0.03754893757986536,0.9997442040972091,0.0,0.5998465224583255,6.0,0.4166666666666667,1.1666666666666667,O5,de-protonated,,0.0,,C12 H14 O5,12.0,14.0,5.0,,,,
85,201,237.11334615709956,237.11324622911647,237.11323260609907,3255350.1796484985,80.0382880564509,926858.2157137387,17.85398962218686,-1,0.05745363616074119,0.9994012316798182,0.0,0.5996407390078909,5.0,0.3076923076923077,1.3846153846153846,O4,de-protonated,,0.0,,C13 H18 O4,13.0,18.0,4.0,,,,
86,203,239.01982240677245,239.019721796179,239.01972614250906,6121831.920878242,135.2921142944884,789984.189106192,34.091981432128335,-1,-0.01818398058046929,0.9999400044943605,0.0,0.5999640026966163,7.0,0.7,0.8,O7,de-protonated,,0.0,,C10 H8 O7,10.0,8.0,7.0,,,,
87,204,239.0561946382013,239.05609401458867,239.05611165185908,4168572.18467189,87.48134086307732,820909.3908107382,23.253651277586066,-1,-0.07377878898643844,0.9990128062016929,0.0,0.5994076837210157,6.0,0.5454545454545454,1.0909090909090908,O6,de-protonated,,0.0,,C11 H12 O6,11.0,12.0,6.0,,,,
88,206,239.09261800655239,239.09251736990237,239.09249716120908,3854043.6988406577,108.30227345214831,713854.1822398783,21.013543965439027,-1,0.08452249035764976,0.9987045610692045,0.0,0.5992227366415227,5.0,0.4166666666666667,1.3333333333333333,O5,de-protonated,,0.0,,C12 H16 O5,12.0,16.0,5.0,,,,
89,207,239.12897575308384,239.12887510342009,239.12888267055905,8253558.98286821,48.75310568734147,847100.4258467229,45.693731242800325,-1,-0.03164460470314393,0.9998183172381279,0.0,0.5998909903428767,4.0,0.3076923076923077,1.5384615384615385,O4,de-protonated,,0.0,,C13 H20 O4,13.0,20.0,4.0,,,,
90,210,241.03547719143586,241.03537585956693,241.0353762069691,3393007.687664754,56.897968684974664,885377.2105092269,18.634126497063935,-1,-0.0014412911888362111,0.9999996230730331,0.0,0.5999997738438199,6.0,0.7,1.0,O7,de-protonated,,0.0,,C10 H10 O7,10.0,10.0,7.0,,,,
91,211,241.07187866621018,241.0717773213195,241.0717617163191,4656508.162726419,75.50808211324158,904401.6026072012,25.49933099598223,-1,0.06473176411265612,0.9992399824411949,0.0,0.599543989464717,5.0,0.5454545454545454,1.2727272727272727,O6,de-protonated,,0.0,,C11 H14 O6,11.0,14.0,6.0,,,,
92,212,241.10827247172887,241.10817111381928,241.1081472256691,3095631.631976647,111.32389643069486,771362.4382477507,16.834239278597533,-1,0.09907649521838081,0.9982204573991608,0.0,0.5989322744394965,4.0,0.4166666666666667,1.5,O5,de-protonated,,0.0,,C12 H18 O5,12.0,18.0,5.0,,,,
93,214,241.14464618703468,241.14454481611358,241.14453273501908,2270518.5931636505,61.385640292649335,825012.2359100715,12.331735029306966,-1,0.050098977403014895,0.9995446842623646,0.0,0.5997268105574187,3.0,0.3076923076923077,1.6923076923076923,O4,de-protonated,,0.0,,C13 H22 O4,13.0,22.0,4.0,,,,
94,217,241.99434038150156,241.9942387066698,241.99423966981908,7487095.792206454,62.366393127409296,882792.1008078378,40.79001374357297,-1,-0.003980050481428442,0.9999971257114477,0.0,0.5999982754268686,7.0,1.0,0.625,N1 O8,de-protonated,,0.0,,C8 H5 O8 N1,8.0,5.0,8.0,1.0,,,
95,218,242.1399227439732,242.1398210170787,242.13978170721907,5531737.787045529,47.06157103572977,815122.1900706477,30.776399713900755,-1,0.16234366510684284,0.9952292517333451,0.0,0.597137551040007,3.0,0.3333333333333333,1.75,N1 O4,de-protonated,,0.0,,C12 H21 O4 N1,12.0,21.0,4.0,1.0,,,
96,219,242.17630287868414,242.17620113877985,242.1761672165691,2754375.169381733,127.62297997397489,880197.8582893112,15.067786497625862,-1,0.14007245690991185,0.9964462531351801,0.0,0.5978677518811081,2.0,0.23076923076923078,1.9230769230769231,N1 O3,de-protonated,,0.0,,C13 H25 O3 N1,13.0,25.0,3.0,1.0,,,
97,221,242.97836538932705,242.9782633626357,242.97825525272907,8789147.175821781,68.54865361735199,873115.362752301,48.39077586737537,-1,0.03337708803632291,0.9997978811477067,0.0,0.599878728688624,7.0,1.125,0.5,O9,de-protonated,,0.0,,C8 H4 O9,8.0,4.0,9.0,,,,
98,222,243.05112714629706,243.05102509359227,243.05102627142907,2508036.7047412484,64.36606634462898,941444.5897068124,13.741553810334828,-1,-0.004846047397947784,0.9999957388363064,0.0,0.5999974433017838,5.0,0.7,1.2,O7,de-protonated,,0.0,,C10 H12 O7,10.0,12.0,7.0,,,,
99,223,243.08751430811523,243.0874122424017,243.0874117807791,6605689.354316922,73.24299493930559,880857.9903729944,36.06461324431752,-1,0.0018989984543395357,0.9999993456608453,0.0,0.5999996073965072,4.0,0.5454545454545454,1.4545454545454546,O6,de-protonated,,0.0,,C11 H16 O6,11.0,16.0,6.0,,,,
100,224,243.12390691830743,243.12380483958339,243.12379729012906,4670210.711330608,87.30050078937332,841814.5843422074,26.179164558375113,-1,0.03105189375969788,0.9998250588324306,0.0,0.5998950352994583,3.0,0.4166666666666667,1.6666666666666667,O5,de-protonated,,0.0,,C12 H20 O5,12.0,20.0,5.0,,,,
101,226,243.16026496116595,243.16016286944387,243.16018279947906,1786452.5901480324,61.922905054962065,914202.6946334878,9.729421310966996,-1,-0.08196257694942335,0.9987817950135777,0.0,0.5992690770081466,2.0,0.3076923076923077,1.8461538461538463,O4,de-protonated,,0.0,,C13 H24 O4,13.0,24.0,4.0,,,,
102,230,245.06677835185008,245.06667557874692,245.0666763358891,4911579.662213803,58.43940192214405,858610.438791711,26.56366058956453,-1,-0.00308953541156524,0.9999982680322265,0.0,0.5999989608193359,4.0,0.7,1.4,O7,de-protonated,,0.0,,C10 H14 O7,10.0,14.0,7.0,,,,
103,231,245.1031596064793,245.10305682037742,245.1030618452391,6130461.464699116,64.37471315440418,838634.9625030012,33.434437494731945,-1,-0.020501015535747364,0.9999237415422417,0.0,0.599954244925345,3.0,0.5454545454545454,1.6363636363636365,O6,de-protonated,,0.0,,C11 H18 O6,11.0,18.0,6.0,,,,
104,232,245.13953995811622,245.1394371590161,245.13944735458907,3124895.9438300747,26.32333856755553,944526.453087229,17.01812868481856,-1,-0.041590911128426104,0.9996861786090937,0.0,0.5998117071654562,2.0,0.4166666666666667,1.8333333333333333,O5,de-protonated,,0.0,,C12 H22 O5,12.0,22.0,5.0,,,,
105,236,247.02489963257898,247.02479616005814,247.02481152293907,2482475.3747098823,104.5988330567097,766482.5987514921,13.57716782598573,-1,-0.062191651257036816,0.9992984387107197,0.0,0.5995790632264317,9.0,0.5,0.6666666666666666,O6,de-protonated,,0.0,,C12 H8 O6,12.0,8.0,6.0,,,,
106,238,247.08240827144255,247.08230477838654,247.08232640034907,1881427.5495126194,41.14433024162022,1006319.6218140442,10.281089529630073,-1,-0.0875091425863133,0.9986114580886047,0.0,0.5991668748531628,3.0,0.7,1.6,O7,de-protonated,,0.0,,C10 H16 O7,10.0,16.0,7.0,,,,
107,240,247.11880925161577,247.11870574556193,247.11871190969907,2490891.7409455697,80.14989446650503,707110.4089056179,13.819567497822536,-1,-0.024944032363005367,0.9998871081381661,0.0,0.5999322648828996,2.0,0.5454545454545454,1.8181818181818181,O6,de-protonated,,0.0,,C11 H20 O6,11.0,20.0,6.0,,,,
108,243,249.00417790480577,249.0040737257302,249.00407607804908,4051394.3793489207,97.95441594956688,848176.2994722776,22.317487027733574,-1,-0.009446909160217414,0.9999838069077315,0.0,0.5999902841446388,9.0,0.6363636363636364,0.5454545454545454,O7,de-protonated,,0.0,,C11 H6 O7,11.0,6.0,7.0,,,,
109,244,249.04057239965712,249.04046820759353,249.04046158739908,3837561.104379242,97.84360436227485,915552.7359908803,21.63208105909157,-1,0.026582806716050567,0.9998717883016733,0.0,0.599923072981004,8.0,0.5,0.8333333333333334,O6,de-protonated,,0.0,,C12 H10 O6,12.0,10.0,6.0,,,,
110,246,249.07695163464962,249.07684742960362,249.07684709674908,2305116.6581854057,96.66406596727512,703300.8840835701,12.852755013599872,-1,0.0013363527933424983,0.9999996759619504,0.0,0.5999998055771703,7.0,0.38461538461538464,1.0769230769230769,O5,de-protonated,,0.0,,C13 H14 O5,13.0,14.0,5.0,,,,
111,249,249.1497386394837,249.1496344084631,249.14961811544907,2199731.0758383097,77.65256492862198,892680.6083132761,12.03361129497894,-1,0.06539449729428945,0.9992243465045798,0.0,0.5995346079027478,5.0,0.2,1.4666666666666666,O3,de-protonated,,0.0,,C15 H22 O3,15.0,22.0,3.0,,,,
112,250,250.1449722089324,250.1448676228125,250.1448670876491,2224566.089261555,42.23579401296385,761824.3697973302,12.114411185591207,-1,0.002139413968956348,0.9999991694929906,0.0,0.5999995016957943,5.0,0.21428571428571427,1.5,N1 O3,de-protonated,,0.0,,C14 H21 O3 N1,14.0,21.0,3.0,1.0,,,
113,255,251.01982263665673,251.01971773847845,251.01972614250906,6552342.340936734,63.5889498526451,839429.9662945791,36.16491655680172,-1,-0.03347956249632793,0.9997966382767953,0.0,0.5998779829660772,8.0,0.6363636363636364,0.7272727272727273,O7,de-protonated,,0.0,,C11 H8 O7,11.0,8.0,7.0,,,,
114,256,251.05621583583914,251.0561109246812,251.05611165185908,2863783.6501704245,74.28180853195083,872345.4263764097,15.625027122538063,-1,-0.0028964755019904435,0.9999984777246429,0.0,0.5999990866347857,7.0,0.5,1.0,O6,de-protonated,,0.0,,C12 H12 O6,12.0,12.0,6.0,,,,
115,258,251.0926117869175,251.0925068627791,251.09249716120908,1910122.280624291,65.92434375297493,776119.2547039222,10.473337545224782,-1,0.038637434879478336,0.9997291607628873,0.0,0.5998374964577323,6.0,0.38461538461538464,1.2307692307692308,O5,de-protonated,,0.0,,C13 H16 O5,13.0,16.0,5.0,,,,
116,259,251.1653854349238,251.16528048483136,251.16526817990908,2924753.2682307665,74.33052305857294,795330.9876663522,16.23799180994148,-1,0.04899133693323002,0.9995645905551693,0.0,0.5997387543331015,4.0,0.2,1.6,O3,de-protonated,,0.0,,C15 H24 O3,15.0,24.0,3.0,,,,
117,263,252.99910620838543,252.99900060450275,252.9989906976191,4262462.499912897,29.478445607489572,821766.9011386117,23.37624421506675,-1,0.0391577991459675,0.9997218173989779,0.0,0.5998330904393867,8.0,0.8,0.6,O8,de-protonated,,0.0,,C10 H6 O8,10.0,6.0,8.0,,,,
118,264,253.03549349611916,253.03538787926675,253.0353762069691,4104478.6286777565,42.2000756388441,810422.7384915681,22.796713965158062,-1,0.046129113782189306,0.9996139707510127,0.0,0.5997683824506076,7.0,0.6363636363636364,0.9090909090909091,O7,de-protonated,,0.0,,C11 H10 O7,11.0,10.0,7.0,,,,
119,265,253.07187027362545,253.07176464380717,253.0717617163191,3126644.2216082555,94.11513298976179,860584.7542295444,17.285604184776414,-1,0.011567818010218934,0.9999757198452254,0.0,0.5999854319071352,6.0,0.5,1.1666666666666667,O6,de-protonated,,0.0,,C12 H14 O6,12.0,14.0,6.0,,,,
120,266,253.10825034129817,253.10814469851294,253.1081472256691,2306418.8469199697,68.41957582748135,779347.859793802,12.51283823240343,-1,-0.009984491486905013,0.9999819115313128,0.0,0.5999891469187877,5.0,0.38461538461538464,1.3846153846153846,O5,de-protonated,,0.0,,C13 H18 O5,13.0,18.0,5.0,,,,
121,267,253.1446291399807,253.14452348422918,253.14453273501908,10257927.554902239,55.91659480511437,808450.3782823705,56.00268280367601,-1,-0.0365435105442294,0.4998788588346423,0.8684926696514793,0.6473243831613771,4.0,0.2857142857142857,1.5714285714285714,O4,de-protonated,,0.0,,C14 H22 O4,14.0,22.0,4.0,,,,
122,273,255.05114075614256,255.05103442106233,255.05102627142907,4772370.268460359,69.38069427440557,857868.8931914066,26.190309370873354,-1,0.03195295223442006,0.9998147596550301,0.0,0.599888855793018,6.0,0.6363636363636364,1.0909090909090908,O7,de-protonated,,0.0,,C11 H12 O7,11.0,12.0,7.0,,,,
123,274,255.08752213771018,255.08741578967036,255.08741178077906,3881060.3954505306,65.3963580611253,742114.2353399356,21.258729840400395,-1,0.01571575511070634,0.9999551859078867,0.0,0.599973111544732,5.0,0.5,1.3333333333333333,O6,de-protonated,,0.0,,C12 H16 O6,12.0,16.0,6.0,,,,
124,275,255.12389234151416,255.12378598051885,255.12379729012906,2985997.5755831017,113.77577279068784,766639.7510863019,16.165550528702894,-1,-0.04432989135304865,0.9996434916257343,0.0,0.5997860949754406,4.0,0.38461538461538464,1.5384615384615385,O5,de-protonated,,0.0,,C13 H20 O5,13.0,20.0,5.0,,,,
125,280,256.9940128318326,256.9939058048708,256.9939053171891,2263348.692553702,90.88550869451538,843555.8146097587,12.356810857428014,-1,0.0018976391218619004,0.9999993465972818,0.0,0.599999607958369,7.0,1.0,0.6666666666666666,O9,de-protonated,,0.0,,C9 H6 O9,9.0,6.0,9.0,,,,
126,281,257.0667718768228,257.0666648239585,257.0666763358891,4248100.097036726,129.78316777975814,802723.4602891774,23.387389027564996,-1,-0.04478188605719772,0.999636185858411,0.0,0.5997817115150466,5.0,0.6363636363636364,1.2727272727272727,O7,de-protonated,,0.0,,C11 H14 O7,11.0,14.0,7.0,,,,
127,282,257.10316911412224,257.10306204830056,257.1030618452391,5503323.073469258,137.10331928116256,827198.6573717769,30.191297057742947,-1,0.000789805689290473,0.9999998868135812,0.0,0.5999999320881487,4.0,0.5,1.5,O6,de-protonated,,0.0,,C12 H18 O6,12.0,18.0,6.0,,,,
128,284,257.1395438509846,257.1394367722137,257.1394473545891,3665533.5433005183,141.92609900062814,787974.9033679325,19.999366028098823,-1,-0.04115422786589104,0.9996927329341464,0.0,0.5998156397604878,3.0,0.38461538461538464,1.6923076923076923,O5,de-protonated,,0.0,,C13 H22 O5,13.0,22.0,5.0,,,,
129,286,259.0249004232807,259.0247926735288,259.02481152293905,1564391.3650285364,54.81258738426725,801692.4028185904,8.59265043614611,-1,-0.07277067452446513,0.9990395870779399,0.0,0.5994237522467639,10.0,0.46153846153846156,0.6153846153846154,O6,de-protonated,,0.0,,C13 H8 O6,13.0,8.0,6.0,,,,
130,287,259.0460516221308,259.0459438648535,259.0459408909991,1775122.9729566432,24.380799942800742,945835.6210461007,9.65976623285297,-1,0.011480027044410174,0.9999760869783035,0.0,0.5999856521869821,5.0,0.8,1.2,O8,de-protonated,,0.0,,C10 H12 O8,10.0,12.0,8.0,,,,
131,288,259.08245609243585,259.0823483222064,259.0823264003491,4574867.513235384,90.52343316781291,779706.9269330093,25.014531652308616,-1,0.08461348042519842,0.998701772250882,0.0,0.5992210633505292,4.0,0.6363636363636364,1.4545454545454546,O7,de-protonated,,0.0,,C11 H16 O7,11.0,16.0,7.0,,,,
132,289,259.1188082095338,259.11870042637094,259.1187119096991,5311770.360745759,93.73652136564117,783849.8386415371,29.873669901542993,-1,-0.04431686176826853,0.9996437011297857,0.0,0.5997862206778715,3.0,0.5,1.6666666666666667,O6,de-protonated,,0.0,,C12 H20 O6,12.0,20.0,6.0,,,,
133,290,259.15517086283336,259.1550630667335,259.15509741904907,1743572.449187845,60.05477355275174,889131.8459112277,9.539959498496849,-1,-0.13255504497849305,0.9968168711051466,0.0,0.5980901226630879,2.0,0.38461538461538464,1.8461538461538463,O5,de-protonated,,0.0,,C13 H24 O5,13.0,24.0,5.0,,,,
134,293,261.0041704514917,261.00406199774795,261.0040760780491,2266830.503223292,66.99637379502785,709674.5482610258,12.390245294922746,-1,-0.053946671405603885,0.9994720795653094,0.0,0.5996832477391856,10.0,0.5833333333333334,0.5,O7,de-protonated,,0.0,,C12 H6 O7,12.0,6.0,7.0,,,,
135,294,261.0405424654092,261.0404339987325,261.0404615873991,2475232.9386483417,96.09820195970721,697211.4448556401,13.772202044705,-1,-0.10568731912775921,0.9979753052189471,0.0,0.5987851831313682,9.0,0.46153846153846156,0.7692307692307693,O6,de-protonated,,0.0,,C13 H10 O6,13.0,10.0,6.0,,,,
136,295,261.0617056938032,261.06159721960154,261.06159095545905,2010835.0048732085,94.09361062371795,754197.5345094065,11.236757201354495,-1,0.023994883589723636,0.9998955355702875,0.0,0.5999373213421725,4.0,0.8,1.4,O8,de-protonated,,0.0,,C10 H14 O8,10.0,14.0,8.0,,,,
137,296,261.0980464907416,261.0979380036183,261.0979764648091,1868113.453779332,66.68180197092113,605781.3351926917,10.249048193697622,-1,-0.14730558742081207,0.9960704973334843,0.0,0.5976422984000905,3.0,0.6363636363636364,1.6363636363636365,O7,de-protonated,,0.0,,C11 H18 O7,11.0,18.0,7.0,,,,
138,297,261.1344478240125,261.1343393239462,261.13436197415905,2816933.214494804,82.63638909041171,769678.499356668,15.374268841327572,-1,-0.08673777229418628,0.9986358128385672,0.0,0.5991814877031403,2.0,0.5,1.8333333333333333,O6,de-protonated,,0.0,,C12 H22 O6,12.0,22.0,6.0,,,,
139,300,263.0198312147061,263.019722044461,263.01972614250906,4965650.623181338,109.93670620107295,831760.3307451312,27.995768995588882,-1,-0.015580763185819765,0.9999559524541083,0.0,0.599973571472465,9.0,0.5833333333333334,0.6666666666666666,O7,de-protonated,,0.0,,C12 H8 O7,12.0,8.0,7.0,,,,
140,301,263.0562045184756,263.0560953353051,263.0561116518591,3726033.5627632956,42.417265360639135,800523.4799803371,20.69034440298995,-1,-0.06202689578996256,0.999302149583992,0.0,0.5995812897503952,8.0,0.46153846153846156,0.9230769230769231,O6,de-protonated,,0.0,,C13 H12 O6,13.0,12.0,6.0,,,,
141,302,263.0926277231581,263.09251852704443,263.0924971612091,1839000.288220497,58.24851580071917,848534.2932968236,10.058193279665193,-1,0.08121035587762529,0.9988040395263014,0.0,0.5992824237157808,7.0,0.35714285714285715,1.1428571428571428,O5,de-protonated,,0.0,,C14 H16 O5,14.0,16.0,5.0,,,,
142,306,264.99909459043545,264.99898471705325,264.9989906976191,6573983.245875821,100.36493271446413,834123.672002322,36.176061369299966,-1,-0.022568258956294534,0.9999075876800074,0.0,0.5999445526080044,9.0,0.7272727272727273,0.5454545454545454,O8,de-protonated,,0.0,,C11 H6 O8,11.0,6.0,8.0,,,,
143,307,265.03546984896843,265.0353599626678,265.0353762069691,5718332.771291555,131.30822499823938,797704.0944750331,31.17761296383754,-1,-0.061291067994779666,0.9993186030257833,0.0,0.59959116181547,8.0,0.5833333333333334,0.8333333333333334,O7,de-protonated,,0.0,,C12 H10 O7,12.0,10.0,7.0,,,,
144,308,265.07188410647683,265.0717742072441,265.0717617163191,2280742.4236196154,40.06817312440769,810159.6480992653,12.523983044901675,-1,0.047122805346855784,0.9995971636861545,0.0,0.5997582982116927,7.0,0.46153846153846156,1.0769230769230769,O6,de-protonated,,0.0,,C13 H14 O6,13.0,14.0,6.0,,,,
145,310,265.1082655773039,265.1081556651508,265.1081472256691,2017426.965195598,53.482584439904784,747040.1493008982,11.005502342015932,-1,0.03183410912795844,0.9998161349006198,0.0,0.5998896809403719,6.0,0.35714285714285715,1.2857142857142858,O5,de-protonated,,0.0,,C14 H18 O5,14.0,18.0,5.0,,,,
146,312,265.14463920312954,265.144529278059,265.1445327350191,1819002.3658317183,63.9592723928328,734048.3108779265,9.913310717188022,-1,-0.013038021381843892,0.9999691560132176,0.0,0.5999814936079305,5.0,0.26666666666666666,1.4666666666666666,O4,de-protonated,,0.0,,C15 H22 O4,15.0,22.0,4.0,,,,
147,313,265.1480225975824,265.1479126713103,265.14790403833905,4000642.6229922217,67.61521018015404,854851.5873198952,21.866122121554692,-1,0.03255907777825963,0.9998076659173243,0.0,0.5998845995503945,0.0,0.3333333333333333,2.1666666666666665,S1 O4,de-protonated,,0.0,,C12 H26 O4 S1,12.0,26.0,4.0,,,1.0,
148,314,266.03071822225445,266.0306079825534,266.0306251791691,1585559.2575890443,46.32832633668803,855899.4383011155,8.64837449863733,-1,-0.06464148872707802,0.999242100012003,0.0,0.5995452600072018,8.0,0.6363636363636364,0.8181818181818182,N1 O7,de-protonated,,0.0,,C11 H9 O7 N1,11.0,9.0,7.0,1.0,,,
149,315,266.1035453458494,266.1034350802925,266.1033961978691,1482149.6206853667,145.5505766080212,690188.927107827,8.075809756540044,-1,0.14611772714948096,0.9961334940065364,0.0,0.5976800964039218,6.0,0.38461538461538464,1.3076923076923077,N1 O5,de-protonated,,0.0,,C13 H17 O5 N1,13.0,17.0,5.0,1.0,,,
150,321,267.01476149378436,267.0146509047666,267.01464076207907,4981587.361740705,119.05204932283209,758947.2829321282,27.176625276967947,-1,0.037985510831994085,0.9997382221357576,0.0,0.5998429332814545,8.0,0.7272727272727273,0.7272727272727273,O8,de-protonated,,0.0,,C11 H8 O8,11.0,8.0,8.0,,,,
151,322,267.05114265428745,267.051032052357,267.05102627142907,4989196.929091125,57.590578040607355,773282.906115865,27.14876324572234,-1,0.021647278538434192,0.9999149759133227,0.0,0.5999489855479936,7.0,0.5833333333333334,1.0,O7,de-protonated,,0.0,,C12 H12 O7,12.0,12.0,7.0,,,,
152,323,267.0875086889992,267.0873980741617,267.08741178077906,4173352.3173856707,70.17896621733006,803627.4562318901,22.7799967464107,-1,-0.0513188446032005,0.9995222465797086,0.0,0.5997133479478252,6.0,0.46153846153846156,1.2307692307692308,O6,de-protonated,,0.0,,C13 H16 O6,13.0,16.0,6.0,,,,
153,325,267.1239133411456,267.1238027133874,267.12379729012906,1724842.258945288,56.29545053579861,622768.6733837603,9.400649342268798,-1,0.02030241563262978,0.9999252118110524,0.0,0.5999551270866315,5.0,0.35714285714285715,1.4285714285714286,O5,de-protonated,,0.0,,C14 H20 O5,14.0,20.0,5.0,,,,
154,326,267.1603024829349,267.16019184226167,267.16018279947906,17439031.2816753,135.52087577396503,792889.9529180146,95.46646385995794,-1,0.03384779316023965,0.9994927817570985,0.993333450932579,0.9970290494272906,4.0,0.26666666666666666,1.6,O4,de-protonated,,0.0,,C15 H24 O4,15.0,24.0,4.0,,,,
155,327,268.16363074854934,268.1635197518368,268.1635376345491,2987504.258040502,107.68551950609363,677507.0389565928,16.355012341173044,-1,-0.06668584556468889,0.9991934227877316,0.993333450932579,0.9968494340456706,4.0,0.26666666666666666,1.6,13C1 O4,de-protonated,,1.0,326.0,C14 H24 O4 13C1,14.0,24.0,4.0,,,,1.0
156,335,268.99400159012407,268.9938902988297,268.9939053171891,2380806.0186589137,89.5010082970735,714586.6046695943,12.972561747955995,-1,-0.05583159738274882,0.9994345540193822,0.0,0.5996607324116293,8.0,0.9,0.6,O9,de-protonated,,0.0,,C10 H6 O9,10.0,6.0,9.0,,,,
157,336,269.03039917169934,269.0302878674943,269.0302908265391,3199239.6672982406,47.513355357568486,822050.8649804983,17.514072840990416,-1,-0.010998928082173355,0.9999780492286273,0.0,0.5999868295371764,7.0,0.7272727272727273,0.9090909090909091,O8,de-protonated,,0.0,,C11 H10 O8,11.0,10.0,8.0,,,,
158,337,269.0668079911288,269.0666966740092,269.0666763358891,4814424.825563886,150.72929533836233,788194.54870084,26.468929683329456,-1,0.07558765879187959,0.9989638311841443,0.0,0.5993782987104865,6.0,0.5833333333333334,1.1666666666666667,O7,de-protonated,,0.0,,C12 H14 O7,12.0,14.0,7.0,,,,
159,338,269.10318048828907,269.103069158268,269.1030618452391,2664053.0247561866,92.58539166923082,799272.5064416828,14.769662763297836,-1,0.02717556928672369,0.9998660070243738,0.0,0.5999196042146242,5.0,0.46153846153846156,1.3846153846153846,O6,de-protonated,,0.0,,C13 H18 O6,13.0,18.0,6.0,,,,
160,339,269.131304815101,269.1311934751041,269.1312051460991,2174043.226870225,43.92786064111135,869441.4055955485,12.320590216808721,-1,-0.04336544687564071,0.9996588327095075,0.0,0.5997952996257044,4.0,0.21428571428571427,1.6428571428571428,P1 O3,de-protonated,,0.0,,C14 H23 O3 P1,14.0,23.0,3.0,,1.0,,
161,340,269.1395638476142,269.1394525046879,269.1394473545891,5618106.596261713,57.53357888015598,843012.3914747767,30.971433932620023,-1,0.019135429002195312,0.9999335621136303,0.0,0.5999601372681781,4.0,0.35714285714285715,1.5714285714285714,O5,de-protonated,,0.0,,C14 H22 O5,14.0,22.0,5.0,,,,
162,346,271.00962336022616,271.0095113541801,271.0095553816491,1933980.3659679955,109.15875088551502,609316.5342609982,10.559709842086173,-1,-0.16245725689443952,0.9952225891954173,0.0,0.5971335535172504,7.0,0.9,0.8,O9,de-protonated,,0.0,,C10 H8 O9,10.0,8.0,9.0,,,,
163,347,271.046055931166,271.04594391220473,271.0459408909991,3317418.6212867284,112.06689098727465,768475.9938101908,18.639698903313057,-1,0.011146470769028796,0.9999774563778947,0.0,0.5999864738267368,6.0,0.7272727272727273,1.0909090909090908,O8,de-protonated,,0.0,,C11 H12 O8,11.0,12.0,8.0,,,,
164,348,271.0824357509068,271.08232371904927,271.0823264003491,6204031.772599986,146.1039299005525,772679.2357751055,33.86908518216346,-1,-0.00989109043002682,0.9999822483666826,0.0,0.5999893490200096,5.0,0.5833333333333334,1.3333333333333333,O7,de-protonated,,0.0,,C12 H16 O7,12.0,16.0,7.0,,,,
165,349,271.11882038725037,271.1187083424949,271.1187119096991,5675788.949308378,95.52875060933121,776459.530739127,31.46180568254276,-1,-0.013157351335754356,0.9999685888417635,0.0,0.5999811533050581,4.0,0.46153846153846156,1.5384615384615385,O6,de-protonated,,0.0,,C13 H20 O6,13.0,20.0,6.0,,,,
166,351,271.1552170884395,271.15510503078195,271.15509741904907,2571529.5721764085,119.22903353883548,785846.9838360439,14.034105138413734,-1,0.028071509462876423,0.9998570269070086,0.0,0.5999142161442051,3.0,0.35714285714285715,1.7142857142857142,O5,de-protonated,,0.0,,C14 H24 O5,14.0,24.0,5.0,,,,
167,353,272.0413212183939,272.041208846671,272.0411898631991,1513593.985384488,107.98956844407755,646078.0607424817,8.263878467447912,-1,0.06978160875156712,0.9991168307593709,0.0,0.5994700984556225,6.0,0.8,1.1,N1 O8,de-protonated,,0.0,,C10 H11 O8 N1,10.0,11.0,8.0,1.0,,,
168,355,273.0405732244889,273.0404604986987,273.0404615873991,1492867.7734027419,40.89766562159198,814318.7452937845,8.34189215493562,-1,-0.0039873225917229135,0.9999971151984108,0.0,0.5999982691190465,10.0,0.42857142857142855,0.7142857142857143,O6,de-protonated,,0.0,,C14 H10 O6,14.0,10.0,6.0,,,,
169,356,273.0617341908771,273.06162145759,273.06159095545905,2628367.9668341125,217.44961450847669,733787.9805132542,14.594131966450494,-1,0.11170421595800337,0.9977384749104173,0.0,0.5986430849462504,5.0,0.7272727272727273,1.2727272727272727,O8,de-protonated,,0.0,,C11 H14 O8,11.0,14.0,8.0,,,,
170,357,273.0980901102804,273.0979773641133,273.0979764648091,6307444.024319061,111.52210301357907,744622.7421611565,34.59349799454932,-1,0.0032929728121195993,0.99999803243227,0.0,0.599998819459362,4.0,0.5833333333333334,1.5,O7,de-protonated,,0.0,,C12 H18 O7,12.0,18.0,7.0,,,,
171,358,273.1344798463343,273.1343670872754,273.13436197415905,7480043.972410274,61.394209288729876,767729.9965183863,40.65627599359404,-1,0.018720150432884344,0.9999364144123754,0.0,0.5999618486474252,3.0,0.46153846153846156,1.6923076923076923,O6,de-protonated,,0.0,,C13 H22 O6,13.0,22.0,6.0,,,,
172,361,275.0198393812775,275.01972595448694,275.01972614250906,3417966.562727224,62.675833739364506,839066.9232650785,18.712140184551643,-1,-0.0006836677356621432,0.9999999151906023,0.0,0.5999999491143614,10.0,0.5384615384615384,0.6153846153846154,O7,de-protonated,,0.0,,C13 H8 O7,13.0,8.0,7.0,,,,
173,363,275.05623963629165,275.0561261966131,275.0561116518591,1809576.6634774278,32.80385325534532,783432.4504351886,9.840869435949436,-1,0.052879224873146426,0.9994927596190869,0.0,0.5996956557714521,9.0,0.42857142857142855,0.8571428571428571,O6,de-protonated,,0.0,,C14 H12 O6,14.0,12.0,6.0,,,,
174,364,275.07738377710695,275.0772703299421,275.0772410199191,1806653.904085722,87.54476257053908,616164.9935198899,9.840869435949436,-1,0.10655197396585697,0.9979420748656332,0.0,0.5987652449193799,4.0,0.7272727272727273,1.4545454545454546,O8,de-protonated,,0.0,,C11 H16 O8,11.0,16.0,8.0,,,,
175,366,275.11372177422606,275.11360831419546,275.1136265292691,3173895.7231165087,94.40554627574707,821094.8474887781,17.307893809772903,-1,-0.06620927452211438,0.9992049054495511,0.0,0.5995229432697307,3.0,0.5833333333333334,1.6666666666666667,O7,de-protonated,,0.0,,C12 H20 O7,12.0,20.0,7.0,,,,
176,367,275.1501586039188,275.1500451309876,275.1500120386191,1957790.8090806382,122.86510147278673,709573.5360316229,10.743599248307198,-1,0.12027027836368351,0.9973787970327443,0.0,0.5984272782196466,2.0,0.46153846153846156,1.8461538461538463,O6,de-protonated,,0.0,,C13 H24 O6,13.0,24.0,6.0,,,,
177,371,276.99907138888335,276.9989572615268,276.9989906976191,2428532.637645531,135.6449128542856,668025.7023446754,13.279044091657704,-1,-0.12070835419462159,0.9973596924468144,0.0,0.5984158154680886,10.0,0.6666666666666666,0.5,O8,de-protonated,,0.0,,C12 H6 O8,12.0,6.0,8.0,,,,
178,374,277.0355014716668,277.03538733141943,277.0353762069691,4554536.397560611,72.01647608805084,760069.6152796271,24.91980074607354,-1,0.04015534222016953,0.9997074655885213,0.0,0.5998244793531128,9.0,0.5384615384615384,0.7692307692307693,O7,de-protonated,,0.0,,C13 H10 O7,13.0,10.0,7.0,,,,
179,375,277.0718767301875,277.0717625770689,277.0717617163191,3340986.062168514,82.89103596044535,781830.9079248622,18.288637309618373,-1,0.003106595260046457,0.9999982488522173,0.0,0.5999989493113304,8.0,0.42857142857142855,1.0,O6,de-protonated,,0.0,,C14 H14 O6,14.0,14.0,6.0,,,,
180,377,277.1082676786855,277.10815351269025,277.1081472256691,1876205.2691632567,54.00691066581837,638427.8564446198,10.378606638989707,-1,0.022687969400942684,0.999906604747089,0.0,0.5999439628482534,7.0,0.3333333333333333,1.2,O5,de-protonated,,0.0,,C15 H18 O5,15.0,18.0,5.0,,,,
181,379,277.1446695646597,277.1445553857841,277.1445327350191,3400643.0137650697,73.07741576608817,761775.1388869445,18.416802653348178,-1,0.08172907031772364,0.9987887221172983,0.0,0.599273233270379,6.0,0.25,1.375,O4,de-protonated,,0.0,,C16 H22 O4,16.0,22.0,4.0,,,,
182,381,278.0670688030979,278.06695429788994,278.0670106885191,1713046.7414377017,49.63004567134828,757098.9146991534,9.336566670403895,-1,-0.2027951068370009,0.9925655409018149,0.0,0.5955393245410889,8.0,0.46153846153846156,1.0,N1 O6,de-protonated,,0.0,,C13 H13 O6 N1,13.0,13.0,6.0,1.0,,,
183,387,279.01476601625626,279.0146511758614,279.01464076207907,8700992.992432922,141.90007670896628,783942.8375691519,48.02299705493331,-1,0.037323426081103075,0.9997472670028915,0.0,0.5998483602017349,9.0,0.6666666666666666,0.6666666666666666,O8,de-protonated,,0.0,,C12 H8 O8,12.0,8.0,8.0,,,,
184,388,279.05114954049367,279.0510346872324,279.05102627142907,4857452.29759068,79.7572716485379,747783.7151627267,26.61938465205575,-1,0.03015865395100444,0.9998349779796334,0.0,0.59990098678778,8.0,0.5384615384615384,0.9230769230769231,O7,de-protonated,,0.0,,C13 H12 O7,13.0,12.0,7.0,,,,
185,390,279.08752352752964,279.0874086614055,279.08741178077906,3338770.7903316817,94.88452454161796,806548.6384999173,18.08245827840086,-1,-0.011177048579701832,0.9999773325230323,0.0,0.5999863995138194,7.0,0.42857142857142855,1.1428571428571428,O6,de-protonated,,0.0,,C14 H16 O6,14.0,16.0,6.0,,,,
186,393,280.0827736879967,280.0826584699788,280.08266075297905,1512770.2366871992,56.813032622247015,758743.2410017985,8.273630178383875,-1,-0.008151165930976645,0.9999879443486834,0.0,0.5999927666092101,7.0,0.46153846153846156,1.1538461538461537,N1 O6,de-protonated,,0.0,,C13 H15 O6 N1,13.0,15.0,6.0,1.0,,,
187,398,281.0304138452085,281.0302982922298,281.0302908265391,6804975.733184576,152.06260481257243,771509.259677189,36.956198244177045,-1,0.026565430696342523,0.9998719558489396,0.0,0.5999231735093637,8.0,0.6666666666666666,0.8333333333333334,O8,de-protonated,,0.0,,C12 H10 O8,12.0,10.0,8.0,,,,
188,399,281.06678004685136,281.0666644810203,281.0666763358891,5166153.270913128,61.94371911273951,730476.2192972616,28.140651558066054,-1,-0.04217813697553314,0.9996772557441147,0.0,0.5998063534464688,7.0,0.5384615384615384,1.0769230769230769,O7,de-protonated,,0.0,,C13 H14 O7,13.0,14.0,7.0,,,,
189,402,281.1031697748289,281.10305419613735,281.1030618452391,2901380.022674352,140.35879317655696,686785.3912977804,16.257495231813408,-1,-0.027211022521257032,0.9998656572054786,0.0,0.5999193943232871,6.0,0.42857142857142855,1.2857142857142858,O6,de-protonated,,0.0,,C14 H18 O6,14.0,18.0,6.0,,,,
190,404,281.13959472689805,281.13947913533354,281.1394473545891,1591850.9077281016,92.38407812433232,769008.7439347139,8.662305514260135,-1,0.11304263684573689,0.9976840190003086,0.0,0.5986104114001851,5.0,0.3333333333333333,1.4666666666666666,O5,de-protonated,,0.0,,C15 H22 O5,15.0,22.0,5.0,,,,
191,405,281.1758801385851,281.17576453419724,281.1758328639391,1505632.2693228745,172.83941113849198,661927.380263067,8.181685475273364,-1,-0.2430142774166256,0.9893415852065282,0.0,0.5936049511239169,4.0,0.25,1.625,O4,de-protonated,,0.0,,C16 H26 O4,16.0,26.0,4.0,,,,
192,408,282.0984182995062,282.09830236913774,282.0983108174391,1478415.7050617952,45.49493300155863,686463.6382679377,8.191437186209326,-1,-0.029948074908184606,0.9998372742387499,0.0,0.59990236454325,6.0,0.46153846153846156,1.3076923076923077,N1 O6,de-protonated,,0.0,,C13 H17 O6 N1,13.0,17.0,6.0,1.0,,,
193,415,283.0096743060715,283.00955805379897,283.0095553816491,2095268.5196832176,106.42905412068785,732207.6607963489,11.468012060693058,-1,0.009441906956818602,0.9999838240517601,0.0,0.599990294431056,8.0,0.8181818181818182,0.7272727272727273,O9,de-protonated,,0.0,,C11 H8 O9,11.0,8.0,9.0,,,,
194,416,283.04606094893296,283.0459446838086,283.0459408909991,4422571.199347145,169.05701718078717,744700.451970741,24.65789765236481,-1,0.013399978550206446,0.9999674197089417,0.0,0.599980451825365,7.0,0.6666666666666666,1.0,O8,de-protonated,,0.0,,C12 H12 O8,12.0,12.0,8.0,,,,
195,417,283.0824328812939,283.08231660332314,283.0823264003491,5309391.385404944,75.50303463698432,766983.8084809615,28.954222870437864,-1,-0.03460839842433619,0.9997826950393331,0.0,0.5998696170235999,6.0,0.5384615384615384,1.2307692307692308,O7,de-protonated,,0.0,,C13 H16 O7,13.0,16.0,7.0,,,,
196,420,283.1188292050349,283.11871291420914,283.1187119096991,3690041.3084957623,63.76712053847543,782982.4763487244,20.48973777802156,-1,0.003548017230082928,0.9999977158492002,0.0,0.5999986295095201,5.0,0.42857142857142855,1.4285714285714286,O6,de-protonated,,0.0,,C14 H20 O6,14.0,20.0,6.0,,,,
197,421,283.1551959461761,283.15507964250594,283.15509741904907,2581661.792286898,45.49077527878994,820139.0075739297,14.396311544606663,-1,-0.06278023349663793,0.9992851014816059,0.0,0.5995710608889635,4.0,0.3333333333333333,1.6,O5,de-protonated,,0.0,,C15 H24 O5,15.0,24.0,5.0,,,,
198,425,285.0253357541434,285.0252187901502,285.02520544610906,2468034.4232182303,72.13471462728225,758966.4597497543,13.46293349787873,-1,0.04681705641074401,0.9996023731718082,0.0,0.599761423903085,7.0,0.8181818181818182,0.9090909090909091,O9,de-protonated,,0.0,,C11 H10 O9,11.0,10.0,9.0,,,,
199,426,285.06170761346925,285.06159063663733,285.06159095545905,4981528.11898557,191.82721932621368,676310.2631718853,27.29364580819951,-1,-0.001118430996539162,0.9999997730280606,0.0,0.5999998638168363,6.0,0.6666666666666666,1.1666666666666667,O8,de-protonated,,0.0,,C12 H14 O8,12.0,14.0,8.0,,,,
200,427,285.0980928006994,285.0979758110242,285.0979764648091,6308691.988756024,72.34041007534981,727195.9909283731,35.41264171317025,-1,-0.0022931938388163066,0.9999990458093567,0.0,0.599999427485614,5.0,0.5384615384615384,1.3846153846153846,O7,de-protonated,,0.0,,C13 H18 O7,13.0,18.0,7.0,,,,
201,428,285.12623035859593,285.1261133589888,285.1261197656691,17649779.125230525,75.44101405431712,737250.8776929557,97.76229523459621,-1,-0.022469636659878358,0.49995419677693304,0.8684926696514794,0.6473695859267516,4.0,0.2857142857142857,1.6428571428571428,P1 O4,de-protonated,,0.0,,C14 H23 O4 P1,14.0,23.0,4.0,,1.0,,
202,429,285.13446705535387,285.1343500528394,285.13436197415905,5594006.819334747,96.92868424755932,751584.0998635945,30.39747608896046,-1,-0.04180948082636337,0.9996828720610182,0.0,0.599809723236611,4.0,0.42857142857142855,1.5714285714285714,O6,de-protonated,,0.0,,C14 H22 O6,14.0,22.0,6.0,,,,
203,430,285.17086906417427,285.17075204881087,285.17074748350905,1946739.9331526563,117.93354381450867,645326.3736125126,10.6934475920651,-1,0.01600901166125649,0.9999534978778949,0.0,0.599972098726737,3.0,0.3333333333333333,1.7333333333333334,O5,de-protonated,,0.0,,C15 H26 O5,15.0,26.0,5.0,,,,
204,434,287.07734246417505,287.0772247760776,287.0772410199191,4383196.133322022,69.20079411101933,708384.5143222519,24.501870277389393,-1,-0.056583522260411766,0.9994192253647565,0.0,0.5996515352188538,5.0,0.6666666666666666,1.3333333333333333,O8,de-protonated,,0.0,,C12 H16 O8,12.0,16.0,8.0,,,,
205,436,287.1137480643807,287.11363036344073,287.1136265292691,7399938.981457178,76.66256927499339,729798.6373514939,40.24391793115902,-1,0.013354196025961142,0.9999676419534393,0.0,0.5999805851720635,4.0,0.5384615384615384,1.5384615384615385,O7,de-protonated,,0.0,,C13 H20 O7,13.0,20.0,7.0,,,,
206,438,287.1501365841049,287.1500188703285,287.1500120386191,5776947.640968772,106.2705641696493,723932.6560297279,31.550964182528713,-1,0.023791430008270404,0.9998972994855123,0.0,0.5999383796913074,3.0,0.42857142857142855,1.7142857142857142,O6,de-protonated,,0.0,,C14 H24 O6,14.0,24.0,6.0,,,,
207,445,289.03552729661635,289.0354089179454,289.0353762069691,2913287.460812741,71.09364271556659,718542.8808857282,16.06803341934326,-1,0.11317291586475926,0.9976786838995904,0.0,0.5986072103397542,10.0,0.5,0.7142857142857143,O7,de-protonated,,0.0,,C14 H10 O7,14.0,10.0,7.0,,,,
208,446,289.0718742023516,289.0717558108665,289.0717617163191,1524454.9947874246,41.88304024737907,710842.1322619283,8.302885311191766,-1,-0.020429019339054957,0.9999242761958399,0.0,0.5999545657175039,9.0,0.4,0.9333333333333333,O6,de-protonated,,0.0,,C15 H14 O6,15.0,14.0,6.0,,,,
209,447,289.0929990292485,289.0928806303159,289.0928910843791,2900639.385148492,108.00149976063636,764542.731030018,15.825633747506453,-1,-0.036161605966442176,0.9997627546411675,0.0,0.5998576527847005,4.0,0.6666666666666666,1.5,O8,de-protonated,,0.0,,C12 H18 O8,12.0,18.0,8.0,,,,
210,449,289.12938099261544,289.12926258085645,289.12927659372906,3690885.9209691007,135.90418237872316,694207.8319055091,20.562179059260146,-1,-0.04846576858867188,0.9995738804204795,0.0,0.5997443282522876,3.0,0.5384615384615384,1.6923076923076923,O7,de-protonated,,0.0,,C13 H22 O7,13.0,22.0,7.0,,,,
211,450,289.16582626885673,289.16570784424925,289.1656621030791,1510060.3616391174,61.39900305512877,634828.0819192972,8.37254038930579,-1,0.15818327047469394,0.9954700917022783,0.0,0.597282055021367,2.0,0.42857142857142855,1.8571428571428572,O6,de-protonated,,0.0,,C14 H26 O6,14.0,26.0,6.0,,,,
212,453,290.1246641975942,290.1245454350071,290.1245255659291,3122522.45538361,86.75147405928061,724392.3700552745,17.257742153530806,-1,0.06848465491808017,0.9991493408300154,0.0,0.5994896044980093,3.0,0.5833333333333334,1.75,N1 O7,de-protonated,,0.0,,C12 H21 O7 N1,12.0,21.0,7.0,1.0,,,
213,455,291.0147595299846,291.0146404537376,291.01464076207907,3507350.019774649,85.51302141718169,720038.3856501537,19.575863153165553,-1,-0.0010595392742479013,0.9999997963014662,0.0,0.5999998777808797,10.0,0.6153846153846154,0.6153846153846154,O8,de-protonated,,0.0,,C13 H8 O8,13.0,8.0,8.0,,,,
214,456,291.05116268475905,291.0510435956858,291.05102627142907,4387223.485067657,49.82558412125957,755112.7080969457,23.90562280873334,-1,0.059523091128579494,0.9993573341969862,0.0,0.5996144005181917,9.0,0.5,0.8571428571428571,O7,de-protonated,,0.0,,C14 H12 O7,14.0,12.0,7.0,,,,
215,457,291.08755791154783,291.08743880965125,291.08741178077906,2350088.7205364695,79.47092682488135,702388.7652527242,13.084009872938434,-1,0.09285483015856272,0.9984367690117241,0.0,0.5990620614070344,8.0,0.4,1.0666666666666667,O6,de-protonated,,0.0,,C15 H16 O6,15.0,16.0,6.0,,,,
216,462,292.0464027141115,292.04628327443146,292.0462752436291,1757057.2698214082,88.49570707350762,782596.6988358982,9.595683560988068,-1,0.027498389910154637,0.9998628049107915,0.0,0.5999176829464749,9.0,0.5384615384615384,0.8461538461538461,N1 O7,de-protonated,,0.0,,C13 H11 O7 N1,13.0,11.0,7.0,1.0,,,
217,464,292.2130893442747,292.2129698458842,292.2129466490891,6034539.058228943,89.09426911758445,694313.7379781968,33.21154124476706,-1,0.07938318737792957,0.9988572200193709,0.0,0.5993143320116225,0.0,0.35714285714285715,2.2142857142857144,N1 O5,de-protonated,,0.0,,C14 H31 O5 N1,14.0,31.0,5.0,1.0,,,
218,467,292.9940233446179,292.9939035712059,292.9939053171891,2293432.4914861503,95.98683462553105,694796.0108056176,12.507265826154308,-1,-0.005959110930718577,0.9999935565958995,0.0,0.5999961339575397,10.0,0.75,0.5,O9,de-protonated,,0.0,,C12 H6 O9,12.0,6.0,9.0,,,,
219,469,293.03041563036896,293.0302958441423,293.0302908265391,6685444.274245539,108.58930444929092,753382.793604046,36.36552318177011,-1,0.01712315537869021,0.9999468002157607,0.0,0.5999680801294563,9.0,0.6153846153846154,0.7692307692307693,O8,de-protonated,,0.0,,C13 H10 O8,13.0,10.0,8.0,,,,
220,470,293.0668004161695,293.06668061713094,293.0666763358891,5158709.2058119625,104.29835165031584,713089.5998542084,28.257672089297614,-1,0.01460842254856573,0.9999612785096473,0.0,0.5999767671057884,8.0,0.5,1.0,O7,de-protonated,,0.0,,C14 H14 O7,14.0,14.0,7.0,,,,
221,472,293.1031782293271,293.1030584174793,293.1030618452391,2535446.0520687485,41.90979380145378,743436.7491716334,13.77498824782956,-1,-0.011694725301605797,0.9999751841880379,0.0,0.5999851105128227,7.0,0.4,1.2,O6,de-protonated,,0.0,,C15 H18 O6,15.0,18.0,6.0,,,,
222,474,293.1759577623402,293.17583792486585,293.1758328639391,51383923.41778928,177.95133435886805,727706.3721447554,280.00226920588176,-1,0.01726242816057635,0.9999667565797921,0.9959706726066907,0.9983683229905516,5.0,0.23529411764705882,1.5294117647058822,O4,de-protonated,,0.0,,C17 H26 O4,17.0,26.0,4.0,,,,
223,475,293.1793457785536,293.1792259398863,293.17920416725906,1883779.2317512876,49.03097739259997,657790.2918164046,10.492840967096708,-1,0.07426388681691393,0.9989997883801822,0.0,0.5993998730281093,0.0,0.2857142857142857,2.142857142857143,S1 O4,de-protonated,,0.0,,C14 H30 O4 S1,14.0,30.0,4.0,,,1.0,
224,479,294.17930545602866,294.17918526532156,294.1791876990091,9159026.095090926,41.15561852346415,720843.8405544485,49.728153367164644,-1,-0.008272806653338393,0.9999875818505992,0.9959706726066907,0.9983808181530358,5.0,0.23529411764705882,1.5294117647058822,13C1 O4,de-protonated,,1.0,474.0,C16 H26 O4 13C1,16.0,26.0,4.0,,,,1.0
225,486,295.00970207459125,295.00958159162167,295.0095553816491,4338150.100278845,49.379886950601765,758436.4367768993,23.927912433729826,-1,0.088844486934749,0.9985687884691711,0.0,0.5991412730815027,9.0,0.75,0.6666666666666666,O9,de-protonated,,0.0,,C12 H8 O9,12.0,8.0,9.0,,,,
226,487,295.04604073326055,295.0459202375031,295.0459408909991,6256922.247372977,115.13215567952263,702669.7358426276,34.17556752586517,-1,-0.07000094945203285,0.9991112724706047,0.0,0.5994667634823628,8.0,0.6153846153846154,0.9230769230769231,O8,de-protonated,,0.0,,C13 H12 O8,13.0,12.0,8.0,,,,
227,488,295.0824561221195,295.08233561354723,295.0823264003491,4525932.060925599,74.046647416277,751221.6312724181,25.237427902273495,-1,0.031222466851884106,0.9998231317636006,0.0,0.5998938790581604,7.0,0.5,1.1428571428571428,O7,de-protonated,,0.0,,C14 H16 O7,14.0,16.0,7.0,,,,
228,490,295.1188391413643,295.11871861998884,295.1187119096991,1754988.7486849397,73.15780823946663,840636.8157994612,9.581752545365262,-1,0.022737595064628947,0.9999061957503578,0.0,0.5999437174502147,6.0,0.4,1.3333333333333333,O6,de-protonated,,0.0,,C15 H20 O6,15.0,20.0,6.0,,,,
229,498,297.0253137381189,297.0251925460532,297.02520544610906,3169300.9139193776,45.06180645949217,718288.7450503376,17.781548340948273,-1,-0.04343084573998536,0.9996578030899239,0.0,0.5997946818539543,8.0,0.75,0.8333333333333334,O9,de-protonated,,0.0,,C12 H10 O9,12.0,10.0,9.0,,,,
230,499,297.0617111135653,297.061589908699,297.06159095545905,4872564.445713558,62.461927938790886,732083.8466910514,27.37723190193634,-1,-0.0035237139631024168,0.9999977470340204,0.0,0.5999986482204123,7.0,0.6153846153846154,1.0769230769230769,O8,de-protonated,,0.0,,C13 H14 O8,13.0,14.0,8.0,,,,
231,500,297.098115357999,297.0979941403298,297.0979764648091,5612724.412607939,37.87235023728132,701355.6221350405,31.261199057574366,-1,0.0594939113251243,0.9993579639440329,0.0,0.5996147783664197,6.0,0.5,1.2857142857142858,O7,de-protonated,,0.0,,C14 H18 O7,14.0,18.0,7.0,,,,
232,502,297.13451327647573,297.1343920460059,297.13436197415905,2085168.8939528146,63.96179576174408,752952.4396078218,11.473584466942178,-1,0.10120622428019473,0.9981432015581073,0.0,0.5988859209348644,5.0,0.4,1.4666666666666666,O6,de-protonated,,0.0,,C15 H22 O6,15.0,22.0,6.0,,,,
233,503,297.15312621129874,297.15300497428314,297.1529894187691,3668861.3038344174,84.14089142694257,654461.065854908,20.32535179367246,-1,0.05234850260116904,0.9995028878404747,0.0,0.5997017327042848,4.0,0.1875,1.625,S1 O3,de-protonated,,0.0,,C16 H26 O3 S1,16.0,26.0,3.0,,,1.0,
234,504,297.170858212786,297.17073696953446,297.17074748350905,1482459.2172840482,45.429558370823045,804386.2703519779,8.375326592430351,-1,-0.035380247470488055,0.9997728952378526,0.0,0.5998637371427116,4.0,0.3125,1.625,O5,de-protonated,,0.0,,C16 H26 O5,16.0,26.0,5.0,,,,
235,510,299.01986143499715,299.0197395416768,299.01972614250906,1554685.8152752733,55.15989277304907,774159.9702543046,8.458912686167182,-1,0.04481031378308763,0.9996357238945353,0.0,0.5997814343367212,12.0,0.4666666666666667,0.5333333333333333,O7,de-protonated,,0.0,,C15 H8 O7,15.0,8.0,7.0,,,,
236,511,299.0409505893917,299.04082868865896,299.0408555105691,4108719.78564489,74.23329310889675,718791.4005993498,22.445652371463378,-1,-0.08969312932182363,0.9985413360704762,0.0,0.5991248016422858,7.0,0.75,1.0,O9,de-protonated,,0.0,,C12 H12 O9,12.0,12.0,9.0,,,,
237,512,299.07737368825326,299.0772517747188,299.0772410199191,5657527.304122509,68.36734641910294,729262.0632205271,30.90456505763056,-1,0.03595994015580286,0.9997653930898986,0.0,0.5998592358539392,6.0,0.6153846153846154,1.2307692307692308,O8,de-protonated,,0.0,,C13 H16 O8,13.0,16.0,8.0,,,,
238,513,299.1137778424685,299.113655916139,299.1136265292691,5420455.870402765,104.64705731736231,685595.8425996534,29.444594620360597,-1,0.09824651008687368,0.998250121745358,0.0,0.5989500730472148,5.0,0.5,1.4285714285714286,O7,de-protonated,,0.0,,C14 H20 O7,14.0,20.0,7.0,,,,
239,514,299.1501280981294,299.15000615902403,299.1500120386191,3746748.6691488675,75.12215645961476,680936.5450533024,20.871447606086416,-1,-0.01965433666795014,0.9999299101081283,0.0,0.599957946064877,4.0,0.4,1.6,O6,de-protonated,,0.0,,C15 H24 O6,15.0,24.0,6.0,,,,
240,515,299.18651046932507,299.1863885174327,299.1863975479691,2404972.4018759304,90.50086802248775,690573.8320304139,13.04500302919458,-1,-0.030183646213822826,0.999834704383765,0.0,0.599900822630259,3.0,0.3125,1.75,O5,de-protonated,,0.0,,C16 H28 O5,16.0,28.0,5.0,,,,
241,520,301.0355185591117,301.0353959575505,301.0353762069691,1495643.858926616,60.112427640305626,660127.2251784973,8.295919803380363,-1,0.06560883866456373,0.9992192554929759,0.0,0.5995315532957854,11.0,0.4666666666666667,0.6666666666666666,O7,de-protonated,,0.0,,C15 H10 O7,15.0,10.0,7.0,,,,
242,521,301.0566387290859,301.05651612010604,301.0565055750291,3921760.4173309654,141.11566484599922,681427.1497177016,21.60979143409508,-1,0.03502690266796267,0.9997774083033897,0.0,0.5998664449820338,6.0,0.75,1.1666666666666667,O9,de-protonated,,0.0,,C12 H14 O9,12.0,14.0,9.0,,,,
243,522,301.09300956688594,301.09288694513054,301.0928910843791,4123103.533467781,140.9018420857689,667183.5183304546,22.933237918261554,-1,-0.013747413827049979,0.999965708349089,0.0,0.5999794250094534,5.0,0.6153846153846154,1.3846153846153846,O8,de-protonated,,0.0,,C13 H18 O8,13.0,18.0,8.0,,,,
244,523,301.1211568646982,301.121034233056,301.12103438523906,1683423.7058008683,158.48496864752096,712750.6538325999,9.526028482874043,-1,-0.000505388396787593,0.9999999536548436,0.0,0.5999999721929061,4.0,0.35714285714285715,1.6428571428571428,P1 O5,de-protonated,,0.0,,C14 H23 O5 P1,14.0,23.0,5.0,,1.0,,
245,524,301.12941375516306,301.1292911206206,301.12927659372906,6268087.945832587,94.01509276789834,718085.3516766083,34.90555274450015,-1,0.04824137900504307,0.9995778162007919,0.0,0.5997466897204751,4.0,0.5,1.5714285714285714,O7,de-protonated,,0.0,,C14 H22 O7,14.0,22.0,7.0,,,,
246,525,301.16578054786333,301.1656579005471,301.1656621030791,3407690.834981981,141.794357730484,663225.2542141597,18.636912700188496,-1,-0.01395422035145123,0.999964668887764,0.0,0.5999788013326584,3.0,0.4,1.7333333333333334,O6,de-protonated,,0.0,,C15 H26 O6,15.0,26.0,6.0,,,,
247,533,303.0147484092229,303.0146251126464,303.01464076207907,2281891.0244155526,81.69755451187402,684350.3248034749,12.7078724511227,-1,-0.05164579714529133,0.9995161411280389,0.0,0.5997096846768233,11.0,0.5714285714285714,0.5714285714285714,O8,de-protonated,,0.0,,C14 H8 O8,14.0,8.0,8.0,,,,
248,534,303.0511680227713,303.0510447134099,303.05102627142907,2617892.5143638453,79.08424537979546,593791.3565015657,14.309939247745271,-1,0.06085437514896003,0.999328274958099,0.0,0.5995969649748594,10.0,0.4666666666666667,0.8,O7,de-protonated,,0.0,,C15 H12 O7,15.0,12.0,7.0,,,,
249,535,303.07230933834734,303.07218602156445,303.0721556394891,2373103.9806468873,43.37658631473938,831054.4692746348,13.025499607322653,-1,0.10024700318459454,0.9981781998820087,0.0,0.5989069199292052,5.0,0.75,1.3333333333333333,O9,de-protonated,,0.0,,C12 H16 O9,12.0,16.0,9.0,,,,
250,537,303.1086958252389,303.1085724956829,303.10854114883904,3771208.068999189,74.84776420239125,750477.9873619875,20.46187574677595,-1,0.10341788369292408,0.9980612411905406,0.0,0.5988367447143244,4.0,0.6153846153846154,1.5384615384615385,O8,de-protonated,,0.0,,C13 H20 O8,13.0,20.0,8.0,,,,
251,539,303.14504101332295,303.1449176710085,303.1449266581891,4260001.514784984,75.28183061766532,708276.3655494115,23.48769234004919,-1,-0.029646481937485192,0.999840534944952,0.0,0.5999043209669711,3.0,0.5,1.7142857142857142,O7,de-protonated,,0.0,,C14 H24 O7,14.0,24.0,7.0,,,,
252,540,304.14032857198526,304.1402048803447,304.1401756303891,2043439.1853433375,41.07600156803063,690389.9492792912,11.317557091966764,-1,0.0961726136840675,0.9983231574336933,0.0,0.5989938944602159,3.0,0.5384615384615384,1.7692307692307692,N1 O7,de-protonated,,0.0,,C13 H23 O7 N1,13.0,23.0,7.0,1.0,,,
253,546,304.99402704134144,304.99390305015487,304.9939053171891,1970478.6272767636,59.18103600494914,790544.7796901029,10.75195785768088,-1,-0.0074330476567062,0.999989974974502,0.0,0.5999939849847012,11.0,0.6923076923076923,0.46153846153846156,O9,de-protonated,,0.0,,C13 H6 O9,13.0,6.0,9.0,,,,
254,547,305.0304142149947,305.03029021104226,305.0302908265391,3903851.5522782053,103.49592944175046,695865.1292325999,21.297736684144247,-1,-0.0020178220429675833,0.9999992612127498,0.0,0.5999995567276499,10.0,0.5714285714285714,0.7142857142857143,O8,de-protonated,,0.0,,C14 H10 O8,14.0,10.0,8.0,,,,
255,548,305.0668101518434,305.06668613512227,305.0666763358891,3051654.341822117,160.06492105308502,650946.2187358682,16.95683221607822,-1,0.032121611205139726,0.9998127991496084,0.0,0.5998876794897651,9.0,0.4666666666666667,0.9333333333333333,O7,de-protonated,,0.0,,C15 H14 O7,15.0,14.0,7.0,,,,
256,554,306.0620240139948,306.0618996481796,306.0619253080891,1744813.6792227365,37.58062075760108,645854.4739622525,9.567821529742458,-1,-0.08383894692274406,0.998725415778339,0.0,0.5992352494670034,9.0,0.5,0.9285714285714286,N1 O7,de-protonated,,0.0,,C14 H13 O7 N1,14.0,13.0,7.0,1.0,,,
257,560,307.0096660949535,307.0095413968303,307.0095553816491,4468508.816448822,76.18886463395735,689575.5604800223,25.10926255854369,-1,-0.04555173787797407,0.9996235719512138,0.0,0.5997741431707282,10.0,0.6923076923076923,0.6153846153846154,O9,de-protonated,,0.0,,C13 H8 O9,13.0,8.0,9.0,,,,
258,561,307.0460699102791,307.0459451993922,307.0459408909991,5673085.659201115,149.25477635651896,679188.7753622582,31.021585588862123,-1,0.01403175397575686,0.9999642751845907,0.0,0.5999785651107544,9.0,0.5714285714285714,0.8571428571428571,O8,de-protonated,,0.0,,C14 H12 O8,14.0,12.0,8.0,,,,
259,562,307.08245522892145,307.0823305052774,307.0823264003491,3775857.060918826,177.9094350521637,685687.0833839128,20.698703012363634,-1,0.013367517385059214,0.9999675773653259,0.0,0.5999805464191955,8.0,0.4666666666666667,1.0666666666666667,O7,de-protonated,,0.0,,C15 H16 O7,15.0,16.0,7.0,,,,
260,564,307.11880651189017,307.1186817755011,307.1187119096991,1884405.5949975296,124.14899732600011,603990.48463437,10.43851000616777,-1,-0.09811905560339358,0.9982546550471976,0.0,0.5989527930283185,7.0,0.375,1.25,O6,de-protonated,,0.0,,C16 H20 O6,16.0,20.0,6.0,,,,
261,567,308.04134042504415,308.0412153652556,308.0411898631991,1594116.5192252595,103.10653491497949,771645.4928538903,8.743105404872404,-1,0.08278781316548965,0.9987571559714652,0.0,0.5992542935828791,9.0,0.6153846153846154,0.8461538461538461,N1 O8,de-protonated,,0.0,,C13 H11 O8 N1,13.0,11.0,8.0,1.0,,,
262,572,309.02532401394586,309.02519860931744,309.02520544610906,4963179.86597496,76.19730002191055,723191.8482838639,27.09303918323112,-1,-0.022123734544472837,0.9999111921367505,0.0,0.5999467152820502,9.0,0.6923076923076923,0.7692307692307693,O9,de-protonated,,0.0,,C13 H10 O9,13.0,10.0,9.0,,,,
263,573,309.06170718895714,309.0615817715801,309.06159095545905,6447136.804316222,127.54618102054943,669923.8576175768,35.93087549433859,-1,-0.029715368111738284,0.9998397930816293,0.0,0.5999038758489775,8.0,0.5714285714285714,1.0,O8,de-protonated,,0.0,,C14 H14 O8,14.0,14.0,8.0,,,,
264,574,309.0981103374631,309.09798490733056,309.0979764648091,3974112.9988220236,71.22903167309131,746347.5729562495,21.682232715333665,-1,0.027313415457189207,0.9998646443290755,0.0,0.5999187865974452,7.0,0.4666666666666667,1.2,O7,de-protonated,,0.0,,C15 H18 O7,15.0,18.0,7.0,,,,
265,577,309.1708736067569,309.17074815112903,309.17074748350905,3579198.4603644456,59.11584151277606,668044.3890595805,19.715173309393602,-1,0.002159389241690209,0.9999991539120474,0.0,0.5999994923472284,5.0,0.29411764705882354,1.5294117647058822,O5,de-protonated,,0.0,,C17 H26 O5,17.0,26.0,5.0,,,,
266,583,311.0409860078072,311.04085989710995,311.0408555105691,5026114.085270057,77.48328778833996,727968.5296202966,27.34936987069073,-1,0.014102780351643803,0.9999639126097868,0.0,0.5999783475658721,8.0,0.6923076923076923,0.9230769230769231,O9,de-protonated,,0.0,,C13 H12 O9,13.0,12.0,9.0,,,,
267,584,311.0773645049197,311.0772383814834,311.0772410199191,6753188.049500276,49.67483326003255,726933.2270596005,36.66086071297357,-1,-0.00848160942768844,0.9999869470843039,0.0,0.5999921682505823,7.0,0.5714285714285714,1.1428571428571428,O8,de-protonated,,0.0,,C14 H16 O8,14.0,16.0,8.0,,,,
268,586,311.1137460847038,311.1136199485275,311.1136265292691,4364992.451365654,118.148034709784,710682.6782535977,23.7941746837509,-1,-0.021152212594685752,0.9999188202321023,0.0,0.5999512921392613,6.0,0.4666666666666667,1.3333333333333333,O7,de-protonated,,0.0,,C15 H20 O7,15.0,20.0,7.0,,,,
269,588,311.15014257791233,311.150016428991,311.1500120386191,2892732.845083434,48.989627538254766,715448.4422251717,15.781054497513477,-1,0.014110145497950274,0.9999638749075034,0.0,0.599978324944502,5.0,0.375,1.5,O6,de-protonated,,0.0,,C16 H24 O6,16.0,24.0,6.0,,,,
270,589,311.168759857301,311.1686337018605,311.16863948322913,10653027.327207334,71.3125580408933,672824.4886725168,59.836498303071934,-1,-0.01857953509164716,0.998305029107239,0.9988285406591361,0.9985144337279979,4.0,0.17647058823529413,1.6470588235294117,S1 O3,de-protonated,,0.0,,C17 H28 O3 S1,17.0,28.0,3.0,,,1.0,
271,590,311.1865308130025,311.18640465133916,311.1863975479691,5538686.323578717,73.08723144193598,723309.5927727717,30.20801427649031,-1,0.022826737082846348,0.9999054588302632,0.0,0.5999432752981578,4.0,0.29411764705882354,1.6470588235294117,O5,de-protonated,,0.0,,C17 H28 O5,17.0,28.0,5.0,,,,
272,593,312.1720785167456,312.1719520100284,312.17199431829914,1941277.7905632649,51.70636925260113,732947.2282799414,10.531847810840562,-1,-0.1355287197626186,0.996672692180495,0.9988285406591361,0.9975350315719516,4.0,0.17647058823529413,1.6470588235294117,13C1 S1 O3,de-protonated,,1.0,589.0,C16 H28 O3 S1 13C1,16.0,28.0,3.0,,,1.0,1.0
273,595,313.02027715665156,313.0201503530521,313.02012006567907,1675108.355391823,104.4475446142728,754100.7379615838,9.169394482930235,-1,0.0967585502671997,0.9983026800947902,0.0,0.5989816080568741,8.0,0.8333333333333334,0.8333333333333334,O10,de-protonated,,0.0,,C12 H10 O10,12.0,10.0,10.0,,,,
274,596,313.0566336658844,313.05650684956134,313.0565055750291,5735086.766621903,88.34268139411263,666528.3255471145,31.82958449498481,-1,0.004071252956138149,0.9999969924742873,0.0,0.5999981954845723,7.0,0.6923076923076923,1.0769230769230769,O9,de-protonated,,0.0,,C13 H14 O9,13.0,14.0,9.0,,,,
275,597,313.09303248026947,313.0929056512081,313.0928910843791,6031962.97421638,63.721953514414245,700119.6789601386,33.267265307258285,-1,0.04652558209912821,0.999607307892052,0.0,0.5997643847352312,6.0,0.5714285714285714,1.2857142857142858,O8,de-protonated,,0.0,,C14 H18 O8,14.0,18.0,8.0,,,,
276,598,313.12940129003374,313.1292744482448,313.12927659372906,5811145.063379052,81.29259421787745,681576.0048588506,31.706991557504125,-1,-0.006851752313657471,0.9999914816537571,0.0,0.5999948889922542,5.0,0.4666666666666667,1.4666666666666666,O7,de-protonated,,0.0,,C15 H22 O7,15.0,22.0,7.0,,,,
277,599,313.16582553170275,313.165698677167,313.1656621030791,3005862.326968518,90.22910899188864,704738.2682284757,16.48317768490285,-1,0.11678830818241215,0.9975281889913737,0.0,0.5985169133948243,4.0,0.375,1.625,O6,de-protonated,,0.0,,C16 H26 O6,16.0,26.0,6.0,,,,
278,603,315.0359025002576,315.0357749914701,315.03577013013904,2063385.2839984128,52.306534670797305,662999.5170772352,11.601749810671985,-1,0.015431044650870217,0.9999567948913046,0.0,0.5999740769347828,7.0,0.8333333333333334,1.0,O10,de-protonated,,0.0,,C12 H12 O10,12.0,12.0,10.0,,,,
279,604,315.0511614698825,315.05103395575816,315.05102627142907,1818601.4031987204,112.58935285335178,736387.3975476145,9.952317560931876,-1,0.024390744515911167,0.9998920604749607,0.0,0.5999352362849764,11.0,0.4375,0.75,O7,de-protonated,,0.0,,C16 H12 O7,16.0,12.0,7.0,,,,
280,605,315.07228143623007,315.0721539147191,315.0721556394891,4778682.234898273,103.19509262812734,710497.3813936627,26.011992370901453,-1,-0.005474206415346035,0.9999945625536352,0.0,0.5999967375321811,6.0,0.6923076923076923,1.2307692307692308,O9,de-protonated,,0.0,,C13 H16 O9,13.0,16.0,9.0,,,,
281,606,315.1086608430283,315.1085333087937,315.10854114883904,5295812.066350148,117.72311267640742,691987.7012132191,29.505891089100942,-1,-0.024880459599819445,0.9998876828086471,0.0,0.5999326096851882,5.0,0.5714285714285714,1.4285714285714286,O8,de-protonated,,0.0,,C14 H20 O8,14.0,20.0,8.0,,,,
282,607,315.14505801618765,315.1449304692234,315.1449266581891,5765324.629987437,88.97772625161886,728750.5731763316,31.41165402630066,-1,0.012092957906603183,0.9999734653631306,0.0,0.5999840792178783,4.0,0.4666666666666667,1.6,O7,de-protonated,,0.0,,C15 H24 O7,15.0,24.0,7.0,,,,
283,608,315.1814500712193,315.18132251152736,315.1813121675391,4230712.660219235,121.631346364054,703786.5347866901,23.604712871280753,-1,0.03281916746241169,0.9998045811244589,0.0,0.5998827486746753,3.0,0.375,1.75,O6,de-protonated,,0.0,,C16 H28 O6,16.0,28.0,6.0,,,,
284,611,317.03039878149383,317.0302705753416,317.0302908265391,3066237.856488752,124.15631007450236,661225.0751570993,16.7367221692379,-1,-0.06387779995660041,0.9992598956325459,0.0,0.5995559373795275,11.0,0.5333333333333333,0.6666666666666666,O8,de-protonated,,0.0,,C15 H10 O8,15.0,10.0,8.0,,,,
285,612,317.0667968895691,317.06666867069447,317.0666763358891,2293369.5215708273,113.4770943798411,670082.6314983037,12.638217373008676,-1,-0.024175339769907392,0.9998939584728165,0.0,0.5999363750836899,10.0,0.4375,0.875,O7,de-protonated,,0.0,,C16 H14 O7,16.0,14.0,7.0,,,,
286,613,317.0879576648083,317.08782943853726,317.0878057039491,2732696.719971494,153.06031970123817,610310.6597860252,15.332475794459157,-1,0.0748517847608217,0.9989838977543929,0.0,0.5993903386526357,5.0,0.6923076923076923,1.3846153846153846,O9,de-protonated,,0.0,,C13 H18 O9,13.0,18.0,9.0,,,,
287,615,317.12430920942705,317.12418097045014,317.12419121329907,4585999.511597371,160.40251159455974,639214.1938469338,25.688792808452376,-1,-0.032299172418008996,0.9998107240154663,0.0,0.5998864344092798,4.0,0.5714285714285714,1.5714285714285714,O8,de-protonated,,0.0,,C14 H22 O8,14.0,22.0,8.0,,,,
288,616,317.13962930834475,317.1395010640131,317.1394473545891,1781814.4098205306,70.72012666774395,623435.1525674456,9.71270409221963,-1,0.16935586042141412,0.994809314702072,0.0,0.5968855888212432,8.0,0.2777777777777778,1.2222222222222223,O5,de-protonated,,0.0,,C18 H22 O5,18.0,22.0,5.0,,,,
289,617,317.16069349839165,317.1605652466975,317.16057672264907,3402559.6302784802,90.89396192945765,725180.8115567405,18.709353981427082,-1,-0.036183411208902755,0.9997624684736977,0.0,0.5998574810842185,3.0,0.4666666666666667,1.7333333333333334,O7,de-protonated,,0.0,,C15 H26 O7,15.0,26.0,7.0,,,,
290,621,319.0096872983389,319.00955840056315,319.0095553816491,3213240.0169396456,154.65745838533303,629918.6895408168,17.46392118474832,-1,0.00946339700704506,0.9999837503347212,0.0,0.5999902502008327,11.0,0.6428571428571429,0.5714285714285714,O9,de-protonated,,0.0,,C14 H8 O9,14.0,8.0,9.0,,,,
291,622,319.04605759171505,319.0459286812344,319.0459408909991,4322411.367563214,138.9657875198497,696342.6603700413,23.71616099626319,-1,-0.038269613011697484,0.9997342922233777,0.0,0.5998405753340266,10.0,0.5333333333333333,0.8,O8,de-protonated,,0.0,,C15 H12 O8,15.0,12.0,8.0,,,,
292,623,319.0824777997136,319.08234887651065,319.0823264003491,2769270.4755803975,54.14595639889711,706592.1902326989,15.1151519507434,-1,0.0704400078469659,0.9991000940274108,0.0,0.5994600564164465,9.0,0.4375,1.0,O7,de-protonated,,0.0,,C16 H16 O7,16.0,16.0,7.0,,,,
293,624,319.103594905833,319.1034659752535,319.1034557684091,1618016.9086202479,119.48578114331235,675122.4535577145,8.837836311107477,-1,0.03198600402970274,0.9998143762711174,0.0,0.5998886257626704,4.0,0.6923076923076923,1.5384615384615385,O9,de-protonated,,0.0,,C13 H20 O9,13.0,20.0,9.0,,,,
294,626,319.13991178747943,319.1397828442141,319.1398412777591,1649693.8908842143,199.76135041499668,565014.3940438805,9.155463467307431,-1,-0.18309699213099043,0.993935485821952,0.0,0.5963612914931712,3.0,0.5714285714285714,1.7142857142857142,O8,de-protonated,,0.0,,C14 H24 O8,14.0,24.0,8.0,,,,
295,630,320.04134805181496,320.04121879371297,320.0411898631991,1711266.26952288,90.35707072113478,710410.2480338578,9.605435271924032,-1,0.09039622012970219,0.9985183949652745,0.0,0.5991110369791647,10.0,0.5714285714285714,0.7857142857142857,N1 O8,de-protonated,,0.0,,C14 H11 O8 N1,14.0,11.0,8.0,1.0,,,
296,631,320.1352834401216,320.1351541492167,320.1350902499591,3022533.0743645406,153.30339444653097,590226.5775154991,16.54447415364319,-1,0.1996009171050837,0.9927970553270702,0.0,0.5956782331962421,3.0,0.6153846153846154,1.7692307692307692,N1 O8,de-protonated,,0.0,,C13 H23 O8 N1,13.0,23.0,8.0,1.0,,,
297,632,320.2444212244842,320.24429189546873,320.2442467780091,5804475.45487103,93.20221538317082,669981.8205769832,31.8017224637392,-1,0.1408845283033799,0.9964050022983514,0.0,0.5978430013790108,0.0,0.3125,2.1875,N1 O5,de-protonated,,0.0,,C16 H35 O5 N1,16.0,35.0,5.0,1.0,,,
298,637,321.02533155188434,321.02520195021515,321.02520544610906,5135917.977947297,106.46496104091227,715132.5157204384,28.341258183034444,-1,-0.010889780140297425,0.9999784827196144,0.0,0.5999870896317686,10.0,0.6428571428571429,0.7142857142857143,O9,de-protonated,,0.0,,C14 H10 O9,14.0,10.0,9.0,,,,
299,638,321.06170627455043,321.06157666018265,321.06159095545905,5038115.759550222,84.39658777467635,661921.3523997291,28.419271870522152,-1,-0.04452502822994902,0.9996403466368414,0.0,0.5997842079821049,9.0,0.5333333333333333,0.9333333333333333,O8,de-protonated,,0.0,,C15 H14 O8,15.0,14.0,8.0,,,,
300,640,321.09811325922635,321.0979836321489,321.0979764648091,3573472.9591148947,46.991115501807386,649851.1452555733,19.408690965691893,-1,0.022321348353698613,0.9999095986226086,0.0,0.5999457591735652,8.0,0.4375,1.125,O7,de-protonated,,0.0,,C16 H18 O7,16.0,18.0,7.0,,,,
301,647,322.11447204165194,322.11434205982073,322.1143548050691,1681868.617382558,38.095464924670495,578617.3743423685,9.360249396962663,-1,-0.03956746480832244,0.9997159671356259,0.0,0.5998295802813756,3.0,0.75,1.75,N1 O9,de-protonated,,0.0,,C12 H21 O9 N1,12.0,21.0,9.0,1.0,,,
302,653,323.0046197650687,323.00448947262834,323.0044700012191,4848436.636822381,104.05434163261542,673972.2394062853,26.541370964568042,-1,0.0602821665154636,0.9993408437724596,0.0,0.5996045062634757,10.0,0.7692307692307693,0.6153846153846154,O10,de-protonated,,0.0,,C13 H8 O10,13.0,8.0,10.0,,,,
303,654,323.0409740675759,323.0408437624519,323.0408555105691,7695652.442196882,96.15781272669497,667680.3976660462,41.84877093090615,-1,-0.036367279784548845,0.9997600485637953,0.0,0.5998560291382772,9.0,0.6428571428571429,0.8571428571428571,O9,de-protonated,,0.0,,C14 H12 O9,14.0,12.0,9.0,,,,
304,655,323.0773674514731,323.07723713365186,323.0772410199191,6262740.955025098,100.98056104832075,651185.9299335186,35.29004877568957,-1,-0.012028910518204252,0.9999737456835505,0.0,0.5999842474101302,8.0,0.5333333333333333,1.0666666666666667,O8,de-protonated,,0.0,,C15 H16 O8,15.0,16.0,8.0,,,,
305,656,323.1137469504453,323.11361661993186,323.1136265292691,3249891.523496995,66.05156635055536,654125.60488554,17.80941037219388,-1,-0.03066827397290914,0.9998293542647034,0.0,0.599897612558822,7.0,0.4375,1.25,O7,de-protonated,,0.0,,C16 H20 O7,16.0,20.0,7.0,,,,
306,658,323.15013147999593,323.1500011367887,323.1500120386191,1752583.1095822726,105.48569209137936,625690.9797153663,9.51627677193808,-1,-0.033736128604478145,0.9997935097867624,0.0,0.5998761058720574,6.0,0.35294117647058826,1.411764705882353,O6,de-protonated,,0.0,,C17 H24 O6,17.0,24.0,6.0,,,,
307,661,324.0726233398369,324.07249267483894,324.0724899921191,1520857.6175588768,78.15052682705277,665117.1889373113,8.332140443999657,-1,0.00827814748102537,0.9999875658114978,0.0,0.5999925394868987,8.0,0.5714285714285714,1.0714285714285714,N1 O8,de-protonated,,0.0,,C14 H15 O8 N1,14.0,15.0,8.0,1.0,,,
308,671,325.0202318080251,325.0201008125705,325.02012006567907,3171915.8125226554,140.62747169425847,624965.4366456922,17.243811137908,-1,-0.05923666686227537,0.9993635023492478,0.0,0.5996181014095486,9.0,0.7692307692307693,0.7692307692307693,O10,de-protonated,,0.0,,C13 H10 O10,13.0,10.0,10.0,,,,
309,672,325.05663370131197,325.056502693165,325.0565055750291,8139838.200070209,105.92332598773032,664951.9945040774,45.42068333659335,-1,-0.008865732832815205,0.9999857380138343,0.0,0.5999914428083005,8.0,0.6428571428571429,1.0,O9,de-protonated,,0.0,,C14 H14 O9,14.0,14.0,9.0,,,,
310,673,325.0930246577652,325.09289363692983,325.0928910843791,8121083.032857451,138.47146491856412,674498.4386262599,44.18918155553739,-1,0.00785175800900814,0.9999888137322155,0.0,0.5999932882393293,7.0,0.5333333333333333,1.2,O8,de-protonated,,0.0,,C15 H18 O8,15.0,18.0,8.0,,,,
311,675,325.12939251923643,325.1292614857208,325.12927659372906,2912645.494721549,54.72221690525586,696264.211132095,16.32436410680287,-1,-0.04646769560180634,0.9996082842572475,0.0,0.5997649705543484,6.0,0.4375,1.375,O7,de-protonated,,0.0,,C16 H22 O7,16.0,22.0,7.0,,,,
312,677,325.16577557887706,325.165644532676,325.1656621030791,2350927.5457778135,101.47261240855121,657453.8046952412,12.897334263592848,-1,-0.05403523537629814,0.9994703452334995,0.0,0.5996822071400997,5.0,0.35294117647058826,1.5294117647058822,O6,de-protonated,,0.0,,C17 H26 O6,17.0,26.0,6.0,,,,
313,678,325.1844178781049,325.18428682540406,325.18428954768905,10472921.210441945,108.27896159316741,669621.8752307808,57.362349928461775,-1,-0.00837151448250476,0.9987008375742816,0.9995592933339595,0.9990442198781528,4.0,0.16666666666666666,1.6666666666666667,S1 O3,de-protonated,,0.0,,C18 H30 O3 S1,18.0,30.0,3.0,,,1.0,
314,683,326.1878147483045,326.1876833458154,326.1876443827591,2045491.869080681,114.37921494452976,620246.4135580389,11.45129484194569,-1,0.11944982268510256,0.9974143914007656,0.9995592933339595,0.9982723521740431,4.0,0.16666666666666666,1.6666666666666667,13C1 S1 O3,de-protonated,,1.0,678.0,C17 H30 O3 S1 13C1,17.0,30.0,3.0,,,1.0,1.0
315,689,327.0148045768077,327.01467288610814,327.01464076207907,2303042.332947583,68.36229298999423,666371.8380513251,12.518410638652552,-1,0.09823422278913368,0.9982505590354593,0.0,0.5989503354212756,13.0,0.5,0.5,O8,de-protonated,,0.0,,C16 H8 O8,16.0,8.0,8.0,,,,
316,690,327.03591215302663,327.0357804549719,327.03577013013904,4301333.587395556,86.9487991256372,659811.5231222907,23.40410624631236,-1,0.031570958985421366,0.9998191618294493,0.0,0.5998914970976695,8.0,0.7692307692307693,0.9230769230769231,O10,de-protonated,,0.0,,C13 H12 O10,13.0,12.0,10.0,,,,
317,691,327.0511447490996,327.05101304573697,327.05102627142907,1654112.6452351115,103.86754469419468,613386.833665618,9.201435818862688,-1,-0.040439231307069085,0.9997033152801956,0.0,0.5998219891681174,12.0,0.4117647058823529,0.7058823529411765,O7,de-protonated,,0.0,,C17 H12 O7,17.0,12.0,7.0,,,,
318,692,327.07228887349015,327.0721571627597,327.0721556394891,8550314.10603678,177.52149211580357,660605.9235548826,47.12026724257555,-1,0.004657292238439658,0.9999960643184223,0.0,0.5999976385910534,7.0,0.6428571428571429,1.1428571428571428,O9,de-protonated,,0.0,,C14 H16 O9,14.0,16.0,9.0,,,,
319,693,327.10866598013126,327.10853425672514,327.10854114883904,6582731.567589052,45.615732951492404,700725.1639994585,36.293081900531526,-1,-0.021069807219362642,0.9999194514993468,0.0,0.5999516708996081,6.0,0.5333333333333333,1.3333333333333333,O8,de-protonated,,0.0,,C15 H20 O8,15.0,20.0,8.0,,,,
320,694,327.14502986875704,327.14489813267994,327.1449266581891,4100122.800801165,101.4275729439873,681324.1847384175,22.456797183961623,-1,-0.0871953279013462,0.9986213922180348,0.0,0.5991728353308209,5.0,0.4375,1.5,O7,de-protonated,,0.0,,C16 H24 O7,16.0,24.0,7.0,,,,
321,695,327.1814877421615,327.18135599338086,327.1813121675391,2542421.6498511443,93.83038441271636,612327.056986842,13.861360544690951,-1,0.13394970966192563,0.9967496463346097,0.0,0.5980497878007658,4.0,0.35294117647058826,1.6470588235294117,O6,de-protonated,,0.0,,C17 H28 O6,17.0,28.0,6.0,,,,
322,696,327.2178294274142,327.2176976659706,327.2176976768891,1614723.69723421,114.22593263062447,682373.4865340118,8.7932570611145,-1,-3.336764475852236e-05,0.999999999797975,0.0,0.599999999878785,3.0,0.2777777777777778,1.7777777777777777,O5,de-protonated,,0.0,,C18 H32 O5,18.0,32.0,5.0,,,,
323,700,328.9939774037482,328.99384502359544,328.9939053171891,1758385.9127674224,100.08648771629086,605314.6864517282,9.672304146913495,-1,-0.18326659761229758,0.9939242795343133,0.0,0.5963545677205879,13.0,0.6,0.4,O9,de-protonated,,0.0,,C15 H6 O9,15.0,6.0,9.0,,,,
324,701,329.0304599610926,329.03032756823495,329.0302908265391,2538954.109773593,161.5003339871512,678851.5772923318,14.031318935289173,-1,0.1116666060100696,0.9977399958082943,0.0,0.5986439974849765,12.0,0.5,0.625,O8,de-protonated,,0.0,,C16 H10 O8,16.0,10.0,8.0,,,,
325,702,329.0515373411701,329.05140494097236,329.0514201945991,4506153.446832309,110.02296821174534,663664.8798999842,24.702476902357784,-1,-0.04635636188626207,0.999610158696341,0.0,0.5997660952178046,7.0,0.7692307692307693,1.0769230769230769,O10,de-protonated,,0.0,,C13 H14 O10,13.0,14.0,10.0,,,,
326,703,329.08792700509537,329.08779459222535,329.0878057039491,6465908.756978527,79.44203467572574,674469.2753522992,35.64111036938425,-1,-0.03376522475121777,0.9997931534898798,0.0,0.5998758920939279,6.0,0.6428571428571429,1.2857142857142858,O9,de-protonated,,0.0,,C14 H18 O9,14.0,18.0,9.0,,,,
327,704,329.1243271091027,329.1241946835569,329.12419121329907,6241623.805345069,176.08045346823528,660954.4357766513,34.615787619545806,-1,0.010543915949538336,0.9999798277975335,0.0,0.59998789667852,5.0,0.5333333333333333,1.4666666666666666,O8,de-protonated,,0.0,,C15 H22 O8,15.0,22.0,8.0,,,,
328,706,329.1607073014643,329.16057486324974,329.16057672264907,6612423.903780529,136.260293996616,622723.5486432463,36.103620088061376,-1,-0.005648912611844513,0.9999942099504073,0.0,0.5999965259702443,4.0,0.4375,1.625,O7,de-protonated,,0.0,,C16 H26 O7,16.0,26.0,7.0,,,,
329,707,329.1971003535333,329.19696790264567,329.19696223199907,2367416.425805009,96.2330200843544,698766.413252279,12.900120466717409,-1,0.017225695409601994,0.9999461611636995,0.0,0.5999676966982197,3.0,0.35294117647058826,1.7647058823529411,O6,de-protonated,,0.0,,C17 H30 O6,17.0,30.0,6.0,,,,
330,709,330.15599647237815,330.1558636876278,330.1558256948491,12069024.862982739,107.14154659650464,649477.7739036494,66.45651692702886,-1,0.11507529393642361,0.4988000411282714,0.8604105061749869,0.6434442271469576,4.0,0.4666666666666667,1.6666666666666667,N1 O7,de-protonated,,0.0,,C15 H25 O7 N1,15.0,25.0,7.0,1.0,,,
331,716,331.0096803252415,331.00954724334406,331.0095553816491,1982845.2501346425,40.52762785591851,588969.6259830536,10.88987491234665,-1,-0.024586314466746445,0.9998903226685297,0.0,0.5999341936011178,12.0,0.6,0.5333333333333333,O9,de-protonated,,0.0,,C15 H8 O9,15.0,8.0,9.0,,,,
332,717,331.0460880309712,331.04595493640284,331.0459408909991,2506127.0475154365,127.79070765864259,557931.9918362894,13.844643325943586,-1,0.042427355313140444,0.9996734310970907,0.0,0.5998040586582544,11.0,0.5,0.75,O8,de-protonated,,0.0,,C16 H12 O8,16.0,12.0,8.0,,,,
333,718,331.0672121656913,331.0670790637712,331.0670702590591,3578761.5040886435,121.07381261062305,672000.4025917507,19.556359731293625,-1,0.02659494970101086,0.9998716711486273,0.0,0.5999230026891763,6.0,0.7692307692307693,1.2307692307692308,O10,de-protonated,,0.0,,C13 H16 O10,13.0,16.0,10.0,,,,
334,719,331.0824473266722,331.0823142194499,331.0823264003491,2527092.5571704945,98.0692468796571,616513.4379287871,14.07589818528215,-1,-0.03679114883733562,0.9997544232796779,0.0,0.5998526539678067,10.0,0.4117647058823529,0.9411764705882353,O7,de-protonated,,0.0,,C17 H16 O7,17.0,16.0,7.0,,,,
335,721,331.10360730913374,331.1034741945473,331.1034557684091,3557826.7452298244,116.3431207221379,636734.459921215,19.779255981258505,-1,0.05565069727374468,0.9994382112614881,0.0,0.5996629267568928,5.0,0.6428571428571429,1.4285714285714286,O9,de-protonated,,0.0,,C14 H20 O9,14.0,20.0,9.0,,,,
336,722,331.1399523808808,331.1398192536456,331.1398412777591,4987780.024949429,44.9235757640714,683325.5134155558,28.13507915181693,-1,-0.06651000799597691,0.999197669048812,0.0,0.5995186014292871,4.0,0.5333333333333333,1.6,O8,de-protonated,,0.0,,C15 H24 O8,15.0,24.0,8.0,,,,
337,724,331.1763450896385,331.17621194973816,331.1762267871091,3843754.2024737606,131.2975521602516,647143.2985118793,21.113847277923224,-1,-0.044802041151057063,0.9996358583589058,0.0,0.5997815150153435,3.0,0.4375,1.75,O7,de-protonated,,0.0,,C16 H28 O7,16.0,28.0,7.0,,,,
338,725,332.0777580746706,332.0776246211112,332.07757537254906,1547531.1549408422,135.98365443154813,591824.4142323312,8.525781561156645,-1,0.14830438974457552,0.9960171354802807,0.0,0.5976102812881684,10.0,0.4375,0.9375,N1 O7,de-protonated,,0.0,,C16 H15 O7 N1,16.0,15.0,7.0,1.0,,,
339,726,332.13519669426853,332.13506322072556,332.1350902499591,1837295.7290562768,154.86964237432787,555520.8105175766,10.003862318736253,-1,-0.08138024053848636,0.9987990336210909,0.0,0.5992794201726546,4.0,0.5714285714285714,1.6428571428571428,N1 O8,de-protonated,,0.0,,C14 H23 O8 N1,14.0,23.0,8.0,1.0,,,
340,732,333.02535112002363,333.0252173368306,333.02520544610906,4421687.643031704,127.14014246846423,660871.4809490535,24.65789765236481,-1,0.035705169975225236,0.9997687052324088,0.0,0.5998612231394452,11.0,0.6,0.6666666666666666,O9,de-protonated,,0.0,,C15 H10 O9,15.0,10.0,9.0,,,,
341,733,333.0617538811796,333.06162008532533,333.06159095545905,4046005.1691822675,82.145121267117,649088.4180911744,22.459583387086184,-1,0.0874608993302979,0.9986129875939987,0.0,0.5991677925563992,10.0,0.5,0.875,O8,de-protonated,,0.0,,C16 H14 O8,16.0,14.0,8.0,,,,
342,735,333.0981342945175,333.0980004860098,333.0979764648091,2675425.6886880533,128.6991068822483,631662.7636725436,14.647069825817152,-1,0.07211452008982491,0.9990568204533364,0.0,0.5994340922720018,9.0,0.4117647058823529,1.0588235294117647,O7,de-protonated,,0.0,,C17 H18 O7,17.0,18.0,7.0,,,,
343,738,333.1555852032119,333.1554513747227,333.1554913422191,2112919.262248826,117.62700606221462,715787.6685500349,11.493087888814106,-1,-0.11996649437275199,0.9973920045505109,0.0,0.5984352027303065,3.0,0.5333333333333333,1.7333333333333334,O8,de-protonated,,0.0,,C15 H26 O8,15.0,26.0,8.0,,,,
344,739,333.19207878598746,333.1919449448059,333.1918768515691,1576852.1768113328,85.98414690796815,547333.5194567938,8.780719147053977,-1,0.20436643741627983,0.9924503224251398,0.0,0.5954701934550838,2.0,0.4375,1.875,O7,de-protonated,,0.0,,C16 H30 O7,16.0,30.0,7.0,,,,
345,741,334.0569514088345,334.0568172668948,334.05683992765904,1875347.0449618648,47.34646975111265,713479.8962107678,10.38417904523883,-1,-0.06783505531904467,0.9991653951578068,0.0,0.599499237094684,10.0,0.5333333333333333,0.8666666666666667,N1 O8,de-protonated,,0.0,,C15 H13 O8 N1,15.0,13.0,8.0,1.0,,,
346,747,335.0046382756886,335.00450380428487,335.0044700012191,2974994.829691692,34.296074897222105,593688.7007248044,16.416308809913385,-1,0.10090332757561454,0.9981542889776387,0.0,0.5988925733865832,11.0,0.7142857142857143,0.5714285714285714,O10,de-protonated,,0.0,,C14 H8 O10,14.0,8.0,10.0,,,,
347,748,335.04097979642484,335.0408453123889,335.0408555105691,6474534.2151215,79.46298907096283,654741.3982575671,35.87515143184738,-1,-0.030438616693854736,0.999831900219364,0.0,0.5998991401316184,10.0,0.6,0.8,O9,de-protonated,,0.0,,C15 H12 O9,15.0,12.0,9.0,,,,
348,749,335.0773681930782,335.0772336963938,335.0772410199191,5670177.760777278,82.56452624699564,625528.460133796,31.46180568254276,-1,-0.021856230058536718,0.9999133266638169,0.0,0.5999479959982902,9.0,0.5,1.0,O8,de-protonated,,0.0,,C16 H16 O8,16.0,16.0,8.0,,,,
349,750,335.113787772284,335.11365326294055,335.1136265292691,3033313.4085459406,126.81660571301268,619222.0340722329,16.5221845286467,-1,0.07977494600359997,0.9988459194015084,0.0,0.599307551640905,8.0,0.4117647058823529,1.1764705882352942,O7,de-protonated,,0.0,,C17 H20 O7,17.0,20.0,7.0,,,,
350,753,335.17126614559845,335.1711316162764,335.17114140667906,4119538.41532011,81.48927051103415,662864.6902481564,22.883086262019454,-1,-0.029210159968973224,0.9998451938959145,0.0,0.5999071163375487,2.0,0.5333333333333333,1.8666666666666667,O8,de-protonated,,0.0,,C15 H28 O8,15.0,28.0,8.0,,,,
351,754,336.0362276780751,336.03609284814854,336.0361044827691,2309392.610201828,206.1190984041962,587495.6226994585,12.621500154261309,-1,-0.03462312644190103,0.9997825100666509,0.0,0.5998695060399905,10.0,0.6428571428571429,0.7857142857142857,N1 O9,de-protonated,,0.0,,C14 H11 O9 N1,14.0,11.0,9.0,1.0,,,
352,762,336.9838902530514,336.9837550938714,336.9837345563291,1526958.443298054,153.7402226073946,668594.8516270394,8.31403012369001,-1,0.060945203556947776,0.9993262689667486,0.0,0.5995957613800491,11.0,0.8461538461538461,0.46153846153846156,O11,de-protonated,,0.0,,C13 H6 O11,13.0,6.0,11.0,,,,
353,763,336.99914093004026,336.9990057655624,336.9989906976191,1821664.648987928,190.98474146441902,573538.1859980925,9.91052451406346,-1,0.04471213186094474,0.9996373181554938,0.0,0.5997823908932963,15.0,0.47058823529411764,0.35294117647058826,O8,de-protonated,,0.0,,C17 H6 O8,17.0,6.0,8.0,,,,
354,764,337.0202468065408,337.02011163473105,337.02012006567907,6416797.80729826,143.69607175728103,626241.3801944838,35.111731775717665,-1,-0.025016156343276738,0.9998864543931195,0.0,0.5999318726358717,10.0,0.7142857142857143,0.7142857142857143,O10,de-protonated,,0.0,,C14 H10 O10,14.0,10.0,10.0,,,,
355,765,337.0566503498172,337.0565151653616,337.0565055750291,8771715.659316776,138.7341316687704,637095.8558948997,48.18459683615785,-1,0.028453189032391978,0.9998531128418651,0.0,0.5999118677051191,9.0,0.6,0.9333333333333333,O9,de-protonated,,0.0,,C15 H14 O9,15.0,14.0,9.0,,,,
356,766,337.0930362902673,337.0929010931721,337.0928910843791,6692631.622384057,68.29873478116895,662520.2205704895,37.60259736907519,-1,0.029691498201971353,0.9998400503413081,0.0,0.5999040302047848,8.0,0.5,1.125,O8,de-protonated,,0.0,,C16 H18 O8,16.0,18.0,8.0,,,,
357,769,337.1293985321604,337.1292633224339,337.12927659372906,1950533.5490140303,100.11742728805349,704379.1589686542,10.646082138947563,-1,-0.03936559667964631,0.9997188575345666,0.0,0.5998313145207399,7.0,0.4117647058823529,1.2941176470588236,O7,de-protonated,,0.0,,C17 H22 O7,17.0,22.0,7.0,,,,
358,771,337.16182162702404,337.16168640603485,337.1616393510791,4452149.131727292,109.47636874501978,658092.905130183,24.585456371126224,-1,0.1395620090357706,0.9964720611992945,0.0,0.5978832367195767,2.0,0.6153846153846154,2.0,N2 O8,de-protonated,,0.0,,C13 H26 O8 N2,13.0,26.0,8.0,2.0,,,
359,783,339.03589473804016,339.03575886624867,339.03577013013904,6479403.288235276,135.6609747925742,624122.6801510789,35.2733315569422,-1,-0.03322330964433105,0.9997997391172115,0.0,0.5998798434703269,9.0,0.7142857142857143,0.8571428571428571,O10,de-protonated,,0.0,,C14 H12 O10,14.0,12.0,10.0,,,,
360,784,339.07229002103463,339.07215413660805,339.0721556394891,9490093.289118828,73.33783883112233,615424.5328312002,53.088314335385206,-1,-0.004432334012269382,0.9996507525899976,0.9557535786107899,0.9820918829983145,8.0,0.6,1.0666666666666667,O9,de-protonated,,0.0,,C15 H16 O9,15.0,16.0,9.0,,,,
361,786,339.1086555579807,339.10851966092946,339.10854114883904,5777389.778687176,81.35003884212375,655969.9685977212,31.729281182500614,-1,-0.06336587543652693,0.9992717063692916,0.0,0.599563023821575,7.0,0.5,1.25,O8,de-protonated,,0.0,,C16 H20 O8,16.0,20.0,8.0,,,,
362,789,339.14507661509583,339.14494070540087,339.1449266581891,2846877.9296866744,156.79497170395052,594730.6477350049,15.722544231897697,-1,0.041419495541906326,0.9996887596858934,0.0,0.599813255811536,6.0,0.4117647058823529,1.411764705882353,O7,de-protonated,,0.0,,C17 H24 O7,17.0,24.0,7.0,,,,
363,792,339.18140646662306,339.18127054431613,339.1813121675391,1933922.543975113,73.91690909802215,612705.781301255,10.547171928025648,-1,-0.12271673427238435,0.997271222122487,0.0,0.5983627332734922,5.0,0.3333333333333333,1.5555555555555556,O6,de-protonated,,0.0,,C18 H28 O6,18.0,28.0,6.0,,,,
364,793,339.2000936624446,339.1999577336505,339.1999396121491,5440858.099117609,112.59589431400188,632452.1363577726,30.191297057742947,-1,0.05342424712353409,0.9994822522768066,0.0,0.5996893513660839,4.0,0.15789473684210525,1.6842105263157894,S1 O3,de-protonated,,0.0,,C19 H32 O3 S1,19.0,32.0,3.0,,,1.0,
365,794,340.06758786443515,340.0674516345331,340.0674046116891,1828663.6658689524,90.39998866275388,533954.7222087817,10.13063456090378,-1,0.13827506948075508,0.9965367131147388,0.0,0.5979220278688433,8.0,0.6428571428571429,1.0714285714285714,N1 O9,de-protonated,,0.0,,C14 H15 O9 N1,14.0,15.0,9.0,1.0,,,
366,795,340.0756256576192,340.0754894249276,340.0755104745591,2137584.853089237,88.85088120595223,562502.2180062563,11.724342748152669,-1,-0.06189693429623745,0.9993050698391948,0.9557535786107899,0.9818844733478329,8.0,0.6,1.0666666666666667,13C1 O9,de-protonated,,1.0,784.0,C14 H16 O9 13C1,14.0,16.0,9.0,,,,1.0
367,803,341.05155885207904,341.05142228073817,341.0514201945991,6183371.77207287,78.03911566565083,607963.1062183421,34.353884525837074,-1,0.0061167875788828594,0.9999932111040641,0.0,0.5999959266624385,8.0,0.7142857142857143,1.0,O10,de-protonated,,0.0,,C14 H14 O10,14.0,14.0,10.0,,,,
368,804,341.0879612435094,341.08782465953885,341.0878057039491,8830024.677796483,145.23760374909733,632480.8349265961,48.95916130478581,-1,0.05557392983125906,0.9994397596792521,0.0,0.5996638558075512,7.0,0.6,1.2,O9,de-protonated,,0.0,,C15 H18 O9,15.0,18.0,9.0,,,,
369,805,341.12435061325493,341.1242140166594,341.12419121329907,5014785.657045435,187.63403091950747,624489.2092779734,27.772872745624003,-1,0.06684767863647362,0.9991895048265205,0.0,0.5995137028959122,6.0,0.5,1.375,O8,de-protonated,,0.0,,C16 H22 O8,16.0,22.0,8.0,,,,
370,807,341.1607348512271,341.1605982420084,341.16057672264907,3587359.8943873956,174.09907644638963,661243.1761486034,20.004938434347945,-1,0.06307692272940219,0.9992783309702709,0.0,0.5995669985821624,5.0,0.4117647058823529,1.5294117647058822,O7,de-protonated,,0.0,,C17 H26 O7,17.0,26.0,7.0,,,,
371,808,341.1970871661898,341.1969505443593,341.19696223199907,2804453.523222063,127.62492953814294,619700.8815121504,15.346406810081962,-1,-0.0342548177425367,0.9997871121291874,0.0,0.5998722672775124,4.0,0.3333333333333333,1.6666666666666667,O6,de-protonated,,0.0,,C18 H30 O6,18.0,30.0,6.0,,,,
372,816,343.0096971633417,343.0095599128354,343.0095553816491,2566171.745640226,93.20699260258633,646244.4042089107,14.034105138413734,-1,0.013210087775971992,0.9999683365408085,0.0,0.5999810019244851,13.0,0.5625,0.5,O9,de-protonated,,0.0,,C16 H8 O9,16.0,8.0,9.0,,,,
373,817,343.030800096749,343.03066283892554,343.0306847497091,2521671.0181667134,149.1649951125483,613487.7899687554,13.772202044705,-1,-0.06387412131734747,0.9992599808418358,0.0,0.5995559885051014,8.0,0.8461538461538461,0.9230769230769231,O11,de-protonated,,0.0,,C13 H12 O11,13.0,12.0,11.0,,,,
374,818,343.04609924677027,343.0459619836421,343.0459408909991,2032392.465706255,196.49158529424682,623974.4063936623,11.129488381058895,-1,0.06148635064794717,0.9993142555314871,0.0,0.5995885533188923,12.0,0.47058823529411764,0.7058823529411765,O8,de-protonated,,0.0,,C17 H12 O8,17.0,12.0,8.0,,,,
375,819,343.06721181463763,343.06707454418904,343.0670702590591,6726934.171940055,128.6661804118025,668454.4557171931,36.55498499424026,-1,0.01249064776002162,0.9999716914513795,0.0,0.5999830148708277,7.0,0.7142857142857143,1.1428571428571428,O10,de-protonated,,0.0,,C14 H16 O10,14.0,16.0,10.0,,,,
376,821,343.10360286601224,343.10346558294583,343.1034557684091,8192938.446067576,125.3370556660071,647330.893872996,45.02504249290568,-1,0.028605181788918774,0.9998515394679413,0.0,0.5999109236807647,6.0,0.6,1.3333333333333333,O9,de-protonated,,0.0,,C15 H20 O9,15.0,20.0,9.0,,,,
377,824,343.13999204427716,343.1398547485937,343.1398412777591,4695463.852227042,146.55816265591528,631423.4374666697,26.39648840209087,-1,0.03925756485715767,0.9997203982919344,0.0,0.5998322389751606,5.0,0.5,1.5,O8,de-protonated,,0.0,,C16 H24 O8,16.0,24.0,8.0,,,,
378,826,343.17636566916275,343.1762283608678,343.1762267871091,5251691.449551278,111.29104139668445,611160.9300071438,28.57529924549757,-1,0.00458586168354926,0.9999961841182943,0.0,0.5999977104709765,4.0,0.4117647058823529,1.6470588235294117,O7,de-protonated,,0.0,,C17 H28 O7,17.0,28.0,7.0,,,,
379,827,343.2127768242573,343.212639503338,343.2126122964591,2950166.0841911174,121.8474140556992,594178.1675931775,16.11818507558536,-1,0.07927120947301933,0.9988604399194254,0.0,0.5993162639516553,3.0,0.3333333333333333,1.7777777777777777,O6,de-protonated,,0.0,,C18 H32 O6,18.0,32.0,6.0,,,,
380,829,344.13521858901925,344.13508094832144,344.1350902499591,2529855.7520830776,132.88711006850792,567068.0692485594,13.802850279075171,-1,-0.027029029908079615,0.9998674480988563,0.0,0.5999204688593137,5.0,0.5333333333333333,1.5333333333333334,N1 O8,de-protonated,,0.0,,C15 H23 O8 N1,15.0,23.0,8.0,1.0,,,
381,834,345.0253461423224,345.0252081931352,345.02520544610906,3508373.5207298878,91.62974931445567,637738.113707839,19.414263371941015,-1,0.007961812937064263,0.9999884979495057,0.0,0.5999930987697034,12.0,0.5625,0.625,O9,de-protonated,,0.0,,C16 H10 O9,16.0,10.0,9.0,,,,
382,835,345.0465360965978,345.0463981400679,345.0463348141691,2127545.021655931,141.16077150204734,582920.7308378868,11.59060499817374,-1,0.18352868123440522,0.9939069428133355,0.0,0.5963441656880013,7.0,0.8461538461538461,1.0769230769230769,O11,de-protonated,,0.0,,C13 H14 O11,13.0,14.0,11.0,,,,
383,836,345.06169771832236,345.0615597565387,345.06159095545905,2878400.6281915004,69.43256072538207,582800.2272747586,15.850709575627503,-1,-0.09041551177359256,0.9985177629819728,0.0,0.5991106577891837,11.0,0.47058823529411764,0.8235294117647058,O8,de-protonated,,0.0,,C17 H14 O8,17.0,14.0,8.0,,,,
384,837,345.08286131456794,345.0827233454508,345.0827203235191,5016903.100187072,69.61553285138636,645936.0194237748,27.29364580819951,-1,0.008757122684559346,0.9999860853055285,0.0,0.5999916511833171,6.0,0.7142857142857143,1.2857142857142858,O10,de-protonated,,0.0,,C14 H18 O10,14.0,18.0,10.0,,,,
385,838,345.1192408501345,345.1191028684114,345.1191058328691,3140007.3313588025,152.43831836580165,628101.1440089308,17.597658934727246,-1,-0.008589665504872066,0.9999866123785021,0.0,0.5999919674271013,5.0,0.6,1.4666666666666666,O9,de-protonated,,0.0,,C15 H22 O9,15.0,22.0,9.0,,,,
386,840,345.1556343825384,345.1554963882047,345.1554913422191,6067964.422508037,151.34575242168384,627306.0146060123,33.11681033853199,-1,0.01461945632529579,0.9999612199958222,0.0,0.5999767319974934,4.0,0.5,1.625,O8,de-protonated,,0.0,,C16 H26 O8,16.0,26.0,8.0,,,,
387,841,345.1919755718762,345.1918375649501,345.1918768515691,1931557.5438728675,108.76142751346809,633986.645442603,10.490054763972147,-1,-0.1138109602394814,0.9976524667961629,0.0,0.5985914800776977,3.0,0.4117647058823529,1.7647058823529411,O7,de-protonated,,0.0,,C17 H30 O7,17.0,30.0,7.0,,,,
388,843,346.15091162424864,346.1507732850992,346.1507403144191,3261464.0466510467,956.8370426982535,494941.3187241803,17.923644700300883,-1,0.09524948596465906,0.9983551674432335,0.0,0.59901310046594,4.0,0.5333333333333333,1.6666666666666667,N1 O8,de-protonated,,0.0,,C15 H25 O8 N1,15.0,25.0,8.0,1.0,,,
389,850,347.00461258295275,347.00447394812204,347.0044700012191,2568175.495632469,85.21020267803308,626086.5733726394,14.198491122762832,-1,0.01137421356627814,0.9999765257628498,0.0,0.5999859154577099,12.0,0.6666666666666666,0.5333333333333333,O10,de-protonated,,0.0,,C15 H8 O10,15.0,8.0,10.0,,,,
390,851,347.0409914666626,347.04085281923375,347.0408555105691,4759398.603513526,188.9244701345134,633358.9167993102,25.833675370929548,-1,-0.00775509654480884,0.9999890874593065,0.0,0.5999934524755839,11.0,0.5625,0.75,O9,de-protonated,,0.0,,C16 H12 O9,16.0,12.0,9.0,,,,
391,852,347.0773817567728,347.07724309674194,347.0772410199191,4515353.344023674,122.36486412077966,597069.7117483041,25.151055605412104,-1,0.005983748304142296,0.9999935032066596,0.0,0.5999961019239958,10.0,0.47058823529411764,0.9411764705882353,O8,de-protonated,,0.0,,C17 H16 O8,17.0,16.0,8.0,,,,
392,854,347.1137864295261,347.11364775688844,347.1136265292691,2584834.062467821,213.24311018092968,574586.5053288564,14.061967169659344,-1,0.061154670212098756,0.9993216313993217,0.0,0.5995929788395931,9.0,0.3888888888888889,1.1111111111111112,O7,de-protonated,,0.0,,C18 H20 O7,18.0,20.0,7.0,,,,
393,856,347.1349255379821,347.13478685802414,347.13475589732906,2084353.4846564368,136.11710674392282,581194.1740852953,11.45129484194569,-1,0.08918926889064088,0.9985576666384639,0.0,0.5991345999830783,4.0,0.6,1.6,O9,de-protonated,,0.0,,C15 H24 O9,15.0,24.0,9.0,,,,
394,860,348.07260604207823,348.07246703745614,348.0724899921191,1584496.4901616282,169.75557109264864,525206.0905755151,8.775146740804855,-1,-0.06594793785330627,0.9992111672751385,0.0,0.599526700365083,10.0,0.5,0.9375,N1 O8,de-protonated,,0.0,,C16 H15 O8 N1,16.0,15.0,8.0,1.0,,,
395,861,348.09377571069535,348.09363669874455,348.09361936017905,2257851.64270592,104.67420671846419,626009.1359949998,12.379100482424501,-1,0.04981006411658122,0.999549919416664,0.0,0.5997299516499984,5.0,0.7692307692307693,1.4615384615384615,N1 O10,de-protonated,,0.0,,C13 H19 O10 N1,13.0,19.0,10.0,1.0,,,
396,862,348.13016237197934,348.1300233474319,348.1300048695291,2368436.083524081,90.31741926853127,654578.7362611857,12.897334263592848,-1,0.05307759329765148,0.9994889477839872,0.0,0.5996933686703924,4.0,0.6428571428571429,1.6428571428571428,N1 O9,de-protonated,,0.0,,C14 H23 O9 N1,14.0,23.0,9.0,1.0,,,
397,868,349.02027163536656,349.0201323027194,349.02012006567907,5480520.796474882,108.3093296459015,617136.222367674,30.180152245244702,-1,0.03506113149284343,0.9997769730993468,0.0,0.599866183859608,11.0,0.6666666666666666,0.6666666666666666,O10,de-protonated,,0.0,,C15 H10 O10,15.0,10.0,10.0,,,,
398,870,349.05661927845483,349.0564799332282,349.0565055750291,6381879.631970254,84.41177532696639,634873.4955811657,35.37920727567552,-1,-0.07346031514522106,0.999021306294425,0.0,0.599412783776655,10.0,0.5625,0.875,O9,de-protonated,,0.0,,C16 H14 O9,16.0,14.0,9.0,,,,
399,872,349.0930395736144,349.09290021578335,349.0928910843791,4659659.904881116,53.747329315555874,640561.2292121173,25.315441589761203,-1,0.02615751984571218,0.9998758576401663,0.0,0.5999255145840997,9.0,0.47058823529411764,1.0588235294117647,O8,de-protonated,,0.0,,C17 H18 O8,17.0,18.0,8.0,,,,
400,874,349.1294464366913,349.1293070662606,349.12927659372906,2379816.718055496,130.05367003260884,708088.8386844671,13.167595966675265,-1,0.08728151311699406,0.998618667480571,0.0,0.5991712004883426,8.0,0.3888888888888889,1.2222222222222223,O7,de-protonated,,0.0,,C18 H22 O7,18.0,22.0,7.0,,,,
401,878,350.05183867014927,350.0516989805455,350.0517545472291,1625253.9494613416,226.64051187126756,507355.5276381025,9.066304967321479,-1,-0.1587384805009139,0.9954383094655109,0.0,0.5972629856793066,10.0,0.6,0.8666666666666667,N1 O9,de-protonated,,0.0,,C15 H13 O9 N1,15.0,13.0,9.0,1.0,,,
402,879,350.05484179774317,350.05470210710035,350.0547457280291,9170898.680625822,61.4642981921501,618001.3892679628,50.98751717946622,-1,-0.12461173368544634,0.9971864150961036,0.0,0.5983118490576621,10.0,0.42857142857142855,1.0,N3 P1 O6,de-protonated,,0.0,,C14 H14 O6 N3 P1,14.0,14.0,6.0,3.0,1.0,,
403,880,350.0586481801379,350.0585084881781,350.0584971538691,2873299.3295882125,75.93077680387324,640988.8359717401,15.92593705999065,-1,0.032378328519824896,0.9998097952436107,0.0,0.5998858771461664,0.0,1.0,2.3333333333333335,N1 S2 O9,de-protonated,,0.0,,C9 H21 O9 N1 S2,9.0,21.0,9.0,1.0,,2.0,
404,881,350.08823188113723,350.08809217894225,350.0881400565791,1575397.7298659799,126.78853778685648,584287.78984111,8.690167545505744,-1,-0.13675880837266113,0.9966121222134806,0.0,0.5979672733280883,9.0,0.5,1.0625,N1 O8,de-protonated,,0.0,,C16 H17 O8 N1,16.0,17.0,8.0,1.0,,,
405,882,350.1094496068331,350.1093098972974,350.1092694246391,26537364.68972089,221.12344572227028,623754.5017282969,148.62721947658173,-1,0.11560007649461519,0.49878908502396674,0.8767281105990785,0.6499646952540115,4.0,0.7692307692307693,1.6153846153846154,N1 O10,de-protonated,,0.0,,C13 H21 O10 N1,13.0,21.0,10.0,1.0,,,
406,883,350.1458110769121,350.1456713547964,350.1456549339891,1653010.5747886833,145.2634918103647,503286.5834387289,9.028691225139905,-1,0.046897075738084125,0.9996010130406323,0.0,0.5997606078243793,3.0,0.6428571428571429,1.7857142857142858,N1 O9,de-protonated,,0.0,,C14 H25 O9 N1,14.0,25.0,9.0,1.0,,,
407,887,350.99951198346076,350.9993719660314,350.99938462078904,1629356.114445058,65.92666854626258,553328.5520648765,8.868484545477648,-1,-0.036053503819927946,0.9997641708049475,0.0,0.5998585024829685,11.0,0.7857142857142857,0.5714285714285714,O11,de-protonated,,0.0,,C14 H8 O11,14.0,8.0,11.0,,,,
408,889,351.0359154537694,351.03577542374904,351.03577013013904,7709055.596997028,161.8131103241777,623725.9149394822,43.36446543066733,-1,0.015079973188878038,0.9999587384054677,0.0,0.5999752430432805,10.0,0.6666666666666666,0.8,O10,de-protonated,,0.0,,C15 H12 O10,15.0,12.0,10.0,,,,
409,891,351.0723005504113,351.0721605078064,351.0721556394891,9168957.201514358,113.55277750681998,613312.211625512,50.2240975233365,-1,0.013866999250291825,0.4999825545876084,0.8524773804394659,0.6409804849283514,9.0,0.5625,1.0,O9,de-protonated,,0.0,,C16 H16 O9,16.0,16.0,9.0,,,,
410,893,351.10867853352727,351.1085384783405,351.10854114883904,5105817.3555942625,119.79107952169144,632120.1306280078,27.76730033937488,-1,-0.007605905919875503,0.9999895032839953,0.0,0.5999937019703971,8.0,0.47058823529411764,1.1764705882352942,O8,de-protonated,,0.0,,C17 H20 O8,17.0,20.0,8.0,,,,
411,898,351.1450326473307,351.1448925795704,351.1449266581891,1947798.7917552965,72.5356508635946,618361.9967595564,10.690661388940539,-1,-0.09705001011082623,0.9982924479771936,0.0,0.5989754687863161,7.0,0.3888888888888889,1.3333333333333333,O7,de-protonated,,0.0,,C18 H24 O7,18.0,24.0,7.0,,,,
412,902,352.06757534918967,352.0674349624046,352.0674046116891,2003245.4845190907,85.13891498502903,667111.6464873522,11.093267740439602,-1,0.08620711580205637,0.9986524425913215,0.0,0.5991914655547929,9.0,0.6,1.0,N1 O9,de-protonated,,0.0,,C15 H15 O9 N1,15.0,15.0,9.0,1.0,,,
413,905,353.0151728229098,353.01503210853133,353.0150346852491,3317477.37181124,69.93021609890971,592701.3700538607,18.05459624715525,-1,-0.00729917282393623,0.9999903328374238,0.0,0.5999941997024543,10.0,0.7857142857142857,0.7142857142857143,O11,de-protonated,,0.0,,C14 H10 O11,14.0,10.0,11.0,,,,
414,908,353.0515333202022,353.0513925932555,353.0514201945991,8761031.574568719,136.5188426035828,615176.2285929692,47.68308027373688,-1,-0.07817938686022576,0.998891597362439,0.0,0.5993349584174634,9.0,0.6666666666666666,0.9333333333333333,O10,de-protonated,,0.0,,C15 H14 O10,15.0,14.0,10.0,,,,
415,909,353.0879515103114,353.0878107707766,353.0878057039491,9900612.054506063,104.0503608011999,597232.2057227961,55.495593835005906,-1,0.014350049684537495,0.9995246496368011,0.9947282806225419,0.9976061020310973,8.0,0.5625,1.125,O9,de-protonated,,0.0,,C16 H18 O9,16.0,18.0,9.0,,,,
416,911,353.1243595197007,353.1242187675815,353.12419121329907,4130722.8736435785,121.17003526485593,633054.3640709189,22.579390121442305,-1,0.07803000509551536,0.9988958267534226,0.0,0.5993374960520536,7.0,0.47058823529411764,1.2941176470588236,O8,de-protonated,,0.0,,C17 H22 O8,17.0,22.0,8.0,,,,
417,914,353.1607098701991,353.16056910551566,353.16057672264907,2524692.129082476,105.0205020181408,618792.079290131,13.914298404057611,-1,-0.021568470287621485,0.9999155938312086,0.0,0.5999493562987251,6.0,0.3888888888888889,1.4444444444444444,O7,de-protonated,,0.0,,C18 H26 O7,18.0,26.0,7.0,,,,
418,916,354.04689431218105,354.0467532412367,354.04666916679906,1779621.5128212322,91.99031960949152,543252.7242573883,9.725242006280155,-1,0.23746710513339522,0.9898201638692256,0.0,0.5938920983215353,9.0,0.7142857142857143,0.9285714285714286,N1 O10,de-protonated,,0.0,,C14 H13 O10 N1,14.0,13.0,10.0,1.0,,,
419,917,354.08319272292124,354.08305163943413,354.08305467614906,1797724.5011308629,34.204915785841735,620560.6114103964,9.892414193753813,-1,-0.008576278613704585,0.9999866540746035,0.0,0.5999919924447621,8.0,0.6,1.1333333333333333,N1 O9,de-protonated,,0.0,,C15 H17 O9 N1,15.0,17.0,9.0,1.0,,,
420,918,354.091276497593,354.0911354113126,354.09116053901914,1785584.7092115337,164.61207170675524,561781.9231028897,9.957889967180998,-1,-0.0709639474859885,0.9990866632013966,0.9947282806225419,0.9973433101698548,8.0,0.5625,1.125,13C1 O9,de-protonated,,1.0,909.0,C15 H18 O9 13C1,15.0,18.0,9.0,,,,1.0
421,919,355.0096975584347,355.00955615484634,355.0095553816491,3418683.005608574,160.0651683484699,638410.2577261436,18.597905856444644,-1,0.0021779618199285694,0.9999991392953173,0.0,0.5999994835771904,14.0,0.5294117647058824,0.47058823529411764,O9,de-protonated,,0.0,,C17 H8 O9,17.0,8.0,9.0,,,,
422,920,355.0308226405113,355.03068122962543,355.0306847497091,3219276.0721239373,55.40300492208483,595244.5397326692,17.650596794093904,-1,-0.009914871676579664,0.9999821629039728,0.0,0.5999892977423836,9.0,0.7857142857142857,0.8571428571428571,O11,de-protonated,,0.0,,C14 H12 O11,14.0,12.0,11.0,,,,
423,922,355.06720774318785,355.06706631973316,355.0670702590591,10737840.863825498,94.53965700376773,591324.520928279,60.081684178033306,-1,-0.011094596711016867,0.9979683661751491,0.9707011578694972,0.9870614828528883,8.0,0.6666666666666666,1.0666666666666667,O10,de-protonated,,0.0,,C15 H16 O10,15.0,16.0,10.0,,,,
424,923,355.1035971908733,355.10345575484837,355.1034557684091,8135827.964618876,50.747874405655224,606433.9799925078,44.45108464924612,-1,-3.818812887739106e-05,0.9999999997353873,0.0,0.5999999998412324,7.0,0.5625,1.25,O9,de-protonated,,0.0,,C16 H20 O9,16.0,20.0,9.0,,,,
425,924,355.1400024695341,355.13986102093367,355.1398412777591,3750153.4278054563,89.19057063453468,596844.6954681996,20.46187574677595,-1,0.05559267721370661,0.9994393817370768,0.0,0.599663629042246,6.0,0.47058823529411764,1.411764705882353,O8,de-protonated,,0.0,,C17 H24 O8,17.0,24.0,8.0,,,,
426,926,355.1763777502537,355.17623628908825,355.1762267871091,2662283.743698085,105.91032656520153,596210.5824720843,14.541194107083834,-1,0.026752857971736214,0.9998701428113198,0.0,0.5999220856867918,5.0,0.3888888888888889,1.5555555555555556,O7,de-protonated,,0.0,,C18 H28 O7,18.0,28.0,7.0,,,,
427,927,356.0624641646642,356.06232239746424,356.0623192312591,1598120.4924337997,75.74262602402955,596872.2625372092,8.784898451740819,-1,0.00889227805343101,0.9999856524819041,0.0,0.5999913914891424,8.0,0.7142857142857143,1.0714285714285714,N1 O10,de-protonated,,0.0,,C14 H15 O10 N1,14.0,15.0,10.0,1.0,,,
428,928,356.0706200552873,356.07047828527084,356.07042509412906,2182012.542600488,138.71939359672595,621852.6454657045,12.026645787167537,-1,0.14938376799971953,0.9959590666335052,0.9707011578694972,0.985855903127902,8.0,0.6666666666666666,1.0666666666666667,13C1 O10,de-protonated,,1.0,922.0,C14 H16 O10 13C1,14.0,16.0,10.0,,,,1.0
429,930,357.02531929466056,357.02517719500776,357.02520544610906,2317082.3839615206,126.6183316482875,597667.336969191,12.603389833951661,-1,-0.07912915073611543,0.9988645182614243,0.0,0.5993187109568545,13.0,0.5294117647058824,0.5882352941176471,O9,de-protonated,,0.0,,C17 H10 O9,17.0,10.0,9.0,,,,
430,932,357.0464911329373,357.04634902597553,357.0463348141691,4861449.668456557,215.26066969689515,623786.6302653117,26.491219308325945,-1,0.03980381552428138,0.9997125642290516,0.0,0.599827538537431,8.0,0.7857142857142857,1.0,O11,de-protonated,,0.0,,C14 H14 O11,14.0,14.0,11.0,,,,
431,933,357.06174416554694,357.06160205331946,357.06159095545905,1724781.1577668798,43.231806573064375,553027.9092602938,9.446621693824055,-1,0.031081081498376625,0.9998247298290398,0.0,0.5998948378974238,12.0,0.4444444444444444,0.7777777777777778,O8,de-protonated,,0.0,,C18 H14 O8,18.0,14.0,8.0,,,,
432,934,357.08286328503954,357.08272116552126,357.0827203235191,7891191.835160226,154.1678836226456,635487.169220676,43.286451743179626,-1,0.002358003151808798,0.9999989911133584,0.0,0.599999394668015,7.0,0.6666666666666666,1.2,O10,de-protonated,,0.0,,C15 H18 O10,15.0,18.0,10.0,,,,
433,935,357.11923177024227,357.11908963816893,357.1191058328691,4746481.434887106,122.67967047761888,602094.7737751177,26.304543698980357,-1,-0.04534817624445958,0.9996269281714075,0.0,0.5997761569028445,6.0,0.5625,1.375,O9,de-protonated,,0.0,,C16 H22 O9,16.0,22.0,9.0,,,,
434,936,357.15565495838877,357.15551281374167,357.1554913422191,4532626.0035095075,73.00886221441695,601118.9446664419,24.769345777347247,-1,0.06011813651776301,0.9993444248943465,0.0,0.5996066549366079,5.0,0.47058823529411764,1.5294117647058822,O8,de-protonated,,0.0,,C17 H26 O8,17.0,26.0,8.0,,,,
435,937,357.1920247002168,357.19188254301446,357.1918768515691,4291233.479216676,58.414155504241066,615596.1376335882,23.36788560569307,-1,0.015933860061233245,0.9999539334358153,0.0,0.5999723600614891,4.0,0.3888888888888889,1.6666666666666667,O7,de-protonated,,0.0,,C18 H30 O7,18.0,30.0,7.0,,,,
436,938,357.2284550681039,357.2283128983256,357.2282623609191,1776976.1752926991,105.35288980654774,550013.053052735,9.87987627969329,-1,0.1414709077129873,0.9963750687591264,0.0,0.5978250412554759,3.0,0.3157894736842105,1.7894736842105263,O6,de-protonated,,0.0,,C19 H34 O6,19.0,34.0,6.0,,,,
437,939,358.1144627284745,358.1143202528848,358.1143548050691,1533946.117040544,66.81469717464549,606207.4425113942,8.392043811177718,-1,-0.09648366190254411,0.9983123023421334,0.0,0.5989873814052801,6.0,0.6,1.4,N1 O9,de-protonated,,0.0,,C15 H21 O9 N1,15.0,21.0,9.0,1.0,,,
438,940,358.18731069158446,358.18716819085455,358.18712582376907,2699230.605265683,106.56096982681832,533739.8450869927,14.80866960704169,-1,0.11828198846313193,0.9974646382569331,0.0,0.5984787829541598,4.0,0.4117647058823529,1.7058823529411764,N1 O7,de-protonated,,0.0,,C17 H29 O7 N1,17.0,29.0,7.0,1.0,,,
439,943,359.0046148198588,359.00447203711246,359.0044700012191,1903125.1833585082,82.78015639466355,555945.6295782223,10.346565303057256,-1,0.005670941573176783,0.9999941647037858,0.0,0.5999964988222715,13.0,0.625,0.5,O10,de-protonated,,0.0,,C16 H8 O10,16.0,8.0,10.0,,,,
440,944,359.04099867458115,359.04085587928205,359.0408555105691,3066058.44834427,104.98774219048501,573991.5274372406,17.174156059793976,-1,0.0010269387312022906,0.9999998086436608,0.0,0.5999998851861964,12.0,0.5294117647058824,0.7058823529411765,O9,de-protonated,,0.0,,C17 H12 O9,17.0,12.0,9.0,,,,
441,946,359.0621379891367,359.0619951865444,359.06198487862906,3701846.594306186,64.77841006165728,651892.9944422749,20.601185903003998,-1,0.02870789933731781,0.9998504714279419,0.0,0.5999102828567652,7.0,0.7857142857142857,1.1428571428571428,O11,de-protonated,,0.0,,C14 H16 O11,14.0,16.0,11.0,,,,
442,947,359.0773603570265,359.07721754918236,359.0772410199191,2395245.9687994523,172.64310278338385,657737.5517545902,13.095154685436677,-1,-0.06536403324977923,0.9992250687330181,0.0,0.5995350412398108,11.0,0.4444444444444444,0.8888888888888888,O8,de-protonated,,0.0,,C18 H16 O8,18.0,16.0,8.0,,,,
443,948,359.0985191532263,359.09837633808223,359.09837038797906,4538621.008694916,124.4915776300611,629215.8152848072,24.791635402343736,-1,0.01656956328263843,0.999950184426463,0.0,0.5999701106558778,6.0,0.6666666666666666,1.3333333333333333,O10,de-protonated,,0.0,,C15 H20 O10,15.0,20.0,10.0,,,,
444,949,359.1137187856231,359.11357596523516,359.1136265292691,1709830.4315242488,61.00790327830781,645907.9391435373,9.339352873528457,-1,-0.1408023260372769,0.9964091887011284,0.0,0.597845513220677,10.0,0.3684210526315789,1.0526315789473684,O7,de-protonated,,0.0,,C19 H20 O7,19.0,20.0,7.0,,,,
445,950,359.13491041200956,359.1347675843105,359.13475589732906,3437994.1394070718,88.30605340499095,607378.3637956484,18.987974293883184,-1,0.032542050748414895,0.9998078670106926,0.0,0.5998847202064155,5.0,0.5625,1.5,O9,de-protonated,,0.0,,C16 H24 O9,16.0,24.0,9.0,,,,
446,951,359.1712887418751,359.17114590162566,359.17114140667906,5782571.180523084,192.70356120029362,591771.2231075624,32.00790149495671,-1,0.01251477663572188,0.9999715819769158,0.0,0.5999829491861495,4.0,0.47058823529411764,1.6470588235294117,O8,de-protonated,,0.0,,C17 H28 O8,17.0,28.0,8.0,,,,
447,952,359.20770202742074,359.207559174609,359.2075269160291,1982156.5380310134,87.94884233083835,560977.4905188153,10.816040529545784,-1,0.08980485506413714,0.9985377025140326,0.0,0.5991226215084196,3.0,0.3888888888888889,1.7777777777777777,O7,de-protonated,,0.0,,C18 H32 O7,18.0,32.0,7.0,,,,
448,953,360.0361996290162,360.03605649041725,360.0361044827691,1627506.0389558792,36.839895740585206,659580.5148297714,8.966001654837283,-1,-0.1332987198412332,0.9967811119429647,0.0,0.5980686671657788,12.0,0.5625,0.6875,N1 O9,de-protonated,,0.0,,C16 H11 O9 N1,16.0,11.0,9.0,1.0,,,
449,956,361.0202567919054,361.0201133139556,361.02012006567907,4367331.020313382,181.99757088269598,591133.2078325446,24.23996718368066,-1,-0.018701792702766045,0.9999365390564262,0.0,0.5999619234338557,12.0,0.625,0.625,O10,de-protonated,,0.0,,C16 H10 O10,16.0,10.0,10.0,,,,
450,957,361.0566207257534,361.0564772352656,361.0565055750291,4412180.30845538,47.28262427343348,574862.8284670886,24.12573285557366,-1,-0.0784912141602107,0.9988827427020895,0.0,0.5993296456212537,11.0,0.5294117647058824,0.8235294117647058,O9,de-protonated,,0.0,,C17 H14 O9,17.0,14.0,9.0,,,,
451,958,361.07773627633065,361.0775927785624,361.0776349430891,1661220.4019565221,128.1146309238798,586005.7213663352,9.103918709503052,-1,-0.11677413001873897,0.9975287883712004,0.0,0.5985172730227202,6.0,0.7857142857142857,1.2857142857142858,O11,de-protonated,,0.0,,C14 H18 O11,14.0,18.0,11.0,,,,
452,959,361.09304216790184,361.0928986648563,361.0928910843791,3012995.6696293177,178.5639284417108,597897.878570975,16.472032872404604,-1,0.02099314989397978,0.9999200365216667,0.0,0.599952021913,10.0,0.4444444444444444,1.0,O8,de-protonated,,0.0,,C18 H18 O8,18.0,18.0,8.0,,,,
453,961,361.15053469314967,361.1503911702816,361.1504059617891,2622593.5858461554,92.66244067485049,663138.4596336179,14.47432523209437,-1,-0.04095664096234199,0.9996956758632874,0.0,0.5998174055179725,4.0,0.5625,1.625,O9,de-protonated,,0.0,,C16 H26 O9,16.0,26.0,9.0,,,,
454,963,361.186926120504,361.1867825850889,361.1867914711391,1974180.2724903554,80.79556103983761,645190.7303642369,10.870371490474723,-1,-0.024602367505484942,0.9998901794073242,0.0,0.5999341076443945,3.0,0.47058823529411764,1.7647058823529411,O8,de-protonated,,0.0,,C17 H30 O8,17.0,30.0,8.0,,,,
455,965,362.0519226430126,362.05177880940636,362.0517545472291,1679642.3673752954,108.11879670358127,597723.8267620838,9.445228592261774,-1,0.0670130083444654,0.9991854924214723,0.0,0.5995112954528833,11.0,0.5625,0.8125,N1 O9,de-protonated,,0.0,,C16 H13 O9 N1,16.0,13.0,9.0,1.0,,,
456,966,362.1457720349135,362.14562816895926,362.1456549339891,2716694.9188355524,55.221394700241184,649376.2844846227,14.769662763297836,-1,-0.07390680918277828,0.9990093789912379,0.0,0.5994056273947427,4.0,0.6,1.6666666666666667,N1 O9,de-protonated,,0.0,,C15 H25 O9 N1,15.0,25.0,9.0,1.0,,,
457,969,362.9995223246347,362.999378164454,362.99938462078904,1577514.8812308358,139.85557879581333,493526.3479526332,8.745891607996965,-1,-0.01778607706460659,0.9999426013466421,0.0,0.5999655608079852,12.0,0.7333333333333333,0.5333333333333333,O11,de-protonated,,0.0,,C15 H8 O11,15.0,8.0,11.0,,,,
458,970,363.03592944938015,363.0357852766543,363.03577013013904,6327324.989117408,68.31890127419649,623039.4672445595,34.79410461951771,-1,0.0417218260147059,0.9996842001935203,0.0,0.5998105201161121,11.0,0.625,0.75,O10,de-protonated,,0.0,,C16 H12 O10,16.0,12.0,10.0,,,,
459,971,363.0722867159423,363.0721425306886,363.0721556394891,6876683.20932869,76.26753826852638,593096.8273493317,38.728223431397836,-1,-0.03610522119131439,0.999763493823848,0.0,0.5998580962943088,10.0,0.5294117647058824,0.9411764705882353,O9,de-protonated,,0.0,,C17 H16 O9,17.0,16.0,9.0,,,,
460,973,363.10868047226023,363.10853627446625,363.10854114883904,2959938.1944986023,183.2851706007398,552844.5719055246,16.529150036458105,-1,-0.013424010286833038,0.9999673027460306,0.0,0.5999803816476184,9.0,0.4444444444444444,1.1111111111111112,O8,de-protonated,,0.0,,C18 H20 O8,18.0,20.0,8.0,,,,
461,977,364.067521359672,364.0673768315393,364.0674046116891,2584992.0879771025,79.08867334454791,597736.5184279408,14.346159888364564,-1,-0.07630496279719667,0.9989440824513632,0.0,0.599366449470818,10.0,0.5625,0.9375,N1 O9,de-protonated,,0.0,,C16 H15 O9 N1,16.0,15.0,9.0,1.0,,,
462,982,365.0151797941433,365.0150349396218,365.0150346852491,3738345.550036236,118.76579743036417,569751.7859369002,20.442372324904024,-1,0.0006968828229383271,0.9999999118802353,0.0,0.5999999471281412,11.0,0.7333333333333333,0.6666666666666666,O11,de-protonated,,0.0,,C15 H10 O11,15.0,10.0,11.0,,,,
463,984,365.0515793004811,365.0514344334249,365.0514201945991,8031956.926826514,143.59475880423804,599176.8537627097,44.89687714917588,-1,0.0390049868022997,0.9997239840648163,0.0,0.5998343904388898,10.0,0.625,0.875,O10,de-protonated,,0.0,,C16 H14 O10,16.0,14.0,10.0,,,,
464,985,365.08795433233666,365.0878094527544,365.0878057039491,6820756.216569321,128.2365964605647,609389.9107910662,37.69732827531027,-1,0.01026822940194171,0.9999808688622284,0.0,0.599988521317337,9.0,0.5294117647058824,1.0588235294117647,O9,de-protonated,,0.0,,C17 H18 O9,17.0,18.0,9.0,,,,
465,987,365.12433145226595,365.12418656015706,365.12419121329907,3890135.2191065303,318.655495144431,545836.9743163582,21.2726608560232,-1,-0.012743998140631194,0.9999705314458539,0.0,0.5999823188675123,8.0,0.4444444444444444,1.2222222222222223,O8,de-protonated,,0.0,,C18 H22 O8,18.0,22.0,8.0,,,,
466,989,365.16078752745705,365.16064262279446,365.16057672264907,1570972.510640603,116.85121078192981,572569.5438582834,8.706884764253111,-1,0.18046894869741117,0.9941078176128669,0.0,0.5964646905677201,7.0,0.3684210526315789,1.368421052631579,O7,de-protonated,,0.0,,C19 H26 O7,19.0,26.0,7.0,,,,
467,991,366.0468943400056,366.0467491302551,366.04666916679906,1693326.0716764797,103.5700285895188,558838.0473369809,9.37835971727231,-1,0.21845153296627204,0.9913784546589579,0.0,0.5948270727953747,10.0,0.6666666666666666,0.8666666666666667,N1 O10,de-protonated,,0.0,,C15 H13 O10 N1,15.0,13.0,10.0,1.0,,,
468,993,366.0831579607048,366.0830127384704,366.08305467614906,2067548.7541089894,105.3309614210299,575176.1272588897,11.408108693514995,-1,-0.1145578253613888,0.9976215919139229,0.0,0.5985729551483537,9.0,0.5625,1.0625,N1 O9,de-protonated,,0.0,,C16 H17 O9 N1,16.0,17.0,9.0,1.0,,,
469,997,367.0308249620532,367.030679413633,367.0306847497091,6670142.0894868355,93.4475356536804,601451.8134295704,36.293081900531526,-1,-0.014538501412092255,0.9999616482852881,0.0,0.5999769889711728,10.0,0.7333333333333333,0.8,O11,de-protonated,,0.0,,C15 H12 O11,15.0,12.0,11.0,,,,
470,998,367.06720667470705,367.06706111376616,367.0670702590591,10480001.698999314,62.689216377605156,573396.6798418217,58.25393492832129,-1,-0.02491450116498567,0.9975623754964571,0.9915605363713113,0.9951616398463987,9.0,0.625,1.0,O10,de-protonated,,0.0,,C16 H16 O10,16.0,16.0,10.0,,,,
471,1000,367.10359594028614,367.1034503668222,367.1034557684091,7275417.697212446,87.10806788850829,609985.4101160318,39.6309532437556,-1,-0.014714072649875419,0.9999607164172244,0.0,0.5999764298503346,8.0,0.5294117647058824,1.1764705882352942,O9,de-protonated,,0.0,,C17 H20 O9,17.0,20.0,9.0,,,,
472,1001,367.11654299947406,367.11639742155455,367.11634292797913,1982787.058045728,115.80313439901045,547413.9847044908,10.881516302972967,-1,0.1484368006735446,0.9960100344599299,0.0,0.5976060206759579,3.0,0.6428571428571429,1.7857142857142858,P1 O9,de-protonated,,0.0,,C14 H25 O9 P1,14.0,25.0,9.0,,1.0,,
473,1002,367.13998017443953,367.1398345884544,367.1398412777591,3856554.5138382046,227.97893919378268,595579.3930526768,21.567998387226666,-1,-0.01822004576960565,0.9999397662814178,0.0,0.5999638597688507,7.0,0.4444444444444444,1.3333333333333333,O8,de-protonated,,0.0,,C18 H24 O8,18.0,24.0,8.0,,,,
474,1004,368.0624439717489,368.06229806835665,368.0623192312591,1553146.9405154202,114.19213432940784,531605.9063508629,8.574540115836463,-1,-0.05749815000413568,0.9994003037730886,0.0,0.5996401822638532,9.0,0.6666666666666666,1.0,N1 O10,de-protonated,,0.0,,C15 H15 O10 N1,15.0,15.0,10.0,1.0,,,
475,1005,368.0706307032195,368.07048479701075,368.07042509412906,1936504.1122541886,217.30373916434766,499202.00932078523,10.572247756146696,-1,0.16220504994467977,0.9952373757230523,0.9915605363713113,0.9937666399823559,9.0,0.625,1.0,13C1 O10,de-protonated,,1.0,998.0,C15 H16 O10 13C1,15.0,16.0,10.0,,,,1.0
476,1007,368.0988897895305,368.09874387359963,368.0987047406091,1941812.057683942,51.69494390261814,540389.8013847278,10.666978662381771,-1,0.10631113348932776,0.9979513579234954,0.0,0.5987708147540972,8.0,0.5625,1.1875,N1 O9,de-protonated,,0.0,,C16 H19 O9 N1,16.0,19.0,9.0,1.0,,,
477,1009,369.0253315317732,369.02518529716235,369.02520544610906,1597538.1898752102,191.04638166453847,561513.1044082897,8.782112248616258,-1,-0.05460046198943145,0.9994592095602175,0.0,0.5996755257361305,14.0,0.5,0.5555555555555556,O9,de-protonated,,0.0,,C18 H10 O9,18.0,10.0,9.0,,,,
478,1010,369.04646683875944,369.0463205968795,369.0463348141691,7094234.625191129,107.82210964472478,602025.4980185701,39.18516074382584,-1,-0.0385244025466513,0.999730742891496,0.0,0.5998384457348975,9.0,0.7333333333333333,0.9333333333333333,O11,de-protonated,,0.0,,C15 H14 O11,15.0,14.0,11.0,,,,
479,1011,369.0828584516859,369.0827121972899,369.0827203235191,11703466.0925383,91.21090180594658,599263.4389287892,64.98540167726065,-1,-0.02201736563848158,0.9985613815903374,0.998579263636321,0.9985685344087308,8.0,0.625,1.125,O10,de-protonated,,0.0,,C16 H18 O10,16.0,18.0,10.0,,,,
480,1012,369.11924563715326,369.1190993702428,369.1191058328691,5868909.388530247,80.77995043983016,601866.3856958176,33.11681033853199,-1,-0.01750824106966045,0.9999443805377194,0.0,0.5999666283226316,7.0,0.5294117647058824,1.2941176470588236,O9,de-protonated,,0.0,,C17 H22 O9,17.0,22.0,9.0,,,,
481,1013,369.1556173325361,369.1554710531166,369.1554913422191,2629093.990911709,248.1768009582045,550747.9950475747,14.41860116960315,-1,-0.054960857761246824,0.999452048879844,0.0,0.5996712293279064,6.0,0.4444444444444444,1.4444444444444444,O8,de-protonated,,0.0,,C18 H26 O8,18.0,26.0,8.0,,,,
482,1015,369.19200716686834,369.1918608749338,369.1918768515691,2158975.373653715,184.54012331592173,616599.2918497231,11.72712895127723,-1,-0.043274612118598434,0.9996602602115695,0.0,0.5997961561269417,5.0,0.3684210526315789,1.5789473684210527,O7,de-protonated,,0.0,,C19 H30 O7,19.0,30.0,7.0,,,,
483,1016,370.0861758408249,370.08602924141564,370.0860751585891,2002461.8890740355,79.54471856886146,567831.4512268404,11.107198756062408,-1,-0.12407160532113917,0.9972107191739936,0.998579263636321,0.9977581369589246,8.0,0.625,1.125,13C1 O10,de-protonated,,1.0,1011.0,C15 H18 O10 13C1,15.0,18.0,10.0,,,,1.0
484,1020,371.00462003825476,371.0044731231129,371.0044700012191,2851904.7834878345,149.43570814700175,528052.1153730336,15.541441028801232,-1,0.0084147067718855,0.9999871521927717,0.0,0.599992291315663,14.0,0.5882352941176471,0.47058823529411764,O10,de-protonated,,0.0,,C17 H8 O10,17.0,8.0,10.0,,,,
485,1021,371.0257552276792,371.02560830527284,371.02559936927906,2049805.0468478517,134.52037461623738,621073.4367667382,11.41925350601324,-1,0.024084574733494915,0.9998947531908711,0.0,0.5999368519145226,9.0,0.8571428571428571,0.8571428571428571,O12,de-protonated,,0.0,,C14 H12 O12,14.0,12.0,12.0,,,,
486,1022,371.0409856897924,371.04083876215105,371.0408555105691,2602509.6159777055,111.79873207725932,534756.6436046873,14.173415294641783,-1,-0.04513901308991578,0.9996303611002575,0.0,0.5997782166601545,13.0,0.5,0.6666666666666666,O9,de-protonated,,0.0,,C18 H12 O9,18.0,12.0,9.0,,,,
487,1023,371.0621329906969,371.0619860557869,371.06198487862906,7752074.694462251,216.88604634399258,599274.8295949004,42.8239420245025,-1,0.0031724021958793795,0.9999981738774671,0.0,0.5999989043264803,8.0,0.7333333333333333,1.0666666666666667,O11,de-protonated,,0.0,,C15 H16 O11,15.0,16.0,11.0,,,,
488,1024,371.0984990067166,371.0983520593072,371.09837038797906,8362516.489359899,104.19047192950316,593573.3607962168,45.6881588365512,-1,-0.049390332335116485,0.9995574711252003,0.0,0.5997344826751202,7.0,0.625,1.25,O10,de-protonated,,0.0,,C16 H20 O10,16.0,20.0,10.0,,,,
489,1025,371.13489098900084,371.1347440290832,371.13475589732906,3512690.8075711243,123.04538751732466,588599.207675516,19.19972573134982,-1,-0.031978265739368156,0.9998144660668485,0.0,0.5998886796401091,6.0,0.5294117647058824,1.411764705882353,O9,de-protonated,,0.0,,C17 H24 O9,17.0,24.0,9.0,,,,
490,1027,371.17129311396315,371.171146141534,371.17114140667906,3738786.157943002,219.10868620383624,578529.3277790053,20.890951027958344,-1,0.012756527682029893,0.9999704734729135,0.0,0.5999822840837481,5.0,0.4444444444444444,1.5555555555555556,O8,de-protonated,,0.0,,C18 H28 O8,18.0,28.0,8.0,,,,
491,1028,371.20768033595346,371.20753335101807,371.2075269160291,3256182.6619841317,188.8002178712145,564961.8122608828,18.149327153390324,-1,0.017335286853441132,0.9999454739480793,0.0,0.5999672843688476,4.0,0.3684210526315789,1.6842105263157894,O7,de-protonated,,0.0,,C19 H32 O7,19.0,32.0,7.0,,,,
492,1030,372.0362015941098,372.0360543244507,372.0361044827691,1723703.5467724947,101.0934883527922,585115.9470627959,9.445228592261774,-1,-0.13482110418170548,0.9967072890977735,0.0,0.5980243734586641,13.0,0.5294117647058824,0.6470588235294118,N1 O9,de-protonated,,0.0,,C17 H11 O9 N1,17.0,11.0,9.0,1.0,,,
493,1037,373.02021411978177,373.02006651206,373.02012006567907,3447148.289256397,216.7215659313759,543766.5541849494,18.78179526266567,-1,-0.14356764203173733,0.9962670248880884,0.0,0.597760214932853,13.0,0.5882352941176471,0.5882352941176471,O10,de-protonated,,0.0,,C17 H10 O10,17.0,10.0,10.0,,,,
494,1038,373.0413573183483,373.0412097033638,373.0412494337391,2011913.8371476228,38.88333903625976,653026.6724399136,10.920523146716821,-1,-0.10650397339823447,0.9979439266891701,0.0,0.598766356013502,8.0,0.8571428571428571,1.0,O12,de-protonated,,0.0,,C14 H14 O12,14.0,14.0,12.0,,,,
495,1039,373.0566115043418,373.05646388411753,373.0565055750291,3283232.322576144,80.95847781219598,622381.1594440283,17.89299646593071,-1,-0.1117549512311784,0.997736422433506,0.0,0.5986418534601036,12.0,0.5,0.7777777777777778,O9,de-protonated,,0.0,,C18 H14 O9,18.0,14.0,9.0,,,,
496,1040,373.0777884013256,373.0776407738271,373.0776349430891,5168751.813867731,106.5617921912436,568750.8074034113,28.227023854927445,-1,0.015628752496836488,0.9999556807062167,0.0,0.5999734084237299,7.0,0.7333333333333333,1.2,O11,de-protonated,,0.0,,C15 H18 O11,15.0,18.0,11.0,,,,
497,1043,373.11415683199846,373.11400919200764,373.1140204524391,3887699.8249795204,83.63537640700554,638069.3108878152,21.381322777881078,-1,-0.030179598814983537,0.9998347487069158,0.0,0.5999008492241494,6.0,0.625,1.375,O10,de-protonated,,0.0,,C16 H22 O10,16.0,22.0,10.0,,,,
498,1044,373.15055739853807,373.150409746044,373.1504059617891,3838279.375572748,172.17974952698208,571622.2114919603,21.517846730984566,-1,0.010141366124437348,0.9999813386654026,0.0,0.5999888031992415,5.0,0.5294117647058824,1.5294117647058822,O9,de-protonated,,0.0,,C17 H26 O9,17.0,26.0,9.0,,,,
499,1045,373.186935967902,373.1867883029124,373.1867914711391,5088744.049163811,74.33941171657013,608269.2687160975,27.79516237062049,-1,-0.008489653819121937,0.9999869223126205,0.0,0.5999921533875723,4.0,0.4444444444444444,1.6666666666666667,O8,de-protonated,,0.0,,C18 H30 O8,18.0,30.0,8.0,,,,
500,1046,373.2233401152758,373.223192437782,373.2231769804891,2373428.2993012555,94.12390289808795,472068.9946499682,12.93076870108758,-1,0.04141568339055751,0.9996888169659711,0.0,0.5998132901795826,3.0,0.3684210526315789,1.7894736842105263,O7,de-protonated,,0.0,,C19 H34 O7,19.0,34.0,7.0,,,,
501,1051,374.9995050791284,374.999356791727,374.99938462078904,1576414.9734623332,146.07939200945006,579365.8889306281,8.665091717384696,-1,-0.07421095391052263,0.9990012129972485,0.0,0.5994007277983491,13.0,0.6875,0.5,O11,de-protonated,,0.0,,C16 H8 O11,16.0,8.0,11.0,,,,
502,1052,375.0359323391647,375.03578403925826,375.03577013013904,4647956.084659751,127.34181836299615,580524.0167220861,25.410172495996278,-1,0.03708744692097765,0.9997504523355664,0.0,0.5998502714013398,12.0,0.5882352941176471,0.7058823529411765,O10,de-protonated,,0.0,,C17 H12 O10,17.0,12.0,10.0,,,,
503,1053,375.0570339510607,375.05688564391045,375.05689949819913,2121500.5284977695,104.46508789568144,540130.2673912001,11.572494677864094,-1,-0.03693916496443629,0.9997524435684263,0.0,0.5998514661410558,7.0,0.8571428571428571,1.1428571428571428,O12,de-protonated,,0.0,,C14 H16 O12,14.0,16.0,12.0,,,,
504,1054,375.07227034865616,375.0721220362755,375.0721556394891,4116469.765211075,45.95431592611187,550168.025821136,22.571031512068622,-1,-0.08959133082885916,0.998544642845066,0.0,0.5991267857070396,11.0,0.5,0.8888888888888888,O9,de-protonated,,0.0,,C18 H16 O9,18.0,16.0,9.0,,,,
505,1056,375.0934800866185,375.093331766957,375.09328500754907,2433403.8329809774,168.50401198168623,581098.4569360714,13.38074050570418,-1,0.12466074392671958,0.9971842045943127,0.0,0.5983105227565876,6.0,0.7333333333333333,1.3333333333333333,O11,de-protonated,,0.0,,C15 H20 O11,15.0,20.0,11.0,,,,
506,1058,375.1086836263098,375.1085353014293,375.10854114883904,2538253.9681304023,155.73390726852446,599609.8813324076,13.921263911869014,-1,-0.01558858062982626,0.9999559082434352,0.0,0.599973544946061,10.0,0.42105263157894735,1.0526315789473684,O8,de-protonated,,0.0,,C19 H20 O8,19.0,20.0,8.0,,,,
507,1060,375.1662364196194,375.1660880749825,375.1660560262491,2704591.426832558,193.26087284887404,542756.0581279333,14.729262817991701,-1,0.08542546122981479,0.9986767527659636,0.0,0.5992060516595781,4.0,0.5294117647058824,1.6470588235294117,O9,de-protonated,,0.0,,C17 H28 O9,17.0,28.0,9.0,,,,
508,1061,375.2025456201721,375.20239726307136,375.2024415355991,2380906.7373359604,115.80225409866496,584527.3185576248,13.283223396344546,-1,-0.11799637437914443,0.9974768522471454,0.0,0.5984861113482872,3.0,0.4444444444444444,1.7777777777777777,O8,de-protonated,,0.0,,C18 H32 O8,18.0,32.0,8.0,,,,
509,1063,376.0311534411291,376.03100479963166,376.0310191023391,1998141.428988815,110.98858110711714,637833.5577413703,10.910771435780857,-1,-0.03803597762080481,0.9997375261793885,0.0,0.599842515707633,12.0,0.625,0.6875,N1 O10,de-protonated,,0.0,,C16 H11 O10 N1,16.0,11.0,10.0,1.0,,,
510,1064,376.0675861059246,376.0674374519244,376.0674046116891,2099311.1806551083,173.96109133158765,510423.82202295505,11.487515482564984,-1,0.0873253966957106,0.9986172790739695,0.0,0.5991703674443817,11.0,0.5294117647058824,0.8823529411764706,N1 O9,de-protonated,,0.0,,C17 H15 O9 N1,17.0,15.0,9.0,1.0,,,
511,1065,376.1614378663736,376.1612891801664,376.1613049984491,1640034.0935749188,284.16225021152707,436309.78128105286,9.145015205590328,-1,-0.042051860413662684,0.9996791850611311,0.0,0.5998075110366786,4.0,0.5625,1.6875,N1 O9,de-protonated,,0.0,,C16 H27 O9 N1,16.0,27.0,9.0,1.0,,,
512,1072,377.0152007767727,377.0150517976244,377.0150346852491,4380539.067665185,90.70490677085976,564310.8807889122,24.49629787114027,-1,0.045389105815705856,0.9996262545520013,0.0,0.5997757527312008,12.0,0.6875,0.625,O11,de-protonated,,0.0,,C16 H10 O11,16.0,10.0,11.0,,,,
513,1073,377.05156847976525,377.0514194881403,377.0514201945991,7607298.260417117,169.27949233929934,559557.8524463556,41.53671618095532,-1,-0.001873640372774668,0.9999993630194642,0.0,0.5999996178116785,11.0,0.5882352941176471,0.8235294117647058,O10,de-protonated,,0.0,,C17 H14 O10,17.0,14.0,10.0,,,,
514,1075,377.0879662090819,377.0878172049701,377.0878057039491,5425529.890628554,88.59076879631144,598317.8597025452,29.50031868285182,-1,0.03049958358591876,0.9998312262124507,0.0,0.5998987357274704,10.0,0.5,1.0,O9,de-protonated,,0.0,,C18 H18 O9,18.0,18.0,9.0,,,,
515,1077,377.1243311055936,377.12418208900647,377.12419121329907,2633280.5888397954,38.75065786589548,617804.6176496783,14.716724903931178,-1,-0.02419439753756287,0.9998937912276817,0.0,0.599936274736609,9.0,0.42105263157894735,1.1578947368421053,O8,de-protonated,,0.0,,C19 H22 O8,19.0,22.0,8.0,,,,
516,1080,378.04681697648374,378.0466676434746,378.04666916679906,2488757.6256790156,35.96643918693097,586085.6435113061,13.872505357189196,-1,-0.004029461351807524,0.9999970539020778,0.0,0.5999982323412467,11.0,0.625,0.8125,N1 O10,de-protonated,,0.0,,C16 H13 O10 N1,16.0,13.0,10.0,1.0,,,
517,1081,378.0832029404914,378.0830535950034,378.08305467614906,2022518.3331944156,132.9734713356478,540715.6214844522,11.051474693571189,-1,-0.002859545461850118,0.9999985162951477,0.0,0.5999991097770886,10.0,0.5294117647058824,1.0,N1 O9,de-protonated,,0.0,,C17 H17 O9 N1,17.0,17.0,9.0,1.0,,,
518,1082,378.14071183069126,378.1405624654804,378.1405695535591,2588649.347177253,97.93066113670835,599490.1234714166,14.119084333712843,-1,-0.018744560250939492,0.999936248486888,0.0,0.5999617490921327,4.0,0.6666666666666666,1.6666666666666667,N1 O10,de-protonated,,0.0,,C15 H25 O10 N1,15.0,25.0,10.0,1.0,,,
519,1088,379.03084561102554,379.03069594058576,379.0306847497091,7014583.0625315225,232.66168455411147,572853.1207750458,39.37462255629599,-1,0.029524988605764545,0.9998418391613481,0.0,0.5999051034968088,11.0,0.6875,0.75,O11,de-protonated,,0.0,,C16 H12 O11,16.0,12.0,11.0,,,,
520,1089,379.0672245202842,379.0670748373718,379.0670702590591,9041576.62159239,157.49113670952764,568064.8883074018,49.36594696097171,-1,0.012077843398338192,0.9983549655675016,0.9516703226198222,0.9796811083884298,10.0,0.5882352941176471,0.9411764705882353,O10,de-protonated,,0.0,,C17 H16 O10,17.0,16.0,10.0,,,,
521,1091,379.1035897652845,379.10344006990437,379.1034557684091,6090063.081751138,177.02435810947006,578918.6759860264,33.20039643226882,-1,-0.0414095532521154,0.9996889090642789,0.0,0.5998133454385673,9.0,0.5,1.1111111111111112,O9,de-protonated,,0.0,,C18 H20 O9,18.0,20.0,9.0,,,,
522,1093,379.13995142817225,379.1398017203257,379.1398412777591,2237529.5134117077,92.53837925822295,538455.8451126132,12.224466209011368,-1,-0.10433467840612451,0.9980267489026095,0.0,0.5988160493415656,8.0,0.42105263157894735,1.263157894736842,O8,de-protonated,,0.0,,C19 H24 O8,19.0,24.0,8.0,,,,
523,1097,380.06248925211315,380.0623392280272,380.0623192312591,2891650.6807249966,113.02943994638869,553007.335886699,15.920364653741528,-1,0.05261444532931441,0.9994978253884471,0.0,0.5996986952330683,10.0,0.625,0.9375,N1 O10,de-protonated,,0.0,,C16 H15 O10 N1,16.0,15.0,10.0,1.0,,,
524,1098,380.07052410683906,380.0703740799993,380.07042509412906,2312059.8678533025,139.0658319040331,472702.6120411986,12.611748443325345,-1,-0.13422283453991415,0.9967363994850214,0.9516703226198222,0.9787099687389417,10.0,0.5882352941176471,0.9411764705882353,13C1 O10,de-protonated,,1.0,1089.0,C16 H16 O10 13C1,16.0,16.0,10.0,,,,1.0
525,1103,381.01009479449294,381.0099444456701,381.0099493048191,2108963.0293002087,181.6721777920333,449766.7668367622,11.491694787251825,-1,-0.012753338845994779,0.9999704882327444,0.0,0.5999822929396466,11.0,0.8,0.6666666666666666,O12,de-protonated,,0.0,,C15 H10 O12,15.0,10.0,12.0,,,,
526,1104,381.04647534723347,381.04632498594526,381.0463348141691,9054470.099287827,111.28447302580727,596041.7731714079,49.22106439849454,-1,-0.025792726306916185,0.9999022561261441,0.9942374956277344,0.9976363519267802,10.0,0.6875,0.875,O11,de-protonated,,0.0,,C16 H14 O11,16.0,14.0,11.0,,,,
527,1105,381.0828757153189,381.0827253415586,381.0827203235191,10811727.354469249,134.1844067775761,589748.2129518114,58.86132720947559,-1,0.013167848508871604,0.9999656646675418,0.9779272235491605,0.9911502882201892,9.0,0.5882352941176471,1.0588235294117647,O10,de-protonated,,0.0,,C17 H18 O10,17.0,18.0,10.0,,,,
528,1106,381.1192605210469,381.11911013482006,381.1191058328691,6410791.606854854,114.50037807033254,577176.9196243918,34.91669755699839,-1,0.011287681237951078,0.9999768815729888,0.0,0.5999861289437932,8.0,0.5,1.2222222222222223,O9,de-protonated,,0.0,,C18 H22 O9,18.0,22.0,9.0,,,,
529,1109,381.1556713917408,381.1555209930386,381.1554913422191,3109861.444077041,189.44595309979997,546175.8699002465,16.95683221607822,-1,0.07779192527129708,0.9989025507372793,0.0,0.5993415304423676,7.0,0.42105263157894735,1.368421052631579,O8,de-protonated,,0.0,,C19 H26 O8,19.0,26.0,8.0,,,,
530,1112,382.0498481105605,382.04969740553383,382.0496896492391,1639177.0246930325,232.59141183633494,462226.35808868485,9.122725580593839,-1,0.0203017956708556,0.9999252163783293,0.9942374956277344,0.9976501280780914,10.0,0.6875,0.875,13C1 O11,de-protonated,,1.0,1104.0,C15 H14 O11 13C1,15.0,14.0,11.0,,,,1.0
531,1113,382.07809067175407,382.07793995705356,382.0779692957191,2083265.736418982,122.21144081714124,550008.7836042868,11.334274310714129,-1,-0.07678711642836446,0.9989307032477922,0.0,0.5993584219486753,9.0,0.625,1.0625,N1 O10,de-protonated,,0.0,,C16 H17 O10 N1,16.0,17.0,10.0,1.0,,,
532,1114,382.08622040447256,382.0860696869874,382.0860751585891,2331369.4089943394,254.0736909869549,473366.45997219917,12.744093091741993,-1,-0.014320337881721944,0.9999627906333064,0.9779272235491605,0.991148563799648,9.0,0.5882352941176471,1.0588235294117647,13C1 O10,de-protonated,,1.0,1105.0,C16 H18 O10 13C1,16.0,18.0,10.0,,,,1.0
533,1115,382.11449631391986,382.11434558674955,382.1143548050691,1499553.3510217187,99.05405744727649,478176.08749795053,8.215119912768095,-1,-0.02412450477246127,0.99989440394071,0.0,0.599936642364426,8.0,0.5294117647058824,1.2352941176470589,N1 O9,de-protonated,,0.0,,C17 H21 O9 N1,17.0,21.0,9.0,1.0,,,
534,1123,383.00466091977796,383.00450988774946,383.0044700012191,2209168.286017053,131.9656733912828,593577.6594764694,12.04057680279034,-1,0.10414116152104293,0.9980340547769175,0.0,0.5988204328661505,15.0,0.5555555555555556,0.4444444444444444,O10,de-protonated,,0.0,,C18 H8 O10,18.0,8.0,10.0,,,,
535,1124,383.0257115341312,383.02556049489436,383.02559936927906,3296924.626394375,100.41658392640048,529927.3183611378,18.146540950265763,-1,-0.10149291526141409,0.9981326768435077,0.0,0.5988796061061046,10.0,0.8,0.8,O12,de-protonated,,0.0,,C15 H12 O12,15.0,12.0,12.0,,,,
536,1125,383.0409449502441,383.0407939057911,383.0408555105691,1517398.2954834693,145.78469234939976,570340.5231780491,8.268057772134753,-1,-0.16083082816113617,0.995317544560427,0.0,0.5971905267362562,14.0,0.47368421052631576,0.631578947368421,O9,de-protonated,,0.0,,C19 H12 O9,19.0,12.0,9.0,,,,
537,1126,383.0621218785325,383.06197082682803,383.06198487862906,11660131.839723548,105.8898603987156,589217.6188451947,63.44741755250298,-1,-0.03668283877256306,0.49987793344487313,0.8524773804394659,0.6409177122427102,9.0,0.6875,1.0,O11,de-protonated,,0.0,,C16 H16 O11,16.0,16.0,11.0,,,,
538,1127,383.0985156895158,383.09836462534946,383.09837038797906,10432641.849710824,60.532011431906206,577313.0093003864,57.3177706784688,-1,-0.01504216682664988,0.9975147555773154,0.9803662984327408,0.9906553727194856,8.0,0.5882352941176471,1.1764705882352942,O10,de-protonated,,0.0,,C17 H20 O10,17.0,20.0,10.0,,,,
539,1129,383.1349103323868,383.1347592557584,383.13475589732906,4264859.585546711,110.94002512858779,600353.8209079588,23.601926668156192,-1,0.008765660910658776,0.9999860581587356,0.0,0.5999916348952413,7.0,0.5,1.3333333333333333,O9,de-protonated,,0.0,,C18 H24 O9,18.0,24.0,9.0,,,,
540,1130,383.17130960406047,383.17115851496857,383.17114140667906,3139213.5773116434,203.20966115738773,555408.1870057159,17.084997559808023,-1,0.04464921196667577,0.9996383380005286,0.0,0.5997830028003172,6.0,0.42105263157894735,1.4736842105263157,O8,de-protonated,,0.0,,C19 H28 O8,19.0,28.0,8.0,,,,
541,1132,383.22293840557666,383.2227872988068,383.2227830573191,4449951.889511259,87.58570569524511,618264.7757806352,24.20653274618593,-1,0.011067942469074655,0.9999777729008036,0.0,0.5999866637404822,9.0,0.16666666666666666,1.3333333333333333,O4,de-protonated,,0.0,,C24 H32 O4,24.0,32.0,4.0,,,,
542,1133,384.09378144259193,384.0936300376841,384.09361936017905,1660000.9147105117,115.90251221908052,645903.6190011621,9.216759936047772,-1,0.027799225222850766,0.9998597868443212,0.0,0.5999158721065927,8.0,0.625,1.1875,N1 O10,de-protonated,,0.0,,C16 H19 O10 N1,16.0,19.0,10.0,1.0,,,
543,1134,384.10181324312566,384.1016618354685,384.1017252230491,2212133.893002816,117.21381110528431,506456.3684353113,12.298300591812234,-1,-0.16502810685514133,0.9950705661223549,0.9803662984327408,0.9891888590465092,8.0,0.5882352941176471,1.1764705882352942,13C1 O10,de-protonated,,1.0,1127.0,C16 H20 O10 13C1,16.0,20.0,10.0,,,,1.0
544,1143,385.0202371631337,385.02008544113835,385.02012006567907,2504562.2266888055,109.45540349136063,600871.2711860371,13.65657461503572,-1,-0.08992917230228228,0.9985336541545058,0.0,0.5991201924927034,14.0,0.5555555555555556,0.5555555555555556,O10,de-protonated,,0.0,,C18 H10 O10,18.0,10.0,10.0,,,,
545,1144,385.0414171161936,385.04126538695033,385.0412494337391,4137155.458352349,99.77716103175925,638114.4960121475,22.84129321515104,-1,0.04143247315841209,0.9996885646491828,0.0,0.5998131387895096,9.0,0.8,0.9333333333333333,O12,de-protonated,,0.0,,C15 H14 O12,15.0,14.0,12.0,,,,
546,1145,385.0566639807898,385.0565122463289,385.0565055750291,1704015.8598779354,43.964099764473126,632590.5328853566,9.63051110004508,-1,0.01732550856766689,0.9999455354418906,0.0,0.5999673212651343,13.0,0.47368421052631576,0.7368421052631579,O9,de-protonated,,0.0,,C19 H14 O9,19.0,14.0,9.0,,,,
547,1146,385.0777808436715,385.0776291019844,385.0776349430891,11329653.11564896,142.02430171713024,570941.4600056155,61.83699214650673,-1,-0.015168641688262156,0.9985893795083206,0.9911597633469416,0.995617533043769,8.0,0.6875,1.125,O11,de-protonated,,0.0,,C16 H18 O11,16.0,18.0,11.0,,,,
548,1147,385.11416634370806,385.1140145895698,385.1140204524391,6928286.097382299,45.72126337842296,593008.6377020343,37.87564527528217,-1,-0.015223723264722194,0.9999579480191272,0.0,0.5999747688114763,7.0,0.5882352941176471,1.2941176470588236,O10,de-protonated,,0.0,,C17 H22 O10,17.0,22.0,10.0,,,,
549,1148,385.1505672866792,385.15041552008466,385.1504059617891,3432237.518611406,248.2955089624983,529494.2475662177,19.20251193447438,-1,0.024817046602426618,0.9998882545742823,0.0,0.5999329527445694,6.0,0.5,1.4444444444444444,O9,de-protonated,,0.0,,C18 H26 O9,18.0,26.0,9.0,,,,
550,1149,385.18695230688064,385.1868005278355,385.1867914711391,4613382.77157826,160.35617119361228,570377.9387270024,25.549482652224327,-1,0.023512479138930727,0.9998996935425586,0.0,0.5999398161255352,5.0,0.42105263157894735,1.5789473684210527,O8,de-protonated,,0.0,,C19 H30 O8,19.0,30.0,8.0,,,,
551,1150,385.2233307438036,385.2231789523101,385.2231769804891,1841999.8144068387,169.8985721506761,562045.381202018,10.147351779651144,-1,0.0051186458259713866,0.9999952459586274,0.0,0.5999971475751764,4.0,0.35,1.7,O7,de-protonated,,0.0,,C20 H34 O7,20.0,34.0,7.0,,,,
552,1152,386.08109404567904,386.0809419607098,386.0809897781591,2099880.1844132873,203.8559930376391,500301.5915568095,11.544632646618485,-1,-0.12385341560841677,0.9972205072543673,0.9911597633469416,0.9947962096913969,8.0,0.6875,1.125,13C1 O11,de-protonated,,1.0,1146.0,C15 H18 O11 13C1,15.0,18.0,11.0,,,,1.0
553,1155,386.99951445997704,386.99936206086676,386.99938462078904,3796713.456235092,116.3415858582201,599040.1242735764,20.637406543623293,-1,-0.05829446552723143,0.9993835830244582,0.0,0.5996301498146749,14.0,0.6470588235294118,0.47058823529411764,O11,de-protonated,,0.0,,C17 H8 O11,17.0,8.0,11.0,,,,
554,1157,387.0359197113166,387.035767299756,387.03577013013904,4321852.692091961,52.88826734759316,585081.154708008,23.585209449408826,-1,-0.007312975330684389,0.9999902962424317,0.0,0.599994177745459,13.0,0.5555555555555556,0.6666666666666666,O10,de-protonated,,0.0,,C18 H12 O10,18.0,12.0,10.0,,,,
555,1158,387.0570556941906,387.05690327540174,387.05689949819913,4284714.187809068,141.18224269966132,567617.4189405522,23.830395324370194,-1,0.009758778651089619,0.9999827201085164,0.0,0.5999896320651098,8.0,0.8,1.0666666666666667,O12,de-protonated,,0.0,,C15 H16 O12,15.0,16.0,12.0,,,,
556,1159,387.0722981973903,387.0721457733887,387.0721556394891,2831891.1284951125,192.31513528783944,547982.5183462225,15.441137716317035,-1,-0.02548904711782175,0.9998821212748915,0.0,0.5999292727649349,12.0,0.47368421052631576,0.8421052631578947,O9,de-protonated,,0.0,,C19 H16 O9,19.0,16.0,9.0,,,,
557,1160,387.093419507944,387.09326707671914,387.09328500754907,7822409.843798661,118.12456165660902,573184.4527218476,42.95767977448143,-1,-0.04632172817535977,0.9996107408809478,0.0,0.5997664445285686,7.0,0.6875,1.25,O11,de-protonated,,0.0,,C16 H20 O11,16.0,20.0,11.0,,,,
558,1163,387.1298582898217,387.1297058461354,387.12967051689907,3798949.806818282,90.27817399302057,548048.6258140549,21.27823326227232,-1,0.09125943837986468,0.9984899848324627,0.0,0.5990939908994776,6.0,0.5882352941176471,1.411764705882353,O10,de-protonated,,0.0,,C17 H24 O10,17.0,24.0,10.0,,,,
559,1164,387.1662008014415,387.16604834532683,387.1660560262491,4188877.293927576,142.19194580215822,586464.4331896008,22.913734496389626,-1,-0.019838831878688006,0.9999285881120219,0.0,0.5999571528672131,5.0,0.5,1.5555555555555556,O9,de-protonated,,0.0,,C18 H28 O9,18.0,28.0,9.0,,,,
560,1165,387.20258433429007,387.2024318657331,387.2024415355991,4727759.700156411,63.62712764665085,585631.7408259271,25.711082433448865,-1,-0.024973670049440535,0.9998868397251169,0.0,0.5999321038350701,4.0,0.42105263157894735,1.6842105263157894,O8,de-protonated,,0.0,,C19 H32 O8,19.0,32.0,8.0,,,,
561,1166,387.238966874642,387.2388143936433,387.2388270449491,2184887.294798675,114.24343168276269,516825.3077611986,11.906839052811414,-1,-0.032670550972769934,0.9998063467941264,0.0,0.5998838080764758,3.0,0.35,1.8,O7,de-protonated,,0.0,,C20 H36 O7,20.0,36.0,7.0,,,,
562,1167,388.03114093861535,388.03098818675096,388.0310191023391,2048681.5250884315,187.99687684793014,544743.9121432703,11.176853834176432,-1,-0.07967298129506391,0.9988488660052015,0.0,0.5993093196031208,13.0,0.5882352941176471,0.6470588235294118,N1 O10,de-protonated,,0.0,,C17 H11 O10 N1,17.0,11.0,10.0,1.0,,,
563,1172,389.0152036547097,389.015050566462,389.0150346852491,4058248.5687518353,146.14612541769384,585963.0522025367,22.11966660588974,-1,0.04082416227387675,0.999697641120779,0.0,0.5998185846724674,13.0,0.6470588235294118,0.5882352941176471,O11,de-protonated,,0.0,,C17 H10 O11,17.0,10.0,11.0,,,,
564,1173,389.0515775470301,389.0514244463506,389.0514201945991,4943660.228145144,117.02545864342137,560805.4245082807,26.978804855124118,-1,0.010928507938179925,0.9999783294034573,0.0,0.5999869976420744,12.0,0.5555555555555556,0.7777777777777778,O10,de-protonated,,0.0,,C18 H14 O10,18.0,14.0,10.0,,,,
565,1174,389.0726539491076,389.0725008412248,389.0725495626591,2236393.778029756,168.76111809298737,595854.5017867929,12.508658927716588,-1,-0.12522454842928926,0.9971587132403738,0.0,0.5982952279442242,7.0,0.8,1.2,O12,de-protonated,,0.0,,C15 H18 O12,15.0,18.0,12.0,,,,
566,1175,389.08795765826795,389.08780454515477,389.0878057039491,3673432.5215964722,87.58973057948627,532473.9016209005,20.484165371772438,-1,-0.0029782334166441452,0.9999983905742585,0.0,0.5999990343445551,11.0,0.47368421052631576,0.9473684210526315,O9,de-protonated,,0.0,,C19 H18 O9,19.0,18.0,9.0,,,,
567,1176,389.1090772420058,389.1089241216746,389.10893507200905,2890766.5879312516,143.84948726127283,482164.3366723095,15.98584042716871,-1,-0.028142079168798902,0.9998563072075203,0.0,0.5999137843245121,6.0,0.6875,1.375,O11,de-protonated,,0.0,,C16 H22 O11,16.0,22.0,11.0,,,,
568,1178,389.1243658991181,389.12421277356174,389.12419121329907,1742511.9140872008,92.7694209580144,512719.43916120403,9.701559279721385,-1,0.05540715060538338,0.9994431162985127,0.0,0.5996658697791076,10.0,0.4,1.1,O8,de-protonated,,0.0,,C20 H22 O8,20.0,22.0,8.0,,,,
569,1181,389.1818505465509,389.1816974013484,389.1817060907091,2496223.399988524,38.434728805344136,638415.1437100668,13.727622794712024,-1,-0.022327258865603775,0.9999095507433333,0.0,0.599945730446,4.0,0.5,1.6666666666666667,O9,de-protonated,,0.0,,C18 H30 O9,18.0,30.0,9.0,,,,
570,1182,389.21829346878536,389.2181403111282,389.21809160005904,1728290.2810270037,114.61994971590062,504765.4101559248,9.527421584436324,-1,0.12515109191073703,0.9971620409180686,0.0,0.5982972245508411,3.0,0.42105263157894735,1.7894736842105263,O8,de-protonated,,0.0,,C19 H34 O8,19.0,34.0,8.0,,,,
571,1183,390.04676159243394,390.04660815167955,390.04666916679906,1825154.3029210933,71.59697230842484,466551.37931157765,9.921669326561704,-1,-0.15643030523404705,0.9955697135375304,0.0,0.5973418281225182,12.0,0.5882352941176471,0.7647058823529411,N1 O10,de-protonated,,0.0,,C17 H13 O10 N1,17.0,13.0,10.0,1.0,,,
572,1185,391.03083488550163,391.03068110857413,391.0306847497091,7196143.326549323,230.51463350256668,548285.0740931641,40.160331837422184,-1,-0.00931163492555874,0.9999842673350772,0.0,0.5999905604010463,12.0,0.6470588235294118,0.7058823529411765,O11,de-protonated,,0.0,,C17 H12 O11,17.0,12.0,11.0,,,,
573,1186,391.0672260036405,391.06707221428326,391.0670702590591,6796220.907977585,107.45232309249639,564164.7388369421,37.01192230666826,-1,0.004999715645711388,0.9999954643090709,0.0,0.5999972785854425,11.0,0.5555555555555556,0.8888888888888888,O10,de-protonated,,0.0,,C18 H16 O10,18.0,16.0,10.0,,,,
574,1187,391.1036333878757,391.1034795860833,391.1034557684091,4030932.874342157,85.15299391384357,527123.4720291144,22.16424585588272,-1,0.060898654479713946,0.999327297399914,0.0,0.5995963784399484,10.0,0.47368421052631576,1.0526315789473684,O9,de-protonated,,0.0,,C19 H20 O9,19.0,20.0,9.0,,,,
575,1189,391.14008251406875,391.1399286998271,391.1398412777591,1760922.0424005848,136.27111989722317,472942.85430922144,9.77051780705427,-1,0.22350591475077825,0.9909767065947706,0.0,0.5945860239568623,9.0,0.4,1.2,O8,de-protonated,,0.0,,C20 H24 O8,20.0,24.0,8.0,,,,
576,1193,392.0260358329014,392.0258817161055,392.0259337219091,1732223.12715541,178.82060030390215,531059.2113160529,9.441049287574932,-1,-0.1326590898924294,0.9968118801272944,0.0,0.5980871280763767,12.0,0.6875,0.6875,N1 O11,de-protonated,,0.0,,C16 H11 O11 N1,16.0,11.0,11.0,1.0,,,
577,1194,392.0625148025529,392.0623606733012,392.0623192312591,2031122.703312022,30.49397984139627,570051.8480322028,11.069585013880834,-1,0.10570269083557023,0.9979747168089064,0.0,0.5987848300853438,11.0,0.5882352941176471,0.8823529411764706,N1 O10,de-protonated,,0.0,,C17 H15 O10 N1,17.0,15.0,10.0,1.0,,,
578,1195,393.0100919119294,393.0099374591762,393.0099493048191,2936212.752544949,70.24783220603337,573871.2606287582,16.0150955599766,-1,-0.03014082197485058,0.9998351730517557,0.0,0.5999011038310534,12.0,0.75,0.625,O12,de-protonated,,0.0,,C16 H10 O12,16.0,10.0,12.0,,,,
579,1196,393.04648781046797,393.04633334529115,393.0463348141691,9665121.374362018,117.44396478460492,554997.9050793453,53.63441014779916,-1,-0.003737162288675094,0.9987459514296585,0.9866186474214615,0.9938950298263798,11.0,0.6470588235294118,0.8235294117647058,O11,de-protonated,,0.0,,C17 H14 O11,17.0,14.0,11.0,,,,
580,1197,393.0828550287246,393.0827005511342,393.0827203235191,8850948.27097909,196.39806861001395,563477.7780407057,49.09847146101386,-1,-0.05030082432468271,0.49977050440740883,0.8370420509349354,0.6346791230184194,10.0,0.5555555555555556,1.0,O10,de-protonated,,0.0,,C18 H18 O10,18.0,18.0,10.0,,,,
581,1199,393.1192502137719,393.11909572375845,393.1191058328691,4423289.698963458,126.9401783606819,544575.0317145039,24.095084621203487,-1,-0.025715134377967495,0.9998800209634695,0.0,0.5999280125780817,9.0,0.47368421052631576,1.1578947368421053,O9,de-protonated,,0.0,,C19 H22 O9,19.0,22.0,9.0,,,,
582,1201,393.15563405873735,393.15547955630484,393.155491342219,1976177.7322314172,85.00033327626048,584505.2436790811,10.913557638905418,-1,-0.029977742755534564,0.9998369516991181,0.0,0.5999021710194709,8.0,0.4,1.3,O8,de-protonated,,0.0,,C20 H26 O8,20.0,26.0,8.0,,,,
583,1203,394.0416697264445,394.0415149216221,394.0415837863691,1596663.3787751535,153.88291084327562,529585.9485184132,8.687381342381183,-1,-0.17476517663727978,0.9944733652609794,0.0,0.5966840191565876,11.0,0.6875,0.8125,N1 O11,de-protonated,,0.0,,C16 H13 O11 N1,16.0,13.0,11.0,1.0,,,
584,1204,394.04989079078837,394.0497359831606,394.0496896492391,1598662.540779797,115.39743911400109,549558.8674641483,8.79186395955222,-1,0.11758395630291844,0.9974944370377673,0.9866186474214615,0.9931441211912451,11.0,0.6470588235294118,0.8235294117647058,13C1 O11,de-protonated,,1.0,1196.0,C16 H14 O11 13C1,16.0,14.0,11.0,,,,1.0
585,1205,394.07812008255377,394.0779652652932,394.0779692957191,2466027.273485565,148.3588883452309,510552.0901787024,13.611995365042743,-1,-0.010227483388113755,0.9999810203905132,0.0,0.5999886122343079,10.0,0.5882352941176471,1.0,N1 O10,de-protonated,,0.0,,C17 H17 O10 N1,17.0,17.0,10.0,1.0,,,
586,1208,394.1720584528232,394.17190360350827,394.1718696824791,1479632.1687445138,106.6555254476823,559220.4859255408,8.054216682324697,-1,0.08605644334449604,0.9986571458244622,0.0,0.5991942874946773,3.0,0.625,1.8125,N1 O10,de-protonated,,0.0,,C16 H29 O10 N1,16.0,29.0,10.0,1.0,,,
587,1210,395.02574930214735,395.02559416157334,395.02559936927906,6396416.128206716,109.34674833977071,567989.0077257552,35.23989711944747,-1,-0.013183210745130684,0.9999684652516306,0.0,0.5999810791509783,11.0,0.75,0.75,O12,de-protonated,,0.0,,C16 H12 O12,16.0,12.0,12.0,,,,
588,1211,395.06214067729286,395.06198552430476,395.06198487862906,10446564.817366526,213.20131931773207,556850.6788522482,58.1313419908406,-1,0.0016343655489788446,0.9985468411529358,0.9925577787909534,0.9961512162081428,10.0,0.6470588235294118,0.9411764705882353,O11,de-protonated,,0.0,,C17 H16 O11,17.0,16.0,11.0,,,,
589,1212,395.09852472509846,395.0983695596989,395.09837038797906,9412795.119470472,118.00936982939598,553765.4933992617,51.51132336688368,-1,-0.002096389762005253,0.999790091573494,0.9815025305568701,0.9924750671668445,9.0,0.5555555555555556,1.1111111111111112,O10,de-protonated,,0.0,,C18 H20 O10,18.0,20.0,10.0,,,,
590,1213,395.13490206971954,395.1347468919109,395.13475589732906,4354602.337752105,136.71225326317534,554765.1963854325,23.666009340021095,-1,-0.022790751873561096,0.9999057566601254,0.0,0.5999434539960752,8.0,0.47368421052631576,1.263157894736842,O9,de-protonated,,0.0,,C19 H24 O9,19.0,24.0,9.0,,,,
591,1216,395.17137669887,395.1712215086192,395.17114140667906,1488056.041716314,125.1022467405421,481148.50289307267,8.269450873697034,-1,0.2027018974246718,0.9925723479986851,0.0,0.5955434087992111,7.0,0.4,1.4,O8,de-protonated,,0.0,,C20 H28 O8,20.0,28.0,8.0,,,,
592,1219,396.0574191289911,396.05726363654065,396.05723385082905,1528555.171808362,141.16837526813944,556417.3970009388,8.339105951811058,-1,0.07520557398796128,0.9989742747180275,0.0,0.5993845648308165,10.0,0.6875,0.9375,N1 O11,de-protonated,,0.0,,C16 H15 O11 N1,16.0,15.0,11.0,1.0,,,
593,1220,396.0654450507804,396.06528955559287,396.0653397136991,1812770.3785556615,240.78343708414997,444100.0737296227,9.861765959383643,-1,-0.12664098868535706,0.9970941669825483,0.9925577787909534,0.9952796117059103,10.0,0.6470588235294118,0.9411764705882353,13C1 O11,de-protonated,,1.0,1211.0,C16 H16 O11 13C1,16.0,16.0,11.0,,,,1.0
594,1221,396.0937888939667,396.0936333891135,396.09361936017905,1827196.4818381977,115.79015504327221,486166.66996082553,9.963462373430119,-1,0.03541822885515468,0.9997724074288787,0.0,0.5998634444573272,9.0,0.5882352941176471,1.1176470588235294,N1 O10,de-protonated,,0.0,,C17 H19 O10 N1,17.0,19.0,10.0,1.0,,,
595,1222,396.1018997674002,396.101744259781,396.1017252230491,2086633.6621794691,75.04664893321655,530722.2981966574,11.642149755978119,-1,0.04806020961207378,0.9995809805864352,0.9815025305568701,0.9923496005746091,9.0,0.5555555555555556,1.1111111111111112,13C1 O10,de-protonated,,1.0,1212.0,C17 H20 O10 13C1,17.0,20.0,10.0,,,,1.0
596,1223,396.21815098904847,396.21799544178674,396.21803202951907,3589471.811502727,196.75782092411492,503477.7618494336,20.07737971558653,-1,-0.0923424210082578,0.998453961136176,0.0,0.5990723766817055,10.0,0.16666666666666666,1.2916666666666667,N1 O4,de-protonated,,0.0,,C24 H31 O4 N1,24.0,31.0,4.0,1.0,,,
597,1224,396.983885247422,396.9837294390751,396.9837345563291,1480756.0212035442,100.10335564584726,571708.0369986452,8.160788951839155,-1,-0.012890336778073556,0.9999698507988402,0.0,0.599981910479304,16.0,0.6111111111111112,0.3333333333333333,O11,de-protonated,,0.0,,C18 H6 O11,18.0,6.0,11.0,,,,
598,1225,397.0414145445263,397.0412587165667,397.0412494337391,6913942.51625419,118.84929410492094,559062.5199380561,37.73633511905412,-1,0.02338000800745458,0.9999008205713793,0.0,0.5999404923428275,10.0,0.75,0.875,O12,de-protonated,,0.0,,C16 H14 O12,16.0,14.0,12.0,,,,
599,1226,397.07780142424014,397.0776455838759,397.0776349430891,13070676.422022406,154.2254003147682,560407.4712758447,71.1039037387966,-1,0.02679774900692103,0.9988568241537717,0.9787017672917567,0.9907948014089658,9.0,0.6470588235294118,1.0588235294117647,O11,de-protonated,,0.0,,C17 H18 O11,17.0,18.0,11.0,,,,
600,1227,397.11417436359466,397.11401851083065,397.1140204524391,8553733.823817637,66.06813055545477,569897.5183168919,46.518447367670376,-1,-0.004889297142832918,0.4999978312187268,0.8370420509349354,0.6348155191052103,8.0,0.5555555555555556,1.2222222222222223,O10,de-protonated,,0.0,,C18 H22 O10,18.0,22.0,10.0,,,,
601,1228,397.1505513446049,397.1503954794398,397.1504059617891,3765916.2836460234,75.4329422992317,603393.1359176711,20.506454996768927,-1,-0.02639390301198493,0.9998736039176379,0.0,0.5999241623505828,7.0,0.47368421052631576,1.368421052631579,O9,de-protonated,,0.0,,C19 H26 O9,19.0,26.0,9.0,,,,
602,1230,397.186952479146,397.18679660157176,397.1867914711391,2878875.462261075,154.52562053593357,536536.9070297892,15.694682200652087,-1,0.01291692669315098,0.9999697262901647,0.0,0.5999818357740988,6.0,0.4,1.5,O8,de-protonated,,0.0,,C20 H30 O8,20.0,30.0,8.0,,,,
603,1232,397.22333282897944,397.22317693900334,397.2231769804891,1659806.432750937,111.88780626261828,491678.8470450947,9.03844293607587,-1,-0.0001044393947136849,0.9999999980208326,0.0,0.5999999988124995,5.0,0.3333333333333333,1.619047619047619,O7,de-protonated,,0.0,,C21 H34 O7,21.0,34.0,7.0,,,,
604,1233,398.07307155578286,398.07291537617533,398.0728839152891,1482686.611400113,69.5037389039046,595439.5097259254,8.132926920593546,-1,0.07903297993757363,0.9988672750708376,0.0,0.5993203650425025,9.0,0.6875,1.0625,N1 O11,de-protonated,,0.0,,C16 H17 O11 N1,16.0,17.0,11.0,1.0,,,
605,1234,398.0811893774604,398.08103319508626,398.0809897781591,2803527.7164704055,69.59568039032159,558358.7716968058,15.664033966281917,-1,0.10906556271350484,0.9978439416316368,0.9787017672917567,0.9901870718956849,9.0,0.6470588235294118,1.0588235294117647,13C1 O11,de-protonated,,1.0,1226.0,C16 H18 O11 13C1,16.0,18.0,11.0,,,,1.0
606,1235,398.10943390481793,398.1092777128181,398.1092694246391,1908291.7354979056,110.7501476743916,557386.4116963695,10.43990310773005,-1,0.02081885462133428,0.9999213587485501,0.0,0.59995281524913,8.0,0.5882352941176471,1.2352941176470589,N1 O10,de-protonated,,0.0,,C17 H21 O10 N1,17.0,21.0,10.0,1.0,,,
607,1239,398.9995306178377,398.99937412253746,398.99938462078904,6108059.13981561,94.89614613217655,545737.7931449645,34.12541586962307,-1,-0.026311448057972114,0.9998743923611197,0.0,0.5999246354166718,15.0,0.6111111111111112,0.4444444444444444,O11,de-protonated,,0.0,,C18 H8 O11,18.0,8.0,11.0,,,,
608,1240,399.02059325004393,399.02043674756766,399.0205139888491,1868671.549888557,138.11462596086596,483500.8583641729,10.288055037441476,-1,-0.19357721898812344,0.9932237922164143,0.0,0.5959342753298486,10.0,0.8666666666666667,0.8,O13,de-protonated,,0.0,,C15 H12 O13,15.0,12.0,13.0,,,,
609,1241,399.0359621140883,399.03580560637585,399.03577013013904,2568099.741730421,103.9413301210571,571693.574343425,14.08425679465583,-1,0.08890490391817117,0.9985668426675935,0.0,0.5991401056005561,14.0,0.5263157894736842,0.631578947368421,O10,de-protonated,,0.0,,C19 H12 O10,19.0,12.0,10.0,,,,
610,1242,399.05705471282056,399.0568981979219,399.05689949819913,8974900.653156638,126.07266182252536,553959.3300512959,49.27121605473664,-1,-0.0032583755225767033,0.49999903677957436,0.8524773804394659,0.640990374243531,9.0,0.75,1.0,O12,de-protonated,,0.0,,C16 H16 O12,16.0,16.0,12.0,,,,
611,1243,399.0934370918862,399.09328056459225,399.09328500754907,12072785.52796605,120.95123177730099,554149.1212147116,66.14446217707803,-1,-0.011132627355330889,0.9999521320178208,0.9714757283941372,0.9885615705683474,8.0,0.6470588235294118,1.1764705882352942,O11,de-protonated,,0.0,,C17 H20 O11,17.0,20.0,11.0,,,,
612,1244,399.1298290817148,399.1296725420225,399.12967051689907,5676150.637215251,221.04688550446548,559451.3825321208,31.15532333884105,-1,0.005073848354150776,0.999995328807339,0.0,0.5999971972844034,7.0,0.5555555555555556,1.3333333333333333,O10,de-protonated,,0.0,,C18 H24 O10,18.0,24.0,10.0,,,,
613,1245,399.1661989252481,399.16604237316517,399.1660560262491,2695120.87792501,194.87291995845564,564653.6759453325,14.716724903931178,-1,-0.034204020477057936,0.9997877429868144,0.0,0.5998726457920887,6.0,0.47368421052631576,1.4736842105263157,O9,de-protonated,,0.0,,C19 H28 O9,19.0,28.0,9.0,,,,
614,1246,399.202609056579,399.2024524920917,399.2024415355991,3450261.81723346,99.85251626199715,562530.140991142,18.83751932515689,-1,0.027445955855680167,0.9998633275846772,0.0,0.5999179965508064,5.0,0.4,1.6,O8,de-protonated,,0.0,,C20 H32 O8,20.0,32.0,8.0,,,,
615,1247,399.2178629124703,399.21770634278636,399.2176976768891,5700131.599387819,241.50139373823825,531075.5980923888,32.035763526202324,-1,0.02170719714967393,0.49995725229850235,0.7939170211058516,0.617541159821442,9.0,0.20833333333333334,1.3333333333333333,O5,de-protonated,,0.0,,C24 H32 O5,24.0,32.0,5.0,,,,
616,1248,399.23903529898286,399.238878722086,399.2388270449491,2161147.2802559882,115.85830096317176,608715.2224986047,11.92077006843422,-1,0.12943915612892826,0.9969645352345673,0.0,0.5981787211407403,4.0,0.3333333333333333,1.7142857142857142,O7,de-protonated,,0.0,,C21 H36 O7,21.0,36.0,7.0,,,,
617,1250,400.0311651978167,400.03100835109376,400.0310191023391,1953489.4391683626,207.07806662764298,565524.4735449406,10.637723529573881,-1,-0.026876029141506406,0.9998689444024387,0.0,0.5999213666414632,14.0,0.5555555555555556,0.6111111111111112,N1 O10,de-protonated,,0.0,,C18 H11 O10 N1,18.0,11.0,10.0,1.0,,,
618,1252,400.0968047505628,400.09664788148393,400.0966398426191,1752912.098976774,115.4255855299949,549897.9164354411,9.553890514119653,-1,0.020092307827480786,0.9999267516968259,0.9714757283941372,0.9885463423757503,8.0,0.6470588235294118,1.1764705882352942,13C1 O11,de-protonated,,1.0,1243.0,C16 H20 O11 13C1,16.0,20.0,11.0,,,,1.0
619,1253,400.19783843516063,400.1976815316719,400.1976905077991,8263976.478032901,140.31131079261678,554633.1582214739,44.94702880541798,-1,-0.022429232932091616,0.9995938238560766,0.9883446087062662,0.9950941377961524,5.0,0.42105263157894735,1.631578947368421,N1 O8,de-protonated,,0.0,,C19 H31 O8 N1,19.0,31.0,8.0,1.0,,,
620,1255,401.01516463268314,401.01500745087134,401.0150346852491,3487113.4413020723,165.1051107168185,557337.2316098543,19.249877387591916,-1,-0.06791360768065928,0.9991634619185757,0.0,0.5994980771511454,14.0,0.6111111111111112,0.5555555555555556,O11,de-protonated,,0.0,,C18 H10 O11,18.0,10.0,11.0,,,,
621,1256,401.03630882881475,401.0361516398037,401.03616405330905,2100275.328856727,146.27001690041143,556728.5173988743,11.518163716935154,-1,-0.030953580964814625,0.9998261647383058,0.0,0.5998956988429834,9.0,0.8666666666666667,0.9333333333333333,O13,de-protonated,,0.0,,C15 H14 O13,15.0,14.0,13.0,,,,
622,1257,401.05158073579463,401.0514235415837,401.0514201945991,3956678.033110743,87.65743641271578,544475.7961922978,21.595860418472274,-1,0.008345524899010158,0.9999873625806077,0.0,0.5999924175483646,13.0,0.5263157894736842,0.7368421052631579,O10,de-protonated,,0.0,,C19 H14 O10,19.0,14.0,10.0,,,,
623,1258,401.07270726941596,401.07255006801194,401.0725495626591,7891687.536001138,187.54039545606372,559023.0152476516,43.69880980561465,-1,0.0012600035339141434,0.9999997119304912,0.0,0.5999998271582947,8.0,0.75,1.125,O12,de-protonated,,0.0,,C16 H18 O12,16.0,18.0,12.0,,,,
624,1259,401.0879407338242,401.0877835272335,401.0878057039491,2380321.400988036,44.67026263153738,576010.1761841187,13.106299497934922,-1,-0.05529142308850636,0.9994454395224515,0.0,0.5996672637134709,12.0,0.45,0.9,O9,de-protonated,,0.0,,C20 H18 O9,20.0,18.0,9.0,,,,
625,1260,401.1090612678288,401.10890405404706,401.10893507200905,5593826.6466527,200.82509577430062,538343.9134745946,30.51728282331658,-1,-0.07733051865767261,0.9989155236717417,0.0,0.599349314203045,7.0,0.6470588235294118,1.2941176470588236,O11,de-protonated,,0.0,,C17 H22 O11,17.0,22.0,11.0,,,,
626,1261,401.1455247730109,401.1453675468143,401.14532058135904,3155967.7475716555,72.74683289560728,546081.7804563611,17.77040352845003,-1,0.11707840743344287,0.9975159091895968,0.0,0.598509545513758,6.0,0.5555555555555556,1.4444444444444444,O10,de-protonated,,0.0,,C18 H26 O10,18.0,26.0,10.0,,,,
627,1262,401.18184269513426,401.18168545657255,401.18170609070904,3964270.7065477683,141.12286755502348,535396.2232642726,21.61257763721964,-1,-0.051433393339852064,0.9995201119260473,0.0,0.5997120671556283,5.0,0.47368421052631576,1.5789473684210527,O9,de-protonated,,0.0,,C19 H30 O9,19.0,30.0,9.0,,,,
628,1263,401.2011772919078,401.2010200467634,401.20104534286907,1840207.0027500838,90.89542364191999,540978.8356311772,10.157103490587108,-1,-0.06305094654001056,0.9992789250256442,0.9883446087062662,0.9949051984978929,5.0,0.42105263157894735,1.631578947368421,13C1 N1 O8,de-protonated,,1.0,1253.0,C18 H31 O8 N1 13C1,18.0,31.0,8.0,1.0,,,1.0
629,1264,401.21824058143017,401.2180833304763,401.21809160005904,3581169.6828146675,122.47843750075972,530821.5655862052,19.51178048130065,-1,-0.02061119104310861,0.9999229197228666,0.0,0.5999537518337199,4.0,0.4,1.7,O8,de-protonated,,0.0,,C20 H34 O8,20.0,34.0,8.0,,,,
630,1265,402.0468354041609,402.0466778711383,402.04666916679906,2472503.5098865354,172.73660543614562,585561.0768257554,13.538160982241877,-1,0.021650071721201834,0.999914953971254,0.0,0.5999489723827524,13.0,0.5555555555555556,0.7222222222222222,N1 O10,de-protonated,,0.0,,C18 H13 O10 N1,18.0,13.0,10.0,1.0,,,
631,1270,403.03085681583406,403.0306989479288,403.0306847497091,6205050.678845738,133.41068148778606,545209.0666057625,34.37617415083356,-1,0.03522863199004777,0.9997748372792103,0.0,0.5998649023675262,13.0,0.6111111111111112,0.6666666666666666,O11,de-protonated,,0.0,,C18 H12 O11,18.0,12.0,11.0,,,,
632,1271,403.05201573707126,403.05185786196625,403.0518141177691,2281005.574207742,60.49784708865882,525522.9344074068,12.452934865225368,-1,0.10853244084011056,0.9978649456520567,0.0,0.598718967391234,8.0,0.8666666666666667,1.0666666666666667,O13,de-protonated,,0.0,,C15 H16 O13,15.0,16.0,13.0,,,,
633,1272,403.06723662442323,403.0670787441391,403.0670702590591,4258430.605498738,82.14820841155505,521036.17071885575,23.635361105650922,-1,0.0210512855756749,0.9999195930454869,0.0,0.5999517558272921,12.0,0.5263157894736842,0.8421052631578947,O10,de-protonated,,0.0,,C19 H16 O10,19.0,16.0,10.0,,,,
634,1273,403.08833824181875,403.08818035435456,403.0881996271191,4133748.4924909286,120.57048431499953,557885.4374169747,22.749348512040527,-1,-0.04781277282824737,0.9995852832089632,0.0,0.5997511699253779,7.0,0.75,1.25,O12,de-protonated,,0.0,,C16 H20 O12,16.0,20.0,12.0,,,,
635,1274,403.1036172199822,403.1034593273192,403.1034557684091,2316522.4667863385,79.37869002362568,585028.7882568978,13.047789232319142,-1,0.008828775876950913,0.9999858566678279,0.0,0.5999915140006967,11.0,0.45,1.0,O9,de-protonated,,0.0,,C20 H20 O9,20.0,20.0,9.0,,,,
636,1275,403.12474641188976,403.12458851203735,403.1245851364691,2018012.187081237,47.07429003705873,581903.9804824091,11.079336724816798,-1,0.008373511300992533,0.9999872776808154,0.0,0.5999923666084892,6.0,0.6470588235294118,1.411764705882353,O11,de-protonated,,0.0,,C17 H24 O11,17.0,24.0,11.0,,,,
637,1276,403.13990944621776,403.139751541206,403.1398412777591,1890212.1819879662,91.57299109305269,443078.05931063136,10.285965385098054,-1,-0.2225941073171226,0.991049848905169,0.0,0.5946299093431013,10.0,0.38095238095238093,1.1428571428571428,O8,de-protonated,,0.0,,C21 H24 O8,21.0,24.0,8.0,,,,
638,1278,403.1611192683691,403.1609613561406,403.1609706458191,2216439.3229870875,147.558108058857,572785.4992604945,12.34566604492977,-1,-0.023042107619439204,0.9999036665064697,0.0,0.5999421999038818,5.0,0.5555555555555556,1.5555555555555556,O10,de-protonated,,0.0,,C18 H28 O10,18.0,28.0,10.0,,,,
639,1279,403.1974947294264,403.19733680482113,403.1973561551691,2924086.3610701608,176.6800136661035,555708.2937109754,16.31879170055375,-1,-0.04799224906977058,0.9995821645474202,0.0,0.5997492987284521,4.0,0.47368421052631576,1.6842105263157894,O9,de-protonated,,0.0,,C19 H32 O9,19.0,32.0,9.0,,,,
640,1280,403.2338134491154,403.2336555121528,403.2337416645191,1862554.25334907,80.03623539625978,550454.7038547271,10.150137982775705,-1,-0.21365366384707765,0.9917514581349408,0.0,0.5950508748809644,3.0,0.4,1.8,O8,de-protonated,,0.0,,C20 H36 O8,20.0,36.0,8.0,,,,
641,1282,404.0624561502976,404.0622979314299,404.0623192312591,1709976.7982990218,82.8110177095118,573968.3215675232,9.410401053204762,-1,-0.05271421804558433,0.9994959195168555,0.0,0.5996975517101133,12.0,0.5555555555555556,0.8333333333333334,N1 O10,de-protonated,,0.0,,C18 H15 O10 N1,18.0,15.0,10.0,1.0,,,
642,1283,404.15634842442194,404.1561901736167,404.15621961801907,1491640.9013143994,62.9237389264938,586213.8964230056,8.177506170586522,-1,-0.07285401266792052,0.9990373871174842,0.0,0.5994224322704905,5.0,0.5882352941176471,1.588235294117647,N1 O10,de-protonated,,0.0,,C17 H27 O10 N1,17.0,27.0,10.0,1.0,,,
643,1284,404.1928103663895,404.1926521031819,404.19260512736906,1514154.1908431598,165.70389620074639,537716.6942468534,8.25691295963651,-1,0.11622135645276804,0.9975521003487229,0.0,0.5985312602092338,4.0,0.5,1.7222222222222223,N1 O9,de-protonated,,0.0,,C18 H31 O9 N1,18.0,31.0,9.0,1.0,,,
644,1289,405.0100470297794,405.00988848863113,405.0099493048191,3496769.2320181727,120.15704705371766,506144.9311047091,18.992153598570024,-1,-0.15015973819519368,0.9959170625890824,0.0,0.5975502375534494,13.0,0.7058823529411765,0.5882352941176471,O12,de-protonated,,0.0,,C17 H10 O12,17.0,10.0,12.0,,,,
645,1290,405.04648874804695,405.04633019450665,405.0463348141691,7685972.34696538,131.4219525463286,534547.8381082262,42.506314868302546,-1,-0.011405269068893028,0.49998819870196937,0.8370420509349353,0.6348097395951557,12.0,0.6111111111111112,0.7777777777777778,O11,de-protonated,,0.0,,C18 H14 O11,18.0,14.0,11.0,,,,
646,1291,405.08287436289584,405.0827157969826,405.0827203235191,5550112.415606566,156.67648760681956,539320.254566588,30.631517151423584,-1,-0.011174350963347342,0.9999773434633238,0.0,0.5999864060779942,11.0,0.5263157894736842,0.9473684210526315,O10,de-protonated,,0.0,,C19 H18 O10,19.0,18.0,10.0,,,,
647,1292,405.1192907500453,405.1191321717489,405.11910583286914,3133997.9868018604,104.07108963743887,587601.0159543444,17.639451981595663,-1,0.06501515081421373,0.9992333159288282,0.0,0.5995399895572969,10.0,0.45,1.1,O9,de-protonated,,0.0,,C20 H22 O9,20.0,22.0,9.0,,,,
648,1294,405.1404331563706,405.1402745708849,405.1402352009291,1713687.4575777096,87.79745873197103,518351.8729678003,9.513490568813518,-1,0.09717611922897161,0.9982880112288788,0.0,0.5989728067373272,5.0,0.6470588235294118,1.5294117647058822,O11,de-protonated,,0.0,,C17 H26 O11,17.0,26.0,11.0,,,,
649,1297,406.0417339020368,406.0415750101165,406.0415837863691,2065039.455054092,99.17675824001545,549510.739600005,11.667225584099167,-1,-0.021614171851704268,0.9999152357699231,0.0,0.5999491414619539,12.0,0.6470588235294118,0.7647058823529411,N1 O11,de-protonated,,0.0,,C17 H13 O11 N1,17.0,13.0,11.0,1.0,,,
650,1298,406.0781158612146,406.0779569569265,406.0779692957191,2035918.003163944,185.8678600550724,518655.2514009809,11.413681099764117,-1,-0.0303852793726826,0.9998324887734515,0.0,0.5998994932640709,11.0,0.5555555555555556,0.9444444444444444,N1 O10,de-protonated,,0.0,,C18 H17 O10 N1,18.0,17.0,10.0,1.0,,,
651,1303,407.0257650886964,407.0256058623138,407.02559936927906,7060834.703624391,95.232911027388,565420.0217383183,38.47746515018734,-1,0.015952398920765425,0.9999538261801155,0.0,0.5999722957080693,12.0,0.7058823529411765,0.7058823529411765,O12,de-protonated,,0.0,,C17 H12 O12,17.0,12.0,12.0,,,,
652,1304,407.0621400963138,407.06198085756967,407.06198487862906,9682727.81138408,156.34360449297122,567821.3280116899,52.76511477293613,-1,-0.009878248389524447,0.9998601558416881,0.9864671239338186,0.9945029430785404,11.0,0.6111111111111112,0.8888888888888888,O11,de-protonated,,0.0,,C18 H16 O11,18.0,16.0,11.0,,,,
653,1306,407.09852089806907,407.0983616469617,407.09837038797906,7066869.870264426,153.33223817947962,524281.65136115724,38.54433402517681,-1,-0.021471511599463113,0.9999163509711285,0.0,0.599949810582677,10.0,0.5263157894736842,1.0526315789473684,O10,de-protonated,,0.0,,C19 H20 O10,19.0,20.0,10.0,,,,
654,1307,407.13495066457136,407.1347914010841,407.13475589732906,2930373.6273157382,50.95050844667256,554104.7009476199,15.949619786549418,-1,0.08720394053613491,0.9986211200511234,0.0,0.599172672030674,9.0,0.45,1.2,O9,de-protonated,,0.0,,C20 H24 O9,20.0,24.0,9.0,,,,
655,1310,408.0573682533933,408.05720867649126,408.05723385082905,2036686.4863465056,150.69011768232687,552014.2567875384,11.093267740439602,-1,-0.06169315405945062,0.9993096364985445,0.0,0.5995857818991267,11.0,0.6470588235294118,0.8823529411764706,N1 O11,de-protonated,,0.0,,C17 H15 O11 N1,17.0,15.0,11.0,1.0,,,
656,1311,408.06548378672227,408.0653242070632,408.0653397136991,1701016.8817761126,177.1594140400279,513472.905787731,9.2362633579197,-1,-0.03800037482346238,0.9997380172515627,0.9864671239338186,0.9944296599244651,11.0,0.6111111111111112,0.8888888888888888,13C1 O11,de-protonated,,1.0,1304.0,C17 H16 O11 13C1,17.0,16.0,11.0,,,,1.0
657,1312,408.09379438064474,408.0936347913679,408.09361936017905,2102555.462117747,106.48628573682274,555596.8600909996,11.642149755978119,-1,0.03781286476980159,0.9997405960073099,0.0,0.5998443576043859,10.0,0.5555555555555556,1.0555555555555556,N1 O10,de-protonated,,0.0,,C18 H19 O10 N1,18.0,19.0,10.0,1.0,,,
658,1316,409.00497989339186,409.00481999461016,409.0048639243891,1511630.7238198244,228.71644250260226,448261.72063276556,8.337016299467638,-1,-0.10740649516573053,0.9979089690508053,0.0,0.5987453814304832,12.0,0.8125,0.625,O13,de-protonated,,0.0,,C16 H10 O13,16.0,10.0,13.0,,,,
659,1319,409.041406990246,409.0412470790929,409.0412494337391,9647509.889724974,193.6119375962424,516945.3886204683,53.26105892910799,-1,-0.005756500602737708,0.9995758966116881,0.988234330852979,0.9950392703082044,11.0,0.7058823529411765,0.8235294117647058,O12,de-protonated,,0.0,,C17 H14 O12,17.0,14.0,12.0,,,,
660,1321,409.07778597255503,409.077626049047,409.0776349430891,12359602.34593486,187.45095298425198,537010.2254638289,67.83290127056199,-1,-0.021741697229700648,0.9997262910659771,0.9739233138389598,0.9894051001751702,10.0,0.6111111111111112,1.0,O11,de-protonated,,0.0,,C18 H18 O11,18.0,18.0,11.0,,,,
661,1323,409.11416958093713,409.1140096450727,409.1140204524391,7066579.447830905,167.88579972492192,539569.6906223284,38.70593380640135,-1,-0.026416514319511787,0.9998733872748874,0.0,0.5999240323649324,9.0,0.5263157894736842,1.1578947368421053,O10,de-protonated,,0.0,,C19 H22 O10,19.0,22.0,10.0,,,,
662,1325,409.1505775132259,409.150417564997,409.1504059617891,3422642.701587719,183.62354704984665,517421.75709232874,18.67452644237007,-1,0.02835927259481641,0.9998540808420926,0.0,0.5999124485052555,8.0,0.45,1.3,O9,de-protonated,,0.0,,C20 H26 O9,20.0,26.0,9.0,,,,
663,1327,409.18696314378394,409.18680318319826,409.1867914711391,1506134.7762841056,113.40590438414293,513129.1028050303,8.195616490896168,-1,0.02862276940711616,0.9998513568663594,0.0,0.5999108141198156,7.0,0.38095238095238093,1.4285714285714286,O8,de-protonated,,0.0,,C21 H30 O8,21.0,30.0,8.0,,,,
664,1330,410.0447365790276,410.0445763271783,410.0446042688091,1935197.8184295627,92.50951226392172,564422.9919289174,10.604289092079147,-1,-0.06814290577706597,0.9991578059247056,0.988234330852979,0.994788415896015,11.0,0.7058823529411765,0.8235294117647058,13C1 O12,de-protonated,,1.0,1319.0,C16 H14 O12 13C1,16.0,14.0,12.0,,,,1.0
665,1331,410.0730515237137,410.0728912622512,410.0728839152891,2719448.965522727,87.21497159629267,523992.20034113317,14.815635114853093,-1,0.017916234847759928,0.9999417582153667,0.0,0.59996505492922,10.0,0.6470588235294118,1.0,N1 O11,de-protonated,,0.0,,C17 H17 O11 N1,17.0,17.0,11.0,1.0,,,
666,1332,410.0811707294732,410.08101046525417,410.0809897781591,2881002.1025434467,127.37986585200339,471247.0047081381,15.909219841243283,-1,0.050446364437407916,0.9995383495014855,0.9739233138389598,0.9892923352364751,10.0,0.6111111111111112,1.0,13C1 O11,de-protonated,,1.0,1321.0,C17 H18 O11 13C1,17.0,18.0,11.0,,,,1.0
667,1335,411.0206462354785,411.02048565234804,411.0205139888491,3864434.695627019,93.24339320777756,494142.15241091594,21.07762663730393,-1,-0.06894181693474692,0.999137950867472,0.0,0.5994827705204832,11.0,0.8125,0.75,O13,de-protonated,,0.0,,C16 H12 O13,16.0,12.0,13.0,,,,
668,1336,411.0358660224815,411.03570543418533,411.03577013013904,2087573.5964449574,97.31214824046415,535983.5479975902,11.547418849743044,-1,-0.15739738098764852,0.9955148902220392,0.0,0.5973089341332235,15.0,0.5,0.6,O10,de-protonated,,0.0,,C20 H12 O10,20.0,12.0,10.0,,,,
669,1338,411.0570502170677,411.0568896215815,411.05689949819913,10806684.044737976,149.70064489552897,534177.734324796,60.193132303015744,-1,-0.02402737346423275,0.9991041760273935,0.959313256049347,0.9831878080361749,10.0,0.7058823529411765,0.9411764705882353,O12,de-protonated,,0.0,,C17 H16 O12,17.0,16.0,12.0,,,,
670,1339,411.0903514963274,411.0901908895388,411.090131635419,1495893.8760438787,151.25798221794224,415649.35785902827,8.144071733091788,-1,0.14413899827858764,0.9962373095980882,0.0,0.5977423857588529,4.0,0.5714285714285714,1.7142857142857142,N2 S2 O8,de-protonated,,0.0,,C14 H24 O8 N2 S2,14.0,24.0,8.0,2.0,,2.0,
671,1340,411.0934494405518,411.0932888327118,411.09328500754907,12049173.264979728,141.98947965846529,530810.3825552138,66.66826836449549,-1,0.009304853294797117,0.9999828650018254,0.9900763104253542,0.9960202431712368,9.0,0.6111111111111112,1.1111111111111112,O11,de-protonated,,0.0,,C18 H20 O11,18.0,20.0,11.0,,,,
672,1342,411.12981175050726,411.1296511303259,411.12967051689907,6356223.619684681,192.93113957962453,528409.742890069,35.12844899446503,-1,-0.047154400574672316,0.9995966234210467,0.0,0.599757974052628,8.0,0.5263157894736842,1.263157894736842,O10,de-protonated,,0.0,,C19 H24 O10,19.0,24.0,10.0,,,,
673,1343,411.1662082804538,411.1660476479198,411.1660560262491,2953658.7055518306,76.32562643290426,525041.7463945654,16.133509192770443,-1,-0.020376996566987552,0.9999246613536501,0.0,0.59995479681219,7.0,0.45,1.4,O9,de-protonated,,0.0,,C20 H28 O9,20.0,28.0,9.0,,,,
674,1345,411.2025920657945,411.2024314209122,411.2024415355991,1876251.0280419711,216.8719046736477,505542.9496375177,10.223972365576572,-1,-0.024597827964768587,0.9998902199287654,0.0,0.5999341319572592,6.0,0.38095238095238093,1.5238095238095237,O8,de-protonated,,0.0,,C21 H32 O8,21.0,32.0,8.0,,,,
675,1346,412.03111861972064,412.0309576936845,412.0310191023391,1508361.2690642616,65.67238656939321,607154.605715114,8.25969916276107,-1,-0.14903891145771261,0.9959776647801262,0.0,0.5975865988680756,15.0,0.5263157894736842,0.5789473684210527,N1 O10,de-protonated,,0.0,,C19 H11 O10 N1,19.0,11.0,10.0,1.0,,,
676,1347,412.06045501694217,412.0602940809523,412.0602543332691,2634424.0770095335,49.634326544171664,549573.9798574743,14.603883677386458,-1,0.09646085202271437,0.9983130995578585,0.959313256049347,0.982713162154454,10.0,0.7058823529411765,0.9411764705882353,13C1 O12,de-protonated,,1.0,1338.0,C16 H16 O12 13C1,16.0,16.0,12.0,,,,1.0
677,1348,412.0886567269181,412.0884957813596,412.0885339797491,2118666.794979898,50.78821125231241,565036.5319134908,11.860866701256157,-1,-0.09269461867630223,0.9984421545469746,0.0,0.5990652927281848,9.0,0.6470588235294118,1.1176470588235294,N1 O11,de-protonated,,0.0,,C17 H19 O11 N1,17.0,19.0,11.0,1.0,,,
678,1349,412.09679662305217,412.0966356747319,412.0966398426191,2177108.494339465,238.2730257316783,501641.5200557416,12.047542310601743,-1,-0.010113858728933953,0.9999814397610101,0.9900763104253542,0.9960193880267476,9.0,0.6111111111111112,1.1111111111111112,13C1 O11,de-protonated,,1.0,1340.0,C17 H20 O11 13C1,17.0,20.0,11.0,,,,1.0
679,1350,413.0152178787789,413.01505661889263,413.0150346852491,3054013.0321624083,282.9332141277427,502146.1970875834,16.71443254424141,-1,0.053106162512436654,0.9994883976251523,0.0,0.5996930385750914,15.0,0.5789473684210527,0.5263157894736842,O11,de-protonated,,0.0,,C19 H10 O11,19.0,10.0,11.0,,,,
680,1351,413.0363204887914,413.0361592217473,413.03616405330905,4205409.003116361,187.54433885358776,506846.71172525146,23.270368496333433,-1,-0.011697672406512405,0.999975171679303,0.0,0.5999851030075818,10.0,0.8125,0.875,O13,de-protonated,,0.0,,C16 H14 O13,16.0,14.0,13.0,,,,
681,1352,413.0516347732317,413.05147350099315,413.0514201945991,1749744.464699633,96.9522411522819,568299.4842271594,9.682055857849459,-1,0.12905510421483585,0.9969824940748343,0.0,0.5981894964449006,14.0,0.5,0.7,O10,de-protonated,,0.0,,C20 H14 O10,20.0,14.0,10.0,,,,
682,1353,413.07270892504727,413.0725476456607,413.0725495626591,13650319.800669866,93.56796051974555,529540.1046864834,75.30549805063458,-1,-0.004640827453848854,0.9999255532190302,0.9921152328940869,0.9968014250890529,9.0,0.7058823529411765,1.0588235294117647,O12,de-protonated,,0.0,,C17 H18 O12,17.0,18.0,12.0,,,,
683,1354,413.1090860307624,413.1089247390373,413.10893507200905,10272917.160879666,96.39907650479154,535395.1384875553,55.94695874118479,-1,-0.025012704516922783,0.9994580067835808,0.9669322840612585,0.9864477176946518,8.0,0.6111111111111112,1.2222222222222223,O11,de-protonated,,0.0,,C18 H22 O11,18.0,22.0,11.0,,,,
684,1355,413.14546240714503,413.14530110308186,413.14532058135904,5139728.726266214,71.24223943251121,557728.5560186134,27.9874103862152,-1,-0.04714630956971078,0.9995967618082937,0.0,0.5997580570849762,7.0,0.5263157894736842,1.368421052631579,O10,de-protonated,,0.0,,C19 H26 O10,19.0,26.0,10.0,,,,
685,1356,413.1818503904123,413.18168907400724,413.18170609070904,3279444.3233517883,185.7824580768567,509006.39024062065,18.19669260650786,-1,-0.04118454799245114,0.9996922800827819,0.0,0.5998153680496691,6.0,0.45,1.5,O9,de-protonated,,0.0,,C20 H30 O9,20.0,30.0,9.0,,,,
686,1357,413.21823665181824,413.21807532307196,413.21809160005904,3153204.9872863255,98.45658364639532,544337.4613437932,17.63387957534654,-1,-0.039390790029526564,0.9997184976167586,0.0,0.5998310985700551,5.0,0.38095238095238093,1.619047619047619,O8,de-protonated,,0.0,,C21 H34 O8,21.0,34.0,8.0,,,,
687,1358,414.07605431211465,414.0758926924625,414.0759043977291,2662117.2984808288,171.12316559794044,482795.7539704955,14.655428435190835,-1,-0.028268408017030563,0.9998550143414886,0.9921152328940869,0.9967591017625279,9.0,0.7058823529411765,1.0588235294117647,13C1 O12,de-protonated,,1.0,1353.0,C16 H18 O12 13C1,16.0,18.0,12.0,,,,1.0
688,1359,414.11248183179487,414.1123201997911,414.1122899070791,1533543.9914764091,123.61799090943809,427930.5369130808,8.407367928362804,-1,0.0731509610354482,0.9990295278430551,0.9669322840612585,0.9861906303303365,8.0,0.6111111111111112,1.2222222222222223,13C1 O11,de-protonated,,1.0,1354.0,C17 H22 O11 13C1,17.0,22.0,11.0,,,,1.0
689,1362,414.9944015965109,414.9942396655138,414.9942992403591,2307657.7614759784,226.39524815119498,416230.69019446505,12.550451974585004,-1,-0.14355581607801537,0.9962676386989501,0.0,0.59776058321937,15.0,0.6666666666666666,0.4444444444444444,O12,de-protonated,,0.0,,C18 H8 O12,18.0,8.0,12.0,,,,
690,1363,415.03085344223837,415.03069149888495,415.0306847497091,3520738.52693741,100.94703346218647,578642.6481104103,19.14678787198316,-1,0.016261871920915275,0.9999520173222077,0.0,0.5999712103933246,14.0,0.5789473684210527,0.631578947368421,O11,de-protonated,,0.0,,C19 H12 O11,19.0,12.0,11.0,,,,
691,1364,415.0519721208502,415.0518101703382,415.0518141177691,5399777.33357285,231.91770895619925,501117.49997696694,30.266524542106094,-1,-0.00951069427394753,0.9999835875012179,0.0,0.5999901525007307,9.0,0.8125,1.0,O13,de-protonated,,0.0,,C16 H16 O13,16.0,16.0,13.0,,,,
692,1365,415.06724299364043,415.067081037952,415.06707025905905,2620756.011904339,49.74887262927086,547143.5567431661,14.740407630489946,-1,0.025969039018021386,0.9998776401278341,0.0,0.5999265840767004,13.0,0.5,0.8,O10,de-protonated,,0.0,,C20 H16 O10,20.0,16.0,10.0,,,,
693,1366,415.08835118550206,415.08818922265857,415.0881996271191,10128552.085349763,241.77442110717536,539865.4818459812,55.20025630380244,-1,-0.02506566199731308,0.9984829247233444,0.9665193844446026,0.9856975086118477,8.0,0.7058823529411765,1.1764705882352942,O12,de-protonated,,0.0,,C17 H20 O12,17.0,20.0,12.0,,,,
694,1367,415.1247466731559,415.12458469797565,415.1245851364691,4820222.284905368,160.32127524134177,543902.1293420083,26.970446245750434,-1,-0.0010562935699566325,0.9999997975475409,0.0,0.5999998785285245,7.0,0.6111111111111112,1.3333333333333333,O11,de-protonated,,0.0,,C18 H24 O11,18.0,24.0,11.0,,,,
695,1369,415.1611089268689,415.1609469393632,415.1609706458191,2800524.0357419048,128.37800748229975,518658.50163865765,15.449496325690719,-1,-0.05710184130837445,0.9994085397151211,0.0,0.5996451238290726,6.0,0.5263157894736842,1.4736842105263157,O10,de-protonated,,0.0,,C19 H28 O10,19.0,28.0,10.0,,,,
696,1370,415.1975179483672,415.19735594852034,415.1973561551691,3904180.767975792,145.53024872986055,518487.2383267353,21.333957324763542,-1,-0.0004977120696780364,0.9999999550520215,0.0,0.5999999730312129,5.0,0.45,1.6,O9,de-protonated,,0.0,,C20 H32 O9,20.0,32.0,9.0,,,,
697,1371,415.2339058697658,415.2337438575851,415.2337416645191,2475777.9904304445,93.25753060664854,556698.1470836359,14.007636208730403,-1,0.005281521784628481,0.9999949385974436,0.0,0.5999969631584662,4.0,0.38095238095238093,1.7142857142857142,O8,de-protonated,,0.0,,C21 H36 O8,21.0,36.0,8.0,,,,
698,1372,416.06256166651616,416.0623993734978,416.06231923125904,1778668.894398236,98.54398541580264,524885.5376370202,9.697379975034544,-1,0.19262075665022915,0.9932903644860442,0.0,0.5959742186916265,13.0,0.5263157894736842,0.7894736842105263,N1 O10,de-protonated,,0.0,,C19 H15 O10 N1,19.0,15.0,10.0,1.0,,,
699,1373,416.09176958923894,416.09160728632315,416.0915544621891,2357203.346793346,120.60669209996868,536163.1204283955,12.855541216724433,-1,0.1269531512775218,0.9970798448741344,0.9665193844446026,0.9848556607023217,8.0,0.7058823529411765,1.1764705882352942,13C1 O12,de-protonated,,1.0,1366.0,C16 H20 O12 13C1,16.0,20.0,12.0,,,,1.0
700,1376,417.01013029467987,417.00996768061407,417.0099493048191,4233963.671260747,232.0747269152744,536439.7200256368,23.03911363699487,-1,0.044065603256009105,0.9996477291053849,0.0,0.599788637463231,14.0,0.6666666666666666,0.5555555555555556,O12,de-protonated,,0.0,,C18 H10 O12,18.0,10.0,12.0,,,,
701,1377,417.0464889157927,417.0463262894101,417.0463348141691,5569107.238101176,127.96488453563221,527757.2279945773,31.04666141698317,-1,-0.020440795831653102,0.999924188870646,0.0,0.5999545133223876,13.0,0.5789473684210527,0.7368421052631579,O11,de-protonated,,0.0,,C19 H14 O11,19.0,14.0,11.0,,,,
702,1378,417.0676330713453,417.0674704378,417.0674641822291,4197745.447133551,112.97479760652027,555428.8647154459,23.080906683863287,-1,0.014998942454860893,0.9999591806352152,0.0,0.5999755083811291,8.0,0.8125,1.125,O13,de-protonated,,0.0,,C16 H18 O13,16.0,18.0,13.0,,,,
703,1379,417.08288781579535,417.08272517708247,417.0827203235191,4269175.39808435,153.0728208567434,497938.35118519753,23.57127843378602,-1,0.01163693230577225,0.9999754288485644,0.0,0.5999852573091387,12.0,0.5,0.9,O10,de-protonated,,0.0,,C20 H18 O10,20.0,18.0,10.0,,,,
704,1380,417.10400198672284,417.1038393408575,417.1038496915791,4353616.375026496,154.86991881012761,510299.05423804437,23.872188371238607,-1,-0.0248156942282852,0.9998882667521265,0.0,0.5999329600512758,7.0,0.7058823529411765,1.2941176470588236,O12,de-protonated,,0.0,,C17 H22 O12,17.0,22.0,12.0,,,,
705,1381,417.1192942902252,417.11913163917956,417.11910583286914,2065006.7557757082,112.20957008423791,511119.6150436148,11.250688216977299,-1,0.061867965426438236,0.9993057199406024,0.0,0.5995834319643614,11.0,0.42857142857142855,1.0476190476190477,O9,de-protonated,,0.0,,C21 H22 O9,21.0,22.0,9.0,,,,
706,1383,417.1686368184961,417.1684741507359,417.16837850178905,1732438.4828695315,224.68726059142747,495844.3128809513,9.496076799285012,-1,0.22928139279649057,0.990506599913093,0.0,0.5943039599478558,5.0,0.42105263157894735,1.631578947368421,P1 O8,de-protonated,,0.0,,C19 H31 O8 P1,19.0,31.0,8.0,,1.0,,
707,1384,417.1767443897903,417.1765817192837,417.17662071027905,2486744.5734756826,134.68318756255994,449282.7323147126,13.617567771291865,-1,-0.09346399917897413,0.9984162070532256,0.0,0.5990497242319354,5.0,0.5263157894736842,1.5789473684210527,O10,de-protonated,,0.0,,C19 H30 O10,19.0,30.0,10.0,,,,
708,1385,417.21316124811915,417.2129985652767,417.2130062196291,2493049.999875254,120.0663810863309,582593.9790914048,14.046643052474257,-1,-0.018346389772133088,0.9999389280484355,0.0,0.5999633568290613,4.0,0.45,1.7,O9,de-protonated,,0.0,,C20 H34 O9,20.0,34.0,9.0,,,,
709,1386,417.24953669656776,417.24937400140357,417.2493917289791,1633830.138363824,173.09151348175715,499291.11867054814,8.908187940002643,-1,-0.04248676185152733,0.9996725160869131,0.0,0.5998035096521478,3.0,0.38095238095238093,1.8095238095238095,O8,de-protonated,,0.0,,C21 H38 O8,21.0,38.0,8.0,,,,
710,1389,418.04174052504015,418.0415775615627,418.0415837863691,2216721.531950871,99.72672414556402,432735.58488421125,12.2579006465061,-1,-0.014890399963909591,0.9999597692787421,0.0,0.5999758615672452,13.0,0.6111111111111112,0.7222222222222222,N1 O11,de-protonated,,0.0,,C18 H13 O11 N1,18.0,13.0,11.0,1.0,,,
711,1390,418.07806740762527,418.0779044318458,418.0779692957191,1812350.3745117967,144.77654292531673,426661.9930035097,9.848531494541978,-1,-0.15514779066697446,0.9956419024459945,0.0,0.5973851414675967,12.0,0.5263157894736842,0.8947368421052632,N1 O10,de-protonated,,0.0,,C19 H17 O10 N1,19.0,17.0,10.0,1.0,,,
712,1394,419.025782312228,419.0256190155575,419.02559936927906,5695339.781203645,81.78618786445489,510413.38053586776,31.709777760628686,-1,0.04688562810246389,0.9996012077644633,0.0,0.5997607246586779,13.0,0.6666666666666666,0.6666666666666666,O12,de-protonated,,0.0,,C18 H12 O12,18.0,12.0,12.0,,,,
713,1395,419.0621646336641,419.0620013246766,419.06198487862906,7375268.6496452205,87.4644011390262,510342.0658018867,41.34725436848517,-1,0.039244904411178526,0.9996534894237459,0.9475889597524719,0.9788276775552363,12.0,0.5789473684210527,0.8421052631578947,O11,de-protonated,,0.0,,C19 H16 O11,19.0,16.0,11.0,,,,
714,1396,419.0985463023296,419.09838298102557,419.09837038797906,4237578.8213168075,60.074193656497386,544148.9853812068,23.273154699457994,-1,0.03004794911125153,0.9998361871657409,0.0,0.5999017122994444,11.0,0.5,1.0,O10,de-protonated,,0.0,,C20 H20 O10,20.0,20.0,10.0,,,,
715,1397,419.13492664575216,419.1347633121321,419.13475589732906,2576571.691943781,142.10407401720948,471458.6184637795,14.018781021228648,-1,0.017690737789094413,0.9999432150316331,0.0,0.5999659290189798,10.0,0.42857142857142855,1.1428571428571428,O9,de-protonated,,0.0,,C21 H24 O9,21.0,24.0,9.0,,,,
716,1399,420.0574126657751,420.0572490199102,420.05723385082905,2239885.619430777,126.8538582415166,617736.0975539358,12.227252412135927,-1,0.036111938907030745,0.9997634058176801,0.0,0.599858043490608,12.0,0.6111111111111112,0.8333333333333334,N1 O11,de-protonated,,0.0,,C18 H15 O11 N1,18.0,15.0,11.0,1.0,,,
717,1400,420.06548330487976,420.0653196562835,420.0653397136991,2115232.7561642453,172.8278010640738,468938.3567688688,11.629611841917594,-1,-0.04774832307728675,0.9995864002684199,0.9475889597524719,0.9787874240620408,12.0,0.5789473684210527,0.8421052631578947,13C1 O11,de-protonated,,1.0,1395.0,C18 H16 O11 13C1,18.0,16.0,11.0,,,,1.0
718,1401,420.09386393226487,420.09370027406374,420.09361936017905,1827778.4986709459,118.07758969749352,460388.3024343846,10.118793197624395,-1,0.19260917319048215,0.9932911687313637,0.0,0.5959747012388182,11.0,0.5263157894736842,1.0,N1 O10,de-protonated,,0.0,,C19 H19 O10 N1,19.0,19.0,10.0,1.0,,,
719,1402,420.1876184177772,420.18745472784735,420.1875197469391,2158452.761212544,66.16186036162684,501849.9857435155,11.913804560622816,-1,-0.15473827437915083,0.9956648288120054,0.0,0.5973988972872032,4.0,0.5555555555555556,1.7222222222222223,N1 O10,de-protonated,,0.0,,C18 H31 O10 N1,18.0,31.0,10.0,1.0,,,
720,1407,421.0050310647858,421.00486709826464,421.0048639243891,2462743.732321379,78.90154798710881,494559.34317135543,13.589705740046254,-1,0.007538809674231093,0.9999896876618051,0.0,0.5999938125970831,13.0,0.7647058823529411,0.5882352941176471,O13,de-protonated,,0.0,,C17 H10 O13,17.0,10.0,13.0,,,,
721,1408,421.0413915457154,421.0412275668925,421.0412494337391,9130084.664415166,87.23513953759743,532907.5638406252,50.3745524920628,-1,-0.05193516467236011,0.4997553526094341,0.8370420509349353,0.6346700319396346,12.0,0.6666666666666666,0.7777777777777778,O12,de-protonated,,0.0,,C18 H14 O12,18.0,14.0,12.0,,,,
722,1409,421.07779696473733,421.07763297359753,421.0776349430891,9016032.096656183,79.78280472358514,517753.1746191773,50.625310773273284,-1,-0.004677264713619588,0.499998015245157,0.8295321147073625,0.6318116550300392,11.0,0.5789473684210527,0.9473684210526315,O11,de-protonated,,0.0,,C19 H18 O11,19.0,18.0,11.0,,,,
723,1410,421.11419552867636,421.11403152522223,421.1140204524391,4447323.962587321,100.896305491679,501019.0201512046,24.752628558599884,-1,0.02629402632211553,0.9998745586340982,0.0,0.599924735180459,10.0,0.5,1.1,O10,de-protonated,,0.0,,C20 H22 O10,20.0,22.0,10.0,,,,
724,1411,421.1505252156226,421.1503611998775,421.1504059617891,2673418.9910950228,289.13082131984254,480482.407140473,14.72647661486714,-1,-0.10628485912372403,0.9979523693882045,0.0,0.5987714216329227,9.0,0.42857142857142855,1.2380952380952381,O9,de-protonated,,0.0,,C21 H26 O9,21.0,26.0,9.0,,,,
725,1414,421.22669694008067,421.22653289856595,421.2265482838091,3633181.8988615368,142.3029315987496,520268.9215252614,20.38107585616368,-1,-0.03652486582850741,0.9997579648040652,0.0,0.5998547788824391,2.0,0.35,1.9,S1 O7,de-protonated,,0.0,,C20 H38 O7 S1,20.0,38.0,7.0,,,1.0,
726,1416,422.0731024281277,422.0729381003073,422.0728839152891,2715428.0471288553,72.65803745292429,532225.1683452841,14.908972919525885,-1,0.12837834474860405,0.9970140112684591,0.0,0.5982084067610755,11.0,0.6111111111111112,0.9444444444444444,N1 O11,de-protonated,,0.0,,C18 H17 O11 N1,18.0,17.0,11.0,1.0,,,
727,1419,422.17980069763513,422.17963633372835,422.17953851988915,1553455.417218297,136.43876963429688,403091.8710516071,8.516029850220683,-1,0.2316877780178248,0.9903072552885531,0.0,0.5941843531731319,12.0,0.12,1.16,N1 S1 O3,de-protonated,,0.0,,C25 H29 O3 N1 S1,25.0,29.0,3.0,1.0,,1.0,
728,1421,422.9994947580132,422.9993301169193,422.99938462078904,1637564.6765879933,128.13427017757294,518675.4300359127,8.92699481109343,-1,-0.12885094339136793,0.9969920193464873,0.0,0.5981952116078924,17.0,0.55,0.4,O11,de-protonated,,0.0,,C20 H8 O11,20.0,8.0,11.0,,,,
729,1422,423.02068572999906,423.0205210817402,423.0205139888491,4142939.7235074937,96.16403813218704,521598.229367311,22.643472793307208,-1,0.016767250938077224,0.9999489886897079,0.0,0.5999693932138247,12.0,0.7647058823529411,0.7058823529411765,O13,de-protonated,,0.0,,C17 H12 O13,17.0,12.0,13.0,,,,
730,1423,423.0570421992399,423.05687753868847,423.05689949819913,11303943.556262631,93.02919870468386,529118.9751226426,61.44135130281907,-1,-0.05190675459368405,0.9997473608837577,0.9849266928526625,0.9938190936713196,11.0,0.6666666666666666,0.8888888888888888,O12,de-protonated,,0.0,,C18 H16 O12,18.0,16.0,12.0,,,,
731,1425,423.09343724400065,423.0932725711438,423.09328500754907,8755339.985533379,110.59334669275755,507309.5677546445,48.73069264857181,-1,-0.02939400292420082,0.9974196610512087,0.9853690004619471,0.992599396815504,10.0,0.5789473684210527,1.0526315789473684,O11,de-protonated,,0.0,,C19 H20 O11,19.0,20.0,11.0,,,,
732,1426,423.1298157217266,423.12965103657007,423.12967051689907,5726654.377126129,116.17662333421897,512594.92441850994,31.6373364793901,-1,-0.04603867409642063,0.9996154826566375,0.0,0.5997692895939825,9.0,0.5,1.2,O10,de-protonated,,0.0,,C20 H24 O10,20.0,24.0,10.0,,,,
733,1428,423.16629415216516,423.16612945467534,423.1660560262491,2043499.6122371485,96.52161585690948,469002.9936235782,11.320343295091323,-1,0.17352154118624494,0.994551526971808,0.0,0.5967309161830848,8.0,0.42857142857142855,1.3333333333333333,O9,de-protonated,,0.0,,C21 H28 O9,21.0,28.0,9.0,,,,
734,1430,423.32703673485304,423.326871983018,423.3268542049391,4374763.644338234,72.0843178264498,525702.8285713502,24.454504824271854,-1,0.04199610478435487,0.9996800350839569,0.0,0.5998080210503741,8.0,0.06896551724137931,1.5172413793103448,O2,de-protonated,,0.0,,C29 H44 O2,29.0,44.0,2.0,,,,
735,1432,424.052305093115,424.05214009610967,424.0521484703991,2057632.2726638487,130.01827279705913,559475.2783930731,11.204715865422044,-1,-0.019748253795051383,0.9999292386903824,0.0,0.5999575432142294,11.0,0.7058823529411765,0.8823529411764706,N1 O12,de-protonated,,0.0,,C17 H15 O12 N1,17.0,15.0,12.0,1.0,,,
736,1433,424.06042337912805,424.0602583793787,424.0602543332691,1961799.6897019849,62.785121377784066,560516.7955819916,10.779819888926491,-1,0.009541355427181899,0.999983481508295,0.9849266928526625,0.993960766046042,11.0,0.6666666666666666,0.8888888888888888,13C1 O12,de-protonated,,1.0,1423.0,C17 H16 O12 13C1,17.0,16.0,12.0,,,,1.0
737,1436,424.08868397618994,424.08851896688856,424.0885339797491,2383690.6601908803,60.53764162473529,560050.760199826,13.419747349448034,-1,-0.035400298181579956,0.999772637784343,0.0,0.5998635826706058,10.0,0.6111111111111112,1.0555555555555556,N1 O11,de-protonated,,0.0,,C18 H19 O11 N1,18.0,19.0,11.0,1.0,,,
738,1437,424.0967343386846,424.09656932666223,424.0966398426191,1616281.1357704632,84.34205697929093,510486.11322330055,8.838532861888618,-1,-0.16627332127854644,0.9949960828232997,0.9853690004619471,0.9911452498787585,10.0,0.5789473684210527,1.0526315789473684,13C1 O11,de-protonated,,1.0,1425.0,C18 H20 O11 13C1,18.0,20.0,11.0,,,,1.0
739,1440,424.97883085968436,424.97866554955806,424.9786491758991,1734654.1731761151,160.53238841471716,474501.8917424436,9.700166178159105,-1,0.03852819197276081,0.9997306899254474,0.0,0.5998384139552685,17.0,0.631578947368421,0.3157894736842105,O12,de-protonated,,0.0,,C19 H6 O12,19.0,6.0,12.0,,,,
740,1441,425.0152018656812,425.0150365432651,425.0150346852491,1763059.498089057,62.16489606605988,527204.1695267871,9.598469764112629,-1,0.004371647816996846,0.9999965322848927,0.0,0.5999979193709356,16.0,0.55,0.5,O11,de-protonated,,0.0,,C20 H10 O11,20.0,10.0,11.0,,,,
741,1442,425.03634351923347,425.0361781896737,425.03616405330905,6087108.056606734,86.573432720666,486111.54409174924,33.9805333071459,-1,0.03325920439345668,0.9997993061997437,0.0,0.5998795837198462,11.0,0.7647058823529411,0.8235294117647058,O13,de-protonated,,0.0,,C17 H14 O13,17.0,14.0,13.0,,,,
742,1444,425.0726527181889,425.07248737636047,425.0725495626591,12373029.576725615,98.08826491789486,565937.5396210252,67.86633570805672,-1,-0.14629572927950962,0.9937905463217092,0.9929283216080462,0.9934456564362439,10.0,0.6666666666666666,1.0,O12,de-protonated,,0.0,,C18 H18 O12,18.0,18.0,12.0,,,,
743,1447,425.1090921793077,425.10892682516675,425.10893507200905,9152442.713345734,234.85298033230302,513431.4259324613,50.70889686701012,-1,-0.01939936241856313,0.9997974641467122,0.9661638969106247,0.9863440372522772,9.0,0.5789473684210527,1.1578947368421053,O11,de-protonated,,0.0,,C19 H22 O11,19.0,22.0,11.0,,,,
744,1448,425.14548090345414,425.14531553701795,425.14532058135904,4546329.524146215,186.20817619095317,519743.24430667126,24.88079390232969,-1,-0.011864980866459273,0.9999744563846409,0.0,0.5999846738307845,8.0,0.5,1.3,O10,de-protonated,,0.0,,C20 H26 O10,20.0,26.0,10.0,,,,
745,1450,425.1819303663003,425.1817649875485,425.18170609070904,2126515.7300337483,97.1462833460602,552991.5322582929,11.59199809973602,-1,0.13852157466903678,0.996524375496499,0.0,0.5979146252978994,7.0,0.42857142857142855,1.4285714285714286,O9,de-protonated,,0.0,,C21 H30 O9,21.0,30.0,9.0,,,,
746,1454,426.0679826481602,426.0678169700714,426.0677985348591,2497215.993011699,135.649559958679,483410.05851516925,13.624533279103266,-1,0.04326826009611374,0.9996603599240704,0.0,0.5997962159544422,10.0,0.7058823529411765,1.0,N1 O12,de-protonated,,0.0,,C17 H17 O12 N1,17.0,17.0,12.0,1.0,,,
747,1456,426.074418097164,426.07425241690146,426.07416101897905,5717966.0728333155,125.11561017079018,477695.91688713495,31.23333702632876,-1,0.21451176993501447,0.9916853439290231,0.0,0.5950112063574138,5.0,0.6923076923076923,1.6923076923076923,N3 S1 P1 O9,de-protonated,,0.0,,C13 H22 O9 N3 P1 S1,13.0,22.0,9.0,3.0,1.0,1.0,
748,1457,426.0759774284039,426.07581174761464,426.0759043977291,2284982.9005647176,171.2050723882262,537852.7060052765,12.801210255795493,-1,-0.21744978658849182,0.991457006519153,0.9929283216080462,0.9920455325547104,10.0,0.6666666666666666,1.0,13C1 O12,de-protonated,,1.0,1444.0,C17 H18 O12 13C1,17.0,18.0,12.0,,,,1.0
749,1458,426.1124372406207,426.11227154751595,426.1122899070791,2349993.6187592107,137.5660343934041,503585.714104152,13.026892708884933,-1,-0.043086208978136434,0.9996632115009675,0.9661638969106247,0.9862634856648302,9.0,0.5789473684210527,1.1578947368421053,13C1 O11,de-protonated,,1.0,1447.0,C18 H22 O11 13C1,18.0,22.0,11.0,,,,1.0
750,1462,426.99445248472233,426.9942864937327,426.9942992403591,2115374.544478213,55.00408587542846,520034.11266127136,11.629611841917594,-1,-0.029851982611575546,0.999838316732723,0.0,0.5999029900396338,16.0,0.631578947368421,0.42105263157894735,O12,de-protonated,,0.0,,C19 H8 O12,19.0,8.0,12.0,,,,
751,1463,427.0308550971343,427.0306890938522,427.0306847497091,2844075.9984028433,190.11952439256072,444485.4138727045,15.583234075669647,-1,0.010172906116508718,0.9999812224112309,0.0,0.5999887334467385,15.0,0.55,0.6,O11,de-protonated,,0.0,,C20 H12 O11,20.0,12.0,11.0,,,,
752,1464,427.05197941442697,427.0518134040116,427.0518141177691,7114068.205628112,78.01688577843495,516105.6535093233,39.101574650089006,-1,-0.0016713603241444604,0.9999994931331425,0.0,0.5999996958798854,10.0,0.7647058823529411,0.9411764705882353,O13,de-protonated,,0.0,,C17 H16 O13,17.0,16.0,13.0,,,,
753,1466,427.070199490847,427.07003347427917,427.0700614398591,1731931.161270252,62.34211016932973,468531.66721723566,9.449407896948616,-1,-0.06548241718818333,0.9992222602534492,0.0,0.5995333561520695,14.0,0.35,0.85,N2 P1 O7,de-protonated,,0.0,,C20 H17 O7 N2 P1,20.0,17.0,7.0,2.0,1.0,,
754,1467,427.0883593767748,427.0881933540748,427.0881996271191,11771556.146124415,201.4667647098721,522405.22463872156,65.45905620843602,-1,-0.014687936316858158,0.99888790117076,0.9902936923174128,0.9954502176294211,9.0,0.6666666666666666,1.1111111111111112,O12,de-protonated,,0.0,,C18 H20 O12,18.0,20.0,12.0,,,,
755,1468,427.1247694133083,427.12460337831357,427.1245851364691,6828274.281057226,109.65678718569698,502231.1790047741,37.91465211902602,-1,0.04270848628552319,0.9996690896734854,0.0,0.5998014538040912,8.0,0.5789473684210527,1.263157894736842,O11,de-protonated,,0.0,,C19 H24 O11,19.0,24.0,11.0,,,,
756,1469,427.16107747107645,427.1609114238217,427.1609706458191,3109767.696195255,110.38452775978612,479844.5107387543,16.93036328639489,-1,-0.13864093739668343,0.9965183935341595,0.0,0.5979110361204957,7.0,0.5,1.4,O10,de-protonated,,0.0,,C20 H28 O10,20.0,28.0,10.0,,,,
757,1472,427.1974619502512,427.1972958907106,427.1973561551691,2406213.6322570485,265.6106910200793,482164.54212363035,13.110478802621763,-1,-0.14106936193853709,0.9963955802187255,0.0,0.5978373481312353,6.0,0.42857142857142855,1.5238095238095237,O9,de-protonated,,0.0,,C21 H32 O9,21.0,32.0,9.0,,,,
758,1473,427.23393379434384,427.23376772248815,427.2337416645191,2639518.228614116,109.23803087418065,537347.0383509351,14.41581496647859,-1,0.06099230126057317,0.9993252276138216,0.0,0.5995951365682929,5.0,0.36363636363636365,1.6363636363636365,O8,de-protonated,,0.0,,C22 H36 O8,22.0,36.0,8.0,,,,
759,1477,428.08361485039205,428.0834484916731,428.08344859931907,1519124.2566876484,176.933046871503,428395.17880624597,8.362788678369828,-1,-0.00025146025679024923,0.9999999885265893,0.0,0.5999999931159535,9.0,0.7058823529411765,1.1176470588235294,N1 O12,de-protonated,,0.0,,C17 H19 O12 N1,17.0,19.0,12.0,1.0,,,
760,1478,428.0916738203405,428.09150745890105,428.0915544621891,2130515.261895456,132.47408715702448,500602.9342448312,11.791211623142132,-1,-0.10979727947399945,0.9978149464935793,0.9902936923174128,0.9948064448231126,9.0,0.6666666666666666,1.1111111111111112,13C1 O12,de-protonated,,1.0,1467.0,C17 H20 O12 13C1,17.0,20.0,12.0,,,,1.0
761,1479,428.11992727608134,428.11976090510456,428.11983410866907,1715588.8114921195,84.02480143484564,446346.0950649484,9.478663029756506,-1,-0.17098849125704862,0.9947090199243271,0.0,0.5968254119545963,8.0,0.6111111111111112,1.2777777777777777,N1 O11,de-protonated,,0.0,,C18 H23 O11 N1,18.0,23.0,11.0,1.0,,,
762,1483,429.01006476448407,429.0098980930723,429.0099493048191,2714291.445281315,159.59688708906683,447057.6067582196,14.814242013290812,-1,-0.11937193266083944,0.9974177579573363,0.0,0.5984506547744017,15.0,0.631578947368421,0.5263157894736842,O12,de-protonated,,0.0,,C19 H10 O12,19.0,10.0,12.0,,,,
763,1484,429.03117013905455,429.0310034605204,429.0310786728791,1698743.9227817296,126.13748455876915,492426.5473926006,9.34980113524556,-1,-0.1753074833822121,0.9944391087833955,0.0,0.5966634652700372,10.0,0.875,0.875,O14,de-protonated,,0.0,,C16 H14 O14,16.0,14.0,14.0,,,,
764,1485,429.04646485944716,429.0462981757516,429.0463348141691,3700922.498498616,271.0027193410036,515219.9485034125,20.316993184298777,-1,-0.08539501337074455,0.998677695253593,0.0,0.5992066171521557,14.0,0.55,0.7,O11,de-protonated,,0.0,,C20 H14 O11,20.0,14.0,11.0,,,,
765,1486,429.0676297983233,429.06746310748537,429.0674641822291,7777232.127898432,170.37663788592397,510129.1261939373,42.32799786833064,-1,-0.002504836278006338,0.9999988615544331,0.0,0.5999993169326598,9.0,0.7647058823529411,1.0588235294117647,O13,de-protonated,,0.0,,C17 H18 O13,17.0,18.0,13.0,,,,
766,1487,429.10400838319504,429.10384168008085,429.1038496915791,8166063.791051714,159.923040424492,533962.0416167553,44.5235259304847,-1,-0.01867030154198667,0.49996837629407787,0.8370420509349353,0.6347978461504209,8.0,0.6666666666666666,1.2222222222222223,O12,de-protonated,,0.0,,C18 H22 O12,18.0,22.0,12.0,,,,
767,1488,429.1403720082399,429.1402052928546,429.1402352009291,4158211.5906064217,81.41703816863604,538726.2157033602,22.7939277620335,-1,-0.06969300954830818,0.9991190710047394,0.0,0.5994714426028436,7.0,0.5789473684210527,1.368421052631579,O11,de-protonated,,0.0,,C19 H26 O11,19.0,26.0,11.0,,,,
768,1489,429.1767912865246,429.17662455884954,429.17662071027905,2731649.3087358577,236.22670426998516,457007.50802120665,15.307399966338108,-1,0.008967334893332542,0.9999854092559798,0.0,0.5999912455535878,6.0,0.5,1.5,O10,de-protonated,,0.0,,C20 H30 O10,20.0,30.0,10.0,,,,
769,1490,429.21315536322726,429.21298862328126,429.2130062196291,2455696.6525991363,164.70706290591013,511884.9848484837,13.811208888448855,-1,-0.04099677220983179,0.9996950792798145,0.0,0.5998170475678887,5.0,0.42857142857142855,1.619047619047619,O9,de-protonated,,0.0,,C21 H34 O9,21.0,34.0,9.0,,,,
770,1491,429.249551796634,429.24938504440627,429.2493917289791,2169711.5295924065,98.03867365507247,499056.6812977469,11.975101029363158,-1,-0.015572701947094205,0.9999559980203123,0.0,0.5999735988121874,4.0,0.36363636363636365,1.7272727272727273,O8,de-protonated,,0.0,,C22 H38 O8,22.0,38.0,8.0,,,,
771,1495,430.98934189517416,430.9891745560322,430.98921385992907,2183951.6937053506,117.28592928080494,472648.7005563209,12.078190544971914,-1,-0.09119461834685927,0.9984921275295497,0.0,0.5990952765177299,15.0,0.7222222222222222,0.4444444444444444,O13,de-protonated,,0.0,,C18 H8 O13,18.0,8.0,13.0,,,,
772,1496,431.0257725060289,431.0256051546006,431.02559936927906,4022817.361150777,183.2245176912603,501213.10602589854,22.03886671527747,-1,0.013422222616271557,0.9999673114538712,0.0,0.5999803868723227,14.0,0.631578947368421,0.631578947368421,O12,de-protonated,,0.0,,C19 H12 O12,19.0,12.0,12.0,,,,
773,1497,431.0468681994052,431.0467008408624,431.0467287373391,2154592.739176932,161.22484120532076,475000.1644943199,11.961170013740352,-1,-0.06471798725069638,0.999240305792955,0.0,0.599544183475773,9.0,0.875,1.0,O14,de-protonated,,0.0,,C16 H16 O14,16.0,16.0,14.0,,,,
774,1498,431.06212213202826,431.06195476834114,431.06198487862906,4399209.50803388,2411.87732036806,491821.0860735969,24.43778760552449,-1,-0.06985141111878118,0.9991150637941513,0.0,0.5994690382764908,13.0,0.55,0.8,O11,de-protonated,,0.0,,C20 H16 O11,20.0,16.0,11.0,,,,
775,1499,431.08325155304175,431.08308418222884,431.08311424668904,4779397.016549443,60.183700035099164,509023.3427874607,26.095578464638283,-1,-0.06974167903387343,0.999117840740511,0.0,0.5994707044443066,8.0,0.7647058823529411,1.1764705882352942,O13,de-protonated,,0.0,,C17 H20 O13,17.0,20.0,13.0,,,,
776,1500,431.0985984930561,431.09843111706755,431.09837038797906,2723129.465135552,107.58805629667991,446849.6950452496,15.070572700750423,-1,0.1408706055510894,0.996405711527892,0.0,0.5978434269167352,12.0,0.47619047619047616,0.9523809523809523,O10,de-protonated,,0.0,,C21 H20 O10,21.0,20.0,10.0,,,,
777,1501,431.1196986451981,431.11953126209374,431.1194997560391,3817868.266533551,76.42598788693735,476218.0614331165,20.76975119203994,-1,0.07307963261207645,0.9990314185901054,0.0,0.5994188511540632,7.0,0.6666666666666666,1.3333333333333333,O12,de-protonated,,0.0,,C18 H24 O12,18.0,24.0,12.0,,,,
778,1502,431.1561080269615,431.15594063157846,431.1558852653891,1654510.3380325758,66.63826422948186,587713.5911014811,9.166608279805674,-1,0.12841339122107345,0.9970123831721568,0.0,0.598207429903294,6.0,0.5789473684210527,1.4736842105263157,O11,de-protonated,,0.0,,C19 H28 O11,19.0,28.0,11.0,,,,
779,1503,431.19247279075364,431.19230538310717,431.1922707747391,2131459.6869010483,169.52584850207518,401793.0086085516,11.605232564577685,-1,0.08026203257368877,0.9988317915619085,0.0,0.5992990749371451,5.0,0.5,1.6,O10,de-protonated,,0.0,,C20 H32 O10,20.0,32.0,10.0,,,,
780,1504,431.22884196175704,431.2286745418458,431.22865628408914,2794529.3986712308,134.57286593764908,463594.86937154573,15.606916802228415,-1,0.0423389225152151,0.9996747908147956,0.0,0.5998048744888773,4.0,0.42857142857142855,1.7142857142857142,O9,de-protonated,,0.0,,C21 H36 O9,21.0,36.0,9.0,,,,
781,1506,432.05738244171073,432.0572147424293,432.05723385082905,2041525.8070860743,244.52658828630493,486106.1587043335,11.240936506041336,-1,-0.044226547386351324,0.9996451516124102,0.0,0.5997870909674461,13.0,0.5789473684210527,0.7894736842105263,N1 O11,de-protonated,,0.0,,C19 H15 O11 N1,19.0,15.0,11.0,1.0,,,
782,1507,433.0050065968655,433.0048385781515,433.0048639243891,2054126.3144275574,106.44089642417993,478788.8926903087,11.431791420073765,-1,-0.05853568790980473,0.9993784725940501,0.0,0.59962708355643,14.0,0.7222222222222222,0.5555555555555556,O13,de-protonated,,0.0,,C18 H10 O13,18.0,10.0,13.0,,,,
783,1508,433.0414187149458,433.04125068395973,433.0412494337391,6678346.417595336,142.3017669377723,498883.46740706754,36.81410188482443,-1,0.0028870705416844163,0.9999984875943516,0.0,0.599999092556611,13.0,0.631578947368421,0.7368421052631579,O12,de-protonated,,0.0,,C19 H14 O12,19.0,14.0,12.0,,,,
784,1509,433.05266872392565,433.0525006891479,433.0524828230291,1735135.3210821988,170.30601341523396,509642.04459429637,9.487718189911329,-1,0.0412562438014299,0.9996912079320226,0.0,0.5998147247592135,13.0,0.6111111111111112,0.7777777777777778,N2 O11,de-protonated,,0.0,,C18 H14 O11 N2,18.0,14.0,11.0,2.0,,,
785,1510,433.07778561340797,433.07761757016516,433.0776349430891,5768986.269572159,110.68964996909452,512072.0181394741,32.21408052617423,-1,-0.040115033733576534,0.9997080525082129,0.0,0.5998248315049277,12.0,0.55,0.9,O11,de-protonated,,0.0,,C20 H18 O11,20.0,18.0,11.0,,,,
786,1511,433.11426677668805,433.11409872115007,433.1140204524391,2666697.439140357,141.55337139012266,476573.74942333443,14.523083786774189,-1,0.18071156158206306,0.9940920116108299,0.0,0.5964552069664979,11.0,0.47619047619047616,1.0476190476190477,O10,de-protonated,,0.0,,C21 H22 O10,21.0,22.0,10.0,,,,
787,1515,435.0206347445264,435.02046604669073,435.0205139888491,4195221.563455513,158.81599992039384,492218.42242320784,23.26758229320887,-1,-0.11020666107619001,0.997798640057002,0.0,0.5986791840342012,13.0,0.7222222222222222,0.6666666666666666,O13,de-protonated,,0.0,,C18 H12 O13,18.0,12.0,13.0,,,,
788,1516,435.0570599818725,435.0568912717682,435.05689949819913,9407227.902365874,165.99683987774992,510003.4736305704,51.17697899193636,-1,-0.018908862074436355,0.9996927038772984,0.9996283810540622,0.9996669747480038,12.0,0.631578947368421,0.8421052631578947,O12,de-protonated,,0.0,,C19 H16 O12,19.0,16.0,12.0,,,,
789,1517,435.0934127660815,435.0932440437331,435.09328500754907,6206876.619707172,77.89187976167395,510913.2977121835,33.799430104049435,-1,-0.0941495017330012,0.9983929082535191,0.0,0.5990357449521114,11.0,0.55,1.0,O11,de-protonated,,0.0,,C20 H20 O11,20.0,20.0,11.0,,,,
790,1518,435.12983705359954,435.1296683189831,435.12967051689907,3280392.27149455,155.0891467444591,469704.7177643128,18.186940895571897,-1,-0.005051174715444313,0.9999953704625225,0.0,0.5999972222775135,10.0,0.47619047619047616,1.1428571428571428,O10,de-protonated,,0.0,,C21 H24 O10,21.0,24.0,10.0,,,,
791,1521,436.05235859564766,436.0521895503647,436.0521484703991,1696226.0350175526,72.95239402428219,473613.4715838168,9.301739131346883,-1,0.09420883652054257,0.9983908836074373,0.0,0.5990345301644624,12.0,0.6666666666666666,0.8333333333333334,N1 O12,de-protonated,,0.0,,C18 H15 O12 N1,18.0,15.0,12.0,1.0,,,
792,1522,436.0604473861464,436.0602783381399,436.0602543332691,1938257.0193767406,210.15030424325133,438845.3295055469,10.760316467054563,-1,0.055049435385547234,0.9994502817325216,0.9996283810540622,0.9995215214611379,12.0,0.631578947368421,0.8421052631578947,13C1 O12,de-protonated,,1.0,1516.0,C18 H16 O12 13C1,18.0,16.0,12.0,,,,1.0
793,1523,436.0886391571774,436.08847009967855,436.08853397974906,1615304.41943232,211.1751617154791,393621.1887677841,8.87545005328905,-1,-0.14648417817893025,0.996114113717829,0.0,0.5976684682306974,11.0,0.5789473684210527,1.0,N1 O11,de-protonated,,0.0,,C19 H19 O11 N1,19.0,19.0,11.0,1.0,,,
794,1528,437.036325835258,437.03615645871736,437.03616405330905,7564527.352073127,169.64556383994653,501387.891588659,42.41715636831659,-1,-0.01737749028105313,0.4999726040703071,0.8370420509349354,0.6348003828161584,12.0,0.7222222222222222,0.7777777777777778,O13,de-protonated,,0.0,,C18 H14 O13,18.0,14.0,13.0,,,,
795,1529,437.07270347820804,437.0725340894226,437.0725495626591,9379437.178400863,131.08685104266883,500131.0385454611,51.288427116918804,-1,-0.03540198647371839,0.9998251702507805,0.9715398740855103,0.9885110517846725,11.0,0.631578947368421,0.9473684210526315,O12,de-protonated,,0.0,,C19 H18 O12,19.0,18.0,12.0,,,,
796,1531,437.10909799745264,437.108928596417,437.1089350720091,7194994.866520046,136.52461330395266,497137.3266104565,39.224167587569696,-1,-0.014814595589505593,0.4999800889214216,0.8221557383861046,0.6288503487072947,10.0,0.55,1.1,O11,de-protonated,,0.0,,C20 H22 O11,20.0,22.0,11.0,,,,
797,1532,437.1454493011064,437.14527988783516,437.14532058135904,3484586.730398381,98.10044577107209,467459.0995565863,19.489490856304162,-1,-0.09308923593548907,0.9984288727176976,0.0,0.5990573236306186,9.0,0.47619047619047616,1.2380952380952381,O10,de-protonated,,0.0,,C21 H26 O10,21.0,26.0,10.0,,,,
798,1535,438.0679838720911,438.0678141483494,438.0677985348591,1853593.8241837732,154.99004748641624,516098.1061712521,10.086055310910803,-1,0.03564172108314973,0.9997695264394064,0.0,0.5998617158636438,11.0,0.6666666666666666,0.9444444444444444,N1 O12,de-protonated,,0.0,,C18 H17 O12 N1,18.0,17.0,12.0,1.0,,,
799,1536,438.07608549668856,438.0759157702208,438.0759043977291,2329169.9251063266,170.62023490156568,456635.1914835614,12.673044912065688,-1,0.025960093996912882,0.9998777244017443,0.9715398740855103,0.9885425842752507,11.0,0.631578947368421,0.9473684210526315,13C1 O12,de-protonated,,1.0,1529.0,C18 H18 O12 13C1,18.0,18.0,12.0,,,,1.0
800,1539,438.1042882706481,438.10411853469043,438.1041840442091,2158732.2082699947,127.11649812637643,420735.0580074241,12.080976748096475,-1,-0.14952954353983072,0.9959511921239184,0.0,0.597570715274351,10.0,0.5789473684210527,1.105263157894737,N1 O11,de-protonated,,0.0,,C19 H21 O11 N1,19.0,21.0,11.0,1.0,,,
801,1542,439.0155653781954,439.01539533564943,439.0154286084191,1990931.0453091566,131.88961539914885,443033.4422840807,10.908681783437437,-1,-0.07578952238965823,0.9989582923187402,0.0,0.5993749753912441,12.0,0.8235294117647058,0.7058823529411765,O14,de-protonated,,0.0,,C17 H12 O14,17.0,12.0,14.0,,,,
802,1543,439.0519672566868,439.05179720189574,439.0518141177691,9020844.604939299,149.8825943432321,491848.49121892767,50.75347611700309,-1,-0.03852819371584887,0.9974660071643636,0.9604198827369119,0.9826475573933829,11.0,0.7222222222222222,0.8888888888888888,O13,de-protonated,,0.0,,C18 H16 O13,18.0,16.0,13.0,,,,
803,1545,439.08834640887557,439.0881763418472,439.0881996271191,9932357.4093713,131.06807595325816,507158.92837971856,54.96064283509019,-1,-0.05303096712535809,0.9959745709167169,0.9896387377605707,0.9934402376542584,10.0,0.631578947368421,1.0526315789473684,O12,de-protonated,,0.0,,C19 H20 O12,19.0,20.0,12.0,,,,
804,1546,439.1247429430517,439.12457286378026,439.1245851364691,6187444.748308371,217.93863544806996,521356.2022156492,33.69355438531612,-1,-0.027948079511294042,0.9998582813544802,0.0,0.5999149688126881,9.0,0.55,1.2,O11,de-protonated,,0.0,,C20 H24 O11,20.0,24.0,11.0,,,,
805,1547,439.1611184737673,439.1609483822601,439.1609706458191,2557060.9325110996,83.42631830162773,479094.3934925324,13.898974286872525,-1,-0.05069566853979933,0.9995337763730352,0.0,0.5997202658238211,8.0,0.47619047619047616,1.3333333333333333,O10,de-protonated,,0.0,,C21 H28 O10,21.0,28.0,10.0,,,,
806,1548,439.1974855517147,439.1973154479746,439.1973561551691,1965520.2768224615,107.81912969451983,493950.7597641989,10.710164810812467,-1,-0.09268542701831196,0.9984424632448536,0.0,0.5990654779469121,7.0,0.4090909090909091,1.4545454545454546,O9,de-protonated,,0.0,,C22 H32 O9,22.0,32.0,9.0,,,,
807,1551,440.0552676956044,440.05509730337246,440.05516895283904,2291099.230929542,312.90574419154154,441376.43148295605,12.734341380806029,-1,-0.1628192818349825,0.9952013244276448,0.9604198827369119,0.9812887477513517,11.0,0.7222222222222222,0.8888888888888888,13C1 O13,de-protonated,,1.0,1543.0,C17 H16 O13 13C1,17.0,16.0,13.0,,,,1.0
808,1552,440.08356020429886,440.0833898025528,440.08344859931907,1969204.4876185295,118.76225039699723,454813.4485877531,10.761013017835705,-1,-0.1336036755195492,0.9967663908648556,0.0,0.5980598345189133,10.0,0.6666666666666666,1.0555555555555556,N1 O12,de-protonated,,0.0,,C18 H19 O12 N1,18.0,19.0,12.0,1.0,,,
809,1553,440.0918147529789,440.0916443484571,440.0915544621891,2192533.728353974,185.394377744165,424605.9746129326,12.106052576217525,-1,0.20424447394495954,0.9924592968020521,0.9896387377605707,0.9913310731854597,10.0,0.631578947368421,1.0526315789473684,13C1 O12,de-protonated,,1.0,1545.0,C18 H20 O12 13C1,18.0,20.0,12.0,,,,1.0
810,1558,441.01015386331306,441.0099831500242,441.0099493048191,2238836.183200472,124.33497481102722,470074.24393185845,12.404176310545552,-1,0.07674476542531476,0.9989318818078546,0.0,0.5993591290847128,16.0,0.6,0.5,O12,de-protonated,,0.0,,C20 H10 O12,20.0,10.0,12.0,,,,
811,1559,441.03123250337836,441.0310617830034,441.0310786728791,3102223.4373483593,145.77777948189063,515495.2496444784,17.199231887915023,-1,-0.03829633905758992,0.9997339210227227,0.0,0.5998403526136337,11.0,0.8235294117647058,0.8235294117647058,O14,de-protonated,,0.0,,C17 H14 O14,17.0,14.0,14.0,,,,
812,1560,441.067636592117,441.0674658595041,441.0674641822291,9978842.926994963,180.74600655152653,493541.591509303,54.51485033516043,-1,0.0038027629441450784,0.9996591344471846,0.9753264093223192,0.9899260443972384,10.0,0.7222222222222222,1.0,O13,de-protonated,,0.0,,C18 H18 O13,18.0,18.0,13.0,,,,
813,1561,441.1039907054217,441.1038199605878,441.1038496915791,10505176.204221262,153.34393341323863,504278.9809643889,58.31523139706163,-1,-0.06740134167375195,0.9988793222732764,0.9741565694098444,0.9889902211279036,9.0,0.631578947368421,1.1578947368421053,O12,de-protonated,,0.0,,C19 H22 O12,19.0,22.0,12.0,,,,
814,1562,441.1403979894904,441.14022723241777,441.14023520092906,3985060.4725061646,113.92522114328786,510280.61454479524,22.05558393402484,-1,-0.01806344252429714,0.9999407972316087,0.0,0.5999644783389652,8.0,0.55,1.3,O11,de-protonated,,0.0,,C20 H26 O11,20.0,26.0,11.0,,,,
815,1563,441.176793113223,441.1766223439159,441.17662071027905,2087544.8012142158,119.65098864247491,573223.5939056457,11.36631564664658,-1,0.00370290888252747,0.9999975120632284,0.0,0.599998507237937,7.0,0.47619047619047616,1.4285714285714286,O10,de-protonated,,0.0,,C21 H30 O10,21.0,30.0,10.0,,,,
816,1564,441.21316896605515,441.21299818452013,441.2130062196291,2252990.9820270576,178.13477418848998,414006.87690179644,12.56925884567579,-1,-0.01821140551872365,0.9999398233938304,0.0,0.5999638940362982,6.0,0.4090909090909091,1.5454545454545454,O9,de-protonated,,0.0,,C22 H34 O9,22.0,34.0,9.0,,,,
817,1565,441.24952022811016,441.2493494343557,441.2493917289791,2422282.3094671387,153.60632790812625,482558.6621571553,13.209389013543678,-1,-0.0958519699277451,0.9983343108270514,0.0,0.5990005864962308,5.0,0.34782608695652173,1.6521739130434783,O8,de-protonated,,0.0,,C23 H38 O8,23.0,38.0,8.0,,,,
818,1567,442.07101713657505,442.0708460667123,442.0708190172991,1601361.081279204,188.47382191098893,396707.9608795374,8.763305377525471,-1,0.061187963715532485,0.9993208928214699,0.9753264093223192,0.9897230994218096,10.0,0.7222222222222222,1.0,13C1 O13,de-protonated,,1.0,1560.0,C17 H18 O13 13C1,17.0,18.0,13.0,,,,1.0
819,1568,442.10733652026346,442.1071654381953,442.1072045266491,1776185.1954284504,172.51409577440955,366880.87305901514,9.788628127363916,-1,-0.0884139716152958,0.9985826155467935,0.9741565694098444,0.9888121970920138,9.0,0.631578947368421,1.1578947368421053,13C1 O12,de-protonated,,1.0,1561.0,C18 H22 O12 13C1,18.0,22.0,12.0,,,,1.0
820,1571,442.9893836256395,442.9892122471964,442.98921385992907,3534312.777577614,76.17813364357605,507710.41963257827,19.36689791882348,-1,-0.0036405686862060267,0.9999975951291149,0.0,0.599998557077469,16.0,0.6842105263157895,0.42105263157894735,O13,de-protonated,,0.0,,C19 H8 O13,19.0,8.0,13.0,,,,
821,1572,443.02576219280087,443.0255908021361,443.02559936927906,3532573.316512673,163.99693443207033,462672.8044106319,19.23594637196911,-1,-0.019337805721266126,0.9999321494332295,0.0,0.5999592896599377,15.0,0.6,0.6,O12,de-protonated,,0.0,,C20 H12 O12,20.0,12.0,12.0,,,,
822,1573,443.0469137458302,443.0467423480594,443.0467287373391,4145844.327531327,118.2852491510436,476813.1005057675,22.601679746438794,-1,0.030720733126564714,0.9998287700244535,0.0,0.5998972620146721,10.0,0.8235294117647058,0.9411764705882353,O14,de-protonated,,0.0,,C17 H16 O14,17.0,16.0,14.0,,,,
823,1574,443.0621438026552,443.06197239976785,443.06198487862906,3076181.9431923884,151.00804391966705,451450.96362008667,16.77294280985719,-1,-0.028165046052829948,0.9998560725919665,0.0,0.5999136435551798,14.0,0.5238095238095238,0.7619047619047619,O11,de-protonated,,0.0,,C21 H16 O11,21.0,16.0,11.0,,,,
824,1575,443.08327761166663,443.0831062016793,443.08311424668904,8639759.971583284,186.65196790190444,498400.56082134636,47.320873867543945,-1,-0.018156886320080348,0.9999394776629302,0.9845302109459336,0.9937757709761316,9.0,0.7222222222222222,1.1111111111111112,O13,de-protonated,,0.0,,C18 H20 O13,18.0,20.0,13.0,,,,
825,1576,443.09852277144483,443.09835135633597,443.09837038797906,2109190.2164355204,154.64931286873605,437831.32596584124,11.53209473255796,-1,-0.042951282070907856,0.999665317190308,0.0,0.5997991903141848,13.0,0.45454545454545453,0.9090909090909091,O10,de-protonated,,0.0,,C22 H20 O10,22.0,20.0,10.0,,,,
826,1577,443.11967714332263,443.119505721107,443.1194997560391,5843897.239266371,97.6205929792676,517186.82138913864,32.517776666751374,-1,0.01346153326192184,0.9999671197019563,0.0,0.5999802718211737,8.0,0.631578947368421,1.263157894736842,O12,de-protonated,,0.0,,C19 H24 O12,19.0,24.0,12.0,,,,
827,1578,443.1560633270562,443.15589189261675,443.1558852653891,1821026.2209159636,78.95987663571125,541988.105643253,10.288055037441476,-1,0.014954619543592408,0.9999594215219617,0.0,0.599975652913177,7.0,0.55,1.4,O11,de-protonated,,0.0,,C20 H28 O11,20.0,28.0,11.0,,,,
828,1579,443.2288476443191,443.22867618542864,443.22865628408914,2641431.817165882,90.47637394586233,496568.7297038983,14.624780200820664,-1,0.044900841172762516,0.9996342508301754,0.0,0.5997805504981052,5.0,0.4090909090909091,1.6363636363636365,O9,de-protonated,,0.0,,C22 H36 O9,22.0,36.0,9.0,,,,
829,1580,444.08663267099575,444.08646092398516,444.08646908175905,1876369.1292262091,91.96621964922294,512434.40909791784,10.399503162423915,-1,-0.018369787100108826,0.9999387721825804,0.9845302109459336,0.9937753476879216,9.0,0.7222222222222222,1.1111111111111112,13C1 O13,de-protonated,,1.0,1575.0,C17 H20 O13 13C1,17.0,20.0,13.0,,,,1.0
830,1582,444.22413581267534,444.2239640194864,444.22390525628913,2893094.9856642573,311.5308021625311,461872.76645952277,15.833992356880136,-1,0.1322828343503709,0.9968299104937317,0.0,0.598097946296239,5.0,0.42857142857142855,1.6666666666666667,N1 O9,de-protonated,,0.0,,C21 H35 O9 N1,21.0,35.0,9.0,1.0,,,
831,1585,445.00501292725016,445.00484087185407,445.0048639243891,2992254.5718052443,181.56103747572806,431932.36321832816,16.731149762988778,-1,-0.051802883285928615,0.9995131939537141,0.0,0.5997079163722284,15.0,0.6842105263157895,0.5263157894736842,O13,de-protonated,,0.0,,C19 H10 O13,19.0,10.0,13.0,,,,
832,1586,445.0389617799141,445.03878971312,445.0387475102891,1716094.779336361,54.166466880861215,575994.5883216526,9.350497686026701,-1,0.09482956517340951,0.9983696266236516,0.0,0.5990217759741909,18.0,0.2916666666666667,0.5833333333333334,S1 O7,de-protonated,,0.0,,C24 H14 O7 S1,24.0,14.0,7.0,,,1.0,
833,1586,445.0389617799141,445.03878971312,445.0388804520191,1716094.779336361,54.166466880861215,575994.5883216526,9.350497686026701,-1,-0.20388982415029053,0.9924853628410832,0.0,0.59549121770465,5.0,1.1538461538461537,1.4615384615384615,P1 O15,de-protonated,,0.0,,C13 H19 O15 P1,13.0,19.0,15.0,,1.0,,
834,1587,445.04144039595207,445.04126832832577,445.0412494337391,5266340.151773063,247.4972461983017,500446.25283208943,29.149257089157132,-1,0.042455809878217475,0.999672992984837,0.0,0.5998037957909022,14.0,0.6,0.7,O12,de-protonated,,0.0,,C20 H14 O12,20.0,14.0,12.0,,,,
835,1588,445.0625224743183,445.062350399614,445.06237880179907,4508693.746008858,211.87528381054682,462861.7890946169,24.839000855461272,-1,-0.06381618944457178,0.9992613220868688,0.0,0.5995567932521213,9.0,0.8235294117647058,1.0588235294117647,O14,de-protonated,,0.0,,C17 H18 O14,17.0,18.0,14.0,,,,
836,1589,445.07775809562116,445.07758601580167,445.0776349430891,2935452.1023477456,85.28444580770267,506857.23286433285,16.210129778695872,-1,-0.10992978209205119,0.9978096752790281,0.0,0.5986858051674169,13.0,0.5238095238095238,0.8571428571428571,O11,de-protonated,,0.0,,C21 H18 O11,21.0,18.0,11.0,,,,
837,1590,445.09889489426763,445.0987228073518,445.09876431114907,4940651.976719708,253.7746934556568,506411.59391328914,26.889646355138165,-1,-0.09324626485361945,0.9984235718733688,0.0,0.5990541431240213,8.0,0.7222222222222222,1.2222222222222223,O13,de-protonated,,0.0,,C18 H22 O13,18.0,22.0,13.0,,,,
838,1591,445.1141464617876,445.1139743697513,445.1140204524391,2447110.1359554427,101.18577131792608,448167.69537718134,13.489402427562059,-1,-0.10353007470208103,0.9980570365458239,0.0,0.5988342219274944,12.0,0.45454545454545453,1.0,O10,de-protonated,,0.0,,C22 H22 O10,22.0,22.0,10.0,,,,
839,1592,445.1353375973462,445.1351654981954,445.13514982049907,3478347.216736086,124.60749204849853,465104.9698286943,19.06459487980861,-1,0.03522008172102263,0.9997749465512128,0.0,0.5998649679307276,7.0,0.631578947368421,1.368421052631579,O12,de-protonated,,0.0,,C19 H26 O12,19.0,26.0,12.0,,,,
840,1593,445.17171602207463,445.1715439107106,445.17153532984906,1524540.8327763693,185.51162444101666,375786.4835553219,8.42408514711017,-1,0.019275404826816906,0.9999325866040665,0.0,0.5999595519624399,6.0,0.55,1.5,O11,de-protonated,,0.0,,C20 H30 O11,20.0,30.0,11.0,,,,
841,1594,445.2081287707484,445.20795664715973,445.20792083919906,1809419.969226466,22.701160326508028,486281.01955927873,9.830421174232331,-1,0.0804297475295745,0.9988269071691644,0.0,0.5992961443014987,5.0,0.47619047619047616,1.619047619047619,O10,de-protonated,,0.0,,C21 H34 O10,21.0,34.0,10.0,,,,
842,1595,445.24446109243655,445.24428895665045,445.24430634854906,2281423.6909480128,134.96953276226316,437292.92079351435,12.558810583958687,-1,-0.039061473355845616,0.999723184150756,0.0,0.5998339104904535,4.0,0.4090909090909091,1.7272727272727273,O9,de-protonated,,0.0,,C22 H38 O9,22.0,38.0,9.0,,,,
843,1596,446.0366696193409,446.03649721763037,446.0364984059391,1873626.1117385414,180.85107139363774,437535.5965582293,10.366765275710323,-1,-0.0026641512963047425,0.999998712132102,0.0,0.5999992272792611,14.0,0.631578947368421,0.6842105263157895,N1 O12,de-protonated,,0.0,,C19 H13 O12 N1,19.0,13.0,12.0,1.0,,,
844,1597,446.0730124595741,446.0728400456659,446.0728839152891,1906148.8261933865,244.82022346201754,428147.5312865885,10.565282248335294,-1,-0.09834631240769373,0.9982465678820013,0.0,0.5989479407292008,13.0,0.55,0.85,N1 O11,de-protonated,,0.0,,C20 H17 O11 N1,20.0,17.0,11.0,1.0,,,
845,1600,447.0206771261078,447.02050439418497,447.0205139888491,4370832.9517276175,174.15790897062146,497618.637782921,23.894477996235096,-1,-0.021463587926102586,0.999916412695482,0.0,0.5999498476172892,14.0,0.6842105263157895,0.631578947368421,O13,de-protonated,,0.0,,C19 H12 O13,19.0,12.0,13.0,,,,
846,1601,447.0570826501913,447.05690990605353,447.0568994981991,6470575.27659771,229.5315130070714,473472.32078383164,36.067399447442085,-1,0.023280827278627948,0.9999016602067775,0.0,0.5999409961240665,13.0,0.6,0.8,O12,de-protonated,,0.0,,C20 H16 O12,20.0,16.0,12.0,,,,
847,1602,447.06825135982564,447.06807861194056,447.06813288748907,1993246.4029608942,135.70229727494564,422035.3545240832,10.89196456469007,-1,-0.12140330413749337,0.9973292437831272,0.0,0.5983975462698763,13.0,0.5789473684210527,0.8421052631578947,N2 O11,de-protonated,,0.0,,C19 H16 O11 N2,19.0,16.0,11.0,2.0,,,
848,1603,447.07812270229357,447.0779499510964,447.0780288662591,2172093.7064758595,88.16987393623212,498548.7929726539,12.076797443409633,-1,-0.17651317579465312,0.9943625714765517,0.0,0.596617542885931,8.0,0.8235294117647058,1.1764705882352942,O14,de-protonated,,0.0,,C17 H20 O14,17.0,20.0,14.0,,,,
849,1604,447.09347969620165,447.09330693985197,447.09328500754907,4354170.736109936,82.55509350465869,472498.68376429804,24.097870824328048,-1,0.04905531716869858,0.999563452815094,0.0,0.5997380716890564,12.0,0.5238095238095238,0.9523809523809523,O11,de-protonated,,0.0,,C21 H20 O11,21.0,20.0,11.0,,,,
850,1605,447.114614161642,447.11444139820134,447.1144143756091,1714311.842583402,168.2197649976436,406650.8250439683,9.325421857905651,-1,0.060437756793655886,0.999337437901935,0.0,0.5996024627411609,7.0,0.7222222222222222,1.3333333333333333,O13,de-protonated,,0.0,,C18 H24 O13,18.0,24.0,13.0,,,,
851,1606,447.12979319370714,447.1296204251737,447.12967051689907,1904938.4398986322,124.12874113951528,484219.8961914885,10.699716549095362,-1,-0.11202952671958843,0.9977252984852932,0.0,0.5986351790911759,11.0,0.45454545454545453,1.0909090909090908,O10,de-protonated,,0.0,,C22 H24 O10,22.0,24.0,10.0,,,,
852,1607,447.1661911400436,447.1660183592982,447.1660560262491,1586517.0232117907,170.62796755530388,475336.84689542046,8.796043264239062,-1,-0.08423481700976321,0.998713358482379,0.0,0.5992280150894274,10.0,0.391304347826087,1.2173913043478262,O9,de-protonated,,0.0,,C23 H28 O9,23.0,28.0,9.0,,,,
853,1609,447.2237615340161,447.22358873395535,447.2235709036591,1852865.9036093664,144.24871753577446,410016.6826489576,10.158496592149389,-1,0.03986886518994903,0.9997116241090924,0.0,0.5998269744654554,4.0,0.47619047619047616,1.7142857142857142,O10,de-protonated,,0.0,,C21 H36 O10,21.0,36.0,10.0,,,,
854,1613,448.088721468125,448.088548377907,448.08853397974906,2035439.127269423,108.3565137927641,473768.2141786995,11.30919848259308,-1,0.032132395359548864,0.999812673442799,0.0,0.5998876040656794,12.0,0.55,0.95,N1 O11,de-protonated,,0.0,,C20 H19 O11 N1,20.0,19.0,11.0,1.0,,,
855,1616,449.03393613671625,449.03376272951107,449.0336621298591,1535404.1618580918,276.6922487996158,389979.6504230804,8.360002475245267,-1,0.2240358806658323,0.990934059498369,0.0,0.5945604356990214,17.0,0.34782608695652173,0.6086956521739131,S1 O8,de-protonated,,0.0,,C23 H14 O8 S1,23.0,14.0,8.0,,,1.0,
856,1617,449.03631730137795,449.0361438933743,449.03616405330905,7069227.478000631,108.77914541745469,490104.78351091314,39.03191957197498,-1,-0.0448960159051878,0.9996343294220253,0.0,0.5997805976532152,13.0,0.6842105263157895,0.7368421052631579,O13,de-protonated,,0.0,,C19 H14 O13,19.0,14.0,13.0,,,,
857,1618,449.0704194938122,449.07024607437387,449.07018058093905,2079626.2618415928,75.56778945505144,516980.346412473,11.39417767789219,-1,0.14584231518763596,0.9961480278593041,0.0,0.5976888167155825,3.0,1.1538461538461537,1.7692307692307692,P1 O15,de-protonated,,0.0,,C13 H23 O15 P1,13.0,23.0,15.0,,1.0,,
858,1619,449.0727273958482,449.072553975636,449.0725495626591,7502586.110545513,117.49822097586251,494886.9669341665,42.199832524600836,-1,0.009826868565164765,0.4999912390677371,0.8221557383861047,0.6288570387950841,12.0,0.6,0.9,O12,de-protonated,,0.0,,C20 H18 O12,20.0,18.0,12.0,,,,
859,1620,449.1090669012809,449.108893468884,449.1089350720091,4756247.411201034,154.41408458860343,523575.7293599834,25.875468417797965,-1,-0.09263481944611604,0.998444162331839,0.0,0.5990664973991033,11.0,0.5238095238095238,1.0476190476190477,O11,de-protonated,,0.0,,C21 H22 O11,21.0,22.0,11.0,,,,
860,1621,449.14546685210695,449.14529340750516,449.14532058135904,2259374.2319960333,107.12880258620632,532258.8853398953,12.418107326168355,-1,-0.06050125123152844,0.9993360454899011,0.0,0.5996016272939406,10.0,0.45454545454545453,1.1818181818181819,O10,de-protonated,,0.0,,C22 H26 O10,22.0,26.0,10.0,,,,
861,1626,450.0679210188803,450.0677472650283,450.0677985348591,2483174.029457896,136.18108522042476,512405.4921121174,13.497761036935742,-1,-0.11391579440392123,0.9976481451514178,0.0,0.5985888870908507,12.0,0.631578947368421,0.8947368421052632,N1 O12,de-protonated,,0.0,,C19 H17 O12 N1,19.0,17.0,12.0,1.0,,,
862,1630,451.0155922220092,451.0154181505485,451.0154286084191,3092413.8295292268,179.11274206244755,495922.51499060297,16.845384091095777,-1,-0.023187389884987586,0.9999024479560572,0.0,0.5999414687736343,13.0,0.7777777777777778,0.6666666666666666,O14,de-protonated,,0.0,,C18 H12 O14,18.0,12.0,14.0,,,,
863,1631,451.0519663962368,451.05179231258734,451.0518141177691,9364816.37132191,98.02359857780573,486119.16945283714,51.81223330433627,-1,-0.04834296429601678,0.49978801833068964,0.8295321147073624,0.6316856568813588,12.0,0.6842105263157895,0.8421052631578947,O13,de-protonated,,0.0,,C19 H16 O13,19.0,16.0,13.0,,,,
864,1632,451.0859905070903,451.08581641203966,451.0858306453991,1823210.214027061,101.23717769983864,466804.9220637333,9.93977964687135,-1,-0.03155355024623207,0.9998193611906594,0.0,0.5998916167143956,2.0,1.1538461538461537,1.9230769230769231,P1 O15,de-protonated,,0.0,,C13 H25 O15 P1,13.0,25.0,15.0,,1.0,,
865,1633,451.08839903860047,451.0882249427428,451.0881996271191,8458073.976691673,145.81190073813468,505436.3377743144,46.23982705521428,-1,0.056121228006304015,0.9992598085416317,0.9866365971216975,0.994210523973658,11.0,0.6,1.0,O12,de-protonated,,0.0,,C20 H20 O12,20.0,20.0,12.0,,,,
866,1634,451.12472310298403,451.1245489949547,451.1245851364691,5055809.959769648,127.14212033867143,496393.2577125801,27.669783230015245,-1,-0.08011426460997936,0.9988360866056362,0.0,0.5993016519633817,10.0,0.5238095238095238,1.1428571428571428,O11,de-protonated,,0.0,,C21 H24 O11,21.0,24.0,11.0,,,,
867,1635,451.16119743207696,451.1610233118258,451.1609706458191,2444982.508906183,66.96937965550443,498008.1808736722,13.653788411911158,-1,0.1167344032882558,0.9975304674273199,0.0,0.5985182804563919,9.0,0.45454545454545453,1.2727272727272727,O10,de-protonated,,0.0,,C22 H28 O10,22.0,28.0,10.0,,,,
868,1636,451.1935614188102,451.1933872877145,451.1933334031691,2652334.2167487396,256.46716486143606,440906.4071588145,14.545373411770676,-1,0.1194267321277019,0.9974153896468595,0.0,0.5984492337881157,4.0,0.6111111111111112,1.7777777777777777,N2 O11,de-protonated,,0.0,,C18 H32 O11 N2,18.0,32.0,11.0,2.0,,,
869,1638,452.04731799219735,452.04714357506737,452.0470630899691,2332130.131665842,73.38597601075065,406941.9549741202,12.891761857343726,-1,0.17804583829025797,0.9942645294573027,0.0,0.5965587176743816,12.0,0.7222222222222222,0.8333333333333334,N1 O13,de-protonated,,0.0,,C18 H15 O13 N1,18.0,15.0,13.0,1.0,,,
870,1640,452.0835133887159,452.0833389594611,452.08344859931907,1956722.601271334,121.4381193338628,521043.84661602427,10.827185342044027,-1,-0.2425212829470315,0.9893845559248984,0.0,0.593630733554939,11.0,0.631578947368421,1.0,N1 O12,de-protonated,,0.0,,C19 H19 O12 N1,19.0,19.0,12.0,1.0,,,
871,1641,452.0917609011152,452.0915864690977,452.0915544621891,1665062.1179427456,62.89855541461455,521620.83169254905,9.18541515089646,-1,0.07079740440975127,0.9990909431873982,0.9866365971216975,0.994109204761118,11.0,0.6,1.0,13C1 O12,de-protonated,,1.0,1633.0,C19 H20 O12 13C1,19.0,20.0,12.0,,,,1.0
872,1642,452.1200499263979,452.1198754849041,452.11983410866907,1609348.9667222006,33.1821985547909,416432.63156780583,8.976449916554387,-1,0.09151608033734808,0.9984814863501013,0.0,0.5990888918100608,10.0,0.55,1.15,N1 O11,de-protonated,,0.0,,C20 H23 O11 N1,20.0,23.0,11.0,1.0,,,
873,1645,453.0312084582613,453.0310337115957,453.0310786728791,4614534.228606314,167.93474973156836,457524.8340210585,25.206779667903323,-1,-0.09924547244662912,0.9982143875488844,0.0,0.5989286325293306,12.0,0.7777777777777778,0.7777777777777778,O14,de-protonated,,0.0,,C18 H14 O14,18.0,14.0,14.0,,,,
874,1646,453.0676295032172,453.0674547443551,453.0674641822291,10269580.876296235,118.42759254721406,490423.2656548773,56.175427397398785,-1,-0.020831056713443055,0.9992214034988403,0.9926387166621625,0.9965883287641691,11.0,0.6842105263157895,0.9473684210526315,O13,de-protonated,,0.0,,C19 H18 O13,19.0,18.0,13.0,,,,
875,1647,453.10403027397354,453.1038555029218,453.1038496915791,8852222.27026857,69.42325355168339,496236.5891441839,48.21245886740346,-1,0.01282563082836424,0.9999841075149714,0.9858691249257977,0.9943381144793019,10.0,0.6,1.1,O12,de-protonated,,0.0,,C20 H22 O12,20.0,22.0,12.0,,,,
876,1648,453.14041782108467,453.1402430378479,453.14023520092906,4193837.124564247,165.40007161761187,507113.98340084543,22.858010433898407,-1,0.0172946876421436,0.9999457290419191,0.0,0.5999674374251515,9.0,0.5238095238095238,1.2380952380952381,O11,de-protonated,,0.0,,C21 H26 O11,21.0,26.0,11.0,,,,
877,1649,453.17680724740694,453.1766324519847,453.17662071027905,1820314.5533146674,173.7583901432986,487164.47490119695,10.02406229138932,-1,0.02590977799350316,0.9998781979040937,0.0,0.5999269187424562,8.0,0.45454545454545453,1.3636363636363635,O10,de-protonated,,0.0,,C22 H30 O10,22.0,30.0,10.0,,,,
878,1652,454.0629004928858,454.0627254007864,454.0627131544291,1811058.4245488318,172.00389847201305,456714.0909053733,9.850621146885398,-1,0.02697062970796619,0.9998680202381028,0.0,0.5999208121428616,11.0,0.7222222222222222,0.9444444444444444,N1 O13,de-protonated,,0.0,,C18 H17 O13 N1,18.0,17.0,13.0,1.0,,,
879,1653,454.07095310943515,454.07077801464004,454.0708190172991,2221230.6247512503,127.730048146393,491592.17750731955,12.216107599637684,-1,-0.09030014111093351,0.9985215404570097,0.9926387166621625,0.9961684109390708,11.0,0.6842105263157895,0.9473684210526315,13C1 O13,de-protonated,,1.0,1646.0,C18 H18 O13 13C1,18.0,18.0,13.0,,,,1.0
880,1654,454.0991789532364,454.09900384899225,454.0990986637791,1508670.9610402947,124.605854183607,476377.6663837023,8.291043947912382,-1,-0.20879756671500463,0.9921206919374208,0.0,0.5952724151624524,10.0,0.631578947368421,1.105263157894737,N1 O12,de-protonated,,0.0,,C19 H21 O12 N1,19.0,21.0,12.0,1.0,,,
881,1655,454.10738111760315,454.10720601061325,454.1072045266491,1732931.3454765033,150.33507358100127,441406.69919661724,9.62981454926394,-1,0.0032678717974504875,0.9999980623138811,0.9858691249257977,0.9943464873586477,10.0,0.6,1.1,13C1 O12,de-protonated,,1.0,1647.0,C19 H22 O12 13C1,19.0,22.0,12.0,,,,1.0
882,1658,455.0258190348689,455.02564362046616,455.0255993692791,2751986.869799898,134.80547366515987,462835.3173682133,15.000917622636399,-1,0.0972498846130816,0.9982854133668817,0.0,0.598971248020129,16.0,0.5714285714285714,0.5714285714285714,O12,de-protonated,,0.0,,C21 H12 O12,21.0,12.0,12.0,,,,
883,1659,455.0468749499578,455.04669952850844,455.0467287373391,6509401.541454597,52.57626480733989,474695.7779694625,36.06461324431752,-1,-0.06418863999915735,0.9992526778629538,0.0,0.5995516067177723,11.0,0.7777777777777778,0.8888888888888888,O14,de-protonated,,0.0,,C18 H16 O14,18.0,16.0,14.0,,,,
884,1660,455.08330237886753,455.08312694522743,455.08311424668904,11371099.003684515,186.6378783221938,480959.8504199003,62.67842549012415,-1,0.027903778455066107,0.9969552125368568,0.9985634364546634,0.9975985021039795,10.0,0.6842105263157895,1.0526315789473684,O13,de-protonated,,0.0,,C19 H20 O13,19.0,20.0,13.0,,,,
885,1661,455.1196861881485,455.1195107423323,455.1194997560391,8459335.303973002,214.80455998089116,477636.23071188375,46.568599023912476,-1,0.024139359466777376,0.9983197798871825,0.977796567728324,0.990110495023639,9.0,0.6,1.2,O12,de-protonated,,0.0,,C20 H24 O12,20.0,24.0,12.0,,,,
886,1662,455.1560062726023,455.1558308146316,455.1558852653891,3105818.335183783,82.81973438594258,476256.99041645584,16.99165975513523,-1,-0.11963100830151369,0.9974065517588506,0.0,0.5984439310553104,8.0,0.5238095238095238,1.3333333333333333,O11,de-protonated,,0.0,,C21 H28 O11,21.0,28.0,11.0,,,,
887,1664,455.22881003773233,455.2286345553982,455.22865628408914,2061129.7126911914,96.64920145449938,399891.0488287143,11.348205326336934,-1,-0.047731377775640474,0.9995866937187381,0.0,0.5997520162312429,6.0,0.391304347826087,1.565217391304348,O9,de-protonated,,0.0,,C23 H36 O9,23.0,36.0,9.0,,,,
888,1665,455.2651147359359,455.2649392414528,455.265041793439,1731419.6749912472,410.5025862472396,384938.87642201834,9.550407760213952,-1,-0.22525776595322577,0.9908353548361657,0.0,0.5945012129016994,5.0,0.3333333333333333,1.6666666666666667,O8,de-protonated,,0.0,,C24 H40 O8,24.0,40.0,8.0,,,,
889,1666,456.02097695300523,456.0208012056131,456.0208483414791,1818647.1230458964,100.93338366789818,502504.1222124365,9.911917615625741,-1,-0.10336340140883105,0.9980632814152317,0.0,0.598837968849139,16.0,0.6,0.55,N1 O12,de-protonated,,0.0,,C20 H11 O12 N1,20.0,11.0,12.0,1.0,,,
890,1668,456.0785824462697,456.07840667960556,456.0783632188891,1506792.1446888726,393.81361363992477,405767.84223777073,8.287561194006681,-1,0.09529221289229388,0.9983536926529222,0.0,0.5990122155917533,10.0,0.7222222222222222,1.0555555555555556,N1 O13,de-protonated,,0.0,,C18 H19 O13 N1,18.0,19.0,13.0,1.0,,,
891,1669,456.0867275528278,456.0865517834387,456.08646908175905,2360527.724327741,177.61688715823283,457512.17886473646,12.84718260735075,-1,0.1813289480827948,0.9940516948249452,0.9985634364546634,0.9958563914768324,10.0,0.6842105263157895,1.0526315789473684,13C1 O13,de-protonated,,1.0,1660.0,C18 H20 O13 13C1,18.0,20.0,13.0,,,,1.0
892,1670,456.1229692340639,456.1227934525502,456.1228545911091,2115464.2675941335,143.25015937814968,447919.8095374995,11.509805107561471,-1,-0.1340396744082151,0.9967452859086289,0.977796567728324,0.9891657986365069,9.0,0.6,1.2,13C1 O12,de-protonated,,1.0,1661.0,C19 H24 O12 13C1,19.0,24.0,12.0,,,,1.0
893,1671,457.00507272410357,457.0048966475286,457.0048639243891,2463927.621552785,241.79284649197868,445228.54029186134,13.52005066193223,-1,0.0716034818899913,0.9990701345420566,0.0,0.599442080725234,16.0,0.65,0.5,O13,de-protonated,,0.0,,C20 H10 O13,20.0,10.0,13.0,,,,
894,1672,457.0414165351753,457.0412404464452,457.0412494337391,3040751.559851097,246.9885758708085,465145.7031080691,16.57651548957564,-1,-0.019664076038390547,0.9999298406296602,0.0,0.5999579043777961,15.0,0.5714285714285714,0.6666666666666666,O12,de-protonated,,0.0,,C21 H14 O12,21.0,14.0,12.0,,,,
895,1673,457.0625619440888,457.0623858482868,457.06237880179907,8124120.533482021,142.40436949159206,477407.66033065517,45.49869702408105,-1,0.015416905986564493,0.4999784370132594,0.8370420509349353,0.6348038825819298,10.0,0.7777777777777778,1.0,O14,de-protonated,,0.0,,C18 H18 O14,18.0,18.0,14.0,,,,
896,1674,457.07783519503647,457.0776590941264,457.0776349430891,2088300.5301816345,105.04550251684681,504922.0342007854,11.631004943479875,-1,0.05283793262662982,0.9994935512953825,0.0,0.5996961307772295,14.0,0.5,0.8181818181818182,O11,de-protonated,,0.0,,C22 H18 O11,22.0,18.0,11.0,,,,
897,1675,457.0989233189413,457.09874721097844,457.09876431114907,9132962.984000372,123.81163004296853,470067.810916954,50.83706221073992,-1,-0.03741023157058303,0.9983083323377437,0.9984720792862329,0.9983738311171395,9.0,0.6842105263157895,1.1578947368421053,O13,de-protonated,,0.0,,C19 H22 O13,19.0,22.0,13.0,,,,
898,1676,457.135338776115,457.1351626559735,457.13514982049907,5394322.128643646,270.29525539048626,482200.69363474246,30.09377994838331,-1,0.028078073687902914,0.9998569600384882,0.0,0.5999141760230929,8.0,0.6,1.3,O12,de-protonated,,0.0,,C20 H26 O12,20.0,26.0,12.0,,,,
899,1677,457.17171069518923,457.1715345628837,457.17153532984906,1690525.3679800308,109.70229059727156,508238.2184326799,9.553193963338513,-1,-0.001677631443606209,0.9999994893223723,0.0,0.5999996935934233,7.0,0.5238095238095238,1.4285714285714286,O11,de-protonated,,0.0,,C21 H30 O11,21.0,30.0,11.0,,,,
900,1678,457.24442106467717,457.24424490805524,457.24430634854906,2641892.7529713144,193.2975343392365,455115.77457461844,14.484076943030335,-1,-0.13437126054982254,0.996729189422193,0.0,0.5980375136533158,5.0,0.391304347826087,1.6521739130434783,O9,de-protonated,,0.0,,C23 H38 O9,23.0,38.0,9.0,,,,
901,1679,458.1022353811604,458.10205893770444,458.1021191462191,1856571.57997653,149.10201529445263,463560.9914807441,10.228848221044554,-1,-0.13143033424935574,0.9968705744849714,0.9984720792862329,0.997511176405476,9.0,0.6842105263157895,1.1578947368421053,13C1 O13,de-protonated,,1.0,1675.0,C18 H22 O13 13C1,18.0,22.0,13.0,,,,1.0
902,1680,458.2033589967578,458.2031825194935,458.20316981139905,1820937.509296983,56.40537176016151,565402.4705429248,10.010827826547656,-1,0.027734627991865386,0.9998604376701522,0.0,0.5999162626020913,6.0,0.47619047619047616,1.5714285714285714,N1 O10,de-protonated,,0.0,,C21 H33 O10 N1,21.0,33.0,10.0,1.0,,,
903,1683,459.0206832838852,459.0205065334085,459.0205139888491,3290974.654040068,174.15213306653106,529374.2039052878,18.00305148935087,-1,-0.016242064065421495,0.9999521341393096,0.0,0.5999712804835857,15.0,0.65,0.6,O13,de-protonated,,0.0,,C20 H12 O13,20.0,12.0,13.0,,,,
904,1684,459.0417938389366,459.0416170814041,459.0416433569091,1650444.6782657218,82.84407219069209,473462.9535662851,9.273877100101274,-1,-0.05723991572259735,0.9994056767613645,0.0,0.5996434060568187,10.0,0.8823529411764706,0.9411764705882353,O15,de-protonated,,0.0,,C17 H16 O15,17.0,16.0,15.0,,,,
905,1685,459.0570847865324,459.05690802388926,459.0568994981991,3285385.490459828,111.48927268849057,445214.4777322684,17.88742405968159,-1,0.018572186150525107,0.9999374155710561,0.0,0.5999624493426337,14.0,0.5714285714285714,0.7619047619047619,O12,de-protonated,,0.0,,C21 H16 O12,21.0,16.0,12.0,,,,
906,1686,459.0781811957201,459.0780044260259,459.0780288662591,7041128.748648441,130.36277203392493,470398.1651820438,38.5805546657961,-1,-0.05323764510424331,0.9994858618455922,0.0,0.5996915171073552,9.0,0.7777777777777778,1.1111111111111112,O14,de-protonated,,0.0,,C18 H20 O14,18.0,20.0,14.0,,,,
907,1687,459.0934307138009,459.0932539390099,459.09328500754907,3289769.249729953,202.9144283601312,426892.4855043551,18.39033372366485,-1,-0.06767369546198038,0.9991693593519569,0.0,0.5995016156111741,13.0,0.5,0.9090909090909091,O11,de-protonated,,0.0,,C22 H20 O11,22.0,20.0,11.0,,,,
908,1688,459.11459634113413,459.1144195592691,459.1144143756091,4737780.869582371,153.07800101702657,498772.70128930744,25.786309917812012,-1,0.011290562507692663,0.999976869769297,0.0,0.5999861218615782,8.0,0.6842105263157895,1.263157894736842,O13,de-protonated,,0.0,,C19 H24 O13,19.0,24.0,13.0,,,,
909,1689,459.1510279364181,459.15085114237684,459.1507998849591,1683131.1710799383,117.69774988510194,469007.7340968392,9.165911729024534,-1,0.11163525741577317,0.997741263115501,0.0,0.5986447578693006,7.0,0.6,1.4,O12,de-protonated,,0.0,,C20 H28 O12,20.0,28.0,12.0,,,,
910,1690,459.1662446757154,459.1660678765885,459.1660560262491,1540564.0395424094,62.343567332420676,424028.1699966424,8.382292100241754,-1,0.025808395940691783,0.9998791491775897,0.0,0.5999274895065538,11.0,0.375,1.1666666666666667,O9,de-protonated,,0.0,,C24 H28 O9,24.0,28.0,9.0,,,,
911,1691,459.2236718564025,459.2234950380826,459.2235709036591,1939357.5586468047,179.44928976836576,484518.4826649675,10.849474967040516,-1,-0.16520401237660404,0.9950600778440485,0.0,0.5970360467064291,5.0,0.45454545454545453,1.6363636363636365,O10,de-protonated,,0.0,,C22 H36 O10,22.0,36.0,10.0,,,,
912,1692,460.05234322550007,460.05216613026636,460.05214847039906,2264812.930335478,85.42499411417572,498369.99354177073,12.402783208983271,-1,0.038386664110214165,0.9997326645724075,0.0,0.5998395987434445,14.0,0.6,0.75,N1 O12,de-protonated,,0.0,,C20 H15 O12 N1,20.0,15.0,12.0,1.0,,,
913,1693,460.08877336941623,460.08859626201047,460.08853397974906,1754239.3483552046,128.6871321680249,444086.1715354358,9.538566396934568,-1,0.1353701664150031,0.9966804598495708,0.0,0.5980082759097425,13.0,0.5238095238095238,0.9047619047619048,N1 O11,de-protonated,,0.0,,C21 H19 O11 N1,21.0,19.0,11.0,1.0,,,
914,1696,461.0363252020908,461.0361477781398,461.03616405330905,5816875.163545107,132.0916011956097,443180.3884948733,32.428618166765425,-1,-0.035301285450142154,0.9997739077019183,0.0,0.599864344621151,14.0,0.65,0.7,O13,de-protonated,,0.0,,C20 H14 O13,20.0,14.0,13.0,,,,
915,1697,461.0727137582543,461.072536322149,461.0725495626591,4855062.086644837,154.35443725715547,492299.1558427475,26.541370964568042,-1,-0.028716760762347953,0.9998503791089901,0.0,0.599910227465394,13.0,0.5714285714285714,0.8571428571428571,O12,de-protonated,,0.0,,C21 H18 O12,21.0,18.0,12.0,,,,
916,1698,461.0939484622889,461.093771019091,461.0936789307191,3163740.9106527143,223.08936294931289,441566.44244794897,17.256349051968524,-1,0.19971727245101023,0.9927886854724804,0.0,0.5956732112834883,8.0,0.7777777777777778,1.2222222222222223,O14,de-protonated,,0.0,,C18 H22 O14,18.0,22.0,14.0,,,,
917,1699,461.109110175145,461.10893272688304,461.1089350720091,2818502.5085059954,306.66613014216273,478935.635550322,15.390986060074939,-1,-0.0050858395592635166,0.9999953067021112,0.0,0.5999971840212667,12.0,0.5,1.0,O11,de-protonated,,0.0,,C22 H22 O11,22.0,22.0,11.0,,,,
918,1701,462.0316710580145,462.03149330165616,462.03141302550904,1613050.1446428075,209.12494158354042,366639.0967599293,8.836443209545196,-1,0.1737460805764148,0.9945374556506246,0.0,0.5967224733903748,14.0,0.6842105263157895,0.6842105263157895,N1 O13,de-protonated,,0.0,,C19 H13 O13 N1,19.0,13.0,13.0,1.0,,,
919,1702,462.03949062335664,462.0393128643873,462.0392963381791,1521681.5127445317,126.17991904249921,418289.9718742866,8.374630041649212,-1,0.03576797107089672,0.9997678909720746,0.0,0.5998607345832447,17.0,0.125,0.75,N1 S2 P1 O3,de-protonated,,0.0,,C24 H18 O3 N1 P1 S2,24.0,18.0,3.0,1.0,1.0,2.0,
920,1703,462.06798577801095,462.06780800952686,462.0677985348591,2279434.050251331,116.61374353938764,469547.1082942299,12.613141544887625,-1,0.02050492978148557,0.999923712420616,0.0,0.5999542274523696,13.0,0.6,0.85,N1 O12,de-protonated,,0.0,,C20 H17 O12 N1,20.0,17.0,12.0,1.0,,,
921,1707,463.0155972710385,463.01541918619137,463.0154286084191,3716033.7745404057,133.62752779636705,445971.24304296914,20.24455190306019,-1,-0.020349705728257072,0.9999248630124976,0.0,0.5999549178074985,14.0,0.7368421052631579,0.631578947368421,O14,de-protonated,,0.0,,C19 H12 O14,19.0,12.0,14.0,,,,
922,1708,463.04956984800015,463.04939175181295,463.04931219431904,1632580.13697861,152.67845244523875,396425.19730962726,8.906098287659221,-1,0.17181214140616613,0.9946580606592872,0.0,0.5967948363955723,17.0,0.3333333333333333,0.6666666666666666,S1 O8,de-protonated,,0.0,,C24 H16 O8 S1,24.0,16.0,8.0,,,1.0,
923,1709,463.0519916509322,463.05181355393665,463.0518141177691,7502359.2657501865,66.94226010416531,515087.7204987254,40.890317056057164,-1,-0.0012176443595377053,0.999762691800553,0.9883443451462066,0.9951953531388145,13.0,0.65,0.8,O13,de-protonated,,0.0,,C20 H16 O13,20.0,16.0,13.0,,,,
924,1710,463.06321363760986,463.0630355368684,463.0630475070591,1683850.6188385999,165.08511589345267,375992.3985676788,9.222332342296895,-1,-0.025850023490358986,0.9998787590351303,0.0,0.5999272554210782,13.0,0.631578947368421,0.8421052631578947,N2 O12,de-protonated,,0.0,,C19 H16 O12 N2,19.0,16.0,12.0,2.0,,,
925,1711,463.08840689751014,463.08822878835934,463.0881996271191,6565262.803023687,60.25753729459308,492298.5595083427,35.90301346309298,-1,0.06297124454240212,0.49964037311186427,0.8149093904448103,0.6257479800450427,12.0,0.5714285714285714,0.9523809523809523,O12,de-protonated,,0.0,,C21 H20 O12,21.0,20.0,12.0,,,,
926,1712,463.12475589403164,463.1245777727478,463.1245851364691,2927120.287667859,205.66230057335963,492019.84789263253,15.960764599047662,-1,-0.015900087214719544,0.9999541285065064,0.0,0.5999724771039039,11.0,0.5,1.0909090909090908,O11,de-protonated,,0.0,,C22 H24 O11,22.0,24.0,11.0,,,,
927,1714,463.1610980017277,463.1609198683133,463.1609706458191,2009599.522740446,60.25975527885001,460954.99300834036,10.983909267800584,-1,-0.10963252308284233,0.9978214919983033,0.0,0.598692895198982,10.0,0.43478260869565216,1.2173913043478262,O10,de-protonated,,0.0,,C23 H28 O10,23.0,28.0,10.0,,,,
928,1718,464.0472062358703,464.04702780672744,464.0470630899691,2155142.164800091,153.80112750632105,442298.2937409577,11.810715045014058,-1,-0.0760337569960498,0.9989515711423669,0.0,0.5993709426854201,13.0,0.6842105263157895,0.7894736842105263,N1 O13,de-protonated,,0.0,,C19 H15 O13 N1,19.0,15.0,13.0,1.0,,,
929,1719,464.05532365497896,464.05514522312734,464.05516895283904,1754097.8502731693,88.2758326435374,449795.88146975945,9.633993853950782,-1,-0.051135540097879226,0.9995256526273774,0.9883443451462066,0.995053129634909,13.0,0.65,0.8,13C1 O13,de-protonated,,1.0,1709.0,C19 H16 O13 13C1,19.0,16.0,13.0,,,,1.0
930,1720,464.0836155312392,464.0834370899469,464.08344859931907,2125284.7776556415,162.2474478909312,493187.7792371212,11.658866974725484,-1,-0.024800221119874028,0.9998884060369849,0.0,0.5999330436221909,12.0,0.6,0.95,N1 O12,de-protonated,,0.0,,C20 H19 O12 N1,20.0,19.0,12.0,1.0,,,
931,1726,465.03123341959554,465.031054662144,465.0310786728791,6414435.3893212695,113.81165202768878,488231.9290292331,34.93898718199488,-1,-0.05163253856451359,0.9995163894699185,0.0,0.5997098336819511,13.0,0.7368421052631579,0.7368421052631579,O14,de-protonated,,0.0,,C19 H14 O14,19.0,14.0,14.0,,,,
932,1727,465.0676403155698,465.0674615459735,465.0674641822291,9206144.828146951,178.1142067740866,473157.79644802416,50.54729708578558,-1,-0.005668544468079003,0.9979275022315228,0.9850600607962808,0.992780525657426,12.0,0.65,0.9,O13,de-protonated,,0.0,,C20 H18 O13,20.0,18.0,13.0,,,,
933,1728,465.10404453402714,465.10386575228716,465.1038496915791,5900241.487043359,157.7767894980271,487534.5743352079,33.19761022914426,-1,0.03453144509441584,0.9997836602352209,0.0,0.5998701961411326,11.0,0.5714285714285714,1.0476190476190477,O12,de-protonated,,0.0,,C21 H22 O12,21.0,22.0,12.0,,,,
934,1729,465.1404182567054,465.1402394628321,465.14023520092906,3090067.7766955793,88.01515690416383,446016.9542992504,16.859315106718583,-1,0.009162619586671335,0.9999847668460137,0.0,0.5999908601076082,10.0,0.5,1.1818181818181819,O11,de-protonated,,0.0,,C22 H26 O11,22.0,26.0,11.0,,,,
935,1734,466.0629288293003,466.0627497277482,466.0627131544291,1962930.052130798,97.9777543368961,414963.81055314397,10.80837847095324,-1,0.07847295669698505,0.9988832621110244,0.0,0.5993299572666146,12.0,0.6842105263157895,0.8947368421052632,N1 O13,de-protonated,,0.0,,C19 H17 O13 N1,19.0,17.0,13.0,1.0,,,
936,1735,466.070927655204,466.07074855098455,466.0708190172991,1791576.3100787266,122.92927281237992,549093.8629273196,9.760069545337167,-1,-0.1511922902065642,0.9958608348271613,0.9850600607962808,0.9915405252148091,12.0,0.65,0.9,13C1 O13,de-protonated,,1.0,1727.0,C19 H18 O13 13C1,19.0,18.0,13.0,,,,1.0
937,1736,466.09919945538536,466.0990203417381,466.0990986637791,1887898.0590950085,114.97453899707565,478079.99037803954,10.366765275710323,-1,-0.16803731490665544,0.9948896197081045,0.0,0.5969337718248627,11.0,0.6,1.05,N1 O12,de-protonated,,0.0,,C20 H21 O12 N1,20.0,21.0,12.0,1.0,,,
938,1737,466.10727062239323,466.1070915060544,466.1069819764491,2023206.7994340658,165.75364660931285,439078.6537765605,11.099536697469865,-1,0.23498812407059863,0.990030536937889,0.0,0.5940183221627334,14.0,0.08,1.04,N1 S2 P1 O2,de-protonated,,0.0,,C25 H26 O2 N1 P1 S2,25.0,26.0,2.0,1.0,1.0,2.0,
939,1738,466.1721229902449,466.1719438522801,466.1718696824791,3177244.0414179424,122.67206454907942,477167.6197304327,17.312073114459743,-1,0.15910398250022875,0.9954173265768641,0.0,0.5972503959461184,9.0,0.45454545454545453,1.3181818181818181,N1 O10,de-protonated,,0.0,,C22 H29 O10 N1,22.0,29.0,10.0,1.0,,,
940,1742,467.0257185430463,467.0255391204793,467.0255993692791,1570361.6083595604,263.82527277319934,467308.8775898142,8.722905432219337,-1,-0.12900534762850788,0.9969848168859574,0.0,0.5981908901315744,17.0,0.5454545454545454,0.5454545454545454,O12,de-protonated,,0.0,,C22 H12 O12,22.0,12.0,12.0,,,,
941,1743,467.04690510208553,467.0467256724556,467.0467287373391,7359818.366356974,68.52831547406849,501416.65039366204,40.33586263426953,-1,-0.006562263102166197,0.4999960931259273,0.8295321147073624,0.6318105017585014,12.0,0.7368421052631579,0.8421052631578947,O14,de-protonated,,0.0,,C19 H16 O14,19.0,16.0,14.0,,,,
942,1745,467.08329139913803,467.08311195737815,467.08311424668904,9262461.493987516,251.13732328632636,475077.03517823934,51.49460614813631,-1,-0.004901292328998573,0.9998660200407229,0.9824010584778113,0.9928800354155582,11.0,0.65,1.0,O13,de-protonated,,0.0,,C20 H20 O13,20.0,20.0,13.0,,,,
943,1746,467.11965059765265,467.119471143772,467.1194997560391,6733613.391086758,72.98415151256242,485960.6345017262,36.69429515046831,-1,-0.061252564100456555,0.998842402132385,0.9639470114577433,0.9848842458625283,10.0,0.5714285714285714,1.1428571428571428,O12,de-protonated,,0.0,,C21 H24 O12,21.0,24.0,12.0,,,,
944,1747,467.15607849935924,467.15589903333506,467.1558852653891,2695457.5037967716,175.6203503702066,456026.41103335924,15.071965802312704,-1,0.029471845280959946,0.9998424079654048,0.0,0.5999054447792429,9.0,0.5,1.2727272727272727,O11,de-protonated,,0.0,,C22 H28 O11,22.0,28.0,11.0,,,,
945,1749,467.19238314001063,467.19220366188415,467.1922707747391,1871277.4695431069,76.93938416079996,509947.4478615133,10.510951287406355,-1,-0.14365146671704498,0.9962626726374512,0.0,0.5977576035824707,8.0,0.43478260869565216,1.391304347826087,O10,de-protonated,,0.0,,C23 H32 O10,23.0,32.0,10.0,,,,
946,1750,468.04224737544865,468.0420676140573,468.0419777095391,1528738.0476788562,49.70214743993253,469913.968816928,8.487471268193932,-1,0.19208644206149775,0.9933274125480696,0.0,0.5959964475288417,12.0,0.7777777777777778,0.8333333333333334,N1 O14,de-protonated,,0.0,,C18 H15 O14 N1,18.0,15.0,14.0,1.0,,,
947,1751,468.08663101562,468.0864512394375,468.08646908175905,2250040.208927292,94.67187446854646,476225.67241382034,12.242576529321013,-1,-0.03811757595819879,0.999736398953223,0.9824010584778113,0.9928022627630584,11.0,0.65,1.0,13C1 O13,de-protonated,,1.0,1745.0,C19 H20 O13 13C1,19.0,20.0,13.0,,,,1.0
948,1752,468.11497320890254,468.1147934232749,468.1147487282391,1758214.5795196018,81.21218906480263,460351.45473787206,9.664642088320953,-1,0.09547880283258577,0.9983472444681728,0.0,0.5990083466809036,10.0,0.6,1.15,N1 O12,de-protonated,,0.0,,C20 H23 O12 N1,20.0,23.0,12.0,1.0,,,
949,1753,468.1229899292312,468.12281014093196,468.1228545911091,1911899.9213007446,209.77100765687302,440000.8872531188,10.52697195537258,-1,-0.09495408460976218,0.9983653456732351,0.9639470114577433,0.9845980119870383,10.0,0.5714285714285714,1.1428571428571428,13C1 O12,de-protonated,,1.0,1746.0,C20 H24 O12 13C1,20.0,24.0,12.0,,,,1.0
950,1755,469.00504010692845,469.00486002472655,469.0048639243891,2317056.4226129316,106.21953917857549,484640.1749472677,12.781706833923566,-1,-0.008314759280429143,0.9999874555834918,0.0,0.5999924733500951,17.0,0.6190476190476191,0.47619047619047616,O13,de-protonated,,0.0,,C21 H10 O13,21.0,10.0,13.0,,,,
951,1756,469.0262029232481,469.02602283399574,469.0259932924491,1897991.8749141514,203.73547746440488,488381.5055676277,10.66767521316291,-1,0.06298488162522436,0.9992804347782333,0.0,0.5995682608669399,12.0,0.8333333333333334,0.7777777777777778,O15,de-protonated,,0.0,,C18 H14 O15,18.0,14.0,15.0,,,,
952,1757,469.0413678505105,469.04118775620583,469.0412494337391,3312456.1420774055,218.5267709359673,441806.943371523,18.401478536163093,-1,-0.13149703430523124,0.9968674023335747,0.0,0.5981204414001449,16.0,0.5454545454545454,0.6363636363636364,O12,de-protonated,,0.0,,C22 H14 O12,22.0,14.0,12.0,,,,
953,1758,469.0625393142147,469.06235921285673,469.06237880179907,8643053.163768793,242.0085354375987,468762.03395694314,48.11215555491927,-1,-0.04176191317390905,0.49984179657229505,0.8295321147073625,0.631717923826322,11.0,0.7368421052631579,0.9473684210526315,O14,de-protonated,,0.0,,C19 H18 O14,19.0,18.0,14.0,,,,
954,1759,469.09893262552475,469.09875251204244,469.09876431114907,9593945.674460234,174.8655991650947,455866.1047589695,53.57868608530794,-1,-0.02515271309173496,0.9979797406889842,0.9901887651005864,0.9948633504536251,10.0,0.65,1.1,O13,de-protonated,,0.0,,C20 H22 O13,20.0,22.0,13.0,,,,
955,1760,469.1353366653034,469.1351565396933,469.13514982049907,5410403.813896029,103.8052898742481,478080.7104465802,29.80958722967809,-1,0.014322512893543912,0.999962779329739,0.0,0.5999776675978433,9.0,0.5714285714285714,1.2380952380952381,O12,de-protonated,,0.0,,C21 H26 O12,21.0,26.0,12.0,,,,
956,1761,469.17173463373575,469.17155449600006,469.17153532984906,2844658.528528887,152.0820673197572,460883.306510169,15.553978942861756,-1,0.040851052436819975,0.9996972427328896,0.0,0.5998183456397338,8.0,0.5,1.3636363636363635,O11,de-protonated,,0.0,,C22 H30 O11,22.0,30.0,11.0,,,,
957,1762,469.2444189556067,469.2442387936573,469.24430634854906,1788275.453316,70.26318293154952,434073.55202178314,9.961372721086699,-1,-0.14396528810910666,0.9962463563684409,0.0,0.5977478138210646,6.0,0.375,1.5833333333333333,O9,de-protonated,,0.0,,C24 H38 O9,24.0,38.0,9.0,,,,
958,1763,470.0941469444644,470.0939664994835,470.09401328334906,2075819.8914051976,120.80327044386063,409273.91377365193,11.499356845844368,-1,-0.0995202326533107,0.9982044958522264,0.0,0.5989226975113358,10.0,0.6842105263157895,1.105263157894737,N1 O13,de-protonated,,0.0,,C19 H21 O13 N1,19.0,21.0,13.0,1.0,,,
959,1764,470.10223037853854,470.1020499308655,470.1021191462191,2216247.7019727197,202.341632003978,447256.59563386004,12.28994198243855,-1,-0.1472347193161331,0.9960742699293141,0.9901887651005864,0.993720067997823,10.0,0.65,1.1,13C1 O13,de-protonated,,1.0,1759.0,C19 H22 O13 13C1,19.0,22.0,13.0,,,,1.0
960,1766,471.02069136401815,471.02051061050804,471.02051398884913,3194873.459990619,156.52032211835427,517385.6018226298,17.38033509101149,-1,-0.007172386320737102,0.9999906657560165,0.0,0.5999943994536099,16.0,0.6190476190476191,0.5714285714285714,O13,de-protonated,,0.0,,C21 H12 O13,21.0,12.0,13.0,,,,
961,1767,471.0418474610096,471.0416667004558,471.0416433569091,2928671.296549908,116.97122337012775,442276.76075611333,15.952405989673979,-1,0.04955728862142687,0.999554474937067,0.0,0.5997326849622402,11.0,0.8333333333333334,0.8888888888888888,O15,de-protonated,,0.0,,C18 H16 O15,18.0,16.0,15.0,,,,
962,1768,471.0570892865021,471.0569085208738,471.0568994981991,3458008.889252164,128.11113385174986,466014.79309337237,18.858415848591097,-1,0.019154107949560812,0.999933432348664,0.0,0.5999600594091984,15.0,0.5454545454545454,0.7272727272727273,O12,de-protonated,,0.0,,C22 H16 O12,22.0,16.0,12.0,,,,
963,1769,471.0782047252124,471.078023952554,471.0780288662591,9879903.088549478,171.8723802029283,467443.6792309704,54.403402210177994,-1,-0.010430766842458574,0.9987369357266547,0.9806835812034931,0.99151559391739,10.0,0.7368421052631579,1.0526315789473684,O14,de-protonated,,0.0,,C19 H20 O14,19.0,20.0,14.0,,,,
964,1771,471.11458123145536,471.1144004466861,471.1144143756091,7520885.133069643,138.74174036151794,465055.25130933145,42.3168530558324,-1,-0.02956590285825566,0.4999207002748292,0.8221557383861047,0.6288147155193394,9.0,0.65,1.2,O13,de-protonated,,0.0,,C20 H24 O13,20.0,24.0,13.0,,,,
965,1772,471.1509419400097,471.15076114313496,471.1507998849591,3237790.8749812366,294.48206527862584,454898.17220229306,17.766224223763185,-1,-0.08222807676674264,0.9987738948626732,0.0,0.599264336917604,8.0,0.5714285714285714,1.3333333333333333,O12,de-protonated,,0.0,,C21 H28 O12,21.0,28.0,12.0,,,,
966,1773,471.22379466795167,471.22361384682273,471.2235709036591,1997907.9595683175,85.96687876897406,534530.8897842873,10.920523146716821,-1,0.09113118758574382,0.9984942228333157,0.0,0.5990965336999894,6.0,0.43478260869565216,1.565217391304348,O10,de-protonated,,0.0,,C23 H36 O10,23.0,36.0,10.0,,,,
967,1774,471.2601497600818,471.2599689268497,471.2599564130091,1942781.8400190494,131.08975263868751,464415.1883649977,10.66279935769493,-1,0.026554007892411823,0.9998720659329997,0.0,0.5999232395597998,5.0,0.375,1.6666666666666667,O9,de-protonated,,0.0,,C24 H40 O9,24.0,40.0,9.0,,,,
968,1775,472.05235466260837,472.0521735656745,472.0521484703991,1811411.121908597,232.29520260994084,448318.3159040364,9.926545182029686,-1,0.053162082712854275,0.9994873199110156,0.0,0.5996923919466093,15.0,0.5714285714285714,0.7142857142857143,N1 O12,de-protonated,,0.0,,C21 H15 O12 N1,21.0,15.0,12.0,1.0,,,
969,1776,472.0815092896313,472.081328182994,472.0813837013291,2314260.9327268,174.29256410300854,488990.4815620929,12.660506998005163,-1,-0.11760331379145876,0.9974936130382578,0.9806835812034931,0.9907696003043519,10.0,0.7368421052631579,1.0526315789473684,13C1 O14,de-protonated,,1.0,1769.0,C18 H20 O14 13C1,18.0,20.0,14.0,,,,1.0
970,1777,472.21902061951283,472.2188394671093,472.2188198758591,3433547.522384336,221.98857074242198,473294.920957202,19.270773911026126,-1,0.04148765235885231,0.9996877346957487,0.0,0.5998126408174492,6.0,0.45454545454545453,1.5909090909090908,N1 O10,de-protonated,,0.0,,C22 H35 O10 N1,22.0,35.0,10.0,1.0,,,
971,1778,473.0363939828837,473.0362125584861,473.03616405330905,4638726.6828088565,123.53370335935341,457930.47768331796,25.633068745961157,-1,0.10254010316426032,0.9980939814956985,0.0,0.5988563888974191,15.0,0.6190476190476191,0.6666666666666666,O13,de-protonated,,0.0,,C21 H14 O13,21.0,14.0,13.0,,,,
972,1779,473.05747029543534,473.0572888640253,473.0572934213691,4338266.376039008,216.83711979013358,445720.7511288593,23.809498800935984,-1,-0.009633809400030205,0.9999831598377696,0.0,0.5999898959026617,10.0,0.8333333333333334,1.0,O15,de-protonated,,0.0,,C18 H18 O15,18.0,18.0,15.0,,,,
973,1780,473.0727369210842,473.07255548459466,473.0725495626591,3286380.493261608,117.70151494282318,465883.1468361289,18.03091352059648,-1,0.012518028279092713,0.9999715672078201,0.0,0.599982940324692,14.0,0.5454545454545454,0.8181818181818182,O12,de-protonated,,0.0,,C22 H18 O12,22.0,18.0,12.0,,,,
974,1781,473.0938641529045,473.0936827093855,473.0936789307191,7934488.582503612,127.41011459311048,479374.9954075624,43.25301730568489,-1,0.007987142098036415,0.4999942123249318,0.8295321147073625,0.6318093732779041,9.0,0.7368421052631579,1.1578947368421053,O14,de-protonated,,0.0,,C19 H22 O14,19.0,22.0,14.0,,,,
975,1782,473.1091074670165,473.1089260184259,473.1089350720091,1994695.0977949465,46.483685572366724,514302.03045994474,11.025005763887858,-1,-0.01913636062974515,0.9999335556444975,0.0,0.5999601333866985,13.0,0.4782608695652174,0.9565217391304348,O11,de-protonated,,0.0,,C23 H22 O11,23.0,22.0,11.0,,,,
976,1783,473.1302241817179,473.13004272610146,473.130064440069,4029521.4955470557,122.14709488460902,480327.9701795542,22.385749004285316,-1,-0.045894288246652884,0.9996178902504201,0.0,0.5997707341502521,8.0,0.65,1.3,O13,de-protonated,,0.0,,C20 H26 O13,20.0,26.0,13.0,,,,
977,1784,473.1667091150427,473.16652764728735,473.1664499494191,1744148.4083404874,62.772193477901325,506141.9515524035,9.692504119566562,-1,0.16420832095395402,0.9951192995175142,0.0,0.5970715797105085,7.0,0.5714285714285714,1.4285714285714286,O12,de-protonated,,0.0,,C21 H30 O12,21.0,30.0,12.0,,,,
978,1785,473.2029254941909,473.20274401438616,473.2028354587691,1634865.5955306294,114.56717651916473,417352.6302831675,8.972967162648686,-1,-0.1932456360468782,0.9932469080895285,0.0,0.595948144853717,6.0,0.5,1.5454545454545454,O11,de-protonated,,0.0,,C22 H34 O11,22.0,34.0,11.0,,,,
979,1786,473.2393644517152,473.2391829597871,473.23922096811907,1997841.6277869067,115.26935480684048,463242.69076196017,10.870371490474723,-1,-0.08031526186227271,0.9988302424576548,0.0,0.5992981454745929,5.0,0.43478260869565216,1.6521739130434783,O10,de-protonated,,0.0,,C23 H38 O10,23.0,38.0,10.0,,,,
980,1787,473.2758570398787,473.2756755358097,473.2756064774691,2286877.152419487,169.60777603032955,424753.47077678796,12.470348634753876,-1,0.14591569819357755,0.9961441580001862,0.0,0.5976864948001117,4.0,0.375,1.75,O9,de-protonated,,0.0,,C24 H42 O9,24.0,42.0,9.0,,,,
981,1788,473.2827922281129,473.28261072173655,473.2826204102691,3627238.446305938,160.7181504266909,504180.13612573734,19.826621434376044,-1,-0.020470923979739337,0.9999239652350003,0.0,0.5999543791410001,8.0,0.14285714285714285,1.5357142857142858,P1 O4,de-protonated,,0.0,,C28 H43 O4 P1,28.0,43.0,4.0,,1.0,,
982,1789,474.06808445606924,474.06790268846305,474.0677985348591,1655511.2783642996,67.53088421434668,484506.3028870808,9.027994674358766,-1,0.21970191664239044,0.9912799081488354,0.0,0.5947679448893012,14.0,0.5714285714285714,0.8095238095238095,N1 O12,de-protonated,,0.0,,C21 H17 O12 N1,21.0,17.0,12.0,1.0,,,
983,1792,475.0156170220503,475.01543493933303,475.0154286084191,3315986.5406130785,220.57193984607432,440022.33132225525,18.35968548929468,-1,0.013327806985757014,0.9999677697095924,0.0,0.5999806618257555,15.0,0.7,0.6,O14,de-protonated,,0.0,,C20 H12 O14,20.0,12.0,14.0,,,,
984,1793,475.04968770673935,475.0495056126933,475.0494451360491,1741472.8335433248,88.32711430859626,449085.584958846,9.54483535396483,-1,0.1273059990134733,0.9970636139160104,0.0,0.5982381683496062,5.0,1.1428571428571428,1.5,P1 O16,de-protonated,,0.0,,C14 H21 O16 P1,14.0,21.0,16.0,,1.0,,
985,1794,475.0519772021049,475.0517951072976,475.0518141177691,6552802.10131072,139.80024232565123,472808.4836281832,35.73584127561933,-1,-0.040017679990185344,0.9944531491547937,0.9570208056929563,0.9794802117700587,14.0,0.6190476190476191,0.7619047619047619,O13,de-protonated,,0.0,,C21 H16 O13,21.0,16.0,13.0,,,,
986,1795,475.0731326518219,475.0729505499803,475.07294348582906,2767581.9316846537,127.98845829312937,427710.328541977,15.512185895993342,-1,0.014869613908396338,0.9999598815171744,0.0,0.5999759289103046,9.0,0.8333333333333334,1.1111111111111112,O15,de-protonated,,0.0,,C18 H20 O15,18.0,20.0,15.0,,,,
987,1796,475.0883278754594,475.0881457685654,475.0881996271191,4502346.804319076,202.36578762432808,447831.81619106454,24.637001128930603,-1,-0.11336537867768436,0.9976707910966621,0.0,0.5986024746579972,13.0,0.5454545454545454,0.9090909090909091,O12,de-protonated,,0.0,,C22 H20 O12,22.0,20.0,12.0,,,,
988,1797,475.10949787118597,475.10931575725294,475.10932899517906,2972545.4479514104,238.3638610290191,465853.3899985565,16.32157790367831,-1,-0.02786290502806871,0.9998591437801102,0.0,0.5999154862680661,8.0,0.7368421052631579,1.263157894736842,O14,de-protonated,,0.0,,C19 H24 O14,19.0,24.0,14.0,,,,
989,1798,475.1248239377882,475.12464181875936,475.1245851364691,2338133.196067553,49.44938467345321,446836.20254257915,12.710658654247261,-1,0.11929984692762373,0.9974208716948126,0.0,0.5984525230168876,12.0,0.4782608695652174,1.0434782608695652,O11,de-protonated,,0.0,,C23 H24 O11,23.0,24.0,11.0,,,,
990,1799,475.1611505911617,475.16096846005433,475.1609706458191,6763877.1090550115,190.11436674595365,474479.58778697724,36.878184556689334,-1,-0.004600051093346652,0.9999517562788509,0.9893932069330212,0.9957283365405191,11.0,0.4166666666666667,1.1666666666666667,O10,de-protonated,,0.0,,C24 H28 O10,24.0,28.0,10.0,,,,
991,1801,476.0471645632353,476.04698213757695,476.0470630899691,2264956.114148777,128.9171756815935,449184.99456060963,12.641003576133237,-1,-0.17005123736999245,0.9947667131342625,0.0,0.5968600278805575,14.0,0.65,0.75,N1 O13,de-protonated,,0.0,,C20 H15 O13 N1,20.0,15.0,13.0,1.0,,,
992,1802,476.05546785665877,476.0552854282404,476.05516895283904,1936051.080099533,139.67477176152065,410296.3891109984,10.841116357666833,-1,0.244667864016345,0.9891968306925737,0.9570208056929563,0.9763264206927267,14.0,0.6190476190476191,0.7619047619047619,13C1 O13,de-protonated,,1.0,1794.0,C20 H16 O13 13C1,20.0,16.0,13.0,,,,1.0
993,1803,476.0836287858893,476.08344634811033,476.08344859931907,1618989.7341221408,256.11161994869497,414406.8433410636,9.07118082278946,-1,-0.004728601147178974,0.9999959428756984,0.0,0.599997565725419,13.0,0.5714285714285714,0.9047619047619048,N1 O12,de-protonated,,0.0,,C21 H19 O12 N1,21.0,19.0,12.0,1.0,,,
994,1805,476.1644971856582,476.1643147209995,476.1643254808891,1643427.9202054066,64.33777663987391,501193.4405326035,9.000829193894296,-1,-0.022597009029569567,0.9999073520898251,0.9893932069330212,0.9957016940271035,11.0,0.4166666666666667,1.1666666666666667,13C1 O10,de-protonated,,1.0,1799.0,C23 H28 O10 13C1,23.0,28.0,10.0,,,,1.0
995,1808,477.03126514218644,477.03108238946777,477.0310786728791,6323670.527706876,349.83014072232794,446663.66876010026,35.22596610382466,-1,0.007791082839715583,0.9999889859490614,0.0,0.5999933915694368,14.0,0.7,0.7,O14,de-protonated,,0.0,,C20 H14 O14,20.0,14.0,14.0,,,,
996,1809,477.06516949827,477.0649867342853,477.0649622587791,1539866.8032857594,115.73489898921234,402104.76537806756,8.444981670544378,-1,0.051304346701040414,0.9995225164139326,0.0,0.5997135098483596,17.0,0.32,0.72,S1 O8,de-protonated,,0.0,,C25 H18 O8 S1,25.0,18.0,8.0,,,1.0,
997,1809,477.06516949827,477.0649867342853,477.0650952005091,1539866.8032857594,115.73489898921234,402104.76537806756,8.444981670544378,-1,-0.22736147522118766,0.9906641813329561,0.0,0.5943985087997736,4.0,1.1428571428571428,1.6428571428571428,P1 O16,de-protonated,,0.0,,C14 H23 O16 P1,14.0,23.0,16.0,,1.0,,
998,1810,477.067633763065,477.0674509982614,477.0674641822291,6872323.397253525,81.23038086252492,450241.53738259326,38.619561509539956,-1,-0.027635436732961104,0.9998948824355874,0.9402351166001686,0.9760309761014199,13.0,0.6190476190476191,0.8571428571428571,O13,de-protonated,,0.0,,C21 H18 O13,21.0,18.0,13.0,,,,
999,1811,477.1040492497004,477.1038664727965,477.1038496915791,4613859.92735354,208.03949238046727,455669.44254972873,25.24857271477174,-1,0.03517309151757412,0.9997755466103823,0.0,0.5998653279662294,12.0,0.5454545454545454,1.0,O12,de-protonated,,0.0,,C22 H22 O12,22.0,22.0,12.0,,,,
1000,1812,477.14038751076606,477.1402047217876,477.14023520092906,1970333.685684254,66.41040548727982,532301.1925638096,10.850868068602797,-1,-0.06387879120062574,0.9992598726712615,0.0,0.5995559236027569,11.0,0.4782608695652174,1.1304347826086956,O11,de-protonated,,0.0,,C23 H26 O11,23.0,26.0,11.0,,,,
1001,1815,478.06287786345314,478.0626947679959,478.0627131544291,2848741.0873776693,130.63800174736232,424976.4699550923,15.59437888816789,-1,-0.038460295521468624,0.9997316381472175,0.0,0.5998389828883305,13.0,0.65,0.85,N1 O13,de-protonated,,0.0,,C20 H17 O13 N1,20.0,17.0,13.0,1.0,,,
1002,1816,478.0710116168983,478.0708285187392,478.0708190172991,2228349.8290488254,79.82062194875216,447565.8415933627,12.14854217386708,-1,0.019874545205587697,0.9999283307823382,0.9402351166001686,0.9760510451094704,13.0,0.6190476190476191,0.8571428571428571,13C1 O13,de-protonated,,1.0,1810.0,C20 H18 O13 13C1,20.0,18.0,13.0,,,,1.0
1003,1817,478.0992737293302,478.09909062178303,478.0990986637791,1952406.7670704874,153.04176918878062,391183.2109918287,10.823702588138326,-1,-0.016820772284789554,0.9999486625204088,0.0,0.5999691975122453,12.0,0.5714285714285714,1.0,N1 O12,de-protonated,,0.0,,C21 H21 O12 N1,21.0,21.0,12.0,1.0,,,
1004,1819,479.0105365406878,479.0103531304855,479.01034322798904,1939562.1364073444,310.75135705898543,442556.8419038539,10.66488901003835,-1,0.020672823871920664,0.9999224580713371,0.0,0.5999534748428023,14.0,0.7894736842105263,0.631578947368421,O15,de-protonated,,0.0,,C19 H12 O15,19.0,12.0,15.0,,,,
1005,1820,479.04435781474353,479.0441743933101,479.0442268138891,1475905.2256873734,87.39436122552779,469917.150414445,8.215816463549235,-1,-0.1094274309223466,0.99782962630428,0.0,0.598697775782568,17.0,0.375,0.6666666666666666,S1 O9,de-protonated,,0.0,,C24 H16 O9 S1,24.0,16.0,9.0,,,1.0,
1006,1821,479.04691899509345,479.04673557280944,479.04672873733904,7981695.079838362,114.69798669172602,456152.9590523181,44.002505946191796,-1,0.014268901113828917,0.9993373431700255,0.9641605208141965,0.9852666142276939,13.0,0.7,0.8,O14,de-protonated,,0.0,,C20 H16 O14,20.0,16.0,14.0,,,,
1007,1822,479.08329808263613,479.08311464827165,479.08311424668904,7941526.839073359,142.28194830421887,462129.642196929,44.02758177431285,-1,0.0008382316111309855,0.9999986789587547,0.9492415383519645,0.9796958227160386,12.0,0.6190476190476191,0.9523809523809523,O13,de-protonated,,0.0,,C21 H20 O13,21.0,20.0,13.0,,,,
1008,1823,479.09443690687374,479.0942534688104,479.0943476359791,1490848.2439608704,214.69275384461926,383612.9431260151,8.28825774478782,-1,-0.19655245185425763,0.9930146290760598,0.0,0.5958087774456359,12.0,0.6,1.0,N2 O12,de-protonated,,0.0,,C20 H20 O12 N2,20.0,20.0,12.0,2.0,,,
1009,1824,479.1196651240679,479.1194816776271,479.1194997560391,4843273.930002835,138.34071316695758,453007.65450784756,27.22956313633461,-1,-0.03773257400842499,0.9997416963177131,0.0,0.5998450177906278,11.0,0.5454545454545454,1.0909090909090908,O12,de-protonated,,0.0,,C22 H24 O12,22.0,24.0,12.0,,,,
1010,1826,479.1560432582337,479.15585979971297,479.1558852653891,3181779.686856661,112.75549511680038,461302.2907293358,17.771796630012307,-1,-0.0531469546764722,0.9994876115757535,0.0,0.599692566945452,10.0,0.4782608695652174,1.2173913043478262,O11,de-protonated,,0.0,,C23 H28 O11,23.0,28.0,11.0,,,,
1011,1829,480.050226863693,480.0500431082907,480.0500835724091,2169048.9578798716,130.18988432024491,426432.17608891334,11.815590900482041,-1,-0.08429145162930209,0.9987116288894402,0.9641605208141965,0.9848911856593427,13.0,0.7,0.8,13C1 O14,de-protonated,,1.0,1821.0,C19 H16 O14 13C1,19.0,16.0,14.0,,,,1.0
1012,1830,480.08665106203915,480.08646729454534,480.08646908175905,2451088.7291338504,146.66482020892258,420864.99606689246,13.595278146295376,-1,-0.0037226912652783507,0.9999974854091972,0.9492415383519645,0.9796951065863041,12.0,0.6190476190476191,0.9523809523809523,13C1 O13,de-protonated,,1.0,1822.0,C20 H20 O13 13C1,20.0,20.0,13.0,,,,1.0
1013,1831,480.1513807598564,480.151196970875,480.1511342375891,2656766.0667734584,235.2277263363758,446455.8110355768,14.52726309146103,-1,0.13065320779662404,0.9969074155411031,0.0,0.5981444493246618,10.0,0.5,1.2272727272727273,N1 O11,de-protonated,,0.0,,C22 H27 O11 N1,22.0,27.0,11.0,1.0,,,
1014,1833,481.0049665032682,481.004782430974,481.0048639243891,1841301.121491587,50.444458264049366,493285.3217746128,10.0790898030994,-1,-0.16942326621097353,0.9948051927150905,0.0,0.5968831156290543,18.0,0.5909090909090909,0.45454545454545453,O13,de-protonated,,0.0,,C22 H10 O13,22.0,10.0,13.0,,,,
1015,1834,481.02625205118545,481.0260679718274,481.0259932924491,3378395.645723322,90.73005839549114,472566.3972459288,18.517105965832375,-1,0.15525019303824836,0.9956361601622732,0.0,0.5973816960973639,13.0,0.7894736842105263,0.7368421052631579,O15,de-protonated,,0.0,,C19 H14 O15,19.0,14.0,15.0,,,,
1016,1835,481.06256863132256,481.0623845399125,481.06237880179907,8812661.146786988,168.77157788761124,453664.42030063877,48.6526789610841,-1,0.011928002859078477,0.9974035572202791,0.9975264343635171,0.9974527080775742,12.0,0.7,0.9,O14,de-protonated,,0.0,,C20 H18 O14,20.0,18.0,14.0,,,,
1017,1836,481.0965303300817,481.09634622740134,481.09626238769914,1778084.8226118002,76.58456316061265,493485.4502869083,9.88057283047443,-1,0.17426803896435308,0.9945046762837861,0.0,0.5967028057702717,15.0,0.32,0.88,S1 O8,de-protonated,,0.0,,C25 H22 O8 S1,25.0,22.0,8.0,,,1.0,
1018,1836,481.0965303300817,481.09634622740134,481.0963953294291,1778084.8226118002,76.58456316061265,493485.4502869083,9.88057283047443,-1,-0.10206276373630649,0.9981116690642576,0.0,0.5988670014385545,2.0,1.1428571428571428,1.9285714285714286,P1 O16,de-protonated,,0.0,,C14 H27 O16 P1,14.0,27.0,16.0,,1.0,,
1019,1837,481.098943357291,481.0987592538098,481.09876431114907,7907518.18502606,150.67347713982986,478473.09830815543,43.06634169633931,-1,-0.010512060363782034,0.9991739644012588,0.9557023449148992,0.981785316606715,11.0,0.6190476190476191,1.0476190476190477,O13,de-protonated,,0.0,,C21 H22 O13,21.0,22.0,13.0,,,,
1020,1838,481.1353261459649,481.13514203041,481.13514982049907,5376778.212554887,200.72400315496768,454158.98636950547,29.491960073478136,-1,-0.016191062033789075,0.9999524342692984,0.0,0.599971460561579,10.0,0.5454545454545454,1.1818181818181819,O12,de-protonated,,0.0,,C22 H26 O12,22.0,26.0,12.0,,,,
1021,1839,481.14512223004897,481.14493811124333,481.1448836079391,2422022.9845787375,91.93334140263212,423682.8154527212,13.180133880735788,-1,0.11327836184909854,0.9976743612662236,0.0,0.5986046167597341,0.0,0.6,2.3333333333333335,N2 S2 P1 O9,de-protonated,,0.0,,C15 H35 O9 N2 P1 S2,15.0,35.0,9.0,2.0,1.0,2.0,
1022,1841,481.17170424378685,481.1715201161601,481.17153532984906,1588635.2199294136,208.45739918230845,456146.474726064,8.970877510305264,-1,-0.031618015334086404,0.9998186223999432,0.0,0.5998911734399659,9.0,0.4782608695652174,1.3043478260869565,O11,de-protonated,,0.0,,C23 H30 O11,23.0,30.0,11.0,,,,
1023,1842,482.0578204525438,482.05763603090605,482.05762777399906,1634038.3195453985,61.4603685159969,497738.9841444918,9.126208334499541,-1,0.01712846456284241,0.9999467672214072,0.0,0.5999680603328443,12.0,0.7368421052631579,0.8947368421052632,N1 O14,de-protonated,,0.0,,C19 H17 O14 N1,19.0,17.0,14.0,1.0,,,
1024,1843,482.06583660691905,482.065652182622,482.06573363686914,1874154.2547496029,211.33881512055055,452253.3718646519,10.319399822592786,-1,-0.1689691705260817,0.9948329301278325,0.9975264343635171,0.9959103318221063,12.0,0.7,0.9,13C1 O14,de-protonated,,1.0,1835.0,C19 H18 O14 13C1,19.0,18.0,14.0,,,,1.0
1025,1844,482.0941674520538,482.093983018358,482.09401328334906,1716143.9955937664,72.526679306885,477731.16646581906,9.54831810787053,-1,-0.06277819306115744,0.999285147934415,0.0,0.599571088760649,11.0,0.65,1.05,N1 O13,de-protonated,,0.0,,C20 H21 O13 N1,20.0,21.0,13.0,1.0,,,
1026,1845,482.102257841955,482.1020734055753,482.1021191462191,2353833.70229623,123.39598713448939,507947.6605034791,12.823499880791982,-1,-0.09487749991929359,0.9983679793006421,0.9557023449148992,0.981301725546345,11.0,0.6190476190476191,1.0476190476190477,13C1 O13,de-protonated,,1.0,1837.0,C20 H22 O13 13C1,20.0,22.0,13.0,,,,1.0
1027,1846,482.16699319313983,482.16680873528475,482.1667843020491,34309342.187670566,91.60186045633368,465486.8341900781,187.40002215797256,-1,0.05067382580647214,0.49976708897354866,0.8077896627745583,0.6229761184939526,9.0,0.5,1.3181818181818181,N1 O11,de-protonated,,0.0,,C22 H29 O11 N1,22.0,29.0,11.0,1.0,,,
1028,1849,483.0088535170738,483.00866877998004,483.0086291508791,3320314.897208991,121.50699161495629,450455.9250696943,18.06016865340437,-1,0.08204636227214712,0.99877930466941,0.0,0.5992675828016459,8.0,1.0666666666666667,1.0666666666666667,S1 O16,de-protonated,,0.0,,C15 H16 O16 S1,15.0,16.0,16.0,,,1.0,
1029,1850,483.0206560530047,483.02047131199663,483.02051398884913,1966438.4443833653,118.951292694202,477230.892791978,10.926792103747083,-1,-0.08835412009578715,0.9985845325255515,0.0,0.5991507195153308,17.0,0.5909090909090909,0.5454545454545454,O13,de-protonated,,0.0,,C22 H12 O13,22.0,12.0,13.0,,,,
1030,1851,483.0417185601945,483.0415338122012,483.0416433569091,4620275.946846838,186.80071829406057,328356.1414336234,25.1942417538428,-1,-0.22678108488502335,0.9907115622051352,0.0,0.5944269373230812,12.0,0.7894736842105263,0.8421052631578947,O15,de-protonated,,0.0,,C19 H16 O15,19.0,16.0,15.0,,,,
1031,1852,483.05709942892463,483.05691467583034,483.0568994981991,1653663.4889514355,107.58022645615428,396352.78441501356,9.242532314949962,-1,0.031419965815397695,0.9998208873134884,0.0,0.599892532388093,16.0,0.5217391304347826,0.6956521739130435,O12,de-protonated,,0.0,,C23 H16 O12,23.0,16.0,12.0,,,,
1032,1853,483.07821144747993,483.078026687384,483.0780288662591,9787232.444900379,169.9100076813469,486424.34962383454,53.28892096035359,-1,-0.004510399899388876,0.9991508973489551,0.9833976121371809,0.9928495832642454,11.0,0.7,1.0,O14,de-protonated,,0.0,,C20 H20 O14,20.0,20.0,14.0,,,,
1033,1854,483.1145865484838,483.1144017763246,483.1144143756091,7395479.717005407,202.66884392922907,477521.6806031881,41.099282290399245,-1,-0.02607929742501246,0.49993829948205826,0.8149093904448101,0.625926735867159,10.0,0.6190476190476191,1.1428571428571428,O13,de-protonated,,0.0,,C21 H24 O13,21.0,24.0,13.0,,,,
1034,1855,483.1509566152794,483.15077183105865,483.1507998849591,3650091.606456944,58.73555582488399,467254.8236531155,19.939462660920764,-1,-0.05806448102200417,0.9993884357468958,0.0,0.5996330614481374,9.0,0.5454545454545454,1.2727272727272727,O12,de-protonated,,0.0,,C22 H28 O12,22.0,28.0,12.0,,,,
1035,1859,483.2600679671023,483.25988314669735,483.2599564130091,1789076.616213193,252.39536792586952,389588.32936332247,9.929331385154248,-1,-0.15160848891446468,0.9958380626144716,0.0,0.5975028375686829,6.0,0.36,1.6,O9,de-protonated,,0.0,,C25 H40 O9,25.0,40.0,9.0,,,,
1036,1861,484.0159535214221,484.0157684503812,484.0157629610491,1517745.9382146061,125.38446135394422,360198.41763872944,8.293830151036943,-1,0.011341225819645754,0.9999766617248218,0.0,0.5999859970348931,17.0,0.6190476190476191,0.5238095238095238,N1 O13,de-protonated,,0.0,,C21 H11 O13 N1,21.0,11.0,13.0,1.0,,,
1037,1862,484.0523421700308,484.0521570869257,484.0521484703991,1633138.5570748802,166.47331088413108,366613.9407220581,8.913063795470624,-1,0.017800822962998477,0.9999425061349521,0.0,0.5999655036809712,16.0,0.5454545454545454,0.6818181818181818,N1 O12,de-protonated,,0.0,,C22 H15 O12 N1,22.0,15.0,12.0,1.0,,,
1038,1863,484.0734784709189,484.07329338080643,484.0732778384591,1566558.7686738775,33.95943095200995,471366.2316562844,8.59404353770839,-1,0.0321074268155866,0.9998129644274466,0.0,0.5998877786564679,11.0,0.7368421052631579,1.0,N1 O14,de-protonated,,0.0,,C19 H19 O14 N1,19.0,19.0,14.0,1.0,,,
1039,1864,484.08161559438713,484.081430501577,484.0813837013291,1881486.031391031,110.62566652749146,475224.5604216598,10.576427060833538,-1,0.0966784707629277,0.998305486030053,0.9833976121371809,0.9923423364729042,11.0,0.7,1.0,13C1 O14,de-protonated,,1.0,1853.0,C19 H20 O14 13C1,19.0,20.0,14.0,,,,1.0
1040,1871,484.99997412623577,484.9997887290064,484.99977854395905,1800761.1100612658,189.21805334560128,365000.6079386848,9.790021228926197,-1,0.021000107235033986,0.9999199835136028,0.0,0.5999519901081617,17.0,0.6666666666666666,0.47619047619047616,O14,de-protonated,,0.0,,C21 H10 O14,21.0,10.0,14.0,,,,
1041,1873,485.03633620130654,485.03615079202564,485.03616405330905,3259735.9923387775,70.16938949183948,470667.80147916975,18.156292661201725,-1,-0.0273408137298295,0.999864372658916,0.0,0.5999186235953496,16.0,0.5909090909090909,0.6363636363636364,O13,de-protonated,,0.0,,C22 H14 O13,22.0,14.0,13.0,,,,
1042,1874,485.05747265616117,485.05728723987505,485.0572934213691,6414319.62411052,150.78339383044334,432778.4714628752,35.66897240062986,-1,-0.012743843074561575,0.9999705321629723,0.0,0.5999823192977833,11.0,0.7894736842105263,0.9473684210526315,O15,de-protonated,,0.0,,C19 H18 O15,19.0,18.0,15.0,,,,
1043,1875,485.0728494594321,485.0726640380498,485.0725495626591,1677147.435625345,41.08657080797085,421994.9839940869,9.282235709474955,-1,0.23599643150323069,0.9899452301986292,0.0,0.5939671381191776,15.0,0.5217391304347826,0.782608695652174,O12,de-protonated,,0.0,,C23 H18 O12,23.0,18.0,12.0,,,,
1044,1876,485.0938399635979,485.0936545352588,485.09367893071914,10260506.679717327,309.9823136463429,448882.84854717716,56.14199295990406,-1,-0.05029020455834276,0.9987968039171629,0.9905774430916554,0.9955090595869598,10.0,0.7,1.1,O14,de-protonated,,0.0,,C20 H22 O14,20.0,22.0,14.0,,,,
1045,1877,485.1302430627579,485.1300576223541,485.130064440069,5195166.290950297,82.48602216542686,468690.44088795746,28.647740526736154,-1,-0.01405337538191271,0.9999641650056348,0.0,0.5999784990033808,9.0,0.6190476190476191,1.2380952380952381,O13,de-protonated,,0.0,,C21 H26 O13,21.0,26.0,13.0,,,,
1046,1878,485.2029685707223,485.2027831062162,485.2028354587691,1872102.8908909569,76.70562360874673,453174.76507251186,10.205165494485785,-1,-0.10789828303685718,0.997889796845806,0.0,0.5987338781074836,7.0,0.4782608695652174,1.4782608695652173,O11,de-protonated,,0.0,,C23 H34 O11,23.0,34.0,11.0,,,,
1047,1879,485.2393651718974,485.23917969532914,485.23922096811907,2022101.073296517,179.30702528567824,364418.5825254552,11.110681509968108,-1,-0.08505658270261163,0.9986881485252058,0.0,0.5992128891151235,6.0,0.4166666666666667,1.5833333333333333,O10,de-protonated,,0.0,,C24 H38 O10,24.0,38.0,10.0,,,,
1048,1882,486.09726991229644,486.0970841514525,486.09703376578915,2078086.9774009585,114.65333779428227,488080.57144479186,11.486122381002703,-1,0.10365350922017919,0.9980524052753131,0.9905774430916554,0.9950624204018501,10.0,0.7,1.1,13C1 O14,de-protonated,,1.0,1876.0,C19 H22 O14 13C1,19.0,22.0,14.0,,,,1.0
1049,1884,487.0156481200745,487.0154620550043,487.0154286084191,2965140.483594689,131.83446745524594,465666.0797243876,16.43441913022303,-1,0.06867664404454535,0.9991445667310354,0.0,0.5994867400386212,16.0,0.6666666666666666,0.5714285714285714,O14,de-protonated,,0.0,,C21 H12 O14,21.0,12.0,14.0,,,,
1050,1885,487.0367193004262,487.036533228377,487.03655797647906,1731865.9472286643,183.92062181139588,421999.27312157967,9.482842334443347,-1,-0.05081364360139106,0.9995316044375122,0.0,0.5997189626625073,11.0,0.8888888888888888,0.8888888888888888,O16,de-protonated,,0.0,,C18 H16 O16,18.0,16.0,16.0,,,,
1051,1886,487.0519653283646,487.0517792512657,487.0518141177691,2658756.913756477,219.75361095358215,472933.4419822903,14.623387099258384,-1,-0.07158684632551608,0.9990705663604381,0.0,0.5994423398162628,15.0,0.5909090909090909,0.7272727272727273,O13,de-protonated,,0.0,,C22 H16 O13,22.0,16.0,13.0,,,,
1052,1887,487.0731169928411,487.07293090873657,487.07294348582906,6699878.849652799,184.26794082691018,471908.95467875176,36.513191947371844,-1,-0.025821784312259528,0.9998790237674328,0.0,0.5999274142604596,10.0,0.7894736842105263,1.0526315789473684,O15,de-protonated,,0.0,,C19 H20 O15,19.0,20.0,15.0,,,,
1053,1888,487.08840653332066,487.0882204441521,487.0881996271191,2185521.2579390723,139.02737216449304,451414.5381196561,12.00853546685789,-1,0.042737707561809196,0.9996686367739281,0.0,0.5998011820643568,14.0,0.5217391304347826,0.8695652173913043,O12,de-protonated,,0.0,,C23 H20 O12,23.0,20.0,12.0,,,,
1054,1889,487.1094804768453,487.10929438069695,487.10932899517906,6437848.362974288,240.0614067616621,445458.86822515185,35.629965556886006,-1,-0.07106101247360173,0.9990841641008721,0.0,0.5994504984605232,9.0,0.7,1.2,O14,de-protonated,,0.0,,C20 H24 O14,20.0,24.0,14.0,,,,
1055,1890,487.12469687300376,487.12451077181566,487.1245851364691,1548062.090503605,83.66662092643293,497415.8121928011,8.470754049446565,-1,-0.15266043982130614,0.9957802286429923,0.0,0.5974681371857954,13.0,0.4583333333333333,1.0,O11,de-protonated,,0.0,,C24 H24 O11,24.0,24.0,11.0,,,,
1056,1891,487.14590145122014,487.14571534300904,487.14571450452905,2984880.825530981,166.26047672838837,452923.30829343735,16.37451576304497,-1,0.0017212098274727817,0.9999994624469309,0.0,0.5999996774681585,8.0,0.6190476190476191,1.3333333333333333,O13,de-protonated,,0.0,,C21 H28 O13,21.0,28.0,13.0,,,,
1057,1892,487.21871524540074,487.2185291130739,487.2184855232291,2437458.224646788,144.20725097575493,415134.4980112813,13.570898868955467,-1,0.08946673017183134,0.9985486852182386,0.0,0.5991292111309431,6.0,0.4782608695652174,1.565217391304348,O11,de-protonated,,0.0,,C23 H36 O11,23.0,36.0,11.0,,,,
1058,1893,487.25503581265644,487.2548496683006,487.25487103257905,1955048.031996556,168.7377139754965,446949.49742095114,10.886392158440948,-1,-0.043846208029734136,0.9996512275578211,0.0,0.5997907365346926,5.0,0.4166666666666667,1.6666666666666667,O10,de-protonated,,0.0,,C24 H40 O10,24.0,40.0,10.0,,,,
1059,1895,488.0473010303144,488.0471146236025,488.0470630899691,2039309.714713105,130.28035995901536,475331.4629577679,11.153171107617665,-1,0.10559152453970191,0.9979789701972342,0.0,0.5987873821183405,15.0,0.6190476190476191,0.7142857142857143,N1 O13,de-protonated,,0.0,,C21 H15 O13 N1,21.0,15.0,13.0,1.0,,,
1060,1899,489.0312783744655,489.03109164200697,489.0310786728791,4280827.565966247,100.50504344612595,429142.65255728224,23.511375066607958,-1,0.026520048351206655,0.9998723929289914,0.0,0.5999234357573948,15.0,0.6666666666666666,0.6666666666666666,O14,de-protonated,,0.0,,C21 H14 O14,21.0,14.0,14.0,,,,
1061,1900,489.0523891064966,489.0522023670505,489.0522080409391,1862133.2876398563,72.2280367355982,475834.30956259527,10.305468806969982,-1,-0.01160180552390228,0.999975576961875,0.0,0.599985346177125,10.0,0.8888888888888888,1.0,O16,de-protonated,,0.0,,C18 H18 O16,18.0,18.0,16.0,,,,
1062,1901,489.06769654405707,489.0675097995443,489.0674641822291,3961488.508261659,108.5424669397391,437130.0977809499,21.57635699660035,-1,0.09327407474361052,0.9984226321632182,0.0,0.5990535792979309,14.0,0.5909090909090909,0.8181818181818182,O13,de-protonated,,0.0,,C22 H18 O13,22.0,18.0,13.0,,,,
1063,1902,489.08876982810654,489.0885830766187,489.0885935502891,3799724.2681423468,67.06219565852486,447218.13845849683,21.403612402877567,-1,-0.021414669089014224,0.9999167932622443,0.0,0.5999500759573465,9.0,0.7894736842105263,1.1578947368421053,O15,de-protonated,,0.0,,C19 H22 O15,19.0,22.0,15.0,,,,
1064,1903,489.1040447697755,489.1038580132318,489.1038496915791,3082539.4816287216,210.90469792817572,470238.2917496804,16.77015660673263,-1,0.017014081318489555,0.9999474758018725,0.0,0.5999684854811235,13.0,0.5217391304347826,0.9565217391304348,O12,de-protonated,,0.0,,C23 H22 O12,23.0,22.0,12.0,,,,
1065,1904,489.140399406417,489.14021263784025,489.14023520092906,3895999.4467436764,283.24541496378697,454127.31268901913,21.198826473222333,-1,-0.04612805731685302,0.9996139884293548,0.0,0.5997683930576129,12.0,0.4583333333333333,1.0833333333333333,O11,de-protonated,,0.0,,C24 H26 O11,24.0,26.0,11.0,,,,
1066,1905,490.0628300125533,490.0626429387108,490.0627131544291,1792789.3253601985,147.06463250991868,328936.3760290671,9.865248713289343,-1,-0.14327904661863256,0.9962819897292287,0.0,0.5977691938375371,14.0,0.6190476190476191,0.8095238095238095,N1 O13,de-protonated,,0.0,,C21 H17 O13 N1,21.0,17.0,13.0,1.0,,,
1067,1907,490.9535922909093,490.95340492236807,490.95331760792914,1926080.59324399,172.26051522918692,429512.36557033204,10.484482357723026,-1,0.17784672350166547,0.994277313876271,0.0,0.5965663883257626,25.0,0.24,0.2,N2 S1 P1 O6,de-protonated,,0.0,,C25 H5 O6 N2 P1 S1,25.0,5.0,6.0,2.0,1.0,1.0,
1068,1908,490.9894271282188,490.9892397478238,490.98921385992907,1971293.161418428,83.60202628606615,390438.9518044009,10.741509595963777,-1,0.052725994741111476,0.9994956943188574,0.0,0.5996974165913145,20.0,0.5652173913043478,0.34782608695652173,O13,de-protonated,,0.0,,C23 H8 O13,23.0,8.0,13.0,,,,
1069,1909,491.0105509459687,491.0103635585863,491.01034322798904,2397488.0433231625,104.55439534480045,488262.80190036434,13.089582279187557,-1,0.041405639449588014,0.9996889678575523,0.0,0.5998133807145314,15.0,0.75,0.6,O15,de-protonated,,0.0,,C20 H12 O15,20.0,12.0,15.0,,,,
1070,1910,491.0443924544673,491.04420505589064,491.0442268138891,1654256.884859727,82.4245313294538,427023.5092994569,9.100435955597352,-1,-0.04430965130981179,0.9996438170410463,0.0,0.5997862902246278,18.0,0.36,0.64,S1 O9,de-protonated,,0.0,,C25 H16 O9 S1,25.0,16.0,9.0,,,1.0,
1071,1911,491.04689658090547,491.04670918150055,491.04672873733904,6523972.849383267,208.07221085623365,465592.9782214009,35.557524275647424,-1,-0.03982480148468689,0.4998561305502185,0.8149093904448101,0.6258774345080551,14.0,0.6666666666666666,0.7619047619047619,O14,de-protonated,,0.0,,C21 H16 O14,21.0,16.0,14.0,,,,
1072,1912,491.08325383672513,491.083066425294,491.08311424668904,5885264.331759475,87.37913079707572,473172.2829965735,32.005115291832155,-1,-0.09737943257922245,0.9982808462048632,0.0,0.5989685077229179,13.0,0.5909090909090909,0.9090909090909091,O13,de-protonated,,0.0,,C22 H20 O13,22.0,20.0,13.0,,,,
1073,1913,491.09456677870793,491.0943793635347,491.0943476359791,1692195.657041268,132.74458612144826,347241.2631133541,9.327859785639642,-1,0.06460582525795723,0.999242935749419,0.0,0.5995457614496514,13.0,0.5714285714285714,0.9523809523809523,N2 O12,de-protonated,,0.0,,C21 H20 O12 N2,21.0,20.0,12.0,2.0,,,
1074,1914,491.11969156523253,491.1195041417487,491.1194997560391,3192949.381202968,157.24545774424942,455086.2315065966,17.58372791910444,-1,0.008930025359762929,0.9999855304151576,0.0,0.5999913182490946,12.0,0.5217391304347826,1.0434782608695652,O12,de-protonated,,0.0,,C23 H24 O12,23.0,24.0,12.0,,,,
1075,1915,491.1560615725246,491.15587413701064,491.1558852653891,3034219.157765818,111.21907753512791,449955.74282027286,16.692142919244922,-1,-0.022657528455122047,0.9999068551882084,0.0,0.5999441131129251,11.0,0.4583333333333333,1.1666666666666667,O11,de-protonated,,0.0,,C24 H28 O11,24.0,28.0,11.0,,,,
1076,1918,492.0422414592108,492.0420537306184,492.041977709539,1734468.9570858155,229.89510871237238,397658.5958359906,9.443835490699493,-1,0.15450120688497776,0.9956780733504503,0.0,0.5974068440102702,14.0,0.7,0.75,N1 O14,de-protonated,,0.0,,C20 H15 O14 N1,20.0,15.0,14.0,1.0,,,
1077,1919,492.05012805146976,492.0499403202695,492.0498610222091,1551292.2530113675,280.86274236005335,342472.4768489754,8.612850408799178,-1,0.16115858718596723,0.9952984852324357,0.0,0.5971790911394614,17.0,0.16,0.8,N1 S2 P1 O4,de-protonated,,0.0,,C25 H20 O4 N1 P1 S2,25.0,20.0,4.0,1.0,1.0,2.0,
1078,1920,492.07854550412424,492.0783577635271,492.078363218889,1977349.5946251363,131.44041973298735,452881.6457209841,10.903805927969454,-1,-0.011086368223186266,0.999977698833306,0.0,0.5999866192999835,13.0,0.6190476190476191,0.9047619047619048,N1 O13,de-protonated,,0.0,,C21 H19 O13 N1,21.0,19.0,13.0,1.0,,,
1079,1922,493.00507654320506,493.00488849627874,493.0048639243891,1969483.0080952304,249.21826199238282,333476.4521522226,10.91913004515454,-1,0.04984106940416511,0.9995493590449541,0.0,0.5997296154269725,19.0,0.5652173913043478,0.43478260869565216,O13,de-protonated,,0.0,,C23 H10 O13,23.0,10.0,13.0,,,,
1080,1923,493.0262149250116,493.02602687109754,493.0259932924491,4253005.63500852,154.46850283384106,461479.5335306469,23.204892722906248,-1,0.06810725788617507,0.999158686484755,0.0,0.599495211890853,14.0,0.75,0.7,O15,de-protonated,,0.0,,C20 H14 O15,20.0,14.0,15.0,,,,
1081,1924,493.0601737126334,493.05998564749376,493.05987687834914,1682640.8928099547,154.01033019336285,468599.41171067377,9.18053929542848,-1,0.22060027537824353,0.991208764654921,0.0,0.5947252587929526,17.0,0.36,0.72,S1 O9,de-protonated,,0.0,,C25 H18 O9 S1,25.0,18.0,9.0,,,1.0,
1082,1925,493.06256189142596,493.0623738254969,493.06237880179907,8242663.402334744,96.70445059705916,454958.1440327781,45.3454558522302,-1,-0.01009264224441506,0.9999868159277281,0.9831429354476143,0.9932492637356827,13.0,0.6666666666666666,0.8571428571428571,O14,de-protonated,,0.0,,C21 H18 O14,21.0,18.0,14.0,,,,
1083,1926,493.09658424463584,493.0963961674603,493.0963953294291,1515417.4592752536,110.25339144504127,403053.7199124261,8.25691295963651,-1,0.0016995281660184625,0.9999994759044799,0.0,0.5999996855426879,3.0,1.0666666666666667,1.8,P1 O16,de-protonated,,0.0,,C15 H27 O16 P1,15.0,27.0,16.0,,1.0,,
1084,1927,493.0989226122529,493.0987345343044,493.09876431114907,6346268.347183194,178.34874062937922,436835.8686295388,35.37920727567552,-1,-0.060387181657956285,0.9944957094544401,0.9874512937575081,0.9916779431756673,12.0,0.5909090909090909,1.0,O13,de-protonated,,0.0,,C22 H22 O13,22.0,22.0,13.0,,,,
1085,1928,493.13534226672596,493.13515417673864,493.13514982049907,3536685.6583388946,198.4889970468061,455109.6782052323,19.578649356290114,-1,0.008833764077292292,0.9999858406816469,0.0,0.5999915044089881,11.0,0.5217391304347826,1.1304347826086956,O12,de-protonated,,0.0,,C23 H26 O12,23.0,26.0,12.0,,,,
1086,1929,494.0577495171311,494.05756112228283,494.05762777399906,1922062.8998240405,343.6708412285785,432394.1080308674,10.484482357723026,-1,-0.13490676487426043,0.9967031105251477,0.0,0.5980218663150886,13.0,0.7,0.85,N1 O14,de-protonated,,0.0,,C20 H17 O14 N1,20.0,17.0,14.0,1.0,,,
1087,1930,494.0659187773356,494.06573037978774,494.06573363686914,2085811.4794561965,67.96232416046783,499524.55368194665,11.357957037272897,-1,-0.006592404979863625,0.9999921143068546,0.9831429354476143,0.9932524427631586,13.0,0.6666666666666666,0.8571428571428571,13C1 O14,de-protonated,,1.0,1925.0,C20 H18 O14 13C1,20.0,18.0,14.0,,,,1.0
1088,1931,494.09428780467374,494.0940993977512,494.09401328334906,1616577.910208048,105.7657812958277,454274.28435267956,8.825994947828093,-1,0.1742874834554308,0.9945034532767951,0.0,0.596702071966077,12.0,0.6190476190476191,1.0,N1 O13,de-protonated,,0.0,,C21 H21 O13 N1,21.0,21.0,13.0,1.0,,,
1089,1932,494.10218925759204,494.1020008480585,494.1021191462191,1634040.3819576874,149.50530723711958,414052.96994482714,8.889381068911856,-1,-0.2394204679897522,0.9896528729556495,0.9874512937575081,0.988772241276393,12.0,0.5909090909090909,1.0,13C1 O13,de-protonated,,1.0,1927.0,C21 H22 O13 13C1,21.0,22.0,13.0,,,,1.0
1090,1932,494.10218925759204,494.1020008480585,494.1018965960191,1634040.3819576874,149.50530723711958,414052.96994482714,8.889381068911856,-1,0.21099299574064384,0.9919547966321892,0.0,0.5951728779793135,15.0,0.11538461538461539,1.0,N1 S2 P1 O3,de-protonated,,0.0,,C26 H26 O3 N1 P1 S2,26.0,26.0,3.0,1.0,1.0,2.0,
1091,1934,495.0418255389552,495.0416368189652,495.04164335690905,6550537.145963091,349.1486448153315,458055.69149090006,36.11197869743506,-1,-0.013206856358263424,0.9999683520295367,0.0,0.599981011217722,13.0,0.75,0.8,O15,de-protonated,,0.0,,C20 H16 O15,20.0,16.0,15.0,,,,
1092,1935,495.0757941659203,495.07560543470873,495.07552694280906,1635876.6895274515,189.5471799289053,414826.1868228878,8.998739541550874,-1,0.1585453034937226,0.995449380135468,0.0,0.5972696280812808,16.0,0.36,0.8,S1 O9,de-protonated,,0.0,,C25 H20 O9 S1,25.0,20.0,9.0,,,1.0,
1093,1936,495.0782227745703,495.0780340425565,495.0780288662591,9852344.56903371,126.87850680648437,452367.97681621724,54.03562339773595,-1,0.010455518332251276,0.499990082306992,0.8149093904448101,0.6259578055621192,12.0,0.6666666666666666,0.9523809523809523,O14,de-protonated,,0.0,,C21 H20 O14,21.0,20.0,14.0,,,,
1094,1937,495.114561849599,495.1143731055808,495.1144143756091,6569182.03757092,204.78328356386197,448003.6484010325,35.81385496310703,-1,-0.08335452797724129,0.9979019316586542,0.9481453781718042,0.9779993102639142,11.0,0.5909090909090909,1.0909090909090908,O13,de-protonated,,0.0,,C22 H24 O13,22.0,24.0,13.0,,,,
1095,1939,495.1509867682895,495.1507980122386,495.1507998849591,3017364.041870686,132.21594373789952,446925.9935062095,16.435812231785313,-1,-0.003782121477192155,0.9999974044810015,0.0,0.5999984426886009,10.0,0.5217391304347826,1.2173913043478262,O12,de-protonated,,0.0,,C23 H28 O12,23.0,28.0,12.0,,,,
1096,1941,496.073395108456,496.07320604774424,496.0732778384591,2285985.0144534064,205.65347827206816,425042.28210200276,12.676527665971388,-1,-0.14471796418532748,0.9962070790604095,0.0,0.5977242474362456,12.0,0.7,0.95,N1 O14,de-protonated,,0.0,,C20 H19 O14 N1,20.0,19.0,14.0,1.0,,,
1097,1942,496.1098045527062,496.1096154799706,496.1096633478091,1775466.3959192038,246.3309846395216,402906.12708095316,9.71618684612533,-1,-0.09648640615503204,0.9983122064165947,0.0,0.5989873238499568,11.0,0.6190476190476191,1.0952380952380953,N1 O13,de-protonated,,0.0,,C21 H23 O13 N1,21.0,23.0,13.0,1.0,,,
1098,1943,496.1180214432117,496.1178323677627,496.11776921067906,2120958.889547495,152.68781025206005,370963.05891892477,11.549508502086466,-1,0.12730260340552516,0.9970637703270291,0.9481453781718042,0.9774964134649391,11.0,0.5909090909090909,1.0909090909090908,13C1 O13,de-protonated,,1.0,1937.0,C21 H24 O13 13C1,21.0,24.0,13.0,,,,1.0
1099,1944,496.1462021850151,496.1460131002599,496.1460488571591,3321965.7313099504,223.31405268451817,383239.2661068697,18.153506458077164,-1,-0.07206930152281325,0.9990580023448163,0.0,0.5994348014068898,10.0,0.5454545454545454,1.2272727272727273,N1 O12,de-protonated,,0.0,,C22 H27 O12 N1,22.0,27.0,12.0,1.0,,,
1100,1947,497.00002489031027,496.9998355236356,496.99977854395905,1551989.5510943434,128.52102084714033,348196.01279460447,8.51080571936213,-1,0.11464728764795683,0.9976178801259852,0.0,0.5985707280755911,18.0,0.6363636363636364,0.45454545454545453,O14,de-protonated,,0.0,,C22 H10 O14,22.0,10.0,14.0,,,,
1101,1948,497.02113012601177,497.0209407523695,497.0209079120191,1495718.8315701757,147.09160927235715,462351.87895999476,8.192830287771606,-1,0.0660743841500095,0.9992081406130915,0.0,0.5995248843678549,13.0,0.8421052631578947,0.7368421052631579,O16,de-protonated,,0.0,,C19 H14 O16,19.0,14.0,16.0,,,,
1102,1949,497.03632671201876,497.03613733335953,497.03616405330905,2017840.366821404,122.39545777139499,430162.4409230918,11.081426377160218,-1,-0.053758562151842965,0.9994757538454078,0.0,0.5996854523072447,17.0,0.5652173913043478,0.6086956521739131,O13,de-protonated,,0.0,,C23 H14 O13,23.0,14.0,13.0,,,,
1103,1950,497.0574548951274,497.05726550949305,497.0572934213691,6568450.116790021,85.81016852331219,455471.05763689894,36.4518954786315,-1,-0.05615424298408307,0.9994280016914162,0.0,0.5996568010148497,12.0,0.75,0.9,O15,de-protonated,,0.0,,C20 H18 O15,20.0,18.0,15.0,,,,
1104,1952,497.1302482745118,497.1300588648462,497.130064440069,6045933.992954999,121.26957532980498,465252.3131675534,32.86047965107238,-1,-0.011214817235501754,0.9999771790734319,0.0,0.5999863074440591,10.0,0.5909090909090909,1.1818181818181819,O13,de-protonated,,0.0,,C22 H26 O13,22.0,26.0,13.0,,,,
1105,1953,497.1399490968515,497.13975968398347,497.1397982275091,2394779.154626025,45.12007220750942,460768.84526885056,13.396064622889266,-1,-0.07753055737039202,0.9989099088277523,0.0,0.5993459452966514,0.0,0.6666666666666666,2.3333333333333335,N2 S2 P1 O10,de-protonated,,0.0,,C15 H35 O10 N2 P1 S2,15.0,35.0,10.0,2.0,1.0,2.0,
1106,1955,497.16669430771253,497.1665048860153,497.1664499494191,2902575.6717330087,175.55055413650717,328016.2818464465,15.790109657668301,-1,0.1104994035815156,0.9977869425249853,0.0,0.5986721655149911,9.0,0.5217391304347826,1.3043478260869565,O12,de-protonated,,0.0,,C23 H30 O12,23.0,30.0,12.0,,,,
1107,1959,498.0315604727625,498.03137076559506,498.03141302550904,1633501.8148419233,99.08900889975004,451671.79139783414,8.89773967828554,-1,-0.08485391257894345,0.9986943886750648,0.0,0.5992166332050388,17.0,0.5909090909090909,0.5909090909090909,N1 O13,de-protonated,,0.0,,C22 H13 O13 N1,22.0,13.0,13.0,1.0,,,
1108,1961,498.08914377267723,498.0889540465059,498.0889279029191,1651159.4301462139,158.5382344751154,458987.3812847758,9.076056678257443,-1,0.052487789402447395,0.9995002395908288,0.0,0.5997001437544972,11.0,0.7,1.05,N1 O14,de-protonated,,0.0,,C20 H21 O14 N1,20.0,21.0,14.0,1.0,,,
1109,1962,498.09246549511187,498.0922757678442,498.09229920623915,28233437.689114176,149.52515132196106,437389.39911804616,156.2948504753736,-1,-0.047056328629234284,0.9995826774673982,0.9558688466038744,0.9820971451219886,6.0,0.8235294117647058,1.4705882352941178,N1 S1 O14,de-protonated,,0.0,,C17 H25 O14 N1 S1,17.0,25.0,14.0,1.0,,1.0,
1110,1964,498.1619741959676,498.16178444576093,498.1616989216191,4283724.371846118,101.87117109959682,471833.00748494174,23.32609255882465,-1,0.1716794807680657,0.9946662847456273,0.0,0.5967997708473763,9.0,0.5454545454545454,1.3181818181818181,N1 O12,de-protonated,,0.0,,C22 H29 O12 N1,22.0,29.0,12.0,1.0,,,
1111,1969,499.01565274324645,499.0154627113534,499.0154286084191,2530163.632808956,142.16660960106623,452277.2170656913,13.837677818132184,-1,0.06834044070082729,0.9991529181587364,0.0,0.5994917508952419,17.0,0.6363636363636364,0.5454545454545454,O14,de-protonated,,0.0,,C22 H12 O14,22.0,12.0,14.0,,,,
1112,1970,499.03673275668643,499.0365427178386,499.03655797647906,2296578.651487018,125.24347043765522,430035.4262485005,12.534431306618778,-1,-0.03057619773524143,0.9998303773088896,0.0,0.5998982263853337,12.0,0.8421052631578947,0.8421052631578947,O16,de-protonated,,0.0,,C19 H16 O16,19.0,16.0,16.0,,,,
1113,1971,499.052026148903,499.0518361050096,499.0518141177691,2709210.518640783,70.16324365018386,388233.18946047634,15.146496735894711,-1,0.04405803146606468,0.9996478501350404,0.0,0.5997887100810242,16.0,0.5652173913043478,0.6956521739130435,O13,de-protonated,,0.0,,C23 H16 O13,23.0,16.0,13.0,,,,
1114,1972,499.073132546069,499.07294249521226,499.07294348582906,8294524.072851977,236.6749617147745,436228.9248979433,45.1671388522583,-1,-0.001984913849589601,0.9958037163372618,0.9620295067404525,0.9822940324985381,11.0,0.75,1.0,O15,de-protonated,,0.0,,C20 H20 O15,20.0,20.0,15.0,,,,
1115,1975,499.0958197176186,499.095629659277,499.0956540413091,3531628.6015311475,37.24217937432109,475505.47177353926,19.247091184467354,-1,-0.04885242320070881,0.9995670557062546,0.9558688466038744,0.9820877720653025,6.0,0.8235294117647058,1.4705882352941178,13C1 N1 S1 O14,de-protonated,,1.0,1962.0,C16 H25 O14 N1 S1 13C1,16.0,25.0,14.0,1.0,,1.0,1.0
1116,1976,499.1095011117558,499.1093110489005,499.10932899517906,7052166.656361524,290.9823718668983,438105.9471371994,39.21580897819601,-1,-0.035956608110126104,0.9998810271572007,0.9872599339504916,0.9948325898745171,10.0,0.6666666666666666,1.1428571428571428,O14,de-protonated,,0.0,,C21 H24 O14,21.0,24.0,14.0,,,,
1117,1977,499.1458995779008,499.1457095030374,499.14571450452905,3797012.19596907,127.39909959258192,406231.24620167713,21.010757762314466,-1,-0.01002010340274809,0.9999817822692615,0.0,0.5999890693615568,9.0,0.5909090909090909,1.2727272727272727,O13,de-protonated,,0.0,,C22 H28 O13,22.0,28.0,13.0,,,,
1118,1979,499.18221134728645,499.18202126044355,499.1821000138791,1478744.6753017835,153.99277427361372,398376.69028117484,8.09322352606855,-1,-0.15776494300843363,0.9954939653915212,0.0,0.5972963792349127,8.0,0.5217391304347826,1.391304347826087,O12,de-protonated,,0.0,,C23 H32 O12,23.0,32.0,12.0,,,,
1119,1980,499.255086239356,499.25489612847167,499.25487103257905,2473737.6095155044,171.65020839144796,435976.1489457072,13.917084607182172,-1,0.050266695590861235,0.9995416313049863,0.0,0.5997249787829918,6.0,0.4,1.6,O10,de-protonated,,0.0,,C25 H40 O10,25.0,40.0,10.0,,,,
1120,1983,500.0765964739335,500.07640609207266,500.07629832089907,2282726.8055592207,156.79952502904464,451536.2936892706,12.478707244127557,-1,0.2155094611576401,0.9916081475608609,0.9620295067404525,0.9797766912326975,11.0,0.75,1.0,13C1 O15,de-protonated,,1.0,1972.0,C19 H20 O15 13C1,19.0,20.0,15.0,,,,1.0
1121,1984,500.08945990466935,500.0892695185661,500.08932182608913,11435101.291166788,117.0804219687941,447466.8108859428,62.605984208885566,-1,-0.1045963606220673,0.49900842404286394,0.8524773804394659,0.6403960066015046,6.0,1.0625,1.4375,N1 O17,de-protonated,,0.0,,C16 H23 O17 N1,16.0,23.0,17.0,1.0,,,
1122,1986,500.11287638328037,500.11268598945423,500.1126838302491,1739202.4996176697,91.48133536418753,470997.2403739205,9.704345482845946,-1,0.004317437208916069,0.9999966177542949,0.9872599339504916,0.9949019442327737,10.0,0.6666666666666666,1.1428571428571428,13C1 O14,de-protonated,,1.0,1976.0,C20 H24 O14 13C1,20.0,24.0,14.0,,,,1.0
1123,1990,501.0312351688021,501.0310444721435,501.0310786728791,3184613.642796341,206.84709748286213,443898.45876774203,17.477852200371125,-1,-0.06826070693507705,0.9991548927756037,0.0,0.5994929356653622,16.0,0.6363636363636364,0.6363636363636364,O14,de-protonated,,0.0,,C22 H14 O14,22.0,14.0,14.0,,,,
1124,1991,501.05231558634716,501.05212488273827,501.0522080409391,2737253.4504545783,111.87748049200734,429964.20698070235,15.439744614754755,-1,-0.1659671377326192,0.9950144487807501,0.0,0.59700866926845,11.0,0.8421052631578947,0.9473684210526315,O16,de-protonated,,0.0,,C19 H18 O16,19.0,18.0,16.0,,,,
1125,1992,501.06521134040537,501.06502063254476,501.0649622587791,1585787.3316909415,167.23392962695596,372523.955959444,8.663698615822415,-1,0.11649939644426831,0.9975403883977431,0.0,0.5985242330386458,19.0,0.2962962962962963,0.6666666666666666,S1 O8,de-protonated,,0.0,,C27 H18 O8 S1,27.0,18.0,8.0,,,1.0,
1126,1992,501.06521134040537,501.06502063254476,501.0650952005091,1585787.3316909415,167.23392962695596,372523.955959444,8.663698615822415,-1,-0.14881891609634046,0.9959895068753996,0.0,0.5975937041252397,6.0,1.0,1.4375,P1 O16,de-protonated,,0.0,,C16 H23 O16 P1,16.0,23.0,16.0,,1.0,,
1127,1993,501.0676800188419,501.06748931016733,501.0674641822291,3345082.745926934,115.95054675800081,483825.8016709362,18.490637036149046,-1,0.05014881230919511,0.9995437781870549,0.0,0.5997262669122329,15.0,0.5652173913043478,0.782608695652174,O13,de-protonated,,0.0,,C23 H18 O13,23.0,18.0,13.0,,,,
1128,1994,501.08676061474193,501.0865698997765,501.08658088418906,6969034.70707653,231.36521462526915,449677.2680358498,38.15705179086283,-1,-0.021921186795813695,0.49995640536713093,0.7739790330151772,0.6095654564263495,18.0,0.07407407407407407,0.8518518518518519,N2 S2 P1 O2,de-protonated,,0.0,,C27 H23 O2 N2 P1 S2,27.0,23.0,2.0,2.0,1.0,2.0,
1129,1995,501.0887725596999,501.08858184407114,501.0885935502891,6734850.426736468,293.52522126536473,439829.4032766759,37.73633511905412,-1,-0.02336157337778069,0.9999009769036393,0.0,0.5999405861421836,10.0,0.75,1.1,O15,de-protonated,,0.0,,C20 H22 O15,20.0,22.0,15.0,,,,
1130,1997,501.1040073962235,501.10381667557186,501.1038496915791,2371824.426439075,124.51862066313248,428009.07961150946,12.955844529208628,-1,-0.06588655679083023,0.9992126344263836,0.0,0.5995275806558301,14.0,0.5,0.9166666666666666,O12,de-protonated,,0.0,,C24 H22 O12,24.0,22.0,12.0,,,,
1131,1998,501.1252285175494,501.1250377899012,501.1249790596391,4661672.218956021,109.15014839370244,460193.1662166418,25.911689058417256,-1,0.1171968363061217,0.9975108874225831,0.0,0.5985065324535498,9.0,0.6666666666666666,1.2380952380952381,O14,de-protonated,,0.0,,C21 H26 O14,21.0,26.0,14.0,,,,
1132,1999,501.16162152769147,501.1614307880448,501.1613645689891,1581434.950844481,196.7045302385448,448154.5594485566,8.607974553331195,-1,0.13213120644677823,0.9968371621984592,0.0,0.5981022973190755,8.0,0.5909090909090909,1.3636363636363635,O13,de-protonated,,0.0,,C22 H30 O13,22.0,30.0,13.0,,,,
1133,2000,501.2343424850749,501.2341517214531,501.2341355876891,2243500.9504843773,282.31521712430924,483643.4068027019,12.239790326196452,-1,0.032188079105261634,0.9998120236872374,0.0,0.5998872142123425,6.0,0.4583333333333333,1.5833333333333333,O11,de-protonated,,0.0,,C24 H38 O11,24.0,38.0,11.0,,,,
1134,2001,501.2706333890122,501.270442613426,501.2705210970391,1705733.5960409257,123.11931388884614,391139.32915954303,9.439656186012652,-1,-0.15656937679666755,0.9955618502162528,0.0,0.5973371101297517,5.0,0.4,1.68,O10,de-protonated,,0.0,,C25 H42 O10,25.0,42.0,10.0,,,,
1135,2006,503.01051995017053,503.010328601144,503.0103432279891,1785873.4341013874,233.29506298093548,388105.6527351968,9.722455803155594,-1,-0.02907861693732843,0.9998465849361208,0.0,0.5999079509616725,16.0,0.7142857142857143,0.5714285714285714,O15,de-protonated,,0.0,,C21 H12 O15,21.0,12.0,15.0,,,,
1136,2007,503.0445249307117,503.0443335704809,503.0442268138891,1569599.7626168223,52.80098670313484,451912.2351153486,8.663698615822415,-1,0.21222108531622005,0.9918612527508743,0.0,0.5951167516505246,19.0,0.34615384615384615,0.6153846153846154,S1 O9,de-protonated,,0.0,,C26 H16 O9 S1,26.0,16.0,9.0,,,1.0,
1137,2007,503.0445249307117,503.0443335704809,503.0443597556191,1569599.7626168223,52.80098670313484,451912.2351153486,8.663698615822415,-1,-0.05205333824504534,0.9995084765451817,0.0,0.599705085927109,6.0,1.1333333333333333,1.4,P1 O17,de-protonated,,0.0,,C15 H21 O17 P1,15.0,21.0,17.0,,1.0,,
1138,2008,503.0469353818218,503.0467440207968,503.04672873733904,4533044.502901212,84.21635986733037,460558.05011782865,24.727552730478834,-1,0.030381785366948775,0.9998325272922698,0.0,0.5998995163753619,15.0,0.6363636363636364,0.7272727272727273,O14,de-protonated,,0.0,,C22 H16 O14,22.0,16.0,14.0,,,,
1139,2009,503.06807712771985,503.0678857597289,503.06785810539907,2712364.7719617574,132.1825331538862,387793.2362877981,14.851855755472386,-1,0.05497137089402825,0.9994518392887003,0.0,0.5996711035732202,10.0,0.8421052631578947,1.0526315789473684,O16,de-protonated,,0.0,,C19 H20 O16,19.0,20.0,16.0,,,,
1140,2010,503.0833440094853,503.08315263646415,503.08311424668904,4339720.063731569,137.6128242069812,439895.9916179839,24.088119113392086,-1,0.07630901142644266,0.9989439704567092,0.0,0.5993663822740255,14.0,0.5652173913043478,0.8695652173913043,O13,de-protonated,,0.0,,C23 H20 O13,23.0,20.0,13.0,,,,
1141,2011,503.1044367350724,503.10424535510157,503.10424361474907,4235253.976078699,97.1711373043993,458909.21274026943,23.221609941653615,-1,0.0034592284286983277,0.9999978287399602,0.0,0.5999986972439761,9.0,0.75,1.2,O15,de-protonated,,0.0,,C20 H24 O15,20.0,24.0,15.0,,,,
1142,2012,503.1196767183176,503.1194853333255,503.1194997560391,2065199.930474734,110.00296880248817,461814.66310029407,11.25347442010186,-1,-0.028666576452986436,0.9998509015565568,0.0,0.599910540933934,13.0,0.5,1.0,O12,de-protonated,,0.0,,C24 H24 O12,24.0,24.0,12.0,,,,
1143,2013,503.14079042960196,503.1405990376534,503.1406291240991,2000585.2023480185,157.61579575655088,414266.42737329914,11.015950603733035,-1,-0.059797289277906555,0.9993514014955671,0.0,0.5996108408973403,8.0,0.6666666666666666,1.3333333333333333,O14,de-protonated,,0.0,,C21 H28 O14,21.0,28.0,14.0,,,,
1144,2014,503.28624898260705,503.28605754273434,503.28617116149906,1482741.171069047,104.9406989004202,386423.82044802565,8.162878604182575,-1,-0.22575379818725436,0.9907951346491861,0.0,0.5944770807895117,4.0,0.4,1.76,O10,de-protonated,,0.0,,C25 H44 O10,25.0,44.0,10.0,,,,
1145,2015,504.04224424194837,504.04205255303515,504.04197770953914,1630367.415529318,209.27659295429896,370247.14223945007,8.915153447814046,-1,0.14848663269838758,0.9960073604071983,0.0,0.5976044162443189,15.0,0.6666666666666666,0.7142857142857143,N1 O14,de-protonated,,0.0,,C21 H15 O14 N1,21.0,15.0,14.0,1.0,,,
1146,2016,504.07867709418946,504.0784853932761,504.078363218889,2787302.1875386066,241.75927479014854,356241.23689002986,15.179931173389443,-1,0.2423718135382381,0.9893975672080627,0.0,0.5936385403248376,14.0,0.5909090909090909,0.8636363636363636,N1 O13,de-protonated,,0.0,,C22 H19 O13 N1,22.0,19.0,13.0,1.0,,,
1147,2022,505.02616817519083,505.02597616224494,505.0259932924491,3076568.9236296895,155.9283581775369,440166.546890552,17.313466216022025,-1,-0.03391945039581345,0.9997912597927615,0.0,0.5998747558756569,15.0,0.7142857142857143,0.6666666666666666,O15,de-protonated,,0.0,,C21 H14 O15,21.0,14.0,15.0,,,,
1148,2023,505.06253095165425,505.06233892673515,505.06237880179907,5987811.056621431,167.6979939764252,434479.23525468615,32.632010994858376,-1,-0.07895077042527832,0.9988696290174892,0.0,0.5993217774104935,14.0,0.6363636363636364,0.8181818181818182,O14,de-protonated,,0.0,,C22 H18 O14,22.0,18.0,14.0,,,,
1149,2024,505.09895330632594,505.0987612694141,505.09876431114907,4851662.456452438,151.58415295871075,413256.0422719653,26.46196417551805,-1,-0.006022059757545446,0.9999934197480755,0.0,0.5999960518488453,13.0,0.5652173913043478,0.9565217391304348,O13,de-protonated,,0.0,,C23 H22 O13,23.0,22.0,13.0,,,,
1150,2025,505.1353464919903,505.1351544430955,505.13514982049907,4053228.8210175103,176.0597521368619,447987.6326855246,22.775817441723856,-1,0.009151207174221954,0.9999848047691093,0.0,0.5999908828614656,12.0,0.5,1.0833333333333333,O12,de-protonated,,0.0,,C24 H26 O12,24.0,26.0,12.0,,,,
1151,2026,506.057772174946,506.05757982237725,506.05762777399906,1518089.0055444601,123.63750312118798,450302.07626150316,8.494436776005335,-1,-0.09475525943593928,0.9983721785707266,0.0,0.5990233071424359,14.0,0.6666666666666666,0.8095238095238095,N1 O14,de-protonated,,0.0,,C21 H17 O14 N1,21.0,17.0,14.0,1.0,,,
1152,2031,507.0418447384511,507.0416520620146,507.04164335690905,6335692.767838873,115.41458747329763,456800.3325057744,34.59071179142476,-1,0.017168423230936876,0.9999465185668797,0.0,0.5999679111401278,14.0,0.7142857142857143,0.7619047619047619,O15,de-protonated,,0.0,,C21 H16 O15,21.0,16.0,15.0,,,,
1153,2032,507.07591632849255,507.07572364084456,507.0756598845391,1542711.4491885025,83.77515287472232,412966.52225402894,8.530657416624628,-1,0.12573331850634778,0.9971356119913835,0.0,0.59828136719483,4.0,1.1333333333333333,1.6666666666666667,P1 O17,de-protonated,,0.0,,C15 H25 O17 P1,15.0,25.0,17.0,,1.0,,
1154,2033,507.07820920801424,507.07801651961177,507.0780288662591,7544363.637103309,199.02451318145796,421623.9841089303,41.611943665318464,-1,-0.024348614287027018,0.9983213166859564,0.9624925143720137,0.9839897957603793,13.0,0.6363636363636364,0.9090909090909091,O14,de-protonated,,0.0,,C22 H20 O14,22.0,20.0,14.0,,,,
1155,2034,507.11453695465866,507.1143442543025,507.1144143756091,4711419.429839993,48.192122334581086,465458.6485899577,25.683220402203254,-1,-0.13827512015107685,0.9965367105809246,0.0,0.5979220263485547,12.0,0.5652173913043478,1.0434782608695652,O13,de-protonated,,0.0,,C23 H24 O13,23.0,24.0,13.0,,,,
1156,2035,507.15101096249225,507.1508182501345,507.1507998849591,2847734.172858925,118.08953983743358,399476.2123296607,15.496861778808256,-1,0.03621245472321472,0.9997620870448751,0.0,0.5998572522269251,11.0,0.5,1.1666666666666667,O12,de-protonated,,0.0,,C24 H28 O12,24.0,28.0,12.0,,,,
1157,2036,508.0735015015153,508.07330848566255,508.0732778384591,2639550.967104128,371.8420574641358,378032.1515459065,14.758517950799591,-1,0.060320439582753405,0.9993400067882868,0.0,0.5996040040729721,13.0,0.6666666666666666,0.9047619047619048,N1 O14,de-protonated,,0.0,,C21 H19 O14 N1,21.0,19.0,14.0,1.0,,,
1158,2037,508.08150866827174,508.0813156497851,508.0813837013291,2249921.9648959464,217.29928214034106,408896.7743136562,12.656327693318321,-1,-0.13393827485609566,0.9967502003503048,0.9624925143720137,0.9830471259589884,13.0,0.6363636363636364,0.9090909090909091,13C1 O14,de-protonated,,1.0,2033.0,C21 H20 O14 13C1,21.0,20.0,14.0,,,,1.0
1159,2038,508.1099769890177,508.1097839611666,508.1096633478091,2023048.5258259324,155.25034882834782,458045.97304604296,11.022916111544438,-1,0.23737662600055345,0.9898278802021326,0.0,0.5938967281212796,12.0,0.5909090909090909,1.0454545454545454,N1 O13,de-protonated,,0.0,,C22 H23 O13 N1,22.0,23.0,13.0,1.0,,,
1160,2042,508.9999925502999,508.99979922972847,508.99977854395905,1798611.1603235558,249.53255348859912,347088.2499502805,9.876393525787588,-1,0.04064003617644839,0.9997003619746873,0.0,0.5998202171848124,19.0,0.6086956521739131,0.43478260869565216,O14,de-protonated,,0.0,,C23 H10 O14,23.0,10.0,14.0,,,,
1161,2043,509.0211673069343,509.0209739793996,509.0209079120191,2067089.3836923894,238.51617739901974,407358.5712532762,11.242329607603617,-1,0.12979305862928137,0.9969479392690311,0.0,0.5981687635614187,14.0,0.8,0.7,O16,de-protonated,,0.0,,C20 H14 O16,20.0,14.0,16.0,,,,
1162,2044,509.03638036093673,509.03618702839935,509.03616405330905,1541649.046459902,92.8424471858269,475672.5400766012,8.396919666645699,-1,0.045134495200086444,0.999630435075984,0.0,0.5997782610455904,18.0,0.5416666666666666,0.5833333333333334,O13,de-protonated,,0.0,,C24 H14 O13,24.0,14.0,13.0,,,,
1163,2045,509.0575203633824,509.05732702389344,509.0572934213691,5753348.901226342,156.63010370696912,424245.0178614456,32.30602522928474,-1,0.06600931719943524,0.9992096988009451,0.0,0.599525819280567,13.0,0.7142857142857143,0.8571428571428571,O15,de-protonated,,0.0,,C21 H18 O15,21.0,18.0,15.0,,,,
1164,2046,509.0938139559369,509.0936206045132,509.09367893071914,7149471.036484152,87.56601449645137,442425.26498142927,39.10714705633813,-1,-0.1145687097379239,0.9969524524202115,0.9815838251607717,0.9908050015164356,12.0,0.6363636363636364,1.0,O14,de-protonated,,0.0,,C22 H22 O14,22.0,22.0,14.0,,,,
1165,2047,509.1302811941704,509.13008783075503,509.130064440069,5062355.652934741,214.22758175050018,417301.7651493548,27.919148409663453,-1,0.04594245683770558,0.9996170878925807,0.0,0.5997702527355484,11.0,0.5652173913043478,1.1304347826086956,O13,de-protonated,,0.0,,C23 H26 O13,23.0,26.0,13.0,,,,
1166,2048,509.1666071720601,509.1664137966996,509.1664499494191,2437633.794677107,146.9400173878996,389957.01725859795,13.272775134627441,-1,-0.07100373458953228,0.9990856392282134,0.0,0.599451383536928,10.0,0.5,1.25,O12,de-protonated,,0.0,,C24 H30 O12,24.0,30.0,12.0,,,,
1167,2050,510.08912555641183,510.0889318777477,510.0889279029191,2033864.718959659,241.7850340424984,381088.38851678354,11.126702177934336,-1,0.007792422790869758,0.9999889821602483,0.0,0.599993389296149,12.0,0.6666666666666666,1.0,N1 O14,de-protonated,,0.0,,C21 H21 O14 N1,21.0,21.0,14.0,1.0,,,
1168,2051,510.09730051588036,510.0971068345289,510.09703376578915,1503906.500925844,81.94404616672881,397923.7556161983,8.385774854147456,-1,0.14324478467730653,0.996283764364918,0.9815838251607717,0.9904037886832594,12.0,0.6363636363636364,1.0,13C1 O14,de-protonated,,1.0,2046.0,C21 H22 O14 13C1,21.0,22.0,14.0,,,,1.0
1169,2053,511.015735375957,511.0155413927364,511.0154286084191,1609194.3146391397,72.5544204642916,499750.87166068587,8.768181232993452,-1,0.22070628594632466,0.9912003505743793,0.0,0.5947202103446275,18.0,0.6086956521739131,0.5217391304347826,O14,de-protonated,,0.0,,C23 H12 O14,23.0,12.0,14.0,,,,
1170,2054,511.0366858303368,511.03649184023135,511.03655797647906,2993979.5149736824,101.96693988521909,426825.598882908,16.495715598963372,-1,-0.12941588361549397,0.9969656250016604,0.0,0.5981793750009963,13.0,0.8,0.8,O16,de-protonated,,0.0,,C20 H16 O16,20.0,16.0,16.0,,,,
1171,2055,511.0731212607606,511.0729272586816,511.07294348582906,7792458.246155588,122.37911278755524,438925.37684623763,42.456163212060446,-1,-0.03175113780120002,0.499908546001696,0.8149093904448103,0.6259088837789417,12.0,0.7142857142857143,0.9523809523809523,O15,de-protonated,,0.0,,C21 H20 O15,21.0,20.0,15.0,,,,
1172,2057,511.1458573331221,511.14566330714064,511.14571450452905,3749317.55620396,145.34283239960106,459820.1246543461,20.54128253582594,-1,-0.10016202222390778,0.9981812845007464,0.0,0.5989087707004478,10.0,0.5652173913043478,1.2173913043478262,O13,de-protonated,,0.0,,C23 H28 O13,23.0,28.0,13.0,,,,
1173,2058,511.25509704564723,511.2549029837687,511.25487103257905,1619088.641628933,184.3886886715615,336054.16219386074,8.829129426343224,-1,0.06249561907275743,0.9992915664873995,0.0,0.5995749398924397,7.0,0.38461538461538464,1.5384615384615385,O10,de-protonated,,0.0,,C26 H40 O10,26.0,40.0,10.0,,,,
1174,2059,512.1081344441561,512.1079401020065,512.107949270699,2052294.6760228218,127.2047110143696,438100.4546718174,11.39557077945447,-1,-0.01790382769723672,0.999941838850989,0.0,0.5999651033105934,6.0,0.7777777777777778,1.5,N1 S1 O14,de-protonated,,0.0,,C18 H27 O14 N1 S1,18.0,27.0,14.0,1.0,,1.0,
1175,2060,512.1411680599797,512.1409737069782,512.140963476729,2302982.7126412136,257.5982449140217,456792.33500175533,12.557417482396406,-1,0.01997545592842202,0.9999276011766717,0.0,0.599956560706003,10.0,0.5909090909090909,1.2272727272727273,N1 O13,de-protonated,,0.0,,C22 H27 O13 N1,22.0,27.0,13.0,1.0,,,
1176,2063,513.0312440742375,513.0310494288826,513.0310786728791,2962807.9960278305,83.1626181088307,449378.36685484217,16.18366084901254,-1,-0.057002387677055816,0.9994105975935612,0.0,0.5996463585561367,17.0,0.6086956521739131,0.6086956521739131,O14,de-protonated,,0.0,,C23 H14 O14,23.0,14.0,14.0,,,,
1177,2064,513.0523732483365,513.0521785960425,513.052208040939,4847417.516789146,158.6903012960787,419601.7719762742,26.701577644230298,-1,-0.057391618394913996,0.9994025232653183,0.0,0.599641513959191,12.0,0.8,0.9,O16,de-protonated,,0.0,,C20 H18 O16,20.0,18.0,16.0,,,,
1178,2066,513.0887883152334,513.0885936509806,513.088593550289,7812026.464378325,148.0235793252899,439466.60780782346,42.53974930579728,-1,0.0001962458802262665,0.9991153360266907,0.9947161373387944,0.9973556565515321,11.0,0.7142857142857143,1.0476190476190477,O15,de-protonated,,0.0,,C21 H22 O15,21.0,22.0,15.0,,,,
1179,2068,513.1251767880408,513.1249821118379,513.124979059639,5432737.941204158,128.41641005859762,436189.8809340691,30.06870412026226,-1,0.005948256221733281,0.9999935800481737,0.0,0.5999961480289042,10.0,0.6363636363636364,1.1818181818181819,O14,de-protonated,,0.0,,C22 H26 O14,22.0,26.0,14.0,,,,
1180,2069,513.1349069328336,513.1347122534353,513.1347128470791,1944069.9660974233,298.55572570658273,350044.5509086145,10.572944306927837,-1,-0.0011568965717242584,0.9999997571473517,0.0,0.599999854288411,0.0,0.7333333333333333,2.3333333333333335,N2 S2 P1 O11,de-protonated,,0.0,,C15 H35 O11 N2 P1 S2,15.0,35.0,11.0,2.0,1.0,2.0,
1181,2070,513.1615907885931,513.161396100432,513.161364568989,2391263.150810973,162.26438180306621,405756.62178661255,13.26929238072174,-1,0.06144547327903396,0.9993151667097881,0.0,0.5995891000258728,9.0,0.5652173913043478,1.3043478260869565,O13,de-protonated,,0.0,,C23 H30 O13,23.0,30.0,13.0,,,,
1182,2071,513.234295521947,513.23410080991,513.234135587689,1849107.1690429884,193.90278724421376,380674.7390683773,10.195413783549823,-1,-0.06776201457956449,0.9991671907473572,0.0,0.5995003144484142,7.0,0.44,1.52,O11,de-protonated,,0.0,,C25 H38 O11,25.0,38.0,11.0,,,,
1183,2072,514.0920925912428,514.0918975975542,514.091948385359,1712590.3680507573,118.04053248285288,496516.87724313803,9.353980439932402,-1,-0.09879128631769342,0.998230679041414,0.9947161373387944,0.9968248623603662,11.0,0.7142857142857143,1.0476190476190477,13C1 O15,de-protonated,,1.0,2066.0,C20 H22 O15 13C1,20.0,22.0,15.0,,,,1.0
1184,2075,515.0105754166199,515.0103801214418,515.010343227989,1795369.2538114192,144.1859974912804,377025.35775039525,9.998289912487131,-1,0.07163633374507328,0.9990692814944452,0.0,0.5994415688966671,17.0,0.6818181818181818,0.5454545454545454,O15,de-protonated,,0.0,,C22 H12 O15,22.0,12.0,15.0,,,,
1185,2077,515.0468515925387,515.046656285455,515.046728737339,3116260.196299492,123.07108061330277,436328.7032702937,16.979121841074704,-1,-0.14067050604071418,0.9964158969751252,0.0,0.5978495381850751,16.0,0.6086956521739131,0.6956521739130435,O14,de-protonated,,0.0,,C23 H16 O14,23.0,16.0,14.0,,,,
1186,2078,515.0680799907259,515.0678846766751,515.0678581053991,4825062.64333004,83.30787182824179,419550.1847061875,26.28782648023299,-1,0.051587913414500884,0.9995172248601162,0.0,0.5997103349160697,11.0,0.8,1.0,O16,de-protonated,,0.0,,C20 H20 O16,20.0,20.0,16.0,,,,
1187,2079,515.0833859283794,515.0831906093053,515.083114246689,2376163.7231600615,82.56929140640219,408193.9894500529,12.949575572178366,-1,0.14825299889820204,0.9960198898089203,0.0,0.5976119338853522,15.0,0.5416666666666666,0.8333333333333334,O13,de-protonated,,0.0,,C24 H20 O13,24.0,20.0,13.0,,,,
1188,2080,515.104451686298,515.1042563603105,515.104243614749,4506073.331512131,340.42504489777986,421751.0556508781,24.871042191393723,-1,0.02474365471920298,0.9998889144937093,0.0,0.5999333486962256,10.0,0.7142857142857143,1.1428571428571428,O15,de-protonated,,0.0,,C21 H24 O15,21.0,24.0,15.0,,,,
1189,2081,515.1408575491569,515.1406622112214,515.1406291240991,3286076.2599710817,157.14702825966825,408060.61954728176,18.301175223678896,-1,0.06422930065349454,0.9992517311267006,0.0,0.5995510386760203,9.0,0.6363636363636364,1.2727272727272727,O14,de-protonated,,0.0,,C22 H28 O14,22.0,28.0,14.0,,,,
1190,2084,517.0261973755968,517.0260014191151,517.025993292449,2884987.5178171275,178.6222641672585,428035.1082675631,15.679358083467001,-1,0.015718099685810148,0.9999551725358933,0.0,0.599973103521536,16.0,0.6818181818181818,0.6363636363636364,O15,de-protonated,,0.0,,C22 H14 O15,22.0,14.0,15.0,,,,
1191,2085,517.0624915820903,517.0622956137049,517.062378801799,3275812.269591172,177.20637697474157,416207.52378391806,18.185547794009615,-1,-0.16088599268775872,0.995314339409737,0.0,0.5971886036458421,15.0,0.6086956521739131,0.782608695652174,O14,de-protonated,,0.0,,C23 H18 O14,23.0,18.0,14.0,,,,
1192,2086,517.0835804997163,517.0833845244142,517.0835081698591,2798411.412191248,244.26379092385469,414666.65796082653,15.755978669392428,-1,-0.23912084399058292,0.9896786206532457,0.0,0.5938071723919475,10.0,0.8,1.1,O16,de-protonated,,0.0,,C20 H22 O16,20.0,22.0,16.0,,,,
1193,2087,517.0990743109309,517.0988783305473,517.098764311149,2584448.6947192685,265.83454710972126,347859.42654320184,14.143463611052752,-1,0.22049829973305438,0.9912168547355644,0.0,0.5947301128413386,14.0,0.5416666666666666,0.9166666666666666,O13,de-protonated,,0.0,,C24 H22 O13,24.0,22.0,13.0,,,,
1194,2088,517.1200195245981,517.1198235373452,517.119893679209,2466068.9058760707,131.49133898855268,399025.9608124218,13.701850415809835,-1,-0.1356394613461593,0.9966672614948842,0.0,0.5980003568969304,9.0,0.7142857142857143,1.2380952380952381,O15,de-protonated,,0.0,,C21 H26 O15,21.0,26.0,15.0,,,,
1195,2089,517.156396440847,517.1562004416635,517.156279188559,1600087.0523127427,162.3758674427838,355998.5916424523,8.7093226919871,-1,-0.15226905031562918,0.9958017927080807,0.0,0.5974810756248484,8.0,0.6363636363636364,1.3636363636363635,O14,de-protonated,,0.0,,C22 H30 O14,22.0,30.0,14.0,,,,
1196,2093,519.0418498201014,519.0416532027441,519.041643356909,3956512.6545863757,79.32044842355944,408825.0124768401,22.06115634027396,-1,0.018969258397975145,0.9999347109490725,0.0,0.5999608265694435,15.0,0.6818181818181818,0.7272727272727273,O15,de-protonated,,0.0,,C22 H16 O15,22.0,16.0,15.0,,,,
1197,2094,519.078213986724,519.078017357448,519.078028866259,4455877.747439431,128.1945615932314,431693.2331938124,24.301263652421,-1,-0.022171639828273113,0.999910807140085,0.0,0.599946484284051,14.0,0.6086956521739131,0.8695652173913043,O14,de-protonated,,0.0,,C23 H20 O14,23.0,20.0,14.0,,,,
1198,2095,519.114544573405,519.1143479322214,519.114414375609,2895927.542274793,222.27778502836355,445868.5093617904,15.966337005296785,-1,-0.1279937249967244,0.9970318498890234,0.0,0.598219109933414,13.0,0.5416666666666666,1.0,O13,de-protonated,,0.0,,C24 H24 O13,24.0,24.0,13.0,,,,
1199,2097,520.1098504115993,520.1096534442522,520.109663347809,1526658.7784061579,81.63931817140892,471657.85461793735,8.318209428376852,-1,-0.019041285931450155,0.9999342142103722,0.0,0.5999605285262233,13.0,0.5652173913043478,1.0,N1 O13,de-protonated,,0.0,,C23 H23 O13 N1,23.0,23.0,13.0,1.0,,,
1200,2098,520.3242234756977,520.3240264381142,520.323953651909,1563267.411387798,123.5179515358073,358619.69217512285,8.752857115808366,-1,0.13988632391929776,0.9964556747904275,0.0,0.5978734048742564,3.0,0.375,1.9583333333333333,N3 O9,de-protonated,,0.0,,C24 H47 O9 N3,24.0,47.0,9.0,3.0,,,
1201,2100,521.0211392726815,521.020942006797,521.020907912019,2415402.7423867434,166.01579087541487,397340.6861581942,13.306906122903314,-1,0.06543840659409167,0.9992233049306487,0.0,0.5995339829583892,15.0,0.7619047619047619,0.6666666666666666,O16,de-protonated,,0.0,,C21 H14 O16,21.0,14.0,16.0,,,,
1202,2101,521.0574888635251,521.0572915857343,521.0572934213691,5835746.63178324,175.13081127590323,431274.91400451964,32.684948854225034,-1,-0.003522903856024881,0.9999977480698207,0.0,0.5999986488418924,14.0,0.6818181818181818,0.8181818181818182,O15,de-protonated,,0.0,,C22 H18 O15,22.0,18.0,15.0,,,,
1203,2102,521.0914280546109,521.0912307657036,521.091177007269,1514929.789035907,132.32303449567533,368652.6495561183,8.269450873697034,-1,0.10316512141949073,0.9980706974617565,0.0,0.5988424184770539,17.0,0.3333333333333333,0.8148148148148148,S1 O9,de-protonated,,0.0,,C27 H22 O9 S1,27.0,22.0,9.0,,,1.0,
1204,2102,521.0914280546109,521.0912307657036,521.0913099489991,1514929.789035907,132.32303449567533,368652.6495561183,8.269450873697034,-1,-0.15195666092596505,0.995818964778719,0.0,0.5974913788672314,4.0,1.0625,1.6875,P1 O17,de-protonated,,0.0,,C16 H27 O17 P1,16.0,27.0,17.0,,1.0,,
1205,2103,521.0938895760831,521.0936922863696,521.0936789307191,5503266.185215835,101.8209325377595,413349.38796924514,30.3946898858359,-1,0.02563003740146631,0.9998808136758337,0.0,0.5999284882055002,13.0,0.6086956521739131,0.9565217391304348,O14,de-protonated,,0.0,,C23 H22 O14,23.0,22.0,14.0,,,,
1206,2104,521.130350534274,521.1301532326181,521.130064440069,2716284.819207772,269.2980253380493,353799.86021621776,15.111669196837699,-1,0.1703846222058471,0.9947462273901948,0.0,0.5968477364341168,12.0,0.5416666666666666,1.0833333333333333,O13,de-protonated,,0.0,,C24 H26 O13,24.0,26.0,13.0,,,,
1207,2105,521.1666275684562,521.1664302549183,521.166449949419,1685033.7729562644,229.75840218128707,349500.1907774859,9.187504803239882,-1,-0.03778927189401917,0.9997409195683159,0.0,0.5998445517409895,11.0,0.48,1.2,O12,de-protonated,,0.0,,C25 H30 O12,25.0,30.0,12.0,,,,
1208,2109,523.036717527994,523.0365196021262,523.036557976479,3768947.358637592,167.7598418616706,389421.5763661649,20.858909692025893,-1,-0.07336839505120918,0.999023752824474,0.0,0.5994142516946843,14.0,0.7619047619047619,0.7619047619047619,O16,de-protonated,,0.0,,C21 H16 O16,21.0,16.0,16.0,,,,
1209,2110,523.0731480440929,523.0729501063003,523.072943485829,6013998.091636314,296.2375317470712,432805.1227586171,33.11123793228287,-1,0.012656879573549091,0.9999709329597352,0.0,0.599982559775841,13.0,0.6818181818181818,0.9090909090909091,O15,de-protonated,,0.0,,C22 H20 O15,22.0,20.0,15.0,,,,
1210,2111,523.109545139154,523.1093471894475,523.109328995179,5352160.689785898,191.61672008358724,430079.502321912,29.544897932844794,-1,0.03478100555489825,0.9997805222838142,0.0,0.5998683133702885,12.0,0.6086956521739131,1.0434782608695652,O14,de-protonated,,0.0,,C23 H24 O14,23.0,24.0,14.0,,,,
1211,2112,523.1458968483796,523.1456988867744,523.145714504529,3184173.2829583944,108.63087384862642,414341.6295017495,17.851203419062298,-1,-0.02985354584291404,0.9998382998002107,0.0,0.5999029798801264,11.0,0.5416666666666666,1.1666666666666667,O13,de-protonated,,0.0,,C24 H28 O13,24.0,28.0,13.0,,,,
1212,2113,523.1823356573815,523.1821376838492,523.182100013879,2048644.3157091632,104.22966021580714,415901.089356359,11.494480990376386,-1,0.07200164186883595,0.9990597694039677,0.0,0.5994358616423806,10.0,0.48,1.28,O12,de-protonated,,0.0,,C25 H32 O12,25.0,32.0,12.0,,,,
1213,2116,525.0313890031894,525.0311904246148,525.0310786728791,1776854.231277907,85.91973018878672,446478.06941166427,9.660462783634111,-1,0.2128478489821344,0.9918133061930052,0.0,0.5950879837158031,18.0,0.5833333333333334,0.5833333333333334,O14,de-protonated,,0.0,,C24 H14 O14,24.0,14.0,14.0,,,,
1214,2117,525.0524169557744,525.0522183703213,525.052208040939,4846150.2505515935,190.06953566548026,433494.476840404,26.573412300500493,-1,0.019673057415426774,0.9999297765280438,0.0,0.5999578659168263,13.0,0.7619047619047619,0.8571428571428571,O16,de-protonated,,0.0,,C21 H18 O16,21.0,18.0,16.0,,,,
1215,2118,525.088801020765,525.0886024234102,525.088593550289,6353444.256235559,143.13758626573284,418352.4539388843,34.75788397889842,-1,0.016898331548750783,0.4999740940075194,0.8077896627745582,0.6231003215143349,12.0,0.6818181818181818,1.0,O15,de-protonated,,0.0,,C22 H22 O15,22.0,22.0,15.0,,,,
1216,2119,525.1251650873385,525.1249664780886,525.124979059639,4828982.219374695,126.82918404738467,426908.16982563224,26.566446792689092,-1,-0.023959154368704504,0.9998958464248568,0.0,0.5999375078549141,11.0,0.6086956521739131,1.1304347826086956,O14,de-protonated,,0.0,,C23 H26 O14,23.0,26.0,14.0,,,,
1217,2120,525.1616696128829,525.1614709916921,525.161364568989,2569966.098524876,268.7583438827373,372527.6586877258,13.99858104857558,-1,0.20264762464228808,0.9925763101277588,0.0,0.5955457860766553,10.0,0.5416666666666666,1.25,O13,de-protonated,,0.0,,C24 H30 O13,24.0,30.0,13.0,,,,
1218,2121,525.2707193459721,525.2705206891115,525.270521097039,1641000.790013129,100.63278296825847,401519.08834609104,9.155463467307431,-1,-0.0007766045432778714,0.9999998905656511,0.0,0.5999999343393906,7.0,0.37037037037037035,1.5555555555555556,O10,de-protonated,,0.0,,C27 H42 O10,27.0,42.0,10.0,,,,
1219,2123,526.0839347973831,526.083735874562,526.083842522489,1863497.8863535486,124.06159612199552,423564.0613056307,10.432241049137506,-1,-0.2027204001238226,0.9925709969891239,0.0,0.5955425981934743,12.0,0.7142857142857143,1.0,N1 O15,de-protonated,,0.0,,C21 H21 O15 N1,21.0,21.0,15.0,1.0,,,
1220,2124,526.1203284688421,526.1201295341201,526.120228031839,1805899.3047739,161.23930188492994,349263.30445972487,9.814400506266105,-1,-0.18721522887952688,0.9936604867093716,0.0,0.596196292025623,11.0,0.6363636363636364,1.1363636363636365,N1 O14,de-protonated,,0.0,,C22 H25 O14 N1,22.0,25.0,14.0,1.0,,,
1221,2126,527.0316475276372,527.0314482949585,527.031472596049,1815438.5735492196,40.42134540049567,381259.0863281565,9.891021092191533,-1,-0.04610937239566039,0.9996143010262671,0.0,0.5997685806157602,13.0,0.85,0.8,O17,de-protonated,,0.0,,C20 H16 O17,20.0,16.0,17.0,,,,
1222,2127,527.0469295677372,527.0467303300627,527.046728737339,1533265.4735322457,207.69122676530299,452951.1299156427,8.687381342381183,-1,0.0030219781912673915,0.9999983429480653,0.0,0.5999990057688391,17.0,0.5833333333333334,0.6666666666666666,O14,de-protonated,,0.0,,C24 H16 O14,24.0,16.0,14.0,,,,
1223,2128,527.0680883713752,527.0678891267839,527.0678581053991,5731480.715281489,174.33093439160348,402489.99546702736,31.344785151311196,-1,0.058856529370174354,0.999371642728972,0.0,0.5996229856373833,12.0,0.7619047619047619,0.9523809523809523,O16,de-protonated,,0.0,,C21 H20 O16,21.0,20.0,16.0,,,,
1224,2130,527.1044330908538,527.1042338343816,527.104243614749,6233376.506917658,225.56946469261803,427724.7965144293,34.0808366196301,-1,-0.018554901555535176,0.49996876600211876,0.8077896627745582,0.6230971247110946,11.0,0.6818181818181818,1.0909090909090908,O15,de-protonated,,0.0,,C22 H24 O15,22.0,24.0,15.0,,,,
1225,2131,527.1407564909158,527.1405572225698,527.1406291240991,3751678.663497951,80.39843251686611,452804.21278351446,20.424262004594375,-1,-0.13639914153662563,0.9966298885589884,0.0,0.597977933135393,10.0,0.6086956521739131,1.2173913043478262,O14,de-protonated,,0.0,,C23 H28 O14,23.0,28.0,14.0,,,,
1226,2132,527.1772011205126,527.1770018402532,527.1770146334491,1883431.2925174374,111.1252695946711,424367.9787878725,10.393930756174793,-1,-0.02426736280896616,0.9998931496888507,0.0,0.5999358898133104,9.0,0.5416666666666666,1.3333333333333333,O13,de-protonated,,0.0,,C24 H32 O13,24.0,32.0,13.0,,,,
1227,2133,527.2862919065549,527.2860925906358,527.286171161499,1540041.7751418247,226.72875928276983,389734.86636698444,8.436623061170694,-1,-0.14900990685750506,0.9959792270571873,0.0,0.5975875362343124,6.0,0.37037037037037035,1.6296296296296295,O10,de-protonated,,0.0,,C27 H44 O10,27.0,44.0,10.0,,,,
1228,2134,529.0261514315812,529.0259515471095,529.025993292449,2178951.5373982834,91.56636420798077,436620.6558366238,11.87061841219212,-1,-0.07890980800143269,0.9988708010029614,0.0,0.5993224806017768,17.0,0.6521739130434783,0.6086956521739131,O15,de-protonated,,0.0,,C23 H14 O15,23.0,14.0,15.0,,,,
1229,2135,529.0626260775728,529.0624261811854,529.062378801799,2308604.861949681,75.82225170710024,441082.2824509444,13.055451290911684,-1,0.0895534974436289,0.9985458708526783,0.0,0.599127522511607,16.0,0.5833333333333334,0.75,O14,de-protonated,,0.0,,C24 H18 O14,24.0,18.0,14.0,,,,
1230,2136,529.0836489785066,529.0834490752513,529.0835081698591,4258029.2256093705,428.64662919291374,392188.7736316285,23.334451168198335,-1,-0.11169240176861178,0.99773895271595,0.0,0.59864337162957,11.0,0.7619047619047619,1.0476190476190477,O16,de-protonated,,0.0,,C21 H22 O16,21.0,22.0,16.0,,,,
1231,2137,529.1200383798791,529.1198384647362,529.119893679209,4944130.433676227,126.0051617966037,423272.709841749,27.588983339402976,-1,-0.10435153444156707,0.9980261118943484,0.0,0.598815667136609,10.0,0.6818181818181818,1.1818181818181819,O15,de-protonated,,0.0,,C22 H26 O15,22.0,26.0,15.0,,,,
1232,2138,529.156502791541,529.1563028644861,529.156279188559,2815419.1429716735,173.44895313989076,400091.976099006,15.33735164992714,-1,0.044742787741787096,0.9996368207458399,0.0,0.5997820924475039,9.0,0.6086956521739131,1.3043478260869565,O14,de-protonated,,0.0,,C23 H30 O14,23.0,30.0,14.0,,,,
1233,2139,529.2656328586567,529.2654328959526,529.265435716609,1846080.678916915,170.8449860495104,402219.65640693065,10.141082822620882,-1,-0.005329379552820279,0.9999948464557208,0.0,0.5999969078734324,6.0,0.4230769230769231,1.6153846153846154,O11,de-protonated,,0.0,,C26 H42 O11,26.0,42.0,11.0,,,,
1234,2141,531.0054423402696,531.0052418094003,531.005257847559,1547563.2930672544,141.79850070020717,381442.4753179947,8.42896100257815,-1,-0.030203389669478005,0.9998344880875749,0.0,0.5999006928525449,17.0,0.7272727272727273,0.5454545454545454,O16,de-protonated,,0.0,,C22 H12 O16,22.0,12.0,16.0,,,,
1235,2142,531.0392969239434,531.0390963820215,531.039141433459,1638283.2559963297,284.9026359950937,361746.0438404058,8.95624994390132,-1,-0.08483637830255525,0.9986949278521137,0.0,0.5992169567112682,20.0,0.37037037037037035,0.5925925925925926,S1 O10,de-protonated,,0.0,,C27 H16 O10 S1,27.0,16.0,10.0,,,1.0,
1236,2143,531.0418232918772,531.0416227491305,531.041643356909,3381862.6314289174,127.26759459821425,422039.0594202283,18.574223129885876,-1,-0.038806332414124414,0.9997267880485495,0.0,0.5998360728291297,16.0,0.6521739130434783,0.6956521739130435,O15,de-protonated,,0.0,,C23 H16 O15,23.0,16.0,15.0,,,,
1237,2145,531.0758359697986,531.0756354159479,531.075526942809,1696535.578792516,57.965208698592136,417030.46025628387,9.228601299327156,-1,0.20425181236369283,0.9924587569720518,0.0,0.595475254183231,19.0,0.32142857142857145,0.7142857142857143,S1 O9,de-protonated,,0.0,,C28 H20 O9 S1,28.0,20.0,9.0,,,1.0,
1238,2145,531.0758359697986,531.0756354159479,531.075659884539,1696535.578792516,57.965208698592136,417030.46025628387,9.228601299327156,-1,-0.046073644514634755,0.9996148983979001,0.0,0.5997689390387401,6.0,1.0,1.4705882352941178,P1 O17,de-protonated,,0.0,,C17 H25 O17 P1,17.0,25.0,17.0,,1.0,,
1239,2146,531.0782554380362,531.0780548833957,531.078028866259,3517726.0818339516,205.06579825108753,358781.95144602796,19.273560114150683,-1,0.048989292004921164,0.9995646268950092,0.0,0.5997387761370055,15.0,0.5833333333333334,0.8333333333333334,O14,de-protonated,,0.0,,C24 H20 O14,24.0,20.0,14.0,,,,
1240,2147,531.0994190667363,531.0992185051866,531.099158234319,3400411.9450006415,188.41273585262942,424963.5120442209,19.021408731377914,-1,0.11348326705569427,0.9976659499614184,0.0,0.598599569976851,10.0,0.7619047619047619,1.1428571428571428,O16,de-protonated,,0.0,,C21 H24 O16,21.0,24.0,16.0,,,,
1241,2148,531.1146437183243,531.1144431518042,531.114414375609,2712977.0911686593,100.18320384842397,427919.3995828608,14.782200677358361,-1,0.05418078351795169,0.9994674888182814,0.0,0.5996804932909688,14.0,0.52,0.96,O13,de-protonated,,0.0,,C25 H24 O13,25.0,24.0,13.0,,,,
1242,2149,531.1357990099019,531.1355984364754,531.135543743669,2082141.0362869943,138.66530533955972,399106.64727111004,11.463136205225075,-1,0.10297335035056956,0.9980778565684049,0.0,0.5988467139410429,9.0,0.6818181818181818,1.2727272727272727,O15,de-protonated,,0.0,,C22 H28 O15,22.0,28.0,15.0,,,,
1243,2151,533.0210732387218,533.0208720500209,533.020907912019,2049052.2500445526,275.15411693817623,408655.95546583476,11.151081455274243,-1,-0.0672806592373205,0.9991789757959818,0.0,0.5995073854775891,16.0,0.7272727272727273,0.6363636363636364,O16,de-protonated,,0.0,,C22 H14 O16,22.0,14.0,16.0,,,,
1244,2152,533.0574704756888,533.0572692751132,533.0572934213691,4005687.4329691897,125.69263721766137,418856.55850036914,22.465155793335306,-1,-0.045297674741686215,0.9996277584889001,0.0,0.59977665509334,15.0,0.6521739130434783,0.782608695652174,O15,de-protonated,,0.0,,C23 H18 O15,23.0,18.0,15.0,,,,
1245,2153,533.0938678740038,533.0936666615535,533.0936789307191,3786450.257764569,192.76392718893717,364550.3135943188,20.615116918626804,-1,-0.023015027365214998,0.9999038927945584,0.0,0.599942335676735,14.0,0.5833333333333334,0.9166666666666666,O14,de-protonated,,0.0,,C24 H22 O14,24.0,22.0,14.0,,,,
1246,2154,533.1303846264107,533.1301834020469,533.130064440069,2522908.85201304,183.86350568302146,381409.20567887905,13.725533142368603,-1,0.2231387533123424,0.9910061944341628,0.0,0.5946037166604977,13.0,0.52,1.04,O13,de-protonated,,0.0,,C25 H26 O13,25.0,26.0,13.0,,,,
1247,2156,534.0605813637173,534.0603798359285,534.060425706239,1544492.852895042,233.8199247398593,339082.42955489387,8.415726537736486,-1,-0.08588973883658046,0.9986623399357784,0.0,0.599197403961467,18.0,0.18518518518518517,0.8148148148148148,N1 S2 P1 O5,de-protonated,,0.0,,C27 H22 O5 N1 P1 S2,27.0,22.0,5.0,1.0,1.0,2.0,
1248,2157,534.0891435753168,534.0889420382126,534.0889279029191,1625875.6356740918,114.72239564965616,297677.22489103273,8.978887844288378,-1,0.02646617972370241,0.9998729107711845,0.0,0.5999237464627106,14.0,0.6086956521739131,0.9130434782608695,N1 O14,de-protonated,,0.0,,C23 H21 O14 N1,23.0,21.0,14.0,1.0,,,
1249,2158,535.0367782191308,535.0365763730122,535.036557976479,3525584.289319218,172.5053132069648,414674.2921819385,19.181615411040173,-1,0.0343836937684291,0.9997855074027552,0.0,0.599871304441653,15.0,0.7272727272727273,0.7272727272727273,O16,de-protonated,,0.0,,C22 H16 O16,22.0,16.0,16.0,,,,
1250,2159,535.0731375574312,535.0729356994581,535.072943485829,4696202.377887736,105.91266461323552,400236.20821822545,26.40345390990227,-1,-0.014551980293802001,0.9999615771406898,0.0,0.5999769462844139,14.0,0.6521739130434783,0.8695652173913043,O15,de-protonated,,0.0,,C23 H20 O15,23.0,20.0,15.0,,,,
1251,2160,535.1095027967582,535.1093009269288,535.109328995179,3989470.786589487,101.83428334307123,419535.2331014271,21.712880949703838,-1,-0.05245330011985292,0.9995008959878522,0.0,0.5997005375927112,13.0,0.5833333333333334,1.0,O14,de-protonated,,0.0,,C24 H24 O14,24.0,24.0,14.0,,,,
1252,2161,535.145990065879,535.1457881841537,535.145714504529,2411636.0829559895,82.87468084623356,452994.33715146926,13.135554630742812,-1,0.13768142533296854,0.9965663355252912,0.0,0.5979398013151747,12.0,0.52,1.12,O13,de-protonated,,0.0,,C25 H28 O13,25.0,28.0,13.0,,,,
1253,2163,536.0683644640759,536.068162281677,536.068192458029,1769535.5431742314,285.9829031165081,346810.9525744033,9.872214221100746,-1,-0.05629200238825068,0.9994251925671873,0.0,0.5996551155403124,14.0,0.6818181818181818,0.8636363636363636,N1 O15,de-protonated,,0.0,,C22 H19 O15 N1,22.0,19.0,15.0,1.0,,,
1254,2165,537.0523557770789,537.0521532740219,537.052208040939,4834276.918831641,154.06131409454179,421710.44134116045,26.687646628607492,-1,-0.10197689601453126,0.998114842123515,0.0,0.598868905274109,14.0,0.7272727272727273,0.8181818181818182,O16,de-protonated,,0.0,,C22 H18 O16,22.0,18.0,16.0,,,,
1255,2166,537.086446351855,537.0862438376906,537.086224568569,1584991.5198194585,187.10495479199227,410499.57642092986,8.718029576751354,-1,0.035877147305002376,0.9997664720210072,0.0,0.5998598832126043,4.0,1.125,1.6875,P1 O18,de-protonated,,0.0,,C16 H27 O18 P1,16.0,27.0,18.0,,1.0,,
1256,2167,537.0887731407634,537.0885706258409,537.088593550289,5901495.433870455,170.79799858044942,408699.93856987776,33.02207943229692,-1,-0.04268280573942405,0.9996694874398151,0.0,0.599801692463889,13.0,0.6521739130434783,0.9565217391304348,O15,de-protonated,,0.0,,C23 H22 O15,23.0,22.0,15.0,,,,
1257,2168,537.1251733873008,537.1249708605185,537.124979059639,4257535.711621519,150.45952941511854,407683.1225247423,23.553168113476374,-1,-0.015264828230013728,0.9999577206316239,0.0,0.5999746323789743,12.0,0.5833333333333334,1.0833333333333333,O14,de-protonated,,0.0,,C24 H26 O14,24.0,26.0,14.0,,,,
1258,2169,537.161568583004,537.1613660443637,537.161364568989,1890767.54872941,245.09186578656235,360212.3049564207,10.324972228841908,-1,0.0027466135606788056,0.999998631172723,0.0,0.5999991787036338,11.0,0.52,1.2,O13,de-protonated,,0.0,,C25 H30 O13,25.0,30.0,13.0,,,,
1259,2172,539.0317629831416,539.0315598353615,539.031472596049,1720922.443519296,95.46263822845629,417575.2506056918,9.400649342268798,-1,0.16184456185140722,0.9952584711120733,0.0,0.5971550826672439,14.0,0.8095238095238095,0.7619047619047619,O17,de-protonated,,0.0,,C21 H16 O17,21.0,16.0,17.0,,,,
1260,2173,539.0680773507288,539.0678741911245,539.0678581053991,4093166.963592033,157.29707310361147,386843.79825981765,22.87751385577033,-1,0.029839889661453227,0.9998384476904401,0.0,0.599903068614264,13.0,0.7272727272727273,0.9090909090909091,O16,de-protonated,,0.0,,C22 H20 O16,22.0,20.0,16.0,,,,
1261,2174,539.0832225649261,539.0830194003904,539.083114246689,2055471.0174395412,168.84582852655802,308639.1288250498,11.399053533360172,-1,-0.17594002865159508,0.9943990195142655,0.0,0.5966394117085593,17.0,0.5,0.7692307692307693,O13,de-protonated,,0.0,,C26 H20 O13,26.0,20.0,13.0,,,,
1262,2175,539.1044193721834,539.104216200746,539.104243614749,4714969.578687129,160.13179962788323,402544.190070938,26.063537128705832,-1,-0.05085102420905916,0.9995309152036405,0.0,0.5997185491221843,12.0,0.6521739130434783,1.0434782608695652,O15,de-protonated,,0.0,,C23 H24 O15,23.0,24.0,15.0,,,,
1263,2176,539.1407800764119,539.1405768931354,539.1406291240991,3392370.5449625743,196.8315116332501,407159.5777898802,18.519892168956936,-1,-0.09687818138592143,0.9982984839828994,0.0,0.5989790903897396,11.0,0.5833333333333334,1.1666666666666667,O14,de-protonated,,0.0,,C24 H28 O14,24.0,28.0,14.0,,,,
1264,2179,541.0473044230786,541.0471006192398,541.047122660509,2312483.908597008,140.80999102144608,427781.8736197308,12.686279376907352,-1,-0.04073816910375333,0.9996989133822127,0.0,0.5998193480293276,13.0,0.8095238095238095,0.8571428571428571,O17,de-protonated,,0.0,,C21 H18 O17,21.0,18.0,17.0,,,,
1265,2180,541.0624783970799,541.0622745883035,541.062378801799,1694865.9587598098,118.33541123157833,390891.643291023,9.224421994640315,-1,-0.19260902186118592,0.9932911792379155,0.0,0.5959747075427493,17.0,0.56,0.72,O14,de-protonated,,0.0,,C25 H18 O14,25.0,18.0,14.0,,,,
1266,2181,541.0836927601192,541.08348894444,541.0835081698591,5190408.834785312,198.89076188768885,401444.475662541,28.643561222049314,-1,-0.0355313345039587,0.9997709516725696,0.0,0.5998625710035417,12.0,0.7272727272727273,1.0,O16,de-protonated,,0.0,,C22 H22 O16,22.0,22.0,16.0,,,,
1267,2182,541.1201476473543,541.1199438198132,541.119893679209,3647028.0776050533,145.2948051689987,418817.93749680935,20.38386205928824,-1,0.0926608036704136,0.9984432900590231,0.0,0.5990659740354138,11.0,0.6521739130434783,1.1304347826086956,O15,de-protonated,,0.0,,C23 H26 O15,23.0,26.0,15.0,,,,
1268,2183,541.1564517045958,541.1562478652421,541.156279188559,1817897.8740229148,234.85919715024812,356098.687181484,10.100682877314748,-1,-0.05788220164857885,0.9993922682704746,0.0,0.5996353609622848,10.0,0.5833333333333334,1.25,O14,de-protonated,,0.0,,C24 H30 O14,24.0,30.0,14.0,,,,
1269,2185,541.1929415046508,541.192737653424,541.192664697909,1593835.3712838436,152.70074251230724,341398.62633934536,8.741015752528982,-1,0.13480507003233377,0.9967080709588759,0.0,0.5980248425753255,9.0,0.52,1.36,O13,de-protonated,,0.0,,C25 H34 O13,25.0,34.0,13.0,,,,
1270,2187,542.0577118316172,542.0575076990556,542.057627773999,1481160.4507645976,238.2233137559614,328526.7911783302,8.073023553415483,-1,-0.22151693338915676,0.9911358780448924,0.0,0.5946815268269354,17.0,0.5833333333333334,0.7083333333333334,N1 O14,de-protonated,,0.0,,C24 H17 O14 N1,24.0,17.0,14.0,1.0,,,
1271,2189,543.0392425043789,543.0390380525945,543.039141433459,1538451.258015505,132.78064997106955,353490.6858074743,8.376023143211492,-1,-0.1903746095414364,0.9934454230161106,0.0,0.5960672538096663,21.0,0.35714285714285715,0.5714285714285714,S1 O10,de-protonated,,0.0,,C28 H16 O10 S1,28.0,16.0,10.0,,,1.0,
1272,2190,543.0628916079818,543.0626871485073,543.062772724969,2434498.2569306977,110.25331477388843,405700.42433307314,13.624533279103266,-1,-0.15758116011759002,0.9955044339598154,0.0,0.5973026603758892,12.0,0.8095238095238095,0.9523809523809523,O17,de-protonated,,0.0,,C21 H20 O17,21.0,20.0,17.0,,,,
1273,2191,543.0782511763614,543.0780467118923,543.078028866259,1960141.2679967827,115.33737747034395,390627.7778157077,10.89196456469007,-1,0.032860164266020425,0.9998040926435813,0.0,0.5998824555861487,16.0,0.56,0.8,O14,de-protonated,,0.0,,C25 H20 O14,25.0,20.0,14.0,,,,
1274,2192,543.0993374105657,543.0991329392399,543.099158234319,3887403.63028157,222.56925236124727,388714.12853888597,21.226688504467944,-1,-0.046575434233125566,0.9996064660681675,0.0,0.5997638796409005,11.0,0.7272727272727273,1.0909090909090908,O16,de-protonated,,0.0,,C22 H24 O16,22.0,24.0,16.0,,,,
1275,2193,543.135705473188,543.1355009900365,543.135543743669,2484755.0972976065,231.20027409579663,376701.1498709483,13.554181650208102,-1,-0.07871632237751593,0.9988763286622231,0.0,0.5993257971973338,10.0,0.6521739130434783,1.2173913043478262,O15,de-protonated,,0.0,,C23 H28 O15,23.0,28.0,15.0,,,,
1276,2194,543.1720266688983,543.1718221739366,543.171929253019,1479054.320469803,135.059828394756,393104.27289070137,8.063271842479521,-1,-0.19713662781041974,0.9929731912026238,0.0,0.5957839147215743,9.0,0.5833333333333334,1.3333333333333333,O14,de-protonated,,0.0,,C24 H32 O14,24.0,32.0,14.0,,,,
1277,2198,545.0210615481535,545.0208564521395,545.020907912019,2146539.2500007236,148.33954751396908,352846.2048654599,11.836487423916248,-1,-0.09441817507124507,0.9983837303150559,0.0,0.5990302381890336,17.0,0.6956521739130435,0.6086956521739131,O16,de-protonated,,0.0,,C23 H14 O16,23.0,14.0,16.0,,,,
1278,2199,545.05745098905,545.0572458812109,545.0572934213691,2201302.3147431826,129.46127436470894,393867.972958247,11.996694103578506,-1,-0.08722047901113923,0.9986205973454559,0.0,0.5991723584072736,16.0,0.625,0.75,O15,de-protonated,,0.0,,C24 H18 O15,24.0,18.0,15.0,,,,
1279,2200,545.0786413876688,545.0784362729437,545.078422789429,2435919.4828525023,113.75349478088545,417209.51431262103,13.625926380665547,-1,0.024736834319142652,0.9998889757216183,0.0,0.5999333854329709,11.0,0.8095238095238095,1.0476190476190477,O17,de-protonated,,0.0,,C21 H22 O17,21.0,22.0,17.0,,,,
1280,2201,545.0939088935859,545.0937037738995,545.0936789307191,2087096.549823407,78.59903321526886,459598.31531912007,11.479853423972441,-1,0.04557598333436601,0.9996231712034537,0.0,0.5997739027220722,15.0,0.56,0.88,O14,de-protonated,,0.0,,C25 H22 O14,25.0,22.0,14.0,,,,
1281,2202,545.1150184530654,545.1148133265193,545.1148082987789,3004255.6834960794,233.2510173461336,412811.0394366613,16.414915708351103,-1,0.00922326874090794,0.9999845645177589,0.0,0.5999907387106553,10.0,0.7272727272727273,1.1818181818181819,O16,de-protonated,,0.0,,C22 H26 O16,22.0,26.0,16.0,,,,
1282,2206,547.0366396840334,547.0364339332499,547.036557976479,2703859.25653573,204.175137663545,428159.9312187384,14.744586935176788,-1,-0.2267549166472842,0.9907136956811808,0.0,0.5944282174087084,16.0,0.6956521739130435,0.6956521739130435,O16,de-protonated,,0.0,,C23 H16 O16,23.0,16.0,16.0,,,,
1283,2207,547.0731259554269,547.0729201927948,547.072943485829,4008264.8434844078,240.08965328618223,373549.30753861344,21.859156613743288,-1,-0.042577565795686556,0.9996711150052061,0.0,0.5998026690031236,15.0,0.625,0.8333333333333334,O15,de-protonated,,0.0,,C24 H20 O15,24.0,20.0,15.0,,,,
1284,2209,547.1096222799267,547.1094165054427,547.109328995179,2105674.708188503,145.91119944905859,440578.5199526426,11.450598291164551,-1,0.15995023128509192,0.9953685612736587,0.0,0.5972211367641952,14.0,0.56,0.96,O14,de-protonated,,0.0,,C25 H24 O14,25.0,24.0,14.0,,,,
1285,2210,547.145952368794,547.1457465825123,547.145714504529,1726213.0488615024,188.3702046280336,410426.0844174561,9.718973049249891,-1,0.05862786172218214,0.9993765142749297,0.0,0.5996259085649578,13.0,0.5,1.0769230769230769,O13,de-protonated,,0.0,,C26 H28 O13,26.0,28.0,13.0,,,,
1286,2212,548.1047656836696,548.1045595860782,548.104577967379,1654827.0827007196,122.74996150462957,338836.72667575727,9.092077346223668,-1,-0.03353611987988078,0.9997959506843361,0.0,0.5998775704106016,14.0,0.5833333333333334,0.9583333333333334,N1 O14,de-protonated,,0.0,,C24 H23 O14 N1,24.0,23.0,14.0,1.0,,,
1287,2215,549.0523913419491,549.0521849367777,549.052208040939,3835275.8035629676,103.19127316877453,407482.03557870793,21.318633207578454,-1,-0.04208008084152409,0.9996787543968154,0.0,0.5998072526380892,15.0,0.6956521739130435,0.782608695652174,O16,de-protonated,,0.0,,C23 H18 O16,23.0,18.0,16.0,,,,
1288,2216,549.0888000757107,549.0885936587237,549.088593550289,3939288.4898396702,151.8805004742834,401938.961068797,21.69616373095647,-1,0.00019748110009825572,0.9999999929237217,0.0,0.599999995754233,14.0,0.625,0.9166666666666666,O15,de-protonated,,0.0,,C24 H22 O15,24.0,22.0,15.0,,,,
1289,2217,549.1251860814494,549.1249796526544,549.124979059639,2645576.6474699574,69.88862473929338,404926.1877335877,14.433228736007097,-1,0.0010799277976793087,0.9999997883865719,0.0,0.5999998730319431,13.0,0.56,1.04,O14,de-protonated,,0.0,,C25 H26 O14,25.0,26.0,14.0,,,,
1290,2218,550.0556639276173,550.0554571969096,550.0553403258091,1532046.920764407,159.53150175110363,391932.3971412538,8.36731625844724,-1,0.21247153145643116,0.9918421106493163,0.0,0.5951052663895897,18.0,0.2222222222222222,0.8148148148148148,N1 S2 P1 O6,de-protonated,,0.0,,C27 H22 O6 N1 P1 S2,27.0,22.0,6.0,1.0,1.0,2.0,
1291,2220,551.0317850300261,551.0315779826961,551.031472596049,1599017.795543015,77.15437842579038,446803.96604151407,8.952767189995619,-1,0.1912534082591682,0.9933849705122294,0.0,0.5960309823073376,15.0,0.7727272727272727,0.7272727272727273,O17,de-protonated,,0.0,,C22 H16 O17,22.0,16.0,17.0,,,,
1292,2221,551.068050424202,551.0678433651108,551.0678581053991,4399768.534397603,97.01681501598051,398040.4198723952,23.948808957164037,-1,-0.026748590171357615,0.9998701842367542,0.0,0.5999221105420525,14.0,0.6956521739130435,0.8695652173913043,O16,de-protonated,,0.0,,C23 H20 O16,23.0,20.0,16.0,,,,
1293,2222,551.1044406497577,551.1042335788648,551.104243614749,3772969.7487017843,127.44884813010037,432723.13441545184,20.60257900456628,-1,-0.018210500677823357,0.999939829373299,0.0,0.5999638976239794,13.0,0.625,1.0,O15,de-protonated,,0.0,,C24 H24 O15,24.0,24.0,15.0,,,,
1294,2223,551.140724388558,551.1405173058981,551.1406291240991,2822368.051385076,163.1910513568733,407309.41776997084,15.386806755388097,-1,-0.20288506240718243,0.9925589685103436,0.0,0.5955353811062062,12.0,0.56,1.12,O14,de-protonated,,0.0,,C25 H28 O14,25.0,28.0,14.0,,,,
1295,2226,553.0473164069599,553.0471087061815,553.047122660509,2110046.482657022,155.69566577349917,375586.71162974986,11.612894623170229,-1,-0.025231715266910256,0.9998844892790569,0.0,0.5999306935674341,14.0,0.7727272727272727,0.8181818181818182,O17,de-protonated,,0.0,,C22 H18 O17,22.0,18.0,17.0,,,,
1296,2227,553.0626643889395,553.062456683187,553.062378801799,1471306.4725333932,97.17257831276108,385452.69886843907,8.00267192452032,-1,0.14081845181113056,0.9964083676378445,0.0,0.5978450205827066,18.0,0.5384615384615384,0.6923076923076923,O14,de-protonated,,0.0,,C26 H18 O14,26.0,18.0,14.0,,,,
1297,2228,553.0836561565459,553.0834484439899,553.0835081698591,3669021.6165853734,182.30252447044384,372664.4446857518,20.027228059344434,-1,-0.10798707298608771,0.9978863261012834,0.0,0.59873179566077,13.0,0.6956521739130435,0.9565217391304348,O16,de-protonated,,0.0,,C23 H22 O16,23.0,22.0,16.0,,,,
1298,2229,553.1200682649455,553.1198605405887,553.119893679209,4545263.461414268,96.28643106170415,423847.5599381886,24.847359464834955,-1,-0.05991218306007874,0.9993489074949601,0.0,0.599609344496976,12.0,0.625,1.0833333333333333,O15,de-protonated,,0.0,,C24 H26 O15,24.0,26.0,15.0,,,,
1299,2230,553.1565472556788,553.1563395194995,553.156279188559,2097407.5385978543,108.39758801260609,366194.875794525,11.543936095837344,-1,0.10906671911294369,0.9978438959602438,0.0,0.5987063375761462,11.0,0.56,1.2,O14,de-protonated,,0.0,,C25 H30 O14,25.0,30.0,14.0,,,,
1300,2231,553.1929513438869,553.1927435959096,553.192664697909,1512087.5681709165,145.74315221769874,315704.8483083141,8.23044402995318,-1,0.1426230058472422,0.9963158969037528,0.0,0.5977895381422517,10.0,0.5,1.3076923076923077,O13,de-protonated,,0.0,,C26 H34 O13,26.0,34.0,13.0,,,,
1301,2232,554.07904628363,554.0788382485274,554.0787571420591,1536939.249064702,57.88227125068596,345178.7582391899,8.362092127588687,-1,0.14638075773411052,0.9961195881350636,0.0,0.5976717528810381,13.0,0.7272727272727273,0.9545454545454546,N1 O16,de-protonated,,0.0,,C22 H21 O16 N1,22.0,21.0,16.0,1.0,,,
1302,2234,555.0417300383954,555.041521691446,555.041643356909,1612735.158144875,118.8970368206874,456976.0490301018,8.78838120564652,-1,-0.21920060333160038,0.9913194845328868,0.0,0.594791690719732,18.0,0.6,0.64,O15,de-protonated,,0.0,,C25 H16 O15,25.0,16.0,15.0,,,,
1303,2235,555.0629633551956,555.0627550013692,555.062772724969,3002329.8918148144,191.1528442425707,412041.6701700299,16.345260630237078,-1,-0.03193080264870725,0.9998150163571586,0.0,0.5998890098142952,13.0,0.7727272727272727,0.9090909090909091,O17,de-protonated,,0.0,,C22 H20 O17,22.0,20.0,17.0,,,,
1304,2236,555.0993785274158,555.0991701617952,555.099158234319,3736430.4520757888,140.27812577322268,381654.5304783382,20.7223857389224,-1,0.021487109110382895,0.9999162294020572,0.0,0.5999497376412343,12.0,0.6956521739130435,1.0434782608695652,O16,de-protonated,,0.0,,C23 H24 O16,23.0,24.0,16.0,,,,
1305,2237,555.135760826185,555.1355524487811,555.135543743669,3233883.785144017,133.83856301367484,403054.51549528353,17.61576925503689,-1,0.01568105703337435,0.9999553835708824,0.0,0.5999732301425295,11.0,0.625,1.1666666666666667,O15,de-protonated,,0.0,,C24 H28 O15,24.0,28.0,15.0,,,,
1306,2238,555.1721140016055,555.1719056124278,555.171929253019,1932203.3099882577,180.92789285679203,390748.77756656817,10.840419806885693,-1,-0.042582468458462704,0.9996710392733146,0.0,0.5998026235639887,10.0,0.56,1.28,O14,de-protonated,,0.0,,C25 H32 O14,25.0,32.0,14.0,,,,
1307,2239,555.2814050481746,555.2811966236017,555.281085781069,1592482.541197518,95.40478348887105,396314.71965708083,8.715939924407934,-1,0.19961517776775106,0.9927960297652766,0.0,0.595677617859166,7.0,0.39285714285714285,1.5714285714285714,O11,de-protonated,,0.0,,C28 H44 O11,28.0,44.0,11.0,,,,
1308,2243,557.0210532870414,557.020844299234,557.020907912019,1626464.4610554122,82.39434029236251,481232.26665988204,8.98341542436579,-1,-0.11420179039364485,0.9976363352202772,0.0,0.5985818011321663,18.0,0.6666666666666666,0.5833333333333334,O16,de-protonated,,0.0,,C24 H14 O16,24.0,14.0,16.0,,,,
1309,2244,557.0575881852498,557.0573791856173,557.0572934213691,1854396.5987636785,243.31624104550355,366785.86058408534,10.368854928053745,-1,0.1539594745390429,0.9957082634077021,0.0,0.5974249580446213,17.0,0.6,0.72,O15,de-protonated,,0.0,,C25 H18 O15,25.0,18.0,15.0,,,,
1310,2245,557.0786486246029,557.0784396181539,557.078422789429,2798650.976658677,94.10220332565527,401448.56638498715,15.497558329589395,-1,0.03020889723222518,0.9998344277251527,0.0,0.5999006566350916,12.0,0.7727272727272727,1.0,O17,de-protonated,,0.0,,C22 H22 O17,22.0,22.0,17.0,,,,
1311,2247,557.1150732673535,557.1148642491153,557.1148082987789,3764004.238859385,156.04821886627252,381144.52865798597,21.205791981033734,-1,0.10042873658813804,0.998171594619155,0.0,0.598902956771493,11.0,0.6956521739130435,1.1304347826086956,O16,de-protonated,,0.0,,C23 H26 O16,23.0,26.0,16.0,,,,
1312,2252,559.0367963436232,559.0365867036002,559.036557976479,1695949.8086791022,118.58851710667705,322125.6508784646,9.248452996589654,-1,0.05138683821653245,0.9995209800697376,0.0,0.5997125880418425,17.0,0.6666666666666666,0.6666666666666666,O16,de-protonated,,0.0,,C24 H16 O16,24.0,16.0,16.0,,,,
1313,2253,559.0731240288226,559.0729143770493,559.072943485829,2061092.487346771,83.73590724636908,430880.3568044144,11.388605271643069,-1,-0.05206615708861416,0.9995082344862237,0.0,0.5997049406917342,16.0,0.6,0.8,O15,de-protonated,,0.0,,C25 H20 O15,25.0,20.0,15.0,,,,
1314,2254,559.0942518082596,559.0940421496526,559.0940728538891,1924141.5339442794,208.88992682033987,442124.1759539032,10.72409582643527,-1,-0.05491783573093442,0.9994529061552525,0.0,0.5996717436931515,11.0,0.7727272727272727,1.0909090909090908,O17,de-protonated,,0.0,,C22 H24 O17,22.0,24.0,17.0,,,,
1315,2255,559.1095840211325,559.1093743575664,559.109328995179,2177141.504220596,88.14023602367695,414714.09027577646,11.881066673909224,-1,0.08113330437485414,0.9988063065238897,0.0,0.5992837839143338,15.0,0.5384615384615384,0.9230769230769231,O14,de-protonated,,0.0,,C26 H24 O14,26.0,24.0,14.0,,,,
1316,2256,559.1306772111903,559.1304675408018,559.130458363239,2398403.9928308316,115.26287989491446,364994.09397264454,13.169685619018685,-1,0.016413991852312987,0.9999511154479501,0.0,0.5999706692687701,10.0,0.6956521739130435,1.2173913043478262,O16,de-protonated,,0.0,,C23 H28 O16,23.0,28.0,16.0,,,,
1317,2261,561.0160368955751,561.0158266155731,561.015822531589,1653402.5636078957,97.3445342998889,320811.2714148928,8.994560236864032,-1,0.007279623730531735,0.99999038455021,0.0,0.599994230730126,17.0,0.7391304347826086,0.6086956521739131,O17,de-protonated,,0.0,,C23 H14 O17,23.0,14.0,17.0,,,,
1318,2262,561.0524345490827,561.0522242573156,561.052208040939,2792053.7162133455,149.81140261873585,422219.6324461739,15.31297237258723,-1,0.028903507304910533,0.9998484269451489,0.0,0.5999090561670893,16.0,0.6666666666666666,0.75,O16,de-protonated,,0.0,,C24 H18 O16,24.0,18.0,16.0,,,,
1319,2263,561.0887487405904,561.0885384370854,561.088593550289,2448099.031248278,86.78698724474175,363757.6198846216,13.429499060383998,-1,-0.09822549286692427,0.9982508696897403,0.0,0.5989505218138441,15.0,0.6,0.88,O15,de-protonated,,0.0,,C25 H22 O15,25.0,22.0,15.0,,,,
1320,2266,563.0105331429023,563.0103222184157,563.010343227989,1677283.4317625852,157.68875948471901,362005.86230391724,9.306614986814864,-1,-0.037316496119331875,0.9997473608338368,0.0,0.5998484165003021,21.0,0.5769230769230769,0.46153846153846156,O15,de-protonated,,0.0,,C26 H12 O15,26.0,12.0,15.0,,,,
1321,2267,563.0316203201821,563.0314093888838,563.031472596049,1961943.424784164,337.6246479461954,338497.19590178155,10.849474967040516,-1,-0.11226222367482601,0.9977158499006669,0.0,0.5986295099404001,16.0,0.7391304347826086,0.6956521739130435,O17,de-protonated,,0.0,,C23 H16 O17,23.0,16.0,17.0,,,,
1322,2268,563.068044687302,563.067833744238,563.0678581053991,3356271.8053253605,105.25122981781973,392344.645255953,18.284458004931533,-1,-0.043265053635378393,0.9996604102527541,0.0,0.5997962461516524,15.0,0.6666666666666666,0.8333333333333334,O16,de-protonated,,0.0,,C24 H20 O16,24.0,20.0,16.0,,,,
1323,2269,563.1044249541998,563.1042139993843,563.104243614749,2745936.8386830455,115.56289242335328,403030.030519433,15.425813599131951,-1,-0.05259304106878178,0.9994982337855416,0.0,0.599698940271325,14.0,0.6,0.96,O15,de-protonated,,0.0,,C25 H24 O15,25.0,24.0,15.0,,,,
1324,2270,563.1408253385125,563.1406143719393,563.1406291240991,1925220.83254725,111.78541222857987,438197.23324013717,10.477516849911623,-1,-0.02619622710701921,0.9998754899855321,0.0,0.5999252939913192,13.0,0.5384615384615384,1.0769230769230769,O14,de-protonated,,0.0,,C26 H28 O14,26.0,28.0,14.0,,,,
1325,2273,565.0472689917493,565.0470574095716,565.047122660509,2489313.2505298746,129.21560597362412,392900.97383066826,13.559057505676083,-1,-0.11547875347980945,0.9975832446877587,0.0,0.5985499468126552,15.0,0.7391304347826086,0.782608695652174,O17,de-protonated,,0.0,,C23 H18 O17,23.0,18.0,17.0,,,,
1326,2274,565.0836895911232,565.0834779971888,565.0835081698591,3575073.2568167504,376.69412900607495,405609.8890484872,19.577256254727832,-1,-0.05339506444504159,0.9994828176093197,0.0,0.5996896905655917,14.0,0.6666666666666666,0.9166666666666666,O16,de-protonated,,0.0,,C24 H22 O16,24.0,22.0,16.0,,,,
1327,2275,565.1201398966904,565.11992829099,565.119893679209,3244135.8399605076,247.55842928771824,380689.4145553688,17.842844809688614,-1,0.061246792669027446,0.9993195867878519,0.0,0.5995917520727111,13.0,0.6,1.04,O15,de-protonated,,0.0,,C25 H26 O15,25.0,26.0,15.0,,,,
1328,2276,565.1564652108101,565.156253593384,565.156279188559,2286674.8724408657,130.88073259898098,424711.82678452256,12.642396677695515,-1,-0.04528866778543613,0.9996279064790964,0.0,0.5997767438874578,12.0,0.5384615384615384,1.1538461538461537,O14,de-protonated,,0.0,,C26 H30 O14,26.0,30.0,14.0,,,,
1329,2277,565.2783583623566,565.2781467055851,565.278189934449,1641388.4958432333,122.11827018504027,401375.19515686826,9.111580768095594,-1,-0.07647361008682696,0.9989394122478471,0.0,0.5993636473487083,17.0,0.08108108108108109,1.135135135135135,S1 O3,de-protonated,,0.0,,C37 H42 O3 S1,37.0,42.0,3.0,,,1.0,
1330,2278,565.4394053310288,565.439193622276,565.439121054869,2132101.100010263,219.65100504575997,394454.47048440774,11.695784166125918,-1,0.12833814332576363,0.9970158782958249,0.0,0.598209526977495,4.0,0.11764705882352941,1.8529411764705883,P1 O4,de-protonated,,0.0,,C34 H63 O4 P1,34.0,63.0,4.0,,1.0,,
1331,2280,567.0630608212493,567.0628485885838,567.062772724969,3012885.958622304,208.0234556222644,379226.58755456033,16.609949927070375,-1,0.13378345127516617,0.9967576969188713,0.0,0.5980546181513228,14.0,0.7391304347826086,0.8695652173913043,O17,de-protonated,,0.0,,C23 H20 O17,23.0,20.0,17.0,,,,
1332,2281,567.0993609564192,567.099148712044,567.099158234319,4216860.64133862,157.14471818713915,387031.8267342829,23.015430910436102,-1,-0.016791199383334364,0.9999488428717997,0.0,0.5999693057230798,13.0,0.6666666666666666,1.0,O16,de-protonated,,0.0,,C24 H24 O16,24.0,24.0,16.0,,,,
1333,2282,567.1356739647293,567.1354617086402,567.135543743669,2934926.4305854538,173.22784838475465,394656.55992827733,15.995592138104675,-1,-0.14464801187773837,0.9962107379875362,0.0,0.5977264427925217,12.0,0.6,1.12,O15,de-protonated,,0.0,,C25 H28 O15,25.0,28.0,15.0,,,,
1334,2283,567.1720745161607,567.1718622483296,567.171929253019,1494655.9169762095,163.80165582968777,441220.9045543889,8.132230369812405,-1,-0.11813823279502618,0.9974707894912728,0.0,0.5984824736947636,11.0,0.5384615384615384,1.2307692307692308,O14,de-protonated,,0.0,,C26 H32 O14,26.0,32.0,14.0,,,,
1335,2285,569.0574585034159,569.0572456275976,569.0572934213691,1488880.4262229956,159.27645194733552,402429.27568937937,8.126657963563282,-1,-0.0839876266466679,0.9987208939775942,0.0,0.5992325363865565,18.0,0.5769230769230769,0.6923076923076923,O15,de-protonated,,0.0,,C26 H18 O15,26.0,18.0,15.0,,,,
1336,2286,569.0786504250185,569.0784375423686,569.078422789429,3141465.6977302455,142.0003573193108,403494.0648029869,17.112859591053635,-1,0.025924264566965324,0.9998780616713036,0.0,0.5999268370027822,13.0,0.7391304347826086,0.9565217391304348,O17,de-protonated,,0.0,,C23 H22 O17,23.0,22.0,17.0,,,,
1337,2287,569.1150373260497,569.1148244316697,569.1148082987789,2974976.821421101,131.92725354892963,373802.22829974175,16.300681380244104,-1,0.02834733966276247,0.9998542036061825,0.0,0.5999125221637095,12.0,0.6666666666666666,1.0833333333333333,O16,de-protonated,,0.0,,C24 H26 O16,24.0,26.0,16.0,,,,
1338,2288,569.1513475021367,569.1511345960516,569.151193808129,2513773.9602809097,225.9155137135952,407961.28266178543,13.889919126717702,-1,-0.10403576072823964,0.9980380283070828,0.0,0.5988228169842497,11.0,0.6,1.2,O15,de-protonated,,0.0,,C25 H30 O15,25.0,30.0,15.0,,,,
1339,2289,570.118264832369,570.1180516146369,570.117940583649,1497960.4259618048,153.00125110615195,366787.7111500364,8.390650709615437,-1,0.19475091030441483,0.9931416558045698,0.0,0.5958849934827418,15.0,0.21428571428571427,1.0714285714285714,N1 S2 P1 O6,de-protonated,,0.0,,C28 H30 O6 N1 P1 S2,28.0,30.0,6.0,1.0,1.0,2.0,
1340,2291,571.0943474100178,571.0941338777867,571.0940728538891,2941617.343620329,166.70102768973408,423412.98840600887,16.00534384904064,-1,0.10685437043696887,0.9979303895441678,0.0,0.5987582337265006,12.0,0.7391304347826086,1.0434782608695652,O17,de-protonated,,0.0,,C23 H24 O17,23.0,24.0,17.0,,,,
1341,2293,571.1307055120179,571.130491968074,571.130458363239,2476687.748870415,234.68962726250862,345708.14761711913,13.8293192087585,-1,0.058839157581298436,0.9993720134831227,0.0,0.5996232080898736,11.0,0.6666666666666666,1.1666666666666667,O16,de-protonated,,0.0,,C24 H28 O16,24.0,28.0,16.0,,,,
1342,2294,571.1670334744081,571.1668199187611,571.1668438725891,1506103.1292918813,34.44549524679332,406808.03504058474,8.195616490896168,-1,-0.04193840769980837,0.9996809135186483,0.0,0.599808548111189,10.0,0.6,1.28,O15,de-protonated,,0.0,,C25 H32 O15,25.0,32.0,15.0,,,,
1343,2296,572.1151948494941,572.1149809884503,572.1149632034991,2143624.7319722315,74.64605725997308,347422.2385813235,11.849721888757912,-1,0.031086324124945733,0.9998246707015614,0.0,0.5998948024209368,15.0,0.3333333333333333,1.037037037037037,N1 S1 P1 O9,de-protonated,,0.0,,C27 H28 O9 N1 P1 S1,27.0,28.0,9.0,1.0,1.0,1.0,
1344,2298,573.0524004389148,573.052186276098,573.052208040939,2048219.995565694,229.86340409581672,352551.73120114463,11.490301685689545,-1,-0.0379805551552993,0.9997382904266426,0.0,0.5998429742559855,17.0,0.64,0.72,O16,de-protonated,,0.0,,C25 H18 O16,25.0,18.0,16.0,,,,
1345,2300,573.1464043569458,573.1461901638659,573.146108427699,1842426.8202118282,170.91872249731006,349974.88135991385,10.185662072613859,-1,0.14260965164115216,0.996316585505881,0.0,0.5977899513035285,10.0,0.6666666666666666,1.25,O16,de-protonated,,0.0,,C24 H30 O16,24.0,30.0,16.0,,,,
1346,2301,574.1084204957559,574.1082059930225,574.108343193869,2241421.2714533405,121.17982886014703,378624.97107038816,12.262079951192941,-1,-0.2389807571669469,0.9896906479531958,0.0,0.5938143887719175,6.0,0.8947368421052632,1.5263157894736843,N1 S1 O17,de-protonated,,0.0,,C19 H29 O17 N1 S1,19.0,29.0,17.0,1.0,,1.0,
1347,2302,574.5682544173694,574.56803976666,574.5680875333289,2422484.020147315,111.77494762357048,358261.0471386398,13.347306068209448,-1,-0.083134914618129,0.998746719017372,0.0,0.5992480314104232,3.0,0.02702702702702703,1.972972972972973,N3 O1,de-protonated,,0.0,,C37 H73 O1 N3,37.0,73.0,1.0,3.0,,,
1348,2303,575.0317480550418,575.0315332552018,575.031472596049,1767940.755225981,119.91913926292101,412500.62231949164,9.833903928138033,-1,0.10548840494391226,0.997982911721622,0.0,0.5987897470329732,17.0,0.7083333333333334,0.6666666666666666,O17,de-protonated,,0.0,,C24 H16 O17,24.0,16.0,17.0,,,,
1349,2304,575.0681740758707,575.0679592643114,575.0678581053991,2319305.1076338477,140.9489414886869,386898.30182366044,12.751058599553396,-1,0.17590778360819925,0.9944010665846884,0.0,0.5966406399508131,16.0,0.64,0.8,O16,de-protonated,,0.0,,C25 H20 O16,25.0,20.0,16.0,,,,
1350,2305,575.161977365505,575.1617625237675,575.161758492159,1470479.4365621721,141.03410496554602,374456.90761901875,8.242981944013705,-1,0.007009521053083906,0.9999910848515065,0.0,0.5999946509109039,9.0,0.6666666666666666,1.3333333333333333,O16,de-protonated,,0.0,,C24 H32 O16,24.0,32.0,16.0,,,,
1351,2308,577.0473810828262,577.0471656347189,577.047122660509,1744210.049895567,307.7819593152507,395044.0583689405,9.673697248475776,-1,0.0744726179735138,0.9989941607849573,0.0,0.5993964964709744,16.0,0.7083333333333334,0.75,O17,de-protonated,,0.0,,C24 H18 O17,24.0,18.0,17.0,,,,
1352,2309,577.0837349853927,577.0835195255974,577.0835081698591,2875583.8486343888,243.20939471239672,336432.47471956204,15.735778696739361,-1,0.019677807615683565,0.9999297426132232,0.0,0.5999578455679339,15.0,0.64,0.88,O16,de-protonated,,0.0,,C25 H22 O16,25.0,22.0,16.0,,,,
1353,2310,577.1201034935626,577.1198880220745,577.119893679209,1582243.2522723528,59.62059358629777,409093.75337268517,8.710367518158812,-1,-0.0098023556763902,0.9999825654414295,0.0,0.5999895392648577,14.0,0.5769230769230769,1.0,O15,de-protonated,,0.0,,C26 H26 O15,26.0,26.0,15.0,,,,
1354,2311,577.1928290967861,577.1926136019167,577.192664697909,1787021.4049170362,220.4556545504452,302891.93589396175,9.754497139088045,-1,-0.0885250201315447,0.9985790553552559,0.0,0.5991474332131536,12.0,0.4642857142857143,1.2142857142857142,O13,de-protonated,,0.0,,C28 H34 O13,28.0,34.0,13.0,,,,
1355,2314,579.0629449226935,579.0627288267791,579.062772724969,2516626.3759914753,176.04162739153688,402158.73870347615,13.692098704873871,-1,-0.07580903484530455,0.9989577561418828,0.0,0.5993746536851297,15.0,0.7083333333333334,0.8333333333333334,O17,de-protonated,,0.0,,C24 H20 O17,24.0,20.0,17.0,,,,
1356,2315,579.0993520407512,579.0991359331395,579.099158234319,2663112.828193042,221.6305332846498,388170.46148187644,14.523780337555328,-1,-0.03851012258020092,0.9997309424404777,0.0,0.5998385654642866,14.0,0.64,0.96,O16,de-protonated,,0.0,,C25 H24 O16,25.0,24.0,16.0,,,,
1357,2316,579.135726572669,579.1355104533706,579.135543743669,1950170.2041991672,105.87622857831458,416902.6166810017,10.78051643970763,-1,-0.0574827409932413,0.9994006250605723,0.0,0.5996403750363434,13.0,0.5769230769230769,1.0769230769230769,O15,de-protonated,,0.0,,C26 H28 O15,26.0,28.0,15.0,,,,
1358,2317,580.5594749875536,580.5592584109339,580.5591766195789,1805277.447797831,82.66032263574701,348982.7961885767,10.031724349981864,-1,0.14088375189779304,0.9964050418505371,0.0,0.5978430251103223,1.0,0.02702702702702703,2.054054054054054,N1 P1 O1,de-protonated,,0.0,,C37 H76 O1 N1 P1,37.0,76.0,1.0,1.0,1.0,,
1359,2318,581.0786276704295,581.0784109271076,581.078422789429,2765060.701951689,229.74475634585573,356515.1643698184,15.101917485901735,-1,-0.020414321014729977,0.9999243851164447,0.0,0.5999546310698668,14.0,0.7083333333333334,0.9166666666666666,O17,de-protonated,,0.0,,C24 H22 O17,24.0,22.0,17.0,,,,
1360,2319,581.1149961477622,581.1147793927632,581.1148082987789,2629314.544135016,210.77675533446515,337185.19607088063,14.498007958653139,-1,-0.04974234916639164,0.9995511420463546,0.0,0.5997306852278128,13.0,0.64,1.04,O16,de-protonated,,0.0,,C25 H26 O16,25.0,26.0,16.0,,,,
1361,2322,583.0577955043424,583.0575781257671,583.057687344539,2133461.651343961,70.56072529468837,385512.54923666833,11.692997963001357,-1,-0.18732069609016816,0.9936533647214434,0.0,0.596192018832866,14.0,0.782608695652174,0.8695652173913043,O18,de-protonated,,0.0,,C23 H20 O18,23.0,20.0,18.0,,,,
1362,2323,583.094300039741,583.094082649453,583.0940728538891,2558448.894799418,114.5292981775047,353211.33199004445,13.931712173586117,-1,0.016799285613437034,0.9999487935891591,0.0,0.5999692761534955,13.0,0.7083333333333334,1.0,O17,de-protonated,,0.0,,C24 H24 O17,24.0,24.0,17.0,,,,
1363,2324,583.1308014404289,583.130584038429,583.130458363239,2798740.9194361414,250.7387087165721,373795.6526606605,15.287199993685041,-1,0.21551813700968167,0.9916074747221304,0.0,0.5949644848332782,12.0,0.64,1.12,O16,de-protonated,,0.0,,C25 H28 O16,25.0,28.0,16.0,,,,
1364,2325,583.1669300970533,583.1667126834615,583.1668438725891,1747571.9749106728,93.853855212441,376599.91910542373,9.71409719378191,-1,-0.2249598532443726,0.9908594689954389,0.0,0.5945156813972633,11.0,0.5769230769230769,1.2307692307692308,O15,de-protonated,,0.0,,C26 H32 O15,26.0,32.0,15.0,,,,
1365,2326,585.0525055440555,585.0522875256656,585.052208040939,1791378.4527035288,60.96121860501962,407104.66239501775,10.127848357779218,-1,0.13585920282921068,0.996656472489277,0.0,0.5979938834935662,18.0,0.6153846153846154,0.6923076923076923,O16,de-protonated,,0.0,,C26 H18 O16,26.0,18.0,16.0,,,,
1366,2327,585.0736443154703,585.0734262903023,585.073337408999,1892807.5413471311,129.02591109839437,377977.00427618704,10.35910321711778,-1,0.15191480733113252,0.9958212628178116,0.0,0.5974927576906869,13.0,0.782608695652174,0.9565217391304348,O18,de-protonated,,0.0,,C23 H22 O18,23.0,22.0,18.0,,,,
1367,2328,585.0889214174886,585.0887033874221,585.088593550289,1688621.9056269636,60.19743995889823,401887.90378076653,9.497469900847292,-1,0.18772735326959414,0.9936258669130436,0.0,0.5961755201478262,17.0,0.5555555555555556,0.8148148148148148,O15,de-protonated,,0.0,,C27 H22 O15,27.0,22.0,15.0,,,,
1368,2329,585.1098756285783,585.1096575917928,585.109722918349,2741153.874968013,295.6680294044937,360675.0169020791,15.17644841948374,-1,-0.11164838597531783,0.9977407324197206,0.0,0.5986444394518323,12.0,0.7083333333333334,1.0833333333333333,O17,de-protonated,,0.0,,C24 H26 O17,24.0,26.0,17.0,,,,
1369,2331,585.1463785012024,585.1461604527128,585.146108427699,1775127.042444893,161.93623280326614,405318.0081807453,9.732207514091556,-1,0.08890944170332897,0.9985666964695153,0.0,0.5991400178817092,11.0,0.64,1.2,O16,de-protonated,,0.0,,C25 H30 O16,25.0,30.0,16.0,,,,
1370,2332,586.3169744449251,586.3167560211716,586.3167602711991,1828255.651949173,181.9464620807463,312469.4264081256,10.034162277715854,-1,-0.0072486883559272006,0.9999904660995048,0.0,0.5999942796597029,6.0,0.2857142857142857,1.75,N3 S1 O8,de-protonated,,0.0,,C28 H49 O8 N3 S1,28.0,49.0,8.0,3.0,,1.0,
1371,2334,587.12560395508,587.1253852721863,587.125372982809,1663840.578721892,151.29333747509392,355930.4697101704,9.07257392435174,-1,0.020931436240162235,0.9999205059499421,0.0,0.5999523035699652,11.0,0.7083333333333334,1.1666666666666667,O17,de-protonated,,0.0,,C24 H28 O17,24.0,28.0,17.0,,,,
1372,2335,589.0473351949695,589.0471158965046,589.047122660509,1954672.6159506913,273.327067058081,349666.7378051695,10.6363304280116,-1,-0.011482959767712606,0.9999760747590998,0.0,0.5999856448554598,17.0,0.68,0.72,O17,de-protonated,,0.0,,C25 H18 O17,25.0,18.0,17.0,,,,
1373,2338,591.063035569219,591.0628156255101,591.062772724969,1823993.6911456115,1830.0796154310149,411859.5126181645,9.920276224999423,-1,0.07258203875259765,0.9990445574031156,0.0,0.5994267344418693,16.0,0.68,0.8,O17,de-protonated,,0.0,,C25 H20 O17,25.0,20.0,17.0,,,,
1374,2340,591.1356804692585,591.1354605023035,591.135543743669,2102162.820733124,207.0531294855877,345889.0370455105,11.743149619243455,-1,-0.140816038477863,0.9964084905215673,0.0,0.5978450943129404,14.0,0.5555555555555556,1.037037037037037,O15,de-protonated,,0.0,,C27 H28 O15,27.0,28.0,15.0,,,,
1375,2341,593.0043401303471,593.0041195656232,593.004152168879,1545614.1434083143,265.4493736293776,313311.8038834252,8.464136817025734,-1,-0.0549798103411776,0.9994516710098406,0.0,0.5996710026059043,7.0,1.0,1.3529411764705883,S2 P1 O17,de-protonated,,0.0,,C17 H23 O17 P1 S2,17.0,23.0,17.0,,1.0,2.0,
1376,2342,593.0786314550348,593.0784108665534,593.078422789429,1958236.3746279788,217.51252197555564,350679.92291035096,10.761709568616844,-1,-0.020103371083243095,0.999926671013402,0.0,0.5999560026080412,15.0,0.68,0.88,O17,de-protonated,,0.0,,C25 H22 O17,25.0,22.0,17.0,,,,
1377,2343,593.115006802269,593.1147862021555,593.1148082987789,2176840.1823917986,84.80753473659674,370825.34608542576,12.252328240256977,-1,-0.03725522125201333,0.9997481897312781,0.0,0.5998489138387668,14.0,0.6153846153846154,1.0,O16,de-protonated,,0.0,,C26 H26 O16,26.0,26.0,16.0,,,,
1378,2344,595.0580081761511,595.0577869549096,595.057687344539,2211498.700607835,293.56213555483004,347793.9174507524,12.06565263091139,-1,0.16739615795937868,0.9949284443941757,0.0,0.5969570666365054,15.0,0.75,0.8333333333333334,O18,de-protonated,,0.0,,C24 H20 O18,24.0,20.0,18.0,,,,
1379,2345,595.0943606036749,595.0941393708163,595.0940728538891,2420845.1268800087,126.16373128627943,375926.05456480477,13.343126763522607,-1,0.11177548258541369,0.9977355915813886,0.0,0.5986413549488331,14.0,0.68,0.96,O17,de-protonated,,0.0,,C25 H24 O17,25.0,24.0,17.0,,,,
1380,2347,595.1305930357001,595.1303717912629,595.130458363239,2044493.5958247618,192.82516909088412,386589.69180298864,11.123915974809774,-1,-0.14546722469956744,0.9961677781172146,0.0,0.5977006668703287,13.0,0.6153846153846154,1.0769230769230769,O16,de-protonated,,0.0,,C26 H28 O16,26.0,28.0,16.0,,,,
1381,2349,597.1099490997887,597.1097272230357,597.109722918349,2158232.912877192,99.31068100813538,406172.75104047946,11.741756517681175,-1,0.007209205570055573,0.9999905696763153,0.0,0.5999943418057891,13.0,0.68,1.04,O17,de-protonated,,0.0,,C25 H26 O17,25.0,26.0,17.0,,,,
1382,2350,597.1464433680595,597.1462214796522,597.146108427699,1793433.0013920467,122.33574463303987,368896.7662984197,9.915400369531442,-1,0.18932042198678617,0.9935175780128973,0.0,0.5961105468077383,12.0,0.6153846153846154,1.1538461538461537,O16,de-protonated,,0.0,,C26 H30 O16,26.0,30.0,16.0,,,,
1383,2352,599.089182105412,599.0889595968048,599.088987473459,1989269.110458558,188.1733997469105,324147.4743111917,11.08560568184706,-1,-0.046531742096306436,0.9996072039205538,0.0,0.5997643223523322,13.0,0.75,1.0,O18,de-protonated,,0.0,,C24 H24 O18,24.0,24.0,18.0,,,,
1384,2353,599.1256022441389,599.1253797239088,599.125372982809,1738011.8950144306,204.1181955964338,347852.21707893955,9.46438373874313,-1,0.011251567891964928,0.9999770292629555,0.0,0.5999862175577733,12.0,0.68,1.12,O17,de-protonated,,0.0,,C25 H28 O17,25.0,28.0,17.0,,,,
1385,2354,601.1047305108293,601.1045073592085,601.1046375379191,2021998.1067405497,104.57215646258037,369391.516732707,11.02779196701242,-1,-0.2165658064776131,0.9915260290147678,0.0,0.5949156174088607,12.0,0.75,1.0833333333333333,O18,de-protonated,,0.0,,C24 H26 O18,24.0,26.0,18.0,,,,
1386,2355,601.1202356731862,601.1200125166206,601.119893679209,1938081.193668891,122.01945492006678,350209.61813225143,10.769023351818817,-1,0.19769336010175856,0.9929335871860997,0.0,0.5957601523116598,16.0,0.5357142857142857,0.9285714285714286,O15,de-protonated,,0.0,,C28 H26 O15,28.0,26.0,15.0,,,,
1387,2357,603.0993380481915,603.0991142606687,603.099158234319,1658167.311549804,204.08519083135187,364334.02210173046,9.241139213387681,-1,-0.07291280339075945,0.999035833648097,0.0,0.5994215001888582,16.0,0.5925925925925926,0.8888888888888888,O16,de-protonated,,0.0,,C27 H24 O16,27.0,24.0,16.0,,,,
1388,2360,605.0787151802001,605.0784907620549,605.078422789429,1704670.8126964585,234.62327860592856,308264.73616181104,9.281887434084386,-1,0.11233688609061081,0.9977128141219807,0.0,0.5986276884731884,16.0,0.6538461538461539,0.8461538461538461,O17,de-protonated,,0.0,,C26 H22 O17,26.0,22.0,17.0,,,,
1389,2361,605.1150417598753,605.1148173301606,605.1148082987789,2470840.916661654,86.03775981584124,352366.99535217107,13.900367388434805,-1,0.0149250712647495,0.999959581715328,0.0,0.5999757490291967,15.0,0.5925925925925926,0.9629629629629629,O16,de-protonated,,0.0,,C27 H26 O16,27.0,26.0,16.0,,,,
1390,2362,605.1514885086603,605.1512640673379,605.151193808129,1558934.353775236,153.6774018997229,332922.2257310484,8.568619434196771,-1,0.116101909079425,0.9975571233098429,0.0,0.5985342739859058,14.0,0.5357142857142857,1.0714285714285714,O15,de-protonated,,0.0,,C28 H30 O15,28.0,30.0,15.0,,,,
1391,2366,607.1306286365788,607.1304035651472,607.130458363239,1904002.7773405563,147.046569465678,293728.61290642334,10.352137709306378,-1,-0.09025752382395882,0.9985229346191923,0.0,0.5991137607715153,14.0,0.5925925925925926,1.037037037037037,O16,de-protonated,,0.0,,C27 H28 O16,27.0,28.0,16.0,,,,
1392,2367,607.167133418042,607.1669083349921,607.1668438725891,1501256.1901677516,61.71749431424319,330473.9728623127,8.357912822901845,-1,0.10616917512078133,0.9979568198276921,0.0,0.5987740918966152,13.0,0.5357142857142857,1.1428571428571428,O15,de-protonated,,0.0,,C28 H32 O15,28.0,32.0,15.0,,,,
1393,2370,609.1099194768549,609.1096937756884,609.109722918349,2104561.6241620514,89.45901898474006,364648.2366588519,11.606625666139966,-1,-0.04784468143321928,0.9995847296037162,0.0,0.5997508377622297,14.0,0.6538461538461539,1.0,O17,de-protonated,,0.0,,C26 H26 O17,26.0,26.0,17.0,,,,
1394,2372,611.1256921337879,611.1254657917133,611.125372982809,1906398.5001334923,141.7506465128336,352982.82612199534,10.393930756174793,-1,0.15186557185280383,0.9958239653675406,0.0,0.5974943792205243,13.0,0.6538461538461539,1.0769230769230769,O17,de-protonated,,0.0,,C26 H28 O17,26.0,28.0,17.0,,,,
1395,2373,611.1619839439227,611.1617575903133,611.161758492159,1682629.2753877423,299.24757922062736,367669.09149834135,9.247408170417943,-1,-0.001475625274508648,0.999999604901016,0.0,0.5999997629406096,12.0,0.5925925925925926,1.1851851851851851,O16,de-protonated,,0.0,,C27 H32 O16,27.0,32.0,16.0,,,,
1396,2376,613.1048163404662,613.104589369562,613.1046375379191,1928232.7682723876,223.6964414587506,321232.41253030585,10.7808647150982,-1,-0.07856465956383957,0.9988806520263055,0.0,0.5993283912157833,13.0,0.72,1.04,O18,de-protonated,,0.0,,C25 H26 O18,25.0,26.0,18.0,,,,
1397,2378,614.5301256374734,614.5298982139653,614.5299879468689,2106534.6065814886,96.06779746225214,410838.80670516315,11.456867248194813,-1,-0.14601875471523174,0.9961387200444651,0.0,0.5976832320266791,1.0,0.08571428571428572,2.085714285714286,N3 S1 O3,de-protonated,,0.0,,C35 H73 O3 N3 S1,35.0,73.0,3.0,3.0,,1.0,
1398,2380,617.1149722772024,617.1147440334406,617.1148082987789,1830222.246947431,221.6631138557131,361247.44934684085,10.16615865074193,-1,-0.10413838310084246,0.9980341595726889,0.0,0.5988204957436133,16.0,0.5714285714285714,0.9285714285714286,O16,de-protonated,,0.0,,C28 H26 O16,28.0,26.0,16.0,,,,
1399,2381,618.5500535105576,618.54982481171,618.5496745639789,3769990.726133839,252.14997969925054,337386.70692897914,20.511330852236906,-1,0.2429032578361383,0.4946756347101952,0.7087183895694552,0.5802927366538992,4.0,0.02631578947368421,1.9473684210526316,N3 P1 O1,de-protonated,,0.0,,C38 H74 O1 N3 P1,38.0,74.0,1.0,3.0,1.0,,
1400,2383,619.0581219108966,619.0578930509861,619.058043660159,1682948.8134740032,245.13100609030295,288211.9935794732,9.37905626805345,-1,-0.24328764396515454,0.9893177210433732,0.0,0.593590632626024,34.0,0.05,0.4,N2 S2 O2,de-protonated,,0.0,,C40 H16 O2 N2 S2,40.0,16.0,2.0,2.0,,2.0,
1401,2385,619.3368509896621,619.3366220414034,619.336506458849,5473873.12387919,335.8433118171116,363435.96517107333,29.83605615936142,-1,0.1866231897628659,0.49685019620324605,0.7612342259156645,0.6026038080882135,5.0,0.3448275862068966,1.8275862068965518,N2 P1 O10,de-protonated,,0.0,,C29 H53 O10 N2 P1,29.0,53.0,10.0,2.0,1.0,,
1402,2389,621.1099321038254,621.1097025937529,621.109722918349,1938191.6427814108,211.84070844124415,369486.33453251695,10.63702697879274,-1,-0.03272303645797065,0.9998057241441703,0.0,0.5998834344865022,15.0,0.6296296296296297,0.9629629629629629,O17,de-protonated,,0.0,,C27 H26 O17,27.0,26.0,17.0,,,,
1403,2394,625.1412054756497,625.1409746894997,625.141023047269,1588399.2761810082,277.3257343525073,331229.8692971886,8.883808662662734,-1,-0.07735497672486047,0.9989148379401345,0.0,0.5993489027640807,13.0,0.6296296296296297,1.1111111111111112,O17,de-protonated,,0.0,,C27 H30 O17,27.0,30.0,17.0,,,,
1404,2397,633.3525378428226,633.3523044628379,633.352156523309,5579048.938416201,151.83394311073684,345806.37108857435,30.39886919052274,-1,0.23358178762242238,0.9949224542191312,0.9823714960056642,0.9899020709337444,5.0,0.3333333333333333,1.8333333333333333,N2 P1 O10,de-protonated,,0.0,,C30 H55 O10 N2 P1,30.0,55.0,10.0,2.0,1.0,,
1405,2398,634.355719087004,634.3554853906279,634.3555113583791,1986897.5006835996,122.18994751804834,342440.88405818766,10.870371490474723,-1,-0.040935643688665306,0.9996959877720716,0.9823714960056642,0.9927661910655087,5.0,0.3333333333333333,1.8333333333333333,13C1 N2 P1 O10,de-protonated,,1.0,2397.0,C29 H55 O10 N2 P1 13C1,29.0,55.0,10.0,2.0,1.0,,1.0
1406,2400,635.1254782951793,635.1252443561038,635.125372982809,1530233.8106362931,54.27400916768792,411406.20473877963,8.422692045547889,-1,-0.20252175501491623,0.9925854950885408,0.0,0.5955512970531245,15.0,0.6071428571428571,1.0,O17,de-protonated,,0.0,,C28 H28 O17,28.0,28.0,17.0,,,,
1407,2403,637.1047613916573,637.1045268288218,637.1046375379191,2240812.4587195604,220.05301688335916,322030.92244851583,12.224466209011368,-1,-0.17376909654713746,0.9945360122804402,0.0,0.5967216073682641,15.0,0.6666666666666666,0.9629629629629629,O18,de-protonated,,0.0,,C27 H26 O18,27.0,26.0,18.0,,,,
1408,2407,643.0578012871505,643.0575648507923,643.057687344539,1569989.5746207812,144.31456394838915,329764.88121368847,8.721164055266485,-1,-0.19048640431662464,0.9934377479135073,0.0,0.5960626487481043,19.0,0.6428571428571429,0.7142857142857143,O18,de-protonated,,0.0,,C28 H20 O18,28.0,20.0,18.0,,,,
1409,2412,662.2546408696218,662.254398417712,662.254292955089,1794877.4868034131,108.22523385370035,303611.11329001596,9.809176375407555,-1,0.1592479265000337,0.9954090498572425,0.0,0.5972454299143455,4.0,0.6666666666666666,1.9166666666666667,N3 P1 O16,de-protonated,,0.0,,C24 H46 O16 N3 P1,24.0,46.0,16.0,3.0,1.0,,
1410,2415,667.9263675192869,667.9261232976775,667.926021723949,1484350.3892170482,194.0047170365775,261883.42824341115,8.094964903021403,-1,0.15207332120578337,0.9958125560446417,0.0,0.597487533626785,24.0,0.7307692307692307,0.2692307692307692,N1 S1 O19,de-protonated,,0.0,,C26 H7 O19 N1 S1,26.0,7.0,19.0,1.0,,1.0,
1411,2417,672.2710877913934,672.2708422164839,672.2706760017589,1805748.850758464,215.4856798752523,307864.4351726823,10.089189789425934,-1,0.2472437529211539,0.9889694252642599,0.0,0.5933816551585559,22.0,0.07142857142857142,1.0476190476190477,N1 S1 P1 O3,de-protonated,,0.0,,C42 H44 O3 N1 P1 S1,42.0,44.0,3.0,1.0,1.0,1.0,
1412,2421,689.4700555851971,689.4698046730958,689.469769735109,1809773.300685552,179.1935344366777,288596.55260391213,10.032072625372434,-1,0.05067370368482432,0.9995341801917921,0.0,0.5997205081150753,3.0,0.16666666666666666,1.9722222222222223,N2 S1 P1 O6,de-protonated,,0.0,,C36 H71 O6 N2 P1 S1,36.0,71.0,6.0,2.0,1.0,1.0,
1413,2427,698.0612218403402,698.060968274165,698.060999077319,1799734.6835536142,223.87123551673247,272710.834464795,9.79872811369045,-1,-0.04412673683976528,0.9996467511673859,0.0,0.5997880507004315,25.0,0.4117647058823529,0.6176470588235294,N1 S1 O14,de-protonated,,0.0,,C34 H21 O14 N1 S1,34.0,21.0,14.0,1.0,,1.0,
1414,2427,698.0612218403402,698.060968274165,698.0611320190491,1799734.6835536142,223.87123551673247,272710.834464795,9.79872811369045,-1,-0.2345709803018905,0.9900657242556021,0.0,0.5940394345533613,12.0,0.9565217391304348,1.1304347826086956,N1 P1 O22,de-protonated,,0.0,,C23 H26 O22 N1 P1,23.0,26.0,22.0,1.0,1.0,,
1415,2430,702.1565528437285,702.1562980151804,702.156176567769,2156299.307089057,150.8192510892511,348303.30966785026,11.86783220906756,-1,0.17296353070030324,0.9945864181490399,0.0,0.596751850889424,12.0,0.42857142857142855,1.3571428571428572,N3 S2 P1 O12,de-protonated,,0.0,,C28 H38 O12 N3 P1 S2,28.0,38.0,12.0,3.0,1.0,2.0,
1416,2431,721.7363266792031,721.7360658402332,721.736078356439,2214255.899795287,196.09068553931013,259444.31617273547,12.061473326224549,-1,-0.017341804183383724,0.9999454329425421,0.0,0.5999672597655252,0.0,0.020833333333333332,2.0625,P1 O1,de-protonated,,0.0,,C48 H99 O1 P1,48.0,99.0,1.0,,1.0,,
1417,2434,755.4207694031588,755.4204983207361,755.420317618279,1514925.044189689,157.9696790286161,242848.26527822868,8.250644002606247,-1,0.23920783289295824,0.9896711486569667,0.0,0.59380268919418,16.0,0.021739130434782608,1.4130434782608696,N2 S2 P1 O1,de-protonated,,0.0,,C46 H65 O1 N2 P1 S2,46.0,65.0,1.0,2.0,1.0,2.0,
1418,2436,760.55165378331,760.5513811513164,760.551511238099,1539774.104554308,111.51705624208532,268842.76145934575,8.61911936582944,-1,-0.17104269824048524,0.9947056735840206,0.0,0.5968234041504124,3.0,0.2,1.975,N3 S1 O8,de-protonated,,0.0,,C40 H79 O8 N3 S1,40.0,79.0,8.0,3.0,,1.0,
1419,2438,773.3698039575962,773.3695274668111,773.369506864229,2001900.0325143302,264.77068746888335,271674.3791210501,10.893009390861781,-1,0.026640023744565148,0.9998712358156576,0.0,0.5999227414893945,22.0,0.1875,1.125,O9,de-protonated,,0.0,,C48 H54 O9,48.0,54.0,9.0,,,,
1420,2440,774.7263304538592,774.7260535557398,774.726241948209,2067071.3356458398,370.24165588533845,223441.57913815347,11.301884699391108,-1,-0.2431729545558912,0.989327736316571,0.0,0.5935966417899425,3.0,0.04,1.96,N1 P1 O2,de-protonated,,0.0,,C50 H98 O2 N1 P1,50.0,98.0,2.0,1.0,1.0,,
1421,2443,783.5869191225097,783.5866395686354,783.586774548479,1489464.1026926385,143.56975070883755,207979.08477734803,8.166883771174133,-1,-0.17225896089050566,0.994630314563634,0.0,0.5967781887381804,13.0,0.0392156862745098,1.5686274509803921,N2 S1 O2,de-protonated,,0.0,,C51 H80 O2 N2 S1,51.0,80.0,2.0,2.0,,1.0,
1422,2446,792.2250354383663,792.2247533035641,792.224774636159,1681388.329755025,208.06617994048844,256953.70269744183,9.192903071793719,-1,-0.0269274525111197,0.9998684424440576,0.0,0.5999210654664345,33.0,0.0784313725490196,0.7647058823529411,N1 S2 O4,de-protonated,,0.0,,C51 H39 O4 N1 S2,51.0,39.0,4.0,1.0,,2.0,
1423,2446,792.2250354383663,792.2247533035641,792.224907577889,1681388.329755025,208.06617994048844,256953.70269744183,9.192903071793719,-1,-0.19473551443755932,0.9931427363965363,0.0,0.5958856418379217,20.0,0.3,1.1,N1 S1 P1 O12,de-protonated,,0.0,,C40 H44 O12 N1 P1 S1,40.0,44.0,12.0,1.0,1.0,1.0,
1424,2447,792.4256499125172,792.4253677178704,792.425462569249,2279099.5519805998,302.99566479637656,224741.14907781876,12.40522113671726,-1,-0.11969754020140187,0.9974036700516626,0.0,0.5984422020309975,14.0,0.08695652173913043,1.4782608695652173,N1 S2 P1 O4,de-protonated,,0.0,,C46 H68 O4 N1 P1 S2,46.0,68.0,4.0,1.0,1.0,2.0,
1425,2448,794.4226429139402,794.4223601238123,794.4224851890989,1860286.9531671253,237.0266201109089,251283.1681388626,10.214917205421749,-1,-0.15742918781425735,0.9955130814122009,0.0,0.5973078488473205,14.0,0.15555555555555556,1.4666666666666666,N1 S1 P1 O7,de-protonated,,0.0,,C45 H66 O7 N1 P1 S1,45.0,66.0,7.0,1.0,1.0,1.0,
1426,2449,795.8960979894074,795.8958147601871,795.895723916629,1487586.523806268,119.5683242674029,222077.98600792504,8.15782861101931,-1,0.11414002541436608,0.9976388882413096,0.0,0.5985833329447857,23.0,0.8148148148148148,0.4444444444444444,N1 S2 P1 O22,de-protonated,,0.0,,C27 H12 O22 N1 P1 S2,27.0,12.0,22.0,1.0,1.0,2.0,
1427,0,150.85972414498576,150.85965550976192,,1898958.5184763914,20.720351188976977,1533777.211244714,10.598716685830027,-1,,,,,,,,unassigned,,,,,,,,,,,,
1428,1,152.8837671114289,152.88369773269574,,69318038.64191508,46.79607316333312,1142007.1901836623,381.0634289399582,-1,,,,,,,,unassigned,,,,,,,,,,,,
1429,2,152.88418181063716,152.88411243175167,,2412368.488325718,18.815248700492106,1024524.0676591978,13.373774997892777,-1,,,,,,,,unassigned,,,,,,,,,,,,
1430,3,152.8855490456776,152.88547966629005,,5140210.200646774,39.75335047618403,1078731.041788931,28.318968558037955,-1,,,,,,,,unassigned,,,,,,,,,,,,
1431,4,154.8808236768638,154.88075356496722,,27779531.24020972,45.79743890314461,1100908.6211226645,153.79841247576695,-1,,,,,,,,unassigned,,,,,,,,,,,,
1432,5,157.85573767682234,157.85566647356646,,1567612.0458001702,18.012960839259858,1314339.983756069,8.665091717384696,-1,,,,,,,,unassigned,,,,,,,,,,,,
1433,7,160.39305132451554,160.39297919118962,,8336914.158871399,53.991697788490406,1324338.7019433645,46.875081367614186,-1,,,,,,,,unassigned,,,,,,,,,,,,
1434,8,160.72753142882482,160.72745917294463,,2247927.2031385778,30.819969153989057,1301688.8055401973,12.136700810587696,-1,,,,,,,,unassigned,,,,,,,,,,,,
1435,9,160.84211929966827,160.84204700180564,,54926631.62282523,59.67040105844448,980991.9199997281,303.673850952152,-1,,,,,,,,unassigned,,,,,,,,,,,,
1436,10,160.84382593073374,160.84375363224586,,2935958.1398351444,60.47218971764909,1054419.8321034913,16.327150309927433,-1,,,,,,,,unassigned,,,,,,,,,,,,
1437,11,160.9537055276424,160.95363318889835,,2487281.088195601,27.96728587013185,1051834.827917608,13.46293349787873,-1,,,,,,,,unassigned,,,,,,,,,,,,
1438,12,161.05877729961256,161.05870492237503,,2868312.2841133657,14.027263339066222,1402067.80077006,15.703040810025769,-1,,,,,,,,unassigned,,,,,,,,,,,,
1439,13,162.8391692369905,162.83909620767992,,57020038.63631996,85.10371218276063,1079042.8993883147,310.4498969510843,-1,,,,,,,,unassigned,,,,,,,,,,,,
1440,14,162.8409046348357,162.84083160488973,,1623660.7949780626,44.865439037418106,1182081.8316763395,8.977146467335526,-1,,,,,,,,unassigned,,,,,,,,,,,,
1441,15,162.84251651970283,162.8424434891666,,20194681.003397845,58.71959390005604,1060962.2378518535,109.39747948276292,-1,,,,,,,,unassigned,,,,,,,,,,,,
1442,16,164.83622297213435,164.83614921180433,,20930767.749650616,48.76534920079963,991647.7597484228,117.37716523150561,-1,,,,,,,,unassigned,,,,,,,,,,,,
1443,17,164.83958044831027,164.83950668675163,,20365783.172901046,72.3729011015805,1105835.4336770766,111.00233248251006,-1,,,,,,,,unassigned,,,,,,,,,,,,
1444,19,165.703150706941,165.70307662940675,,7226411.496959405,22.136830201420686,1370986.7906057609,39.58637399376262,-1,,,,,,,,unassigned,,,,,,,,,,,,
1445,20,166.03637269568236,166.03629849624556,,2531317.8775817654,38.75460591906179,1350569.5907978956,14.098187810278636,-1,,,,,,,,unassigned,,,,,,,,,,,,
1446,21,166.36890467381937,166.36883035274437,,1849927.9557591889,60.46995973184283,1350469.0093939092,10.253227498384463,-1,,,,,,,,unassigned,,,,,,,,,,,,
1447,22,166.83501702815994,166.83494253660385,,7556453.7040748205,53.223973060637064,1060725.9280641763,41.45870249346761,-1,,,,,,,,unassigned,,,,,,,,,,,,
1448,23,166.83550734743446,166.83543285569908,,1557796.882921593,32.61764156584303,1036341.0862086514,8.386471404928596,-1,,,,,,,,unassigned,,,,,,,,,,,,
1449,24,166.83663017665353,166.8365556845075,,6299118.320495243,56.38390417098281,1061773.5742221563,35.173028244458,-1,,,,,,,,unassigned,,,,,,,,,,,,
1450,25,166.857582192041,166.85750769223228,,4083705.5733949295,39.42073999615494,1176039.140720783,22.189321684003765,-1,,,,,,,,unassigned,,,,,,,,,,,,
1451,26,166.86066359689735,166.8605890959617,,2789737.939010495,42.41757281763996,1014033.5199027394,15.190379435106546,-1,,,,,,,,unassigned,,,,,,,,,,,,
1452,27,168.83207574519054,168.8320005234733,,2788982.416427656,57.68464161613232,1064157.197603829,15.246103497597767,-1,,,,,,,,unassigned,,,,,,,,,,,,
1453,28,168.83632369773,168.8362484744601,,5465954.236457982,20.71409001274919,1237604.9743231586,30.180152245244702,-1,,,,,,,,unassigned,,,,,,,,,,,,
1454,29,168.85463451530143,168.85455928533878,,5242188.078305725,49.464088249449276,1092604.5072433404,28.57529924549757,-1,,,,,,,,unassigned,,,,,,,,,,,,
1455,30,169.83382368231344,169.83374809450075,,2504631.7255540667,27.415503469578713,1185779.2663337907,13.524229966619071,-1,,,,,,,,unassigned,,,,,,,,,,,,
1456,31,170.85168728392708,170.85161132424017,,3240310.5479829693,58.41103681982788,962873.8408790854,17.94314812217281,-1,,,,,,,,unassigned,,,,,,,,,,,,
1457,32,170.94428838152885,170.94421238801584,,5208890.449002924,43.590102721467225,1074040.4984398084,28.809340307960692,-1,,,,,,,,unassigned,,,,,,,,,,,,
1458,33,170.98554049447694,170.98546448589533,,1952471.6366482282,41.62853566642201,1034004.9445134003,10.771461279552808,-1,,,,,,,,unassigned,,,,,,,,,,,,
1459,34,172.83204522634517,172.8319685434588,,3081209.1540449723,72.33868045838621,1199838.0803059053,16.527756934895823,-1,,,,,,,,unassigned,,,,,,,,,,,,
1460,35,172.94133662788013,172.94125990509437,,1979314.1196347335,103.34321463651796,1140202.4518702733,10.83275774829315,-1,,,,,,,,unassigned,,,,,,,,,,,,
1461,37,174.82908154224256,174.8290041304941,,2218522.7687028986,77.16764524068222,963438.4366812395,12.326162623057844,-1,,,,,,,,unassigned,,,,,,,,,,,,
1462,38,176.89419879866995,176.89412063366385,,11610263.953713028,34.31750923466359,1025503.4395351612,63.41398311500825,-1,,,,,,,,unassigned,,,,,,,,,,,,
1463,40,178.89126223213532,178.8911833391316,,4501374.717512775,58.05926718775063,967344.7080858143,24.641180433617443,-1,,,,,,,,unassigned,,,,,,,,,,,,
1464,46,184.16352947103493,184.16344865817587,,1578007.0579867938,44.62505152314692,1231358.5648266852,8.698526154879428,-1,,,,,,,,unassigned,,,,,,,,,,,,
1465,47,184.89953242549223,184.89945134486166,,1903211.573625794,35.301034983527444,1073590.0023437869,10.38696524836339,-1,,,,,,,,unassigned,,,,,,,,,,,,
1466,50,186.89657906603907,186.8964972591402,,1488128.0675948076,21.06193901809136,1077189.7844223054,8.152430342465472,-1,,,,,,,,unassigned,,,,,,,,,,,,
1467,51,186.98041996654158,186.9803381291616,,2020789.6043653497,113.44673166216157,849743.5816763896,11.217253779482567,-1,,,,,,,,unassigned,,,,,,,,,,,,
1468,54,188.8839875040384,188.8839049748031,,8708931.870662346,120.33902139712735,1004021.836393881,47.5883493675018,-1,,,,,,,,unassigned,,,,,,,,,,,,
1469,56,190.88102083953896,190.88093758489785,,8596971.45375608,65.71904051169938,881659.4012139299,47.488046055017605,-1,,,,,,,,unassigned,,,,,,,,,,,,
1470,58,192.87807570347795,192.87799172385306,,3407753.420011309,65.37820656929662,959100.9708610977,18.617409278316572,-1,,,,,,,,unassigned,,,,,,,,,,,,
1471,59,192.89843146611685,192.8983474791045,,6087306.983766801,49.97606452807391,973410.3338131694,33.16696199477409,-1,,,,,,,,unassigned,,,,,,,,,,,,
1472,61,193.02737604202034,193.02729200821275,,1642342.0045711452,25.786562041620243,859481.7429410198,8.968787857961845,-1,,,,,,,,unassigned,,,,,,,,,,,,
1473,64,194.89547811351366,194.89539340195478,,7166348.11956881,78.33115645936476,1011815.6289047765,39.341188118801256,-1,,,,,,,,unassigned,,,,,,,,,,,,
1474,66,195.06144216207952,195.06135739032672,,2139581.9718171805,47.52122633724939,929399.5297032727,11.902659748124572,-1,,,,,,,,unassigned,,,,,,,,,,,,
1475,68,195.81098470762723,195.81089966405798,,61135191.43427119,98.7166065104845,966325.7478823648,339.51556794650463,-1,,,,,,,,unassigned,,,,,,,,,,,,
1476,69,195.81270274189072,195.81261769769853,,4879623.665724468,55.397179157980645,979570.0527812642,26.435495245834723,-1,,,,,,,,unassigned,,,,,,,,,,,,
1477,73,197.80802653760207,197.80794077011498,,72169555.26823108,187.24016781032893,918893.563458478,399.6083969370362,-1,,,,,,,,unassigned,,,,,,,,,,,,
1478,74,197.80975179121742,197.8096660231051,,2238663.216429072,41.1104081774661,1061945.6585538164,12.393031498047307,-1,,,,,,,,unassigned,,,,,,,,,,,,
1479,76,198.80849949067712,198.8084133606851,,2270495.6511073234,82.02516453202603,928192.6395058179,12.404176310545552,-1,,,,,,,,unassigned,,,,,,,,,,,,
1480,77,198.94008359565774,198.93999741799644,,2220179.282375002,38.69479097530494,831699.0997816644,12.181280060580672,-1,,,,,,,,unassigned,,,,,,,,,,,,
1481,82,199.80507820133934,199.8049917103607,,37775258.32855594,31.08995182323101,953623.0998832461,210.94901096676207,-1,,,,,,,,unassigned,,,,,,,,,,,,
1482,83,200.93806783812036,200.93798093687354,,2075471.933550078,61.435149108860415,1048569.2015215004,11.4791568731913,-1,,,,,,,,unassigned,,,,,,,,,,,,
1483,84,201.01763647723942,201.0175495471851,,7261099.076532678,56.46978505151556,951147.8965781191,39.73125655623979,-1,,,,,,,,unassigned,,,,,,,,,,,,
1484,88,201.8021292461998,201.80204203215968,,11228948.297566975,42.84604830473527,894649.5207187986,62.410949990166294,-1,,,,,,,,unassigned,,,,,,,,,,,,
1485,89,202.8284110761018,202.8283234906486,,30098555.8034142,92.07928122942683,942313.1025856293,167.48424222361055,-1,,,,,,,,unassigned,,,,,,,,,,,,
1486,90,202.89962087835508,202.89953326713515,,3113126.707906887,43.39545213494276,986160.0250901666,16.862101309843144,-1,,,,,,,,unassigned,,,,,,,,,,,,
1487,93,204.79161727406233,204.79152897843787,,6634339.28694245,83.61760001003267,880183.1248603117,36.58841943173499,-1,,,,,,,,unassigned,,,,,,,,,,,,
1488,94,204.82545819970147,204.82536989183905,,32608502.001628842,137.53398311023142,925932.3094373959,178.71821322184047,-1,,,,,,,,unassigned,,,,,,,,,,,,
1489,95,204.89669450987031,204.89660617624685,,3597375.0316944667,71.84892872701214,850321.3259633926,19.442125403186626,-1,,,,,,,,unassigned,,,,,,,,,,,,
1490,96,204.94654991675318,204.946461565101,,2622851.818873255,36.710382648458854,805817.5120668643,14.426959778976833,-1,,,,,,,,unassigned,,,,,,,,,,,,
1491,98,206.788669467604,206.78858044999103,,5467256.7177054,48.287210916008064,936112.582577732,30.325034807721874,-1,,,,,,,,unassigned,,,,,,,,,,,,
1492,99,206.78957027304864,206.7894812551101,,7897976.433880591,51.263728091048144,928799.986113523,43.00783143072352,-1,,,,,,,,unassigned,,,,,,,,,,,,
1493,100,206.79204893942438,206.79195992059,,1524944.7865483612,60.146150154806776,884752.0287762708,8.417119639298766,-1,,,,,,,,unassigned,,,,,,,,,,,,
1494,101,206.82251493620453,206.8224259063592,,20775187.39050477,84.24091941271301,900802.0696129249,113.23129498215884,-1,,,,,,,,unassigned,,,,,,,,,,,,
1495,102,206.85010910038088,206.85002006056263,,1874744.3928270887,44.584383601335716,832747.9290705397,10.325668779623049,-1,,,,,,,,unassigned,,,,,,,,,,,,
1496,103,206.94360752495032,206.943518451341,,1534320.6673222412,74.68129490148515,1060771.1931857772,8.53692637365489,-1,,,,,,,,unassigned,,,,,,,,,,,,
1497,104,206.96221276766158,206.9621236873283,,2641257.867101411,88.48332897835911,909213.1134096094,14.41581496647859,-1,,,,,,,,unassigned,,,,,,,,,,,,
1498,109,208.7866112498663,208.78652151037338,,4876619.551992973,50.90533283277155,943038.819433255,26.691825933294336,-1,,,,,,,,unassigned,,,,,,,,,,,,
1499,110,208.81956060308343,208.81947085168912,,4909508.27645518,94.68845283249672,951165.5960246037,27.204487308213558,-1,,,,,,,,unassigned,,,,,,,,,,,,
1500,111,208.84535624797107,208.84526648725938,,77686624.43573964,100.20774825530648,955601.4120678747,424.3944599331308,-1,,,,,,,,unassigned,,,,,,,,,,,,
1501,112,208.84714920636588,208.84705944500658,,2983290.332277024,34.62994851989124,1116489.64722064,16.421881216162507,-1,,,,,,,,unassigned,,,,,,,,,,,,
1502,113,208.9026872821373,208.90259750071795,,2653004.4762217267,59.37601698734113,952234.7373008409,14.621993997696103,-1,,,,,,,,unassigned,,,,,,,,,,,,
1503,114,208.93469662876137,208.93460683578056,,34113060.90278312,79.85581500444862,945634.7180288992,187.14369147051292,-1,,,,,,,,unassigned,,,,,,,,,,,,
1504,115,208.95926051656397,208.95917071471104,,1819711.7989820805,55.70012388415326,964325.8332105054,10.186358623394998,-1,,,,,,,,unassigned,,,,,,,,,,,,
1505,118,209.0587176581026,209.0586278203277,,1774374.3738240127,36.24874653816772,1094611.1688312655,9.818579810952947,-1,,,,,,,,unassigned,,,,,,,,,,,,
1506,121,209.9342419309196,209.9341517769687,,3599465.465094439,111.16595119090671,888699.2384025882,19.904635121863752,-1,,,,,,,,unassigned,,,,,,,,,,,,
1507,122,210.8424020800427,210.84231159821738,,106640122.97880284,165.9420264666279,917390.5671267987,583.0965899081251,-1,,,,,,,,unassigned,,,,,,,,,,,,
1508,123,210.8442105498916,210.84412006741346,,1692504.8256892147,66.36359128334638,950675.2639520699,9.386718326645994,-1,,,,,,,,unassigned,,,,,,,,,,,,
1509,124,210.89973637685574,210.8996458743339,,1776277.022976792,69.12293167852401,828295.4979164352,9.734993717216117,-1,,,,,,,,unassigned,,,,,,,,,,,,
1510,125,210.93173784878024,210.9316473347067,,12465198.110567382,88.50277865784717,868252.2312056822,70.10087061395464,-1,,,,,,,,unassigned,,,,,,,,,,,,
1511,130,212.83945301456504,212.83936181205414,,54625363.204324566,89.08377061830365,925975.3861090676,299.48340145281225,-1,,,,,,,,unassigned,,,,,,,,,,,,
1512,135,214.83651754912069,214.83642562634913,,12570743.218994586,82.74670181966705,931770.8036874305,68.27312136424263,-1,,,,,,,,unassigned,,,,,,,,,,,,
1513,136,214.93502762949998,214.93493567121092,,5480962.688281526,95.04229183609371,949328.6678700737,30.247021120234166,-1,,,,,,,,unassigned,,,,,,,,,,,,
1514,140,216.83293515009953,216.8328425077303,,1781499.252430892,114.33511570383462,945138.2315465995,9.737779920340678,-1,,,,,,,,unassigned,,,,,,,,,,,,
1515,141,216.9329664069207,216.9328737285071,,3951590.882519147,67.72361369361417,924582.5299165252,21.726811965326643,-1,,,,,,,,unassigned,,,,,,,,,,,,
1516,145,220.79900528029648,220.79891120965374,,1482235.3997040484,48.7011918052375,821927.9618000599,8.17471996746196,-1,,,,,,,,unassigned,,,,,,,,,,,,
1517,146,220.80116048161483,220.8010664101964,,2070933.0434489984,42.12623927744746,1025727.3183768871,11.573887779426375,-1,,,,,,,,unassigned,,,,,,,,,,,,
1518,149,221.05870213163928,221.05860796753282,,2777241.038948432,20.566302254145878,1016096.3479505449,15.218241466352156,-1,,,,,,,,unassigned,,,,,,,,,,,,
1519,152,222.79820948713444,222.79811469717475,,3179727.54524666,65.2860706901737,1017530.5730545556,17.781548340948273,-1,,,,,,,,unassigned,,,,,,,,,,,,
1520,153,222.91833763719964,222.91824280403137,,1728265.7103432491,65.67948756753097,1060841.4842594976,9.648621420354727,-1,,,,,,,,unassigned,,,,,,,,,,,,
1521,154,222.9503442183692,222.95024937368882,,22805212.897501007,78.62845944303032,889287.3311297023,126.60506998005162,-1,,,,,,,,unassigned,,,,,,,,,,,,
1522,157,223.07433650314576,223.074241613869,,2561068.395457299,53.18214561097868,919258.3984568703,14.159484279018978,-1,,,,,,,,unassigned,,,,,,,,,,,,
1523,158,223.94994163432608,223.94984643016684,,2707947.865550685,38.994019164097104,911597.8989350084,15.156944997611815,-1,,,,,,,,unassigned,,,,,,,,,,,,
1524,159,224.7952587630887,224.7951632550175,,1801474.653532925,55.55755465048686,896824.3368172277,9.846441842198557,-1,,,,,,,,unassigned,,,,,,,,,,,,
1525,160,224.8192995739364,224.8192040572231,,6537115.194816511,71.2448618779687,815046.9578020157,35.49622780690708,-1,,,,,,,,unassigned,,,,,,,,,,,,
1526,161,224.94739787603194,224.94730231327125,,9741138.452392396,136.4524296696812,864625.0073460349,53.07159711663784,-1,,,,,,,,unassigned,,,,,,,,,,,,
1527,165,226.81634924499866,226.81625301060876,,6588186.79066821,75.9941927742347,887290.814099981,36.47697130675255,-1,,,,,,,,unassigned,,,,,,,,,,,,
1528,166,226.86880216126994,226.8687059080359,,4354889.432159363,75.01540882676886,958013.7855245329,24.072794996207,-1,,,,,,,,unassigned,,,,,,,,,,,,
1529,167,226.93503793366193,226.93494165663262,,1733284.5522847774,46.563373709611085,800722.9459599799,9.428511373514409,-1,,,,,,,,unassigned,,,,,,,,,,,,
1530,168,226.97853973753868,226.97844344488152,,2211379.502026435,77.40803788305892,831112.2574450123,12.250935138694697,-1,,,,,,,,unassigned,,,,,,,,,,,,
1531,173,228.8133957565951,228.81329880495963,,2525994.103281927,97.92393345004544,826693.7601124909,14.114905029026003,-1,,,,,,,,unassigned,,,,,,,,,,,,
1532,174,228.86584221789093,228.86574524742494,,4749197.833721802,145.87394696921325,871209.5898572466,26.413205620838237,-1,,,,,,,,unassigned,,,,,,,,,,,,
1533,178,230.8629333721214,230.86283568483495,,1700068.4954092866,65.75011757965896,990086.3247255853,9.492594045379311,-1,,,,,,,,unassigned,,,,,,,,,,,,
1534,179,230.9299119534989,230.92981424217913,,1571100.8852833088,42.439900413512504,793870.2644511865,8.656733108011013,-1,,,,,,,,unassigned,,,,,,,,,,,,
1535,183,231.92521241099323,231.92511434259572,,2054767.7736495931,54.31434390507316,820564.1265720177,11.203322763859763,-1,,,,,,,,unassigned,,,,,,,,,,,,
1536,184,232.92478628325657,232.9246878563556,,8732906.856184077,73.2193885371118,870609.3473894644,47.688652679986,-1,,,,,,,,unassigned,,,,,,,,,,,,
1537,189,233.92314723051695,233.9230484456551,,1840009.1983069465,107.36142331718472,980361.6777931475,10.013614029672217,-1,,,,,,,,unassigned,,,,,,,,,,,,
1538,193,235.07434538594495,235.07424618845596,,2034688.9867598794,67.59834726850129,794816.0359556434,11.11137806074925,-1,,,,,,,,unassigned,,,,,,,,,,,,
1539,194,236.1054787149333,236.10537914797362,,2088011.4067492855,88.8137598940198,712975.0046616601,11.3649225450843,-1,,,,,,,,unassigned,,,,,,,,,,,,
1540,195,236.96601272722654,236.96591285201225,,9834761.0539859,118.14107611090233,842866.656161457,53.71799624153599,-1,,,,,,,,unassigned,,,,,,,,,,,,
1541,198,237.0535947299714,237.05349482338855,,1966959.134764495,123.24475685567612,863404.438467315,10.779819888926491,-1,,,,,,,,unassigned,,,,,,,,,,,,
1542,200,237.090023700846,237.08992378121587,,1757177.8463174347,41.27240280531447,746956.3177359523,9.60125596723719,-1,,,,,,,,unassigned,,,,,,,,,,,,
1543,202,238.96306271436325,238.96296212408683,,3278560.6667431872,91.89588617946254,846037.0049507688,17.987727372165786,-1,,,,,,,,unassigned,,,,,,,,,,,,
1544,205,239.05978085985646,239.05968023496015,,1563067.2206987578,61.01110233164857,851110.127466606,8.506278139284719,-1,,,,,,,,unassigned,,,,,,,,,,,,
1545,208,239.7604940382015,239.76039316251757,,4694782.22697978,165.79291021660137,857289.6698752603,25.83924777717867,-1,,,,,,,,unassigned,,,,,,,,,,,,
1546,209,240.88445630844294,240.88435503059966,,5268606.695737191,74.96282966237324,868594.1680636853,29.021091745427327,-1,,,,,,,,unassigned,,,,,,,,,,,,
1547,213,241.13656688944494,241.1364655214139,,33956847.40159096,122.95079129184687,841672.645861599,185.62799697075175,-1,,,,,,,,unassigned,,,,,,,,,,,,
1548,215,241.75752509817448,241.75742350803677,,3333072.0542428303,85.20595130829147,875896.0740357009,18.829160715783207,-1,,,,,,,,unassigned,,,,,,,,,,,,
1549,216,241.75844625726003,241.75834466679285,,3690920.68921352,120.7937613254807,915895.0019285174,20.305848371800533,-1,,,,,,,,unassigned,,,,,,,,,,,,
1550,220,242.88151346015138,242.88141146808692,,5068267.437339068,51.84049090769447,903102.6963394684,27.90661049560293,-1,,,,,,,,unassigned,,,,,,,,,,,,
1551,225,243.1336144103985,243.133512328204,,11415050.087708669,144.32121854014457,872161.9370038173,63.43627274000474,-1,,,,,,,,unassigned,,,,,,,,,,,,
1552,227,243.7554834872955,243.75538118280238,,4359898.153436398,74.83186113602959,871909.9126122944,23.944629652477193,-1,,,,,,,,unassigned,,,,,,,,,,,,
1553,228,244.13695596043704,244.13685351960012,,1950693.0081499957,79.30248133243569,790128.9719205126,10.660013154570368,-1,,,,,,,,unassigned,,,,,,,,,,,,
1554,229,244.80951095062747,244.8094082694479,,2054514.1326530403,120.71834853813391,847324.1265958371,11.206108966984322,-1,,,,,,,,unassigned,,,,,,,,,,,,
1555,233,245.7525878644322,245.752484846319,,1679692.2309024218,43.66017209654991,889112.6746919948,9.149891061058309,-1,,,,,,,,unassigned,,,,,,,,,,,,
1556,234,246.8065523774864,246.80644898293613,,2990913.48326546,110.51227010593009,811784.2680055029,16.756225591109825,-1,,,,,,,,unassigned,,,,,,,,,,,,
1557,235,246.94043630057806,246.940332858218,,5524180.90886034,111.21853167790836,872548.7998004457,31.23890943257788,-1,,,,,,,,unassigned,,,,,,,,,,,,
1558,237,247.07434957936698,247.07424608918853,,1470597.1049883363,88.11907910766209,821204.3356873249,8.038196014358471,-1,,,,,,,,unassigned,,,,,,,,,,,,
1559,239,247.11074344387146,247.11063994069767,,5881167.061157297,121.8568342969242,810072.4390683252,32.54285249487243,-1,,,,,,,,unassigned,,,,,,,,,,,,
1560,241,248.80360637414094,248.80350226664535,,2194244.4994874243,72.54241887957977,870218.20961353,12.083762951221036,-1,,,,,,,,unassigned,,,,,,,,,,,,
1561,242,248.8960644914087,248.8959603509161,,8131093.708270231,124.72879802765533,831957.6616788509,44.512381117986465,-1,,,,,,,,unassigned,,,,,,,,,,,,
1562,245,249.05363896391611,249.05353476718952,,1869590.657106289,21.609710754144512,926933.6313565008,10.490054763972147,-1,,,,,,,,unassigned,,,,,,,,,,,,
1563,247,249.08999387167552,249.08988966197526,,1594356.4763422653,44.52770376180403,921275.0263918558,8.715243373626793,-1,,,,,,,,unassigned,,,,,,,,,,,,
1564,248,249.1077907291373,249.10768651308607,,2042369.179371703,73.29490601345783,633112.6495562682,11.214467576358006,-1,,,,,,,,unassigned,,,,,,,,,,,,
1565,251,250.89309502977926,250.8929901767995,,2174814.7610383583,89.63954097738639,839951.6265084785,11.955597607491232,-1,,,,,,,,unassigned,,,,,,,,,,,,
1566,252,250.8940127728572,250.8939079195501,,6894617.782862509,105.35806811428242,851292.7641508083,37.45771480659802,-1,,,,,,,,unassigned,,,,,,,,,,,,
1567,253,250.91169396926475,250.91158910965137,,3466896.8009297866,53.23522648465592,838854.2136493966,18.879312372025304,-1,,,,,,,,unassigned,,,,,,,,,,,,
1568,254,250.98163512977513,250.98153024521653,,1603638.4742364802,116.29407901925562,648792.6452442746,8.832263904858355,-1,,,,,,,,unassigned,,,,,,,,,,,,
1569,257,251.06928270481333,251.06917778899512,,2540357.0903767874,106.5399275209075,779900.3100609592,13.797277872826049,-1,,,,,,,,unassigned,,,,,,,,,,,,
1570,260,252.1736829325418,252.17357762290865,,39470798.56860196,116.62173822344543,809960.0213266321,218.79495896552584,-1,,,,,,,,unassigned,,,,,,,,,,,,
1571,261,252.89108006491028,252.89097449953294,,2507920.554242057,84.38635567698705,792079.4437467289,13.741553810334828,-1,,,,,,,,unassigned,,,,,,,,,,,,
1572,262,252.90966980299802,252.9095642309944,,3280114.4248617296,127.42823908626954,842379.5571218003,18.03230662215876,-1,,,,,,,,unassigned,,,,,,,,,,,,
1573,268,253.1770476843577,253.1769420170515,,5903935.086663665,108.51137783031363,834613.7074704332,32.3088114324093,-1,,,,,,,,unassigned,,,,,,,,,,,,
1574,269,254.14800568998606,254.14789967666232,,2347804.967296936,52.768313199280385,923166.9600216603,12.894548060468287,-1,,,,,,,,unassigned,,,,,,,,,,,,
1575,270,254.17073676182747,254.17063074040433,,12187896.98582663,113.8684323985012,822250.9798696599,68.1393836142637,-1,,,,,,,,unassigned,,,,,,,,,,,,
1576,271,254.7701389298743,254.77003269489612,,1904035.3732223518,106.0389076829715,683258.1419326916,10.331241185872171,-1,,,,,,,,unassigned,,,,,,,,,,,,
1577,272,254.91043592385404,254.9103296388964,,1744768.5313533668,31.79483991982755,839819.6098148779,9.57060773286702,-1,,,,,,,,unassigned,,,,,,,,,,,,
1578,276,255.17406203277554,255.17395565390942,,1545086.602239735,44.380131793973234,1005445.5917767939,8.422692045547889,-1,,,,,,,,unassigned,,,,,,,,,,,,
1579,277,256.76714511701033,256.767038170818,,2316878.84800876,67.57838366665567,895118.5450854155,12.79703095110865,-1,,,,,,,,unassigned,,,,,,,,,,,,
1580,278,256.83480143085575,256.8346944605758,,1491813.1413010142,83.15511324996223,662683.4708008247,8.153823444027752,-1,,,,,,,,unassigned,,,,,,,,,,,,
1581,279,256.86014527998555,256.8600383006826,,1512417.139047205,69.52143640795562,817587.290275034,8.311243920565449,-1,,,,,,,,unassigned,,,,,,,,,,,,
1582,283,257.1315144444216,257.1314073685091,,1794261.9154690113,47.249576171526996,762525.2587498933,9.994110607800291,-1,,,,,,,,unassigned,,,,,,,,,,,,
1583,285,258.7642098076772,258.76410215067983,,1937913.1698097077,82.83807558304736,727550.5597659482,10.607075295203709,-1,,,,,,,,unassigned,,,,,,,,,,,,
1584,291,260.7870517596068,260.7869433830678,,35573427.05160798,115.77894996253494,800532.308347229,199.13550971862347,-1,,,,,,,,unassigned,,,,,,,,,,,,
1585,292,260.95608388607957,260.9559754494344,,2378372.556756993,61.20582124661499,807625.634041384,13.24003724791385,-1,,,,,,,,unassigned,,,,,,,,,,,,
1586,298,261.16279656820944,261.16268805806345,,3852378.4751292234,80.88369190046508,879667.113829201,21.353460746635466,-1,,,,,,,,unassigned,,,,,,,,,,,,
1587,299,262.7840949623233,262.7839858758522,,55942147.44934436,170.91798558686057,807246.2309443922,307.2401909515901,-1,,,,,,,,unassigned,,,,,,,,,,,,
1588,303,263.1056827973142,263.10557359656144,,2310745.268312654,91.40471872448839,823428.5883943838,12.680010419877089,-1,,,,,,,,unassigned,,,,,,,,,,,,
1589,304,264.210087350453,264.2099777573166,,1869423.4314011713,78.63947175578669,791111.9183356405,10.373034232740586,-1,,,,,,,,unassigned,,,,,,,,,,,,
1590,305,264.78115276946124,264.7810429734826,,36892725.39214977,115.01346939306549,795327.0958464561,201.85484396819498,-1,,,,,,,,unassigned,,,,,,,,,,,,
1591,309,265.084933386797,265.08482348293,,3026273.0731367324,135.07962389483382,687980.8707696032,16.614129231757214,-1,,,,,,,,unassigned,,,,,,,,,,,,
1592,311,265.12134628743775,265.1212363706393,,2174467.728946943,89.45977300232063,774956.7341954393,11.84136327938423,-1,,,,,,,,unassigned,,,,,,,,,,,,
1593,316,266.15295891049414,266.15284862739423,,4094619.8537723683,111.6923010710884,799955.0987149349,22.28405259023884,-1,,,,,,,,unassigned,,,,,,,,,,,,
1594,317,266.77820160648486,266.7780911014318,,11425814.54350253,107.38658945664747,844401.4651744015,62.43323961516278,-1,,,,,,,,unassigned,,,,,,,,,,,,
1595,318,266.8039988934622,266.8038883792524,,115116932.3796845,162.90532138395824,801554.90989502,624.6444509015787,-1,,,,,,,,unassigned,,,,,,,,,,,,
1596,319,266.848594132552,266.84848360251317,,5070486.4434438115,135.67878703462534,820486.7152061176,27.706003870634536,-1,,,,,,,,unassigned,,,,,,,,,,,,
1597,320,266.8933609710314,266.8932504251029,,2379099.1108972435,89.77825240590458,773890.703224258,13.150878747927898,-1,,,,,,,,unassigned,,,,,,,,,,,,
1598,324,267.1005740950625,267.1004634755878,,1754567.520240133,41.69239064502423,697306.8370305547,9.60125596723719,-1,,,,,,,,unassigned,,,,,,,,,,,,
1599,328,268.16861168218617,268.1685006837064,,46520603.21254367,97.42197701257373,783376.9273684963,257.311430959457,-1,,,,,,,,unassigned,,,,,,,,,,,,
1600,329,268.7752747018216,268.7751634881154,,1874414.651189749,125.07605686406065,676091.4315548007,10.152924185900266,-1,,,,,,,,unassigned,,,,,,,,,,,,
1601,330,268.80105712824644,268.8009459053943,,203310306.59279087,141.58692352241638,795623.0237344567,1112.3414458247353,-1,,,,,,,,unassigned,,,,,,,,,,,,
1602,331,268.8465246451427,268.84641340616173,,2409412.7187073035,55.33375300529702,783214.7754089632,13.095154685436677,-1,,,,,,,,unassigned,,,,,,,,,,,,
1603,332,268.8694854224057,268.8693741752799,,1511277.89126792,90.2014532201814,676860.4624909118,8.364181779932109,-1,,,,,,,,unassigned,,,,,,,,,,,,
1604,333,268.89042811924054,268.89031686468576,,1675536.422177636,83.26661832077676,821519.725147804,9.158249670431992,-1,,,,,,,,unassigned,,,,,,,,,,,,
1605,334,268.9014769997058,268.9013657412317,,8400085.297264753,104.30599487772812,776671.3218487438,46.93080543010541,-1,,,,,,,,unassigned,,,,,,,,,,,,
1606,341,269.17194804567515,269.17183669126223,,5213406.643550428,104.93245787270321,732705.3589179545,29.05452618292206,-1,,,,,,,,unassigned,,,,,,,,,,,,
1607,342,269.90101187457515,269.90090026159527,,1818269.4581772091,80.56865595712726,593710.4257151658,9.99132440467573,-1,,,,,,,,unassigned,,,,,,,,,,,,
1608,343,270.1656595201282,270.16554781330353,,14726283.658239676,174.9228885177966,790880.0251441505,81.93666148708975,-1,,,,,,,,unassigned,,,,,,,,,,,,
1609,344,270.79810213355637,270.79799020249646,,129048372.58354168,134.05781093430647,790750.9212371323,702.9256138892443,-1,,,,,,,,unassigned,,,,,,,,,,,,
1610,345,270.8985547926041,270.89844282593225,,2050307.679113034,117.27029723916692,790964.510450108,11.233970998229934,-1,,,,,,,,unassigned,,,,,,,,,,,,
1611,350,271.147153715971,271.1470416611718,,3790173.5653514885,247.47360867588372,819589.5489541978,20.617903121751365,-1,,,,,,,,unassigned,,,,,,,,,,,,
1612,352,271.169001562036,271.16888949949214,,1922529.483795411,72.62595385957448,748258.13635544,10.495627170221269,-1,,,,,,,,unassigned,,,,,,,,,,,,
1613,354,272.79516034645997,272.7950477076175,,48545759.93813558,71.40559838005977,787939.5639266339,266.0489639580803,-1,,,,,,,,unassigned,,,,,,,,,,,,
1614,359,273.14422524963,273.1441124871186,,1480970.4629383595,70.64517664174969,817326.8633264403,8.110637295597057,-1,,,,,,,,unassigned,,,,,,,,,,,,
1615,360,274.7922108512155,274.79209750502304,,7708254.573810232,75.67375203542555,814213.3402372182,41.88220536840088,-1,,,,,,,,unassigned,,,,,,,,,,,,
1616,362,275.03645233969803,275.0363389070254,,32224431.97447114,92.5252997456853,775556.3850214912,177.64831122200906,-1,,,,,,,,unassigned,,,,,,,,,,,,
1617,365,275.10567488031023,275.1055614231287,,2753248.883817914,117.38430058851267,744508.97525552,15.045496872629375,-1,,,,,,,,unassigned,,,,,,,,,,,,
1618,368,276.0360340611636,276.0359202746295,,5014016.096988448,65.60280978101284,776111.1800465612,28.341258183034444,-1,,,,,,,,unassigned,,,,,,,,,,,,
1619,369,276.03975435630997,276.03964056845905,,1546032.1481019782,41.499895283176414,746127.6424060147,8.6790227330075,-1,,,,,,,,unassigned,,,,,,,,,,,,
1620,370,276.85061201340596,276.8504979385832,,2640763.6735277683,92.3648553843218,737088.9100379503,14.477111435218932,-1,,,,,,,,unassigned,,,,,,,,,,,,
1621,372,277.01568603562697,277.0155719023913,,2061318.062060298,66.90406660180017,774504.9114676785,11.222826185731689,-1,,,,,,,,unassigned,,,,,,,,,,,,
1622,373,277.03352049368027,277.0334063541339,,9150972.737708947,69.64995876959993,838229.1346981026,51.44445449189422,-1,,,,,,,,unassigned,,,,,,,,,,,,
1623,376,277.08494085303545,277.0848266952942,,2382113.139415703,63.83151057752082,734312.7657967125,13.195457997920874,-1,,,,,,,,unassigned,,,,,,,,,,,,
1624,378,277.12130770920163,277.1211935385923,,1761354.6266799322,61.989575465896095,804584.1393846304,9.687628264098581,-1,,,,,,,,unassigned,,,,,,,,,,,,
1625,380,278.0330846782025,278.03297018501604,,1479170.2082773407,70.75465310206046,781242.4363720613,8.275023279946156,-1,,,,,,,,unassigned,,,,,,,,,,,,
1626,382,278.7580062759753,278.7578915263831,,2459175.496739478,71.9553229702685,756150.4029664224,13.518657560369949,-1,,,,,,,,unassigned,,,,,,,,,,,,
1627,383,278.7597649513646,278.7596502011504,,2155410.9630449857,78.60574426997428,691522.0984132752,11.902659748124572,-1,,,,,,,,unassigned,,,,,,,,,,,,
1628,384,278.8485913763176,278.84847659468926,,3381135.2887579873,73.5040695201795,819866.1187979027,18.500388747085008,-1,,,,,,,,unassigned,,,,,,,,,,,,
1629,385,278.9793663587859,278.9792515309096,,1557081.318520501,63.54454480958008,569480.4379479215,8.528567764281206,-1,,,,,,,,unassigned,,,,,,,,,,,,
1630,386,278.9949718940341,278.99485706063916,,4699363.848813109,61.66825186880818,776511.1880592762,25.443606933491008,-1,,,,,,,,unassigned,,,,,,,,,,,,
1631,389,279.06419691139166,279.0640820535164,,1940563.2241402206,112.74386513078666,793740.9420278097,10.629364920200198,-1,,,,,,,,unassigned,,,,,,,,,,,,
1632,391,279.100604522298,279.10048965154806,,3898561.19138572,74.7032076115234,746567.8577339008,21.464908871617908,-1,,,,,,,,unassigned,,,,,,,,,,,,
1633,392,279.1369475768108,279.13683269320916,,1673995.4938753725,57.098249665302156,753377.4213093552,9.12481523293726,-1,,,,,,,,unassigned,,,,,,,,,,,,
1634,394,280.20499751090415,280.20488224967863,,17873970.740534045,127.92391178066971,751998.1280269334,98.89906610941709,-1,,,,,,,,unassigned,,,,,,,,,,,,
1635,395,280.7550868377294,280.7549713820601,,1495659.3128621888,53.1316556781686,617715.9031967694,8.138499326842668,-1,,,,,,,,unassigned,,,,,,,,,,,,
1636,396,280.7568476016613,280.7567321453697,,3206002.732799372,115.31482801942889,773621.3002287796,17.530790059737782,-1,,,,,,,,unassigned,,,,,,,,,,,,
1637,397,280.8465534373697,280.8464379493723,,2217475.131812026,72.0503515285938,752539.9231862832,12.167349044957867,-1,,,,,,,,unassigned,,,,,,,,,,,,
1638,400,281.07992330859264,281.07980773811653,,1852915.4043210412,85.6119261647893,640138.5624134211,10.097200123409047,-1,,,,,,,,unassigned,,,,,,,,,,,,
1639,401,281.09764043744093,281.09752486070346,,1515879.3109148399,89.57676329025449,688746.6537326644,8.34189215493562,-1,,,,,,,,unassigned,,,,,,,,,,,,
1640,403,281.11623264867063,281.1161170653625,,3431090.8241652916,137.03916678671843,752714.325617429,19.135643059484917,-1,,,,,,,,unassigned,,,,,,,,,,,,
1641,406,281.20834888593936,281.2082332700771,,2250333.2541727773,59.47940993713031,784480.6316569074,12.471045185535015,-1,,,,,,,,unassigned,,,,,,,,,,,,
1642,407,282.0338118765836,282.03369596904093,,1479494.9015037622,81.61600978940874,772961.5867320807,8.17471996746196,-1,,,,,,,,unassigned,,,,,,,,,,,,
1643,409,282.1842498114679,282.18413385077537,,2945508.570704609,46.36983441706106,835144.0194858434,15.998378341229236,-1,,,,,,,,unassigned,,,,,,,,,,,,
1644,410,282.20203782121797,282.20192185424105,,4781541.762867728,102.91152413028739,768105.6948422947,26.753122402034677,-1,,,,,,,,unassigned,,,,,,,,,,,,
1645,411,282.7539244435245,282.7538082815874,,1608288.1469874394,51.209275718748394,779987.3814160769,8.893560373598698,-1,,,,,,,,unassigned,,,,,,,,,,,,
1646,412,282.77793696298176,282.7778207925627,,11086940.543643013,87.93713096570846,726362.5053438877,62.07660561521897,-1,,,,,,,,unassigned,,,,,,,,,,,,
1647,413,282.85707834059497,282.8569621422212,,1612834.009865739,23.305266373613488,790399.3473743617,8.87266385016449,-1,,,,,,,,unassigned,,,,,,,,,,,,
1648,414,282.9171380030958,282.9170217835079,,4060925.3557952484,77.80091145054965,740681.5744965132,22.69641065267387,-1,,,,,,,,unassigned,,,,,,,,,,,,
1649,418,283.0955378947568,283.0954216121573,,3008059.0168972807,75.10207153190915,825576.5403831488,16.633632653629142,-1,,,,,,,,unassigned,,,,,,,,,,,,
1650,419,283.1133047171557,283.1131884282811,,2247162.9950313186,125.79664153088169,737732.9956495439,12.334521232431527,-1,,,,,,,,unassigned,,,,,,,,,,,,
1651,422,284.7749834007268,284.77486652510805,,17147426.526227847,67.4001515148926,740762.8963996832,95.7116497349193,-1,,,,,,,,unassigned,,,,,,,,,,,,
1652,423,284.85511384244637,284.8549969385408,,1996100.7848022822,50.786840064357605,641843.6627199359,11.005502342015932,-1,,,,,,,,unassigned,,,,,,,,,,,,
1653,424,284.9142032912137,284.91408636644945,,1632678.0450909443,58.0517314061958,863166.5743546769,8.860125936103966,-1,,,,,,,,unassigned,,,,,,,,,,,,
1654,431,286.77204376701866,286.77192618662514,,11694861.802645508,86.48245004485048,752185.0949676033,64.58418842732387,-1,,,,,,,,unassigned,,,,,,,,,,,,
1655,432,286.83032337541243,286.83020577445814,,2441214.296192175,102.53579644549815,674478.3079160616,13.387706013515583,-1,,,,,,,,unassigned,,,,,,,,,,,,
1656,433,286.9120430471809,286.91192541739684,,29655544.92280129,203.60130611694967,745335.6704926969,162.62510397437617,-1,,,,,,,,unassigned,,,,,,,,,,,,
1657,435,287.10573335475584,287.1056156566431,,1606241.5444063526,89.2304751793006,644288.5042846708,8.798829467363623,-1,,,,,,,,unassigned,,,,,,,,,,,,
1658,437,287.14207631187406,287.141958600941,,3423497.066762322,82.16590138766439,747294.523591888,18.795726278288473,-1,,,,,,,,unassigned,,,,,,,,,,,,
1659,439,287.9116228091979,287.91150482683264,,5256811.362395276,96.76868303288865,751294.0958627652,28.64216812048703,-1,,,,,,,,unassigned,,,,,,,,,,,,
1660,440,288.1372926414407,288.13717457948997,,1556741.5829510659,89.99380236879249,654523.3623810426,8.573147014274182,-1,,,,,,,,unassigned,,,,,,,,,,,,
1661,441,288.1503683810587,288.15025031449676,,5065471.114803915,90.80101172686446,725779.1707461912,27.96790696434327,-1,,,,,,,,unassigned,,,,,,,,,,,,
1662,442,288.769089249041,288.7689709643078,,3479666.680461735,107.19565019568269,783750.8210528072,18.962898465762134,-1,,,,,,,,unassigned,,,,,,,,,,,,
1663,443,288.9091159821008,288.9089976479976,,9049093.055130344,87.86048862642451,810982.0238859124,51.32186155441353,-1,,,,,,,,unassigned,,,,,,,,,,,,
1664,444,288.93542705660406,288.9353087132245,,1638881.094868928,159.7102932606789,753952.8747915835,9.052373951698673,-1,,,,,,,,unassigned,,,,,,,,,,,,
1665,448,289.1213183802727,289.12119997135613,,17348815.126489695,59.11732812748765,717793.3058786354,96.93757910972614,-1,,,,,,,,unassigned,,,,,,,,,,,,
1666,451,289.7310089187466,289.7308902949066,,4775150.337702892,61.70320455098837,677029.1430173968,26.06214402714355,-1,,,,,,,,unassigned,,,,,,,,,,,,
1667,452,289.90869753439387,289.90857884792393,,1657887.455318074,95.60139542601422,791769.9809177337,9.105311811065333,-1,,,,,,,,unassigned,,,,,,,,,,,,
1668,454,290.14744263851327,290.14732386789825,,3229145.1832974977,69.70858086423802,736409.3482641821,17.881851653432467,-1,,,,,,,,unassigned,,,,,,,,,,,,
1669,458,291.1006006494876,291.1004815429956,,2575967.225395629,55.63342303476072,784629.5619401681,14.117691232150563,-1,,,,,,,,unassigned,,,,,,,,,,,,
1670,459,291.11836317263334,291.11824405988307,,5293751.521009904,57.258652740465465,754829.715864446,28.97094008918523,-1,,,,,,,,unassigned,,,,,,,,,,,,
1671,460,291.1370004239996,291.1368813046829,,1792963.7375728947,169.21661431255444,638893.1628170736,10.038689857793266,-1,,,,,,,,unassigned,,,,,,,,,,,,
1672,461,291.2097525888792,291.20963344393016,,38538776.767474554,99.93056730762453,726667.793473471,213.7129244663266,-1,,,,,,,,unassigned,,,,,,,,,,,,
1673,463,292.1322319209287,292.13211245101746,,5596560.322144403,76.3630830741133,741296.5749532734,30.475489776448168,-1,,,,,,,,unassigned,,,,,,,,,,,,
1674,465,292.84555576044005,292.8454360393088,,15968448.776345732,133.21101961973483,728816.4782992856,88.93560373598697,-1,,,,,,,,unassigned,,,,,,,,,,,,
1675,466,292.89158422305394,292.89146448571415,,2683052.729559706,27.774820121570794,766113.5604591316,14.886683294529398,-1,,,,,,,,unassigned,,,,,,,,,,,,
1676,468,293.01059183662153,293.01047205737535,,2656711.624570841,81.24116350464622,677311.9032279036,14.496614857090858,-1,,,,,,,,unassigned,,,,,,,,,,,,
1677,471,293.0798555134705,293.079735709835,,3327797.4130481584,64.86624573497716,792927.6836108129,18.216196028379787,-1,,,,,,,,unassigned,,,,,,,,,,,,
1678,473,293.11624299559105,293.11612317914296,,3662560.214918094,51.08257757566749,698164.2830573606,20.07737971558653,-1,,,,,,,,unassigned,,,,,,,,,,,,
1679,476,293.2068068851539,293.20668703681736,,11947858.473183438,120.008260709098,714690.8156863173,67.09177123942877,-1,,,,,,,,unassigned,,,,,,,,,,,,
1680,477,293.72488397245155,293.724763941712,,4568116.276865049,52.686003353111936,743122.187945851,25.321013996010326,-1,,,,,,,,unassigned,,,,,,,,,,,,
1681,478,294.129283170473,294.1291629973739,,1779198.5606124424,61.0389026060802,790767.0134658262,9.88266248281785,-1,,,,,,,,unassigned,,,,,,,,,,,,
1682,480,294.184278744824,294.1841585523663,,3537379.757139326,96.60846606181079,776522.495656409,19.325104871955062,-1,,,,,,,,unassigned,,,,,,,,,,,,
1683,481,294.2101254531091,294.2100052515534,,2684920.555748556,175.34366249871766,677982.417970116,14.635925013318909,-1,,,,,,,,unassigned,,,,,,,,,,,,
1684,482,294.84352271255597,294.84340228806815,,34238213.75082424,212.16601248171827,734061.0120972187,187.45574622046377,-1,,,,,,,,unassigned,,,,,,,,,,,,
1685,483,294.86119456361604,294.861074132909,,4628514.922604812,66.00731078800648,713245.9780693229,25.360020839754178,-1,,,,,,,,unassigned,,,,,,,,,,,,
1686,484,294.87991125281576,294.8797908155218,,2087294.9806843272,130.28058828428846,704711.8939959367,11.440150029447446,-1,,,,,,,,unassigned,,,,,,,,,,,,
1687,485,294.93795328855197,294.9378328308318,,2147637.258425953,51.60460011705904,681320.1398222847,11.699266920031619,-1,,,,,,,,unassigned,,,,,,,,,,,,
1688,489,295.0954947251846,295.09537421202407,,4272145.232307143,125.97153179759331,708457.3312820375,23.755167840007047,-1,,,,,,,,unassigned,,,,,,,,,,,,
1689,491,295.1318914349903,295.1317709090218,,2934239.7776242113,76.28082364521725,692526.7616584776,16.12097127870992,-1,,,,,,,,unassigned,,,,,,,,,,,,
1690,492,295.8387530883608,295.83863231367644,,2190355.8728883634,135.04421302633324,785269.5873667565,11.975101029363158,-1,,,,,,,,unassigned,,,,,,,,,,,,
1691,493,295.8468731976229,295.8467524200817,,2794868.420730361,63.34223528020528,695784.9320156676,15.293468950715303,-1,,,,,,,,unassigned,,,,,,,,,,,,
1692,494,296.19991874031837,296.1997978385753,,15167384.063984867,115.49813983298984,733357.6851544963,82.42703323701248,-1,,,,,,,,unassigned,,,,,,,,,,,,
1693,495,296.84147313654245,296.8413520091341,,17431279.127534486,49.602816105726134,732910.5333026438,94.77548548506682,-1,,,,,,,,unassigned,,,,,,,,,,,,
1694,496,296.8591843372193,296.8590632035817,,6618246.924112315,70.27977302010486,740950.1723625713,36.91161899418407,-1,,,,,,,,unassigned,,,,,,,,,,,,
1695,497,296.93594563195614,296.9358244713211,,1959705.4205356573,101.15953102778647,608869.4265628366,10.72130962331071,-1,,,,,,,,unassigned,,,,,,,,,,,,
1696,501,297.11118405701666,297.1110628347514,,3869795.8795697326,72.93814154770908,740582.340356564,21.02468877793727,-1,,,,,,,,unassigned,,,,,,,,,,,,
1697,505,297.20329996152657,297.2031787068661,,2108081.9380191993,115.60003526656521,629270.8600878075,11.573887779426375,-1,,,,,,,,unassigned,,,,,,,,,,,,
1698,506,297.84490260486103,297.84478112458766,,1576287.6682593185,43.00032101176788,618044.0066439514,8.53692637365489,-1,,,,,,,,unassigned,,,,,,,,,,,,
1699,507,298.1969692902077,298.1968476861526,,4582363.166129986,88.46145633042867,707282.7035536463,25.22071068352613,-1,,,,,,,,unassigned,,,,,,,,,,,,
1700,508,298.8116641504603,298.81154233031907,,3287433.419202127,194.80172613278677,712705.9095986343,17.97658255966754,-1,,,,,,,,unassigned,,,,,,,,,,,,
1701,509,298.85708766119217,298.8569658250847,,3714888.7172891325,60.131704369525536,616173.5905569185,20.673627184242584,-1,,,,,,,,unassigned,,,,,,,,,,,,
1702,516,300.1867950179011,300.18667271450227,,2055695.04783545,68.08813427750886,769039.0160573516,11.270191638849226,-1,,,,,,,,unassigned,,,,,,,,,,,,
1703,517,300.8096446799695,300.80952215775176,,6120102.43212521,105.594962692961,731421.7500814828,33.32856177599863,-1,,,,,,,,unassigned,,,,,,,,,,,,
1704,518,300.8273067591971,300.82718423077495,,2064468.418214754,71.4308999074651,725917.1553951047,11.264619232600104,-1,,,,,,,,unassigned,,,,,,,,,,,,
1705,519,300.9277016746065,300.92757911091786,,21674577.102383543,142.31528949887428,728661.8778942447,118.98201823125274,-1,,,,,,,,unassigned,,,,,,,,,,,,
1706,526,301.7677741919726,301.76765133322743,,1566708.9288187735,72.66067785460078,707390.8085797435,8.665091717384696,-1,,,,,,,,unassigned,,,,,,,,,,,,
1707,527,301.9272656464736,301.9271427317192,,3881030.497003555,140.13806244859757,715621.1947187702,21.3868951841302,-1,,,,,,,,unassigned,,,,,,,,,,,,
1708,528,302.18380161075225,302.183678605915,,1832948.5661727353,165.82857220471195,658853.405039985,9.987145099988888,-1,,,,,,,,unassigned,,,,,,,,,,,,
1709,529,302.8066708354183,302.8065476118893,,2193816.348270658,57.10449097429315,694224.3795408552,12.373528076175381,-1,,,,,,,,unassigned,,,,,,,,,,,,
1710,530,302.8075946081696,302.80747138431633,,2813441.640070358,91.92450524147064,670892.5607198132,15.697468403776648,-1,,,,,,,,unassigned,,,,,,,,,,,,
1711,531,302.8252913211621,302.8251680910961,,3159415.9346986017,122.05234718790297,732925.6798662685,17.55029348160971,-1,,,,,,,,unassigned,,,,,,,,,,,,
1712,532,302.9247989078381,302.9246756428386,,6879154.849413095,60.42668139570006,821435.0014827057,37.45771480659802,-1,,,,,,,,unassigned,,,,,,,,,,,,
1713,536,303.1005581257949,303.1004347990956,,1647188.5853378405,122.81817428859432,636850.7924288628,8.979932670460087,-1,,,,,,,,unassigned,,,,,,,,,,,,
1714,538,303.1369880704906,303.13686473100296,,8741648.565323763,134.15676140533935,703421.1551584514,48.4242103048701,-1,,,,,,,,unassigned,,,,,,,,,,,,
1715,541,304.1452859271488,304.1451622337686,,2970901.0251048785,84.98623980914613,791451.6823681623,16.140474700581844,-1,,,,,,,,unassigned,,,,,,,,,,,,
1716,542,304.7652114031219,304.7650874922145,,2489080.656925026,138.2102769707463,709994.0197241044,13.596671247857657,-1,,,,,,,,unassigned,,,,,,,,,,,,
1717,543,304.8012850256615,304.80116110209747,,2302637.5619263565,172.1447205465392,616594.6726976805,12.755237904240236,-1,,,,,,,,unassigned,,,,,,,,,,,,
1718,544,304.8231735064057,304.823049575162,,1664173.9126430373,82.85367907027796,711044.1912120244,9.101132506378491,-1,,,,,,,,unassigned,,,,,,,,,,,,
1719,545,304.88195869175735,304.88183473988886,,3504848.1854905044,153.7259604805301,703215.689351089,19.247091184467354,-1,,,,,,,,unassigned,,,,,,,,,,,,
1720,549,305.11625157792025,305.11612754385385,,3496954.464167856,75.29175718734925,693282.3505348526,19.54242871567082,-1,,,,,,,,unassigned,,,,,,,,,,,,
1721,550,305.13405424908257,305.13393020877066,,2198220.283970104,68.25061437308133,752772.2505341467,11.98067343561228,-1,,,,,,,,unassigned,,,,,,,,,,,,
1722,551,305.1526536638384,305.1525296170015,,1807533.3380452082,72.03940280973274,664189.2224876584,9.843655639073997,-1,,,,,,,,unassigned,,,,,,,,,,,,
1723,552,305.1890714436456,305.18894738403276,,2406844.292214273,101.03411447798501,702055.066461022,13.123016716682288,-1,,,,,,,,unassigned,,,,,,,,,,,,
1724,553,305.758023045567,305.75789878637573,,3300602.611243393,128.9796239267002,540060.7738267968,18.049023840906127,-1,,,,,,,,unassigned,,,,,,,,,,,,
1725,555,306.14232301529586,306.1421986213185,,2019583.0639929993,120.53069309958094,537738.2236302631,11.186605545112396,-1,,,,,,,,unassigned,,,,,,,,,,,,
1726,556,306.76223716366087,306.76211255229384,,2734974.0109900767,166.58870691443673,553672.6545278057,15.095648528871473,-1,,,,,,,,unassigned,,,,,,,,,,,,
1727,557,306.7983060535642,306.7981814295499,,5093950.140460669,123.82310553087841,715707.3866068233,27.666997026890684,-1,,,,,,,,unassigned,,,,,,,,,,,,
1728,558,306.87990559094504,306.879780938319,,5141871.916778579,72.40733729479645,701963.6960267927,28.959795276686986,-1,,,,,,,,unassigned,,,,,,,,,,,,
1729,559,306.9071966465169,306.9070719843218,,1577271.541890714,122.68026638204198,699832.0683276568,8.596829740832952,-1,,,,,,,,unassigned,,,,,,,,,,,,
1730,563,307.0955383621213,307.09541363389025,,3969107.940464626,98.94800580038161,690779.3586223343,21.737956777824884,-1,,,,,,,,unassigned,,,,,,,,,,,,
1731,565,307.1318941213365,307.13176938035883,,2419406.5039588977,70.92979495352795,727326.0943907123,13.618960872854146,-1,,,,,,,,unassigned,,,,,,,,,,,,
1732,566,308.01308512173676,308.0129600718519,,1487629.0238764489,65.2581569639519,671969.7930464719,8.208154404956693,-1,,,,,,,,unassigned,,,,,,,,,,,,
1733,568,308.2363081946916,308.2361830665678,,30731713.32338794,188.28793604135177,704380.9076701376,166.94929122369484,-1,,,,,,,,unassigned,,,,,,,,,,,,
1734,569,308.7953383611527,308.795213037114,,2955249.815776326,146.01445499379196,663775.9379855696,16.54726035676775,-1,,,,,,,,unassigned,,,,,,,,,,,,
1735,570,308.8591559554784,308.8590306090767,,1871636.7080153294,155.1683982521305,759379.0264885682,10.219793060889732,-1,,,,,,,,unassigned,,,,,,,,,,,,
1736,571,308.8778377845825,308.8777124316344,,2743708.6816293485,69.94461546940067,691513.161298779,15.36869643507845,-1,,,,,,,,unassigned,,,,,,,,,,,,
1737,575,309.111165805915,309.111040371208,,3779019.97974571,174.70854928096296,705220.7946093169,20.790647715474147,-1,,,,,,,,unassigned,,,,,,,,,,,,
1738,576,309.14755280136353,309.14742735390695,,1833050.1973236639,62.6361232702553,508619.65615820716,10.086055310910803,-1,,,,,,,,unassigned,,,,,,,,,,,,
1739,578,309.2396596538897,309.23953417416055,,6020993.545914567,155.516407781671,673478.0657911499,33.740919838433655,-1,,,,,,,,unassigned,,,,,,,,,,,,
1740,579,309.7518634443758,309.75173778519644,,2077335.2557407126,175.72196395893013,667074.8290831938,11.429005216949204,-1,,,,,,,,unassigned,,,,,,,,,,,,
1741,580,310.233367602565,310.2332417747169,,11281761.534511205,87.05375331095472,697194.9781524217,62.50010849015225,-1,,,,,,,,unassigned,,,,,,,,,,,,
1742,581,310.83847261131126,310.83834657153295,,2809915.620577363,135.80419375326622,600252.8283910854,15.296255153839864,-1,,,,,,,,unassigned,,,,,,,,,,,,
1743,582,310.90213565086526,310.90200958879205,,6253361.4113749545,84.66362680387603,720202.5500890478,34.17556752586517,-1,,,,,,,,unassigned,,,,,,,,,,,,
1744,585,311.10828041776045,311.10815428349815,,1592312.8628282996,57.389498753006784,585313.2093095952,8.67762963144522,-1,,,,,,,,unassigned,,,,,,,,,,,,
1745,587,311.12680909695666,311.1266829562061,,1901167.742106953,70.68120247921959,687334.8955205401,10.412041076484439,-1,,,,,,,,unassigned,,,,,,,,,,,,
1746,591,311.2366860876165,311.2365599083906,,2207248.730663321,113.61134537198537,736531.817694487,11.969528623114035,-1,,,,,,,,unassigned,,,,,,,,,,,,
1747,592,311.28572635049545,311.28560015409766,,1575703.154232669,124.6515229728663,609420.9289912861,8.789077756427659,-1,,,,,,,,unassigned,,,,,,,,,,,,
1748,594,312.83641275683885,312.8362860175881,,1610124.7451762408,104.507045720712,664243.6185773324,8.940925826716233,-1,,,,,,,,unassigned,,,,,,,,,,,,
1749,600,313.2020914251884,313.20196455796133,,1483958.0405027897,120.65625367456398,652516.6642260689,8.134320022155826,-1,,,,,,,,unassigned,,,,,,,,,,,,
1750,601,314.7258188991176,314.7256914987877,,3496261.978429396,100.19040135544165,694933.6458616133,19.077132793869136,-1,,,,,,,,unassigned,,,,,,,,,,,,
1751,602,314.94335930622213,314.9432318298023,,8987485.094906392,171.15220086029086,684571.3149278454,49.77273261715762,-1,,,,,,,,unassigned,,,,,,,,,,,,
1752,609,316.72283880559803,316.7227107069545,,2465705.4210536657,63.283367604150946,719993.6485881057,13.457361091629608,-1,,,,,,,,unassigned,,,,,,,,,,,,
1753,610,316.9404173931049,316.9402892184049,,2603809.8454902144,111.9237407850859,739164.8410140914,14.569056138329444,-1,,,,,,,,unassigned,,,,,,,,,,,,
1754,614,317.11624263651754,317.11611440036006,,1616377.8419084805,87.37258026735948,547481.870235898,8.837836311107477,-1,,,,,,,,unassigned,,,,,,,,,,,,
1755,618,317.22542336971424,317.2252950953957,,3024388.402468668,197.3059994522021,677175.5257944753,16.499894903650215,-1,,,,,,,,unassigned,,,,,,,,,,,,
1756,619,318.745694508324,318.74556570277093,,13040465.711434009,131.19644838168693,675450.3270110097,72.02892317615085,-1,,,,,,,,unassigned,,,,,,,,,,,,
1757,620,318.8169601038649,318.81683127341535,,1592241.7850661317,95.37917822796153,625788.6534495488,8.652553803324171,-1,,,,,,,,unassigned,,,,,,,,,,,,
1758,625,319.13192112640286,319.1317921859287,,2664921.6129797553,48.03418889178866,713781.8575474395,14.649856028941713,-1,,,,,,,,unassigned,,,,,,,,,,,,
1759,627,319.16829820240565,319.16816924922466,,2968483.202003476,134.27784227268074,656131.9462058931,16.31879170055375,-1,,,,,,,,unassigned,,,,,,,,,,,,
1760,628,319.24106100788094,319.2409320292837,,29158556.237880033,198.09011180347923,681565.4741237247,159.4376875998784,-1,,,,,,,,unassigned,,,,,,,,,,,,
1761,629,320.0127633057508,320.01263405763103,,1492867.1296582243,76.57968502942819,596633.9661693636,8.216513014330376,-1,,,,,,,,unassigned,,,,,,,,,,,,
1762,633,320.7427510389572,320.742621535943,,30247559.35868273,158.74585141353762,664620.15633026,167.23905634864917,-1,,,,,,,,unassigned,,,,,,,,,,,,
1763,634,320.81398233823217,320.8138528103488,,1909566.9828388044,89.40128751057176,617343.6926805225,10.618220107701953,-1,,,,,,,,unassigned,,,,,,,,,,,,
1764,635,320.84042794368514,320.8402984065689,,1607620.7598388623,179.47691991861745,563368.8058856912,8.830870803296074,-1,,,,,,,,unassigned,,,,,,,,,,,,
1765,636,320.9156223532858,320.9154927899175,,1669799.032143839,32.37872321584965,743141.6448235665,9.119242826688138,-1,,,,,,,,unassigned,,,,,,,,,,,,
1766,639,321.07479537085527,321.0746657519181,,1595361.8284404897,107.39307243637583,628531.1975782879,8.68041583456978,-1,,,,,,,,unassigned,,,,,,,,,,,,
1767,641,321.10294969817187,321.102820069406,,4836701.060227611,86.84127243102948,649916.3288380967,26.47450208957858,-1,,,,,,,,unassigned,,,,,,,,,,,,
1768,642,321.1111737862667,321.11104415462984,,3206743.006553829,136.2663192843194,666490.0584190837,17.508500434741293,-1,,,,,,,,unassigned,,,,,,,,,,,,
1769,643,321.1475672444953,321.1474376001537,,2660256.3738876404,156.77253771356726,565059.7971741963,14.798917896105726,-1,,,,,,,,unassigned,,,,,,,,,,,,
1770,644,321.2381114948642,321.2379818189146,,9230886.775058718,205.18063872640624,652708.4439732848,50.0959321796067,-1,,,,,,,,unassigned,,,,,,,,,,,,
1771,645,321.6737217357155,321.6735919077118,,5473158.804857343,76.02611322149801,609951.768036829,30.603655120177972,-1,,,,,,,,unassigned,,,,,,,,,,,,
1772,646,322.10641323381975,322.106283254801,,3481773.4943811763,108.24206494305513,655953.0554333205,19.458842621933993,-1,,,,,,,,unassigned,,,,,,,,,,,,
1773,648,322.21559283761366,322.2154628204929,,4018238.0772034996,103.69433172718882,647203.9857005957,21.94134960591784,-1,,,,,,,,unassigned,,,,,,,,,,,,
1774,649,322.2414716893692,322.2413416632173,,2594080.8936310057,128.063603873636,582924.2842079678,14.1650566852681,-1,,,,,,,,unassigned,,,,,,,,,,,,
1775,650,322.2519712358407,322.2518412060248,,13598878.300222486,97.59035655076313,671972.842424893,74.10185830082423,-1,,,,,,,,unassigned,,,,,,,,,,,,
1776,651,322.7398002568853,322.73967005684244,,25384612.52772964,125.18589610605802,682297.575222377,138.5300193531727,-1,,,,,,,,unassigned,,,,,,,,,,,,
1777,652,322.8384380766894,322.8383078422302,,3639758.6321444567,103.38937787893877,627468.0925217366,20.069021106212848,-1,,,,,,,,unassigned,,,,,,,,,,,,
1778,657,323.12680096275693,323.1266706276892,,4770353.0419076765,168.37844857512934,622672.6074845209,26.725260370789066,-1,,,,,,,,unassigned,,,,,,,,,,,,
1779,659,323.1632431019016,323.16311275412005,,1584924.7395009054,133.1884661832671,638837.5742863937,8.6790227330075,-1,,,,,,,,unassigned,,,,,,,,,,,,
1780,660,323.25532670914737,323.25519632924045,,2526030.832511693,117.63236247429438,763350.0678218298,13.758271029082195,-1,,,,,,,,unassigned,,,,,,,,,,,,
1781,662,324.2126157412117,324.21248502738854,,1842315.0692141599,95.99015538491678,682622.8656525214,10.180786217145878,-1,,,,,,,,unassigned,,,,,,,,,,,,
1782,663,324.23123216455946,324.23110144424356,,15157638.875119995,174.4713452830387,670720.5625033701,82.46046767450721,-1,,,,,,,,unassigned,,,,,,,,,,,,
1783,664,324.2490293914451,324.24889866492225,,4468905.9472102085,142.22941038731602,655386.4173532296,24.724766527354273,-1,,,,,,,,unassigned,,,,,,,,,,,,
1784,665,324.51768952572934,324.5175587055127,,1489126.4576066108,69.30369892959912,495376.05981118657,8.128051065125563,-1,,,,,,,,unassigned,,,,,,,,,,,,
1785,666,324.73683848418625,324.7367075875484,,10989188.81375811,118.33399693972224,640744.3692737798,61.7534060527699,-1,,,,,,,,unassigned,,,,,,,,,,,,
1786,667,324.7626467055137,324.7625157998764,,29447024.549267024,96.07020257396191,681642.8006738153,160.68590659968172,-1,,,,,,,,unassigned,,,,,,,,,,,,
1787,668,324.8519933193698,324.85186238257745,,3086735.204435125,185.2883845842713,621215.4812482344,16.839811684846655,-1,,,,,,,,unassigned,,,,,,,,,,,,
1788,669,324.85412611133097,324.85399517379494,,1493149.421733916,60.24385052399687,639655.2122575075,8.163575154963716,-1,,,,,,,,unassigned,,,,,,,,,,,,
1789,670,324.9177732419476,324.9176422822184,,6437698.705227871,52.22995716689445,659373.0785034954,35.07272493197381,-1,,,,,,,,unassigned,,,,,,,,,,,,
1790,674,325.10606507404106,325.10593404865887,,1755097.4527736623,65.14983756866604,681014.9764773186,9.736386818778398,-1,,,,,,,,unassigned,,,,,,,,,,,,
1791,676,325.1425114138173,325.1423803757276,,2505436.246424819,114.59629484335657,646339.5526255904,13.855788138441829,-1,,,,,,,,unassigned,,,,,,,,,,,,
1792,679,325.2346398366812,325.23450876647024,,2140991.6347283544,119.72743970491612,649594.5538199095,11.649115263789522,-1,,,,,,,,unassigned,,,,,,,,,,,,
1793,680,325.66753530797456,325.6674040868435,,3634386.291863533,79.02211007316387,639347.3040918394,20.030014262468995,-1,,,,,,,,unassigned,,,,,,,,,,,,
1794,681,325.67429685411497,325.6741656306267,,1645456.8894038114,39.34355619878717,492933.17987931916,8.938139623591672,-1,,,,,,,,unassigned,,,,,,,,,,,,
1795,682,326.09631669794413,326.09618532734714,,2280815.709175829,82.44903679800032,582592.1823644512,12.518410638652552,-1,,,,,,,,unassigned,,,,,,,,,,,,
1796,684,326.2282751224419,326.2281437058504,,5593004.688528742,59.98233908405731,632614.3909408714,30.96028912012178,-1,,,,,,,,unassigned,,,,,,,,,,,,
1797,685,326.7339402440711,326.733808651246,,2392585.583052431,38.18869929712566,630583.0893278584,13.38213360726646,-1,,,,,,,,unassigned,,,,,,,,,,,,
1798,686,326.75969115037736,326.75955954857835,,57765946.9577605,145.38873491943244,674380.4764708995,315.0861389503538,-1,,,,,,,,unassigned,,,,,,,,,,,,
1799,687,326.8065823591465,326.80645074100653,,4257741.507899964,136.30811481766025,686136.6437422003,23.259223683835188,-1,,,,,,,,unassigned,,,,,,,,,,,,
1800,688,326.8490271597527,326.84889552682154,,2660068.614375708,101.42487230511773,675648.2020425772,14.77802137267152,-1,,,,,,,,unassigned,,,,,,,,,,,,
1801,697,328.7567527372348,328.756620439698,,52603982.05084038,107.50195593621244,666847.9820013738,287.26868695473684,-1,,,,,,,,unassigned,,,,,,,,,,,,
1802,698,328.80455063623185,328.8044183220484,,7505465.79724795,47.92611435419455,676444.0909511347,41.837626118407904,-1,,,,,,,,unassigned,,,,,,,,,,,,
1803,699,328.9590482292103,328.95891586122156,,1799237.8768968824,93.28224600470641,629566.3367144528,9.924455529686265,-1,,,,,,,,unassigned,,,,,,,,,,,,
1804,705,329.1526496756756,329.15251724026695,,62427369.38673239,129.94860095051783,664250.5870727934,340.54089069634307,-1,,,,,,,,unassigned,,,,,,,,,,,,
1805,708,329.6613675882495,329.6612349757037,,2310968.7552194223,217.4845808203292,562059.8723005529,12.56995539645693,-1,,,,,,,,unassigned,,,,,,,,,,,,
1806,710,330.16409476564326,330.16396197807376,,1504070.2412862706,51.516131882713836,602547.7538404841,8.265271569010192,-1,,,,,,,,unassigned,,,,,,,,,,,,
1807,711,330.7537911626807,330.753658169844,,22261431.986271698,121.42798736673484,675480.155552282,121.36700810587696,-1,,,,,,,,unassigned,,,,,,,,,,,,
1808,712,330.801613567141,330.80148055765943,,2452588.087304948,195.45269129922193,647317.756986301,13.40999563851207,-1,,,,,,,,unassigned,,,,,,,,,,,,
1809,713,330.8025304129317,330.802397403131,,3068839.616732997,172.92432823788843,673166.212900287,16.8509564973449,-1,,,,,,,,unassigned,,,,,,,,,,,,
1810,714,330.8202440852094,330.82011106924347,,3439910.190936729,115.69391970095694,644190.6294685525,18.95732605951301,-1,,,,,,,,unassigned,,,,,,,,,,,,
1811,715,330.8565523929686,330.85641936436554,,1663114.5066899054,176.44697760764382,557382.2573826783,9.073270475132881,-1,,,,,,,,unassigned,,,,,,,,,,,,
1812,720,331.0955262449886,331.0953931332146,,2337969.8697368433,112.58720390602042,665539.8470390915,12.785886138610408,-1,,,,,,,,unassigned,,,,,,,,,,,,
1813,723,331.1496896670884,331.1495565364645,,17462819.718763627,126.57011693021285,643819.9718949726,97.16047535969103,-1,,,,,,,,unassigned,,,,,,,,,,,,
1814,727,332.15308128967087,332.1529478099057,,3429280.871604787,169.928734902138,607057.003755519,18.77622285641655,-1,,,,,,,,unassigned,,,,,,,,,,,,
1815,728,332.75083707563965,332.7507033879303,,5076398.211595659,140.47334946793188,633673.6954781772,28.346830589283567,-1,,,,,,,,unassigned,,,,,,,,,,,,
1816,729,332.77268987604145,332.7725561807308,,4435527.788254255,104.80516010010302,669862.8635197723,24.780490589845492,-1,,,,,,,,unassigned,,,,,,,,,,,,
1817,730,332.8181929251446,332.81805921400627,,2368008.188561312,128.44012607935014,590624.0407341945,12.890368755781445,-1,,,,,,,,unassigned,,,,,,,,,,,,
1818,731,332.8358685826659,332.8357348653794,,1817786.1689845447,61.014492366578395,690144.2850292657,9.93838654530907,-1,,,,,,,,unassigned,,,,,,,,,,,,
1819,734,333.0748149024092,333.07468110201216,,1571505.7035396153,239.07301255015085,571069.4681657812,8.743105404872404,-1,,,,,,,,unassigned,,,,,,,,,,,,
1820,736,333.1112019441685,333.11106813111587,,4791664.345361624,81.65366691425339,679217.3212578456,26.4800744958277,-1,,,,,,,,unassigned,,,,,,,,,,,,
1821,737,333.1475519626521,333.14741813695684,,1969318.9934158202,73.44890947199595,731362.1539598912,10.902412826407176,-1,,,,,,,,unassigned,,,,,,,,,,,,
1822,740,333.220271526243,333.2201376752562,,1574009.6272546763,110.49553097540675,638303.0355014326,8.81554668611099,-1,,,,,,,,unassigned,,,,,,,,,,,,
1823,742,334.1145786711787,334.1144445092021,,1766323.8474346614,88.34650631005965,597009.0427127191,9.698773076596824,-1,,,,,,,,unassigned,,,,,,,,,,,,
1824,743,334.7698080322052,334.76967364243137,,2232319.417172288,99.56593780804263,590325.1524587948,12.164562841833305,-1,,,,,,,,unassigned,,,,,,,,,,,,
1825,744,334.7706700499762,334.77053565990275,,8333145.455329921,11.561852319225356,687351.3982407345,45.25908355536881,-1,,,,,,,,unassigned,,,,,,,,,,,,
1826,745,334.87486396229593,334.87472953600263,,1686125.41317025,205.24569957662763,604373.6176312346,9.207008225111808,-1,,,,,,,,unassigned,,,,,,,,,,,,
1827,746,335.0032398719423,335.00310540102464,,2360377.0183917168,109.95384030072799,624784.6591392509,12.84996881047531,-1,,,,,,,,unassigned,,,,,,,,,,,,
1828,751,335.12683511174197,335.1267005978634,,4734423.277353353,47.344171798130525,617139.0441491652,25.77795130843833,-1,,,,,,,,unassigned,,,,,,,,,,,,
1829,752,335.16321506544097,335.1630805389173,,4483227.289679967,66.11430872304845,672596.9896740646,24.401566964905196,-1,,,,,,,,unassigned,,,,,,,,,,,,
1830,755,336.15846187824656,336.1583270058459,,25755790.1800635,110.68466753848651,658173.9057526746,140.06800347793035,-1,,,,,,,,unassigned,,,,,,,,,,,,
1831,756,336.26761794840326,336.26748303807415,,2274347.032666177,91.8590839143465,718685.8764924299,12.468258982410454,-1,,,,,,,,unassigned,,,,,,,,,,,,
1832,757,336.7167054995941,336.7165704332343,,2145863.2947089453,195.19082751948312,643675.3907802324,11.95002520124211,-1,,,,,,,,unassigned,,,,,,,,,,,,
1833,758,336.7184629249223,336.7183278579519,,3537427.152737666,59.66653262895709,641628.4332712534,19.748607746888336,-1,,,,,,,,unassigned,,,,,,,,,,,,
1834,759,336.767733409644,336.76759832555643,,5488651.617376805,95.76871874430516,611437.8285795517,30.4587725577008,-1,,,,,,,,unassigned,,,,,,,,,,,,
1835,760,336.76859441299297,336.7684593286063,,3996535.992971076,103.80442459542039,644575.4959257231,21.935777199668717,-1,,,,,,,,unassigned,,,,,,,,,,,,
1836,761,336.78633214454254,336.78619705399365,,2018202.7057700558,68.03206362589178,624987.0214297903,11.119736670122933,-1,,,,,,,,unassigned,,,,,,,,,,,,
1837,767,337.1060724916168,337.10593728999316,,3307936.9749174914,150.1555064540956,654775.4709675965,18.03230662215876,-1,,,,,,,,unassigned,,,,,,,,,,,,
1838,768,337.123873157513,337.1237379497059,,1652859.3690118613,110.54466038539731,625801.1802065229,9.06769806888376,-1,,,,,,,,unassigned,,,,,,,,,,,,
1839,770,337.1602649341571,337.1601297137086,,2115770.169416956,73.12370197499345,672197.0349677893,11.50841200599919,-1,,,,,,,,unassigned,,,,,,,,,,,,
1840,772,337.17891775844595,337.1787825315181,,2206289.57391767,135.50597198092248,566314.6303529151,12.019680279356134,-1,,,,,,,,unassigned,,,,,,,,,,,,
1841,773,338.02358798177886,338.0234524614803,,1474608.0296170465,176.99032917551858,483079.2985492056,8.078595959664606,-1,,,,,,,,unassigned,,,,,,,,,,,,
1842,774,338.15552615128854,338.1553905851722,,9054669.941920912,86.03939927837328,655823.4938644673,49.40495380471557,-1,,,,,,,,unassigned,,,,,,,,,,,,
1843,775,338.2469203253089,338.24678472745546,,1727374.6984387066,206.2737787025016,585688.5125773617,9.48841474069247,-1,,,,,,,,unassigned,,,,,,,,,,,,
1844,776,338.71381738760067,338.71368162762883,,2611276.9670428215,93.21404862575667,550000.0814783041,14.309939247745271,-1,,,,,,,,unassigned,,,,,,,,,,,,
1845,777,338.7154959938504,338.71536023329577,,6520048.25940451,165.10907369927963,650312.2732187157,35.585386306893035,-1,,,,,,,,unassigned,,,,,,,,,,,,
1846,778,338.76570367034435,338.76556789235775,,2795334.0389493117,110.4205915004173,616540.5379707965,15.669606372531037,-1,,,,,,,,unassigned,,,,,,,,,,,,
1847,779,338.7833955065275,338.7832597223984,,1488048.5552866021,53.02021488412049,617968.4824012611,8.319602529939132,-1,,,,,,,,unassigned,,,,,,,,,,,,
1848,780,338.86760448819956,338.86746867483413,,1916157.706685961,96.58847848393287,742559.0898509731,10.431544498356367,-1,,,,,,,,unassigned,,,,,,,,,,,,
1849,781,338.8874480981488,338.88731227789407,,3627903.319372829,209.22032353211176,689601.0735560805,19.832193840625166,-1,,,,,,,,unassigned,,,,,,,,,,,,
1850,782,338.9334618712298,338.933326035,,4027702.5906971577,58.67410406924172,641135.33822465,21.966425434038886,-1,,,,,,,,unassigned,,,,,,,,,,,,
1851,785,339.08530631773084,339.08517042878555,,1568359.8360153707,94.79154867621779,467078.05211791006,8.644195193950488,-1,,,,,,,,unassigned,,,,,,,,,,,,
1852,787,339.1217428716653,339.12160697007073,,3501284.8848255253,155.9930280711069,629078.0421527701,19.525711496923456,-1,,,,,,,,unassigned,,,,,,,,,,,,
1853,788,339.12580649190727,339.12567058890204,,1615988.00540454,66.84667128553096,592488.0237355861,8.855946631417124,-1,,,,,,,,unassigned,,,,,,,,,,,,
1854,790,339.15812734421144,339.1579914299858,,2699626.0540730683,46.88448821340595,656817.3045722375,14.953552169518861,-1,,,,,,,,unassigned,,,,,,,,,,,,
1855,791,339.1589567011654,339.1588207866519,,1717721.49620023,102.33434357813857,509219.8523662199,9.367911455555207,-1,,,,,,,,unassigned,,,,,,,,,,,,
1856,796,340.1170679958901,340.11693174881594,,1649653.8770603216,183.63498103982687,489179.6525493185,9.1220290298127,-1,,,,,,,,unassigned,,,,,,,,,,,,
1857,797,340.71096317783775,340.710826724672,,2286198.2251130673,150.52129630828838,622855.6891666119,12.473831388659576,-1,,,,,,,,unassigned,,,,,,,,,,,,
1858,798,340.712551320502,340.7124148667852,,5650533.251230324,166.230599782408,620973.2356603433,31.5231021512831,-1,,,,,,,,unassigned,,,,,,,,,,,,
1859,799,340.7365931288031,340.73645666674423,,3811234.4429126405,182.08256876652624,657244.0503629593,20.87702001233554,-1,,,,,,,,unassigned,,,,,,,,,,,,
1860,800,340.86474650585257,340.8646099993277,,1744170.1614907007,104.37042758900284,653566.0189103697,9.566428428180178,-1,,,,,,,,unassigned,,,,,,,,,,,,
1861,801,340.8853978273924,340.8852613137022,,7925487.029711221,95.56229529376755,641022.9964865515,44.5235259304847,-1,,,,,,,,unassigned,,,,,,,,,,,,
1862,802,341.02272145176545,341.02258489042964,,1629079.9976570169,84.67143033245026,525669.25174141,8.92699481109343,-1,,,,,,,,unassigned,,,,,,,,,,,,
1863,806,341.13740143863225,341.13726483750884,,4360219.040185523,192.1686041459414,655036.147874886,23.888905589985974,-1,,,,,,,,unassigned,,,,,,,,,,,,
1864,809,342.09130787044387,342.0911709384224,,1583297.2595578716,122.58056119822594,567595.120746099,8.634443483014525,-1,,,,,,,,unassigned,,,,,,,,,,,,
1865,810,342.1245852898412,342.12444834627803,,1823102.7832811798,39.421441299529675,678944.6080317751,10.283875732754634,-1,,,,,,,,unassigned,,,,,,,,,,,,
1866,811,342.70804604963575,342.7079089037279,,2496589.4397616694,120.25713153030975,638700.746466491,13.607816060355901,-1,,,,,,,,unassigned,,,,,,,,,,,,
1867,812,342.70962417307874,342.7094870266236,,2359036.380223381,160.68781647390364,625322.2668078981,12.925196294838457,-1,,,,,,,,unassigned,,,,,,,,,,,,
1868,813,342.73363430630457,342.7334971515236,,8684718.003689397,117.71462573670435,624824.9407529007,48.713975429824444,-1,,,,,,,,unassigned,,,,,,,,,,,,
1869,814,342.7611725763963,342.76103541206595,,9389981.912416743,112.41330857484616,641183.7297950156,51.03209642945919,-1,,,,,,,,unassigned,,,,,,,,,,,,
1870,815,342.88337771210564,342.88324050539984,,4413315.101493183,74.19663519175103,591427.3629222453,24.51858749613676,-1,,,,,,,,unassigned,,,,,,,,,,,,
1871,820,343.08487797843026,343.0847407018563,,3460170.8483060566,138.55418246567547,605393.1666339139,19.107781028239305,-1,,,,,,,,unassigned,,,,,,,,,,,,
1872,822,343.13195265877374,343.13181536587774,,1744660.7079437338,115.42905133024273,654111.6603200415,9.526028482874043,-1,,,,,,,,unassigned,,,,,,,,,,,,
1873,823,343.13450528839996,343.13436799461886,,2003732.0342625703,167.70638976220965,518823.20367327007,11.16710212324047,-1,,,,,,,,unassigned,,,,,,,,,,,,
1874,825,343.1683240081819,343.1681867026752,,2528614.739593601,113.2974378084029,587427.2191426263,14.087042997780392,-1,,,,,,,,unassigned,,,,,,,,,,,,
1875,828,344.10688397661767,344.1067463457411,,1604647.6752653504,96.67927207502619,480444.63291666727,8.73196059237416,-1,,,,,,,,unassigned,,,,,,,,,,,,
1876,830,344.2129596252528,344.21282195760904,,2705413.7067551543,57.82005209958433,618542.8754979528,14.934048747646935,-1,,,,,,,,unassigned,,,,,,,,,,,,
1877,831,344.7306904886487,344.73055264157017,,7464070.921973835,102.31509270645665,613103.4410882182,41.24137864975185,-1,,,,,,,,unassigned,,,,,,,,,,,,
1878,832,344.7591285687007,344.75899071176696,,25334777.811151244,113.82665007299414,634912.8661557982,137.63843435331316,-1,,,,,,,,unassigned,,,,,,,,,,,,
1879,833,344.8707091636946,344.87057126809344,,6478596.3771872725,116.98066635283263,641907.6526961307,35.958737525584205,-1,,,,,,,,unassigned,,,,,,,,,,,,
1880,839,345.1475602784771,345.1474222869411,,9793277.649622744,63.900373519834005,639210.5409315284,53.55082405406233,-1,,,,,,,,unassigned,,,,,,,,,,,,
1881,842,345.76251093982074,345.76237273522077,,2114340.3432345223,107.17168749024334,611449.4592687624,11.547418849743044,-1,,,,,,,,unassigned,,,,,,,,,,,,
1882,844,346.7277122605593,346.72757372162505,,3294307.210638558,130.78767865520803,633442.6709915239,18.043451434657005,-1,,,,,,,,unassigned,,,,,,,,,,,,
1883,845,346.7383940838214,346.73825554118764,,2544064.225377706,130.21619576564476,608876.4157059122,14.092615404029514,-1,,,,,,,,unassigned,,,,,,,,,,,,
1884,846,346.7570879452207,346.7569493961126,,26051368.056108292,76.74318476513736,620489.9967602524,145.61812010205585,-1,,,,,,,,unassigned,,,,,,,,,,,,
1885,847,346.8677465418481,346.867607954416,,4389792.676241846,84.8597412486189,611661.7746491887,24.13130526182278,-1,,,,,,,,unassigned,,,,,,,,,,,,
1886,848,346.87882543835764,346.8786868470887,,73630604.07874557,160.69753696725982,633220.2845446372,405.8940711860458,-1,,,,,,,,unassigned,,,,,,,,,,,,
1887,849,346.9393234788799,346.93918486665945,,1577013.8108807036,78.1883075859297,587803.7559704687,8.76121572518205,-1,,,,,,,,unassigned,,,,,,,,,,,,
1888,853,347.09045930314966,347.09032063859013,,6936510.48202332,129.84872156456044,627752.284904991,38.80066471263642,-1,,,,,,,,unassigned,,,,,,,,,,,,
1889,855,347.1267987034961,347.1266600263524,,1924562.8117227426,88.12103774987541,560967.8402772222,10.714344115499307,-1,,,,,,,,unassigned,,,,,,,,,,,,
1890,857,347.1446377872374,347.14449910391613,,3784912.9837087505,69.87527524363482,689192.549719273,20.615116918626804,-1,,,,,,,,unassigned,,,,,,,,,,,,
1891,858,347.1632046714225,347.1630659816717,,2771960.962925094,77.38630918831173,624961.1929719631,15.104007138245155,-1,,,,,,,,unassigned,,,,,,,,,,,,
1892,859,347.87838837232806,347.87824943494445,,15074571.390464736,131.08418916668847,624416.073915027,82.44932286200897,-1,,,,,,,,unassigned,,,,,,,,,,,,
1893,863,348.7362969986615,348.7361577642992,,3074558.7546136416,96.63667076034584,526098.9397379314,16.96240462232734,-1,,,,,,,,unassigned,,,,,,,,,,,,
1894,864,348.75504839897974,348.75490915812725,,8502446.156950373,152.54154552768543,621229.138621652,47.103550023828184,-1,,,,,,,,unassigned,,,,,,,,,,,,
1895,865,348.87590573947097,348.8757664567884,,22053254.137073576,171.73183848630623,627593.3207484876,120.363974981035,-1,,,,,,,,unassigned,,,,,,,,,,,,
1896,866,348.87797415136833,348.87783486796985,,1546998.1778776478,80.90698453989847,595560.9900797592,8.666484818946977,-1,,,,,,,,unassigned,,,,,,,,,,,,
1897,867,348.88307911469656,348.88293982953127,,2193393.4549045498,185.81742810289327,598616.6615839023,12.051721615288585,-1,,,,,,,,unassigned,,,,,,,,,,,,
1898,869,349.0552734560959,349.0551341113351,,40169724.62962005,204.05649808272483,623550.8281340925,223.8769934647251,-1,,,,,,,,unassigned,,,,,,,,,,,,
1899,871,349.0875095874209,349.0873702315037,,2067351.6376992764,97.1986522803141,524714.8769634452,11.243722709165896,-1,,,,,,,,unassigned,,,,,,,,,,,,
1900,873,349.10610156800317,349.1059622056516,,159264130.34923917,295.8438967834966,620013.565480343,890.693414859659,-1,,,,,,,,unassigned,,,,,,,,,,,,
1901,875,349.1425085382074,349.1423691632562,,3995279.058052309,136.3354694548895,633874.9500549329,21.712880949703838,-1,,,,,,,,unassigned,,,,,,,,,,,,
1902,876,349.17887534326536,349.1787359557286,,1981158.212664483,130.20319513398974,493709.50756184064,10.785392295175614,-1,,,,,,,,unassigned,,,,,,,,,,,,
1903,877,349.8754658267475,349.8753261981665,,4557333.960807758,189.05992380853738,650540.6571647348,24.864076683582322,-1,,,,,,,,unassigned,,,,,,,,,,,,
1904,884,350.2833086777329,350.2831689080485,,1795065.6787939516,69.29991100737035,602770.7977413167,9.799076389081021,-1,,,,,,,,unassigned,,,,,,,,,,,,
1905,885,350.79868345697355,350.798543509008,,1589330.5780965053,121.32161842312551,531519.0987001917,8.660215861916713,-1,,,,,,,,unassigned,,,,,,,,,,,,
1906,886,350.8727554701864,350.87261549659985,,3204146.6246392857,128.81685166948287,607182.2640685872,17.461134981623758,-1,,,,,,,,unassigned,,,,,,,,,,,,
1907,888,351.03453432232084,351.03439429277813,,4362259.428985317,47.35113185539688,597748.9961009941,24.12573285557366,-1,,,,,,,,unassigned,,,,,,,,,,,,
1908,890,351.05235848252045,351.0522184468129,,10596029.216136415,82.8302055480082,566151.0582487491,58.03103867835641,-1,,,,,,,,unassigned,,,,,,,,,,,,
1909,892,351.1031425897507,351.1030025364786,,49927077.09380521,120.79445395186505,617281.929886545,276.92630095636645,-1,,,,,,,,unassigned,,,,,,,,,,,,
1910,894,351.11033898463,351.1101989288689,,2228585.147669587,189.32478189969623,636038.875555171,12.133914607463135,-1,,,,,,,,unassigned,,,,,,,,,,,,
1911,895,351.11272994623465,351.11258988964664,,2151287.235037373,171.49332187442195,513494.5034896995,11.998783755921925,-1,,,,,,,,unassigned,,,,,,,,,,,,
1912,896,351.1217660141808,351.12162595446756,,4403735.552746726,96.87770732145988,605813.9728198497,24.462863433645538,-1,,,,,,,,unassigned,,,,,,,,,,,,
1913,897,351.1345921293044,351.1344520651551,,4978464.587160322,96.1629108414142,594472.2176309959,27.722721089381903,-1,,,,,,,,unassigned,,,,,,,,,,,,
1914,899,351.1580820637162,351.15794199144267,,2683869.1571327536,71.93794899635624,650936.6506735181,14.722297310180299,-1,,,,,,,,unassigned,,,,,,,,,,,,
1915,900,352.0518767323628,352.05173635100573,,2165048.1004862427,52.29954343781156,636393.1349926947,11.828825365323706,-1,,,,,,,,unassigned,,,,,,,,,,,,
1916,901,352.0556809475415,352.05554056486903,,1642332.7453062572,82.04496107299158,583528.9718100447,8.98550507670921,-1,,,,,,,,unassigned,,,,,,,,,,,,
1917,903,352.1064763281848,352.1063359279494,,8911412.770918712,72.1062399432945,609618.9390992012,49.19877477349806,-1,,,,,,,,unassigned,,,,,,,,,,,,
1918,904,352.8490215588166,352.8488809018712,,2082578.1305560796,135.88648347046936,641444.2976375971,11.325915701340445,-1,,,,,,,,unassigned,,,,,,,,,,,,
1919,906,353.03170616989416,353.0315654498008,,1918310.102333696,64.72934638735475,491486.7271673011,10.600109787392308,-1,,,,,,,,unassigned,,,,,,,,,,,,
1920,907,353.0491759308498,353.04903520471794,,2254301.8688585917,90.40016153583059,607107.3898605115,12.245362732445574,-1,,,,,,,,unassigned,,,,,,,,,,,,
1921,910,353.11883320684115,353.1186924566321,,1482097.8970855828,85.99304754220897,595671.7905123206,8.077202858102325,-1,,,,,,,,unassigned,,,,,,,,,,,,
1922,912,353.13163455820734,353.1314938035736,,1737996.7579501928,223.48068832477915,503078.5463339762,9.65558692816613,-1,,,,,,,,unassigned,,,,,,,,,,,,
1923,913,353.137398531614,353.137257774988,,4651148.644583128,74.01437974049875,595797.666441057,25.360020839754178,-1,,,,,,,,unassigned,,,,,,,,,,,,
1924,915,353.17381848560984,353.1736777163955,,1685996.0131633794,61.82866309138778,573975.3585194731,9.471697521945103,-1,,,,,,,,unassigned,,,,,,,,,,,,
1925,921,355.0567773717464,355.0566359518947,,1606188.77447971,327.2594187958606,600763.1429141952,8.741712303310123,-1,,,,,,,,unassigned,,,,,,,,,,,,
1926,925,355.15301091144704,355.15286945835305,,2301127.0100293444,54.14028812505967,645275.2828650188,12.537914060524479,-1,,,,,,,,unassigned,,,,,,,,,,,,
1927,929,356.11192994254196,356.1117881582601,,1520286.2045254668,75.25849784924537,592150.0523092634,8.506278139284719,-1,,,,,,,,unassigned,,,,,,,,,,,,
1928,931,357.03592429524645,357.0357821919326,,1582230.8991076425,89.69773838523113,465044.0740526538,8.624691772078561,-1,,,,,,,,unassigned,,,,,,,,,,,,
1929,941,358.74003463994285,358.7398919484839,,2095013.7627377922,205.46735215168445,554452.8153235109,11.569708474739533,-1,,,,,,,,unassigned,,,,,,,,,,,,
1930,942,358.8863355444233,358.8861928024856,,3511933.7713920083,112.82364538428187,623898.7641356124,19.14678787198316,-1,,,,,,,,unassigned,,,,,,,,,,,,
1931,945,359.0515993309038,359.05145653194734,,2003709.6638153223,85.10215504289252,471822.73065018916,11.025005763887858,-1,,,,,,,,unassigned,,,,,,,,,,,,
1932,954,360.88339688869996,360.88325345793993,,2157819.8310671016,101.27474643944043,667611.8103248499,11.968135521551755,-1,,,,,,,,unassigned,,,,,,,,,,,,
1933,955,360.89447479752414,360.8943313629443,,48243151.679384306,110.18637743806839,616302.4959832861,262.48262395864225,-1,,,,,,,,unassigned,,,,,,,,,,,,
1934,960,361.1424937889234,361.14235026882767,,3171313.6805284917,59.52902720169371,622519.901882,17.285604184776414,-1,,,,,,,,unassigned,,,,,,,,,,,,
1935,962,361.1788949154966,361.17875138285046,,1619134.4611509591,37.51306053666527,629300.4121288056,8.862912139228525,-1,,,,,,,,unassigned,,,,,,,,,,,,
1936,964,361.8940314162222,361.89388763704,,8371735.560105265,165.65332462929243,619806.8361449094,46.094944492737106,-1,,,,,,,,unassigned,,,,,,,,,,,,
1937,967,362.7598937565078,362.759749678902,,1766180.9323094198,117.98716127700735,543322.2407574528,9.835297029700314,-1,,,,,,,,unassigned,,,,,,,,,,,,
1938,968,362.8915480765746,362.8914039536006,,13914916.509258393,206.99427314641602,574087.2153506008,77.77964642524475,-1,,,,,,,,unassigned,,,,,,,,,,,,
1939,972,363.0853687772637,363.0852245875023,,3639660.571356302,65.22581271957549,594993.6059857592,19.82104902812692,-1,,,,,,,,unassigned,,,,,,,,,,,,
1940,974,363.12173848494575,363.1215942826523,,2303876.7128776726,100.61743132566639,646768.0439802255,12.646575982382357,-1,,,,,,,,unassigned,,,,,,,,,,,,
1941,975,363.15813447555945,363.1579902607252,,3653262.3326537847,104.37802770444752,567265.1857099144,20.2083312624409,-1,,,,,,,,unassigned,,,,,,,,,,,,
1942,976,363.8911297934393,363.89098532606937,,3241971.820871035,107.77131246739145,632948.0224961741,17.99608598153947,-1,,,,,,,,unassigned,,,,,,,,,,,,
1943,978,364.75694573512783,364.75680096953664,,3611314.7605479704,126.40820727308946,569874.1571679838,19.740249137514652,-1,,,,,,,,unassigned,,,,,,,,,,,,
1944,979,364.88841870673406,364.88827389586544,,2239604.414201008,46.925316129162134,630907.2543793063,12.170135248082428,-1,,,,,,,,unassigned,,,,,,,,,,,,
1945,980,364.88936830836263,364.889223497167,,2479928.196279022,53.34202133001932,566926.1176980218,13.734588302523427,-1,,,,,,,,unassigned,,,,,,,,,,,,
1946,981,364.9054838387875,364.9053390220421,,3201057.1718396107,190.4723068242494,592351.2931125273,18.026734215909638,-1,,,,,,,,unassigned,,,,,,,,,,,,
1947,983,365.05024610995144,365.05010124335433,,1662418.4326349488,168.8373902787638,577403.0461945458,9.305918436033725,-1,,,,,,,,unassigned,,,,,,,,,,,,
1948,986,365.10100438605093,365.1008595019748,,7078792.485087509,140.08461210592517,640170.8815357904,38.49418236893471,-1,,,,,,,,unassigned,,,,,,,,,,,,
1949,988,365.13739834100556,365.13725344439706,,5102006.163578445,90.84451979420707,583078.8318216556,27.90382429247837,-1,,,,,,,,unassigned,,,,,,,,,,,,
1950,990,365.1737851836339,365.1736402744956,,2768713.546291606,102.11844020858621,585944.2319848083,15.211275958540753,-1,,,,,,,,unassigned,,,,,,,,,,,,
1951,992,366.05496589925934,366.0548206867301,,1672325.301867969,90.73855782342488,586474.7903389842,9.095560100129369,-1,,,,,,,,unassigned,,,,,,,,,,,,
1952,994,366.1044229433622,366.10427771380733,,1538990.6607005089,76.14624904554361,508725.61209702794,8.417119639298766,-1,,,,,,,,unassigned,,,,,,,,,,,,
1953,995,366.7539986774672,366.75385322432027,,3030464.5905030244,160.2847157258561,507973.15691966214,16.924790880145768,-1,,,,,,,,unassigned,,,,,,,,,,,,
1954,996,366.90249970434854,366.902354200092,,2293322.1065701586,61.43763338800417,520615.32186525804,12.567169193332369,-1,,,,,,,,unassigned,,,,,,,,,,,,
1955,999,367.0980458001736,367.0979002286197,,2104985.266001174,129.51664688899305,595533.7697460069,11.472191365379897,-1,,,,,,,,unassigned,,,,,,,,,,,,
1956,1003,367.1530884056977,367.1529428152016,,3244018.4936928945,68.05840242502123,568334.5805960762,17.817768981567564,-1,,,,,,,,unassigned,,,,,,,,,,,,
1957,1006,368.0909453308918,368.0907994176941,,2776552.67940007,155.39664334140235,536674.1217577817,15.378448146014414,-1,,,,,,,,unassigned,,,,,,,,,,,,
1958,1008,368.8438955498824,368.8437493776752,,1650326.1548779246,164.12120123575886,537746.6313030064,9.091380795442527,-1,,,,,,,,unassigned,,,,,,,,,,,,
1959,1014,369.16867334649095,369.1685270625813,,1699799.5766189625,126.65458841859959,595453.4910976886,9.45915960788458,-1,,,,,,,,unassigned,,,,,,,,,,,,
1960,1017,370.0880523276392,370.08790572758477,,2891080.1641181353,252.9339506086034,567010.842477709,15.703040810025769,-1,,,,,,,,unassigned,,,,,,,,,,,,
1961,1018,370.1275557630707,370.12740914943436,,2205449.149551757,84.75908488575185,620484.2516653888,12.030825091854378,-1,,,,,,,,unassigned,,,,,,,,,,,,
1962,1019,370.86890178955565,370.8687549210638,,17258886.040628463,136.48077914581748,582089.0151116633,96.34690404731921,-1,,,,,,,,unassigned,,,,,,,,,,,,
1963,1026,371.14796855542437,371.14782159101196,,2233775.2854021094,129.77412752215258,537893.9616491973,12.26068684963066,-1,,,,,,,,unassigned,,,,,,,,,,,,
1964,1029,371.86846075591535,371.8683135438949,,4380137.985116191,127.36237915727025,619346.0015446361,24.32355327741749,-1,,,,,,,,unassigned,,,,,,,,,,,,
1965,1031,372.174671509747,372.17452419250947,,1490914.2932239252,123.34128098726202,530683.1710570467,8.251340553387388,-1,,,,,,,,unassigned,,,,,,,,,,,,
1966,1032,372.3039802091775,372.3038328475113,,2887182.0755636864,42.958648269642296,601656.5775534684,15.786626903762599,-1,,,,,,,,unassigned,,,,,,,,,,,,
1967,1033,372.75404448784656,372.75389697155845,,6914646.634696818,166.8792544604009,581171.6953557091,37.897934900278656,-1,,,,,,,,unassigned,,,,,,,,,,,,
1968,1034,372.77178303114584,372.771635508764,,1942085.4103964302,56.194334342026295,614255.5990083443,10.607075295203709,-1,,,,,,,,unassigned,,,,,,,,,,,,
1969,1035,372.8484110831445,372.848263534439,,1698087.227019524,78.59910438294843,583159.9899221008,9.252980576667065,-1,,,,,,,,unassigned,,,,,,,,,,,,
1970,1036,372.8657431266409,372.8655955719815,,3179570.1619813694,118.90051798376476,577196.9785363487,17.895782669055272,-1,,,,,,,,unassigned,,,,,,,,,,,,
1971,1041,373.10208950019194,373.10194186434614,,2148471.13669096,94.19044853368172,655951.5379174859,12.030825091854378,-1,,,,,,,,unassigned,,,,,,,,,,,,
1972,1042,373.10604319098036,373.1058955537765,,1489990.5748516005,68.87374229745934,497604.94913331466,8.136409674499246,-1,,,,,,,,unassigned,,,,,,,,,,,,
1973,1047,374.75198668839755,374.75183848596976,,6834052.281513808,97.09286808607024,598779.2958843041,37.20138411913841,-1,,,,,,,,unassigned,,,,,,,,,,,,
1974,1048,374.76969082663635,374.76954261813046,,4688299.794735201,116.36776140586065,555826.6070001323,26.06493023026811,-1,,,,,,,,unassigned,,,,,,,,,,,,
1975,1049,374.84642220905323,374.84627397420473,,3637779.8319047736,68.18544412133966,618784.9677337834,19.87677309061814,-1,,,,,,,,unassigned,,,,,,,,,,,,
1976,1050,374.91012887251156,374.90998061579245,,16021188.186853075,75.55782138341115,600025.4499417802,87.04098561128549,-1,,,,,,,,unassigned,,,,,,,,,,,,
1977,1055,375.0853252999433,375.08517698308117,,1889295.8600200734,102.23427386121227,534790.2910878493,10.594537381143185,-1,,,,,,,,unassigned,,,,,,,,,,,,
1978,1057,375.1001941928828,375.10004587091646,,1878352.185283425,132.49879672394087,526907.5753177544,10.30337915462656,-1,,,,,,,,unassigned,,,,,,,,,,,,
1979,1059,375.1581273602942,375.15797901844087,,2317276.8216392244,190.85619962514932,578337.7251127928,12.627072560510431,-1,,,,,,,,unassigned,,,,,,,,,,,,
1980,1062,375.9097263598292,375.9095777600037,,2545239.7062180685,189.2960685927744,570480.3890057008,13.91011909937077,-1,,,,,,,,unassigned,,,,,,,,,,,,
1981,1066,376.7043494546021,376.7042005821033,,5011844.226439351,92.86474385209831,569238.3379298389,27.84810022998715,-1,,,,,,,,unassigned,,,,,,,,,,,,
1982,1067,376.72222714345327,376.72207826482054,,6436323.3931541,72.56520211686082,584135.4977830772,35.34020043193166,-1,,,,,,,,unassigned,,,,,,,,,,,,
1983,1068,376.7499256599698,376.74977677183364,,2491416.811427921,69.18444748516538,574205.8142828201,13.648216005662036,-1,,,,,,,,unassigned,,,,,,,,,,,,
1984,1069,376.76764929055327,376.7675003963362,,4607505.872003168,52.892188737284904,595685.4630851051,25.159414214785787,-1,,,,,,,,unassigned,,,,,,,,,,,,
1985,1070,376.8443803420894,376.8442314215463,,1668279.1211888324,78.44506679090449,630635.005919049,9.1289945376241,-1,,,,,,,,unassigned,,,,,,,,,,,,
1986,1071,376.9071963215293,376.90704737943486,,4509563.216946674,125.98952564809463,514783.0401914573,24.532518511759562,-1,,,,,,,,unassigned,,,,,,,,,,,,
1987,1074,377.08575648165646,377.0856074783028,,3101379.051345949,72.61724090993945,607330.9913299192,16.837025481722094,-1,,,,,,,,unassigned,,,,,,,,,,,,
1988,1076,377.1010447207129,377.1008957121144,,1578295.1986552079,114.18684769949637,665671.4918360652,8.59822284239523,-1,,,,,,,,unassigned,,,,,,,,,,,,
1989,1078,377.13737979844456,377.1372307773809,,3016013.4480703683,79.76972722453384,589130.486712571,16.675425700497556,-1,,,,,,,,unassigned,,,,,,,,,,,,
1990,1079,377.17380709587053,377.17365806231027,,3220385.7059106124,110.68433108066145,585516.1191718136,17.72861048158161,-1,,,,,,,,unassigned,,,,,,,,,,,,
1991,1083,378.70137582804364,378.70122627056986,,11872800.591343153,174.22655671472896,577849.8070208,65.99957961460086,-1,,,,,,,,unassigned,,,,,,,,,,,,
1992,1084,378.7201727871274,378.72002322320833,,18146504.330605287,80.00848805903638,577481.8330312107,99.17768642187319,-1,,,,,,,,unassigned,,,,,,,,,,,,
1993,1085,378.73789108470623,378.7377415147118,,3380841.9270843845,149.66286290171087,549908.2782985498,18.542181793953425,-1,,,,,,,,unassigned,,,,,,,,,,,,
1994,1086,378.765584569344,378.76543498985393,,1723886.451226907,164.5725565776661,442592.08705575025,9.500952654752995,-1,,,,,,,,unassigned,,,,,,,,,,,,
1995,1087,378.90503921127487,378.9048895839692,,1496282.9336285347,101.85943936335208,611371.2099472334,8.350250764309303,-1,,,,,,,,unassigned,,,,,,,,,,,,
1996,1090,379.0802973622998,379.0801476749054,,3141332.058902138,144.19193142255597,558996.2741857012,17.10171477855539,-1,,,,,,,,unassigned,,,,,,,,,,,,
1997,1092,379.1167001316078,379.1165504317328,,2449526.3143818546,96.81101193699506,519204.2259064949,13.524229966619071,-1,,,,,,,,unassigned,,,,,,,,,,,,
1998,1094,379.1530613897646,379.15291167742345,,3903593.2893766174,234.28914491973592,559421.4087635675,21.821542871561714,-1,,,,,,,,unassigned,,,,,,,,,,,,
1999,1095,379.1894469263177,379.18929720150214,,1857741.39107207,93.9002215196954,619397.1572184552,10.260193006195866,-1,,,,,,,,unassigned,,,,,,,,,,,,
2000,1096,380.0343415501417,380.03419153570326,,1761763.6643811106,79.51395517331012,534224.8572909022,9.576180139116142,-1,,,,,,,,unassigned,,,,,,,,,,,,
2001,1099,380.1846690771303,380.1845190111689,,3496149.891051024,50.78710406801856,582969.011241088,19.169077496979646,-1,,,,,,,,unassigned,,,,,,,,,,,,
2002,1100,380.69842449260557,380.698274250579,,11115066.394735795,212.76316186428005,578848.4600627876,61.36333761533136,-1,,,,,,,,unassigned,,,,,,,,,,,,
2003,1101,380.7181160804895,380.7179658317151,,19363186.936262242,173.82039450268095,587115.1559778147,105.80884985832836,-1,,,,,,,,unassigned,,,,,,,,,,,,
2004,1102,380.7358315221714,380.73568126732647,,9942937.28900298,65.6842913577476,584838.0462181076,54.16378874146575,-1,,,,,,,,unassigned,,,,,,,,,,,,
2005,1107,381.1322944433455,381.13214405265285,,2868679.7274899604,93.37179850786674,589887.1963827773,15.638958138160866,-1,,,,,,,,unassigned,,,,,,,,,,,,
2006,1108,381.1501041802429,381.14995378344815,,1644385.1023327142,148.54163713888536,527252.1392304573,9.193077209489005,-1,,,,,,,,unassigned,,,,,,,,,,,,
2007,1110,381.1687219921546,381.1685715889809,,4227647.187183722,87.73479553455968,554363.9458821003,23.0084654026247,-1,,,,,,,,unassigned,,,,,,,,,,,,
2008,1111,381.1864737035865,381.1863232943307,,1830087.194756826,99.31727971609732,529968.2591465584,10.006648521860814,-1,,,,,,,,unassigned,,,,,,,,,,,,
2009,1116,382.12754307711447,382.12739234547536,,1879088.6821202044,105.18210096653789,496613.45308636315,10.406468670235318,-1,,,,,,,,unassigned,,,,,,,,,,,,
2010,1117,382.69547976211436,382.69532883596264,,6670203.232202856,116.78322503030455,571475.6814766347,36.91161899418407,-1,,,,,,,,unassigned,,,,,,,,,,,,
2011,1118,382.7151899461867,382.71503901328504,,5414611.464979769,256.80968893621866,616230.508194819,29.48081526097989,-1,,,,,,,,unassigned,,,,,,,,,,,,
2012,1119,382.7160642990086,382.7159133658076,,6754012.832485092,36.92549903478636,616968.5673172292,37.686183462812025,-1,,,,,,,,unassigned,,,,,,,,,,,,
2013,1120,382.721286040986,382.7211351059967,,12816437.384790778,261.48603497634457,560418.8319029463,71.77259248869125,-1,,,,,,,,unassigned,,,,,,,,,,,,
2014,1121,382.7328720936448,382.73272115468785,,3264905.2656808062,194.3440410479668,573352.8376648389,17.814982778443003,-1,,,,,,,,unassigned,,,,,,,,,,,,
2015,1122,382.73376660172966,382.7336156624663,,9157902.01679022,80.40031262457936,577187.8619296177,50.82591739824168,-1,,,,,,,,unassigned,,,,,,,,,,,,
2016,1128,383.12939128355885,383.1292402088202,,1511297.5780508253,66.36235602909726,538999.065835575,8.42338859632903,-1,,,,,,,,unassigned,,,,,,,,,,,,
2017,1131,383.18437103749613,383.1842199439319,,1617430.2918714494,89.53056501913713,553521.859789583,8.839229412669757,-1,,,,,,,,unassigned,,,,,,,,,,,,
2018,1135,384.4729819388797,384.472830404176,,1506225.2108678434,90.24984035261011,546534.8322824166,8.185864779960204,-1,,,,,,,,unassigned,,,,,,,,,,,,
2019,1136,384.69255866731896,384.69240705746387,,1982593.4875707394,99.2630733459116,653589.2013265894,10.838330154542271,-1,,,,,,,,unassigned,,,,,,,,,,,,
2020,1137,384.71308531444004,384.71293369755983,,1839490.249217486,268.83495850305565,432019.6484059013,9.998986463268272,-1,,,,,,,,unassigned,,,,,,,,,,,,
2021,1138,384.7183370363289,384.71818541765134,,30844980.598595392,161.86363549152887,581075.9238528863,167.88545547354732,-1,,,,,,,,unassigned,,,,,,,,,,,,
2022,1139,384.73084975416174,384.7306981312018,,2539771.3220791663,92.5431527119127,573950.7098136334,13.837677818132184,-1,,,,,,,,unassigned,,,,,,,,,,,,
2023,1140,384.73170757171704,384.73155594846355,,2729560.435234595,46.5342782384581,586857.9054899587,15.126296763241644,-1,,,,,,,,unassigned,,,,,,,,,,,,
2024,1141,384.8845490734911,384.8843973979304,,10221449.071966829,186.31633690206732,586859.3541052887,56.00268280367601,-1,,,,,,,,unassigned,,,,,,,,,,,,
2025,1142,385.0116603507141,385.01150863165384,,6226908.155470414,225.20884345217902,560955.893436601,34.31487768209322,-1,,,,,,,,unassigned,,,,,,,,,,,,
2026,1151,385.88412057646457,385.883968558881,,3192029.7680788552,153.73773277369142,544737.7669481202,17.79826555969564,-1,,,,,,,,unassigned,,,,,,,,,,,,
2027,1153,386.7153835828665,386.7152312809321,,29649584.339144867,110.19491480500201,581428.9772888971,162.0455737244675,-1,,,,,,,,unassigned,,,,,,,,,,,,
2028,1154,386.8814544691775,386.88130211044404,,1503806.8486710645,159.09126766504133,609381.9155050839,8.205368201832131,-1,,,,,,,,unassigned,,,,,,,,,,,,
2029,1156,387.0087034724964,387.0085510702436,,5518260.335287611,82.07273764312225,561914.2016259145,30.3946898858359,-1,,,,,,,,unassigned,,,,,,,,,,,,
2030,1161,387.0973953393255,387.0972429067409,,2044402.094213788,155.03822581779798,590039.7967390709,11.211681373233445,-1,,,,,,,,unassigned,,,,,,,,,,,,
2031,1162,387.12115861290886,387.12100617219767,,2437863.8021759684,238.73148266497066,518054.5387302582,13.340340560398046,-1,,,,,,,,unassigned,,,,,,,,,,,,
2032,1168,388.71243938314205,388.71228639837744,,15019892.360571325,168.85083801466445,558728.8057820208,84.24363767422625,-1,,,,,,,,unassigned,,,,,,,,,,,,
2033,1169,388.767662618249,388.7675096146087,,2138844.3941958025,131.2549492313569,511894.54053144704,11.650508365351802,-1,,,,,,,,unassigned,,,,,,,,,,,,
2034,1170,388.92579082646745,388.9256377687795,,2659958.849609186,69.5691528464489,530944.5824524865,14.53283549771015,-1,,,,,,,,unassigned,,,,,,,,,,,,
2035,1171,389.0057651482869,389.00561206326506,,2731644.4120222735,107.17393158057786,591407.7268334137,14.904793614839045,-1,,,,,,,,unassigned,,,,,,,,,,,,
2036,1177,389.11827073768916,389.1181176142159,,2160983.330663236,196.07620377073084,492427.2485868654,11.81628745126318,-1,,,,,,,,unassigned,,,,,,,,,,,,
2037,1179,389.13741184846884,389.13725871845384,,2009394.3115372357,70.9034799110403,521823.26748394454,10.958136888898395,-1,,,,,,,,unassigned,,,,,,,,,,,,
2038,1180,389.17378800350696,389.1736348610599,,1577956.4851090945,145.49168767852373,418149.0679373148,8.62329867051628,-1,,,,,,,,unassigned,,,,,,,,,,,,
2039,1184,390.7094970346067,390.7093433674412,,5190265.110519851,116.43333333828265,570024.5356346351,28.566940636123885,-1,,,,,,,,unassigned,,,,,,,,,,,,
2040,1188,391.11668579885225,391.11653199260184,,2007501.4987172799,137.04817892938541,600802.604811622,11.133667685745737,-1,,,,,,,,unassigned,,,,,,,,,,,,
2041,1190,391.1530505002135,391.1528966815427,,3610945.984963477,118.65047382788201,507835.75057392544,19.67616646564975,-1,,,,,,,,unassigned,,,,,,,,,,,,
2042,1191,391.18941431284054,391.18926048174984,,2189325.5061377473,33.53748085919404,618214.3125453386,12.156204232459622,-1,,,,,,,,unassigned,,,,,,,,,,,,
2043,1192,391.6064078807294,391.6062539072265,,2622544.293520695,73.89989444256341,512209.4360034633,14.272325505563698,-1,,,,,,,,unassigned,,,,,,,,,,,,
2044,1198,393.09399194558364,393.0938374641918,,1474173.7985242598,55.016846969241314,544733.9065734664,8.160788951839155,-1,,,,,,,,unassigned,,,,,,,,,,,,
2045,1200,393.13229057781774,393.13213608335315,,3488581.9796572085,235.41611786215483,596101.4972802008,19.026981137627036,-1,,,,,,,,unassigned,,,,,,,,,,,,
2046,1202,393.1687055846229,393.1685510777287,,3746873.2426020824,107.67973800494495,546925.4260916291,20.902095840456585,-1,,,,,,,,unassigned,,,,,,,,,,,,
2047,1206,394.0911691520322,394.09101433031884,,1825214.3162972503,136.55928592679152,482439.74198297074,10.161979346055091,-1,,,,,,,,unassigned,,,,,,,,,,,,
2048,1207,394.16389214740576,394.1637373008774,,1808443.5643734538,48.08728618786181,574051.6490181001,10.04844156872923,-1,,,,,,,,unassigned,,,,,,,,,,,,
2049,1209,394.6753232414507,394.67516822042427,,1758352.8954128688,147.23939796559003,488785.0009673109,9.695986873472263,-1,,,,,,,,unassigned,,,,,,,,,,,,
2050,1214,395.1479539948385,395.14779881257755,,2973736.975728977,95.37521909896985,587346.7848488155,16.413522606788824,-1,,,,,,,,unassigned,,,,,,,,,,,,
2051,1215,395.1658537013414,395.1656985129746,,1497961.0644888743,167.2662355329992,525656.2709580519,8.279202584632998,-1,,,,,,,,unassigned,,,,,,,,,,,,
2052,1217,395.18432087296156,395.18416567829536,,3923517.078995054,93.03549316298172,534985.3029204691,21.654370684088054,-1,,,,,,,,unassigned,,,,,,,,,,,,
2053,1218,395.60018228361497,395.6000269471022,,3732650.0491758552,122.07586811192131,526591.3900028487,20.386648262412802,-1,,,,,,,,unassigned,,,,,,,,,,,,
2054,1229,397.1636438490778,397.1634879794495,,2726439.9598610573,160.44000677212244,551059.5263395167,14.869966075782033,-1,,,,,,,,unassigned,,,,,,,,,,,,
2055,1231,397.2000386092612,397.19988272722594,,1799274.0697882348,159.19937671831542,511179.8072598594,9.810221201579264,-1,,,,,,,,unassigned,,,,,,,,,,,,
2056,1236,398.11744717298285,398.11729097825213,,2674760.904667537,179.9884083027245,503580.2651970706,14.702793888308372,-1,,,,,,,,unassigned,,,,,,,,,,,,
2057,1237,398.69523705920176,398.69508066757993,,2088229.6382731756,74.37873770783749,515328.01985349366,11.640756654415839,-1,,,,,,,,unassigned,,,,,,,,,,,,
2058,1238,398.9002034486751,398.90004698721634,,2366967.530804001,41.4327391758719,609444.9035355991,13.162023560426142,-1,,,,,,,,unassigned,,,,,,,,,,,,
2059,1249,399.593918488035,399.5937617902446,,1839197.0464102384,120.31025136716788,513263.6209219727,10.184965521832718,-1,,,,,,,,unassigned,,,,,,,,,,,,
2060,1251,400.0887996794464,400.08864281309394,,1782519.6339137226,170.70553575407806,433240.1973730159,9.721062701593313,-1,,,,,,,,unassigned,,,,,,,,,,,,
2061,1254,400.6922648743037,400.6921078024399,,5153228.500197571,260.7139199181821,556225.6930877761,29.021091745427327,-1,,,,,,,,unassigned,,,,,,,,,,,,
2062,1266,402.18535118771894,402.1851936075502,,1480369.9099955799,185.05900931969882,522941.40113216935,8.14616138543521,-1,,,,,,,,unassigned,,,,,,,,,,,,
2063,1267,402.6893205904792,402.68916283879383,,5859987.122082011,242.2242078190173,536793.1588278061,31.915956791846202,-1,,,,,,,,unassigned,,,,,,,,,,,,
2064,1268,402.7645991250525,402.7644413477498,,1959120.2432939496,89.06358420154847,526527.7558522356,10.9720679045212,-1,,,,,,,,unassigned,,,,,,,,,,,,
2065,1269,402.8293100560956,402.8291522567723,,1947352.9119750871,130.86024113948892,536513.6434340501,10.619613209264234,-1,,,,,,,,unassigned,,,,,,,,,,,,
2066,1277,403.1530506379183,403.15289272843523,,2191691.706879326,79.85956550608614,472096.56714163435,11.943059693430707,-1,,,,,,,,unassigned,,,,,,,,,,,,
2067,1281,404.0341263866236,404.0339681773926,,1593525.0763920748,120.00571871158604,480068.21453884867,8.720119229094776,-1,,,,,,,,unassigned,,,,,,,,,,,,
2068,1285,404.6863353604453,404.68617692938216,,3433084.4406272895,206.73039810485193,588298.0623472637,18.659202325184985,-1,,,,,,,,unassigned,,,,,,,,,,,,
2069,1286,404.76261769397655,404.762459236971,,1729071.8629619058,74.30391522777681,475676.1657440243,9.428511373514409,-1,,,,,,,,unassigned,,,,,,,,,,,,
2070,1287,404.826401474167,404.82624299547,,2018205.377143129,145.94063740816813,569186.6253553112,10.992964427955407,-1,,,,,,,,unassigned,,,,,,,,,,,,
2071,1288,404.8374633514992,404.83730486904034,,10503823.014046004,75.67247918203182,553880.2265680709,57.36792233471089,-1,,,,,,,,unassigned,,,,,,,,,,,,
2072,1293,405.132369128156,405.13221054541236,,1734986.667809848,75.6126407671336,515917.9319273653,9.574787037553861,-1,,,,,,,,unassigned,,,,,,,,,,,,
2073,1295,405.16875454492526,405.16859594980923,,3099971.1022046767,141.23437018339743,534363.0136970571,17.034845903565927,-1,,,,,,,,unassigned,,,,,,,,,,,,
2074,1296,405.83701160920265,405.83685278687847,,1702683.3367195588,150.3597728686267,529807.4017102328,9.289201217286358,-1,,,,,,,,unassigned,,,,,,,,,,,,
2075,1299,406.0862342311516,406.08607532410383,,1793287.3220291222,165.05751033784813,510632.32662306185,9.79629018595646,-1,,,,,,,,unassigned,,,,,,,,,,,,
2076,1300,406.8007152356035,406.8005560857039,,1549878.9185468513,57.880022949058684,471420.8060302259,8.474236803352268,-1,,,,,,,,unassigned,,,,,,,,,,,,
2077,1301,406.8345066691833,406.8343475077994,,6840064.151149724,215.7577132071297,530801.8861474062,37.71961790030675,-1,,,,,,,,unassigned,,,,,,,,,,,,
2078,1302,406.8455752192335,406.8454160540879,,3856398.693387059,153.26106624661372,552283.389080816,21.439833043496858,-1,,,,,,,,unassigned,,,,,,,,,,,,
2079,1305,407.06471742874606,407.06455818912616,,3008580.335824709,263.2755005868459,496714.18536150415,16.37730196616953,-1,,,,,,,,unassigned,,,,,,,,,,,,
2080,1308,407.1479521279511,407.1477928600456,,3528866.9192015585,128.14005781238015,503126.3547616024,19.29306353602261,-1,,,,,,,,unassigned,,,,,,,,,,,,
2081,1309,407.1843737003845,407.18421442010225,,4156897.375012623,162.85135950849133,509648.7616990613,22.637900387058085,-1,,,,,,,,unassigned,,,,,,,,,,,,
2082,1313,408.1018204459363,408.1016608539328,,1765901.299681971,100.95848643003723,562763.7055433599,9.673697248475776,-1,,,,,,,,unassigned,,,,,,,,,,,,
2083,1314,408.15140940875165,408.1512497999019,,1529706.6716081004,80.50007709615828,404737.053886945,8.384381752585176,-1,,,,,,,,unassigned,,,,,,,,,,,,
2084,1315,408.98998451790436,408.9898246242155,,1743790.8342848923,67.66568468378694,540810.3765919599,9.849228045323118,-1,,,,,,,,unassigned,,,,,,,,,,,,
2085,1317,409.0219541975326,409.02179429298604,,2365219.5073479586,138.13037884442522,450375.9552093823,12.925196294838457,-1,,,,,,,,unassigned,,,,,,,,,,,,
2086,1318,409.023993158059,409.02383325282,,1500061.5661171407,244.85582139527625,391966.1659064757,8.191437186209326,-1,,,,,,,,unassigned,,,,,,,,,,,,
2087,1320,409.0617556002771,409.0615956822132,,1966563.7450803386,153.13244041180172,508719.248861036,10.882909404535248,-1,,,,,,,,unassigned,,,,,,,,,,,,
2088,1322,409.0931993818115,409.0930394530688,,2034609.7743069418,61.667162983283255,538782.9948175536,11.129488381058895,-1,,,,,,,,unassigned,,,,,,,,,,,,
2089,1324,409.1272260786871,409.12706613838856,,5504916.857307343,136.26258314489306,570012.0229500652,29.990690432774553,-1,,,,,,,,unassigned,,,,,,,,,,,,
2090,1326,409.1636336133406,409.1634736606777,,3669812.0482286657,214.21493991674947,507673.6294207961,20.202758856191778,-1,,,,,,,,unassigned,,,,,,,,,,,,
2091,1328,409.19997415570754,409.19981419070325,,2155963.990980853,165.57526146354473,497565.81720359967,11.718770341903546,-1,,,,,,,,unassigned,,,,,,,,,,,,
2092,1329,409.6338717041765,409.6337115918297,,1525777.9682925665,115.67206805182568,438005.8307416559,8.422692045547889,-1,,,,,,,,unassigned,,,,,,,,,,,,
2093,1333,410.117489106374,410.1173288298247,,1488591.15395054,104.20241232696057,512548.7289910725,8.262485365885631,-1,,,,,,,,unassigned,,,,,,,,,,,,
2094,1334,410.81693005302236,410.81676953903667,,1672071.0641145164,75.1785374062885,440385.4550849489,9.108794564971033,-1,,,,,,,,unassigned,,,,,,,,,,,,
2095,1337,411.04666900046146,411.0465084084987,,1601361.610714848,149.87194497220128,385207.4321248671,8.715939924407934,-1,,,,,,,,unassigned,,,,,,,,,,,,
2096,1341,411.1242897824882,411.124129164181,,1492262.6346429603,221.49388124519933,433423.61493127455,8.172630315118539,-1,,,,,,,,unassigned,,,,,,,,,,,,
2097,1344,411.1792605503029,411.1790999133391,,2859908.2964800624,181.5105235935157,536520.1860972309,16.129329888083603,-1,,,,,,,,unassigned,,,,,,,,,,,,
2098,1360,414.14884435403593,414.14868270970265,,1675121.3063654604,182.36654513627246,408158.0000715819,9.31915290087539,-1,,,,,,,,unassigned,,,,,,,,,,,,
2099,1361,414.6968269225895,414.6966650924684,,3258655.737892874,175.26848823971756,543306.8673203035,17.89021026280615,-1,,,,,,,,unassigned,,,,,,,,,,,,
2100,1368,415.1525125459996,415.1523505614078,,1594004.5398879931,108.93213148255882,592563.6937793453,8.797436365801342,-1,,,,,,,,unassigned,,,,,,,,,,,,
2101,1374,416.09900190852125,416.0988396031547,,1568569.4828694728,128.17614548439812,479069.0434342903,8.589864233021549,-1,,,,,,,,unassigned,,,,,,,,,,,,
2102,1375,416.69480888134865,416.69464637410675,,2966064.933616966,100.86411997431212,490290.732316655,16.444170841158993,-1,,,,,,,,unassigned,,,,,,,,,,,,
2103,1382,417.1495265115965,417.14936385030984,,1486045.6059326285,92.546271065123,547184.8487925082,8.178899272148803,-1,,,,,,,,unassigned,,,,,,,,,,,,
2104,1387,417.6730662144996,417.6729033758809,,3714265.008438664,190.5271142425491,517117.97287467844,20.849157981089927,-1,,,,,,,,unassigned,,,,,,,,,,,,
2105,1388,417.8516480682949,417.8514851691941,,1995125.7680540835,201.21912576473997,467412.6700909336,10.937240365464188,-1,,,,,,,,unassigned,,,,,,,,,,,,
2106,1391,418.6917688516084,418.69160566802196,,2348191.0089065763,282.41026958019347,394642.151607772,12.90290666984197,-1,,,,,,,,unassigned,,,,,,,,,,,,
2107,1392,418.7959621088742,418.79579889001064,,1960862.4927682835,76.52110163953454,518908.7787435765,10.940026568588749,-1,,,,,,,,unassigned,,,,,,,,,,,,
2108,1393,418.85311528696445,418.8529520487508,,4785033.088374146,81.28691534334706,541482.7674976889,26.68068112079609,-1,,,,,,,,unassigned,,,,,,,,,,,,
2109,1398,419.1843087727095,419.18414542237224,,2363602.437319109,173.8211931552684,429488.7047475881,13.148092544803337,-1,,,,,,,,unassigned,,,,,,,,,,,,
2110,1403,420.6716874434286,420.6715235896936,,5429914.304145653,62.59561445341714,524442.0254047359,29.528180714097427,-1,,,,,,,,unassigned,,,,,,,,,,,,
2111,1404,420.79383669423686,420.79367279917153,,1714950.0309400114,215.5990415029788,469750.65664041083,9.409704502423622,-1,,,,,,,,unassigned,,,,,,,,,,,,
2112,1405,420.850139583144,420.8499756690286,,3567906.929163613,123.90821979895489,534304.6260545144,19.436552996937504,-1,,,,,,,,unassigned,,,,,,,,,,,,
2113,1406,420.861218520007,420.8610546021431,,2331169.5283656493,108.20487461778993,493903.5059179135,12.921016990151616,-1,,,,,,,,unassigned,,,,,,,,,,,,
2114,1412,421.1636501914694,421.163486171284,,2822623.1527930005,252.5462293223172,519895.4317537963,15.361730927267049,-1,,,,,,,,unassigned,,,,,,,,,,,,
2115,1413,421.19998870874,421.19982467626085,,2655283.7511587664,101.54723212749714,549621.0769635029,14.58577335707681,-1,,,,,,,,unassigned,,,,,,,,,,,,
2116,1415,421.6668323992475,421.6666682088426,,4237674.8157039955,117.85525680334251,482126.5377959322,23.1226997307317,-1,,,,,,,,unassigned,,,,,,,,,,,,
2117,1417,422.08126813494636,422.0811038043642,,1718508.2672745655,258.38800727368925,488974.43675172044,9.381842471178011,-1,,,,,,,,unassigned,,,,,,,,,,,,
2118,1418,422.1093098029949,422.10914546292867,,1529522.5469687223,206.1242944350903,468889.6746884049,8.328657690093955,-1,,,,,,,,unassigned,,,,,,,,,,,,
2119,1420,422.6696558149075,422.669491285343,,20829850.943976536,175.99237641525153,525132.1084845837,115.59399523178658,-1,,,,,,,,unassigned,,,,,,,,,,,,
2120,1424,423.07408139009135,423.07391672377884,,160226399.42185628,123.37879387301807,527809.4643850789,875.2689943620893,-1,,,,,,,,unassigned,,,,,,,,,,,,
2121,1427,423.1429439617831,423.1427792721879,,1584819.5241104143,58.88519036729531,523642.5055332092,8.688774443943464,-1,,,,,,,,unassigned,,,,,,,,,,,,
2122,1429,423.17931423665567,423.1791495347638,,2960117.244694836,145.09741817267863,514169.2686530289,16.133509192770443,-1,,,,,,,,unassigned,,,,,,,,,,,,
2123,1431,423.6729664151206,423.6728015463401,,1759074.7072761417,336.03197817490445,455782.0960619986,9.576876689897281,-1,,,,,,,,unassigned,,,,,,,,,,,,
2124,1434,424.0736465626201,424.07348155840134,,42285211.164391026,75.1119980341902,524188.39722389594,230.45243283868905,-1,,,,,,,,unassigned,,,,,,,,,,,,
2125,1435,424.07743824358363,424.07727323808325,,16799265.978086807,91.81433662641871,528873.1373219854,91.43204173559363,-1,,,,,,,,unassigned,,,,,,,,,,,,
2126,1438,424.6676114791134,424.6674462741539,,30527514.475697514,147.1560165540983,518333.541874987,169.0222263483682,-1,,,,,,,,unassigned,,,,,,,,,,,,
2127,1439,424.8561619060981,424.85599663742266,,22159911.17725515,94.56490832534263,526309.7787902029,121.76822135581374,-1,,,,,,,,unassigned,,,,,,,,,,,,
2128,1443,425.07109815925037,425.0709328179472,,56799169.720123954,150.98676297826404,487125.11195583653,308.7558854513513,-1,,,,,,,,unassigned,,,,,,,,,,,,
2129,1445,425.07705231398774,425.0768869706727,,3747510.56191718,148.7210455256869,507395.37014938425,20.592827293630318,-1,,,,,,,,unassigned,,,,,,,,,,,,
2130,1446,425.07832928919817,425.07816394545165,,1811654.7620612243,49.47805376980502,501914.98882762156,9.861069408602503,-1,,,,,,,,unassigned,,,,,,,,,,,,
2131,1449,425.15849893834,425.1583335675052,,1521395.1247982418,72.65197505361381,524044.97370788926,8.31472667447115,-1,,,,,,,,unassigned,,,,,,,,,,,,
2132,1451,425.66049748975183,425.6603319493141,,1999220.263301134,138.35028142299927,490554.145515365,11.05704709982031,-1,,,,,,,,unassigned,,,,,,,,,,,,
2133,1452,425.6709582800978,425.67079273612615,,2678478.7720756307,232.94800534366914,464077.36253640306,14.740407630489946,-1,,,,,,,,unassigned,,,,,,,,,,,,
2134,1453,425.85573914823027,425.85557354183646,,5125314.349922024,96.24631474808851,530423.2404602531,27.931686323723977,-1,,,,,,,,unassigned,,,,,,,,,,,,
2135,1455,426.0706488970818,426.0704832180924,,14124765.543432651,130.11454365862113,505684.9359575868,76.87134420663786,-1,,,,,,,,unassigned,,,,,,,,,,,,
2136,1459,426.66557570230833,426.66540982238115,,19801295.74413931,119.33758412803337,520544.6620749504,109.48663798274887,-1,,,,,,,,unassigned,,,,,,,,,,,,
2137,1460,426.68330308724813,426.68313720133415,,2346802.3090594104,150.02102042155582,485002.68708937295,12.785886138610408,-1,,,,,,,,unassigned,,,,,,,,,,,,
2138,1461,426.853184179088,426.8530182358036,,8155405.790636252,125.21725986932586,478349.553478649,44.863442711681145,-1,,,,,,,,unassigned,,,,,,,,,,,,
2139,1465,427.0679475353352,427.0677815195277,,9002846.668780902,195.21882729553283,485538.3763240325,49.616705242182206,-1,,,,,,,,unassigned,,,,,,,,,,,,
2140,1470,427.17415394277407,427.1739878911038,,1794855.0938632907,129.88768116418,494505.7233393771,9.871517670319607,-1,,,,,,,,unassigned,,,,,,,,,,,,
2141,1471,427.19197872272576,427.1918126650367,,1662258.0174181066,114.9809701623146,451740.79217430355,9.09625665091051,-1,,,,,,,,unassigned,,,,,,,,,,,,
2142,1474,427.6690319233289,427.66886570456876,,1529726.328581564,117.29167759095735,439560.12991922407,8.51254709631498,-1,,,,,,,,unassigned,,,,,,,,,,,,
2143,1475,427.8526803125565,427.8525140317963,,2097098.4369618169,130.58712375839346,514013.26489161415,11.631004943479875,-1,,,,,,,,unassigned,,,,,,,,,,,,
2144,1476,428.0674951679659,428.06732881468844,,1958619.1711299664,174.84841332036572,446042.59937795537,10.820916385013765,-1,,,,,,,,unassigned,,,,,,,,,,,,
2145,1480,428.12811118295235,428.127944809213,,1615093.5172964172,141.26804799175693,547084.5375234298,8.971574061086406,-1,,,,,,,,unassigned,,,,,,,,,,,,
2146,1481,428.66351493031175,428.66334837585566,,5198791.511804814,100.42052404407805,469179.1055897219,29.124181261036085,-1,,,,,,,,unassigned,,,,,,,,,,,,
2147,1482,428.8500236423711,428.84985702496937,,1629099.7553304697,241.12338840925065,382038.09487378167,9.024511920453063,-1,,,,,,,,unassigned,,,,,,,,,,,,
2148,1492,430.07093465898225,430.07076762962225,,1795265.2195181558,118.94262264590006,431474.7303215347,9.76564195158629,-1,,,,,,,,unassigned,,,,,,,,,,,,
2149,1493,430.10734413800935,430.1071770963665,,2276964.4560997006,131.69688637769616,499633.64405520685,12.689762130813053,-1,,,,,,,,unassigned,,,,,,,,,,,,
2150,1494,430.835668486194,430.8355011988802,,8934779.62387176,74.90217641645113,521905.86073265615,48.67496858608059,-1,,,,,,,,unassigned,,,,,,,,,,,,
2151,1505,431.83522518642997,431.83505756204903,,2713240.655420736,212.4393526508451,502248.37483275885,14.765483458610994,-1,,,,,,,,unassigned,,,,,,,,,,,,
2152,1512,433.19999126243374,433.19982317800486,,1984711.1692801956,75.30506320498496,420463.34468008357,10.784695744394472,-1,,,,,,,,unassigned,,,,,,,,,,,,
2153,1513,434.04482411946753,434.0446557503552,,1546132.4437127165,133.7661034867911,412690.2500128175,8.42408514711017,-1,,,,,,,,unassigned,,,,,,,,,,,,
2154,1514,434.6629636685315,434.66279509117334,,3065794.507900983,146.0286504577715,494901.10955373,17.149080231672926,-1,,,,,,,,unassigned,,,,,,,,,,,,
2155,1519,435.1792971606298,435.1791284093549,,2879183.4432201735,123.42114155151475,523983.9666976955,15.737868349082783,-1,,,,,,,,unassigned,,,,,,,,,,,,
2156,1520,435.2157056218098,435.21553685827246,,2061569.4674868903,196.37331198292787,512472.2625810932,11.603142912234265,-1,,,,,,,,unassigned,,,,,,,,,,,,
2157,1524,436.13316563142206,436.13299655893104,,1603942.2115591145,91.64149496159446,470857.124215602,8.895650025942118,-1,,,,,,,,unassigned,,,,,,,,,,,,
2158,1525,436.17453431820906,436.17436523178935,,2925250.4647834827,137.4299143094559,464881.1745602076,16.368943356795846,-1,,,,,,,,unassigned,,,,,,,,,,,,
2159,1526,436.66001320429797,436.6598439544326,,8414442.45878376,176.05886234608224,511204.6918847857,46.067082461491495,-1,,,,,,,,unassigned,,,,,,,,,,,,
2160,1527,437.01504667311656,437.0148773037385,,1650635.6291380886,158.84947112560164,428140.71041971014,8.993167135301753,-1,,,,,,,,unassigned,,,,,,,,,,,,
2161,1530,437.08974375180844,437.08957435728735,,8742729.402946394,138.44938284736256,505319.7919317404,48.51894121110517,-1,,,,,,,,unassigned,,,,,,,,,,,,
2162,1533,437.1585384624295,437.15836904475253,,1518405.7806309855,182.8250885138534,469382.92878698575,8.380202447898334,-1,,,,,,,,unassigned,,,,,,,,,,,,
2163,1534,437.19493813537406,437.1947687054455,,2249009.8466542726,288.1984864912064,514513.140053491,12.243969630883294,-1,,,,,,,,unassigned,,,,,,,,,,,,
2164,1537,438.08932996826434,438.0891602373399,,1956372.5996318867,157.37391924595812,507875.6126864692,10.736633740495796,-1,,,,,,,,unassigned,,,,,,,,,,,,
2165,1538,438.09309272894615,438.09292299675565,,2028951.5267948057,63.646664803639,490810.4345508021,11.05704709982031,-1,,,,,,,,unassigned,,,,,,,,,,,,
2166,1540,438.6570659311131,438.6568960091693,,9415107.287258422,152.8014724609322,500767.29486843315,52.519928897974765,-1,,,,,,,,unassigned,,,,,,,,,,,,
2167,1541,438.8718052975847,438.87163530339916,,17291218.461201563,118.94800511523333,504263.2554137524,95.6559256724281,-1,,,,,,,,unassigned,,,,,,,,,,,,
2168,1544,439.0867554868097,439.08658542031645,,3068286.6436995245,180.22151572934,428236.06601658,16.793839333291398,-1,,,,,,,,unassigned,,,,,,,,,,,,
2169,1549,439.21061615952567,439.2104460513689,,1616346.9123349257,102.22920557482215,470847.67958789854,9.032173979045606,-1,,,,,,,,unassigned,,,,,,,,,,,,
2170,1550,439.8713945026643,439.87122417226647,,4796275.40502478,138.9846108664841,510592.7688877771,26.190309370873354,-1,,,,,,,,unassigned,,,,,,,,,,,,
2171,1554,440.12806066808,440.12789025136976,,1630217.2825203026,88.24831738479459,426042.0828699834,9.01197400639254,-1,,,,,,,,unassigned,,,,,,,,,,,,
2172,1555,440.6541178823262,440.6539472887342,,6486243.41957633,57.14559404503257,479281.68222990254,36.27079227553504,-1,,,,,,,,unassigned,,,,,,,,,,,,
2173,1556,440.6799127391514,440.67974213688683,,8585918.807908278,95.71048911967485,504799.6760515349,47.0311087425896,-1,,,,,,,,unassigned,,,,,,,,,,,,
2174,1557,440.86883255598707,440.86866189020776,,5986561.341583652,139.9023925005023,490677.6927413786,32.64036960423206,-1,,,,,,,,unassigned,,,,,,,,,,,,
2175,1566,441.8684061374754,441.86823513570425,,1690769.4234502763,224.38651734487775,440582.55301960115,9.390201080551694,-1,,,,,,,,unassigned,,,,,,,,,,,,
2176,1569,442.6511467505448,442.6509754857421,,3050699.885354969,80.85978667511282,482788.37111859635,16.77015660673263,-1,,,,,,,,unassigned,,,,,,,,,,,,
2177,1570,442.67696467788807,442.67679340441066,,22719141.56745094,102.85650103490619,503868.63723432773,123.83001166798887,-1,,,,,,,,unassigned,,,,,,,,,,,,
2178,1581,444.1230300111985,444.1228582519642,,1885057.2120576561,221.71352301190106,384410.4385018332,10.255317150727883,-1,,,,,,,,unassigned,,,,,,,,,,,,
2179,1583,444.674018649452,444.67384670519095,,27070593.532407936,108.4811533749617,505136.09295912966,147.42357972677138,-1,,,,,,,,unassigned,,,,,,,,,,,,
2180,1584,444.8513527993277,444.85118079552325,,5078488.722056177,202.65571715318822,469812.3218046641,28.50007176113442,-1,,,,,,,,unassigned,,,,,,,,,,,,
2181,1598,446.6710679542643,446.670895339651,,17884022.478346795,87.02816812333842,496558.4296905121,97.89603298457513,-1,,,,,,,,unassigned,,,,,,,,,,,,
2182,1599,446.8481421184194,446.8479694443882,,1549950.4988771041,96.64560790077469,391525.0092961011,8.47841610803911,-1,,,,,,,,unassigned,,,,,,,,,,,,
2183,1608,447.1793222997164,447.1791495145653,,1505055.739878491,66.32774994370575,596272.0719972973,8.220692319017216,-1,,,,,,,,unassigned,,,,,,,,,,,,
2184,1610,447.50666152130185,447.50648862633136,,1475289.814991298,138.71949164567795,485833.7346081602,8.026354651079087,-1,,,,,,,,unassigned,,,,,,,,,,,,
2185,1611,448.0524415008254,448.0522684227762,,1947347.3304061054,140.72945288253234,498227.35794955614,10.769371627209388,-1,,,,,,,,unassigned,,,,,,,,,,,,
2186,1612,448.0604515675215,448.06027848678553,,1753414.7558515812,142.27330885899568,434308.9555210806,9.669517943788934,-1,,,,,,,,unassigned,,,,,,,,,,,,
2187,1614,448.66810706912565,448.66793378459346,,7065220.961513344,240.04698767105313,477644.74848189973,39.61702222813279,-1,,,,,,,,unassigned,,,,,,,,,,,,
2188,1615,448.846234834392,448.8460614901267,,13775002.235659542,136.69590782314765,498170.6661824148,75.29992564438545,-1,,,,,,,,unassigned,,,,,,,,,,,,
2189,1622,449.1500920728827,449.14991862673014,,2499064.2160935025,177.76515920681268,481231.05359252275,13.946339739990062,-1,,,,,,,,unassigned,,,,,,,,,,,,
2190,1623,449.1586271737984,449.158453724784,,1545171.873400769,124.6018522770993,367405.18357655755,8.547374635371993,-1,,,,,,,,unassigned,,,,,,,,,,,,
2191,1624,449.19491542736614,449.19474196618455,,2559539.2843232066,195.11678782429377,464887.7281428858,14.015994818104087,-1,,,,,,,,unassigned,,,,,,,,,,,,
2192,1625,449.8458148371186,449.84564115771866,,3840639.424330161,102.04982056511608,530952.0625776702,21.3868951841302,-1,,,,,,,,unassigned,,,,,,,,,,,,
2193,1627,450.19019219291806,450.1900183980818,,9416832.330515025,119.89990765250101,489012.7425077953,51.383158023153875,-1,,,,,,,,unassigned,,,,,,,,,,,,
2194,1628,450.66509144669254,450.6649174926896,,1875621.2347401304,149.97044888870275,508142.40479240555,10.205862045266926,-1,,,,,,,,unassigned,,,,,,,,,,,,
2195,1629,450.8430390425234,450.8428650288861,,2929817.82738662,122.8207195317892,454842.9951430441,16.030419677161685,-1,,,,,,,,unassigned,,,,,,,,,,,,
2196,1637,451.210640513491,451.21046637667257,,2439104.1385840457,81.05947682571366,402050.38833031006,13.545823040834419,-1,,,,,,,,unassigned,,,,,,,,,,,,
2197,1639,452.0553288314181,452.05515441160463,,2866451.0264405534,114.51720283519127,498637.9868074193,15.61806161472666,-1,,,,,,,,unassigned,,,,,,,,,,,,
2198,1643,452.1872614824301,452.18708701842235,,3154813.5642753746,104.6759506187279,509916.93004600384,17.174156059793976,-1,,,,,,,,unassigned,,,,,,,,,,,,
2199,1644,452.887455552016,452.88728085349123,,6630933.316534957,89.94688120398432,486009.298106619,36.64414349422621,-1,,,,,,,,unassigned,,,,,,,,,,,,
2200,1650,453.2262520177971,453.2260772058177,,1677695.4852743845,63.789892644498345,434117.62207662995,9.160339322775412,-1,,,,,,,,unassigned,,,,,,,,,,,,
2201,1651,453.887156392464,453.8869813591996,,1720697.3946884905,139.1158692302786,499701.2515078126,9.370001107898627,-1,,,,,,,,unassigned,,,,,,,,,,,,
2202,1656,454.6311102292257,454.6309349469259,,2276856.586569623,292.50314805044434,517319.10625217453,12.579707107392894,-1,,,,,,,,unassigned,,,,,,,,,,,,
2203,1657,454.8844654996141,454.8842901325183,,2932888.3108668886,129.62862447838893,429977.488184751,15.967730106859063,-1,,,,,,,,unassigned,,,,,,,,,,,,
2204,1663,455.2055396516488,455.20536417710196,,1825362.8111678394,199.30649204125598,452974.3514170925,10.184965521832718,-1,,,,,,,,unassigned,,,,,,,,,,,,
2205,1667,456.0502701016628,456.0500943444706,,1738505.090178113,161.14472987809563,369679.3354032062,9.456373404760019,-1,,,,,,,,unassigned,,,,,,,,,,,,
2206,1681,458.6463176171487,458.6461409918048,,3989869.811541551,152.51509050054642,442567.487926789,22.265942269929194,-1,,,,,,,,unassigned,,,,,,,,,,,,
2207,1682,458.6509632838196,458.6507866569227,,5159936.141116801,146.8896038269092,453955.0676700599,28.976512495434353,-1,,,,,,,,unassigned,,,,,,,,,,,,
2208,1694,460.64425321964063,460.644075926656,,5282650.058117633,77.07174298083468,430300.40112745314,29.425091198488673,-1,,,,,,,,unassigned,,,,,,,,,,,,
2209,1695,460.64796237448166,460.6477850802579,,4514765.670629327,124.72893701266543,497468.82617871976,25.011745449184055,-1,,,,,,,,unassigned,,,,,,,,,,,,
2210,1700,461.23144829687226,461.23127080774924,,1541845.973572262,153.46512958917884,469840.07642921363,8.391347260396577,-1,,,,,,,,unassigned,,,,,,,,,,,,
2211,1704,462.6450385860339,462.6448606248874,,3414207.2588074883,153.71337362096455,460722.26685690694,18.590940348633243,-1,,,,,,,,unassigned,,,,,,,,,,,,
2212,1705,462.79610556710264,462.7959275555249,,2039568.5979605487,66.69313303215822,491529.6677605617,11.192177951361518,-1,,,,,,,,unassigned,,,,,,,,,,,,
2213,1706,462.86191822725493,462.8617401937075,,6039722.038966753,132.42316625011307,484611.90660432784,33.27841011975653,-1,,,,,,,,unassigned,,,,,,,,,,,,
2214,1713,463.1378711135241,463.1376929878625,,1504935.4307310965,216.2837651157729,363395.0144682492,8.211985434252963,-1,,,,,,,,unassigned,,,,,,,,,,,,
2215,1715,463.17420578060353,463.17402764281394,,1573151.312146674,251.26350864873473,510681.4604999784,8.579415971304444,-1,,,,,,,,unassigned,,,,,,,,,,,,
2216,1716,463.2106256163666,463.2104474664207,,1894183.1563722724,157.2927210190179,521367.1749410135,10.318703271811646,-1,,,,,,,,unassigned,,,,,,,,,,,,
2217,1717,463.86134682543786,463.8611684583164,,1855951.7293631937,150.28334973279874,514648.45948404184,10.111131139031851,-1,,,,,,,,unassigned,,,,,,,,,,,,
2218,1721,464.6421044703605,464.64192584272456,,1735772.422197235,83.64806197377112,429071.59586493275,9.46403546335256,-1,,,,,,,,unassigned,,,,,,,,,,,,
2219,1722,464.79318086871507,464.79300219067727,,2878605.244447213,171.76115048926778,443166.80550587,15.822847544381892,-1,,,,,,,,unassigned,,,,,,,,,,,,
2220,1723,464.8042312249643,464.80405254324,,1487073.0341115152,227.18592924069006,419263.66684930114,8.107154541691356,-1,,,,,,,,unassigned,,,,,,,,,,,,
2221,1724,464.858750140151,464.85857144023885,,1701493.212498718,65.2053698491076,506614.2926186961,9.49050439303589,-1,,,,,,,,unassigned,,,,,,,,,,,,
2222,1725,465.02335699393046,465.02317823910636,,2850677.103594064,111.3162349198859,388486.3733077799,15.502434185057378,-1,,,,,,,,unassigned,,,,,,,,,,,,
2223,1730,465.1687364314575,465.16855762813805,,10784513.123500772,179.3446021717021,471641.8197638257,59.02292699070013,-1,,,,,,,,unassigned,,,,,,,,,,,,
2224,1731,465.1898892383616,465.1897104279862,,1910067.1883201732,120.30855518328718,510002.93360345025,10.58060636552038,-1,,,,,,,,unassigned,,,,,,,,,,,,
2225,1732,465.22632822419587,465.22614940166574,,2060221.259700356,82.55152023545216,413708.8438102395,11.263226131037824,-1,,,,,,,,unassigned,,,,,,,,,,,,
2226,1733,466.026630608884,466.0264515194365,,1476240.914798626,240.3868828035626,394803.2225292133,8.042375319045313,-1,,,,,,,,unassigned,,,,,,,,,,,,
2227,1739,466.9032678303948,466.90308844864995,,1960476.1526819752,121.82348037953152,411782.6999563601,10.72130962331071,-1,,,,,,,,unassigned,,,,,,,,,,,,
2228,1740,467.02039512108075,467.02021570028836,,2602464.8103672373,343.27746398473937,449082.98679438233,14.463180419596126,-1,,,,,,,,unassigned,,,,,,,,,,,,
2229,1741,467.02355294753994,467.02337352569486,,2099784.2844475973,206.02393959651766,405314.38707818865,11.580853287237778,-1,,,,,,,,unassigned,,,,,,,,,,,,
2230,1744,467.08098103456115,467.08080159357144,,1865490.8880298333,125.00946945736115,463331.2186483411,10.165462099960791,-1,,,,,,,,unassigned,,,,,,,,,,,,
2231,1748,467.16579441012306,467.16561494086,,3965090.0355980163,120.86098425181532,476844.320730075,22.104342488704656,-1,,,,,,,,unassigned,,,,,,,,,,,,
2232,1754,468.1692231037314,468.16904330002495,,1851890.0063719987,272.7614842298599,355059.03314209165,10.088144963254225,-1,,,,,,,,unassigned,,,,,,,,,,,,
2233,1765,470.1386529161287,470.13847245632564,,1531669.4841898573,111.19916669527584,490458.5077131975,8.335623197905358,-1,,,,,,,,unassigned,,,,,,,,,,,,
2234,1770,471.09330834984894,471.0931275721621,,1501472.1337862771,301.71533730568524,360369.0544757716,8.176113069024241,-1,,,,,,,,unassigned,,,,,,,,,,,,
2235,1790,474.07614994374495,474.0759681734561,,1479173.5126963381,186.28212692068263,476770.5144245213,8.383685201804035,-1,,,,,,,,unassigned,,,,,,,,,,,,
2236,1791,474.28614345254334,474.285961612411,,1549617.293830735,164.75447312587266,386631.0112352315,8.526478111937786,-1,,,,,,,,unassigned,,,,,,,,,,,,
2237,1800,475.29465928314755,475.2944771076505,,2475435.498333877,59.34111224749382,475705.59113530925,13.570202318174328,-1,,,,,,,,unassigned,,,,,,,,,,,,
2238,1804,476.0917673238333,476.0915848833492,,1529140.4347580737,172.6418306620772,447550.4152044472,8.3398025025922,-1,,,,,,,,unassigned,,,,,,,,,,,,
2239,1806,476.87754623241386,476.87736353077594,,1795613.7511567103,101.98137628376946,424694.3957494428,9.777483314865673,-1,,,,,,,,unassigned,,,,,,,,,,,,
2240,1807,477.0289406296832,477.0287578777369,,1552465.0406576782,167.64151028294924,467326.6395261433,8.505581588503578,-1,,,,,,,,unassigned,,,,,,,,,,,,
2241,1813,477.1899168435287,477.1897340380928,,2129056.6275112177,179.3876491742594,420154.8025191159,11.598963607547423,-1,,,,,,,,unassigned,,,,,,,,,,,,
2242,1814,477.22628367139106,477.22610085387146,,2103169.374360153,241.46747384279936,403505.95785579603,11.458260349757094,-1,,,,,,,,unassigned,,,,,,,,,,,,
2243,1818,478.2703602408613,478.27017707648486,,1516525.012913967,161.64646375764002,330576.94729175704,8.269450873697034,-1,,,,,,,,unassigned,,,,,,,,,,,,
2244,1825,479.14798686746497,479.1478034116195,,6853562.108103173,125.07039853020075,465392.6111486411,37.54965950970853,-1,,,,,,,,unassigned,,,,,,,,,,,,
2245,1827,479.1691257283639,479.168942265499,,1679588.5627174366,262.40673727445494,388551.4313674067,9.171484135273657,-1,,,,,,,,unassigned,,,,,,,,,,,,
2246,1828,479.20550326473,479.2053197897856,,2415044.694363396,111.38903485490424,451047.53650615085,13.329195747899801,-1,,,,,,,,unassigned,,,,,,,,,,,,
2247,1832,480.2007907994845,480.2006069941013,,2392719.316627715,129.09555038705273,447429.7735920817,13.04221682607002,-1,,,,,,,,unassigned,,,,,,,,,,,,
2248,1840,481.1636441263911,481.16346000143903,,126563441.47126065,145.87133681823187,465172.3743744709,689.3289426413867,-1,,,,,,,,unassigned,,,,,,,,,,,,
2249,1847,482.2495727875362,482.24938830228666,,1884444.2494954239,23.335097443060324,491813.440267736,10.615433904577392,-1,,,,,,,,unassigned,,,,,,,,,,,,
2250,1848,482.81481385572414,482.814629182985,,3932411.424906542,85.84359644757771,440936.40856432664,21.737956777824884,-1,,,,,,,,unassigned,,,,,,,,,,,,
2251,1856,483.16069678971166,483.1605120022607,,38000096.66471746,86.0892049359299,464294.05050603824,208.25196634218705,-1,,,,,,,,unassigned,,,,,,,,,,,,
2252,1857,483.1678350069865,483.1676502171683,,1850201.3175217337,214.00142900021015,395450.8574287019,10.212827553078329,-1,,,,,,,,unassigned,,,,,,,,,,,,
2253,1858,483.17036540626606,483.17018061560873,,4275812.958301003,135.5191945347351,451399.9868926751,23.333058066636056,-1,,,,,,,,unassigned,,,,,,,,,,,,
2254,1860,483.8144653675055,483.81428036326787,,1893702.3896194086,142.81204328987025,451244.0728384623,10.32845498274761,-1,,,,,,,,unassigned,,,,,,,,,,,,
2255,1865,484.11003163096234,484.10984652873145,,1553829.401464818,247.19910609613126,393236.7284688612,8.467967846322004,-1,,,,,,,,unassigned,,,,,,,,,,,,
2256,1866,484.11799245171227,484.11780734684214,,2457726.6948382324,206.96107830381925,389438.9260844239,13.733195200961147,-1,,,,,,,,unassigned,,,,,,,,,,,,
2257,1867,484.16406827335953,484.1638831532141,,10220196.994571129,98.9481619887865,459340.6632189288,55.969248366181276,-1,,,,,,,,unassigned,,,,,,,,,,,,
2258,1868,484.7780197791191,484.77783445545526,,1476968.7802811866,60.68963387600908,450228.3058369903,8.153823444027752,-1,,,,,,,,unassigned,,,,,,,,,,,,
2259,1869,484.81184315728655,484.8116578224118,,3588226.409498071,157.85707969479944,466941.706596179,20.170717520259327,-1,,,,,,,,unassigned,,,,,,,,,,,,
2260,1870,484.8229229841789,484.82273764563166,,15330577.322041035,167.7252651525884,464458.67172949406,83.50250764309303,-1,,,,,,,,unassigned,,,,,,,,,,,,
2261,1872,485.0058905119236,485.0057051127333,,2768452.5154411946,132.27867486183337,488461.62868363585,15.325510286647754,-1,,,,,,,,unassigned,,,,,,,,,,,,
2262,1880,485.8225055168618,485.82231984705527,,4578426.028752056,253.19886661470633,455471.76285388955,24.93930416794547,-1,,,,,,,,unassigned,,,,,,,,,,,,
2263,1881,486.06089141094685,486.0607056621557,,1546425.299422011,77.38198543276766,414503.27024889033,8.657429658792152,-1,,,,,,,,unassigned,,,,,,,,,,,,
2264,1883,486.8198881787907,486.8197021785613,,5859869.594823815,105.31782853661826,447562.04718319717,31.879736151226908,-1,,,,,,,,unassigned,,,,,,,,,,,,
2265,1894,487.81947178236686,487.8192854510929,,2270548.002590118,116.40203712689663,396004.15026367846,12.382583236330204,-1,,,,,,,,unassigned,,,,,,,,,,,,
2266,1896,488.0555052171411,488.0553188077128,,1586901.9174561405,125.94025434285982,451354.987336243,8.663002065041274,-1,,,,,,,,unassigned,,,,,,,,,,,,
2267,1897,488.07643501143883,488.07624859508064,,1811338.7621569983,111.75324712836816,482769.8950692561,9.87987627969329,-1,,,,,,,,unassigned,,,,,,,,,,,,
2268,1898,488.79431127546474,488.7941246214449,,1491463.704651482,204.00471028613188,434891.0553780065,8.213726811205815,-1,,,,,,,,unassigned,,,,,,,,,,,,
2269,1906,490.80242587231515,490.8022385537796,,3427294.6213567313,456.35945853202395,404885.38923221244,18.904388200146354,-1,,,,,,,,unassigned,,,,,,,,,,,,
2270,1916,491.20552872530425,491.20534127342825,,1655680.7777470194,168.2560532997799,371269.85686802625,9.04471189310613,-1,,,,,,,,unassigned,,,,,,,,,,,,
2271,1917,491.2419011714344,491.24171370752777,,1832180.8963881503,162.1939108321983,452265.9131802922,9.975303736709504,-1,,,,,,,,unassigned,,,,,,,,,,,,
2272,1921,492.6215474964452,492.6213595763098,,1797530.353382065,115.18716061020162,470725.5724221454,9.9648554749924,-1,,,,,,,,unassigned,,,,,,,,,,,,
2273,1933,494.6186787400509,494.618490159857,,4434078.455394648,149.35381545759589,425197.42132440535,24.18424312118944,-1,,,,,,,,unassigned,,,,,,,,,,,,
2274,1938,495.1429107711631,495.14272201778005,,8057356.678187092,132.0923501942626,427752.2037616764,44.024795571188285,-1,,,,,,,,unassigned,,,,,,,,,,,,
2275,1940,496.04531576839014,496.0451267169513,,1622937.2203399688,274.1034525100256,362192.9098533319,9.047498096230692,-1,,,,,,,,unassigned,,,,,,,,,,,,
2276,1945,496.6157227719585,496.6155335321648,,4772829.07859472,108.92871896766083,422954.6116111984,26.56087438643997,-1,,,,,,,,unassigned,,,,,,,,,,,,
2277,1946,496.8305157538167,496.8303264431052,,3792794.440448422,141.4969068576426,420021.18543198076,20.957819902947808,-1,,,,,,,,unassigned,,,,,,,,,,,,
2278,1951,497.0929113111809,497.0927219138412,,93214678.76738748,188.7901696621242,435401.6813652637,511.72521066937065,-1,,,,,,,,unassigned,,,,,,,,,,,,
2279,1954,497.15857269226944,497.1583832732533,,12487952.162028356,149.64708795031495,440988.8214118616,69.39874742656527,-1,,,,,,,,unassigned,,,,,,,,,,,,
2280,1956,497.21614095593395,497.2159515179135,,1585080.289638252,203.47105745679704,450720.37101555744,8.835050107982916,-1,,,,,,,,unassigned,,,,,,,,,,,,
2281,1957,497.6773193042337,497.6771297139825,,1841148.6834609292,120.80459530906606,442881.2468158575,10.033117451544145,-1,,,,,,,,unassigned,,,,,,,,,,,,
2282,1958,497.7880478144817,497.78785818768336,,1563726.3121497023,174.57835077076646,396048.7294001463,8.522995358032084,-1,,,,,,,,unassigned,,,,,,,,,,,,
2283,1960,498.0609181433573,498.06072842650104,,1545855.7876942486,127.1709919800529,415159.6983813419,8.53692637365489,-1,,,,,,,,unassigned,,,,,,,,,,,,
2284,1963,498.0962605108544,498.0960707823344,,11429952.522692785,209.68062194687332,427572.95889646735,62.37751555267156,-1,,,,,,,,unassigned,,,,,,,,,,,,
2285,1965,498.6127219502308,498.61253205128213,,3381253.11404925,117.97047380503571,462786.1102865518,18.971257075135817,-1,,,,,,,,unassigned,,,,,,,,,,,,
2286,1966,498.6385793091515,498.6383894016708,,4771934.2645467715,125.95675275003185,429065.5283627602,26.140157714631258,-1,,,,,,,,unassigned,,,,,,,,,,,,
2287,1967,498.8275129936397,498.8273230238199,,2150678.720394372,47.8559129009491,428309.84687945235,11.791211623142132,-1,,,,,,,,unassigned,,,,,,,,,,,,
2288,1968,498.83859447689446,498.8384045034184,,9955281.927006027,222.36425427823622,441479.96924988425,55.255980366293656,-1,,,,,,,,unassigned,,,,,,,,,,,,
2289,1973,499.08987948962425,499.0896894332425,,40564301.040148996,233.7432141592882,428642.46175565786,225.91649415190375,-1,,,,,,,,unassigned,,,,,,,,,,,,
2290,1974,499.0919351993778,499.0917451423178,,3422935.941036888,108.97867848244697,481133.44136627903,18.631340293939374,-1,,,,,,,,unassigned,,,,,,,,,,,,
2291,1978,499.1556571041796,499.1554670260971,,3839306.355353385,200.39134422070507,395538.3226194886,21.13892310604427,-1,,,,,,,,unassigned,,,,,,,,,,,,
2292,1981,499.8381562191027,499.8379659158843,,2749864.694535292,125.8395320908712,436935.7436124535,15.389592958512658,-1,,,,,,,,unassigned,,,,,,,,,,,,
2293,1982,500.0470447092376,500.0468543371232,,1650040.7758150543,131.88097447547472,418274.4698425029,9.039139486857009,-1,,,,,,,,unassigned,,,,,,,,,,,,
2294,1985,500.0932428132047,500.0930524258538,,5903721.582980913,230.92251719401278,430760.6596414107,32.27816319803913,-1,,,,,,,,unassigned,,,,,,,,,,,,
2295,1987,500.6098176306633,500.60962707295755,,1988363.3481411445,28.345558698122407,390358.4764643818,11.076550521692237,-1,,,,,,,,unassigned,,,,,,,,,,,,
2296,1988,500.6356060366779,500.63541547046844,,14888659.443635799,121.33994585501826,432576.67257980263,82.87282573694225,-1,,,,,,,,unassigned,,,,,,,,,,,,
2297,1989,500.8355275038005,500.83533687166965,,3976126.2443702347,155.33713543838988,398379.31688362046,22.16842516056956,-1,,,,,,,,unassigned,,,,,,,,,,,,
2298,1996,501.0930577112174,501.09286699417584,,1639102.6627187454,106.77098688052718,338231.75224198576,8.947194783746497,-1,,,,,,,,unassigned,,,,,,,,,,,,
2299,2002,501.83515089614167,501.83495993446326,,1486616.9823072115,104.17299643853143,368268.5805451565,8.096358004583683,-1,,,,,,,,unassigned,,,,,,,,,,,,
2300,2003,502.0627449253836,502.06255388868897,,1632045.7554536748,95.75231449477813,498516.5076229885,8.998042990769735,-1,,,,,,,,unassigned,,,,,,,,,,,,
2301,2004,502.0862135562752,502.08602251184544,,1645278.081392822,70.74458918486403,411530.8571737233,9.084415287631126,-1,,,,,,,,unassigned,,,,,,,,,,,,
2302,2005,502.6326468684433,502.6324556439303,,18470728.54723753,192.22351195251466,444202.5436139257,102.04747564017102,-1,,,,,,,,unassigned,,,,,,,,,,,,
2303,2017,504.1148037049025,504.11461199209,,1657646.5461657543,124.31593253466205,378149.19340556714,9.119242826688138,-1,,,,,,,,unassigned,,,,,,,,,,,,
2304,2018,504.3215344771449,504.3213426962433,,1842089.7129685536,149.8708609724904,451968.17992457206,10.253227498384463,-1,,,,,,,,unassigned,,,,,,,,,,,,
2305,2019,504.5939099344526,504.5937180638482,,1574194.5501495427,206.9868285879873,421946.9991559688,8.59822284239523,-1,,,,,,,,unassigned,,,,,,,,,,,,
2306,2020,504.62971588282284,504.62952400042684,,14120486.739067735,388.39752388369897,443265.9101704136,78.15299764393592,-1,,,,,,,,unassigned,,,,,,,,,,,,
2307,2021,504.8180582464784,504.81786630206005,,2143496.467044487,142.400210621755,406310.2047307483,11.89360458796975,-1,,,,,,,,unassigned,,,,,,,,,,,,
2308,2027,506.0943704130228,506.0941780484073,,1795344.1115701494,128.182954961038,402013.88251306955,10.047048467166949,-1,,,,,,,,unassigned,,,,,,,,,,,,
2309,2028,506.1386794525273,506.1384870733272,,1539497.9474878113,288.20680687744283,347084.90865917347,8.547722910762564,-1,,,,,,,,unassigned,,,,,,,,,,,,
2310,2029,506.5917108377704,506.59151830946433,,2007825.0032890313,68.43910416512107,475239.32044627273,11.010378197483913,-1,,,,,,,,unassigned,,,,,,,,,,,,
2311,2030,506.626772829034,506.6265802891889,,7391007.472260473,87.42265499362895,431095.6047159401,40.210483493664285,-1,,,,,,,,unassigned,,,,,,,,,,,,
2312,2039,508.19565371617534,508.19546066014203,,2123461.5930302464,144.89965460494935,439431.0904411528,11.611501521607948,-1,,,,,,,,unassigned,,,,,,,,,,,,
2313,2040,508.6237898666903,508.62359666983906,,2634120.916825043,183.76421747638923,442180.67460894666,14.368449513361053,-1,,,,,,,,unassigned,,,,,,,,,,,,
2314,2041,508.8130174766654,508.81282421758175,,8479194.259548366,128.07025864255803,438358.3882889501,46.54909560204055,-1,,,,,,,,unassigned,,,,,,,,,,,,
2315,2049,509.8125865434395,509.8123929556857,,2665735.031462661,134.62754728668236,459854.99453157256,14.64428362269259,-1,,,,,,,,unassigned,,,,,,,,,,,,
2316,2052,510.8099816606032,510.8097877450014,,1590664.1629701238,134.31309567341975,442455.92729506263,8.67693308066408,-1,,,,,,,,unassigned,,,,,,,,,,,,
2317,2056,511.1378540034722,511.13765998012076,,7203528.299236169,238.6349875457006,437448.24799003196,40.238345524909896,-1,,,,,,,,unassigned,,,,,,,,,,,,
2318,2061,512.1493243737923,512.1491300181116,,1552637.6570901922,220.07867193149266,370550.3189900254,8.451947178355779,-1,,,,,,,,unassigned,,,,,,,,,,,,
2319,2062,512.8542595877547,512.8540650005251,,3395510.9102070746,276.919392786104,424609.8296168696,18.685671254868314,-1,,,,,,,,unassigned,,,,,,,,,,,,
2320,2065,513.0674952855535,513.0673006282934,,1922928.844243158,223.0762630585953,409017.38064557716,10.454530674133995,-1,,,,,,,,unassigned,,,,,,,,,,,,
2321,2067,513.1055020593132,513.1053073895715,,3371715.3822299726,170.63355992221796,423568.0377722895,18.55889901270079,-1,,,,,,,,unassigned,,,,,,,,,,,,
2322,2073,514.1049697276743,514.1047747297582,,1668168.027650316,484.73081406222536,422177.5986742105,9.086504939974546,-1,,,,,,,,unassigned,,,,,,,,,,,,
2323,2074,514.5868984118248,514.5867032557062,,1907845.1442231578,126.55635605509667,431467.3667335535,10.408558322578738,-1,,,,,,,,unassigned,,,,,,,,,,,,
2324,2076,515.0315000654551,515.0313047634096,,1598385.0655590235,130.6529794480915,348860.9041191552,8.781067422444547,-1,,,,,,,,unassigned,,,,,,,,,,,,
2325,2082,516.5842212752713,516.5840254637596,,1842922.6741172816,65.43369698310919,369775.0711176642,10.16615865074193,-1,,,,,,,,unassigned,,,,,,,,,,,,
2326,2083,516.6095732154855,516.6093773956578,,3141524.3832596918,304.78901471556736,406607.16002033,17.335755841018514,-1,,,,,,,,unassigned,,,,,,,,,,,,
2327,2090,517.1718645714157,517.1716685671591,,1692989.5296044701,216.1006948912377,354387.906704882,9.261339186040749,-1,,,,,,,,unassigned,,,,,,,,,,,,
2328,2091,518.6066756531444,518.6064791784314,,4096640.788005824,128.70083589844657,380728.7981934971,22.91930690263875,-1,,,,,,,,unassigned,,,,,,,,,,,,
2329,2092,519.0395026154192,519.0393059988312,,1494944.9047198647,104.24384661627704,386162.3036431052,8.347464561184742,-1,,,,,,,,unassigned,,,,,,,,,,,,
2330,2096,519.3208315089179,519.3206348001248,,7762055.142717772,131.20624804423218,423880.35064939497,42.53974930579728,-1,,,,,,,,unassigned,,,,,,,,,,,,
2331,2099,520.6036748126535,520.6034776835188,,3214141.1108869636,72.71156240685411,427910.8695325272,17.600445137851807,-1,,,,,,,,unassigned,,,,,,,,,,,,
2332,2106,521.3178176179664,521.3176202549097,,2937423.1047239136,126.88333036387397,390945.55655642226,16.1794815443257,-1,,,,,,,,unassigned,,,,,,,,,,,,
2333,2107,522.0972623347384,522.0970647164323,,1526405.596377138,102.69768705168771,415703.3229232874,8.354430068996145,-1,,,,,,,,unassigned,,,,,,,,,,,,
2334,2108,522.8286832842565,522.8284854264873,,3476413.5591765884,141.1410292535392,402161.4969581406,19.31953246570594,-1,,,,,,,,unassigned,,,,,,,,,,,,
2335,2114,523.8282507462769,523.828052561348,,1681670.9457163638,298.84600117076457,393371.0091326635,9.163125525899973,-1,,,,,,,,unassigned,,,,,,,,,,,,
2336,2115,524.0765922263756,524.0763939601811,,1786909.5314172998,204.30367204519467,323504.0418483398,9.79489708439418,-1,,,,,,,,unassigned,,,,,,,,,,,,
2337,2122,525.5401085078614,525.5399097628897,,1608743.6927797287,109.05541978428144,412752.0620757182,8.945801682184216,-1,,,,,,,,unassigned,,,,,,,,,,,,
2338,2125,526.1487650640976,526.1485661200769,,1692089.1064862066,161.5546225245966,488000.4762280886,9.421545865703006,-1,,,,,,,,unassigned,,,,,,,,,,,,
2339,2129,527.0831660669628,527.0829668174426,,1688787.4559137686,105.58347059719374,345034.1975736216,9.220242689953475,-1,,,,,,,,unassigned,,,,,,,,,,,,
2340,2140,529.5339160802426,529.5337160299047,,1992963.187454554,232.00943118929666,439898.5045011526,11.24999166619616,-1,,,,,,,,unassigned,,,,,,,,,,,,
2341,2144,531.0628103207928,531.0626097711945,,1724567.7324538517,119.7540645754144,451633.30699601397,9.582449096146403,-1,,,,,,,,unassigned,,,,,,,,,,,,
2342,2150,532.1028205836719,532.1026196946024,,1693562.9253408432,249.5507846974295,411177.26847679424,9.411097603985901,-1,,,,,,,,unassigned,,,,,,,,,,,,
2343,2155,533.5791861210779,533.5789847503058,,5741377.713160694,141.31366145209356,404997.030538182,31.748784604372542,-1,,,,,,,,unassigned,,,,,,,,,,,,
2344,2162,535.2317366620351,535.2315347523544,,1718678.5860681036,177.83388635793304,385839.4508258572,9.372090760242049,-1,,,,,,,,unassigned,,,,,,,,,,,,
2345,2164,536.3081233668382,536.3079211062983,,2201270.186899059,211.74749071966806,411943.3966703767,12.391638396485027,-1,,,,,,,,unassigned,,,,,,,,,,,,
2346,2170,537.5728284083189,537.572625735695,,5739903.337922292,206.35492375591727,400874.54941645503,32.15696336212073,-1,,,,,,,,unassigned,,,,,,,,,,,,
2347,2171,538.1284834937385,538.1282806401179,,1556902.6919349406,252.47106905110965,353218.7261845054,8.616333162704878,-1,,,,,,,,unassigned,,,,,,,,,,,,
2348,2177,540.7946776905642,540.7944739689312,,1522628.3274925167,78.60384261877016,377678.4475245953,8.45368855530863,-1,,,,,,,,unassigned,,,,,,,,,,,,
2349,2178,541.0260542072804,541.0258504103562,,2005113.595109107,237.3977406204024,350091.34836302965,11.023612662325577,-1,,,,,,,,unassigned,,,,,,,,,,,,
2350,2184,541.1848221680506,541.1846183194657,,3700512.300744126,218.96590201767054,407934.68988700834,20.356000028042633,-1,,,,,,,,unassigned,,,,,,,,,,,,
2351,2186,541.5664944529254,541.5662904801612,,4962022.949674935,108.59633529982875,404282.18698146153,27.024777206679374,-1,,,,,,,,unassigned,,,,,,,,,,,,
2352,2188,542.7815867858174,542.78138241782,,3480693.7376631442,186.87372250704587,408108.2012504955,19.026981137627036,-1,,,,,,,,unassigned,,,,,,,,,,,,
2353,2195,543.1817021869693,543.1814976888614,,1489285.9741832842,220.50194701572968,334576.2077566467,8.224523348313488,-1,,,,,,,,unassigned,,,,,,,,,,,,
2354,2196,544.7785779867332,544.7783729695207,,3889782.343222627,77.51278650740868,411296.898928783,21.24479882477759,-1,,,,,,,,unassigned,,,,,,,,,,,,
2355,2197,544.7897211858582,544.7895161650241,,12733364.04857833,174.27557796193753,408111.7199692156,69.3541681765723,-1,,,,,,,,unassigned,,,,,,,,,,,,
2356,2203,545.5600158277203,545.5598105565817,,2200165.1915999125,91.0984990824653,315200.9693988587,12.023859584042976,-1,,,,,,,,unassigned,,,,,,,,,,,,
2357,2204,545.789234033671,545.7890286880612,,4682807.7715553995,170.925699024202,411306.0335936163,26.14573012088038,-1,,,,,,,,unassigned,,,,,,,,,,,,
2358,2205,546.7866582487192,546.7864525791194,,6103213.734450041,137.92553692372843,394666.22888119076,34.21178816648446,-1,,,,,,,,unassigned,,,,,,,,,,,,
2359,2208,547.094138801581,547.0939330321252,,1483014.3202908512,134.67932754934526,385320.55685347004,8.250644002606247,-1,,,,,,,,unassigned,,,,,,,,,,,,
2360,2211,547.7861843584078,547.7859783642431,,3087825.141773256,113.90492768055114,376802.0544535552,16.870459919216827,-1,,,,,,,,unassigned,,,,,,,,,,,,
2361,2213,548.7611504488738,548.760944138223,,2426479.0842472026,142.5971270509503,422682.4835573117,13.410692189293211,-1,,,,,,,,unassigned,,,,,,,,,,,,
2362,2214,548.7836123197194,548.7834060017783,,2159684.374738031,80.85818352150373,350080.7134147528,11.760563388771962,-1,,,,,,,,unassigned,,,,,,,,,,,,
2363,2219,550.7692491077831,550.7690421456012,,1510719.1751589926,189.1373821186711,391644.63040711044,8.323781834625974,-1,,,,,,,,unassigned,,,,,,,,,,,,
2364,2224,552.0713877648556,552.071180380425,,1807035.7498706763,106.33726590113953,381185.3162146543,9.900076252346357,-1,,,,,,,,unassigned,,,,,,,,,,,,
2365,2225,552.5773770066121,552.5771694581521,,3059865.8875134494,170.62124829057316,397322.80133158294,16.648956770814227,-1,,,,,,,,unassigned,,,,,,,,,,,,
2366,2233,554.574355028719,554.5741468331562,,3994382.9873963385,225.04531437860842,383555.4421644675,22.150314840259913,-1,,,,,,,,unassigned,,,,,,,,,,,,
2367,2240,556.5714246408058,556.5712157985406,,3012666.382765727,135.53043800118468,362636.1970476632,16.73463251689448,-1,,,,,,,,unassigned,,,,,,,,,,,,
2368,2241,556.5972604081113,556.5970515574826,,2566375.356542848,89.00678641391691,383823.7669365019,14.278594462593961,-1,,,,,,,,unassigned,,,,,,,,,,,,
2369,2242,556.7973446185403,556.7971357031433,,2505507.387855119,45.82170804050565,388234.04470310773,13.703940068153255,-1,,,,,,,,unassigned,,,,,,,,,,,,
2370,2246,557.0941779710724,557.0939689595972,,1556989.7515516418,218.5709051626741,339724.9155135034,8.535533272092609,-1,,,,,,,,unassigned,,,,,,,,,,,,
2371,2248,558.5684572453314,558.5682477568056,,2185829.476597489,135.612169901823,383725.60768359253,12.048935412164024,-1,,,,,,,,unassigned,,,,,,,,,,,,
2372,2249,558.5942820141787,558.5940725172985,,9809540.800911708,96.57780699385387,390970.4128251222,53.48116897594831,-1,,,,,,,,unassigned,,,,,,,,,,,,
2373,2250,558.7941904598663,558.7939808983178,,1885589.787395679,120.12671060718235,428604.34497355577,10.660709705351508,-1,,,,,,,,unassigned,,,,,,,,,,,,
2374,2251,558.8053716673729,558.8051621022075,,8671330.439928038,153.60070593515468,400739.04596834193,47.50754947688953,-1,,,,,,,,unassigned,,,,,,,,,,,,
2375,2257,559.7957480466777,559.7955381612009,,1623132.1561952075,193.2044101837335,281651.39948391926,8.843756992747169,-1,,,,,,,,unassigned,,,,,,,,,,,,
2376,2258,559.8048686055287,559.8046587171026,,3383918.5982507104,83.20748344378482,422660.09563020925,18.46974051271484,-1,,,,,,,,unassigned,,,,,,,,,,,,
2377,2259,560.5912952703522,560.591085127653,,12783049.542917542,159.38042535193426,406230.37327412143,69.58263683278629,-1,,,,,,,,unassigned,,,,,,,,,,,,
2378,2260,560.8023242107679,560.8021139998486,,4460469.562326122,198.35857276482506,370433.5945722534,24.650932144553405,-1,,,,,,,,unassigned,,,,,,,,,,,,
2379,2264,561.1618149626049,561.1616046354828,,1680533.5539801966,184.8877985509343,300169.41537158174,9.342139076653018,-1,,,,,,,,unassigned,,,,,,,,,,,,
2380,2265,562.5883332439658,562.5881224558696,,10959588.713731011,91.21428670817733,408648.4332642753,60.61384897482446,-1,,,,,,,,unassigned,,,,,,,,,,,,
2381,2271,564.5853908762008,564.585179443131,,6591478.123798669,129.29930747587503,400582.37548058387,36.33487494739994,-1,,,,,,,,unassigned,,,,,,,,,,,,
2382,2272,564.7974181763443,564.797206674823,,1801445.7764424465,202.02418182792815,346630.4044599428,9.79872811369045,-1,,,,,,,,unassigned,,,,,,,,,,,,
2383,2279,566.5825670470055,566.5823549693537,,2645987.746564818,255.5887753530055,397409.2410631308,14.66935945081364,-1,,,,,,,,unassigned,,,,,,,,,,,,
2384,2284,568.7800054023483,568.7797926159774,,1508576.5169120217,116.58808770273544,314247.3918058018,8.225219899094629,-1,,,,,,,,unassigned,,,,,,,,,,,,
2385,2290,570.5483287651846,570.5481154088709,,1787568.397472087,175.35362844882056,359446.0745131787,9.757979892993745,-1,,,,,,,,unassigned,,,,,,,,,,,,
2386,2292,571.1117168457808,571.1115033079541,,12217007.178029252,237.29171680908297,376104.57445812016,66.51224098952008,-1,,,,,,,,unassigned,,,,,,,,,,,,
2387,2295,572.1113290106892,572.1111151508904,,5304068.17955136,189.37636715834827,390743.9270954113,28.881781589199278,-1,,,,,,,,unassigned,,,,,,,,,,,,
2388,2297,572.8211382068887,572.8209241185278,,3253133.0100558572,159.64050486549093,392198.0413987081,17.821948286254408,-1,,,,,,,,unassigned,,,,,,,,,,,,
2389,2299,573.1087230829752,573.1085089020261,,6542344.466844651,223.21608277066588,351830.19110187475,35.74419988499301,-1,,,,,,,,unassigned,,,,,,,,,,,,
2390,2306,576.5651781980956,576.5649629050345,,3553749.8168787635,158.58393093579784,372075.72168853227,19.603725184411164,-1,,,,,,,,unassigned,,,,,,,,,,,,
2391,2307,576.8160025147101,576.8157871409965,,2391476.479697545,211.6354444548503,355668.8217502084,13.392581868983564,-1,,,,,,,,unassigned,,,,,,,,,,,,
2392,2312,578.1234789313377,578.1232631373153,,1556540.7476994193,191.6492137015611,328635.1259242343,8.542847055294581,-1,,,,,,,,unassigned,,,,,,,,,,,,
2393,2313,578.5623214637109,578.5621055286572,,3410696.585368177,154.78675879915914,364397.64875620045,18.996332903256867,-1,,,,,,,,unassigned,,,,,,,,,,,,
2394,2320,581.1512326039079,581.1510158372746,,1961160.4106357805,79.52116706146809,396826.8969073235,10.671854517849752,-1,,,,,,,,unassigned,,,,,,,,,,,,
2395,2321,582.3850974989705,582.3848803362637,,2187578.2548440974,172.15671693449966,367230.5175937752,12.081673298877616,-1,,,,,,,,unassigned,,,,,,,,,,,,
2396,2330,585.1272946665052,585.1270766241347,,1625891.660105815,111.17652586369303,372829.115646796,9.121680754422128,-1,,,,,,,,unassigned,,,,,,,,,,,,
2397,2333,586.7456820249173,586.7454634637679,,1582632.6590873366,163.76379178858048,351107.6067269796,8.842015615794319,-1,,,,,,,,unassigned,,,,,,,,,,,,
2398,2336,589.083568680783,589.0833493707154,,2329469.7862687944,154.29825244233942,401863.4910718714,12.776134427674444,-1,,,,,,,,unassigned,,,,,,,,,,,,
2399,2337,590.0871096720283,590.0868900406674,,1488778.3035316556,298.4414010498265,326836.6840337153,8.190044084647045,-1,,,,,,,,unassigned,,,,,,,,,,,,
2400,2339,591.0992273999653,591.0990074446752,,2165444.5866977996,99.45905401544385,312337.36271830957,12.06495608013025,-1,,,,,,,,unassigned,,,,,,,,,,,,
2401,2346,595.1073761326918,595.107154895674,,1544332.6218464554,181.79022493929983,317171.07858105353,8.422692045547889,-1,,,,,,,,unassigned,,,,,,,,,,,,
2402,2348,597.0737086099142,597.0734867447346,,1590293.004276509,138.6745024938134,385375.06284450827,8.832263904858355,-1,,,,,,,,unassigned,,,,,,,,,,,,
2403,2351,599.078077775705,599.0778552706416,,1612853.6891953275,239.00808256743767,354444.1202435189,8.90226725836295,-1,,,,,,,,unassigned,,,,,,,,,,,,
2404,2356,603.0628218196599,603.062598043775,,1534974.4757998816,83.79329270054376,376038.59257788706,8.354430068996145,-1,,,,,,,,unassigned,,,,,,,,,,,,
2405,2358,604.7454699309485,604.7452456189444,,1517623.5634523935,133.687210103654,326469.6932627582,8.328657690093955,-1,,,,,,,,unassigned,,,,,,,,,,,,
2406,2359,604.7564876810318,604.7562633655183,,9683116.37044182,179.365207680283,382909.00339659024,52.731680335441396,-1,,,,,,,,unassigned,,,,,,,,,,,,
2407,2363,605.7560463072007,605.7558216733571,,4275938.010567867,328.60206180693416,347989.3710943935,23.973884785285083,-1,,,,,,,,unassigned,,,,,,,,,,,,
2408,2364,606.7534502193623,606.7532252679823,,5813984.548586246,163.32786934307353,371839.3115803226,31.980039463711105,-1,,,,,,,,unassigned,,,,,,,,,,,,
2409,2365,607.0941283316844,607.0939032718697,,1929696.3157352845,200.59742852725998,289659.7761921459,10.562147769820163,-1,,,,,,,,unassigned,,,,,,,,,,,,
2410,2368,607.7530143617532,607.7527890922566,,2444809.222498633,320.33430035014925,305448.9022468835,13.364719837737955,-1,,,,,,,,unassigned,,,,,,,,,,,,
2411,2369,609.0737659226628,609.0735402329951,,2146322.1094498294,240.87482349565983,266399.40842526185,11.716332414169555,-1,,,,,,,,unassigned,,,,,,,,,,,,
2412,2371,611.0889002574428,611.0886739270622,,1875998.552720936,158.44587733492529,360965.6164974877,10.326365330404188,-1,,,,,,,,unassigned,,,,,,,,,,,,
2413,2374,612.5329529809051,612.5327261916564,,3315680.8402818297,144.9521351207217,363039.857602421,18.32764415336223,-1,,,,,,,,unassigned,,,,,,,,,,,,
2414,2375,612.5972354914956,612.5970086818254,,1657744.006025261,301.47225577067974,267420.6901600347,9.052025676308103,-1,,,,,,,,unassigned,,,,,,,,,,,,
2415,2377,613.141079801757,613.1408528193347,,1956834.4630494223,114.40354740846317,366327.5204500341,10.986695470925145,-1,,,,,,,,unassigned,,,,,,,,,,,,
2416,2379,616.5268860072911,616.5266579500844,,2040221.6704540409,119.33933136657232,353400.68100643903,11.237453752135634,-1,,,,,,,,unassigned,,,,,,,,,,,,
2417,2382,618.7721734069277,618.7719446376623,,5784899.231837707,144.0534040578711,347083.2576259141,31.988398073084788,-1,,,,,,,,unassigned,,,,,,,,,,,,
2418,2384,619.0940904351514,619.0938615638395,,1994979.800621361,77.15860669582163,331216.4655487959,10.895099043205201,-1,,,,,,,,unassigned,,,,,,,,,,,,
2419,2386,619.7718268519222,619.7715977658069,,2257418.8171908334,262.17338103133727,303480.294725997,12.268348908223203,-1,,,,,,,,unassigned,,,,,,,,,,,,
2420,2387,620.5468279233277,620.5465985916421,,2152911.019327946,293.83578535138633,294036.7530662739,11.795042652438404,-1,,,,,,,,unassigned,,,,,,,,,,,,
2421,2388,620.7691550978496,620.7689256957286,,3618257.0540002068,302.84076633975457,342874.40307267726,19.908117875769452,-1,,,,,,,,unassigned,,,,,,,,,,,,
2422,2390,622.7670811435966,622.7668511087506,,3664659.918268599,224.21319115248,385725.32048575085,20.148427895262838,-1,,,,,,,,unassigned,,,,,,,,,,,,
2423,2391,623.7667020252327,623.7664716739774,,1947798.343048052,195.00180181288587,334537.1689175531,10.63493732644932,-1,,,,,,,,unassigned,,,,,,,,,,,,
2424,2392,624.7205457675639,624.7203151144895,,1547316.2741503445,323.04002618193897,320710.4597445341,8.467967846322004,-1,,,,,,,,unassigned,,,,,,,,,,,,
2425,2393,624.7639752763057,624.7637446094916,,2377764.942848459,196.49791633650653,314416.4638145953,13.256754466661215,-1,,,,,,,,unassigned,,,,,,,,,,,,
2426,2395,628.7465655488438,628.7463336229206,,2233375.737773749,85.77310164392588,355407.30415490206,12.5434864667736,-1,,,,,,,,unassigned,,,,,,,,,,,,
2427,2396,632.7878892129029,632.7876560110495,,1539523.5395447349,249.75470362464876,313756.4926890548,8.573147014274182,-1,,,,,,,,unassigned,,,,,,,,,,,,
2428,2399,634.78465268797,634.7844188563465,,1853136.0587967485,132.14179623174013,353218.27655940445,10.337161867511863,-1,,,,,,,,unassigned,,,,,,,,,,,,
2429,2401,635.3495719858678,635.3493379761493,,1999790.9208792408,286.5213371841993,274959.01412991056,11.106502205281268,-1,,,,,,,,unassigned,,,,,,,,,,,,
2430,2402,636.7827106823203,636.7824762209484,,3597319.889067455,158.39202965577346,349172.78460304224,19.572380399259853,-1,,,,,,,,unassigned,,,,,,,,,,,,
2431,2404,638.7796480153481,638.7794129250112,,1720509.1369786651,256.66018063845803,273488.5007008864,9.417714836406734,-1,,,,,,,,unassigned,,,,,,,,,,,,
2432,2405,639.0839629737402,639.0837277875925,,1899926.8332291946,173.25615183355077,291396.9398972627,10.601502888954586,-1,,,,,,,,unassigned,,,,,,,,,,,,
2433,2406,642.7625191007536,642.7622827572357,,1662855.5406049066,243.67406143395021,291867.2032850614,9.081280809115993,-1,,,,,,,,unassigned,,,,,,,,,,,,
2434,2408,644.5425148994283,644.5422779964007,,1588290.1901341667,150.8656763991913,333412.4341041602,8.717681301360784,-1,,,,,,,,unassigned,,,,,,,,,,,,
2435,2409,653.4761748780089,653.4759351720041,,2206962.4774660408,184.00506829906107,338354.9923931286,12.144362869180238,-1,,,,,,,,unassigned,,,,,,,,,,,,
2436,2410,653.8134040946153,653.8131642829718,,1631414.2527081878,157.70412956395046,292704.3972371148,8.883112111881593,-1,,,,,,,,unassigned,,,,,,,,,,,,
2437,2411,658.2613986339472,658.2611574300943,,3237285.9696245235,94.54828772588667,335263.9889957034,17.71955532142679,-1,,,,,,,,unassigned,,,,,,,,,,,,
2438,2413,663.6314853811883,663.631242499355,,1557600.9758405087,284.34502894692673,283407.8308058098,8.475281629523977,-1,,,,,,,,unassigned,,,,,,,,,,,,
2439,2414,664.7233078087875,664.7230645861748,,2503650.859553344,156.73591518209173,319295.9964432571,13.631498786914669,-1,,,,,,,,unassigned,,,,,,,,,,,,
2440,2416,671.2675689368582,671.2673236743456,,1482725.336052522,242.94285592047203,331844.3737262553,8.104020063176225,-1,,,,,,,,unassigned,,,,,,,,,,,,
2441,2418,682.7338507880814,682.7336019625641,,4806811.557066226,168.66711786399898,334217.13615532184,26.84785330826975,-1,,,,,,,,unassigned,,,,,,,,,,,,
2442,2419,683.7336171584249,683.7333680229142,,2574296.966923087,338.716635821524,300200.341416803,14.005546556386983,-1,,,,,,,,unassigned,,,,,,,,,,,,
2443,2420,684.7308000049638,684.7305505603682,,2830736.4852412227,96.13503858143265,312017.4620503188,15.524723810053866,-1,,,,,,,,unassigned,,,,,,,,,,,,
2444,2422,693.610242429525,693.6099902374003,,1476716.1854818256,214.12260425729045,300257.11843559233,8.052823580762416,-1,,,,,,,,unassigned,,,,,,,,,,,,
2445,2423,693.7089791616389,693.7087269390103,,2912339.742179877,320.2553999200421,303800.2985246021,15.863247489688026,-1,,,,,,,,unassigned,,,,,,,,,,,,
2446,2424,694.1171012052745,694.116848856571,,1515011.743353968,438.30469702729596,242328.3090814201,8.306368065097468,-1,,,,,,,,unassigned,,,,,,,,,,,,
2447,2425,696.7495581734145,696.7493050119376,,4508151.374091818,222.4488046771862,331155.99579886254,24.538090918008685,-1,,,,,,,,unassigned,,,,,,,,,,,,
2448,2426,697.7490778037977,697.7488243339141,,1808151.2229571869,177.21473405024116,330295.2984293095,9.835993580481453,-1,,,,,,,,unassigned,,,,,,,,,,,,
2449,2428,698.1626684592547,698.1624148617872,,4439920.530767989,349.8222418131694,301093.4669775574,24.566649500035435,-1,,,,,,,,unassigned,,,,,,,,,,,,
2450,2429,698.7463164702589,698.7460626927796,,2788598.1063767783,238.34630867066062,279281.9082389262,15.5080065913065,-1,,,,,,,,unassigned,,,,,,,,,,,,
2451,2432,742.700761196827,742.7004939681926,,2897287.475285341,275.05697488926825,262062.66017908856,16.109129915430536,-1,,,,,,,,unassigned,,,,,,,,,,,,
2452,2433,745.6138818951842,745.6136137824203,,1658327.478967653,427.1230217622326,234542.72439143417,9.211013392103366,-1,,,,,,,,unassigned,,,,,,,,,,,,
2453,2435,756.7163992793751,756.7161278053934,,1598693.259631674,405.657034332994,260605.66405421932,8.714198547455084,-1,,,,,,,,unassigned,,,,,,,,,,,,
2454,2437,762.7082514875157,762.7079782050581,,1744147.621304417,212.12369052048388,249054.66247220276,9.514535394985229,-1,,,,,,,,unassigned,,,,,,,,,,,,
2455,2439,773.650437931959,773.6501613568895,,1522905.5324755374,150.70917611863297,248792.2893698578,8.292785324865232,-1,,,,,,,,unassigned,,,,,,,,,,,,
2456,2441,776.8658719500329,776.8655944098608,,1502744.4707218949,151.66471468939523,266500.63708050805,8.337190437162924,-1,,,,,,,,unassigned,,,,,,,,,,,,
2457,2442,782.7727116533455,782.7724323431578,,1485031.0337027975,146.8329667784639,214425.2673465147,8.10698040399607,-1,,,,,,,,unassigned,,,,,,,,,,,,
2458,2444,783.8991442022563,783.8988645549541,,1531913.8389970919,237.4701420163085,258436.47829366178,8.462221302377598,-1,,,,,,,,unassigned,,,,,,,,,,,,
2459,2445,791.3769518700872,791.3766699883224,,1473932.9379765443,125.99380212675935,232565.38436667298,8.023742585649812,-1,,,,,,,,unassigned,,,,,,,,,,,,
2460,2450,797.8934786489862,797.8931948249163,,1503338.1136670546,185.4423820831233,243650.8078170052,8.25969916276107,-1,,,,,,,,unassigned,,,,,,,,,,,,
