,Index,m/z,Calibrated m/z,Calculated m/z,Peak Height,Peak Area,Resolving Power,S/N,Ion Charge,m/z Error (ppm),m/z Error Score,Isotopologue Similarity,Confidence Score,DBE,O/C,H/C,Heteroatom Class,Ion Type,Adduct,Is Isotopologue,Mono Isotopic Index,Molecular Formula,C,H,O,N,P,S,13C
0,0,151.04021847225255,151.04009763804078,151.04006766422907,1741649.5566130418,17.57518745348613,1411725.6911880332,8.929199563397418,-1,0.1984494059753356,0.9928796284080331,0.0,0.5957277770448198,5.0,0.375,1.0,O3,de-protonated,,0.0,,C8 H8 O3,8.0,8.0,3.0,,,,
1,4,155.0351114255945,155.0349876694373,155.03498228379908,1770460.6915130755,31.101314355901977,1143742.963432634,9.149285468129044,-1,0.03473821287765688,0.9997810619596292,0.0,0.5998686371757775,4.0,0.5714285714285714,1.1428571428571428,O4,de-protonated,,0.0,,C7 H8 O4,7.0,8.0,4.0,,,,
2,7,159.06642062392447,159.066293920845,159.0662824127191,6123176.46310649,82.77930751300622,1219466.185470679,31.797173093131182,-1,0.07234799062168502,0.9990507063901943,0.0,0.5994304238341166,2.0,0.5714285714285714,1.7142857142857142,O4,de-protonated,,0.0,,C7 H12 O4,7.0,12.0,4.0,,,,
3,28,169.0144068916344,169.01427292361905,169.01424683890906,1569644.447753324,33.021733256935846,1301357.7679094193,8.26370170861369,-1,0.15433438585520082,0.9956873812769548,0.0,0.5974124287661728,5.0,0.7142857142857143,0.8571428571428571,O5,de-protonated,,0.0,,C7 H6 O5,7.0,6.0,5.0,,,,
4,31,171.06641497634035,171.066279511022,171.0662824127191,5631101.256072793,34.241435807361135,1014349.975530798,29.040859143397,-1,-0.01696241390254587,0.9999477943143172,0.0,0.5999686765885903,3.0,0.5,1.5,O4,de-protonated,,0.0,,C8 H12 O4,8.0,12.0,4.0,,,,
5,37,177.01948780258343,177.01934799588813,177.01933221933908,1701939.2979946625,33.663935479413496,1251514.4874506826,8.735314361610033,-1,0.08912331128301858,0.998559797593672,0.0,0.5991358785562032,7.0,0.4444444444444444,0.6666666666666666,O4,de-protonated,,0.0,,C9 H6 O4,9.0,6.0,4.0,,,,
6,39,179.03513564618174,179.03499437036527,179.03498228379908,3364100.677191724,79.93570560604032,966698.5037892198,17.323904786732314,-1,0.06750952262418351,0.9991733829806466,0.0,0.5995040297883879,6.0,0.4444444444444444,0.8888888888888888,O4,de-protonated,,0.0,,C9 H8 O4,9.0,8.0,4.0,,,,
7,40,181.0143904042939,181.01424768628698,181.01424683890906,5881686.309660926,53.71341998755716,994294.6621366204,30.15176894823283,-1,0.004681277489160919,0.9999960236762663,0.0,0.5999976142057597,6.0,0.625,0.75,O5,de-protonated,,0.0,,C8 H6 O5,8.0,6.0,5.0,,,,
8,41,183.0664103531977,183.06626614040388,183.0662824127191,1627169.0412031459,47.43800414072535,1078655.43530008,8.305622833324476,-1,-0.08888756024773019,0.9985674013763176,0.0,0.5991404408257905,4.0,0.4444444444444444,1.3333333333333333,O4,de-protonated,,0.0,,C9 H12 O4,9.0,12.0,4.0,,,,
9,43,185.04567244614068,185.04552679196914,185.04554696782907,2484897.20312129,64.08029848249382,1005885.2951444305,12.833104302089364,-1,-0.10903185870131991,0.9978452725422147,0.0,0.5987071635253288,4.0,0.625,1.25,O5,de-protonated,,0.0,,C8 H10 O5,8.0,10.0,5.0,,,,
10,44,185.08206518863386,185.08191950796342,185.08193247717907,3668377.9255762734,88.28115877536595,1147692.31473755,18.843545557498306,-1,-0.07007283462369866,0.9991094470478249,0.0,0.599465668228695,3.0,0.4444444444444444,1.5555555555555556,O4,de-protonated,,0.0,,C9 H14 O4,9.0,14.0,4.0,,,,
11,45,187.0613634296847,187.06121630801928,187.06119703228907,3300170.0794882798,55.59917635007707,934469.2034632717,17.21910197495535,-1,0.1030450489787236,0.9980751815022825,0.0,0.5988451089013694,3.0,0.625,1.5,O5,de-protonated,,0.0,,C8 H12 O5,8.0,12.0,5.0,,,,
12,46,187.0977302249795,187.09758307684163,187.0975825416391,9621686.451410357,78.28334924195237,888809.3984376792,49.655572219926015,-1,0.0028605528939055686,0.9999985152495311,0.0,0.5999991091497187,2.0,0.4444444444444444,1.7777777777777777,O4,de-protonated,,0.0,,C9 H16 O4,9.0,16.0,4.0,,,,
13,48,189.0770360411357,189.07688745240637,189.07684709674908,2276701.925445348,53.82533107061005,993417.9042943532,11.64883252900966,-1,0.2134352138307954,0.9917682473617057,0.0,0.5950609484170234,2.0,0.625,1.75,O5,de-protonated,,0.0,,C8 H14 O5,8.0,14.0,5.0,,,,
14,52,193.05078806489811,193.050636585179,193.05063234825906,1658131.9525806445,91.65839846965902,1042838.6552234812,8.530948878644951,-1,0.021947195394130477,0.9999126037275239,0.0,0.5999475622365144,6.0,0.4,1.0,O4,de-protonated,,0.0,,C10 H10 O4,10.0,10.0,4.0,,,,
15,53,193.08717386012208,193.08702235393903,193.08701785760908,2969920.8017084906,42.28899647237174,861771.240730676,15.128285880004897,-1,0.023286547174595943,0.9999016118807619,0.0,0.5999409671284571,5.0,0.2727272727272727,1.2727272727272727,O3,de-protonated,,0.0,,C11 H14 O3,11.0,14.0,3.0,,,,
16,57,195.0300367795313,195.02988386047036,195.0298969033691,4683629.965041705,41.109350470436866,1047934.4678932593,23.968403053391896,-1,-0.06687640682862389,0.9991888083291615,0.0,0.5995132849974969,6.0,0.5555555555555556,0.8888888888888888,O5,de-protonated,,0.0,,C9 H8 O5,9.0,8.0,5.0,,,,
17,60,197.0093178936509,197.00916353562624,197.00916145847907,4294417.90152295,23.552443366849506,1049031.5335088489,22.050511597873435,-1,0.010543403956995219,0.9999798297565139,0.0,0.5999878978539083,6.0,0.75,0.75,O6,de-protonated,,0.0,,C8 H6 O6,8.0,6.0,6.0,,,,
18,61,197.04571292178198,197.04555853730142,197.04554696782907,3742433.37080737,88.69440915808721,980263.839310801,19.39900045991622,-1,0.058714711025297774,0.9993746662641091,0.0,0.5996247997584654,5.0,0.5555555555555556,1.1111111111111112,O5,de-protonated,,0.0,,C9 H10 O5,9.0,10.0,5.0,,,,
19,67,199.02498699477226,199.02483117174214,199.0248115229391,2149001.427258584,44.69437163790813,1013387.3014332467,11.067176923647503,-1,0.09872539449866001,0.998233036372211,0.0,0.5989398218233265,5.0,0.75,1.0,O6,de-protonated,,0.0,,C8 H8 O6,8.0,8.0,6.0,,,,
20,68,199.06135687247973,199.0612010230195,199.06119703228907,3907127.7802326414,36.698547018955615,969399.9202226206,20.048777892933405,-1,0.020047756566304472,0.9999270761560712,0.0,0.5999562456936427,4.0,0.5555555555555556,1.3333333333333333,O5,de-protonated,,0.0,,C9 H12 O5,9.0,12.0,5.0,,,,
21,69,199.09774956715592,199.0975936912491,199.0975825416391,3572574.9498882783,84.75229868851557,915865.8200368097,18.188527983892275,-1,0.0560007301993553,0.9994311239517063,0.0,0.5996586743710237,3.0,0.4,1.6,O4,de-protonated,,0.0,,C10 H16 O4,10.0,16.0,4.0,,,,
22,76,201.07700186495708,201.07684455093295,201.07684709674908,4433229.302233684,69.5292187898006,985793.3719774692,22.78413128031219,-1,-0.012660911323746287,0.9999709144388975,0.0,0.5999825486633384,3.0,0.5555555555555556,1.5555555555555556,O5,de-protonated,,0.0,,C9 H14 O5,9.0,14.0,5.0,,,,
23,77,201.11340023337326,201.113242892906,201.11323260609907,3258724.45078604,50.73079908879709,917218.1792865851,16.6164858072378,-1,0.05114932905589038,0.9995253968332554,0.0,0.5997152380999532,2.0,0.4,1.8,O4,de-protonated,,0.0,,C10 H18 O4,10.0,18.0,4.0,,,,
24,82,203.0562926449029,203.05613389313513,203.05611165185908,2002228.418673425,21.25822073905963,966370.6300413582,10.427879771808017,-1,0.10953266001840829,0.9978254546326181,0.0,0.5986952727795708,3.0,0.75,1.5,O6,de-protonated,,0.0,,C8 H12 O6,8.0,12.0,6.0,,,,
25,83,203.0926588553147,203.09250007713453,203.09249716120908,4135687.8124514753,52.932040275786534,917554.5897058467,21.594619366643638,-1,0.014357622710345505,0.9999625966260202,0.0,0.599977557975612,2.0,0.5555555555555556,1.7777777777777777,O5,de-protonated,,0.0,,C9 H16 O5,9.0,16.0,5.0,,,,
26,88,205.01441266274787,205.01425248901,205.01424683890906,3156646.1842566244,49.34023981166479,919969.7259102284,16.281116809551513,-1,0.02755955272596716,0.9998621939665739,0.0,0.5999173163799444,8.0,0.5,0.6,O5,de-protonated,,0.0,,C10 H6 O5,10.0,6.0,5.0,,,,
27,94,206.99366436344894,206.99350275279488,206.9935113940191,1779552.2880044396,29.021480701200804,1028988.627269481,9.183346381956557,-1,-0.04174635308338485,0.9996838288437477,0.0,0.5998102973062486,8.0,0.6666666666666666,0.4444444444444444,O6,de-protonated,,0.0,,C9 H4 O6,9.0,4.0,6.0,,,,
28,95,207.03004443715756,207.0298828000957,207.02989690336906,3593285.2471832978,47.80557858674381,827113.7237441458,18.513416700400867,-1,-0.06812191660820607,0.9991583244465088,0.0,0.5994949946679052,7.0,0.5,0.8,O5,de-protonated,,0.0,,C10 H8 O5,10.0,8.0,5.0,,,,
29,96,207.10282224497004,207.10266055508018,207.1026679220691,2088328.5255811869,76.61306219153586,1050598.6484657675,11.030495939525567,-1,-0.03557167555772049,0.9997704313298837,0.0,0.5998622587979302,5.0,0.25,1.3333333333333333,O3,de-protonated,,0.0,,C12 H16 O3,12.0,16.0,3.0,,,,
30,103,209.0093332341795,209.00917016058352,209.00916145847907,7997184.948650976,41.12142120273519,965529.7646009822,41.95256555431909,-1,0.041635038346725425,0.9996855124427598,0.0,0.5998113074656559,7.0,0.6666666666666666,0.6666666666666666,O6,de-protonated,,0.0,,C9 H6 O6,9.0,6.0,6.0,,,,
31,104,209.04570835644233,209.04554525644966,209.04554696782907,3707507.3307554466,79.91106054909761,934697.2615974455,19.032190618696845,-1,-0.008186634139501315,0.9999878392054328,0.0,0.5999927035232596,6.0,0.5,1.0,O5,de-protonated,,0.0,,C10 H10 O5,10.0,10.0,5.0,,,,
32,111,211.02496420230597,211.02479966621212,211.0248115229391,6077888.596103378,55.025979156514,891228.1083392735,31.189316784824783,-1,-0.0561864119178548,0.9994273463330967,0.0,0.599656407799858,6.0,0.6666666666666666,0.8888888888888888,O6,de-protonated,,0.0,,C9 H8 O6,9.0,8.0,6.0,,,,
33,112,211.0613642801971,211.06119971769598,211.06119703228907,4811332.579061785,37.15201027243377,874006.6747650569,24.660101611119863,-1,0.012723356778555673,0.9999706268271552,0.0,0.5999823760962931,5.0,0.5,1.2,O5,de-protonated,,0.0,,C10 H12 O5,10.0,12.0,5.0,,,,
34,113,211.09774370278828,211.09757911389502,211.0975825416391,1701838.5085203638,54.68299910388955,991676.6882759328,8.929199563397418,-1,-0.016237723022992017,0.9999521597216486,0.0,0.5999712958329891,4.0,0.36363636363636365,1.4545454545454546,O4,de-protonated,,0.0,,C11 H16 O4,11.0,16.0,4.0,,,,
35,116,213.00423757516603,213.00407160335996,213.00407607804908,3220719.4980154485,67.76302049721173,966659.3069426358,16.684607634892828,-1,-0.021007528132611208,0.9999199269543404,0.0,0.5999519561726042,6.0,0.875,0.75,O7,de-protonated,,0.0,,C8 H6 O7,8.0,6.0,7.0,,,,
36,117,213.04063393240463,213.04046793420136,213.04046158739908,3633061.939224262,26.33332421698607,979499.228333308,18.707301902188252,-1,0.029791534588716573,0.999838970810047,0.0,0.5999033824860281,5.0,0.6666666666666666,1.1111111111111112,O6,de-protonated,,0.0,,C9 H10 O6,9.0,10.0,6.0,,,,
37,118,213.07701024234788,213.07684421776213,213.07684709674908,4184819.3090311107,71.87288068267594,925226.7598418581,21.778024287253327,-1,-0.013511495907391716,0.9999668751818122,0.0,0.5999801251090873,4.0,0.5,1.4,O5,de-protonated,,0.0,,C10 H14 O5,10.0,14.0,5.0,,,,
38,122,215.09266772526297,215.09250023900074,215.09249716120908,5334031.838671059,90.19729376729934,916282.3610814724,27.437376123209436,-1,0.014309153974520827,0.999962848729125,0.0,0.599977709237475,3.0,0.5,1.6,O5,de-protonated,,0.0,,C10 H16 O5,10.0,16.0,5.0,,,,
39,123,215.12903851447263,215.12887100183957,215.12888267055905,2438016.326912672,84.79571731812646,799327.3545609992,12.636599030007554,-1,-0.054240599103138463,0.9994663126985351,0.0,0.5996797876191211,2.0,0.36363636363636365,1.8181818181818181,O4,de-protonated,,0.0,,C11 H20 O4,11.0,20.0,4.0,,,,
40,127,217.01444101952413,217.01427214005454,217.0142468389091,1715054.494259857,127.41072882728992,762635.0735724503,9.054962937529776,-1,0.11658748595823938,0.9975366719711881,0.0,0.5985220031827129,9.0,0.45454545454545453,0.5454545454545454,O5,de-protonated,,0.0,,C11 H6 O5,11.0,6.0,5.0,,,,
41,128,217.07192766662425,217.071758745485,217.0717617163191,3920388.926847115,57.339901911395714,862770.0166537031,20.169301126476913,-1,-0.013685953739289415,0.999966014271505,0.0,0.599979608562903,3.0,0.6666666666666666,1.5555555555555556,O6,de-protonated,,0.0,,C9 H14 O6,9.0,14.0,6.0,,,,
42,129,217.1083104108564,217.10814146334502,217.1081472256691,4900310.052824832,78.90697272405073,944807.3659597744,25.110753701760814,-1,-0.026541261296047856,0.9998721887188581,0.0,0.5999233132313149,2.0,0.5,1.8,O5,de-protonated,,0.0,,C10 H18 O5,10.0,18.0,5.0,,,,
43,134,219.0300653454148,219.0298950051065,219.02989690336906,2291225.9087783233,40.48283373228395,925972.5565868429,11.8269973090305,-1,-0.008666682403661006,0.9999863712309394,0.0,0.5999918227385636,8.0,0.45454545454545453,0.7272727272727273,O5,de-protonated,,0.0,,C11 H8 O5,11.0,8.0,5.0,,,,
44,137,221.0093365979436,221.0091648235491,221.00916145847907,4417069.856169426,54.85615887763869,974460.0930453556,23.067098872109998,-1,0.015225930032231712,0.99995793582714,0.0,0.5999747614962839,8.0,0.6,0.6,O6,de-protonated,,0.0,,C10 H6 O6,10.0,6.0,6.0,,,,
45,138,221.04571189146904,221.04554009072248,221.04554696782907,2792737.055309624,43.02017962209137,827649.1681008909,14.347504932266508,-1,-0.03111171738074105,0.9998243841698379,0.0,0.5998946305019027,7.0,0.45454545454545453,0.9090909090909091,O5,de-protonated,,0.0,,C11 H10 O5,11.0,10.0,5.0,,,,
46,140,221.08208516647758,221.08191333938055,221.08193247717907,2221225.5010400354,69.7481669288476,857018.2186073103,11.575470560765785,-1,-0.08656428095702595,0.9986412609207724,0.0,0.5991847565524634,6.0,0.3333333333333333,1.1666666666666667,O4,de-protonated,,0.0,,C12 H14 O4,12.0,14.0,4.0,,,,
47,146,223.02497669152214,223.0248034571031,223.02481152293907,8899427.009305872,64.87227938362503,898833.5766052257,45.4949005923805,-1,-0.03616564415234806,0.9997627016578641,0.0,0.5998576209947184,7.0,0.6,0.8,O6,de-protonated,,0.0,,C10 H8 O6,10.0,8.0,6.0,,,,
48,147,223.06137313627292,223.061199875494,223.06119703228907,2716791.590082449,32.435608819717324,925522.3511802333,14.04357677811331,-1,0.012746299951120197,0.9999705207998772,0.0,0.5999823124799263,6.0,0.45454545454545453,1.0909090909090908,O5,de-protonated,,0.0,,C11 H12 O5,11.0,12.0,5.0,,,,
49,152,225.00425157317764,225.00407690548047,225.00407607804908,9036001.34090033,94.0280513923463,928778.6172657601,46.17611886893078,-1,0.0036774062370713264,0.999997546214973,0.0,0.5999985277289838,7.0,0.7777777777777778,0.6666666666666666,O7,de-protonated,,0.0,,C9 H6 O7,9.0,6.0,7.0,,,,
50,153,225.04063863962205,225.0404639455792,225.04046158739908,4552587.458452572,54.2068687399688,901092.4852359983,23.224303089775443,-1,0.010478916143366173,0.9999800757385655,0.0,0.5999880454431393,6.0,0.6,1.0,O6,de-protonated,,0.0,,C10 H10 O6,10.0,10.0,6.0,,,,
51,154,225.0770238252604,225.07684910487336,225.07684709674908,3165951.449256403,98.71118179427947,888368.9417270046,16.29159709072921,-1,0.008921949590330618,0.9999855565739523,0.0,0.5999913339443713,5.0,0.45454545454545453,1.2727272727272727,O5,de-protonated,,0.0,,C11 H14 O5,11.0,14.0,5.0,,,,
52,157,227.0198947883669,227.01971866146852,227.01972614250909,2352563.9890463576,56.099479185623196,907159.2404609655,12.06804377611752,-1,-0.032953262240083464,0.9998029811083574,0.0,0.5998817886650144,6.0,0.7777777777777778,0.8888888888888888,O7,de-protonated,,0.0,,C9 H8 O7,9.0,8.0,7.0,,,,
53,158,227.05629035519192,227.0561142019492,227.05611165185908,3999929.1940404694,112.18183700968189,960577.9085152451,20.614713076529014,-1,0.011231101033215798,0.9999771127545831,0.0,0.5999862676527499,5.0,0.6,1.2,O6,de-protonated,,0.0,,C10 H12 O6,10.0,12.0,6.0,,,,
54,159,227.09266342847215,227.09248724890156,227.09249716120908,3239592.635003542,80.02151143654667,761340.8713256274,16.653166791359737,-1,-0.04364876710018492,0.9996543610117351,0.0,0.5997926166070411,4.0,0.45454545454545453,1.4545454545454546,O5,de-protonated,,0.0,,C11 H16 O5,11.0,16.0,5.0,,,,
55,163,229.03557706365788,229.03539947794658,229.0353762069691,2728540.4305931632,88.99949570783346,910050.0878589884,14.153619730479123,-1,0.10160429309579781,0.998128580051327,0.0,0.5988771480307962,5.0,0.7777777777777778,1.1111111111111112,O7,de-protonated,,0.0,,C9 H10 O7,9.0,10.0,7.0,,,,
56,164,229.0719276629042,229.07175005088862,229.0717617163191,4031966.731317557,46.309343548874494,831499.2518955985,21.044404604814574,-1,-0.050924786084404365,0.9995295536765647,0.0,0.5997177322059388,4.0,0.6,1.4,O6,de-protonated,,0.0,,C10 H14 O6,10.0,14.0,6.0,,,,
57,165,229.10833105857287,229.108153420215,229.1081472256691,4335239.586956492,63.678836384009834,848324.6197877234,22.233916518483124,-1,0.027037650030315087,0.9998673635438423,0.0,0.5999204181263054,3.0,0.45454545454545453,1.6363636363636365,O5,de-protonated,,0.0,,C11 H18 O5,11.0,18.0,5.0,,,,
58,166,229.14471445856242,229.14453679387682,229.14453273501908,2853159.3839469096,76.23790802309007,757238.5692554355,14.572830977586984,-1,0.017713090040284186,0.9999430714494261,0.0,0.5999658428696556,2.0,0.3333333333333333,1.8333333333333333,O4,de-protonated,,0.0,,C12 H22 O4,12.0,22.0,4.0,,,,
59,168,231.03007719205326,231.02989816326925,231.02989690336906,2073051.8756342425,33.6015812151089,965925.0707656739,10.920452987159752,-1,0.005453407565949496,0.9999946037933953,0.0,0.5999967622760372,9.0,0.4166666666666667,0.6666666666666666,O5,de-protonated,,0.0,,C12 H8 O5,12.0,8.0,5.0,,,,
60,169,231.05118558813288,231.05100654407858,231.05102627142907,1812522.4924046209,73.04370389726424,964270.8999168422,9.309109756088915,-1,-0.08538092563053204,0.9986781312142412,0.0,0.5992068787285447,4.0,0.7777777777777778,1.3333333333333333,O7,de-protonated,,0.0,,C9 H12 O7,9.0,12.0,7.0,,,,
61,170,231.08759736606297,231.08741829566767,231.0874117807791,7848742.462820871,106.68026587337675,863112.428893113,40.24427972235456,-1,0.02819231273647957,0.9998557938038825,0.0,0.5999134762823295,3.0,0.6,1.6,O6,de-protonated,,0.0,,C10 H16 O6,10.0,16.0,6.0,,,,
62,171,231.12397979119143,231.1238006944765,231.12379729012906,3312718.028696419,62.23416424340314,883986.1166210918,17.06713789787875,-1,0.014729540958279568,0.999960633780959,0.0,0.5999763802685754,2.0,0.45454545454545453,1.8181818181818181,O5,de-protonated,,0.0,,C11 H20 O5,11.0,20.0,5.0,,,,
63,173,233.00933999423006,233.00915953380115,233.0091614584791,3634815.8229422965,112.89105878806417,915492.6821593593,18.639180074533225,-1,-0.008260095585344965,0.999987619981721,0.0,0.5999925719890326,9.0,0.5454545454545454,0.5454545454545454,O6,de-protonated,,0.0,,C11 H6 O6,11.0,6.0,6.0,,,,
64,174,233.04574291011045,233.04556242335426,233.04554696782907,2233785.858751526,82.41865633479897,809458.8663643299,11.515208943994029,-1,0.06631976190008074,0.9992022506513397,0.0,0.5995213503908038,8.0,0.4166666666666667,0.8333333333333334,O5,de-protonated,,0.0,,C12 H10 O5,12.0,10.0,5.0,,,,
65,175,233.10327383737675,233.1030933090134,233.1030618452391,1787286.133090715,45.00845907964079,1083778.1215133353,9.290769264027947,-1,0.13497795371148102,0.9966996358910369,0.0,0.5980197815346221,2.0,0.6,1.8,O6,de-protonated,,0.0,,C10 H18 O6,10.0,18.0,6.0,,,,
66,176,233.154887751939,233.154707186248,233.15470349587906,11499784.66481129,110.03791015097546,898303.4327220184,59.17166752927444,-1,0.015827984109503222,0.999560194470063,0.9887663157645786,0.9952426429878692,5.0,0.13333333333333333,1.4666666666666666,O2,de-protonated,,0.0,,C15 H22 O2,15.0,22.0,2.0,,,,
67,179,234.15822374236853,234.15804245111065,234.15805833094907,2042488.708295104,44.930442887068594,869797.7093958276,10.496001599463044,-1,-0.06781674968732639,0.9991658453537822,0.9887663157645786,0.9950060335181008,5.0,0.13333333333333333,1.4666666666666666,13C1 O2,de-protonated,,1.0,176.0,C14 H22 O2 13C1,14.0,22.0,2.0,,,,1.0
68,180,235.02499140613884,235.0248094881571,235.02481152293907,4829381.1867553955,94.78079561869052,769944.9415064204,25.283678341192807,-1,-0.008657732595020265,0.9999863993642113,0.0,0.5999918396185268,8.0,0.5454545454545454,0.7272727272727273,O6,de-protonated,,0.0,,C11 H8 O6,11.0,8.0,6.0,,,,
69,181,235.06138436787282,235.06120242357855,235.06119703228907,4726373.069186845,161.06973159864802,884566.5888748952,24.681062173475258,-1,0.0229356846010365,0.9999045542670718,0.0,0.5999427325602431,7.0,0.4166666666666667,1.0,O5,de-protonated,,0.0,,C12 H12 O5,12.0,12.0,5.0,,,,
70,184,237.00425498031424,237.00407163149777,237.00407607804908,3795718.4798827735,118.25932812362744,825109.5340716786,19.60860608347015,-1,-0.018761497224761878,0.9999361332309402,0.0,0.5999616799385641,8.0,0.7,0.6,O7,de-protonated,,0.0,,C10 H6 O7,10.0,6.0,7.0,,,,
71,185,237.04064953083855,237.04046615571576,237.04046158739908,5697641.905897711,43.36737860077106,825620.2475061708,30.109847823522045,-1,0.019272307573860694,0.9999326082661307,0.0,0.5999595649596784,7.0,0.5454545454545454,0.9090909090909091,O6,de-protonated,,0.0,,C11 H10 O6,11.0,10.0,6.0,,,,
72,187,237.0770204345023,237.07683703309038,237.07684709674908,2826509.8304839456,29.309059867093573,982996.324380002,14.509949290520805,-1,-0.04244893086524841,0.9996730989272546,0.0,0.5998038593563527,6.0,0.4166666666666667,1.1666666666666667,O5,de-protonated,,0.0,,C12 H14 O5,12.0,14.0,5.0,,,,
73,189,237.11342463932297,237.11324121159805,237.11323260609907,2873989.461385341,68.63876237426497,883322.3471572824,14.745755617018975,-1,0.036292782490201174,0.9997610305063582,0.0,0.5998566183038149,5.0,0.3076923076923077,1.3846153846153846,O4,de-protonated,,0.0,,C13 H18 O4,13.0,18.0,4.0,,,,
74,191,239.01991301126662,239.01972820571817,239.01972614250906,13359349.341542874,68.47714575379109,887023.1657011114,68.5829600268459,-1,0.008631961648669183,0.9999864802115296,0.0,0.5999918881269177,7.0,0.7,0.8,O7,de-protonated,,0.0,,C10 H8 O7,10.0,8.0,7.0,,,,
75,192,239.05629679393354,239.05611196209404,239.05611165185908,5056404.586641755,47.975187370579874,862410.0327420236,26.033018445398106,-1,0.0012977495126585137,0.9999996944125525,0.0,0.5999998166475315,6.0,0.5454545454545454,1.0909090909090908,O6,de-protonated,,0.0,,C11 H12 O6,11.0,12.0,6.0,,,,
76,193,239.09268202378618,239.09249716565478,239.09249716120908,3799680.6961408183,47.6104452047311,929115.1603899988,19.4618821469824,-1,1.859403962976235e-05,0.9999999999372663,0.0,0.5999999999623598,5.0,0.4166666666666667,1.3333333333333333,O5,de-protonated,,0.0,,C12 H16 O5,12.0,16.0,5.0,,,,
77,194,239.12906631748686,239.12888143306432,239.12888267055905,7435503.098563991,66.91397636023775,858754.9608817544,38.10630236210447,-1,-0.005175011546458111,0.9999951406808975,0.0,0.5999970844085385,4.0,0.3076923076923077,1.5384615384615385,O4,de-protonated,,0.0,,C13 H20 O4,13.0,20.0,4.0,,,,
78,197,240.99919171935974,240.99900548377627,240.9989906976191,1854515.547194098,46.795599964127206,871306.2322085483,9.510855168759575,-1,0.06135360624383841,0.9993172122666844,0.0,0.5995903273600106,7.0,0.8888888888888888,0.6666666666666666,O8,de-protonated,,0.0,,C9 H6 O8,9.0,6.0,8.0,,,,
79,198,241.03557077971317,241.03538451784948,241.0353762069691,5875251.956292874,94.21766787374871,878146.9429289094,30.099367542344346,-1,0.03447991958691187,0.9997843052993567,0.0,0.599870583179614,6.0,0.7,1.0,O7,de-protonated,,0.0,,C10 H10 O7,10.0,10.0,7.0,,,,
80,199,241.07195178566388,241.0717654975187,241.0717617163191,4720748.754383021,88.60375060766155,841387.6829331928,24.70202273583065,-1,0.015684954482018943,0.9999553613902388,0.0,0.5999732168341433,5.0,0.5454545454545454,1.2727272727272727,O6,de-protonated,,0.0,,C11 H14 O6,11.0,14.0,6.0,,,,
81,200,241.10832543986828,241.10813912544705,241.1081472256691,3132758.7346632374,83.11425719175136,831574.7410305486,16.097711888941824,-1,-0.03359580389914975,0.9997952238219447,0.0,0.5998771342931668,4.0,0.4166666666666667,1.5,O5,de-protonated,,0.0,,C12 H18 O5,12.0,18.0,5.0,,,,
82,202,241.144721044734,241.144534704021,241.14453273501908,2174594.347794228,88.1432627983183,864629.4038763402,11.198180438368711,-1,0.008165235562554784,0.9999879026947813,0.0,0.5999927416168688,3.0,0.3076923076923077,1.6923076923076923,O4,de-protonated,,0.0,,C13 H22 O4,13.0,22.0,4.0,,,,
83,205,242.13999495347667,242.1398078938418,242.13978170721907,6294830.977819607,54.92876170580668,887060.5672444789,33.07576739681016,-1,0.1081467181836803,0.9978800785177658,0.0,0.5987280471106595,3.0,0.3333333333333333,1.75,N1 O4,de-protonated,,0.0,,C12 H21 O4 N1,12.0,21.0,4.0,1.0,,,
84,206,242.1763649234425,242.1761778375382,242.1761672165691,2664199.7421841053,67.8950589075412,841705.9390307319,13.750128905137808,-1,0.04385637624436064,0.9996510658021961,0.0,0.5997906394813176,2.0,0.23076923076923078,1.9230769230769231,N1 O3,de-protonated,,0.0,,C13 H25 O3 N1,13.0,25.0,3.0,1.0,,,
85,208,242.97843584673925,242.9782481815474,242.97825525272907,8754028.739771308,55.71653126646086,858234.0604511547,45.03376822056186,-1,-0.02910211723708006,0.9998463368858297,0.0,0.5999078021314977,7.0,1.125,0.5,O9,de-protonated,,0.0,,C8 H4 O9,8.0,4.0,9.0,,,,
86,209,243.0512031804722,243.05101546272817,243.05102627142907,3501201.2683820017,94.1991805413065,891280.4658917417,17.805997720906355,-1,-0.04447091237734085,0.9996412201963538,0.0,0.5997847321178122,5.0,0.7,1.2,O7,de-protonated,,0.0,,C10 H12 O7,10.0,12.0,7.0,,,,
87,210,243.08760442135215,243.0874166773195,243.0874117807791,5774431.933336953,140.9602882511545,846403.1511449484,30.08888726116665,-1,0.020143126218283278,0.9999263807159394,0.0,0.5999558284295636,4.0,0.5454545454545454,1.4545454545454546,O6,de-protonated,,0.0,,C11 H16 O6,11.0,16.0,6.0,,,,
88,211,243.1239852529832,243.12379748267685,243.12379729012906,4442462.686079879,91.30046934098519,857334.9571183985,23.004217185043817,-1,0.000791974251957856,0.999999886191178,0.0,0.5999999317147068,3.0,0.4166666666666667,1.6666666666666667,O5,de-protonated,,0.0,,C12 H20 O5,12.0,20.0,5.0,,,,
89,213,243.16038040930627,243.160192612716,243.16018279947906,2077273.2795760222,64.87061157185211,856119.8809326786,10.65844595771734,-1,0.04035708819621329,0.999704519173353,0.0,0.5998227115040118,2.0,0.3076923076923077,1.8461538461538463,O4,de-protonated,,0.0,,C13 H24 O4,13.0,24.0,4.0,,,,
90,220,245.0668957019512,245.06670652869994,245.0666763358891,3000139.965665888,54.641463698794134,810127.7686112352,15.500335861813124,-1,0.1232024332780065,0.9972496087766138,0.0,0.5983497652659683,4.0,0.7,1.4,O7,de-protonated,,0.0,,C10 H14 O7,10.0,14.0,7.0,,,,
91,221,245.10325199449903,245.10306279499918,245.1030618452391,6948713.994097346,75.94907786742992,829884.3893125826,36.639062997226965,-1,0.0038749417140418437,0.9999972755202436,0.0,0.5999983653121461,3.0,0.5454545454545454,1.6363636363636365,O6,de-protonated,,0.0,,C11 H18 O6,11.0,18.0,6.0,,,,
92,222,245.1396446674573,245.13945544168268,245.13944735458907,2615426.87532403,115.61786089431888,755860.527441027,13.45930110245673,-1,0.03298976850131977,0.9998025443870098,0.0,0.5998815266322058,2.0,0.4166666666666667,1.8333333333333333,O5,de-protonated,,0.0,,C12 H22 O5,12.0,22.0,5.0,,,,
93,227,247.0250166642872,247.02482607749934,247.02481152293907,3135927.580640723,32.354106612827664,852207.5105678898,16.066271045408733,-1,0.058919426662457856,0.9993702994409374,0.0,0.5996221796645624,9.0,0.5,0.6666666666666666,O6,de-protonated,,0.0,,C12 H8 O6,12.0,8.0,6.0,,,,
94,228,247.06143263535458,247.06124202228233,247.06119703228907,1597839.384824498,64.41886685129263,828165.2765897484,8.179859459192118,-1,0.1821006042090654,0.9940011128483607,0.0,0.5964006677090163,8.0,0.38461538461538464,0.9230769230769231,O5,de-protonated,,0.0,,C13 H12 O5,13.0,12.0,5.0,,,,
95,229,247.0825556534544,247.082365025136,247.08232640034907,1893361.974560943,75.14669045649929,820695.4212932333,9.715220651724655,-1,0.15632355210148718,0.9955757448263042,0.0,0.5973454468957825,3.0,0.7,1.6,O7,de-protonated,,0.0,,C10 H16 O7,10.0,16.0,7.0,,,,
96,231,247.11892240338614,247.1187317488191,247.11871190969907,2793249.4990476556,96.27318139046082,749143.6781512203,14.40514647874384,-1,0.08028173939257847,0.9988312181640742,0.0,0.5992987308984444,2.0,0.5454545454545454,1.8181818181818181,O6,de-protonated,,0.0,,C11 H20 O6,11.0,20.0,6.0,,,,
97,234,249.00426983881914,249.00407782363922,249.00407607804908,6618737.743601483,83.73462011552422,812086.5093237015,34.35436170048913,-1,0.007010287411691709,0.9999910829020027,0.0,0.5999946497412015,9.0,0.6363636363636364,0.5454545454545454,O7,de-protonated,,0.0,,C11 H6 O7,11.0,6.0,7.0,,,,
98,235,249.04065449408398,249.04046245264965,249.04046158739908,3236268.5147879412,144.06391138758158,726228.9090656613,16.695087916070523,-1,0.0034743373199039207,0.9999978097317113,0.0,0.5999986858390267,8.0,0.5,0.8333333333333334,O6,de-protonated,,0.0,,C12 H10 O6,12.0,10.0,6.0,,,,
99,237,249.14981520312176,249.14962308292016,249.14961811544907,2125547.884618676,162.08462323775933,906733.3370853823,11.014775517759022,-1,0.019937702986307374,0.9999278745709036,0.0,0.5999567247425421,5.0,0.2,1.4666666666666666,O3,de-protonated,,0.0,,C15 H22 O3,15.0,22.0,3.0,,,,
100,238,250.14508279916544,250.1448899608634,250.1448670876491,3533824.612105148,45.97259816014993,867182.5611325951,18.53437726275626,-1,0.09143987071181447,0.9984840124514017,0.0,0.599090407470841,5.0,0.21428571428571427,1.5,N1 O3,de-protonated,,0.0,,C14 H21 O3 N1,14.0,21.0,3.0,1.0,,,
101,242,251.01992840058207,251.01973493114974,251.01972614250906,7955693.694893024,100.508542877308,826114.690616634,40.96741912361562,-1,0.03501175313829032,0.9997776007871708,0.0,0.5998665604723025,8.0,0.6363636363636364,0.7272727272727273,O7,de-protonated,,0.0,,C11 H8 O7,11.0,8.0,7.0,,,,
102,243,251.05631863895292,251.05612514326967,251.05611165185908,3356497.9937895755,61.17682556529869,808072.7053341666,17.54399069146394,-1,0.05373862637916582,0.9994761424933338,0.0,0.5996856854960003,7.0,0.5,1.0,O6,de-protonated,,0.0,,C12 H12 O6,12.0,12.0,6.0,,,,
103,245,251.09270212151657,251.0925085995874,251.09249716120908,2451727.9239396914,69.64343381298788,656273.2103753933,12.526556077641741,-1,0.04555444090148565,0.9996235272840928,0.0,0.5997741163704556,6.0,0.38461538461538464,1.2307692307692308,O5,de-protonated,,0.0,,C13 H16 O5,13.0,16.0,5.0,,,,
104,247,251.16549058608373,251.16529701164768,251.16526817990908,2306462.870414525,33.658482935891634,840020.2824881588,11.824377238736076,-1,0.11479190101647752,0.9976118740228449,0.0,0.598567124413707,4.0,0.2,1.6,O3,de-protonated,,0.0,,C15 H24 O3,15.0,24.0,3.0,,,,
105,251,252.99918063458733,252.99898573757426,252.9989906976191,4688516.276030506,87.72643989416413,836774.7203317636,23.98412347515844,-1,-0.01960499850156421,0.9999302615466876,0.0,0.5999581569280126,8.0,0.8,0.6,O8,de-protonated,,0.0,,C10 H6 O8,10.0,6.0,8.0,,,,
106,252,253.03556719637908,253.03537227312515,253.0353762069691,7586123.0057885,103.76577993967774,829205.8608897086,39.72026566346973,-1,-0.015546616449915831,0.9999561453071524,0.0,0.5999736871842914,7.0,0.6363636363636364,0.9090909090909091,O7,de-protonated,,0.0,,C11 H10 O7,11.0,10.0,7.0,,,,
107,253,253.0719604968922,253.07176554739266,253.0717617163191,4965557.023200089,57.91663914680473,841023.6320676596,25.498524105335584,-1,0.015138289410084988,0.9999584186671362,0.0,0.5999750512002817,6.0,0.5,1.1666666666666667,O6,de-protonated,,0.0,,C12 H14 O6,12.0,14.0,6.0,,,,
108,255,253.10831012330334,253.10811514758984,253.1081472256691,1932628.0528103106,167.75063565860557,824130.1114869864,10.00342838411131,-1,-0.1267366522775206,0.9970897816349599,0.0,0.5982538689809759,5.0,0.38461538461538464,1.3846153846153846,O5,de-protonated,,0.0,,C13 H18 O5,13.0,18.0,5.0,,,,
109,256,253.14472630395952,253.1445313019842,253.14453273501908,8720912.598186597,64.74305424760385,841239.5268604668,45.03376822056186,-1,-0.005660935595165286,0.9999941852774998,0.0,0.5999965111664999,4.0,0.2857142857142857,1.5714285714285714,O4,de-protonated,,0.0,,C14 H22 O4,14.0,22.0,4.0,,,,
110,260,255.0148215482377,255.01462519781057,255.01464076207907,3775620.1532388637,119.94186527960579,815025.5836303609,19.440921584627006,-1,-0.0610328428515339,0.9993243305763164,0.0,0.5995945983457899,7.0,0.8,0.8,O8,de-protonated,,0.0,,C10 H8 O8,10.0,8.0,8.0,,,,
111,261,255.0512254073447,255.0510290306717,255.05102627142907,6633449.01549193,118.58607134059011,826249.673572294,33.87226876631509,-1,0.010818394609250189,0.9999787638954847,0.0,0.5999872583372908,6.0,0.6363636363636364,1.0909090909090908,O7,de-protonated,,0.0,,C11 H12 O7,11.0,12.0,7.0,,,,
112,262,255.0876160631049,255.08741966019574,255.08741178077906,4030408.1348360805,84.72023852697195,864559.9295773674,21.08632572952536,-1,0.030889084710702973,0.999826888342668,0.0,0.5998961330056007,5.0,0.5,1.3333333333333333,O6,de-protonated,,0.0,,C12 H16 O6,12.0,16.0,6.0,,,,
113,263,255.1240262221615,255.12382979300224,255.12379729012906,2122723.753612049,65.65225274727382,651697.1849902499,10.881151932743391,-1,0.1274003974834068,0.9970592640031674,0.0,0.5982355584019003,4.0,0.38461538461538464,1.5384615384615385,O5,de-protonated,,0.0,,C13 H20 O5,13.0,20.0,5.0,,,,
114,267,256.99409502315086,256.9938972459384,256.9939053171891,4101713.287531865,92.61685288035102,829136.244562103,21.185888400713473,-1,-0.031406389557261175,0.9998210420518595,0.0,0.5998926252311156,7.0,1.0,0.6666666666666666,O9,de-protonated,,0.0,,C9 H6 O9,9.0,6.0,9.0,,,,
115,268,257.03048401592685,257.0302862124866,257.0302908265391,2797627.2806691118,62.22862247566754,831405.1674653897,14.378945775799599,-1,-0.01795139586558537,0.9999415293960882,0.0,0.5999649176376529,6.0,0.8,1.0,O8,de-protonated,,0.0,,C10 H10 O8,10.0,10.0,8.0,,,,
116,269,257.0668671823513,257.06666935268765,257.0666763358891,4973867.137874003,95.67971027725278,799589.2794394429,25.99109732068732,-1,-0.02716494235732946,0.9998661117920167,0.0,0.5999196670752099,5.0,0.6363636363636364,1.2727272727272727,O7,de-protonated,,0.0,,C11 H14 O7,11.0,14.0,7.0,,,,
117,270,257.1032440886394,257.10304623275704,257.1030618452391,5390872.549463032,71.25467783536801,777507.972244687,27.65746202794106,-1,-0.06072460571693362,0.9993311357978248,0.0,0.5995986814786949,4.0,0.5,1.5,O6,de-protonated,,0.0,,C12 H18 O6,12.0,18.0,6.0,,,,
118,272,257.1396468916817,257.1394490095621,257.1394473545891,3125736.6847671834,73.12692617720641,814126.9894195817,16.427840746039262,-1,0.006436091474439474,0.9999924838296932,0.0,0.5999954902978158,3.0,0.38461538461538464,1.6923076923076923,O5,de-protonated,,0.0,,C13 H22 O5,13.0,22.0,5.0,,,,
119,274,259.0097458139694,259.0095465841613,259.0095553816491,3486954.03530932,58.23421619414229,872283.9607587499,17.8217181426729,-1,-0.03396588122508151,0.9997906879910853,0.0,0.5998744127946511,6.0,1.0,0.8888888888888888,O9,de-protonated,,0.0,,C9 H8 O9,9.0,8.0,9.0,,,,
120,275,259.0461327645918,259.04593350856493,259.0459408909991,1927825.5683628216,103.78915155143997,670210.4617550333,9.859324517917983,-1,-0.028498551735832878,0.9998526441408851,0.0,0.599911586484531,5.0,0.8,1.2,O8,de-protonated,,0.0,,C10 H12 O8,10.0,12.0,8.0,,,,
121,276,259.0825181005196,259.0823188182753,259.0823264003491,4549425.669696611,99.0131743771675,841350.973548171,23.32386576096356,-1,-0.02926511373675937,0.999844610912496,0.0,0.5999067665474975,4.0,0.6363636363636364,1.4545454545454546,O7,de-protonated,,0.0,,C11 H16 O7,11.0,16.0,7.0,,,,
122,277,259.11890852213173,259.11870921366653,259.1187119096991,6386621.328083272,78.05551629268291,803054.7499068703,32.90808289796701,-1,-0.010404623111476448,0.9999803572508956,0.0,0.5999882143505374,3.0,0.5,1.6666666666666667,O6,de-protonated,,0.0,,C12 H20 O6,12.0,20.0,6.0,,,,
123,278,259.1553219369881,259.15512260228553,259.15509741904907,2063283.5646608716,71.35326409746105,892815.5803549131,10.674166379483886,-1,0.09717438209985903,0.9982880723832438,0.0,0.5989728434299463,2.0,0.38461538461538464,1.8461538461538463,O5,de-protonated,,0.0,,C13 H24 O5,13.0,24.0,5.0,,,,
124,281,261.00426330228913,261.0040626355253,261.0040760780491,2388312.14050785,91.88807410828193,854301.1344947052,12.434853617336897,-1,-0.05150311814324478,0.999518810253256,0.0,0.5997112861519536,10.0,0.5833333333333334,0.5,O7,de-protonated,,0.0,,C12 H6 O7,12.0,6.0,7.0,,,,
125,282,261.0406727240506,261.04047203105927,261.0404615873991,2322313.8057128824,98.77965660697309,794188.663378457,11.94752054257401,-1,0.0400078214841177,0.9997096107260893,0.0,0.5998257664356536,9.0,0.46153846153846156,0.7692307692307693,O6,de-protonated,,0.0,,C13 H10 O6,13.0,10.0,6.0,,,,
126,283,261.0617544915348,261.0615537833574,261.06159095545905,2190778.4056248963,105.90162071953374,726009.1001746454,11.313463531323372,-1,-0.14238824455285853,0.9963279929105797,0.0,0.5977967957463478,4.0,0.8,1.4,O8,de-protonated,,0.0,,C10 H14 O8,10.0,14.0,8.0,,,,
127,284,261.09816690680873,261.09796617240187,261.0979764648091,2258437.603503903,50.8759622607335,821040.0333060703,11.580710701354633,-1,-0.039419712778828844,0.9997180841361586,0.0,0.5998308504816952,3.0,0.6363636363636364,1.6363636363636365,O7,de-protonated,,0.0,,C11 H18 O7,11.0,18.0,7.0,,,,
128,285,261.13456812805845,261.13436736743034,261.13436197415905,2482925.0939179715,33.31967790412746,851644.0924228102,13.029609574171173,-1,0.020653242467512763,0.9999226048923068,0.0,0.599953562935384,2.0,0.5,1.8333333333333333,O6,de-protonated,,0.0,,C12 H22 O6,12.0,22.0,6.0,,,,
129,288,263.0199201963846,263.0197180778495,263.01972614250906,5990313.592792546,99.21260650036747,795996.1461824039,31.042592848337033,-1,-0.0306618049435455,0.9998294262414766,0.0,0.599897655744886,9.0,0.5833333333333334,0.6666666666666666,O7,de-protonated,,0.0,,C12 H8 O7,12.0,8.0,7.0,,,,
130,289,263.0563125654259,263.0561104206831,263.0561116518591,2916860.1108253864,54.73140731186896,763125.031384774,14.937020748511937,-1,-0.004680278965268405,0.9999960253723943,0.0,0.5999976152234365,8.0,0.46153846153846156,0.9230769230769231,O6,de-protonated,,0.0,,C13 H12 O6,13.0,12.0,6.0,,,,
131,294,264.9991954137301,264.9989918700329,264.9989906976191,3972724.638172945,73.38717338702901,808317.9028516744,20.32650534414236,-1,0.004424219935700956,0.9999964483801568,0.0,0.599997869028094,9.0,0.7272727272727273,0.5454545454545454,O8,de-protonated,,0.0,,C11 H6 O8,11.0,6.0,8.0,,,,
132,295,265.0355788791661,265.035375309275,265.0353762069691,6532135.190844662,56.93002643207524,780818.1079199027,33.840827922782,-1,-0.0033870726153923843,0.9999979183754969,0.0,0.5999987510252981,8.0,0.5833333333333334,0.8333333333333334,O7,de-protonated,,0.0,,C12 H10 O7,12.0,10.0,7.0,,,,
133,296,265.0719487393026,265.07174514322764,265.0717617163191,3592095.803341451,154.815537634405,760349.5217358072,18.429574450979295,-1,-0.06252303653884739,0.9992909449774938,0.0,0.5995745669864962,7.0,0.46153846153846156,1.0769230769230769,O6,de-protonated,,0.0,,C13 H14 O6,13.0,14.0,6.0,,,,
134,298,265.10836632061046,265.10816269831724,265.1081472256691,2662161.0317533864,76.79584306185612,782910.308666144,13.944014106925193,-1,0.05836353322289568,0.9993821219403726,0.0,0.5996292731642235,6.0,0.35714285714285715,1.2857142857142858,O5,de-protonated,,0.0,,C14 H18 O5,14.0,18.0,5.0,,,,
135,300,265.1481027789901,265.14789912808953,265.14790403833905,4968692.889164673,99.70465840758663,794192.8692280652,25.69240930712297,-1,-0.018518907525374797,0.9999377741207646,0.0,0.5999626644724587,0.0,0.3333333333333333,2.1666666666666665,S1 O4,de-protonated,,0.0,,C12 H26 O4 S1,12.0,26.0,4.0,,,1.0,
136,307,267.0148405560901,267.01463556145575,267.01464076207907,9117414.934176885,111.62513686823235,765798.2440280891,46.752534333704084,-1,-0.019476921960499438,0.9999311697210216,0.0,0.5999587018326129,8.0,0.7272727272727273,0.7272727272727273,O8,de-protonated,,0.0,,C11 H8 O8,11.0,8.0,8.0,,,,
137,308,267.05123200408894,267.05102698326243,267.05102627142907,7017462.923032584,120.18132028459243,798244.2576008505,36.156970063052924,-1,0.002665533158677442,0.9999987107957541,0.0,0.5999992264774524,7.0,0.5833333333333334,1.0,O7,de-protonated,,0.0,,C12 H12 O7,12.0,12.0,7.0,,,,
138,309,267.0876068404781,267.08740179347154,267.08741178077906,4909062.272716155,90.79640632131179,742544.194007775,25.089793139405423,-1,-0.03739340411010929,0.9997463185320309,0.0,0.5998477911192185,6.0,0.46153846153846156,1.2307692307692308,O6,de-protonated,,0.0,,C13 H16 O6,13.0,16.0,6.0,,,,
139,311,267.1603918839846,267.160186784593,267.16018279947906,12032018.106441306,138.26361860879263,816495.8715372965,61.49828995072306,-1,0.01491657142654235,0.999794958689783,0.9837785524120546,0.9933883961786916,4.0,0.26666666666666666,1.6,O4,de-protonated,,0.0,,C15 H24 O4,15.0,24.0,4.0,,,,
140,312,268.1637313502043,268.16352552874145,268.1635376345491,2220734.8569527613,50.78230030336822,835927.6748537641,11.620011755770994,-1,-0.04514337681488631,0.9996302896417948,0.9837785524120546,0.9932895947498986,4.0,0.26666666666666666,1.6,13C1 O4,de-protonated,,1.0,311.0,C14 H24 O4 13C1,14.0,24.0,4.0,,,,1.0
141,317,268.9940790188301,268.99387259987077,268.9939053171891,1700710.6444556236,58.09112066479771,631799.9332814907,8.66326242851337,-1,-0.12162847442611545,0.9973193408379359,0.0,0.5983916045027615,8.0,0.9,0.6,O9,de-protonated,,0.0,,C10 H6 O9,10.0,6.0,9.0,,,,
142,318,269.0305138044199,269.03030735924466,269.0302908265391,6861723.1285720505,104.58547073692134,771053.0336745884,35.36046869354799,-1,0.06145295203582559,0.9993150000495495,0.0,0.5995890000297297,7.0,0.7272727272727273,0.9090909090909091,O8,de-protonated,,0.0,,C11 H10 O8,11.0,10.0,8.0,,,,
143,319,269.0668732478417,269.0666667765049,269.0666763358891,7123625.939810479,87.2484790932898,777549.7363592646,36.660023559582356,-1,-0.03552793795274152,0.999770995456352,0.0,0.5998625972738112,6.0,0.5833333333333334,1.1666666666666667,O7,de-protonated,,0.0,,C12 H14 O7,12.0,14.0,7.0,,,,
144,320,269.1032610691714,269.1030545716528,269.1030618452391,4796324.052739797,54.0260863350483,812333.2305947532,24.91686849997343,-1,-0.027028998582936385,0.9998674484060763,0.0,0.5999204690436458,5.0,0.46153846153846156,1.3846153846153846,O6,de-protonated,,0.0,,C13 H18 O6,13.0,18.0,6.0,,,,
145,321,269.1314056268905,269.1311991091213,269.1312051460991,2734128.2909767563,71.55960362748505,803672.7110991479,14.064537340468704,-1,-0.022431355600000334,0.9999087054097927,0.0,0.5999452232458756,4.0,0.21428571428571427,1.6428571428571428,P1 O3,de-protonated,,0.0,,C14 H23 O3 P1,14.0,23.0,3.0,,1.0,,
146,322,269.139661607005,269.1394550832955,269.1394473545891,5201608.987202585,78.58866338898274,770649.3997175309,27.28017190554399,-1,0.028716364261250984,0.9998503832403752,0.0,0.5999102299442252,4.0,0.35714285714285715,1.5714285714285714,O5,de-protonated,,0.0,,C14 H22 O5,14.0,22.0,5.0,,,,
147,329,271.00976029737313,271.00955242827615,271.0095553816491,1993634.7402086675,108.66859316618267,715654.5638558121,10.218274148254087,-1,-0.01089767083448718,0.9999784515259703,0.0,0.5999870709155821,7.0,0.9,0.8,O9,de-protonated,,0.0,,C10 H8 O9,10.0,8.0,9.0,,,,
148,330,271.0461524000314,271.0459445047568,271.0459408909991,6428487.454286743,80.15936448678889,794216.9941907022,33.46353780038493,-1,0.013332639111838074,0.9999677463349221,0.0,0.5999806478009533,6.0,0.7272727272727273,1.0909090909090908,O8,de-protonated,,0.0,,C11 H12 O8,11.0,12.0,8.0,,,,
149,331,271.0825405809312,271.08233265948184,271.0823264003491,6073838.813021582,201.13797993543614,779409.147903748,31.304599877779445,-1,0.023089416575573507,0.9999032705448677,0.0,0.5999419623269207,5.0,0.5833333333333334,1.3333333333333333,O7,de-protonated,,0.0,,C12 H16 O7,12.0,16.0,7.0,,,,
150,332,271.1189218757254,271.11871392810644,271.1187119096991,6246406.682617984,126.16498811256209,779736.4886002066,32.58319418145842,-1,0.007444736505604128,0.9999899434201356,0.0,0.5999939660520813,4.0,0.46153846153846156,1.5384615384615385,O6,de-protonated,,0.0,,C13 H20 O6,13.0,20.0,6.0,,,,
151,334,271.1553190840273,271.15511111022744,271.15509741904907,2449674.135492012,55.60779165626212,848856.0877438782,12.613018397357738,-1,0.050492056012751495,0.9995375130403943,0.0,0.5997225078242365,3.0,0.35714285714285715,1.7142857142857142,O5,de-protonated,,0.0,,C14 H24 O5,14.0,24.0,5.0,,,,
152,339,273.00428765987266,273.00407835626686,273.0040760780491,1672095.4689854353,63.02960965227742,787353.4881717631,8.819156611031605,-1,0.00834499546934683,0.9999873641839508,0.0,0.5999924185103704,11.0,0.5384615384615384,0.46153846153846156,O7,de-protonated,,0.0,,C13 H6 O7,13.0,6.0,7.0,,,,
153,340,273.0254141353744,273.0252048165761,273.02520544610906,1760136.130884389,75.38353675097198,638047.6070068446,9.032692340027172,-1,-0.0023057686619797715,0.9999990353159823,0.0,0.5999994211895894,6.0,0.9,1.0,O9,de-protonated,,0.0,,C10 H10 O9,10.0,10.0,9.0,,,,
154,341,273.040670582107,273.0404612523376,273.0404615873991,1656665.9687193218,90.14311830439897,704789.1063588382,8.595140600858342,-1,-0.001227149573964158,0.9999997267571724,0.0,0.5999998360543034,10.0,0.42857142857142855,0.7142857142857143,O6,de-protonated,,0.0,,C14 H10 O6,14.0,10.0,6.0,,,,
155,342,273.06179688801774,273.0615875430561,273.06159095545905,3898258.088365955,68.07260231164271,839889.060201398,19.991136346456074,-1,-0.012496825215732487,0.9999716634439336,0.0,0.5999829980663601,5.0,0.7272727272727273,1.2727272727272727,O8,de-protonated,,0.0,,C11 H14 O8,11.0,14.0,8.0,,,,
156,344,273.098190860413,273.09798148928,273.0979764648091,6225173.712873147,66.71113001515391,744907.9626130784,32.263545605538674,-1,0.018398052500081336,0.999938583622201,0.0,0.5999631501733206,4.0,0.5833333333333334,1.5,O7,de-protonated,,0.0,,C12 H18 O7,12.0,18.0,7.0,,,,
157,345,273.13457669300874,273.1343672957103,273.13436197415905,8801841.496068498,89.0538385426194,786216.043889569,45.39009778060354,-1,0.01948327274639033,0.9999311248286535,0.0,0.5999586748971921,3.0,0.46153846153846156,1.6923076923076923,O6,de-protonated,,0.0,,C13 H22 O6,13.0,22.0,6.0,,,,
158,348,275.0199273792223,275.0197166263375,275.01972614250906,4640047.387515685,136.6577589540912,744208.1543727694,23.86884038220378,-1,-0.034601778076986764,0.9997827781602251,0.0,0.5998696668961351,10.0,0.5384615384615384,0.6153846153846154,O7,de-protonated,,0.0,,C13 H8 O7,13.0,8.0,7.0,,,,
159,350,275.05632564026143,275.05611486120955,275.0561116518591,1880699.489361381,58.538804693154404,726890.0898712614,9.631378402303083,-1,0.011667984468564378,0.9999752975431789,0.0,0.5999851785259074,9.0,0.42857142857142855,0.8571428571428571,O6,de-protonated,,0.0,,C14 H12 O6,14.0,12.0,6.0,,,,
160,351,275.0774375024616,275.07722670823216,275.0772410199191,2089430.2357673857,48.375945212177456,858817.4589069793,10.82875052685491,-1,-0.052027884503548116,0.9995089570131385,0.0,0.5997053742078831,4.0,0.7272727272727273,1.4545454545454546,O8,de-protonated,,0.0,,C11 H16 O8,11.0,16.0,8.0,,,,
161,353,275.1138369500964,275.11362612969924,275.1136265292691,4000638.213807959,112.35107858491862,705488.200002642,21.039164464225724,-1,-0.0014523811384518969,0.9999996172502236,0.0,0.5999997703501341,3.0,0.5833333333333334,1.6666666666666667,O7,de-protonated,,0.0,,C12 H20 O7,12.0,20.0,7.0,,,,
162,354,275.1502361409388,275.15002529437413,275.1500120386191,2937003.5908613894,63.266825766283525,758932.3609925128,15.036583419700053,-1,0.048176465455532266,0.9995789513774682,0.0,0.5997473708264809,2.0,0.46153846153846156,1.8461538461538463,O6,de-protonated,,0.0,,C13 H24 O6,13.0,24.0,6.0,,,,
163,358,276.99919547310884,276.99898329750226,276.9989906976191,3590132.210575238,65.95492460747909,818426.4213924538,18.429574450979295,-1,-0.02671532055048825,0.999870506942049,0.0,0.5999223041652294,10.0,0.6666666666666666,0.5,O8,de-protonated,,0.0,,C12 H6 O8,12.0,6.0,8.0,,,,
164,360,277.0355979173776,277.03538571560824,277.0353762069691,5310962.551705065,141.42282614793655,725620.4169010201,27.143928250233934,-1,0.034322833721410165,0.9997862659648075,0.0,0.5998717595788845,9.0,0.5384615384615384,0.7692307692307693,O7,de-protonated,,0.0,,C13 H10 O7,13.0,10.0,7.0,,,,
165,361,277.07197694303284,277.07176471511775,277.0717617163191,2838302.453649003,75.35553756923156,669835.6492089403,14.76147603878552,-1,0.01082318401931502,0.9999787450886563,0.0,0.5999872470531937,8.0,0.42857142857142855,1.0,O6,de-protonated,,0.0,,C14 H14 O6,14.0,14.0,6.0,,,,
166,364,277.14475310237634,277.14454082215707,277.1445327350191,3188193.22475661,110.09062943873452,750861.955537913,16.31779779367345,-1,0.029180218369272256,0.9998455110738366,0.0,0.5999073066443019,6.0,0.25,1.375,O4,de-protonated,,0.0,,C16 H22 O4,16.0,22.0,4.0,,,,
167,368,279.01486161661336,279.01464799253444,279.01464076207907,8190696.18775515,74.03912143415786,750268.6633350807,43.01107395326643,-1,0.025914250761649434,0.9998781558499809,0.0,0.5999268935099885,9.0,0.6666666666666666,0.6666666666666666,O8,de-protonated,,0.0,,C12 H8 O8,12.0,8.0,8.0,,,,
168,369,279.05123982464846,279.0510261744317,279.05102627142907,6442434.963656201,147.15939223371075,770633.3088614069,33.26441245800869,-1,-0.000347597297406315,0.9999999780766657,0.0,0.5999999868459994,8.0,0.5384615384615384,0.9230769230769231,O7,de-protonated,,0.0,,C13 H12 O7,13.0,12.0,7.0,,,,
169,371,279.08763632320694,279.08742264683934,279.08741178077906,4400233.5107720895,55.261690850015924,706283.5679288047,22.679328468535225,-1,0.03893425436059618,0.999724984085494,0.0,0.5998349904512964,7.0,0.42857142857142855,1.1428571428571428,O6,de-protonated,,0.0,,C14 H16 O6,14.0,16.0,6.0,,,,
170,379,281.0305117147829,281.0302966426597,281.0302908265391,9504604.579641618,102.47395032863395,763745.569575908,48.7961891633549,-1,0.02069570722315359,0.9999222863161584,0.0,0.599953371789695,8.0,0.6666666666666666,0.8333333333333334,O8,de-protonated,,0.0,,C12 H10 O8,12.0,10.0,8.0,,,,
171,380,281.06690101850984,281.0666859202484,281.0666763358891,8073716.865935249,101.51864679772302,760378.4046675916,42.686185236757844,-1,0.03409994891380389,0.9997890325420157,0.0,0.5998734195252093,7.0,0.5384615384615384,1.0769230769230769,O7,de-protonated,,0.0,,C13 H14 O7,13.0,14.0,7.0,,,,
172,383,281.1032738680158,281.10305874362797,281.1030618452391,4276816.786246265,230.72641926719572,729009.8576616829,22.165794690828097,-1,-0.011033715205987261,0.9999779101599285,0.0,0.5999867460959571,6.0,0.42857142857142855,1.2857142857142858,O6,de-protonated,,0.0,,C14 H18 O6,14.0,18.0,6.0,,,,
173,390,283.0097717511366,283.0095552575171,283.0095553816491,5418826.93547818,62.7361374522941,747548.4969743603,27.772745120895724,-1,-0.00043861411781715077,0.9999999650924769,0.0,0.5999999790554861,8.0,0.8181818181818182,0.7272727272727273,O9,de-protonated,,0.0,,C11 H8 O9,11.0,8.0,9.0,,,,
174,391,283.0461587442182,283.0459422244695,283.0459408909991,8898695.833788427,86.38302940550435,739152.83305468,46.909738551369536,-1,0.004711144883744515,0.9999959727751808,0.0,0.5999975836651085,7.0,0.6666666666666666,1.0,O8,de-protonated,,0.0,,C12 H12 O8,12.0,12.0,8.0,,,,
175,392,283.0825333586471,283.0823168127782,283.0823264003491,9543141.983990213,119.61432795044846,764183.115865728,49.07915675515271,-1,-0.03386848985828055,0.9997918864783946,0.0,0.5998751318870367,6.0,0.5384615384615384,1.2307692307692308,O7,de-protonated,,0.0,,C13 H16 O7,13.0,16.0,7.0,,,,
176,395,283.1189248707933,283.1187082987922,283.1187119096991,4218994.504273075,134.56692196653262,746511.3765881734,22.07671230081768,-1,-0.012754038121626735,0.9999704849963964,0.0,0.5999822909978378,5.0,0.42857142857142855,1.4285714285714286,O6,de-protonated,,0.0,,C14 H20 O6,14.0,20.0,6.0,,,,
177,396,283.15533352859546,283.15511693045,283.15509741904907,2333731.805993366,41.8302422046291,799375.2913185694,11.96586103463498,-1,0.06890711521511422,0.9991388180966372,0.0,0.5994832908579822,4.0,0.3333333333333333,1.6,O5,de-protonated,,0.0,,C15 H24 O5,15.0,24.0,5.0,,,,
178,400,285.0254105796195,285.02519263878946,285.02520544610906,4327853.28919251,143.2535858399145,768832.7357143812,22.322998908493545,-1,-0.044933989512843955,0.9996337106963463,0.0,0.5997802264178078,7.0,0.8181818181818182,0.9090909090909091,O9,de-protonated,,0.0,,C11 H10 O9,11.0,10.0,9.0,,,,
179,401,285.0618040614542,285.0615860944978,285.06159095545905,10239422.53323337,79.27017756359052,775083.4979384273,52.7053340426357,-1,-0.01705231929972389,0.9999472394537425,0.0,0.5999683436722455,6.0,0.6666666666666666,1.1666666666666667,O8,de-protonated,,0.0,,C12 H14 O8,12.0,14.0,8.0,,,,
180,402,285.09820138928416,285.09798339619874,285.0979764648091,8283142.927708253,177.92942862955442,729330.7469604309,42.94819226620026,-1,0.02431230737113549,0.9998927535576492,0.0,0.5999356521345894,5.0,0.5384615384615384,1.3846153846153846,O7,de-protonated,,0.0,,C13 H18 O7,13.0,18.0,7.0,,,,
181,403,285.1263426139623,285.1261246006749,285.1261197656691,14290870.16525656,150.99600457702235,758002.7692844615,73.11044149561079,-1,0.016957428624978767,0.9999503521607422,0.9971411168033061,0.9988266580177678,4.0,0.2857142857142857,1.6428571428571428,P1 O4,de-protonated,,0.0,,C14 H23 O4 P1,14.0,23.0,4.0,,1.0,,
182,404,285.13456735424137,285.1343493350496,285.13436197415905,5726836.5381408,149.4452248556251,745402.5825470942,29.3447872975502,-1,-0.044326854782795015,0.999643540456564,0.0,0.5997861242739384,4.0,0.42857142857142855,1.5714285714285714,O6,de-protonated,,0.0,,C14 H22 O6,14.0,22.0,6.0,,,,
183,405,285.17093671129516,285.17071866599474,285.17074748350905,1655182.117451969,154.15178408726948,611602.917210128,8.692083201752034,-1,-0.10105354269258582,0.9981487945484292,0.0,0.5988892767290575,3.0,0.3333333333333333,1.7333333333333334,O5,de-protonated,,0.0,,C15 H26 O5,15.0,26.0,5.0,,,,
184,407,286.12968872323916,286.12946998972393,286.12947460073906,2218270.7542366683,100.06304538794036,815173.8043240713,11.606911404298874,-1,-0.016115135063468997,0.9999528793258268,0.9971411168033061,0.9988281743168185,4.0,0.2857142857142857,1.6428571428571428,13C1 P1 O4,de-protonated,,1.0,403.0,C13 H23 O4 P1 13C1,13.0,23.0,4.0,,1.0,,1.0
185,411,287.01998006068425,287.01976068818124,287.01972614250906,1710920.7956643058,110.60060189881338,798123.4612659481,8.858457665447967,-1,0.1203599231423999,0.9973748932265932,0.0,0.5984249359359559,11.0,0.5,0.5714285714285714,O7,de-protonated,,0.0,,C14 H8 O7,14.0,8.0,7.0,,,,
186,412,287.0410716749686,287.0408522873285,287.0408555105691,3893746.1150000677,69.86009420031071,750828.2538736818,20.289824360020425,-1,-0.011229204905867166,0.9999771204818705,0.0,0.5999862722891223,6.0,0.8181818181818182,1.0909090909090908,O9,de-protonated,,0.0,,C11 H12 O9,11.0,12.0,9.0,,,,
187,413,287.05635792615834,287.0561385275476,287.0561116518591,1631470.5701840678,101.69841375519083,599120.2683674053,8.343613852593625,-1,0.0936252091482568,0.9984107431261476,0.0,0.5990464458756886,10.0,0.4,0.8,O6,de-protonated,,0.0,,C15 H12 O6,15.0,12.0,6.0,,,,
188,414,287.0774644185257,287.07724500476735,287.0772410199191,5930197.087797482,63.97090532207027,779347.2211181512,30.39281541531985,-1,0.013880752959585163,0.9999650399305533,0.0,0.5999790239583319,5.0,0.6666666666666666,1.3333333333333333,O8,de-protonated,,0.0,,C12 H16 O8,12.0,16.0,8.0,,,,
189,415,287.11385133674287,287.11363189687046,287.1136265292691,7816078.297667167,97.9031428741483,746041.7331997727,40.01371353644524,-1,0.01869504223750597,0.9999365848595219,0.0,0.5999619509157131,4.0,0.5384615384615384,1.5384615384615385,O7,de-protonated,,0.0,,C13 H20 O7,13.0,20.0,7.0,,,,
190,417,287.15023046186,287.15001099587937,287.1500120386191,5172028.6205849,60.09670812418358,810560.3651199366,26.551792363694084,-1,-0.003631341346853791,0.9999976073043617,0.0,0.599998564382617,3.0,0.42857142857142855,1.7142857142857142,O6,de-protonated,,0.0,,C14 H24 O6,14.0,24.0,6.0,,,,
191,423,288.9991882046286,288.998967411882,288.9989906976191,2107599.365185698,103.2395629691865,616233.9319432946,10.896872354509936,-1,-0.08057376612246493,0.9988227047722862,0.0,0.5992936228633717,11.0,0.6153846153846154,0.46153846153846156,O8,de-protonated,,0.0,,C13 H6 O8,13.0,6.0,8.0,,,,
192,424,289.0356064036321,289.0353855847562,289.0353762069691,4095981.326158522,105.54931357042001,734949.1566565648,21.688941897242906,-1,0.03244511886441091,0.9998090097966698,0.0,0.5998854058780019,10.0,0.5,0.7142857142857143,O7,de-protonated,,0.0,,C14 H10 O7,14.0,10.0,7.0,,,,
193,425,289.05668245275535,289.05646161875796,289.0565055750291,1566145.0135982127,99.15218525639382,649614.0108116221,8.014795030643398,-1,-0.15206809156165568,0.995812843439626,0.0,0.5974877060637755,5.0,0.8181818181818182,1.2727272727272727,O9,de-protonated,,0.0,,C11 H14 O9,11.0,14.0,9.0,,,,
194,426,289.07201421993824,289.0717933749407,289.0717617163191,1914419.0588693046,99.30190611994027,740669.426787939,10.027009016761127,-1,0.10951820892680722,0.9978260277639694,0.0,0.5986956166583817,9.0,0.4,0.9333333333333333,O6,de-protonated,,0.0,,C15 H14 O6,15.0,14.0,6.0,,,,
195,427,289.09311996857446,289.09289910843415,289.0928910843791,3283639.571686388,56.864254149346365,807270.0405217278,16.920413961391,-1,0.027755974920520798,0.9998602227644157,0.0,0.5999161336586494,4.0,0.6666666666666666,1.5,O8,de-protonated,,0.0,,C12 H18 O8,12.0,18.0,8.0,,,,
196,429,289.12949168908733,289.1292708028514,289.12927659372906,4290862.7632525,152.89673219874112,721387.969915796,22.27583764319391,-1,-0.020028679625261683,0.999927214869983,0.0,0.5999563289219898,3.0,0.5384615384615384,1.6923076923076923,O7,de-protonated,,0.0,,C13 H22 O7,13.0,22.0,7.0,,,,
197,430,289.1659079402202,289.16568702785696,289.1656621030791,1658882.660378354,27.248508181775858,766453.1808955186,8.71435379925464,-1,0.08619549660812012,0.9986528055758535,0.0,0.5991916833455121,2.0,0.42857142857142855,1.8571428571428572,O6,de-protonated,,0.0,,C14 H26 O6,14.0,26.0,6.0,,,,
198,432,290.1248000029424,290.1245784026565,290.1245255659291,3723900.4656529976,56.452306348349865,836167.1691238726,19.215595539306534,-1,0.18211741070238735,0.994000008823157,0.0,0.5964000052938941,3.0,0.5833333333333334,1.75,N1 O7,de-protonated,,0.0,,C12 H21 O7 N1,12.0,21.0,7.0,1.0,,,
199,434,291.0148545915,291.0146323527608,291.01464076207907,6210205.089399804,81.86144254162807,697239.5066661795,32.530792775569935,-1,-0.02889654698761427,0.9998484999321124,0.0,0.5999090999592674,10.0,0.6153846153846154,0.6153846153846154,O8,de-protonated,,0.0,,C13 H8 O8,13.0,8.0,8.0,,,,
200,435,291.05125449374634,291.0510322288986,291.05102627142907,4274960.482590118,180.1504424418999,724654.8970885418,21.903787661385685,-1,0.02046881465358687,0.9999239809028577,0.0,0.5999543885417146,9.0,0.5,0.8571428571428571,O7,de-protonated,,0.0,,C14 H12 O7,14.0,12.0,7.0,,,,
201,437,291.0876093450354,291.08738705411145,291.08741178077906,2343758.9509855784,55.76700140812086,796135.9553210574,11.97372124551825,-1,-0.08494585000105169,0.9986915597905154,0.0,0.5992149358743092,8.0,0.4,1.0666666666666667,O6,de-protonated,,0.0,,C15 H16 O6,15.0,16.0,6.0,,,,
202,444,292.213208185304,292.21298508709106,292.2129466490891,4859919.494246423,135.28402496705607,713830.3019498998,25.671448744767577,-1,0.13154106421477743,0.9968653074629046,0.0,0.5981191844777427,0.0,0.35714285714285715,2.2142857142857144,N1 O5,de-protonated,,0.0,,C14 H31 O5 N1,14.0,31.0,5.0,1.0,,,
203,448,292.994118734824,292.99389507661175,292.9939053171891,3282198.3659123196,68.5903849612875,761761.3266346406,16.909933680213303,-1,-0.034951502974538834,0.9997783654775777,0.0,0.5998670192865466,10.0,0.75,0.5,O9,de-protonated,,0.0,,C12 H6 O9,12.0,6.0,9.0,,,,
204,450,293.03051867181745,293.0302949875039,293.0302908265391,7932760.45946727,109.61052472273059,687083.5437761078,40.642530407107024,-1,0.014199777076803506,0.9999634145049037,0.0,0.5999780487029421,9.0,0.6153846153846154,0.7692307692307693,O8,de-protonated,,0.0,,C13 H10 O8,13.0,10.0,8.0,,,,
205,451,293.0668978649632,293.06667415456343,293.0666763358891,5270318.096961544,171.57225531063145,689228.5636899561,27.22253035906666,-1,-0.007443103721986468,0.9999899478308587,0.0,0.5999939686985152,8.0,0.5,1.0,O7,de-protonated,,0.0,,C14 H14 O7,14.0,14.0,7.0,,,,
206,453,293.1032647139433,293.10304097746626,293.1030618452391,3406819.575652961,56.025737609180226,787344.1221665847,17.39726675497619,-1,-0.07119602470549258,0.9990806823152885,0.0,0.5994484093891731,7.0,0.4,1.2,O6,de-protonated,,0.0,,C15 H18 O6,15.0,18.0,6.0,,,,
207,455,293.1760601864283,293.17583639775285,293.1758328639391,53342954.072497435,122.21231659466079,734584.482832595,274.0383922344081,-1,0.012053564303371726,0.9999840672055356,0.9948487762611617,0.997929950827786,5.0,0.23529411764705882,1.5294117647058822,O4,de-protonated,,0.0,,C17 H26 O4,17.0,26.0,4.0,,,,
208,459,294.17941058693117,294.1791860788529,294.1791876990091,9425245.818046011,109.1656312600688,731307.0130951924,48.02064835620536,-1,-0.00550737866980821,0.9999944964551554,0.9948487762611617,0.9979362083775579,5.0,0.23529411764705882,1.5294117647058822,13C1 O4,de-protonated,,1.0,455.0,C16 H26 O4 13C1,16.0,26.0,4.0,,,,1.0
209,466,295.00977883337237,295.00955372999766,295.0095553816491,6522963.8203123845,71.73879975151216,712909.93317026,34.532526480509965,-1,-0.005598637014948624,0.9999943125549264,0.0,0.5999965875329558,9.0,0.75,0.6666666666666666,O9,de-protonated,,0.0,,C12 H8 O9,12.0,8.0,9.0,,,,
210,467,295.04616379478114,295.04593866532343,295.0459408909991,7914554.9120853515,131.0334196201782,700089.2794813487,41.533354307211226,-1,-0.007543488437984492,0.9999896748577367,0.0,0.599993804914642,8.0,0.6153846153846154,0.9230769230769231,O8,de-protonated,,0.0,,C13 H12 O8,13.0,12.0,8.0,,,,
211,468,295.082541148788,295.08231599325285,295.0823264003491,6426037.080910992,110.68310444807331,732646.2953832735,33.29061316095293,-1,-0.03526844983746207,0.9997743280599312,0.0,0.5998645968359587,7.0,0.5,1.1428571428571428,O7,de-protonated,,0.0,,C14 H16 O7,14.0,16.0,7.0,,,,
212,471,295.1189468652902,295.11872168365744,295.1187119096991,3290180.25860996,92.3268479108925,760591.6043279319,16.99901607022372,-1,0.03311873484652993,0.9998009977035273,0.0,0.5998805986221163,6.0,0.4,1.3333333333333333,O6,de-protonated,,0.0,,C15 H20 O6,15.0,20.0,6.0,,,,
213,479,297.0254409074422,297.02521435932016,297.02520544610906,6145354.830540533,72.17855403097231,724097.1373753295,31.760492109009242,-1,0.030008265092900218,0.9998366195365515,0.0,0.5999019717219308,8.0,0.75,0.8333333333333334,O9,de-protonated,,0.0,,C12 H10 O9,12.0,10.0,9.0,,,,
214,480,297.061817259245,297.06159068505366,297.06159095545905,10297875.491230076,217.15995613649744,732179.1018222864,54.183053688690904,-1,-0.000910267103890327,0.9999998496541337,0.0,0.5999999097924802,7.0,0.6153846153846154,1.0769230769230769,O8,de-protonated,,0.0,,C13 H14 O8,13.0,14.0,8.0,,,,
215,481,297.09820601691433,297.0979794166449,297.0979764648091,9505591.681163799,98.03521952824003,745129.3974012462,49.624131376392924,-1,0.009935563355029256,0.9999820883772857,0.0,0.5999892530263714,6.0,0.5,1.2857142857142858,O7,de-protonated,,0.0,,C14 H18 O7,14.0,18.0,7.0,,,,
216,483,297.1345564653581,297.13432983903823,297.13436197415905,3498727.439579189,96.99599780345756,688305.6358563688,18.041804047404526,-1,-0.10815013317564653,0.9978799447744656,0.0,0.5987279668646793,5.0,0.4,1.4666666666666666,O6,de-protonated,,0.0,,C15 H22 O6,15.0,22.0,6.0,,,,
217,484,297.1532137867856,297.152987147095,297.1529894187691,4167486.942060179,172.24794790501994,690310.2814595075,21.641780631943274,-1,-0.007644796310935691,0.9999893956668673,0.0,0.5999936374001203,4.0,0.1875,1.625,S1 O3,de-protonated,,0.0,,C16 H26 O3 S1,16.0,26.0,3.0,,,1.0,
218,491,299.00469440947205,299.0044664431043,299.0044700012191,1803138.2873169896,39.93772575837036,807083.3764042384,9.2855291234391,-1,-0.01189987149662308,0.9999743059365657,0.0,0.5999845835619394,8.0,0.9090909090909091,0.7272727272727273,O10,de-protonated,,0.0,,C11 H8 O10,11.0,8.0,10.0,,,,
219,492,299.0410808154547,299.0408528230178,299.0408555105691,7576312.89233233,91.52768584892016,739784.5986797046,38.77704035747705,-1,-0.008987237775572,0.999985344416649,0.0,0.5999912066499894,7.0,0.75,1.0,O9,de-protonated,,0.0,,C12 H12 O9,12.0,12.0,9.0,,,,
220,493,299.0774750165324,299.0772469980209,299.0772410199191,11081775.932818571,157.25341118334248,717681.8422875867,56.991769044313564,-1,0.01998848784452182,0.999927506683815,0.0,0.599956504010289,6.0,0.6153846153846154,1.2307692307692308,O8,de-protonated,,0.0,,C13 H16 O8,13.0,16.0,8.0,,,,
221,494,299.11385650029155,299.1136284557147,299.1136265292691,5970934.29513362,43.138495859195416,729248.4273984185,30.63386188240687,-1,0.006440514450910953,0.9999924734957375,0.0,0.5999954840974425,5.0,0.5,1.4285714285714286,O7,de-protonated,,0.0,,C14 H20 O7,14.0,20.0,7.0,,,,
222,495,299.1502571767006,299.1500291060448,299.1500120386191,4218933.648322809,99.27508938628444,700734.939395216,21.89330738020799,-1,0.05705306721664333,0.9994095493884513,0.0,0.5996457296330707,4.0,0.4,1.6,O6,de-protonated,,0.0,,C15 H24 O6,15.0,24.0,6.0,,,,
223,496,299.18660323243364,299.1863751357382,299.1863975479691,2157620.584916556,44.70360800744083,614558.5104767445,11.048836431586535,-1,-0.07491059435182891,0.998982301276684,0.0,0.5993893807660103,3.0,0.3125,1.75,O5,de-protonated,,0.0,,C16 H28 O5,16.0,28.0,5.0,,,,
224,501,301.02034845021643,301.0201190399327,301.02012006567907,1836928.509022205,174.3069521632766,725669.1283139474,9.649718894364053,-1,-0.0034075674781245753,0.9999978931078738,0.0,0.5999987358647243,7.0,0.9090909090909091,0.9090909090909091,O10,de-protonated,,0.0,,C11 H10 O10,11.0,10.0,10.0,,,,
225,502,301.0356494222039,301.0354200009609,301.0353762069691,1613648.6510582513,110.2833322777513,607618.0419974044,8.272871954644174,-1,0.1454778916266585,0.9961672171511439,0.0,0.5977003302906863,11.0,0.4666666666666667,0.6666666666666666,O7,de-protonated,,0.0,,C15 H10 O7,15.0,10.0,7.0,,,,
226,503,301.05672106438317,301.0564916280477,301.0565055750291,6644446.164583121,59.41852937971421,706012.4570087299,35.12990250763867,-1,-0.046326789713850035,0.9996106558247934,0.0,0.599766393494876,6.0,0.75,1.1666666666666667,O9,de-protonated,,0.0,,C12 H14 O9,12.0,14.0,9.0,,,,
227,504,301.093128596382,301.0928991339699,301.0928910843791,6011493.171022127,162.54118177799324,685244.50442117,31.063553410692425,-1,0.0267345760795059,0.9998703202181659,0.0,0.5999221921308995,5.0,0.6153846153846154,1.3846153846153846,O8,de-protonated,,0.0,,C13 H18 O8,13.0,18.0,8.0,,,,
228,505,301.1295200988549,301.12929061037784,301.12927659372906,7080746.868156224,108.06462360374718,726313.6747671717,36.6652637001712,-1,0.04654694799294057,0.9996069472089817,0.0,0.599764168325389,4.0,0.5,1.5714285714285714,O7,de-protonated,,0.0,,C14 H22 O7,14.0,22.0,7.0,,,,
229,506,301.16588100104593,301.1656514865259,301.1656621030791,4746456.143896569,242.0244970285551,676049.7192837005,24.309012191667033,-1,-0.0352515393797366,0.9997745443932716,0.0,0.5998647266359629,3.0,0.4,1.7333333333333334,O6,de-protonated,,0.0,,C15 H26 O6,15.0,26.0,6.0,,,,
230,513,303.01485171932336,303.0146208806851,303.01464076207907,3199823.983274842,47.00711222186837,703564.3752994346,16.781550235786522,-1,-0.06561199137441127,0.9992191804860459,0.0,0.5995315082916275,11.0,0.5714285714285714,0.5714285714285714,O8,de-protonated,,0.0,,C14 H8 O8,14.0,8.0,8.0,,,,
231,514,303.05123988440226,303.05100901970854,303.05102627142907,2035388.1681744151,110.61963565986082,580686.9924699117,10.439670088132926,-1,-0.05692678468615427,0.9994121595612194,0.0,0.5996472957367316,10.0,0.4666666666666667,0.8,O7,de-protonated,,0.0,,C15 H12 O7,15.0,12.0,7.0,,,,
232,515,303.07237931356167,303.0721484337313,303.0721556394891,2768843.5448957263,109.68970703918399,601411.2690535248,14.512569360815228,-1,-0.023775717025786878,0.9998974350902877,0.0,0.5999384610541726,5.0,0.75,1.3333333333333333,O9,de-protonated,,0.0,,C12 H16 O9,12.0,16.0,9.0,,,,
233,516,303.1087576710842,303.1085267652057,303.10854114883904,3888048.0528608933,113.24557853542748,645452.3268065312,20.297684570903698,-1,-0.04745373819509454,0.9995914869210348,0.0,0.5997548921526209,4.0,0.6153846153846154,1.5384615384615385,O8,de-protonated,,0.0,,C13 H20 O8,13.0,20.0,8.0,,,,
234,518,303.1451925924163,303.1449616604492,303.1449266581891,3218237.1514630755,72.50103991907578,695281.9444810428,16.59028510429356,-1,0.11546378329834633,0.9975838704856673,0.0,0.5985503222914004,3.0,0.5,1.7142857142857142,O7,de-protonated,,0.0,,C14 H24 O7,14.0,24.0,7.0,,,,
235,519,304.1404334802975,304.1402018357589,304.1401756303891,1980978.751860881,112.72693583091285,760729.1561974895,10.312596678853357,-1,0.08616214465011057,0.9986538472225925,0.0,0.5991923083335555,3.0,0.5384615384615384,1.7692307692307692,N1 O7,de-protonated,,0.0,,C13 H23 O7 N1,13.0,23.0,7.0,1.0,,,
236,525,304.9941525549661,304.9939202992636,304.9939053171891,2337899.240290376,110.36854257297894,680294.8290386193,12.15712616612794,-1,0.04912253734413673,0.9995622558620443,0.0,0.5997373535172266,11.0,0.6923076923076923,0.46153846153846156,O9,de-protonated,,0.0,,C13 H6 O9,13.0,6.0,9.0,,,,
237,526,305.03052203087384,305.03028974913667,305.0302908265391,5618877.694373427,145.08605048703512,761987.6421203363,28.83125351984307,-1,-0.003532116195618992,0.9999977362769091,0.0,0.5999986417661455,10.0,0.5714285714285714,0.7142857142857143,O8,de-protonated,,0.0,,C14 H10 O8,14.0,10.0,8.0,,,,
238,527,305.06690901047835,305.06667670269417,305.0666763358891,2787392.068928067,128.89998278932998,646617.5374291278,14.690734140836069,-1,0.0012023767148310208,0.9999997376778968,0.0,0.5999998426067381,9.0,0.4666666666666667,0.9333333333333333,O7,de-protonated,,0.0,,C15 H14 O7,15.0,14.0,7.0,,,,
239,537,307.0097801803411,307.0095464819794,307.0095553816491,5706728.953166707,79.34724821454034,698904.1796669501,29.763998544658058,-1,-0.028988249839537968,0.9998475369124065,0.0,0.5999085221474438,10.0,0.6923076923076923,0.6153846153846154,O9,de-protonated,,0.0,,C13 H8 O9,13.0,8.0,9.0,,,,
240,538,307.046180779896,307.0459470554849,307.0459408909991,5624218.631532608,101.09833231267001,680782.0329750079,28.77885211395459,-1,0.0200767539170228,0.9999268650551254,0.0,0.5999561190330752,9.0,0.5714285714285714,0.8571428571428571,O8,de-protonated,,0.0,,C14 H12 O8,14.0,12.0,8.0,,,,
241,539,307.08259706572727,307.08236331525563,307.0823264003491,4232414.572560917,145.34459842683586,712480.53274338,21.778024287253327,-1,0.12021175881993905,0.9973813438517838,0.0,0.5984288063110702,8.0,0.4666666666666667,1.0666666666666667,O7,de-protonated,,0.0,,C15 H16 O7,15.0,16.0,7.0,,,,
242,542,307.1189566683015,307.11872289181,307.1187119096991,2023375.5936123978,100.43478522996294,619551.2148901868,10.401679068863777,-1,0.03575852113379946,0.9997680135885658,0.0,0.5998608081531395,7.0,0.375,1.25,O6,de-protonated,,0.0,,C16 H20 O6,16.0,20.0,6.0,,,,
243,549,308.9890374723024,308.9888023577183,308.98881993675906,1751683.0497374106,131.2983066872274,688059.263079359,9.014351847966202,-1,-0.05689215788888613,0.9994128742640193,0.0,0.5996477245584115,10.0,0.8333333333333334,0.5,O10,de-protonated,,0.0,,C12 H6 O10,12.0,6.0,10.0,,,,
244,550,309.02544400698764,309.02520886635733,309.02520544610906,8477927.154928016,186.075962685867,676877.4112948506,43.43028520037429,-1,0.011067861832371345,0.9999777732246747,0.0,0.5999866639348048,9.0,0.6923076923076923,0.7692307692307693,O9,de-protonated,,0.0,,C13 H10 O9,13.0,10.0,9.0,,,,
245,551,309.06181285008836,309.0615776834388,309.06159095545905,7309200.843955333,41.99577665013191,693298.324964883,38.29494742330301,-1,-0.04294296222610648,0.9996654468150096,0.0,0.5997992680890057,8.0,0.5714285714285714,1.0,O8,de-protonated,,0.0,,C14 H14 O8,14.0,14.0,8.0,,,,
246,553,309.09821582138636,309.0979806286934,309.0979764648091,6433154.166118704,96.2335053679011,733222.1290803149,32.87664205443392,-1,0.013471082315398158,0.9999670730383395,0.0,0.5999802438230037,7.0,0.4666666666666667,1.2,O7,de-protonated,,0.0,,C15 H18 O7,15.0,18.0,7.0,,,,
247,555,309.13460549801243,309.13437027928563,309.13436197415905,1649775.7569789952,56.973252724791266,693493.9528103656,8.718283904696277,-1,0.026865750321757025,0.9998690446219365,0.0,0.5999214267731618,6.0,0.375,1.375,O6,de-protonated,,0.0,,C16 H22 O6,16.0,22.0,6.0,,,,
248,557,309.1709953530809,309.1707601083203,309.17074748350905,3950686.7114886534,59.68010688957591,723836.0491065779,20.357946187675452,-1,0.04083442995989414,0.999697489032085,0.0,0.599818493419251,5.0,0.29411764705882354,1.5294117647058822,O5,de-protonated,,0.0,,C17 H26 O5,17.0,26.0,5.0,,,,
249,563,311.0047280793793,311.0044915229165,311.0044700012191,3239729.585525252,86.97781219420898,661085.4605899466,16.62958615870992,-1,0.06920060480054528,0.9991314697655791,0.0,0.5994788818593474,9.0,0.8333333333333334,0.6666666666666666,O10,de-protonated,,0.0,,C12 H8 O10,12.0,8.0,10.0,,,,
250,564,311.0410931749918,311.0408565925199,311.0408555105691,9331051.150631214,108.04472536163169,710060.3893755588,47.79008217029604,-1,0.0034784845598831373,0.999997804499646,0.0,0.5999986826997876,8.0,0.6923076923076923,0.9230769230769231,O9,de-protonated,,0.0,,C13 H12 O9,13.0,12.0,9.0,,,,
251,565,311.0774882764279,311.0772516679255,311.0772410199191,12413637.206898287,78.83010643960664,717293.574667351,63.56290534272927,-1,0.034229461430034316,0.9983155424588748,0.9985145540529538,0.9983951470965063,7.0,0.5714285714285714,1.1428571428571428,O8,de-protonated,,0.0,,C14 H16 O8,14.0,16.0,8.0,,,,
252,566,311.113858477942,311.11362184342715,311.1136265292691,6095079.540046089,81.1794993964045,745195.791461377,31.283639315424054,-1,-0.015061512997229775,0.9999588393625516,0.0,0.5999753036175309,6.0,0.4666666666666667,1.3333333333333333,O7,de-protonated,,0.0,,C15 H20 O7,15.0,20.0,7.0,,,,
253,568,311.1502593857922,311.150022725243,311.1500120386191,2930311.0572694554,128.73289490779308,703110.5974216043,15.036583419700053,-1,0.034345568040743665,0.9997859827605169,0.0,0.5998715896563102,5.0,0.375,1.5,O6,de-protonated,,0.0,,C16 H24 O6,16.0,24.0,6.0,,,,
254,569,311.1688827661081,311.1686460922393,311.16863948322913,11750077.046423735,70.45412907468577,701106.2914120135,60.93235476712745,-1,0.021239319651652683,0.9999164634913437,0.9739629361559715,0.9895350525571948,4.0,0.17647058823529413,1.6470588235294117,S1 O3,de-protonated,,0.0,,C17 H28 O3 S1,17.0,28.0,3.0,,,1.0,
255,570,311.18663635516754,311.18639966860127,311.1863975479691,4646600.432361004,107.16985620804583,717638.6048805712,23.784998132782206,-1,0.006814668654131314,0.9999915736113358,0.0,0.5999949441668014,4.0,0.29411764705882354,1.6470588235294117,O5,de-protonated,,0.0,,C17 H28 O5,17.0,28.0,5.0,,,,
256,574,312.08087437423194,312.08063704814276,312.08059585498904,1855270.2337882887,70.82495869524448,698807.4762942633,9.60386766421163,-1,0.13199524182922254,0.996843657768353,0.9985145540529538,0.9975120162821933,7.0,0.5714285714285714,1.1428571428571428,13C1 O8,de-protonated,,1.0,565.0,C13 H16 O8 13C1,13.0,16.0,8.0,,,,1.0
257,575,312.17222494412795,312.1719875527132,312.17199431829914,2602877.5452455347,65.41198583746993,677629.9367621059,13.540523281583878,-1,-0.021672623067981185,0.9999147767136807,0.9739629361559715,0.989534040490597,4.0,0.17647058823529413,1.6470588235294117,13C1 S1 O3,de-protonated,,1.0,569.0,C16 H28 O3 S1 13C1,16.0,28.0,3.0,,,1.0,1.0
258,577,313.02035766226174,313.02011966438045,313.02012006567907,3946327.5020406274,100.887167866924,679405.6054366025,20.756196872427918,-1,-0.001282021810341845,0.9999997017746267,0.0,0.599999821064776,8.0,0.8333333333333334,0.8333333333333334,O10,de-protonated,,0.0,,C12 H10 O10,12.0,10.0,10.0,,,,
259,578,313.0567526257098,313.05651460180553,313.0565055750291,11433093.808516525,157.25735164156924,680094.3851655533,60.345459021176445,-1,0.028834335814908234,0.4999245757538136,0.8767281105990785,0.6506459896919197,7.0,0.6923076923076923,1.0769230769230769,O9,de-protonated,,0.0,,C13 H14 O9,13.0,14.0,9.0,,,,
260,579,313.0931179684323,313.09287991852636,313.0928910843791,11359294.315317415,102.80073515489788,693971.7724473281,58.0921985679717,-1,-0.03566306700778165,0.9996517292089894,0.9980594457085655,0.9990148158088199,6.0,0.5714285714285714,1.2857142857142858,O8,de-protonated,,0.0,,C14 H18 O8,14.0,18.0,8.0,,,,
261,580,313.12951271962,313.12927464369153,313.12927659372906,7227691.266039591,84.92495542487788,648098.5586531558,36.91679044843592,-1,-0.0062275797076498905,0.9999929629458998,0.0,0.5999957777675399,5.0,0.4666666666666667,1.4666666666666666,O7,de-protonated,,0.0,,C15 H22 O7,15.0,22.0,7.0,,,,
262,581,313.1658971322483,313.1656590303048,313.1656621030791,2863792.1700026994,84.89239938916278,719936.8439057787,15.133526020593745,-1,-0.009811977055139708,0.999982531199589,0.0,0.5999895187197534,4.0,0.375,1.625,O6,de-protonated,,0.0,,C16 H26 O6,16.0,26.0,6.0,,,,
263,582,314.09650060267523,314.0962618353924,314.0962459194491,1690867.3775712738,106.37995584210609,717652.2024755493,8.72614411557955,-1,0.05067218576843272,0.9995342080918737,0.9980594457085655,0.9989443031385504,6.0,0.5714285714285714,1.2857142857142858,13C1 O8,de-protonated,,1.0,579.0,C13 H18 O8 13C1,13.0,18.0,8.0,,,,1.0
264,586,315.01486474136965,315.014625317585,315.01464076207907,2025826.4597993447,87.40123603056507,683459.8119889138,10.482901247990924,-1,-0.049027861150479045,0.9995639412384099,0.0,0.5997383647430459,12.0,0.5333333333333333,0.5333333333333333,O8,de-protonated,,0.0,,C15 H8 O8,15.0,8.0,8.0,,,,
265,588,315.0359869129068,315.03574747402376,315.03577013013904,4860054.369482855,56.7037803261618,711167.9448308573,25.089793139405423,-1,-0.07191600899106597,0.9990620034925313,0.0,0.5994372020955188,7.0,0.8333333333333334,1.0,O10,de-protonated,,0.0,,C12 H12 O10,12.0,12.0,10.0,,,,
266,589,315.0512873348245,315.05104788500455,315.05102627142907,1808593.1243803117,127.44888499636494,615988.507984344,9.28683915858631,-1,0.06860341240534239,0.9991463893200988,0.0,0.5994878335920593,11.0,0.4375,0.75,O7,de-protonated,,0.0,,C16 H12 O7,16.0,12.0,7.0,,,,
267,590,315.0724051260236,315.0721656611085,315.0721556394891,9490579.566858657,103.20079670833968,704481.8489412867,48.64946522686715,-1,0.03180737879689033,0.9998164435168052,0.0,0.5998898661100831,6.0,0.6923076923076923,1.2307692307692308,O9,de-protonated,,0.0,,C13 H16 O9,13.0,16.0,9.0,,,,
268,591,315.1087713364722,315.10853184556237,315.10854114883904,6512740.797426022,82.65460846205033,684385.6521615606,34.1342757957575,-1,-0.029524038402789356,0.9998418493405626,0.0,0.5999051096043375,5.0,0.5714285714285714,1.4285714285714286,O8,de-protonated,,0.0,,C14 H20 O8,14.0,20.0,8.0,,,,
269,592,315.14514729597624,315.1449077790648,315.1449266581891,6498147.10186887,73.4313223100507,674906.6599589066,33.563100471573044,-1,-0.059906166022883525,0.9993490382254914,0.0,0.5996094229352948,4.0,0.4666666666666667,1.6,O7,de-protonated,,0.0,,C15 H24 O7,15.0,24.0,7.0,,,,
270,593,315.18155736902713,315.18131782608987,315.1813121675391,4875078.881445295,119.08564229114354,668638.8839769049,25.3046389035482,-1,0.017953319432151345,0.9999415168650475,0.0,0.5999649101190285,3.0,0.375,1.75,O6,de-protonated,,0.0,,C16 H28 O6,16.0,28.0,6.0,,,,
271,596,317.0305530362297,317.0303121718133,317.0302908265391,3606102.302922681,114.2171383075695,690050.6948994707,18.97192900192509,-1,0.06732881627901163,0.9991778005404816,0.0,0.5995066803242889,11.0,0.5333333333333333,0.6666666666666666,O8,de-protonated,,0.0,,C15 H10 O8,15.0,10.0,8.0,,,,
272,597,317.0516489286117,317.0514080491201,317.0514201945991,2819753.522558117,88.02569007828643,708074.7360690358,14.460167954926746,-1,-0.0383076000198272,0.9997337645405647,0.0,0.5998402587243388,6.0,0.8333333333333334,1.1666666666666667,O10,de-protonated,,0.0,,C12 H14 O10,12.0,14.0,10.0,,,,
273,598,317.06687437908556,317.06663348871376,317.0666763358891,1592827.317338578,55.46185546682235,656968.5680178013,8.355404168918534,-1,-0.13513616704158418,0.9966919071847323,0.0,0.5980151443108394,10.0,0.4375,0.875,O7,de-protonated,,0.0,,C16 H14 O7,16.0,14.0,7.0,,,,
274,600,317.08805212963966,317.08781122413427,317.0878057039491,4117981.2150734887,102.08968123921154,681839.2962630548,21.505536976633216,-1,0.017409011316543974,0.999945009191862,0.0,0.5999670055151172,5.0,0.6923076923076923,1.3846153846153846,O9,de-protonated,,0.0,,C13 H18 O9,13.0,18.0,9.0,,,,
275,601,317.1244408887573,317.12419995724855,317.12419121329907,5147461.856966994,162.8340475513638,630188.3257645296,26.714236721948378,-1,0.02757263470089068,0.9998620631169486,0.0,0.5999172378701692,4.0,0.5714285714285714,1.5714285714285714,O8,de-protonated,,0.0,,C14 H22 O8,14.0,22.0,8.0,,,,
276,602,317.13968082165803,317.1394398792589,317.1394473545891,2087210.737545325,89.17103066438196,652481.5600677953,10.832680632296546,-1,-0.02357111448560281,0.9998991926561417,0.0,0.599939515593685,8.0,0.2777777777777778,1.2222222222222223,O5,de-protonated,,0.0,,C18 H22 O5,18.0,22.0,5.0,,,,
277,603,317.16082199449835,317.1605810369918,317.16057672264907,3396375.1840457194,144.5463791739381,707465.0828444404,17.431327668803704,-1,0.013603023353473083,0.9999664248915062,0.0,0.5999798549349037,3.0,0.4666666666666667,1.7333333333333334,O7,de-protonated,,0.0,,C15 H26 O7,15.0,26.0,7.0,,,,
278,606,319.0098143765659,319.0095720979578,319.0095553816491,4892406.498992263,106.66472676732906,629569.187897565,25.12123398293851,-1,0.052400652078412845,0.9995018971496232,0.0,0.5997011382897739,11.0,0.6428571428571429,0.5714285714285714,O9,de-protonated,,0.0,,C14 H8 O9,14.0,8.0,9.0,,,,
279,607,319.0461870499335,319.0459447453407,319.0459408909991,4287881.559031191,54.290190271972435,744294.5885796803,22.42780172027051,-1,0.01208083581104495,0.9999735185329066,0.0,0.5999841111197439,10.0,0.5333333333333333,0.8,O8,de-protonated,,0.0,,C15 H12 O8,15.0,12.0,8.0,,,,
280,608,319.0826058716341,319.08236354102377,319.0823264003491,1570103.704979837,84.14508060129765,720071.836151816,8.058026190501396,-1,0.11639840761842159,0.9975446455968264,0.0,0.5985267873580958,9.0,0.4375,1.0,O7,de-protonated,,0.0,,C16 H16 O7,16.0,16.0,7.0,,,,
281,613,320.13532025714323,320.13507717453496,320.1350902499591,2108608.5301169096,144.72905762170615,620914.0018964575,11.092067591444533,-1,-0.04084345807019566,0.9996973552728561,0.0,0.5998184131637136,3.0,0.6153846153846154,1.7692307692307692,N1 O8,de-protonated,,0.0,,C13 H23 O8 N1,13.0,23.0,8.0,1.0,,,
282,614,320.2445464208064,320.2443032601798,320.2442467780091,5518101.0164871905,125.66477562316572,698945.2442528947,28.763131692188043,-1,0.17637216362173982,0.9943715497076226,0.0,0.5966229298245735,0.0,0.3125,2.1875,N1 O5,de-protonated,,0.0,,C16 H35 O5 N1,16.0,35.0,5.0,1.0,,,
283,617,320.9890912133962,320.988847520987,320.98881993675906,1651430.7897109108,79.4954715805488,690332.6441902131,8.46675715643156,-1,0.08593516732488655,0.9986609254890543,0.0,0.5991965552934325,11.0,0.7692307692307693,0.46153846153846156,O10,de-protonated,,0.0,,C13 H6 O10,13.0,6.0,10.0,,,,
284,618,321.02544092955003,321.02519721117994,321.02520544610906,8195412.070398112,96.52456212124818,661587.2255349228,42.19361202140611,-1,-0.02565197053766018,0.9998806096111851,0.0,0.599928365766711,10.0,0.6428571428571429,0.7142857142857143,O9,de-protonated,,0.0,,C14 H10 O9,14.0,10.0,9.0,,,,
285,619,321.0618532822993,321.0616095379237,321.06159095545905,4331959.836146522,121.13630341253602,659708.1463655367,22.317758767904696,-1,0.05787819271190105,0.9993923524253006,0.0,0.5996354114551803,9.0,0.5333333333333333,0.9333333333333333,O8,de-protonated,,0.0,,C15 H14 O8,15.0,14.0,8.0,,,,
286,620,321.09823583382126,321.09799206346156,321.0979764648091,3326069.860562531,108.16235745790128,725976.8734980922,17.012116421695843,-1,0.04857910543379952,0.9995718855623541,0.0,0.5997431313374124,8.0,0.4375,1.125,O7,de-protonated,,0.0,,C16 H18 O7,16.0,18.0,7.0,,,,
287,633,323.0047211272734,323.00447599550876,323.0044700012191,4549063.530451157,120.9653497362731,669423.9068477532,23.55967208746173,-1,0.018557915515845128,0.9999375117092801,0.0,0.5999625070255681,10.0,0.7692307692307693,0.6153846153846154,O10,de-protonated,,0.0,,C13 H8 O10,13.0,8.0,10.0,,,,
288,634,323.0410923514612,323.04084719372787,323.0408555105691,10235988.222993063,117.64326868358383,664888.8085966774,52.4118861696602,-1,-0.02574547793451054,0.9998797376657429,0.0,0.5999278425994458,9.0,0.6428571428571429,0.8571428571428571,O9,de-protonated,,0.0,,C14 H12 O9,14.0,12.0,9.0,,,,
289,635,323.0774899893023,323.0772448055815,323.0772410199191,7440581.1862772815,104.99604665282786,669039.3917132362,39.33249525989496,-1,0.011717514902270514,0.9999750873774814,0.0,0.5999850524264888,8.0,0.5333333333333333,1.0666666666666667,O8,de-protonated,,0.0,,C15 H16 O8,15.0,16.0,8.0,,,,
290,637,323.11389305175425,323.1136478420422,323.1136265292691,4196099.072122542,93.68835279584243,688125.838268091,21.421694727211644,-1,0.06596061378620355,0.9992108641207044,0.0,0.5995265184724226,7.0,0.4375,1.25,O7,de-protonated,,0.0,,C16 H20 O7,16.0,20.0,7.0,,,,
291,647,325.020366331179,325.02011976046464,325.02012006567907,7331366.700267346,143.45494846569002,690610.8008989678,37.467005210264986,-1,-0.0009390631813560904,0.9999998399913652,0.0,0.5999999039948191,9.0,0.7692307692307693,0.7692307692307693,O10,de-protonated,,0.0,,C13 H10 O10,13.0,10.0,10.0,,,,
292,648,325.0567579957026,325.0565113990124,325.0565055750291,11550573.535336554,150.51963350611567,667364.0009905953,60.408340708242626,-1,0.01791683340722963,0.9997382288748211,0.9958579078990368,0.9981861004845074,8.0,0.6428571428571429,1.0,O9,de-protonated,,0.0,,C14 H14 O9,14.0,14.0,9.0,,,,
293,649,325.0931464711336,325.09289984847,325.0928910843791,13125341.620265517,83.78894005020253,661679.0763583167,67.3567671290554,-1,0.02695872812030613,0.9999246572183218,0.9897350960697303,0.9958488327588852,7.0,0.5333333333333333,1.2,O8,de-protonated,,0.0,,C15 H18 O8,15.0,18.0,8.0,,,,
294,652,325.1294911810437,325.12924453243807,325.12927659372906,3919076.00274879,138.6570782603046,639522.9957025461,20.22432260265982,-1,-0.09861090127111705,0.9982371287284043,0.0,0.5989422772370425,6.0,0.4375,1.375,O7,de-protonated,,0.0,,C16 H22 O7,16.0,22.0,7.0,,,,
295,654,325.1659106168583,325.1656639422574,325.1656621030791,2552473.889842263,78.87197992783781,712592.8680491777,13.055810277115414,-1,0.005656127089795123,0.9999941951515455,0.0,0.5999965170909273,5.0,0.35294117647058826,1.5294117647058822,O6,de-protonated,,0.0,,C17 H26 O6,17.0,26.0,6.0,,,,
296,655,325.1845379806682,325.18429129277166,325.18428954768905,11393034.33501405,100.79501865308634,664005.5568138527,58.50092953390186,-1,0.005366441951890953,0.9998336758701143,0.9978381279760813,0.999035456712501,4.0,0.16666666666666666,1.6666666666666667,S1 O3,de-protonated,,0.0,,C18 H30 O3 S1,18.0,30.0,3.0,,,1.0,
297,659,326.0601242363002,326.05987692347554,326.05986041009913,1812723.528766456,157.2438064155109,621983.6292686644,9.337930529327581,-1,0.05064522933838494,0.9995347034258008,0.9958579078990368,0.9980639852150952,8.0,0.6428571428571429,1.0,13C1 O9,de-protonated,,1.0,648.0,C13 H14 O9 13C1,13.0,14.0,9.0,,,,1.0
298,660,326.096496579521,326.09624924073813,326.0962459194491,2313592.1172136576,119.32123402526327,671804.1128961504,11.963240964340555,-1,0.010184996296868025,0.9999811777519761,0.9897350960697303,0.9958827450790778,7.0,0.5333333333333333,1.2,13C1 O8,de-protonated,,1.0,649.0,C14 H18 O8 13C1,14.0,18.0,8.0,,,,1.0
299,661,326.18787792939514,326.187630525396,326.1876443827591,2253276.384536936,63.64631145437505,713629.5302373717,11.48376810046094,-1,-0.04248279587961894,0.9996725772127172,0.9978381279760813,0.9989387975180628,4.0,0.16666666666666666,1.6666666666666667,13C1 S1 O3,de-protonated,,1.0,655.0,C17 H30 O3 S1 13C1,17.0,30.0,3.0,,,1.0,1.0
300,666,327.01490105559753,327.01465306141404,327.01464076207907,2415162.7021045154,72.3803823435982,613872.7642307346,12.390312422331688,-1,0.037610961211077244,0.9997433584564354,0.0,0.5998460150738611,13.0,0.5,0.5,O8,de-protonated,,0.0,,C16 H8 O8,16.0,8.0,8.0,,,,
301,667,327.0360253907477,327.0357773814902,327.03577013013904,10129558.336645873,182.8801222614393,654319.9511712908,51.99267492255234,-1,0.022172960392980785,0.9999107965154133,0.0,0.5999464779092479,8.0,0.7692307692307693,0.9230769230769231,O10,de-protonated,,0.0,,C13 H12 O10,13.0,12.0,10.0,,,,
302,668,327.07240878487363,327.0721607496538,327.0721556394891,13861140.190290421,141.61363020031487,664616.4097654813,71.60128100602249,-1,0.015623967387829207,0.9987566586355658,0.9984726626981205,0.9986430602605877,7.0,0.6428571428571429,1.1428571428571428,O9,de-protonated,,0.0,,C14 H16 O9,14.0,16.0,9.0,,,,
303,669,327.10877920426,327.10853114308713,327.10854114883904,11940631.069736611,151.22653327111,656712.0138611189,61.73933641781008,-1,-0.03058847643758337,0.49991512052995407,0.8604105061749869,0.6441132747879672,6.0,0.5333333333333333,1.3333333333333333,O8,de-protonated,,0.0,,C15 H20 O8,15.0,20.0,8.0,,,,
304,670,327.14518336227957,327.1449352751298,327.1449266581891,5531264.978857202,105.56191568830192,619988.3390683067,28.338680304491337,-1,0.026339826792087986,0.9998741212788423,0.0,0.5999244727673054,5.0,0.4375,1.5,O7,de-protonated,,0.0,,C16 H24 O7,16.0,24.0,7.0,,,,
305,671,327.181540550723,327.1812924376299,327.1813121675391,2237557.3574952264,89.43086786224487,612822.6524926955,11.680273372542748,-1,-0.06030267759806867,0.9993403952866786,0.0,0.5996042371720072,4.0,0.35294117647058826,1.6470588235294117,O6,de-protonated,,0.0,,C17 H28 O6,17.0,28.0,6.0,,,,
306,675,328.07572113926926,328.07547238816073,328.0755104745591,2070838.4763030559,84.19938098308566,687416.686794046,10.708227293311399,-1,-0.11609034249872523,0.9975576094308886,0.9984726626981205,0.9979236307377813,7.0,0.6428571428571429,1.1428571428571428,13C1 O9,de-protonated,,1.0,668.0,C13 H16 O9 13C1,13.0,16.0,9.0,,,,1.0
307,680,329.0304963513354,329.0302469190665,329.0302908265391,2479003.48788911,256.24214225152457,609876.18783567,12.681140225012765,-1,-0.13344507736858663,0.9967740510198448,0.0,0.5980644306119068,12.0,0.5,0.625,O8,de-protonated,,0.0,,C16 H10 O8,16.0,10.0,8.0,,,,
308,681,329.0516716696727,329.0514222222979,329.0514201945991,9430149.125872439,102.50251177611844,663009.4891827271,49.24684125399585,-1,0.006162255204442113,0.9999931098021515,0.0,0.5999958658812908,7.0,0.7692307692307693,1.0769230769230769,O10,de-protonated,,0.0,,C13 H14 O10,13.0,14.0,10.0,,,,
309,682,329.08805768705383,329.0878082137222,329.0878057039491,11385328.892798165,118.34332759363957,654560.830057798,59.569918214026906,-1,0.007626454387052201,0.999965062647644,0.9755190260055159,0.9901866479907928,6.0,0.6428571428571429,1.2857142857142858,O9,de-protonated,,0.0,,C14 H18 O9,14.0,18.0,9.0,,,,
310,683,329.12444404449894,329.1241945452105,329.12419121329907,6716270.570557455,73.58047273552036,680470.785527217,35.0355799770394,-1,0.010123568952361644,0.9999814041052013,0.0,0.5999888424631208,5.0,0.5333333333333333,1.4666666666666666,O8,de-protonated,,0.0,,C15 H22 O8,15.0,22.0,8.0,,,,
311,685,329.16081874716394,329.16056922192706,329.16057672264907,7567375.073644235,74.43400307464107,671414.8566888635,38.672237545700085,-1,-0.022787425155384886,0.9999057841698261,0.0,0.5999434705018957,4.0,0.4375,1.625,O7,de-protonated,,0.0,,C16 H26 O7,16.0,26.0,7.0,,,,
312,686,329.19721404305056,329.19696449185074,329.19696223199907,3366844.8962071217,126.81198979930198,615990.3105382544,17.255782959077287,-1,0.006864740348843185,0.9999914493288969,0.0,0.5999948695973382,3.0,0.35294117647058826,1.7647058823529411,O6,de-protonated,,0.0,,C17 H30 O6,17.0,30.0,6.0,,,,
313,689,330.0914166966089,330.0911665075627,330.09116053901914,2104210.3533797,94.93356630880085,602629.0702524179,10.769798945230367,-1,0.01808150077715518,0.9999406788044342,0.9755190260055159,0.9901720176848667,6.0,0.6428571428571429,1.2857142857142858,13C1 O9,de-protonated,,1.0,682.0,C13 H18 O9 13C1,13.0,18.0,9.0,,,,1.0
314,690,330.1561202617752,330.15587002657827,330.1558256948491,13023332.161704952,39.640959323890414,665553.2022508234,67.40916853494389,-1,0.13427516859248087,0.9983614693302257,0.9890674120978846,0.9946438464372893,4.0,0.4666666666666667,1.6666666666666667,N1 O7,de-protonated,,0.0,,C15 H25 O7 N1,15.0,25.0,7.0,1.0,,,
315,695,331.00979644850037,331.0095456044473,331.0095553816491,3334614.843323799,105.16500057604068,640685.9463247457,17.32128471643789,-1,-0.02953752131218868,0.9998417048719057,0.0,0.5999050229231434,12.0,0.6,0.5333333333333333,O9,de-protonated,,0.0,,C15 H8 O9,15.0,8.0,9.0,,,,
316,696,331.03096348060865,331.0307126214598,331.0306847497091,2140680.1684713233,101.36627235932293,691071.4258572132,10.962374111870538,-1,0.08419687962836875,0.9987145164225295,0.0,0.5992287098535177,7.0,0.9166666666666666,1.0,O11,de-protonated,,0.0,,C12 H12 O11,12.0,12.0,11.0,,,,
317,697,331.04618363512986,331.0459327651265,331.0459408909991,3881842.8610275034,56.13212610815574,670392.6119683345,19.847032480262747,-1,-0.02454605710231006,0.9998906815238077,0.0,0.5999344089142846,11.0,0.5,0.75,O8,de-protonated,,0.0,,C16 H12 O8,16.0,12.0,8.0,,,,
318,698,331.0673371984484,331.06708631335897,331.0670702590591,7109485.797313277,93.93401167105586,661946.5978894683,36.58666159133848,-1,0.048492590490144184,0.9995734087448424,0.0,0.5997440452469054,6.0,0.7692307692307693,1.2307692307692308,O10,de-protonated,,0.0,,C13 H16 O10,13.0,16.0,10.0,,,,
319,700,331.1037266055939,331.1034756945528,331.1034557684091,4260506.719724115,162.5491333107246,675050.1034350537,22.417321439092813,-1,0.06018101999883781,0.9993430531667319,0.0,0.5996058319000391,5.0,0.6428571428571429,1.4285714285714286,O9,de-protonated,,0.0,,C14 H20 O9,14.0,20.0,9.0,,,,
320,701,331.1400937827283,331.13984284575156,331.1398412777591,5833511.61766805,75.39976441761125,657278.5897669074,30.230371057065554,-1,0.004735136822633578,0.9999959316527943,0.0,0.5999975589916766,4.0,0.5333333333333333,1.6,O8,de-protonated,,0.0,,C15 H24 O8,15.0,24.0,8.0,,,,
321,703,331.15942891169396,331.15917796092816,331.1591805299191,1922941.2984626894,47.28205908775518,650712.4136541763,9.948406907928403,-1,-0.007757571330909267,0.9999890804934704,0.9890674120978846,0.995620413135236,4.0,0.4666666666666667,1.6666666666666667,13C1 N1 O7,de-protonated,,1.0,690.0,C14 H25 O7 N1 13C1,14.0,25.0,7.0,1.0,,,1.0
322,704,331.17647459009567,331.17622362717367,331.1762267871091,4356836.16094821,164.50712945466108,646067.5677360514,22.385880595559723,-1,-0.009541552732200404,0.999983480825124,0.0,0.5999900884950744,3.0,0.4375,1.75,O7,de-protonated,,0.0,,C16 H28 O7,16.0,28.0,7.0,,,,
323,713,333.02545174462176,333.02519946326606,333.02520544610906,7328594.707408142,104.61888820252184,683432.8305094746,37.886216457372846,-1,-0.01796513565562014,0.9999414398590136,0.0,0.5999648639154082,11.0,0.6,0.6666666666666666,O9,de-protonated,,0.0,,C15 H10 O9,15.0,10.0,9.0,,,,
324,714,333.0618597140874,333.06160740677416,333.06159095545905,4462508.549294192,75.25188310154137,655291.6260288089,23.040898169165754,-1,0.049394212817111045,0.9995574016009587,0.0,0.5997344409605753,10.0,0.5,0.875,O8,de-protonated,,0.0,,C16 H14 O8,16.0,14.0,8.0,,,,
325,716,333.0982561088961,333.0980037756337,333.0979764648091,2285194.5818729796,125.60478578080387,629198.415298848,11.71302425122305,-1,0.08199036472002816,0.9987809693612971,0.0,0.5992685816167782,9.0,0.4117647058823529,1.0588235294117647,O7,de-protonated,,0.0,,C17 H18 O7,17.0,18.0,7.0,,,,
326,719,333.15568829118564,333.1554359169765,333.1554913422191,1627157.907056757,74.55645921691354,581595.1999083213,8.367194485243443,-1,-0.16636448751099406,0.9949906078800362,0.0,0.5969943647280217,3.0,0.5333333333333333,1.7333333333333334,O8,de-protonated,,0.0,,C15 H26 O8,15.0,26.0,8.0,,,,
327,721,334.11462734491425,334.1143742870739,334.1143548050691,3539253.4254873646,63.084183850604276,640177.855084974,18.377173045090814,-1,0.05830939157585035,0.9993832674195569,0.0,0.5996299604517341,4.0,0.6923076923076923,1.6153846153846154,N1 O9,de-protonated,,0.0,,C13 H21 O9 N1,13.0,21.0,9.0,1.0,,,
328,725,335.00472305709155,335.00446936478295,335.0044700012191,4905979.839941068,80.87288753775232,668515.0609703142,25.110753701760814,-1,-0.0018997840271182211,0.9999993451193627,0.0,0.5999996070716176,11.0,0.7142857142857143,0.5714285714285714,O10,de-protonated,,0.0,,C14 H8 O10,14.0,8.0,10.0,,,,
329,726,335.0411062593355,335.0408525410943,335.0408555105691,8785695.643322589,201.33727130423543,647531.140159835,45.856470293011036,-1,-0.008863022952096976,0.9999857467310154,0.0,0.5999914480386092,10.0,0.6,0.8,O9,de-protonated,,0.0,,C15 H12 O9,15.0,12.0,9.0,,,,
330,727,335.0775024573065,335.0772487131236,335.0772410199191,4561867.6363886,64.85967393496934,634699.1280243392,23.61469356364464,-1,0.022959495803353592,0.9999043559953683,0.0,0.599942613597221,9.0,0.5,1.0,O8,de-protonated,,0.0,,C16 H16 O8,16.0,16.0,8.0,,,,
331,730,335.11388008028047,335.1136263101693,335.1136265292691,1960450.9402884082,62.50557457157521,735997.3137125273,10.055829789999791,-1,-0.0006538074176115066,0.9999999224371965,0.0,0.5999999534623178,8.0,0.4117647058823529,1.1764705882352942,O7,de-protonated,,0.0,,C17 H20 O7,17.0,20.0,7.0,,,,
332,733,335.1713980966566,335.17114428554953,335.17114140667906,5607307.276708234,47.25615118885254,653930.3703264178,29.171862658118208,-1,0.008589255218274713,0.9999866136573863,0.0,0.5999919681944318,2.0,0.5333333333333333,1.8666666666666667,O8,de-protonated,,0.0,,C15 H28 O8,15.0,28.0,8.0,,,,
333,741,337.02038292263785,337.0201277938489,337.02012006567907,9078726.473515892,118.28075752121254,654397.675264501,46.63725124074943,-1,0.022930885731004595,0.9999045942015156,0.0,0.5999427565209093,10.0,0.7142857142857143,0.7142857142857143,O10,de-protonated,,0.0,,C14 H10 O10,14.0,10.0,10.0,,,,
334,742,337.05676423346375,337.05650907875116,337.0565055750291,9743381.998387579,135.62838832101698,660073.2588884647,50.67215949416258,-1,0.010395058346105723,0.9990713025840977,0.9864662725833528,0.9940292905837997,9.0,0.6,0.9333333333333333,O9,de-protonated,,0.0,,C15 H14 O9,15.0,14.0,9.0,,,,
335,743,337.0931476804927,337.09289249985505,337.0928910843791,7142602.172509027,177.23248572289395,652342.7273802927,37.456524929087294,-1,0.004199067891998431,0.9999968006708237,0.0,0.5999980804024942,8.0,0.5,1.125,O8,de-protonated,,0.0,,C16 H18 O8,16.0,18.0,8.0,,,,
336,745,337.1295389153068,337.1292837087386,337.12927659372906,2934118.4885439277,86.5210213351476,599671.885373311,15.086364755294111,-1,0.021104692058469394,0.9999191845643928,0.0,0.5999515107386356,7.0,0.4117647058823529,1.2941176470588236,O7,de-protonated,,0.0,,C17 H22 O7,17.0,22.0,7.0,,,,
337,747,337.16195445139186,337.1616992217263,337.1616393510791,3609227.43487869,64.1379343562897,605206.4317523198,18.846165627792733,-1,0.17757253555641475,0.9942948953190885,0.0,0.5965769371914531,2.0,0.6153846153846154,2.0,N2 O8,de-protonated,,0.0,,C13 H26 O8 N2,13.0,26.0,8.0,2.0,,,
338,750,338.06008224167147,338.05982637209326,338.05986041009913,1761694.351294571,61.64668776374407,709718.087514303,9.07592349988517,-1,-0.10068632767423072,0.9981622118198675,0.9864662725833528,0.9934838361252616,9.0,0.6,0.9333333333333333,13C1 O9,de-protonated,,1.0,742.0,C14 H14 O9 13C1,14.0,14.0,9.0,,,,1.0
339,757,338.999652506911,338.99939596798106,338.99938462078904,2449947.4441466443,57.067394499255,585185.0931224317,12.706030892809794,-1,0.03347260357757863,0.999796722799214,0.0,0.5998780336795284,10.0,0.8461538461538461,0.6153846153846154,O11,de-protonated,,0.0,,C13 H8 O11,13.0,8.0,11.0,,,,
340,758,339.0360338984402,339.03577733359396,339.03577013013904,11618727.15477854,134.4875548786776,646101.7407035417,59.49655624578303,-1,0.021246887638688903,0.9997599752765084,0.9850047082985866,0.9938578684853396,9.0,0.7142857142857143,0.8571428571428571,O10,de-protonated,,0.0,,C14 H12 O10,14.0,12.0,10.0,,,,
341,759,339.072415986601,339.072159395838,339.0721556394891,12704334.860055229,125.44568924396425,636413.6740521035,67.094760099613,-1,0.011078317268975948,0.9977209924325441,0.9901050099257773,0.9946745994298374,8.0,0.6,1.0666666666666667,O9,de-protonated,,0.0,,C15 H16 O9,15.0,16.0,9.0,,,,
342,760,339.1088062254109,339.10854960872547,339.10854114883904,7583762.867750196,101.77407814127712,643129.7364833292,38.845162185132075,-1,0.02494742952165166,0.9998870773880436,0.0,0.5999322464328262,7.0,0.5,1.25,O8,de-protonated,,0.0,,C16 H20 O8,16.0,20.0,8.0,,,,
343,762,339.14517963060797,339.1449229880123,339.1449266581891,2643653.4182420378,77.12983503644351,597421.5030906994,13.548383492467151,-1,-0.010821853747104183,0.999978750313141,0.0,0.5999872501878846,6.0,0.4117647058823529,1.411764705882353,O7,de-protonated,,0.0,,C17 H24 O7,17.0,24.0,7.0,,,,
344,764,339.1589678605009,339.1587112080834,339.1586831976291,1791264.110150808,122.84757084694728,721009.3498299724,9.268498666525343,-1,0.0825880500024373,0.9987631428791819,0.0,0.5992578857275092,0.0,0.13333333333333333,2.2,S2 P1 O2,de-protonated,,0.0,,C15 H33 O2 P1 S2,15.0,33.0,2.0,,1.0,2.0,
345,765,339.20020047551213,339.19994379372315,339.1999396121491,6720965.683042496,114.46526149808949,622342.5945115073,35.433830661791866,-1,0.012327755939161128,0.9999724249762033,0.0,0.5999834549857219,4.0,0.15789473684210525,1.6842105263157894,S1 O3,de-protonated,,0.0,,C19 H32 O3 S1,19.0,32.0,3.0,,,1.0,
346,766,340.0393663147977,340.03910903527907,340.0391249652091,1994351.754361702,122.60599731819508,617645.9325670095,10.547092970204314,-1,-0.04684734453760916,0.9996018586213484,0.9850047082985866,0.9937629984922437,9.0,0.7142857142857143,0.8571428571428571,13C1 O10,de-protonated,,1.0,758.0,C13 H12 O10 13C1,13.0,12.0,10.0,,,,1.0
347,767,340.0758216090314,340.0755643035477,340.0755104745591,1893223.0260061685,146.26694570735498,532897.5087093045,9.732251108638412,-1,0.15828540115386286,0.9954642536535538,0.9901050099257773,0.9933205561624433,8.0,0.6,1.0666666666666667,13C1 O9,de-protonated,,1.0,759.0,C14 H16 O9 13C1,14.0,16.0,9.0,,,,1.0
348,773,341.015298429618,341.0150404550433,341.0150346852491,3262636.907819176,150.6382612815807,670013.5317047269,16.81823121990846,-1,0.01691947161530793,0.9999480583021774,0.0,0.5999688349813064,9.0,0.8461538461538461,0.7692307692307693,O11,de-protonated,,0.0,,C13 H10 O11,13.0,10.0,11.0,,,,
349,774,341.0305281899545,341.030270204534,341.0302908265391,1568911.7807181927,126.40088182630694,552797.8324898016,8.137938334481332,-1,-0.060469716726245466,0.9993367372136855,0.0,0.5996020423282113,13.0,0.47058823529411764,0.5882352941176471,O8,de-protonated,,0.0,,C17 H10 O8,17.0,10.0,8.0,,,,
350,776,341.0516866955544,341.051428695066,341.0514201945991,12999643.998278199,179.4909476518734,640212.3297149008,68.06942624913877,-1,0.024924297170131293,0.4999436433463807,0.8684926696514793,0.6473632538684202,8.0,0.7142857142857143,1.0,O10,de-protonated,,0.0,,C14 H14 O10,14.0,14.0,10.0,,,,
351,777,341.08807353447685,341.08781550807583,341.0878057039491,16187852.229508264,98.30366340000151,630689.0630124458,85.15228456878407,-1,0.02874370352161325,0.9998330041275834,0.9971486265973937,0.9987592531155074,7.0,0.6,1.2,O9,de-protonated,,0.0,,C15 H18 O9,15.0,18.0,9.0,,,,
352,778,341.1244494520222,341.12419139971655,341.12419121329907,6782813.808151165,87.2785494159749,649307.6505274301,35.54911375474653,-1,0.0005464798022685131,0.9999999458121341,0.0,0.5999999674872805,6.0,0.5,1.375,O8,de-protonated,,0.0,,C16 H22 O8,16.0,22.0,8.0,,,,
353,780,341.16081255625846,341.16055447805746,341.16057672264907,3899321.667381687,183.27006913363712,617153.6018669646,20.025197260283587,-1,-0.06520270254802149,0.9992288878903444,0.0,0.5995373327342066,5.0,0.4117647058823529,1.5294117647058822,O7,de-protonated,,0.0,,C17 H26 O7,17.0,26.0,7.0,,,,
354,781,341.1972001763687,341.19694207225496,341.19696223199907,2369185.9979876103,42.14149135721886,607702.1474938228,12.179396763630544,-1,-0.05908535638370447,0.9993667488283406,0.0,0.5996200492970044,4.0,0.3333333333333333,1.6666666666666667,O6,de-protonated,,0.0,,C18 H30 O6,18.0,30.0,6.0,,,,
355,784,342.09140838305717,342.0911496421933,342.09116053901914,2688807.829110642,110.68570768323723,610947.0027842313,13.813010592203987,-1,-0.03185357333673084,0.9998159100127036,0.9971486265973937,0.9987489966465797,7.0,0.6,1.2,13C1 O9,de-protonated,,1.0,777.0,C14 H18 O9 13C1,14.0,18.0,9.0,,,,1.0
356,790,343.0098056273151,343.0095462325618,343.0095553816491,2551550.2314644135,35.46382093760326,705706.9529041453,13.047950066232142,-1,-0.026672980857544524,0.9998709170436676,0.0,0.5999225502262006,13.0,0.5625,0.5,O9,de-protonated,,0.0,,C16 H8 O9,16.0,8.0,9.0,,,,
357,792,343.0309653893737,343.0307059795559,343.0306847497091,5254353.469154177,93.25052545246952,647887.9606354333,26.965763470213094,-1,0.06188906039522789,0.999305246570473,0.0,0.5995831479422838,8.0,0.8461538461538461,0.9230769230769231,O11,de-protonated,,0.0,,C13 H12 O11,13.0,12.0,11.0,,,,
358,793,343.04621851263227,343.0459590919552,343.0459408909991,2053210.824103773,107.58987821321165,553289.4496656713,10.532682583584982,-1,0.053056905610239076,0.9994893459832302,0.0,0.5996936075899382,12.0,0.47058823529411764,0.7058823529411765,O8,de-protonated,,0.0,,C17 H12 O8,17.0,12.0,8.0,,,,
359,794,343.0673390575066,343.06707962179297,343.0670702590591,15334094.41078184,57.324857235245716,652357.4569823457,78.58114827036836,-1,0.02729126364649941,0.9996842567355713,0.9632920415367758,0.985127370656053,7.0,0.7142857142857143,1.1428571428571428,O10,de-protonated,,0.0,,C14 H16 O10,14.0,16.0,10.0,,,,
360,796,343.10371815935844,343.1034586977453,343.1034557684091,11247366.62030223,190.4656806350116,642794.6258458191,58.710535157455794,-1,0.008537763543457694,0.999501747537303,0.9968950883496619,0.9984590838622466,6.0,0.6,1.3333333333333333,O9,de-protonated,,0.0,,C15 H20 O9,15.0,20.0,9.0,,,,
361,797,343.1400931044421,343.1398336169325,343.1398412777591,6801740.041388299,115.74077990525966,656209.1360736613,35.15086306999406,-1,-0.022325669274582127,0.999909563621377,0.0,0.5999457381728261,5.0,0.5,1.5,O8,de-protonated,,0.0,,C16 H24 O8,16.0,24.0,8.0,,,,
362,799,343.1764819730083,343.17622245959245,343.1762267871091,4966522.274774961,327.39560801759296,604687.8215751145,25.461843121213647,-1,-0.012610187743896734,0.9999711470204546,0.0,0.5999826882122727,4.0,0.4117647058823529,1.6470588235294117,O7,de-protonated,,0.0,,C17 H28 O7,17.0,28.0,7.0,,,,
363,800,343.2128570768955,343.21259753758335,343.2126122964591,1892274.196056614,110.86471505884106,725116.7514714098,10.024388946466702,-1,-0.04300213692971098,0.9996645243168312,0.0,0.5997987145900987,3.0,0.3333333333333333,1.7777777777777777,O6,de-protonated,,0.0,,C18 H32 O6,18.0,32.0,6.0,,,,
364,801,344.0706672463363,344.0704070963681,344.07042509412906,1605900.9167940507,51.80756960106089,709889.2876981043,8.265011743760903,-1,-0.05230836374328053,0.9995036496927779,0.9632920415367758,0.985019006430377,7.0,0.7142857142857143,1.1428571428571428,13C1 O10,de-protonated,,1.0,794.0,C13 H16 O10 13C1,13.0,16.0,10.0,,,,1.0
365,802,344.1070454419774,344.106785266114,344.1068106034791,1872070.2434436183,101.9018069704598,585297.0751840892,9.640548648333567,-1,-0.07363226863134054,0.9990167213999557,0.9968950883496619,0.9981680681798382,6.0,0.6,1.3333333333333333,13C1 O9,de-protonated,,1.0,796.0,C14 H20 O9 13C1,14.0,20.0,9.0,,,,1.0
366,804,344.13537648646553,344.1351162904353,344.1350902499591,1715851.8532867813,116.88600639914306,484717.5622115917,8.781165591762456,-1,0.07566934305169697,0.9989615916536956,0.0,0.5993769549922173,5.0,0.5333333333333333,1.5333333333333334,N1 O8,de-protonated,,0.0,,C15 H23 O8 N1,15.0,23.0,8.0,1.0,,,
367,809,345.02551311511525,345.0252522855021,345.02520544610906,4413354.967351871,69.06497572025114,623634.5145637202,23.00683725533824,-1,0.1357564384435028,0.9966615202391401,0.0,0.597996912143484,12.0,0.5625,0.625,O9,de-protonated,,0.0,,C16 H10 O9,16.0,10.0,9.0,,,,
368,811,345.04659007924164,345.0463292346273,345.0463348141691,5340666.81588616,179.74322446858756,604893.6728908586,27.620781043819125,-1,-0.016170413115498213,0.9999525555128954,0.0,0.5999715333077372,7.0,0.8461538461538461,1.0769230769230769,O11,de-protonated,,0.0,,C13 H14 O11,13.0,14.0,11.0,,,,
369,812,345.0618625191005,345.0616016636162,345.06159095545905,1976025.3908549978,118.94359971125907,612269.1004277129,10.104301090446638,-1,0.03103259662457018,0.9998252761795313,0.0,0.5998951657077187,11.0,0.47058823529411764,0.8235294117647058,O8,de-protonated,,0.0,,C17 H14 O8,17.0,14.0,8.0,,,,
370,814,345.08297356509945,345.0827126945898,345.0827203235191,8283287.467948789,117.55517764805771,652804.7512924841,42.57090214380318,-1,-0.022107537754177935,0.9999113221158958,0.0,0.5999467932695375,6.0,0.7142857142857143,1.2857142857142858,O10,de-protonated,,0.0,,C14 H18 O10,14.0,18.0,10.0,,,,
371,815,345.11937007687936,345.11910918046533,345.1191058328691,4370743.952511307,83.01632262404988,643202.125402623,23.072339012698844,-1,0.009699828817432947,0.9999829282414043,0.0,0.5999897569448426,5.0,0.6,1.4666666666666666,O9,de-protonated,,0.0,,C15 H22 O9,15.0,22.0,9.0,,,,
372,817,345.15576338824354,345.1555024659275,345.1554913422191,5371610.02229682,144.8849283182295,657246.5504572828,27.479297247920222,-1,0.03222810790326442,0.9998115559093964,0.0,0.5998869335456378,4.0,0.5,1.625,O8,de-protonated,,0.0,,C16 H26 O8,16.0,26.0,8.0,,,,
373,818,345.19212195020486,345.1918610020117,345.1918768515691,2462213.249710323,48.96959630433166,682675.3974185786,12.654939522068524,-1,-0.04591520958140693,0.9996175418611483,0.0,0.5997705251166889,3.0,0.4117647058823529,1.7647058823529411,O7,de-protonated,,0.0,,C17 H30 O7,17.0,30.0,7.0,,,,
374,819,345.2284830540054,345.22822207993335,345.2282623609191,1648825.7833415607,146.9780146581007,570669.8678138205,8.525708738056103,-1,-0.11667928185745356,0.9975327962010954,0.0,0.5985196777206572,2.0,0.3333333333333333,1.8888888888888888,O6,de-protonated,,0.0,,C18 H34 O6,18.0,34.0,6.0,,,,
375,821,346.1510202206477,346.15075859003565,346.1507403144191,3347427.646384374,173.64355720890882,655911.1985861805,17.179800920538987,-1,0.052796699233685414,0.9994943412268092,0.0,0.5996966047360855,4.0,0.5333333333333333,1.6666666666666667,N1 O8,de-protonated,,0.0,,C15 H25 O8 N1,15.0,25.0,8.0,1.0,,,
376,829,347.00473003887714,347.00446780078494,347.0044700012191,3479170.0790489707,113.91961035438125,599593.2128698399,18.31167128773021,-1,-0.006341227111865097,0.9999927037642276,0.0,0.5999956222585365,12.0,0.6666666666666666,0.5333333333333333,O10,de-protonated,,0.0,,C15 H8 O10,15.0,8.0,10.0,,,,
377,830,347.04110215016277,347.0408398861907,347.0408555105691,7046747.684103809,80.95922807631158,644943.5517435798,36.099328516575596,-1,-0.04502172616122637,0.9996322791539526,0.0,0.5997793674923715,11.0,0.5625,0.75,O9,de-protonated,,0.0,,C16 H12 O9,16.0,12.0,9.0,,,,
378,831,347.07752444507065,347.0772621551832,347.0772410199191,1846350.2307995404,188.00590398501953,643316.5276383499,9.681159737897142,-1,0.060894987034142506,0.9993273783933623,0.0,0.5995964270360173,10.0,0.47058823529411764,0.9411764705882353,O8,de-protonated,,0.0,,C17 H16 O8,17.0,16.0,8.0,,,,
379,833,347.098640040414,347.09837773550225,347.09837038797906,2132303.362722364,204.05717182067593,564198.3725877336,11.07110702908914,-1,0.021168417431920484,0.9999186958048986,0.0,0.5999512174829391,5.0,0.7142857142857143,1.4285714285714286,O10,de-protonated,,0.0,,C14 H20 O10,14.0,20.0,10.0,,,,
380,835,347.1350316166172,347.13476928581207,347.13475589732906,3248581.5361960484,108.63117077386255,562710.179094425,16.681987564598405,-1,0.0385685466078257,0.9997301255525356,0.0,0.5998380753315213,4.0,0.6,1.6,O9,de-protonated,,0.0,,C15 H24 O9,15.0,24.0,9.0,,,,
381,838,347.17142725161557,347.1711648949142,347.17114140667906,1984413.7887671834,130.58091492820523,613624.9055325604,10.395128893127715,-1,0.06765607036570793,0.9991697917839905,0.0,0.5995018750703942,3.0,0.5,1.75,O8,de-protonated,,0.0,,C16 H28 O8,16.0,28.0,8.0,,,,
382,841,348.0938755553423,348.09361254234796,348.09361936017905,2142817.3662699037,145.99817499582926,596058.5891370012,10.983334674225931,-1,-0.019586199554900215,0.9999303952202816,0.0,0.5999582371321689,5.0,0.7692307692307693,1.4615384615384615,N1 O10,de-protonated,,0.0,,C13 H19 O10 N1,13.0,19.0,10.0,1.0,,,
383,842,348.13024818943836,348.1299851505678,348.1300048695291,2408246.501140783,116.16121662044507,532643.091070943,12.565857132058104,-1,-0.05664252157523749,0.9994180139452408,0.0,0.5996508083671445,4.0,0.6428571428571429,1.6428571428571428,N1 O9,de-protonated,,0.0,,C14 H23 O9 N1,14.0,23.0,9.0,1.0,,,
384,847,349.02040017845087,349.0201365063511,349.02012006567907,7490097.304485837,106.6371047910788,630712.4818009738,38.74559951394396,-1,0.047105227126262236,0.9995974641096825,0.0,0.5997584784658095,11.0,0.6666666666666666,0.6666666666666666,O10,de-protonated,,0.0,,C15 H10 O10,15.0,10.0,10.0,,,,
385,849,349.05675931083033,349.0564956128674,349.0565055750291,6107994.014903063,45.29954493403207,627890.3494204632,31.970097732563172,-1,-0.028540255056495514,0.9998522125912008,0.0,0.5999113275547204,10.0,0.5625,0.875,O9,de-protonated,,0.0,,C16 H14 O9,16.0,14.0,9.0,,,,
386,852,349.09316070187583,349.09289697801984,349.0928910843791,2750040.651748172,151.3851572574391,667530.3669101036,14.11955881665161,-1,0.01688272912192818,0.9999482836456173,0.0,0.5999689701873704,9.0,0.47058823529411764,1.0588235294117647,O8,de-protonated,,0.0,,C17 H18 O8,17.0,18.0,8.0,,,,
387,857,350.054976127398,350.0547117194319,350.0547457280291,6719363.901487217,135.08738484395167,628302.8398719257,35.12990250763867,-1,-0.09715222436511811,0.9982888523345785,0.0,0.598973311400747,10.0,0.42857142857142855,1.0,N3 P1 O6,de-protonated,,0.0,,C14 H14 O6 N3 P1,14.0,14.0,6.0,3.0,1.0,,
388,858,350.0587394862951,350.05847507565244,350.0584971538691,3378555.975069598,76.40542734157431,615405.9166954374,17.47324879351449,-1,-0.06307007782654547,0.9992784875316181,0.0,0.5995670925189708,0.0,1.0,2.3333333333333335,N1 S2 O9,de-protonated,,0.0,,C9 H21 O9 N1 S2,9.0,21.0,9.0,1.0,,2.0,
389,859,350.1095814848759,350.1093170380735,350.1092694246391,19307404.30189489,88.88757962496798,613295.5594497212,101.26047673890358,-1,0.13599592642876746,0.49832487539661113,0.8767281105990785,0.6496861694775982,4.0,0.7692307692307693,1.6153846153846154,N1 O10,de-protonated,,0.0,,C13 H21 O10 N1,13.0,21.0,10.0,1.0,,,
390,861,350.99965709366694,350.9993920138703,350.99938462078904,3058722.536768,127.01448783719326,641224.2904781939,15.707321415072629,-1,0.021062946505846683,0.9999195039448172,0.0,0.5999517023668903,11.0,0.7857142857142857,0.5714285714285714,O11,de-protonated,,0.0,,C14 H8 O11,14.0,8.0,11.0,,,,
391,863,351.03603581621775,351.03577071055145,351.03577013013904,11388648.483334832,134.08222218561912,629798.4291242383,59.24502949751832,-1,0.0016534280940814397,0.49999975197563284,0.860410506174987,0.6441640536553745,10.0,0.6666666666666666,0.8,O10,de-protonated,,0.0,,C15 H12 O10,15.0,12.0,10.0,,,,
392,865,351.07242553987555,351.0721604083319,351.0721556394891,7545771.452090023,98.20526879028273,610784.1221924571,39.35869596283921,-1,0.013583654349593768,0.9999665204353462,0.0,0.5999799122612077,9.0,0.5625,1.0,O9,de-protonated,,0.0,,C16 H16 O9,16.0,16.0,9.0,,,,
393,867,351.10880109911164,351.1085359417008,351.10854114883904,5126408.076636157,119.3634722468105,613632.4776598538,26.373627583673244,-1,-0.014830565617453646,0.9999600919422809,0.0,0.5999760551653684,8.0,0.47058823529411764,1.1764705882352942,O8,de-protonated,,0.0,,C17 H20 O8,17.0,20.0,8.0,,,,
394,871,351.14513379102704,351.1448686077796,351.1449266581891,1896717.9627290044,171.96872756604674,602197.096582919,10.000808313816885,-1,-0.16531752305056616,0.995053303954415,0.0,0.597031982372649,7.0,0.3888888888888889,1.3333333333333333,O7,de-protonated,,0.0,,C18 H24 O7,18.0,24.0,7.0,,,,
395,876,353.01530872996995,353.0150422170045,353.0150346852491,6082112.911179447,120.94606630578613,615214.9859709332,31.126435097758606,-1,0.021335508982045042,0.9999174072534126,0.0,0.5999504443520476,10.0,0.7857142857142857,0.7142857142857143,O11,de-protonated,,0.0,,C14 H10 O11,14.0,10.0,11.0,,,,
396,878,353.0516797959823,353.0514132571601,353.0514201945991,12178415.065303324,91.84029510621923,620852.32912263,62.47295610024884,-1,-0.0196499392761426,0.9999275608101386,0.965580474829933,0.9861887264180564,9.0,0.6666666666666666,0.9333333333333333,O10,de-protonated,,0.0,,C15 H14 O10,15.0,14.0,10.0,,,,
397,879,353.0880594771282,353.08779291244326,353.0878057039491,10347465.772131324,176.37474778251075,610522.4061105931,53.57519738038451,-1,-0.03622754907841026,0.4998809443448631,0.8524773804394659,0.6409195187827041,8.0,0.5625,1.125,O9,de-protonated,,0.0,,C16 H18 O9,16.0,18.0,9.0,,,,
398,882,353.1244910732272,353.12422448264283,353.12419121329907,5323535.960502443,159.90402256609008,654238.98057427,27.463576826153677,-1,0.09421428661005,0.9983906975734788,0.0,0.5990344185440872,7.0,0.47058823529411764,1.2941176470588236,O8,de-protonated,,0.0,,C17 H22 O8,17.0,22.0,8.0,,,,
399,885,353.16082423825816,353.1605576218444,353.16057672264907,1698656.020337538,130.1441025857672,556022.6953869156,8.934439703986266,-1,-0.054085325228564546,0.999469363075027,0.0,0.5996816178450162,6.0,0.3888888888888889,1.4444444444444444,O7,de-protonated,,0.0,,C18 H26 O7,18.0,26.0,7.0,,,,
400,887,354.0550350920496,354.0547678399806,354.0547750296691,2565589.827445962,73.93228054656018,615665.7233666581,13.228734916547408,-1,-0.02030671231586241,0.9999251801534267,0.965580474829933,0.9861872980240292,9.0,0.6666666666666666,0.9333333333333333,13C1 O10,de-protonated,,1.0,878.0,C14 H14 O10 13C1,14.0,14.0,10.0,,,,1.0
401,890,355.0309587800959,355.03069083437924,355.0306847497091,10266957.153452089,163.69629613057407,628778.3651328176,52.93590022854502,-1,0.01713843449156246,0.9999467052348445,0.0,0.5999680231409067,9.0,0.7857142857142857,0.8571428571428571,O11,de-protonated,,0.0,,C14 H12 O11,14.0,12.0,11.0,,,,
402,892,355.0462667749137,355.0459988183175,355.0459408909991,1611962.565355286,84.07633395217117,568337.2510302335,8.322653290238232,-1,0.1631544309216794,0.995181596517177,0.0,0.5971089579103062,13.0,0.4444444444444444,0.6666666666666666,O8,de-protonated,,0.0,,C18 H12 O8,18.0,12.0,8.0,,,,
403,894,355.0673459501187,355.0670779785414,355.0670702590591,14850968.396471158,110.73169770155205,608134.266902499,78.22481871032667,-1,0.02174091307991079,0.9997164062870626,0.9881070177205428,0.9950726508604547,8.0,0.6666666666666666,1.0666666666666667,O10,de-protonated,,0.0,,C15 H16 O10,15.0,16.0,10.0,,,,
404,895,355.1037119556484,355.1034439582256,355.1034557684091,9248152.705627482,75.82188966694952,631211.563459991,48.439859603313224,-1,-0.03325843015103692,0.9989312862639526,0.9894068468285058,0.9951215104897738,7.0,0.5625,1.25,O9,de-protonated,,0.0,,C16 H20 O9,16.0,20.0,9.0,,,,
405,896,355.14011815580983,355.1398501325131,355.1398412777591,4528526.592336012,133.40357133218063,635406.1320601711,23.16928161359254,-1,0.02493314741203354,0.9998872066374752,0.0,0.5999323239824851,6.0,0.47058823529411764,1.411764705882353,O8,de-protonated,,0.0,,C17 H24 O8,17.0,24.0,8.0,,,,
406,898,355.17646537468903,355.17619732556045,355.1762267871091,3161960.7064742018,221.3649910958474,574999.0116399392,16.288977020434785,-1,-0.08294910083392976,0.9987523116484822,0.0,0.5992513869890893,5.0,0.3888888888888889,1.5555555555555556,O7,de-protonated,,0.0,,C18 H28 O7,18.0,28.0,7.0,,,,
407,900,356.07067543548317,356.0704067508848,356.07042509412906,2651284.625117141,138.49705122509764,555603.9126229646,13.61781535526939,-1,-0.051515776052829663,0.999518573757353,0.9881070177205428,0.9949539513426289,8.0,0.6666666666666666,1.0666666666666667,13C1 O10,de-protonated,,1.0,894.0,C14 H16 O10 13C1,14.0,16.0,10.0,,,,1.0
408,901,356.1071161226159,356.1068474121227,356.1068106034791,1736911.993397692,80.12372106490349,625648.4779689377,8.976360828697052,-1,0.10336405395671866,0.998063256985289,0.9894068468285058,0.9946006929225757,7.0,0.5625,1.25,13C1 O9,de-protonated,,1.0,895.0,C15 H20 O9 13C1,15.0,20.0,9.0,,,,1.0
409,903,357.0102019664567,357.0099326142727,357.0099493048191,1867190.8195411717,94.94288210515741,572251.2157497818,9.58421713700345,-1,-0.046750927829380944,0.9996034954430391,0.0,0.5997620972658234,9.0,0.9230769230769231,0.7692307692307693,O12,de-protonated,,0.0,,C13 H10 O12,13.0,10.0,12.0,,,,
410,904,357.0254588344394,357.02518947141533,357.02520544610906,2503529.874488958,61.998119830352195,613823.5691040858,12.825244091206091,-1,-0.044743882170206306,0.9996368029817985,0.0,0.5997820817890791,13.0,0.5294117647058824,0.5882352941176471,O9,de-protonated,,0.0,,C17 H10 O9,17.0,10.0,9.0,,,,
411,906,357.04661259348023,357.0463432154263,357.0463348141691,9356080.079599904,149.14790245370466,615231.6738812356,48.41365890036898,-1,0.023529879457145565,0.999899545032281,0.0,0.5999397270193686,8.0,0.7857142857142857,1.0,O11,de-protonated,,0.0,,C14 H14 O11,14.0,14.0,11.0,,,,
412,907,357.0829889650973,357.08271956119785,357.0827203235191,12786437.425035032,53.520728163953464,632417.4285708229,65.5646390476693,-1,-0.002134858933469214,0.9999826170071351,0.9732859293509789,0.9893039419446725,7.0,0.6666666666666666,1.2,O10,de-protonated,,0.0,,C15 H18 O10,15.0,18.0,10.0,,,,
413,908,357.11936479857513,357.11909536883076,357.1191058328691,6538504.891149446,51.318813653083694,607073.7889873693,33.87226876631509,-1,-0.029301255952700042,0.9998442268964816,0.0,0.5999065361378889,6.0,0.5625,1.375,O9,de-protonated,,0.0,,C16 H22 O9,16.0,22.0,9.0,,,,
414,909,357.1557435732749,357.15547411768364,357.1554913422191,5258041.673232206,113.6874227347377,577656.2441385833,27.73868420706821,-1,-0.048226993167282545,0.999578067905072,0.0,0.5997468407430432,5.0,0.47058823529411764,1.5294117647058822,O8,de-protonated,,0.0,,C17 H26 O8,17.0,26.0,8.0,,,,
415,910,357.19217205413844,357.19190257266513,357.1918768515691,4887597.315180553,190.64659090456612,667114.7517917879,25.037391733516937,-1,0.07200918530951084,0.9990595724748748,0.0,0.5994357434849248,4.0,0.3888888888888889,1.6666666666666667,O7,de-protonated,,0.0,,C18 H30 O7,18.0,30.0,7.0,,,,
416,911,357.22853668992934,357.2282671826194,357.2282623609191,1974290.8266087978,102.70608040189518,496204.60000794806,10.129191758243667,-1,0.01349753315595438,0.9999669436075417,0.0,0.599980166164525,3.0,0.3157894736842105,1.7894736842105263,O6,de-protonated,,0.0,,C19 H34 O6,19.0,34.0,6.0,,,,
417,914,358.0863501727047,358.08608005596903,358.0860751585891,1626913.032249916,174.48190556725277,553777.3574006291,8.557149581589192,-1,0.013676543931121138,0.9999660609885738,0.9732859293509789,0.9892940083335358,7.0,0.6666666666666666,1.2,13C1 O10,de-protonated,,1.0,907.0,C14 H18 O10 13C1,14.0,18.0,10.0,,,,1.0
418,916,358.1874085596592,358.1871383711325,358.18712582376907,2241763.059811584,57.57071931602759,631033.9491399146,11.500798557374697,-1,0.03503019102361895,0.9997773665118821,0.0,0.5998664199071292,4.0,0.4117647058823529,1.7058823529411764,N1 O7,de-protonated,,0.0,,C17 H29 O7 N1,17.0,29.0,7.0,1.0,,,
419,918,359.0046787878124,359.00440801874225,359.0044700012191,3295880.3179156566,232.70108918661757,519526.75361439685,17.24006253731074,-1,-0.17265098909829504,0.9946059121248182,0.0,0.5967635472748909,13.0,0.625,0.5,O10,de-protonated,,0.0,,C16 H8 O10,16.0,8.0,10.0,,,,
420,919,359.02585263614,359.02558185203,359.02559936927906,2757249.675890465,144.80681641727566,623203.8384241476,14.559730626114863,-1,-0.048791086546596175,0.9995681419554342,0.0,0.5997408851732605,8.0,0.9230769230769231,0.9230769230769231,O12,de-protonated,,0.0,,C13 H12 O12,13.0,12.0,12.0,,,,
421,920,359.0410827800919,359.04081198516394,359.0408555105691,3270616.6620560028,60.00146428288634,646420.6472317708,16.784170306080945,-1,-0.12122688679772527,0.997336989831012,0.0,0.5984021938986072,12.0,0.5294117647058824,0.7058823529411765,O9,de-protonated,,0.0,,C17 H12 O9,17.0,12.0,9.0,,,,
422,921,359.0622447754829,359.06197396552363,359.06198487862906,7213473.607511088,196.3533717655894,575123.7043715274,36.995392557268644,-1,-0.030393374645393566,0.9998323995120678,0.0,0.5998994397072407,7.0,0.7857142857142857,1.1428571428571428,O11,de-protonated,,0.0,,C14 H16 O11,14.0,16.0,11.0,,,,
423,922,359.0775623769692,359.07729155612986,359.0772410199191,1606867.2994643722,114.79941059631729,505455.8249604056,8.297762622441203,-1,0.14073910848604812,0.9964124065988901,0.0,0.597847443959334,11.0,0.4444444444444444,0.8888888888888888,O8,de-protonated,,0.0,,C18 H16 O8,18.0,16.0,8.0,,,,
424,924,359.09861571413535,359.09834487834195,359.09837038797906,6216454.458441307,132.92480439042035,609765.3692477664,32.78231952383465,-1,-0.0710380197059866,0.99908475639633,0.0,0.599450853837798,6.0,0.6666666666666666,1.3333333333333333,O10,de-protonated,,0.0,,C15 H20 O10,15.0,20.0,10.0,,,,
425,925,359.13504593311956,359.1347750714501,359.13475589732906,3533504.2131282305,95.1996233667238,635212.6044122912,18.28547058478597,-1,0.05338976734879559,0.9994829201926076,0.0,0.5996897521155645,5.0,0.5625,1.5,O9,de-protonated,,0.0,,C16 H24 O9,16.0,24.0,9.0,,,,
426,926,359.17139766153286,359.1711267740432,359.17114140667906,4851117.903633052,160.40825244684257,606660.8389186799,25.351800168847834,-1,-0.04074000985073261,0.9996988861766037,0.0,0.5998193317059622,4.0,0.47058823529411764,1.6470588235294117,O8,de-protonated,,0.0,,C17 H28 O8,17.0,28.0,8.0,,,,
427,927,359.20777140290295,359.2075004895776,359.2075269160291,3061718.0061508287,61.280804224192096,561819.9050901409,15.9431277415708,-1,-0.07356875762284007,0.9990184160764313,0.0,0.5994110496458588,3.0,0.3888888888888889,1.7777777777777777,O7,de-protonated,,0.0,,C18 H32 O7,18.0,32.0,7.0,,,,
428,930,361.00223071817913,361.001958530447,361.0019818784191,1584780.99109984,228.2181763953934,518633.0786118282,8.115667736978727,-1,-0.06467546793441549,0.9992413033151577,0.0,0.5995447819890946,17.0,0.2777777777777778,0.3888888888888889,N2 P1 O5,de-protonated,,0.0,,C18 H7 O5 N2 P1,18.0,7.0,5.0,2.0,1.0,,
429,931,361.02038622124513,361.02011402062084,361.02012006567907,7001005.968648139,152.11924677938126,595104.9384618524,36.97443199491325,-1,-0.016744380416001063,0.999949127750069,0.0,0.5999694766500413,12.0,0.625,0.625,O10,de-protonated,,0.0,,C16 H10 O10,16.0,10.0,10.0,,,,
430,933,361.0567509829846,361.0564787565379,361.0565055750291,4940493.2368110195,197.49790687125795,568625.2208918941,25.31249911443147,-1,-0.07427782302062537,0.998999413137659,0.0,0.5993996478825954,11.0,0.5294117647058824,0.8235294117647058,O9,de-protonated,,0.0,,C17 H14 O9,17.0,14.0,9.0,,,,
431,935,361.0778960012879,361.0776237598263,361.0776349430891,2356533.9026676635,63.4952190973345,584942.7026837402,12.301230032321266,-1,-0.03097190667967303,0.9998259588609217,0.0,0.599895575316553,6.0,0.7857142857142857,1.2857142857142858,O11,de-protonated,,0.0,,C14 H18 O11,14.0,18.0,11.0,,,,
432,936,361.0931177569324,361.0928455046619,361.0928910843791,2647497.688948039,165.19818569755236,597663.376339454,13.760609186315504,-1,-0.1262271241966097,0.9971131011563196,0.0,0.5982678606937917,10.0,0.4444444444444444,1.0,O8,de-protonated,,0.0,,C18 H18 O8,18.0,18.0,8.0,,,,
433,938,361.11428476749774,361.11401250019685,361.1140204524391,2092852.7335393324,128.27331034671278,587893.7639246123,10.722637679930731,-1,-0.022021416483686343,0.9999120116401192,0.0,0.5999472069840716,5.0,0.6666666666666666,1.4666666666666666,O10,de-protonated,,0.0,,C15 H22 O10,15.0,22.0,10.0,,,,
434,940,361.15067953122093,361.15040723807675,361.1504059617891,2243065.205364827,56.96522882029774,579801.8673147192,11.63704221268475,-1,0.003533950512454667,0.9999977339250845,0.0,0.5999986403550507,4.0,0.5625,1.625,O9,de-protonated,,0.0,,C16 H26 O9,16.0,26.0,9.0,,,,
435,942,361.187097774332,361.1868254553279,361.1867914711391,2077478.1663137563,148.88653602304137,603044.8747158602,10.98857481481478,-1,0.09409034218858144,0.998394925654044,0.0,0.5990369553924264,3.0,0.47058823529411764,1.7647058823529411,O8,de-protonated,,0.0,,C17 H30 O8,17.0,30.0,8.0,,,,
436,945,362.1459193363749,362.1456463365789,362.1456549339891,3164473.207732176,206.3481595341143,651235.4628286046,16.19727456012994,-1,-0.023740199670723234,0.9998977412789308,0.0,0.5999386447673585,4.0,0.6,1.6666666666666667,N1 O9,de-protonated,,0.0,,C15 H25 O9 N1,15.0,25.0,9.0,1.0,,,
437,949,362.9996487051015,362.99937509921153,362.99938462078904,2780322.5441700313,183.92531653002465,551030.7108092179,14.648813016125283,-1,-0.026230285542735852,0.9998751660374988,0.0,0.5999250996224993,12.0,0.7333333333333333,0.5333333333333333,O11,de-protonated,,0.0,,C15 H8 O11,15.0,8.0,11.0,,,,
438,950,363.0360291718733,363.03575554015714,363.03577013013904,8909427.895877227,54.99808927544578,601509.6956752571,46.61629067839403,-1,-0.04018882738884311,0.9997069775731346,0.0,0.5998241865438808,11.0,0.625,0.75,O10,de-protonated,,0.0,,C16 H12 O10,16.0,12.0,10.0,,,,
439,952,363.0724207779734,363.0721471204233,363.0721556394891,5075856.161223429,83.96308824389067,592187.9168025553,26.601573699288142,-1,-0.023463836707090305,0.9999001081189687,0.0,0.5999400648713812,10.0,0.5294117647058824,0.9411764705882353,O9,de-protonated,,0.0,,C17 H16 O9,17.0,16.0,9.0,,,,
440,954,363.1088155101032,363.1085418267171,363.10854114883904,3066793.2101247795,121.09637135864575,612662.9821515855,16.034830201875646,-1,0.0018668744636822108,0.9999993676115617,0.0,0.599999620566937,9.0,0.4444444444444444,1.1111111111111112,O8,de-protonated,,0.0,,C18 H20 O8,18.0,20.0,8.0,,,,
441,956,363.1452083714523,363.14493466223166,363.1449266581891,1899529.1381211833,112.33245860526665,595227.7924503048,9.812163252618348,-1,0.022040904285022013,0.9999118558478901,0.0,0.5999471135087341,8.0,0.3684210526315789,1.263157894736842,O7,de-protonated,,0.0,,C19 H24 O7,19.0,24.0,7.0,,,,
442,961,364.1252146696385,364.12494026478197,364.1249194890991,1596046.5386643081,123.76136045343239,698908.3498938787,8.192959810664238,-1,0.05705647085348086,0.9994094789576757,0.0,0.5996456873746054,4.0,0.7142857142857143,1.6428571428571428,N1 O10,de-protonated,,0.0,,C14 H23 O10 N1,14.0,23.0,10.0,1.0,,,
443,966,365.0152956168216,365.0150205802461,365.0150346852491,7494318.000737348,136.73510693842482,601278.0411470963,38.36830939154689,-1,-0.03864225213618554,0.999729093232177,0.0,0.5998374559393062,11.0,0.7333333333333333,0.6666666666666666,O11,de-protonated,,0.0,,C15 H10 O11,15.0,10.0,11.0,,,,
444,967,365.0516892815956,365.05141421919205,365.0514201945991,9827413.76982009,70.26420773919362,610844.1943225182,51.10185102244813,-1,-0.016368672165571942,0.9996039985864691,0.9933806916835674,0.9971146758253084,10.0,0.625,0.875,O10,de-protonated,,0.0,,C16 H14 O10,16.0,14.0,10.0,,,,
445,968,365.08810982826685,365.0878347400163,365.0878057039491,5937670.9131172,170.5213739600305,599192.972871344,30.63386188240687,-1,0.07953173672999893,0.9988529415171871,0.0,0.5993117649103122,9.0,0.5294117647058824,1.0588235294117647,O9,de-protonated,,0.0,,C17 H18 O9,17.0,18.0,9.0,,,,
446,970,365.1244610560921,365.124185942044,365.12419121329907,3459463.6735954024,177.22933941064937,566715.4316501762,18.005123063282586,-1,-0.014436882583323683,0.9999621825305426,0.0,0.5999773095183255,8.0,0.4444444444444444,1.2222222222222223,O8,de-protonated,,0.0,,C18 H22 O8,18.0,22.0,8.0,,,,
447,975,366.05502736946835,366.0547515950647,366.0547750296691,1790863.685585757,102.56402299947297,613535.7195214494,9.358891091682974,-1,-0.06401939264607863,0.9992566121598052,0.9933806916835674,0.99690624396931,10.0,0.625,0.875,13C1 O10,de-protonated,,1.0,967.0,C15 H14 O10 13C1,15.0,14.0,10.0,,,,1.0
448,977,366.9945571475668,366.99428070653704,366.9942992403591,3553057.909981449,81.10479939127367,606389.87022351,18.348352271852146,-1,-0.05050166204241971,0.9995373370896239,0.0,0.5997224022537743,11.0,0.8571428571428571,0.5714285714285714,O12,de-protonated,,0.0,,C14 H8 O12,14.0,8.0,12.0,,,,
449,978,367.03094633469595,367.03066986784876,367.0306847497091,11449778.218449425,98.57079730460299,589066.8362882216,58.668614032745005,-1,-0.04054663811605407,0.4998508687151583,0.8604105061749869,0.6440747236990898,10.0,0.7333333333333333,0.8,O11,de-protonated,,0.0,,C15 H12 O11,15.0,12.0,11.0,,,,
450,979,367.06733958405925,367.06706309139184,367.0670702590591,10199901.771057995,93.14624720440807,588761.5933508828,54.00488890867006,-1,-0.019526859922945877,0.49996540816260604,0.8524773804394659,0.6409701970733499,9.0,0.625,1.0,O10,de-protonated,,0.0,,C16 H16 O10,16.0,16.0,10.0,,,,
451,981,367.10372053328615,367.1034440148074,367.1034557684091,7818077.370237471,120.33351474564323,595183.4033244154,39.9665522711456,-1,-0.03201713720416881,0.9998140147798406,0.0,0.5998884088679043,8.0,0.5294117647058824,1.1764705882352942,O9,de-protonated,,0.0,,C17 H20 O9,17.0,20.0,9.0,,,,
452,984,367.14011540275504,367.1398388584552,367.1398412777591,3923599.2441116516,35.30207598706814,580456.7541252759,20.690695115067314,-1,-0.006589597778714478,0.9999921210212256,0.0,0.5999952726127353,7.0,0.4444444444444444,1.3333333333333333,O8,de-protonated,,0.0,,C18 H24 O8,18.0,24.0,8.0,,,,
453,986,367.17646610762733,367.1761895375379,367.1762267871091,1846323.7021142677,41.809872538597276,562669.4198774166,9.618278050830963,-1,-0.10144875540351084,0.9981342999288421,0.0,0.5988805799573053,6.0,0.3684210526315789,1.4736842105263157,O7,de-protonated,,0.0,,C19 H28 O7,19.0,28.0,7.0,,,,
454,988,369.0102369636541,369.009959092741,369.0099493048191,3146205.5839492385,218.59263833172488,526741.7898343108,16.168453786891277,-1,0.02652481841052271,0.9998723470234052,0.0,0.5999234082140431,10.0,0.8571428571428571,0.7142857142857143,O12,de-protonated,,0.0,,C14 H10 O12,14.0,10.0,12.0,,,,
455,989,369.0254580477215,369.02518016601243,369.02520544610906,1599828.3259263835,34.45124176430295,547643.9156778081,8.398635328776532,-1,-0.06850506753792444,0.9991488338733265,0.0,0.5994893003239959,14.0,0.5,0.5555555555555556,O9,de-protonated,,0.0,,C18 H10 O9,18.0,10.0,9.0,,,,
456,991,369.0466066560597,369.0463287593505,369.0463348141691,12362274.504042251,100.76324350141246,581836.2125671166,64.6633348663874,-1,-0.01640666228899926,0.49997557954765304,0.860410506174987,0.6441495501985867,9.0,0.7333333333333333,0.9333333333333333,O11,de-protonated,,0.0,,C15 H14 O11,15.0,14.0,11.0,,,,
457,992,369.08299095441237,369.08271303189684,369.0827203235191,12184290.384391313,171.98453640753476,588448.3592220822,64.47468980518887,-1,-0.019756065071116116,0.9979086020233976,0.9998987247834212,0.998704651127407,8.0,0.625,1.125,O10,de-protonated,,0.0,,C16 H18 O10,16.0,18.0,10.0,,,,
458,993,369.1193731154347,369.1190951671145,369.1191058328691,7512142.937597537,102.99128789461872,587276.4293100807,39.039047386919464,-1,-0.02889515719597992,0.9998485145035777,0.0,0.5999091087021466,7.0,0.5294117647058824,1.2941176470588236,O9,de-protonated,,0.0,,C17 H22 O9,17.0,22.0,9.0,,,,
459,995,369.155764481648,369.15548650751674,369.1554913422191,3790876.5000393745,149.7337755394332,601070.4735405465,19.527383904343004,-1,-0.013096655613740439,0.9999688779722766,0.0,0.5999813267833659,6.0,0.4444444444444444,1.4444444444444444,O8,de-protonated,,0.0,,C18 H26 O8,18.0,26.0,8.0,,,,
460,996,369.19218688511637,369.1919088851521,369.1918768515691,2535687.163764099,97.82459511303824,637158.3692897346,13.042709925643294,-1,0.08676676010385137,0.9986349014848025,0.0,0.5991809408908815,5.0,0.3684210526315789,1.5789473684210527,O7,de-protonated,,0.0,,C19 H30 O7,19.0,30.0,7.0,,,,
461,999,370.08640956246865,370.0861309283106,370.0860751585891,2106813.789470173,101.84504920904017,637833.1394326398,10.86805158127127,-1,0.15069392021996006,0.9958880213437288,0.9998987247834212,0.9974923027196058,8.0,0.625,1.125,13C1 O10,de-protonated,,1.0,992.0,C15 H18 O10 13C1,15.0,18.0,10.0,,,,1.0
462,1005,371.0047126691589,371.00443338381433,371.0044700012191,2368235.733177866,238.92508514433578,523822.4517176077,12.43092351189526,-1,-0.09869801503951826,0.9982340154326281,0.0,0.5989404092595768,14.0,0.5882352941176471,0.47058823529411764,O10,de-protonated,,0.0,,C17 H8 O10,17.0,8.0,10.0,,,,
463,1006,371.02588576722104,371.0256064668632,371.02559936927906,4412215.743916339,80.40135555480782,613133.5213235489,22.818192194139705,-1,0.019129634644012346,0.9999336023420303,0.0,0.5999601614052181,9.0,0.8571428571428571,0.8571428571428571,O12,de-protonated,,0.0,,C14 H12 O12,14.0,12.0,12.0,,,,
464,1007,371.0411146579661,371.0408353468099,371.0408555105691,3132075.5105803106,43.82480429068883,585990.4571209131,15.982428795987163,-1,-0.05434377074410468,0.999464281047092,0.0,0.5996785686282552,13.0,0.5,0.6666666666666666,O9,de-protonated,,0.0,,C18 H12 O9,18.0,12.0,9.0,,,,
465,1009,371.06226103095116,371.0619817048008,371.06198487862906,11602219.364531426,96.61921261723484,577307.2073100473,61.29916460834683,-1,-0.008553364064942323,0.4999933626477684,0.8604105061749869,0.6441602200586558,8.0,0.7333333333333333,1.0666666666666667,O11,de-protonated,,0.0,,C15 H16 O11,15.0,16.0,11.0,,,,
466,1010,371.0986419286457,371.0983625766989,371.09837038797906,11139309.477823317,155.15244144158012,594496.637416547,57.40050001024373,-1,-0.021049082382328894,0.9994360327106875,0.9927177747957774,0.9967487295447235,7.0,0.625,1.25,O10,de-protonated,,0.0,,C16 H20 O10,16.0,20.0,10.0,,,,
467,1011,371.13502901110786,371.1347496333604,371.13475589732906,5343121.365392864,98.94985621622416,610760.8493935562,27.353533873787864,-1,-0.01687788211159151,0.999948313335988,0.0,0.5999689880015928,6.0,0.5294117647058824,1.411764705882353,O9,de-protonated,,0.0,,C17 H24 O9,17.0,24.0,9.0,,,,
468,1013,371.1714196432011,371.17114023965064,371.17114140667906,5105748.500747239,193.34286138053702,569360.1331211635,26.386727935145363,-1,-0.003144178749500557,0.9999982062252971,0.0,0.5999989237351783,5.0,0.4444444444444444,1.5555555555555556,O8,de-protonated,,0.0,,C18 H28 O8,18.0,28.0,8.0,,,,
469,1014,371.2078307541882,371.2075513248203,371.2075269160291,3480237.758270279,101.6202948667577,560552.0718205912,18.24878960066403,-1,0.0657551084912517,0.9992157717604612,0.0,0.5995294630562766,4.0,0.3684210526315789,1.6842105263157894,O7,de-protonated,,0.0,,C19 H32 O7,19.0,32.0,7.0,,,,
470,1016,372.0654840627717,372.0652040253211,372.0651171634991,1713851.2973474867,68.97552153014047,535843.1087305829,9.066753253854685,-1,0.23345865550271797,0.9901592526200514,0.0,0.5940955515720309,11.0,0.05263157894736842,1.0526315789473684,N1 S2 P1 O1,de-protonated,,0.0,,C19 H20 O1 N1 P1 S2,19.0,20.0,1.0,1.0,1.0,2.0,
471,1017,372.1019770060214,372.1016969426987,372.1017252230491,1816997.6162782868,151.96331234968443,474924.69992368505,9.343825687490035,-1,-0.07600166418679614,0.9989524555469229,0.9927177747957774,0.9964585832464647,7.0,0.625,1.25,13C1 O10,de-protonated,,1.0,1010.0,C15 H20 O10 13C1,15.0,20.0,10.0,,,,1.0
472,1022,373.02039459979204,373.0201138853914,373.02012006567907,4629461.798089495,147.0932074128568,622046.6043683391,23.944822420742078,-1,-0.016568242057738942,0.9999501923703432,0.0,0.5999701154222059,13.0,0.5882352941176471,0.5882352941176471,O10,de-protonated,,0.0,,C17 H10 O10,17.0,10.0,10.0,,,,
473,1024,373.0415169023559,373.0412361729824,373.0412494337391,5665189.825686784,267.316947719139,570015.3311007472,29.04609928398585,-1,-0.03554769538924356,0.9997707407113692,0.0,0.5998624444268215,8.0,0.8571428571428571,1.0,O12,de-protonated,,0.0,,C14 H14 O12,14.0,14.0,12.0,,,,
474,1025,373.0567769952589,373.05649625506805,373.0565055750291,2794581.9458638886,166.16946670479444,542130.1326382776,14.296413561525238,-1,-0.024982706176498386,0.9998867578262451,0.0,0.5999320546957471,12.0,0.5,0.7777777777777778,O9,de-protonated,,0.0,,C18 H14 O9,18.0,14.0,9.0,,,,
475,1026,373.07791242714967,373.0776316719768,373.0776349430891,9243923.078653453,126.54658244975043,597600.4102846631,47.234627267878125,-1,-0.00876791312284841,0.9999860509935486,0.0,0.5999916305961291,7.0,0.7333333333333333,1.2,O11,de-protonated,,0.0,,C15 H18 O11,15.0,18.0,11.0,,,,
476,1028,373.1142947129798,373.11401393201703,373.1140204524391,5052826.759445157,145.96207944824968,584993.3251149371,26.344806810434577,-1,-0.017475682243012738,0.9999445872027397,0.0,0.5999667523216438,6.0,0.625,1.375,O10,de-protonated,,0.0,,C16 H22 O10,16.0,22.0,10.0,,,,
477,1029,373.15066034635566,373.15037953961496,373.1504059617891,4269994.8250653725,93.9325161057985,594282.5227838069,21.987629910807257,-1,-0.07080837567977445,0.9990906615458819,0.0,0.5994543969275291,5.0,0.5294117647058824,1.5294117647058822,O9,de-protonated,,0.0,,C17 H26 O9,17.0,26.0,9.0,,,,
478,1030,373.1870729265904,373.18679209403865,373.1867914711391,4866012.890042757,89.09674939445796,591419.8314231146,24.940449132623247,-1,0.001669136146500027,0.9999994944812797,0.0,0.5999996966887677,4.0,0.4444444444444444,1.6666666666666667,O8,de-protonated,,0.0,,C18 H30 O8,18.0,30.0,8.0,,,,
479,1031,373.2234638609982,373.22318300265084,373.2231769804891,1693186.4726204004,48.56694254084108,568095.8460312983,8.837497103092574,-1,0.016135551400258335,0.9999527598582315,0.0,0.5999716559149388,3.0,0.3684210526315789,1.7894736842105263,O7,de-protonated,,0.0,,C19 H34 O7,19.0,34.0,7.0,,,,
480,1036,374.99969508675093,374.99941296949294,374.99938462078904,2065003.138133524,199.52280166520893,509461.9732558377,10.832680632296546,-1,0.07559666776908407,0.9989635843042081,0.0,0.5993781505825249,13.0,0.6875,0.5,O11,de-protonated,,0.0,,C16 H8 O11,16.0,8.0,11.0,,,,
481,1037,375.0360387948429,375.0357566518295,375.03577013013904,5833375.450475666,131.58433861677975,566090.705985431,30.880148490082735,-1,-0.0359387306863636,0.9997656697220502,0.0,0.59985940183323,12.0,0.5882352941176471,0.7058823529411765,O10,de-protonated,,0.0,,C17 H12 O10,17.0,12.0,10.0,,,,
482,1038,375.0571601084539,375.0568779504727,375.05689949819913,2681910.3907755422,153.60573035137455,590648.5540099114,13.739648623960111,-1,-0.05745188649505476,0.999401268137554,0.0,0.5996407608825324,7.0,0.8571428571428571,1.1428571428571428,O12,de-protonated,,0.0,,C14 H16 O12,14.0,16.0,12.0,,,,
483,1039,375.07242610352426,375.07214393472475,375.0721556394891,3821062.1673417357,66.56162938474111,574745.0014322452,19.705548684363844,-1,-0.031206700287123548,0.9998233103307919,0.0,0.5998939861984751,11.0,0.5,0.8888888888888888,O9,de-protonated,,0.0,,C18 H16 O9,18.0,16.0,9.0,,,,
484,1041,375.0935529823722,375.09327079860105,375.09328500754907,3054066.524864609,101.32353424407339,619187.7979416562,15.728281977428022,-1,-0.03788110473936421,0.9997396590041451,0.0,0.599843795402487,6.0,0.7333333333333333,1.3333333333333333,O11,de-protonated,,0.0,,C15 H20 O11,15.0,20.0,11.0,,,,
485,1044,375.1452618719802,375.1449796515655,375.1449266581891,1709745.6589443223,174.05109620042074,522697.38119468314,8.925269457955782,-1,0.14126107711557392,0.9963857943882841,0.0,0.5978314766329704,9.0,0.35,1.2,O7,de-protonated,,0.0,,C20 H24 O7,20.0,24.0,7.0,,,,
486,1046,375.16634883904,375.16606660368205,375.1660560262491,2836344.2683903277,36.364365300768796,659279.9210271484,14.74313554672455,-1,0.028194003059203887,0.9998557765123078,0.0,0.5999134659073847,4.0,0.5294117647058824,1.6470588235294117,O9,de-protonated,,0.0,,C17 H28 O9,17.0,28.0,9.0,,,,
487,1048,376.0676866767731,376.0674038027277,376.0674046116891,1650754.8308120049,105.12959196556099,569054.3910707944,8.481167543050892,-1,-0.00215110739301531,0.9999991603895569,0.0,0.5999994962337342,11.0,0.5294117647058824,0.8823529411764706,N1 O9,de-protonated,,0.0,,C17 H15 O9 N1,17.0,15.0,9.0,1.0,,,
488,1056,377.0152948316634,377.0150112862332,377.0150346852491,6702346.389849574,153.62736946487297,582553.0806418515,34.29148001342295,-1,-0.06206388008184892,0.9993013174231478,0.0,0.5995807904538887,12.0,0.6875,0.625,O11,de-protonated,,0.0,,C16 H10 O11,16.0,10.0,11.0,,,,
489,1057,377.03357360865334,377.0332900502734,377.0332820073391,1794634.8854226957,76.60039006900638,597110.8438891466,9.176796206220498,-1,0.021332160075729655,0.9999174331784791,0.0,0.5999504599070875,16.0,0.2631578947368421,0.5789473684210527,N2 P1 O5,de-protonated,,0.0,,C19 H11 O5 N2 P1,19.0,11.0,5.0,2.0,1.0,,
490,1058,377.05169416319603,377.05141059197854,377.0514201945991,7659464.290796657,77.96440293327844,574423.6503477648,39.2172121669403,-1,-0.02546766839386685,0.9998823189199137,0.0,0.5999293913519482,11.0,0.5882352941176471,0.8235294117647058,O10,de-protonated,,0.0,,C17 H14 O10,17.0,14.0,10.0,,,,
491,1059,377.0646591440866,377.06437556368405,377.0643073541691,1609952.7790119264,92.0052001222609,564076.7930505855,8.272871954644174,-1,0.18089623870430396,0.9940799660043922,0.0,0.5964479796026353,6.0,0.7142857142857143,1.3571428571428572,P1 O10,de-protonated,,0.0,,C14 H19 O10 P1,14.0,19.0,10.0,,1.0,,
492,1060,377.08808212252444,377.0877985255279,377.0878057039491,4086152.9945880077,107.83236624631382,600806.0030847236,21.123006713647296,-1,-0.019036471285702957,0.9999342474733375,0.0,0.5999605484840025,10.0,0.5,1.0,O9,de-protonated,,0.0,,C18 H18 O9,18.0,18.0,9.0,,,,
493,1062,377.1244759748087,377.12419235202907,377.12419121329907,1928819.839304955,125.47273259281144,624056.2029601211,10.281155835320266,-1,0.0030195092908791767,0.9999983456545188,0.0,0.5999990073927113,9.0,0.42105263157894735,1.1578947368421053,O8,de-protonated,,0.0,,C19 H22 O8,19.0,22.0,8.0,,,,
494,1067,378.1409110761966,378.1406267333816,378.1405695535591,2948458.6791011393,153.18019479806813,608226.6346831167,15.16758693442126,-1,0.1512131390747992,0.9958596955633524,0.0,0.5975158173380114,4.0,0.6666666666666666,1.6666666666666667,N1 O10,de-protonated,,0.0,,C15 H25 O10 N1,15.0,25.0,10.0,1.0,,,
495,1073,379.0309649955761,379.03068002234033,379.0306847497091,11408426.739352295,57.88398528159727,589176.3789743726,59.066864717497474,-1,-0.012472258753059783,0.9988081097532175,0.9818597328720036,0.992028759000732,11.0,0.6875,0.75,O11,de-protonated,,0.0,,C16 H12 O11,16.0,12.0,11.0,,,,
496,1074,379.06734850870504,379.06706350970074,379.0670702590591,7567375.7478566235,217.67673587398002,583787.9790289652,39.3901368063723,-1,-0.01780518249252013,0.999942477971121,0.0,0.5999654867826726,10.0,0.5882352941176471,0.9411764705882353,O10,de-protonated,,0.0,,C17 H16 O10,17.0,16.0,10.0,,,,
497,1076,379.1037473667376,379.10346234195407,379.1034557684091,5258833.3742216425,131.61225410099863,621769.1534115751,26.971003610801944,-1,0.017339712590921437,0.999945446104039,0.0,0.5999672676624234,9.0,0.5,1.1111111111111112,O9,de-protonated,,0.0,,C18 H20 O9,18.0,20.0,9.0,,,,
498,1078,379.1401180896439,379.1398330391012,379.1398412777591,3405372.0134164244,48.76667435598101,581290.8773125546,17.591151956763575,-1,-0.021729865948075498,0.9999143259459388,0.0,0.5999485955675632,8.0,0.42105263157894735,1.263157894736842,O8,de-protonated,,0.0,,C19 H24 O8,19.0,24.0,8.0,,,,
499,1081,380.03436859458714,380.03408291074294,380.0340395847791,2265214.9545577955,65.81741631035172,576696.3421890382,11.63704221268475,-1,0.11400548188543808,0.9976444447646496,0.9818597328720036,0.9913305600075912,11.0,0.6875,0.75,13C1 O11,de-protonated,,1.0,1073.0,C15 H12 O11 13C1,15.0,12.0,11.0,,,,1.0
500,1084,380.1564777924722,380.15619202215754,380.15621961801907,1677986.219421848,231.49870383606236,483324.73440007074,8.712388746533822,-1,-0.07259084581732121,0.9990443256341244,0.0,0.5994265953804746,3.0,0.6666666666666666,1.8,N1 O10,de-protonated,,0.0,,C15 H27 O10 N1,15.0,27.0,10.0,1.0,,,
501,1089,381.0102274872654,381.00994111241897,381.0099493048191,4454665.07555199,95.8460597735235,582526.8856664296,22.88369395150031,-1,-0.021501801019792516,0.9999161148106381,0.0,0.5999496688863829,11.0,0.8,0.6666666666666666,O12,de-protonated,,0.0,,C15 H10 O12,15.0,10.0,12.0,,,,
502,1090,381.0466173422073,381.04633094159516,381.0463348141691,12632966.798324749,102.24468733933216,584676.096245909,64.86246020876364,-1,-0.010163000069792143,0.49999062948154965,0.8524773804394659,0.6409853298647161,10.0,0.6875,0.875,O11,de-protonated,,0.0,,C16 H14 O11,16.0,14.0,11.0,,,,
503,1091,381.08300465651604,381.0827182301402,381.0827203235191,9427372.073124161,134.5873095146736,586812.1666469958,48.523701852734796,-1,-0.0054932401401703605,0.9996921285513366,0.9710524864425059,0.9882362717078044,9.0,0.5882352941176471,1.0588235294117647,O10,de-protonated,,0.0,,C17 H18 O10,17.0,18.0,10.0,,,,
504,1092,381.11939789103593,381.1191114388924,381.1191058328691,5399012.3230225565,113.42818737251113,583425.6375521609,27.809426105017664,-1,0.014709373584251286,0.9999607415038253,0.0,0.5999764449022952,8.0,0.5,1.2222222222222223,O9,de-protonated,,0.0,,C18 H22 O9,18.0,22.0,9.0,,,,
505,1094,381.15581835991964,381.15553188198913,381.1554913422191,2879511.0364403594,116.25309233190288,539552.0557838482,14.7483756873134,-1,0.1063601888875695,0.9979494688079236,0.0,0.5987696812847542,7.0,0.42105263157894735,1.368421052631579,O8,de-protonated,,0.0,,C19 H26 O8,19.0,26.0,8.0,,,,
506,1096,382.078283594642,382.0779964636206,382.0779692957191,1627831.7337338226,130.87663434877888,561002.3282085051,8.351474063476898,-1,0.07110564781170327,0.9990830137449208,0.0,0.5994498082469525,9.0,0.625,1.0625,N1 O10,de-protonated,,0.0,,C16 H17 O10 N1,16.0,17.0,10.0,1.0,,,
507,1097,382.08634013322376,382.08605299649884,382.0860751585891,2129438.301278411,47.87387802711512,576617.2322721757,10.908662670834845,-1,-0.05800287344032871,0.9993897324264913,0.9710524864425059,0.9880548340328972,9.0,0.5882352941176471,1.0588235294117647,13C1 O10,de-protonated,,1.0,1091.0,C16 H18 O10 13C1,16.0,18.0,10.0,,,,1.0
508,1105,383.02588540886643,383.02559760704867,383.02559936927906,8513983.606842251,109.03888275166871,575653.9319311894,44.36827036577813,-1,-0.00460081623803706,0.9999961591904838,0.0,0.5999976955142903,10.0,0.8,0.8,O12,de-protonated,,0.0,,C15 H12 O12,15.0,12.0,12.0,,,,
509,1107,383.06227158753427,383.061983759961,383.06198487862906,12913124.12077348,114.55201931109715,590511.942940413,66.18297563715339,-1,-0.002920331760901551,0.9985580281264483,0.9939220440119707,0.9967036344806572,9.0,0.6875,1.0,O11,de-protonated,,0.0,,C16 H16 O11,16.0,16.0,11.0,,,,
510,1108,383.09864935663967,383.098361503317,383.09837038797906,9932018.67371739,44.616847193090706,578967.2521727784,52.291362936116684,-1,-0.023191594515563938,0.9998687827822959,0.9948041855140497,0.9978429438749974,8.0,0.5882352941176471,1.1764705882352942,O10,de-protonated,,0.0,,C17 H20 O10,17.0,20.0,10.0,,,,
511,1109,383.135033072307,383.1347451932308,383.13475589732906,4304351.965519076,77.4020974579751,631677.0530786564,21.99549012169053,-1,-0.027938207363515415,0.9998583814487467,0.0,0.599915028869248,7.0,0.5,1.3333333333333333,O9,de-protonated,,0.0,,C18 H24 O9,18.0,24.0,9.0,,,,
512,1110,383.1714694602068,383.17118155533996,383.17114140667906,2564227.279282455,159.13642733567508,564612.9266399862,13.131792315653714,-1,0.10477997052008892,0.9980098864088589,0.0,0.5988059318453153,6.0,0.42105263157894735,1.4736842105263157,O8,de-protonated,,0.0,,C19 H28 O8,19.0,28.0,8.0,,,,
513,1111,383.2078431399057,383.20755520929276,383.2075269160291,2334027.529562703,90.92329955051545,625998.5109007822,12.134855568625335,-1,0.07383274509616387,0.9990113624733158,0.0,0.5994068174839895,5.0,0.35,1.6,O7,de-protonated,,0.0,,C20 H32 O7,20.0,32.0,7.0,,,,
514,1112,383.22307078566354,383.2227828442721,383.2227830573191,3754518.406183525,95.69055088653116,570902.9774188469,19.330878632261193,-1,-0.0005559350415983124,0.9999999439207864,0.0,0.5999999663524718,9.0,0.16666666666666666,1.3333333333333333,O4,de-protonated,,0.0,,C24 H32 O4,24.0,32.0,4.0,,,,
515,1114,384.06557980981006,384.06529127211064,384.0653397136991,2127402.1829891093,69.55909709238679,602873.078569736,10.908662670834845,-1,-0.12612850841757783,0.9971176037073521,0.9939220440119707,0.9958393798291996,9.0,0.6875,1.0,13C1 O11,de-protonated,,1.0,1107.0,C15 H16 O11 13C1,15.0,16.0,11.0,,,,1.0
516,1115,384.10202536438857,384.1017368008954,384.1017252230491,1898948.3768753333,90.442620814414,553150.4211882952,9.83836395556259,-1,0.03014265646490093,0.9998351529887545,0.9948041855140497,0.9978227659988725,8.0,0.5882352941176471,1.1764705882352942,13C1 O10,de-protonated,,1.0,1108.0,C16 H20 O10 13C1,16.0,20.0,10.0,,,,1.0
517,1123,385.0203657539032,385.02007654051675,385.02012006567907,2347437.99549136,205.24844090586552,506716.7212891764,12.18332686907218,-1,-0.11304646184263833,0.9976838624487051,0.0,0.598610317469223,14.0,0.5555555555555556,0.5555555555555556,O10,de-protonated,,0.0,,C18 H10 O10,18.0,10.0,10.0,,,,
518,1125,385.0415347115902,385.0412454832238,385.0412494337391,9808142.90017439,127.70020723498992,570366.5204313532,51.52106226955599,-1,-0.010259979413847304,0.99952093491952,0.9989039666460056,0.9992741476101142,9.0,0.8,0.9333333333333333,O12,de-protonated,,0.0,,C15 H14 O12,15.0,14.0,12.0,,,,
519,1126,385.0568349383861,385.05654569919284,385.0565055750291,1746018.1184098502,138.7962602219754,568355.9173264282,9.281599017997463,-1,0.1042033133757132,0.9980317098205873,0.0,0.5988190258923524,13.0,0.47368421052631576,0.7368421052631579,O9,de-protonated,,0.0,,C19 H14 O9,19.0,14.0,9.0,,,,
520,1127,385.07791977902673,385.07763052491316,385.0776349430891,11781503.686012542,164.73483428691029,573501.0797618134,60.81707167417279,-1,-0.011473468029906498,0.9998495304382291,0.985211215335665,0.9939942043972035,8.0,0.6875,1.125,O11,de-protonated,,0.0,,C16 H18 O11,16.0,18.0,11.0,,,,
521,1128,385.1143034026206,385.114014122761,385.1140204524391,7456939.485512788,70.73845866734429,592582.5927602482,38.12202278387102,-1,-0.01643585478280945,0.9999509851389868,0.0,0.5999705910833921,7.0,0.5882352941176471,1.2941176470588236,O10,de-protonated,,0.0,,C17 H22 O10,17.0,22.0,10.0,,,,
522,1129,385.15076003083533,385.15047072517814,385.1504059617891,3244016.1371339643,106.73780971521741,545769.0602660293,16.904693539624454,-1,0.16815090428455748,0.9948827260865956,0.0,0.5969296356519573,6.0,0.5,1.4444444444444444,O9,de-protonated,,0.0,,C18 H26 O9,18.0,26.0,9.0,,,,
523,1130,385.1870726659082,385.18678333455546,385.1867914711391,4530071.5715148,199.218427402607,548976.8772818942,23.630413985411185,-1,-0.02112373479833468,0.999919038665151,0.0,0.5999514231990906,5.0,0.42105263157894735,1.5789473684210527,O8,de-protonated,,0.0,,C19 H30 O8,19.0,30.0,8.0,,,,
524,1131,385.22346255465635,385.2231731975535,385.2231769804891,2556852.582871641,94.61664533631698,568956.2909867429,13.511702508345213,-1,-0.009820114244123455,0.9999825022136615,0.0,0.5999895013281968,4.0,0.35,1.7,O7,de-protonated,,0.0,,C20 H34 O7,20.0,34.0,7.0,,,,
525,1132,385.2599110517467,385.25962166885245,385.2595624898391,1569291.1722255866,154.19241163102967,480423.3759487686,8.026585346968307,-1,0.15360816219628529,0.995727785404667,0.0,0.5974366712428002,3.0,0.2857142857142857,1.8095238095238095,O6,de-protonated,,0.0,,C21 H38 O6,21.0,38.0,6.0,,,,
526,1134,386.04492198523513,386.0446320468903,386.0446042688091,1576730.5164997035,84.34225018826358,595121.0535271814,8.103877420653818,-1,0.07195562603011749,0.999060970247707,0.9989039666460056,0.9989981688070264,9.0,0.8,0.9333333333333333,13C1 O12,de-protonated,,1.0,1125.0,C14 H14 O12 13C1,14.0,14.0,12.0,,,,1.0
527,1135,386.08126465485424,386.0809746907959,386.0809897781591,2282796.276327126,69.64479756694786,514270.1894992154,11.783766149172502,-1,-0.03907823379151394,0.9997229465812891,0.985211215335665,0.9939182540830395,8.0,0.6875,1.125,13C1 O11,de-protonated,,1.0,1127.0,C15 H18 O11 13C1,15.0,18.0,11.0,,,,1.0
528,1140,386.999682440265,386.99939182644493,386.99938462078904,2469673.127445215,194.7071317022627,526003.2018137021,12.633978959713131,-1,0.01861929547430768,0.9999370976810105,0.0,0.5999622586086063,14.0,0.6470588235294118,0.47058823529411764,O11,de-protonated,,0.0,,C17 H8 O11,17.0,8.0,11.0,,,,
529,1142,387.0207591361302,387.0204685073998,387.0205139888491,2003181.1325771313,94.39948159139519,546025.8513484655,10.273295624436994,-1,-0.11751689540689933,0.9974972906074753,0.0,0.5984983743644852,9.0,0.9285714285714286,0.8571428571428571,O13,de-protonated,,0.0,,C14 H12 O13,14.0,12.0,13.0,,,,
530,1143,387.03607485165156,387.03578421208636,387.03577013013904,5353800.358372615,101.21309876122695,593939.8864838639,27.42689584203174,-1,0.03638409780155713,0.9997598266084714,0.0,0.5998558959650828,13.0,0.5555555555555556,0.6666666666666666,O10,de-protonated,,0.0,,C18 H12 O10,18.0,12.0,10.0,,,,
531,1145,387.057190315617,387.05689966111413,387.05689949819913,8781145.752909249,140.11701172991312,556522.380562119,45.14381117292768,-1,0.00042090710903815956,0.9999999678540442,0.0,0.5999999807124266,8.0,0.8,1.0666666666666667,O12,de-protonated,,0.0,,C15 H16 O12,15.0,16.0,12.0,,,,
532,1146,387.07244782744704,387.0721571621506,387.0721556394891,2064917.6010539397,147.0198395858833,492358.36948636326,10.547092970204314,-1,0.0039337923320198285,0.9999971921359438,0.0,0.5999983152815663,12.0,0.47368421052631576,0.8421052631578947,O9,de-protonated,,0.0,,C19 H16 O9,19.0,16.0,9.0,,,,
533,1147,387.093565186182,387.0932745059466,387.09328500754907,7820656.359089172,106.4085919815487,573887.744289147,40.17091775411068,-1,-0.02712938418992815,0.9998664620512351,0.0,0.599919877230741,7.0,0.6875,1.25,O11,de-protonated,,0.0,,C16 H20 O11,16.0,20.0,11.0,,,,
534,1148,387.1299517053284,387.12966099935244,387.12967051689907,3777431.1586604705,163.37315464783813,576702.9147786855,19.357079335205434,-1,-0.02458490618198941,0.9998903352319435,0.0,0.5999342011391661,6.0,0.5882352941176471,1.411764705882353,O10,de-protonated,,0.0,,C17 H24 O10,17.0,24.0,10.0,,,,
535,1149,387.1663148099963,387.1660240782965,387.1660560262491,4255300.527971428,164.36643798256242,554669.9290789139,21.83042569314181,-1,-0.08251744208899323,0.9987652555493142,0.0,0.5992591533295885,5.0,0.5,1.5555555555555556,O9,de-protonated,,0.0,,C18 H28 O9,18.0,28.0,9.0,,,,
536,1150,387.2027439883587,387.2024532308884,387.2024415355991,5419480.9845881555,73.82063238680685,570392.6433689921,27.78846554266227,-1,0.030204585595444873,0.9998344749812625,0.0,0.5999006849887575,4.0,0.42105263157894735,1.6842105263157894,O8,de-protonated,,0.0,,C19 H32 O8,19.0,32.0,8.0,,,,
537,1154,389.0153098815383,389.0150178420063,389.0150346852491,5476537.5074401,144.59319236973968,536168.8796198711,28.231257422419947,-1,-0.043297151272497926,0.9996599062793887,0.0,0.5997959437676332,13.0,0.6470588235294118,0.5882352941176471,O11,de-protonated,,0.0,,C17 H10 O11,17.0,10.0,11.0,,,,
538,1155,389.03649500090233,389.0362029463877,389.03616405330905,1979343.7940448264,94.03484075825237,589225.028785723,10.09906094985779,-1,0.09997291310696664,0.9981881393848122,0.0,0.5989128836308873,8.0,0.9285714285714286,1.0,O13,de-protonated,,0.0,,C14 H14 O13,14.0,14.0,13.0,,,,
539,1156,389.05172757631954,389.0514355110321,389.0514201945991,6171446.769651429,162.79920223435488,545505.1471455038,31.89149562373045,-1,0.039368659802263464,0.9997188137864041,0.0,0.5998312882718425,12.0,0.5555555555555556,0.7777777777777778,O10,de-protonated,,0.0,,C18 H14 O10,18.0,14.0,10.0,,,,
540,1157,389.072836872199,389.0725447919826,389.0725495626591,3788618.954360615,73.69420878756236,542486.4235132174,20.040917682050132,-1,-0.012261663104182405,0.9999727198556924,0.0,0.5999836319134154,7.0,0.8,1.2,O12,de-protonated,,0.0,,C15 H18 O12,15.0,18.0,12.0,,,,
541,1158,389.0880736767961,389.08778158580395,389.0878057039491,1805252.8506839566,52.48839456772421,593356.6172970429,9.348410810505278,-1,-0.06198638139409246,0.9993030606050161,0.0,0.5995818363630097,11.0,0.47368421052631576,0.9473684210526315,O9,de-protonated,,0.0,,C19 H18 O9,19.0,18.0,9.0,,,,
542,1159,389.10923149452316,389.1089393885678,389.10893507200905,2337203.351988707,118.30243560965864,613860.6730284812,12.14402581465582,-1,0.011093445520197696,0.9999776703513734,0.0,0.599986602210824,6.0,0.6875,1.375,O11,de-protonated,,0.0,,C16 H22 O11,16.0,22.0,11.0,,,,
543,1161,389.14559725495496,389.1453051232812,389.14532058135904,1882639.4396548348,120.97724814296609,575433.0341255441,9.66674935127781,-1,-0.03972314970324239,0.9997137279080591,0.0,0.5998282367448354,5.0,0.5882352941176471,1.5294117647058822,O10,de-protonated,,0.0,,C17 H26 O10,17.0,26.0,10.0,,,,
544,1162,389.1819922462617,389.181700088849,389.1817060907091,2728997.871801156,60.85632162327482,597229.2443522342,14.34226479167766,-1,-0.015421742538555874,0.9999568469641199,0.0,0.599974108178472,4.0,0.5,1.6666666666666667,O9,de-protonated,,0.0,,C18 H30 O9,18.0,30.0,9.0,,,,
545,1163,390.1408859016404,390.14059306613694,390.1405695535591,1592309.5468589228,94.8645061789378,583812.7271215337,8.211300302725208,-1,0.060266938866151296,0.9993411766345962,0.0,0.5996047059807577,5.0,0.625,1.5625,N1 O10,de-protonated,,0.0,,C16 H25 O10 N1,16.0,25.0,10.0,1.0,,,
546,1165,390.99468383605705,390.9943903968616,390.9942992403591,1604704.1958459548,121.6446072746067,435106.39335345966,8.270906901923357,-1,0.23314023419073626,0.9901859464298007,0.0,0.5941115678578804,13.0,0.75,0.5,O12,de-protonated,,0.0,,C16 H8 O12,16.0,8.0,12.0,,,,
547,1166,391.0309854749861,391.0306920101247,391.0306847497091,9497315.65838209,188.58528634745696,552189.2587248893,49.33592364400627,-1,0.01856738072852924,0.999968644299295,0.9909995402535298,0.996381002680989,12.0,0.6470588235294118,0.7058823529411765,O11,de-protonated,,0.0,,C17 H12 O11,17.0,12.0,11.0,,,,
548,1167,391.0673843166669,391.06709082607085,391.0670702590591,6396024.1801154865,173.0910200778763,547181.4801208935,32.69323713382423,-1,0.05259203167277249,0.9994982530408979,0.0,0.5996989518245387,11.0,0.5555555555555556,0.8888888888888888,O10,de-protonated,,0.0,,C18 H16 O10,18.0,16.0,10.0,,,,
549,1168,391.08846107258665,391.08816756708904,391.0881996271191,2065647.312990694,92.04180721236514,497848.272036303,10.668926238895036,-1,-0.0819764699306724,0.9987813822491982,0.0,0.5992688293495189,6.0,0.8,1.3333333333333333,O12,de-protonated,,0.0,,C15 H20 O12,15.0,20.0,12.0,,,,
550,1169,391.10375344312115,391.10345992681164,391.1034557684091,2546142.723278791,143.34089385193903,621141.4915900079,13.435720469806913,-1,0.010632487315585297,0.9999794874751335,0.0,0.5999876924850801,10.0,0.47368421052631576,1.0526315789473684,O9,de-protonated,,0.0,,C19 H20 O9,19.0,20.0,9.0,,,,
551,1171,391.1401392798789,391.13984573784427,391.1398412777591,1948196.7238438516,127.49964567048286,575219.7694675849,9.996878208375248,-1,0.011402789218868942,0.9999764076665365,0.0,0.5999858445999219,9.0,0.4,1.2,O8,de-protonated,,0.0,,C20 H24 O8,20.0,24.0,8.0,,,,
552,1175,392.0343341263662,392.0340399521698,392.0340395847791,1867340.9583363305,103.28791929013983,509759.7442594264,9.649718894364053,-1,0.0009371397172229958,0.9999998406461788,0.9909995402535298,0.9963997204891192,12.0,0.6470588235294118,0.7058823529411765,13C1 O11,de-protonated,,1.0,1166.0,C16 H12 O11 13C1,16.0,12.0,11.0,,,,1.0
553,1176,392.12013087698256,392.11983664213534,392.11983410866907,1565452.8040567413,187.82629942403003,467561.41834046855,7.999074608876853,-1,0.006460949056770252,0.9999924256596344,0.0,0.5999954553957806,5.0,0.7333333333333333,1.5333333333333334,N1 O11,de-protonated,,0.0,,C15 H23 O11 N1,15.0,23.0,11.0,1.0,,,
554,1177,393.01023665383593,393.009941789807,393.0099493048191,4779730.996099454,160.17707953986718,573572.7113258558,24.749184001130285,-1,-0.01912168410470222,0.9999336575202907,0.0,0.5999601945121744,12.0,0.75,0.625,O12,de-protonated,,0.0,,C16 H10 O12,16.0,10.0,12.0,,,,
555,1178,393.0466255788131,393.0463306890639,393.0463348141691,12318811.425725969,150.10355400391217,552896.004914942,63.258977188576075,-1,-0.0104952134828917,0.9999845826926922,0.9729217501650024,0.9891594496816163,11.0,0.6470588235294118,0.8235294117647058,O11,de-protonated,,0.0,,C17 H14 O11,17.0,14.0,11.0,,,,
556,1179,393.0830216299577,393.08272671448344,393.0827203235191,5345682.698848381,119.33444279970101,569163.1633290013,27.97973067415523,-1,0.016258573649220166,0.9999520367836897,0.0,0.5999712220702138,10.0,0.5555555555555556,1.0,O10,de-protonated,,0.0,,C18 H18 O10,18.0,18.0,10.0,,,,
557,1180,393.1193886915729,393.11909375039414,393.1191058328691,3622881.0668831123,70.98111674946809,565526.862559113,18.61821951217783,-1,-0.03073489626809462,0.9998286121177057,0.0,0.5998971672706234,9.0,0.47368421052631576,1.1578947368421053,O9,de-protonated,,0.0,,C19 H22 O9,19.0,22.0,9.0,,,,
558,1182,393.15582695039933,393.1555319834659,393.155491342219,2078545.5624876737,67.63166706760167,537733.3336966913,10.942723584662359,-1,0.10337194256260261,0.9980629616412617,0.0,0.598837776984757,8.0,0.4,1.3,O8,de-protonated,,0.0,,C20 H26 O8,20.0,26.0,8.0,,,,
559,1186,394.0499882950155,394.0496926961287,394.0496896492391,1812034.2716589912,82.4051564563014,526891.408920052,9.408672427277033,-1,0.007732247219292087,0.9999891516688268,0.9729217501650024,0.989162191067297,11.0,0.6470588235294118,0.8235294117647058,13C1 O11,de-protonated,,1.0,1178.0,C16 H14 O11 13C1,16.0,14.0,11.0,,,,1.0
560,1188,395.0258907291803,395.0255944406627,395.02559936927906,10324886.879670423,126.93019247560571,568475.9031161581,52.946380509722715,-1,-0.012476701183165448,0.4999858773158339,0.8524773804394659,0.6409824785652867,11.0,0.75,0.75,O12,de-protonated,,0.0,,C16 H12 O12,16.0,12.0,12.0,,,,
561,1189,395.0622732800844,395.06197696585866,395.06198487862906,10793497.062290538,134.4957861907663,557582.6204722173,56.23194865893057,-1,-0.02002918707105995,0.9997756068077299,0.9994262778942735,0.9996358752423474,10.0,0.6470588235294118,0.9411764705882353,O11,de-protonated,,0.0,,C17 H16 O11,17.0,16.0,11.0,,,,
562,1190,395.09868996882017,395.09839362886225,395.09837038797906,7774133.859909382,100.81013838666954,557062.3678615547,40.16043747293299,-1,0.05882302974828377,0.9993723575905304,0.0,0.5996234145543182,9.0,0.5555555555555556,1.1111111111111112,O10,de-protonated,,0.0,,C18 H20 O10,18.0,20.0,10.0,,,,
563,1191,395.1350327450348,395.13473637939705,395.13475589732906,4308181.983739265,139.472294510694,565296.2234015538,22.380640454970877,-1,-0.04939563455695159,0.9995573761271426,0.0,0.5997344256762855,8.0,0.47368421052631576,1.263157894736842,O9,de-protonated,,0.0,,C19 H24 O9,19.0,24.0,9.0,,,,
564,1194,395.17140860560784,395.17111221426705,395.17114140667906,2117086.940340351,225.65095396982485,569059.9923358278,10.951893830692843,-1,-0.07387283367073857,0.9990102891228828,0.0,0.5994061734737297,7.0,0.4,1.4,O8,de-protonated,,0.0,,C20 H28 O8,20.0,28.0,8.0,,,,
565,1197,396.0656187056993,396.0653216825555,396.0653397136991,1993256.938943724,184.4287597324451,513822.81024242315,10.211723972518028,-1,-0.045525679089433946,0.9996240024335513,0.9994262778942735,0.9995449126178402,10.0,0.6470588235294118,0.9411764705882353,13C1 O11,de-protonated,,1.0,1189.0,C16 H16 O11 13C1,16.0,16.0,11.0,,,,1.0
566,1199,396.2183301378272,396.2180330067935,396.21803202951907,4206795.743553549,209.89080973796842,506380.87764569704,22.02169082463477,-1,0.002466506757292746,0.9999988961292956,0.0,0.5999993376775773,10.0,0.16666666666666666,1.2916666666666667,N1 O4,de-protonated,,0.0,,C24 H31 O4 N1,24.0,31.0,4.0,1.0,,,
567,1201,397.02042051785395,397.0201228201866,397.02012006567907,1609248.331550223,83.72549384999547,626333.6963605909,8.309552938766112,-1,0.006937954513762058,0.9999912659670076,0.0,0.5999947595802045,15.0,0.5263157894736842,0.5263157894736842,O10,de-protonated,,0.0,,C19 H10 O10,19.0,10.0,10.0,,,,
568,1203,397.04154487274565,397.041247160156,397.0412494337391,13218497.536821228,99.39536346791172,547127.9035218667,69.09649380455302,-1,-0.005726314608151491,0.999847588451984,0.9979718877079455,0.9990973081543686,10.0,0.75,0.875,O12,de-protonated,,0.0,,C16 H14 O12,16.0,14.0,12.0,,,,
569,1204,397.0779431938479,397.0776454555464,397.0776349430891,11903719.426942984,123.58932045263988,557534.0377436937,61.31488503011337,-1,0.026474564159038882,0.9984159710070214,0.9881488514476663,0.9943091231832794,9.0,0.6470588235294118,1.0588235294117647,O11,de-protonated,,0.0,,C17 H18 O11,17.0,18.0,11.0,,,,
570,1205,397.1143157743288,397.11401801033384,397.1140204524391,8461784.63431713,110.36132801483457,540539.2858493653,43.32548238859733,-1,-0.006149632422983036,0.4999965690004732,0.8370420509349353,0.6348147617742581,8.0,0.5555555555555556,1.2222222222222223,O10,de-protonated,,0.0,,C18 H22 O10,18.0,22.0,10.0,,,,
571,1206,397.1506830392902,397.1503852496056,397.1504059617891,4137525.656735115,234.87027099931132,522090.7332102035,21.3404725480845,-1,-0.052151988666337024,0.9995066121895049,0.0,0.5997039673137029,7.0,0.47368421052631576,1.368421052631579,O9,de-protonated,,0.0,,C19 H26 O9,19.0,26.0,9.0,,,,
572,1208,397.18702714720325,397.1867293318456,397.1867914711391,2056375.353952173,72.80482638108437,550006.3188565513,10.843160913474241,-1,-0.1564485396766532,0.9955686829284331,0.0,0.5973412097570598,6.0,0.4,1.5,O8,de-protonated,,0.0,,C20 H30 O8,20.0,30.0,8.0,,,,
573,1210,398.0449188460213,398.04462042469703,398.0446042688091,2250680.4254723266,94.98216764489631,581017.8615375393,11.52175911973009,-1,0.0405881344619647,0.999701126711894,0.9979718877079455,0.9990094311103146,10.0,0.75,0.875,13C1 O12,de-protonated,,1.0,1203.0,C15 H14 O12 13C1,15.0,14.0,12.0,,,,1.0
574,1211,398.08133979855626,398.0810413515079,398.0809897781591,2389238.6060221437,226.6584519041745,573588.1402478005,12.387692352037263,-1,0.1295549150122043,0.9969591117737434,0.9881488514476663,0.9934350076433126,9.0,0.6470588235294118,1.0588235294117647,13C1 O11,de-protonated,,1.0,1204.0,C16 H18 O11 13C1,16.0,18.0,11.0,,,,1.0
575,1214,398.99969268813265,398.9993935924984,398.99938462078904,1993481.0286986502,51.24706446004417,531414.5260128047,10.344037522386445,-1,0.022485521769156185,0.9999082639900433,0.0,0.599944958394026,15.0,0.6111111111111112,0.4444444444444444,O11,de-protonated,,0.0,,C18 H8 O11,18.0,8.0,11.0,,,,
576,1216,399.020829196223,399.02053008566213,399.0205139888491,5180251.5922372965,135.71433924811083,536968.381208851,26.475810325155784,-1,0.040340815801415617,0.9997047573719848,0.0,0.5998228544231908,10.0,0.8666666666666667,0.8,O13,de-protonated,,0.0,,C15 H12 O13,15.0,12.0,13.0,,,,
577,1217,399.0360981066021,399.03579898525834,399.03577013013904,2866895.2808284326,110.41140671083356,521557.1934188988,15.095535001324595,-1,0.07231211198738349,0.9990516472528613,0.0,0.5994309883517168,14.0,0.5263157894736842,0.631578947368421,O10,de-protonated,,0.0,,C19 H12 O10,19.0,12.0,10.0,,,,
578,1219,399.0571972465033,399.05689811025934,399.05689949819913,12226655.12205772,116.50319389319573,568010.1552042698,62.5882391932035,-1,-0.003478049850812396,0.9978325688770977,0.9978767492368367,0.9978502410209933,9.0,0.75,1.0,O12,de-protonated,,0.0,,C16 H16 O12,16.0,16.0,12.0,,,,
579,1220,399.07250963853784,399.07221049148035,399.07215563948904,1601860.6621717506,87.36607831156203,536459.4876555601,8.288592376410719,-1,0.1374488060192325,0.9965779085437515,0.0,0.5979467451262509,13.0,0.45,0.8,O9,de-protonated,,0.0,,C20 H16 O9,20.0,16.0,9.0,,,,
580,1221,399.09357643405525,399.09327727212053,399.09328500754907,10561469.763021138,187.1358301539887,542959.7324776559,54.10445157985818,-1,-0.01938250737379374,0.9960253124547667,0.974052254744544,0.9872360893706776,8.0,0.6470588235294118,1.1764705882352942,O11,de-protonated,,0.0,,C17 H20 O11,17.0,20.0,11.0,,,,
581,1222,399.1299702523369,399.12967106470114,399.12967051689907,5034711.068722821,144.4196594779582,529229.874873205,25.80769240007763,-1,0.0013724914843219907,0.999999658199203,0.0,0.5999997949195218,7.0,0.5555555555555556,1.3333333333333333,O10,de-protonated,,0.0,,C18 H24 O10,18.0,24.0,10.0,,,,
582,1223,399.166359016736,399.1660598034031,399.1660560262491,2992144.5956272897,114.14321445569635,558862.0602295846,15.331341327822768,-1,0.009462613096953905,0.9999837530267028,0.0,0.5999902518160217,6.0,0.47368421052631576,1.4736842105263157,O9,de-protonated,,0.0,,C19 H28 O9,19.0,28.0,9.0,,,,
583,1224,399.2027397754372,399.2024405364128,399.2024415355991,4130022.1463703914,159.53569251149761,523299.43864240125,21.175408119535778,-1,-0.0025029564872753062,0.999998863262517,0.0,0.5999993179575102,5.0,0.4,1.6,O8,de-protonated,,0.0,,C20 H32 O8,20.0,32.0,8.0,,,,
584,1225,399.2179722786697,399.2176730288884,399.2176976768891,4910756.290180224,98.74296182945785,567714.4320841897,25.244377286776444,-1,-0.061740751592414204,0.999308571196927,0.0,0.5995851427181561,9.0,0.20833333333333334,1.3333333333333333,O5,de-protonated,,0.0,,C24 H32 O5,24.0,32.0,5.0,,,,
585,1226,399.23916013651007,399.2388608717663,399.2388270449491,2556518.8775702002,145.75768996205898,588457.4736633305,13.083321015206868,-1,0.08472827511166159,0.9986982495584465,0.0,0.599218949735068,4.0,0.3333333333333333,1.7142857142857142,O7,de-protonated,,0.0,,C21 H36 O7,21.0,36.0,7.0,,,,
586,1228,400.06061606478653,400.0603162199837,400.0602543332691,2151654.684836429,120.90878372393172,471415.13893801154,11.030495939525567,-1,0.154693484129376,0.9956673327058373,0.9978767492368367,0.996551099318237,9.0,0.75,1.0,13C1 O12,de-protonated,,1.0,1219.0,C15 H16 O12 13C1,15.0,16.0,12.0,,,,1.0
587,1229,400.0968561636814,400.0965562932898,400.0966398426191,2338169.8034530636,142.6406565823129,517975.3651410159,12.0549434246454,-1,-0.2088228717360455,0.992118789517578,0.974052254744544,0.9848921756083644,8.0,0.6470588235294118,1.1764705882352942,13C1 O11,de-protonated,,1.0,1221.0,C16 H20 O11 13C1,16.0,20.0,11.0,,,,1.0
588,1230,400.1979567751308,400.1976568333536,400.1976905077991,4634720.83697634,68.1175016207475,545130.8086524856,24.22516994224546,-1,-0.08414452728880632,0.9987161134875031,0.0,0.5992296680925019,5.0,0.42105263157894735,1.631578947368421,N1 O8,de-protonated,,0.0,,C19 H31 O8 N1,19.0,31.0,8.0,1.0,,,
589,1232,401.01535009860606,401.01504957971866,401.0150346852491,3805875.68411774,160.92289231977674,537416.8316265098,19.708168754658267,-1,0.0371419231158498,0.9997497187887817,0.0,0.599849831273269,14.0,0.6111111111111112,0.5555555555555556,O11,de-protonated,,0.0,,C18 H10 O11,18.0,10.0,11.0,,,,
590,1234,401.03645697523814,401.0361564414494,401.03616405330905,5618449.426622238,99.85811926223599,553714.1052310365,28.77361197336574,-1,-0.018980481877235996,0.999934633670023,0.0,0.5999607802020138,9.0,0.8666666666666667,0.9333333333333333,O13,de-protonated,,0.0,,C15 H14 O13,15.0,14.0,13.0,,,,
591,1235,401.0517294822729,401.0514289377018,401.0514201945991,3788144.4342879485,162.7945651642031,531552.977209864,19.60860608347015,-1,0.021800453256916538,0.9999137684586439,0.0,0.5999482610751863,13.0,0.5263157894736842,0.7368421052631579,O10,de-protonated,,0.0,,C19 H14 O10,19.0,14.0,10.0,,,,
592,1237,401.07284892908945,401.0725483696083,401.0725495626591,9828930.575074172,116.04805699565526,531126.7952105989,50.33679049647629,-1,-0.002974650900699615,0.49999919722194097,0.8524773804394659,0.6409904705089509,8.0,0.75,1.125,O12,de-protonated,,0.0,,C16 H18 O12,16.0,18.0,12.0,,,,
593,1238,401.1092465915268,401.10894600634936,401.10893507200905,6762904.157235275,132.55632034122496,540819.1197058973,34.72117154170851,-1,0.027260276083525343,0.9998651704613184,0.0,0.599919102276791,7.0,0.6470588235294118,1.2941176470588236,O11,de-protonated,,0.0,,C17 H22 O11,17.0,22.0,11.0,,,,
594,1239,401.14560155832766,401.14530094748415,401.14532058135904,3707465.9056022,60.62703952729634,570798.1439702472,19.026950478107995,-1,-0.04894454426334369,0.999565421714975,0.0,0.599739253028985,6.0,0.5555555555555556,1.4444444444444444,O10,de-protonated,,0.0,,C18 H26 O10,18.0,26.0,10.0,,,,
595,1240,401.18196720643436,401.18166656991747,401.18170609070904,4382769.889848391,86.70744044101981,581905.4880002977,22.77627106942892,-1,-0.0985109514577327,0.9982406973876699,0.0,0.5989444184326019,5.0,0.47368421052631576,1.5789473684210527,O9,de-protonated,,0.0,,C19 H30 O9,19.0,30.0,9.0,,,,
596,1241,401.2183536169513,401.21805295474644,401.21809160005904,3830601.928708235,157.90923025776385,533366.7382714021,20.205982110598853,-1,-0.09631996514829523,0.9983180194549576,0.0,0.5989908116729745,4.0,0.4,1.7,O8,de-protonated,,0.0,,C20 H34 O8,20.0,34.0,8.0,,,,
597,1245,403.0309921675907,403.0306902258775,403.0306847497091,7315148.859943601,93.70433196442382,560139.1633225514,38.34210868860264,-1,0.013587472591962226,0.9999665016114107,0.0,0.5999799009668464,13.0,0.6111111111111112,0.6666666666666666,O11,de-protonated,,0.0,,C18 H12 O11,18.0,12.0,11.0,,,,
598,1246,403.05213596282914,403.05183400619296,403.0518141177691,3265009.136769263,63.3387106598196,546747.0248733601,16.778930165492095,-1,0.04934458345508037,0.9995582903686971,0.0,0.5997349742212182,8.0,0.8666666666666667,1.0666666666666667,O13,de-protonated,,0.0,,C15 H16 O13,15.0,16.0,13.0,,,,
599,1247,403.06736479615495,403.0670628287704,403.0670702590591,4244690.619269726,80.0796098768129,516380.1849342838,22.04789152757901,-1,-0.018434372932839005,0.9999383409005963,0.0,0.5999630045403578,12.0,0.5263157894736842,0.8421052631578947,O10,de-protonated,,0.0,,C19 H16 O10,19.0,16.0,10.0,,,,
600,1248,403.08849989327064,403.0881979109693,403.0881996271191,4413004.653426691,98.6082769105061,490392.6260536929,22.951815779155336,-1,-0.004257504361723601,0.999996711004213,0.0,0.5999980266025278,7.0,0.75,1.25,O12,de-protonated,,0.0,,C16 H20 O12,16.0,20.0,12.0,,,,
601,1249,403.124839281837,403.12453727388805,403.1245851364691,1635360.933465024,87.45461018900357,457050.66896292695,8.472652314594015,-1,-0.11872900535500618,0.9974454630708193,0.0,0.5984672778424915,6.0,0.6470588235294118,1.411764705882353,O11,de-protonated,,0.0,,C17 H24 O11,17.0,24.0,11.0,,,,
602,1250,403.16126898010236,403.16096694644216,403.1609706458191,2045212.8545158375,58.403360656986045,561648.4208898036,10.768488910083153,-1,-0.00917593018155897,0.9999847225556081,0.0,0.5999908335333648,5.0,0.5555555555555556,1.5555555555555556,O10,de-protonated,,0.0,,C18 H28 O10,18.0,28.0,10.0,,,,
603,1251,403.19767310824466,403.19737104889134,403.1973561551691,3121434.935665074,110.54113951526062,564122.1243546114,16.3990199728006,-1,0.03693903751794395,0.9997524452764367,0.0,0.599851467165862,4.0,0.47368421052631576,1.6842105263157894,O9,de-protonated,,0.0,,C19 H32 O9,19.0,32.0,9.0,,,,
604,1252,403.2340807592817,403.233778674233,403.2337416645191,1970777.085766094,123.87921434004329,464147.96155433473,10.223514288842935,-1,0.09178228434580687,0.9984726460887726,0.0,0.5990835876532635,3.0,0.4,1.8,O8,de-protonated,,0.0,,C20 H36 O8,20.0,36.0,8.0,,,,
605,1254,404.1565815217081,404.15627878563157,404.15621961801907,1874037.8352671245,82.53003951369918,554231.3421792517,9.60386766421163,-1,0.14639787694318568,0.9961186822185251,0.0,0.5976712093311151,5.0,0.5882352941176471,1.588235294117647,N1 O10,de-protonated,,0.0,,C17 H27 O10 N1,17.0,27.0,10.0,1.0,,,
606,1258,405.01025209053165,405.0099487520799,405.0099493048191,5784579.528754891,97.72494544101794,554147.5367071003,29.66967601405879,-1,-0.0013647546437281176,0.9999996620418561,0.0,0.5999997972251137,13.0,0.7058823529411765,0.5882352941176471,O12,de-protonated,,0.0,,C17 H10 O12,17.0,10.0,12.0,,,,
607,1259,405.04663831273274,405.04633494860747,405.0463348141691,9048542.058705224,110.19738382949222,551405.2595719198,46.44336603896204,-1,0.00033190864568547645,0.9999605706254036,0.9937706233617146,0.997484591719928,12.0,0.6111111111111112,0.7777777777777778,O11,de-protonated,,0.0,,C18 H14 O11,18.0,14.0,11.0,,,,
608,1260,405.08300796399556,405.08270457420855,405.0827203235191,4823843.12806726,221.816451619368,540588.5012987828,24.694162524947377,-1,-0.03887924550879692,0.9997257605508296,0.0,0.5998354563304977,11.0,0.5263157894736842,0.9473684210526315,O10,de-protonated,,0.0,,C19 H18 O10,19.0,18.0,10.0,,,,
609,1261,405.1194196215169,405.1191162060387,405.11910583286914,2397957.492512568,180.47055535609113,560070.1973756382,12.297299926879631,-1,0.025605234173688134,0.9998810442333884,0.0,0.599928626540033,10.0,0.45,1.1,O9,de-protonated,,0.0,,C20 H22 O9,20.0,22.0,9.0,,,,
610,1262,405.13238829258535,405.1320848679568,405.13199299243905,1636878.1129630127,144.76704962976166,442434.4257587507,8.52963884349774,-1,0.2267792209172582,0.9907117141809674,0.0,0.5944270285085804,5.0,0.5294117647058824,1.588235294117647,P1 O9,de-protonated,,0.0,,C17 H27 O9 P1,17.0,27.0,9.0,,1.0,,
611,1266,406.04998525715763,406.04968118514034,406.0496896492391,1842651.995797551,88.02425239776208,490645.4160403701,9.59731748847557,-1,-0.020844982697865475,0.9999211612398018,0.9937706233617146,0.997460946088567,12.0,0.6111111111111112,0.7777777777777778,13C1 O11,de-protonated,,1.0,1259.0,C17 H14 O11 13C1,17.0,14.0,11.0,,,,1.0
612,1267,406.13571832103884,406.13541418853896,406.1354841731291,2184708.7365375124,191.05873738865156,463868.54569854005,11.428746624278034,-1,-0.17231833431972346,0.9946266222931843,0.0,0.5967759733759106,5.0,0.6875,1.5625,N1 O11,de-protonated,,0.0,,C16 H25 O11 N1,16.0,25.0,11.0,1.0,,,
613,1270,407.02590552336784,407.0256007629079,407.02559936927906,10451612.071130594,116.12440400333004,538692.5039587966,54.39265931224484,-1,0.0034239341501241254,0.4999989364101652,0.8446892076502734,0.6378750449062085,12.0,0.7058823529411765,0.7058823529411765,O12,de-protonated,,0.0,,C17 H12 O12,17.0,12.0,12.0,,,,
614,1271,407.06229184322166,407.0619870570956,407.06198487862906,8924624.940074904,89.41235016559864,544798.8953244088,46.21803999364157,-1,0.005351682643107873,0.49999740161555617,0.8370420509349353,0.6348152613433078,11.0,0.6111111111111112,0.8888888888888888,O11,de-protonated,,0.0,,C18 H16 O11,18.0,16.0,11.0,,,,
615,1273,407.09869860628015,407.0983937944738,407.09837038797906,4754317.076364119,145.68970793398063,528140.2253650498,24.44263577668266,-1,0.057495918520205073,0.9994003503062457,0.0,0.5996402101837475,10.0,0.5263157894736842,1.0526315789473684,O10,de-protonated,,0.0,,C19 H20 O10,19.0,20.0,10.0,,,,
616,1274,407.1350699883656,407.13476515090395,407.13475589732906,2965561.9608364324,167.9678711204536,502846.82096629706,15.331341327822768,-1,0.022728530919166774,0.9999062705204509,0.0,0.5999437623122705,9.0,0.45,1.2,O9,de-protonated,,0.0,,C20 H24 O9,20.0,24.0,9.0,,,,
617,1277,408.0291288913031,408.02882342324193,408.02873165414906,1928496.8768612747,171.37804675046058,473144.2421762325,9.89273041417189,-1,0.22490840903252313,0.9908636299088421,0.0,0.5945181779453053,15.0,0.09523809523809523,0.7619047619047619,N1 S2 P1 O2,de-protonated,,0.0,,C21 H16 O2 N1 P1 S2,21.0,16.0,2.0,1.0,1.0,2.0,
618,1280,409.00522443968293,409.0049182832535,409.0048639243891,2774674.8449511775,99.98541133212521,516787.5853707915,14.430037146540869,-1,0.13290517842786648,0.9968000599094509,0.0,0.5980800359456705,12.0,0.8125,0.625,O13,de-protonated,,0.0,,C16 H10 O13,16.0,10.0,13.0,,,,
619,1282,409.04155914823787,409.0412529661861,409.0412494337391,12999044.354585715,124.85418072154924,525600.0280029374,68.71920368215595,-1,0.008635918786545724,0.9972273842916048,0.9874969067744234,0.9933351932847323,11.0,0.7058823529411765,0.8235294117647058,O12,de-protonated,,0.0,,C17 H14 O12,17.0,14.0,12.0,,,,
620,1283,409.07794988902435,409.0776436813109,409.0776349430891,8815947.841762794,155.67336998467837,521659.2601500648,45.95603296419915,-1,0.021360790901668605,0.9999014469684618,0.9940244139526574,0.99755063376214,10.0,0.6111111111111112,1.0,O11,de-protonated,,0.0,,C18 H18 O11,18.0,18.0,11.0,,,,
621,1285,409.11432564336604,409.1140194100017,409.1140204524391,6315107.0458646985,109.45433100026634,543974.0438132429,32.991925147388585,-1,-0.0025480364056237144,0.9999988219469989,0.0,0.5999992931681993,9.0,0.5263157894736842,1.1578947368421053,O10,de-protonated,,0.0,,C19 H22 O10,19.0,22.0,10.0,,,,
622,1287,409.1506297341458,409.1503234751811,409.1504059617891,2712845.6163815586,54.08372306596776,581743.797837762,14.002965688549736,-1,-0.2016046099231249,0.992652251285475,0.0,0.595591350771285,8.0,0.45,1.3,O9,de-protonated,,0.0,,C20 H26 O9,20.0,26.0,9.0,,,,
623,1290,410.04483946385903,410.0445325743732,410.0446042688091,2165632.6278180364,113.56743597467323,543968.590200613,11.136608786449743,-1,-0.17484545625169268,0.9944683007701521,0.9874969067744234,0.9916797431718607,11.0,0.7058823529411765,0.8235294117647058,13C1 O12,de-protonated,,1.0,1282.0,C16 H14 O12 13C1,16.0,14.0,12.0,,,,1.0
624,1291,410.0813069868183,410.0810000716204,410.0809897781591,1792045.8798407,41.54855832504925,452714.59835261165,9.327450248149885,-1,0.025101044777668342,0.9998856825310872,0.9940244139526574,0.9975411750997153,10.0,0.6111111111111112,1.0,13C1 O11,de-protonated,,1.0,1283.0,C17 H18 O11 13C1,17.0,18.0,11.0,,,,1.0
625,1292,411.0208319317805,411.02052435420086,411.0205139888491,5473748.151594784,140.77377607740087,531218.2709583554,28.019031728571594,-1,0.025218575305183445,0.9998846095502054,0.0,0.5999307657301233,11.0,0.8125,0.75,O13,de-protonated,,0.0,,C16 H12 O13,16.0,12.0,13.0,,,,
626,1293,411.0361519492847,411.03584436090495,411.03577013013904,1702954.6503515535,139.95163490541597,420988.4156136677,8.726799133153154,-1,0.18059441853526864,0.9940996459903372,0.0,0.5964597875942023,15.0,0.5,0.6,O10,de-protonated,,0.0,,C20 H12 O10,20.0,12.0,10.0,,,,
627,1295,411.0571946307488,411.0568870275347,411.05689949819913,12279592.500705551,218.81482679588598,532099.1160487034,63.10701311149948,-1,-0.03033804920786437,0.9988853962785615,0.9994915344095354,0.9991278515309512,10.0,0.7058823529411765,0.9411764705882353,O12,de-protonated,,0.0,,C17 H16 O12,17.0,16.0,12.0,,,,
628,1297,411.0903762970989,411.0900686704929,411.090131635419,2198490.0953893717,112.09902170320206,456223.912340202,11.327873917942705,-1,-0.15316574468381025,0.9957523071020634,0.0,0.597451384261238,4.0,0.5714285714285714,1.7142857142857142,N2 S2 O8,de-protonated,,0.0,,C14 H24 O8 N2 S2,14.0,24.0,8.0,2.0,,2.0,
629,1298,411.09356912139333,411.0932614925365,411.09328500754907,8996758.493395524,182.50768593933233,523398.0971385358,46.66869208428251,-1,-0.05720115951632394,0.9945094217855429,0.9777658214303188,0.9878119816434532,9.0,0.6111111111111112,1.1111111111111112,O11,de-protonated,,0.0,,C18 H20 O11,18.0,20.0,11.0,,,,
630,1299,411.1299693777111,411.1296617231936,411.12967051689907,5894663.65150403,56.67544917626447,554773.1943368466,31.278399174835204,-1,-0.021389128833612683,0.9999169916090791,0.0,0.5999501949654474,8.0,0.5263157894736842,1.263157894736842,O10,de-protonated,,0.0,,C19 H24 O10,19.0,24.0,10.0,,,,
631,1300,411.1664014975465,411.1660938173458,411.1660560262491,2216655.074484738,128.3529479243529,508238.72935412184,11.381585358978398,-1,0.09191200525403861,0.9984683289630384,0.0,0.599080997377823,7.0,0.45,1.4,O9,de-protonated,,0.0,,C20 H28 O9,20.0,28.0,9.0,,,,
632,1302,411.2027659739817,411.2024582681458,411.2024415355991,2377590.8335627974,146.438347725716,508062.8134338063,12.184636904219394,-1,0.040691749316059386,0.9996995990446321,0.0,0.5998197594267792,6.0,0.38095238095238093,1.5238095238095237,O8,de-protonated,,0.0,,C21 H32 O8,21.0,32.0,8.0,,,,
633,1303,412.0605186921056,412.06021038163385,412.0602543332691,2266572.66144116,44.05940596310781,544347.6425471837,11.59774115826839,-1,-0.10666312698739353,0.9979377834808071,0.9994915344095354,0.9985592838522985,10.0,0.7058823529411765,0.9411764705882353,13C1 O12,de-protonated,,1.0,1295.0,C16 H16 O12 13C1,16.0,16.0,12.0,,,,1.0
634,1304,412.0970470371722,412.0967387009531,412.0966398426191,2044811.9166686344,146.2745249922624,483646.26572844136,10.46194068563553,-1,0.23989114313303847,0.9896123625079905,0.9777658214303188,0.9848737460769217,9.0,0.6111111111111112,1.1111111111111112,13C1 O11,de-protonated,,1.0,1298.0,C17 H20 O11 13C1,17.0,20.0,11.0,,,,1.0
635,1305,413.01537731050706,413.0150683270376,413.0150346852491,3402212.0699787103,165.7532425895925,482228.3667493743,17.657963749271392,-1,0.08145414990388684,0.9987968525135782,0.0,0.5992781115081469,15.0,0.5789473684210527,0.5263157894736842,O11,de-protonated,,0.0,,C19 H10 O11,19.0,10.0,11.0,,,,
636,1307,413.0364641345729,413.0361551362422,413.03616405330905,8779056.887942277,179.21560924029586,546151.1606531924,45.0704492046838,-1,-0.021589070464768902,0.9999154325273417,0.0,0.599949259516405,10.0,0.8125,0.875,O13,de-protonated,,0.0,,C16 H14 O13,16.0,14.0,13.0,,,,
637,1308,413.051746423269,413.0514374141679,413.0514201945991,2236578.1637992486,45.02355400478481,584638.1648214074,11.46542760839997,-1,0.04168868078368188,0.9996847016792461,0.0,0.5998108210075476,14.0,0.5,0.7,O10,de-protonated,,0.0,,C20 H14 O10,20.0,14.0,10.0,,,,
638,1309,413.0728620083964,413.07255298441385,413.0725495626591,11116816.194959547,247.8458436406882,516868.1919002381,58.66337389215616,-1,0.008283665289565086,0.49999377461501593,0.8446892076502734,0.6378719478291189,9.0,0.7058823529411765,1.0588235294117647,O12,de-protonated,,0.0,,C17 H18 O12,17.0,18.0,12.0,,,,
639,1310,413.10923816767007,413.1089291180512,413.10893507200905,7889319.591079858,150.60858846580356,559713.2453225673,40.77353392182823,-1,-0.014412561272047788,0.9999623098403506,0.0,0.5999773859042103,8.0,0.6111111111111112,1.2222222222222223,O11,de-protonated,,0.0,,C18 H22 O11,18.0,22.0,11.0,,,,
640,1311,413.14563952334726,413.14533044807445,413.14532058135904,4639783.753585994,110.61135675554695,578363.2562311183,23.74831714866027,-1,0.023881948821679596,0.999896516553881,0.0,0.5999379099323285,7.0,0.5263157894736842,1.368421052631579,O10,de-protonated,,0.0,,C19 H26 O10,19.0,26.0,10.0,,,,
641,1312,413.1820016177845,413.1816925168855,413.18170609070904,3100242.2503102613,172.6847895502007,556932.5868406779,15.906446757448863,-1,-0.032851947066097544,0.9998041906011583,0.0,0.599882514360695,6.0,0.45,1.5,O9,de-protonated,,0.0,,C20 H30 O9,20.0,30.0,9.0,,,,
642,1313,413.218356238766,413.21804711224615,413.21809160005904,2757097.542621529,47.4248817797551,561127.5724477719,14.217811452692514,-1,-0.1076618226316107,0.9978990260708537,0.0,0.5987394156425122,5.0,0.38095238095238093,1.619047619047619,O8,de-protonated,,0.0,,C21 H34 O8,21.0,34.0,8.0,,,,
643,1317,415.0157637385154,415.01545334544863,415.0154286084191,2069052.3594496332,126.43131163960811,437297.3219654778,10.601459428813616,-1,0.059605084156149186,0.9993555630049126,0.0,0.5996133378029476,10.0,0.9333333333333333,0.8,O14,de-protonated,,0.0,,C15 H12 O14,15.0,12.0,14.0,,,,
644,1318,415.0310120430019,415.03070163919176,415.0306847497091,4944348.23061512,125.58592733150655,496618.2196113156,25.459223050919224,-1,0.04069453963803964,0.9996995578511122,0.0,0.5998197347106673,14.0,0.5789473684210527,0.631578947368421,O11,de-protonated,,0.0,,C19 H12 O11,19.0,12.0,11.0,,,,
645,1320,415.0521145254823,415.0518041068043,415.0518141177691,7821605.622306284,133.14635492267058,542230.757591614,40.51676703297467,-1,-0.02411979527739883,0.9998944451626409,0.0,0.5999366670975845,9.0,0.8125,1.0,O13,de-protonated,,0.0,,C16 H16 O13,16.0,16.0,13.0,,,,
646,1321,415.06736853083675,415.0670581014114,415.06707025905905,2167451.3987638275,118.55117359566958,538725.174726102,11.116958259241562,-1,-0.02929080262655047,0.9998443380132118,0.0,0.5999066028079271,13.0,0.5,0.8,O10,de-protonated,,0.0,,C20 H16 O10,20.0,16.0,10.0,,,,
647,1322,415.08849368351696,415.0881832392078,415.0881996271191,8699554.40673575,193.11342814084128,529614.7144713729,45.28529496882658,-1,-0.03948055205631648,0.49985860669286575,0.8446892076502734,0.6377908470758289,8.0,0.7058823529411765,1.1764705882352942,O12,de-protonated,,0.0,,C17 H20 O12,17.0,20.0,12.0,,,,
648,1323,415.12489722913995,415.1245867591827,415.1245851364691,4090807.2385800313,37.60987669682163,556753.777117461,21.096806010703055,-1,0.003908979819057309,0.9999972274455575,0.0,0.5999983364673345,7.0,0.6111111111111112,1.3333333333333333,O11,de-protonated,,0.0,,C18 H24 O11,18.0,24.0,11.0,,,,
649,1324,415.1613181262623,415.16100763064486,415.1609706458191,2044052.1904117973,58.97977340921416,562721.9919992232,10.540542794468255,-1,0.08908550754604808,0.9985610182463138,0.0,0.5991366109477883,6.0,0.5263157894736842,1.4736842105263157,O10,de-protonated,,0.0,,C19 H28 O10,19.0,28.0,10.0,,,,
650,1325,415.1976718989945,415.19736137776414,415.1973561551691,4428526.4036177555,67.33234800154143,534230.3498241394,22.67408832794638,-1,0.012578584585248867,0.9999712914575749,0.0,0.5999827748745449,5.0,0.45,1.6,O9,de-protonated,,0.0,,C20 H32 O9,20.0,32.0,9.0,,,,
651,1326,415.23402049927745,415.2337099524381,415.2337416645191,2464281.6199736823,112.62555012364766,525727.3583636421,12.619568573093797,-1,-0.07637163788032203,0.9989422373057145,0.0,0.5993653423834286,4.0,0.38095238095238093,1.7142857142857142,O8,de-protonated,,0.0,,C21 H36 O8,21.0,36.0,8.0,,,,
652,1328,417.00778252953023,417.0074707331702,417.0074473813691,1648139.6860998003,115.12130077725425,422318.7875807649,8.443176523781743,-1,0.055998522862294335,0.9994311687839516,0.0,0.5996587012703709,18.0,0.3181818181818182,0.45454545454545453,S1 O7,de-protonated,,0.0,,C22 H10 O7 S1,22.0,10.0,7.0,,,1.0,
653,1329,417.01026710423,417.00995530611993,417.0099493048191,4827363.110701573,92.35029249448631,505314.36665032804,24.830406180257434,-1,0.014391265379870717,0.9999624211373642,0.0,0.5999774526824185,14.0,0.6666666666666666,0.5555555555555556,O12,de-protonated,,0.0,,C18 H10 O12,18.0,10.0,12.0,,,,
654,1330,417.03135059791305,417.03103878495267,417.0310786728791,2174674.2240343755,152.5420176812352,491422.8095479037,11.144468997333016,-1,-0.09564737135414762,0.9983414082592966,0.0,0.5990048449555779,9.0,0.9333333333333333,0.9333333333333333,O14,de-protonated,,0.0,,C15 H14 O14,15.0,14.0,14.0,,,,
655,1331,417.0466225664625,417.0463107427453,417.0463348141691,7420712.582209313,168.7100286341718,507357.4976634072,38.4783523439127,-1,-0.05771882354419254,0.9993956931562836,0.0,0.5996374158937702,13.0,0.5789473684210527,0.7368421052631579,O11,de-protonated,,0.0,,C19 H14 O11,19.0,14.0,11.0,,,,
656,1333,417.0677545058725,417.067442667271,417.0674641822291,4281261.925504226,129.0051827350332,523104.0464245396,21.982389770218408,-1,-0.05158627792519476,0.9995172554630385,0.0,0.5997103532778231,8.0,0.8125,1.125,O13,de-protonated,,0.0,,C16 H18 O13,16.0,18.0,13.0,,,,
657,1334,417.0830457082231,417.08273385885127,417.0827203235191,2930516.7086471356,77.26859225120648,468985.5650643139,15.026103138522357,-1,0.032452392600013584,0.9998089241606625,0.0,0.5998853544963975,12.0,0.5,0.9,O10,de-protonated,,0.0,,C20 H18 O10,20.0,18.0,10.0,,,,
658,1335,417.1042178574434,417.10390599315906,417.1038496915791,3896231.185956964,156.0658004722172,526060.898437761,19.967555713806256,-1,0.13498216328468374,0.9966994303702487,0.0,0.5980196582221492,7.0,0.7058823529411765,1.2941176470588236,O12,de-protonated,,0.0,,C17 H22 O12,17.0,22.0,12.0,,,,
659,1336,417.1769379431935,417.1766260276893,417.17662071027905,2252006.0037456425,57.219780195113316,577052.6291415305,11.631802072095903,-1,0.01274618462232252,0.9999705213333239,0.0,0.5999823127999943,5.0,0.5263157894736842,1.5789473684210527,O10,de-protonated,,0.0,,C19 H30 O10,19.0,30.0,10.0,,,,
660,1337,417.2133000169562,417.21298807584094,417.2130062196291,3166031.897888585,81.56549296740404,504531.7418225807,16.25229603631285,-1,-0.04348806939719195,0.999656900906382,0.0,0.5997941405438292,4.0,0.45,1.7,O9,de-protonated,,0.0,,C20 H34 O9,20.0,34.0,9.0,,,,
661,1338,417.22860973337356,417.22829778147513,417.2282623609191,1583755.2776702587,26.511290892169576,622995.0027034384,8.456276875253863,-1,0.08489491066432558,0.998693127554779,0.0,0.5992158765328673,8.0,0.25,1.4166666666666667,O6,de-protonated,,0.0,,C24 H34 O6,24.0,34.0,6.0,,,,
662,1339,417.24973501019,417.2494230434123,417.2493917289791,1790562.6526646076,121.47371601233307,499104.3724193118,9.174176135926073,-1,0.07504967972654833,0.9989785206091237,0.0,0.5993871123654743,3.0,0.38095238095238093,1.8095238095238095,O8,de-protonated,,0.0,,C21 H38 O8,21.0,38.0,8.0,,,,
663,1341,418.1722167063056,418.1719040898392,418.17186968247904,2110052.1602834235,107.2638206854634,487824.5407859888,10.924383092601389,-1,0.08228042735859085,0.9987723341224582,0.0,0.5992634004734749,5.0,0.5555555555555556,1.6111111111111112,N1 O10,de-protonated,,0.0,,C18 H29 O10 N1,18.0,29.0,10.0,1.0,,,
664,1343,419.02590719854265,419.0255939809137,419.02559936927906,8155925.560661159,122.34934808756726,547546.7720194813,42.18313174022841,-1,-0.012859274885481853,0.49998499796144064,0.8370420509349353,0.6348078191508385,13.0,0.6666666666666666,0.6666666666666666,O12,de-protonated,,0.0,,C18 H12 O12,18.0,12.0,12.0,,,,
665,1344,419.0623116397385,419.0619983964754,419.06198487862906,6747254.052354246,201.68867517890806,509173.5737354297,34.734271893180626,-1,0.03225739113292791,0.9998112133365433,0.0,0.599886728001926,12.0,0.5789473684210527,0.8421052631578947,O11,de-protonated,,0.0,,C19 H16 O11,19.0,16.0,11.0,,,,
666,1345,419.0986301262564,419.09831685741995,419.09837038797906,2646427.901461028,78.29090542680308,512002.7886200965,13.730478377929627,-1,-0.1277279104300095,0.9970441472462318,0.0,0.5982264883477391,11.0,0.5,1.0,O10,de-protonated,,0.0,,C20 H20 O10,20.0,20.0,10.0,,,,
667,1349,420.18785392755024,420.1875398918071,420.1875197469391,1857340.7916471735,155.38395984632388,470277.8826621158,9.734871178932837,-1,0.047942566284218245,0.9995830290269139,0.0,0.5997498174161483,4.0,0.5555555555555556,1.7222222222222223,N1 O10,de-protonated,,0.0,,C18 H31 O10 N1,18.0,31.0,10.0,1.0,,,
668,1353,421.00518565582684,421.00487104469215,421.0048639243891,3032802.821185821,175.28859947547988,518063.6995118793,15.552737267701605,-1,0.016912638458785073,0.9999481002473255,0.0,0.5999688601483952,13.0,0.7647058823529411,0.5882352941176471,O13,de-protonated,,0.0,,C17 H10 O13,17.0,10.0,13.0,,,,
669,1355,421.0415500851599,421.0412354484267,421.0412494337391,10661474.487231964,154.58831234674008,538610.7884545611,54.6494262010984,-1,-0.033216014915015,0.9998918692893347,0.9795315413413566,0.9917477381101435,12.0,0.6666666666666666,0.7777777777777778,O12,de-protonated,,0.0,,C18 H14 O12,18.0,14.0,12.0,,,,
670,1356,421.07793393175973,421.0776192694145,421.0776349430891,6228365.732975415,93.07712427042317,505172.6316743974,32.067040333456866,-1,-0.03722276669983855,0.9997486282095791,0.0,0.5998491769257475,11.0,0.5789473684210527,0.9473684210526315,O11,de-protonated,,0.0,,C19 H18 O11,19.0,18.0,11.0,,,,
671,1357,421.11431413280417,421.1139994448495,421.1140204524391,3595265.313530759,115.18382713301754,515092.64881473564,18.531757192461836,-1,-0.04988575194910226,0.9995485508655562,0.0,0.5997291305193336,10.0,0.5,1.1,O10,de-protonated,,0.0,,C20 H22 O10,20.0,22.0,10.0,,,,
672,1358,421.1507438684828,421.1504291548841,421.1504059617891,2675553.3740410204,48.05861816248379,499098.29595434276,14.016066040021856,-1,0.055070812377519054,0.9994498548300156,0.0,0.5996699128980093,9.0,0.42857142857142855,1.2380952380952381,O9,de-protonated,,0.0,,C21 H26 O9,21.0,26.0,9.0,,,,
673,1363,422.0449156376869,422.044600294694,422.0446042688091,2394880.246836633,163.04318468332667,487954.48897667363,12.250138661579996,-1,-0.009416339051301528,0.9999839115387092,0.9795315413413566,0.9918029634597681,12.0,0.6666666666666666,0.7777777777777778,13C1 O12,de-protonated,,1.0,1355.0,C17 H14 O12 13C1,17.0,14.0,12.0,,,,1.0
674,1365,423.0208189945473,423.02050296472413,423.0205139888491,7569942.669083605,234.47782364851983,513357.4107440552,40.07659522351142,-1,-0.0260604972570205,0.9998767768048815,0.0,0.5999260660829289,12.0,0.7647058823529411,0.7058823529411765,O13,de-protonated,,0.0,,C17 H12 O13,17.0,12.0,13.0,,,,
675,1366,423.0572128038073,423.0568967483725,423.05689949819913,9990843.616532557,74.92833840390576,538966.0958896184,51.21189397481395,-1,-0.0064998978915430895,0.9999884345676646,0.9951190505233606,0.998040680949943,11.0,0.6666666666666666,0.8888888888888888,O12,de-protonated,,0.0,,C18 H16 O12,18.0,16.0,12.0,,,,
676,1368,423.0936062911643,423.09329021011814,423.09328500754907,6296664.228683978,116.97970811353656,525457.3638418061,32.51507235380339,-1,0.012296505888928453,0.999972564598836,0.0,0.5999835387593015,10.0,0.5789473684210527,1.0526315789473684,O11,de-protonated,,0.0,,C19 H20 O11,19.0,20.0,11.0,,,,
677,1369,423.12996130429184,423.12964519766155,423.12967051689907,4008057.085787824,91.75599615217507,531831.4127704109,20.971042636570697,-1,-0.05983801015809313,0.9993505181139452,0.0,0.599610310868367,9.0,0.5,1.2,O10,de-protonated,,0.0,,C20 H24 O10,20.0,24.0,10.0,,,,
678,1371,423.166345020776,423.1660288885416,423.1660560262491,2615642.6316869725,282.8121127889088,390094.1241250467,13.542488334304696,-1,-0.06413016157922925,0.9992540384156559,0.0,0.5995524230493935,8.0,0.42857142857142855,1.3333333333333333,O9,de-protonated,,0.0,,C21 H28 O9,21.0,28.0,9.0,,,,
679,1373,423.2028026756204,423.2024865177298,423.2024415355991,1635263.1722291503,199.98127392488536,466855.09838403546,8.427456102015197,-1,0.10628986576660818,0.9979521766703996,0.0,0.5987713060022397,7.0,0.36363636363636365,1.4545454545454546,O8,de-protonated,,0.0,,C22 H32 O8,22.0,32.0,8.0,,,,
680,1374,423.32719874218526,423.3268824967554,423.3268542049391,4104569.782946643,102.2508974390879,558273.5358422186,21.536977820166307,-1,0.06683208500846723,0.9991898827593446,0.0,0.5995139296556068,8.0,0.06896551724137931,1.5172413793103448,O2,de-protonated,,0.0,,C29 H44 O2,29.0,44.0,2.0,,,,
681,1375,424.06057500970456,424.06025824821967,424.0602543332691,1875851.5701395317,173.74553538254065,500968.37688645074,9.95364704851725,-1,0.009232062053397662,0.9999845350720876,0.9951190505233606,0.9980383412525968,11.0,0.6666666666666666,0.8888888888888888,13C1 O12,de-protonated,,1.0,1366.0,C17 H16 O12 13C1,17.0,16.0,12.0,,,,1.0
682,1383,425.01532371031493,425.01500627708447,425.0150346852491,1741506.4159743912,161.69887951777463,516089.08876076207,9.107364343418258,-1,-0.06684037573180363,0.9991896818333261,0.0,0.5995138090999956,16.0,0.55,0.5,O11,de-protonated,,0.0,,C20 H10 O11,20.0,10.0,11.0,,,,
683,1385,425.0364692359507,425.03615178784366,425.03616405330905,11021659.34927782,110.61029175774081,513856.3518059104,56.69308103074922,-1,-0.028857463020310264,0.4999244547231261,0.8446892076502734,0.6378303558939851,11.0,0.7647058823529411,0.8235294117647058,O13,de-protonated,,0.0,,C17 H14 O13,17.0,14.0,13.0,,,,
684,1387,425.07279956737943,425.0724820937129,425.0725495626591,8327175.543285447,283.88297133111803,556785.857571199,44.11150347692457,-1,-0.1587233668286226,0.4977195880439534,0.8370420509349352,0.6334485732003461,10.0,0.6666666666666666,1.0,O12,de-protonated,,0.0,,C18 H18 O12,18.0,18.0,12.0,,,,
685,1389,425.1092378946132,425.1089203953113,425.10893507200905,6206067.455679803,140.46711038632367,552572.293933286,32.45219066673721,-1,-0.03452455716658545,0.9997837465231215,0.0,0.5998702479138729,9.0,0.5789473684210527,1.1578947368421053,O11,de-protonated,,0.0,,C19 H22 O11,19.0,22.0,11.0,,,,
686,1390,425.14562459202403,425.1453070671232,425.14532058135904,3843263.6125133676,157.07271613663835,503551.0464376493,19.64004692700324,-1,-0.0317873328895057,0.9998166747876441,0.0,0.5998900048725865,8.0,0.5,1.3,O10,de-protonated,,0.0,,C20 H26 O10,20.0,26.0,10.0,,,,
687,1391,425.18205281973974,425.181735269211,425.18170609070904,2054466.202726724,87.90174113496869,553724.7316004726,10.726567785372367,-1,0.06862595813340079,0.9991458284088299,0.0,0.5994874970452979,7.0,0.42857142857142855,1.4285714285714286,O9,de-protonated,,0.0,,C21 H30 O9,21.0,30.0,9.0,,,,
688,1401,427.0157665826717,427.0154477422654,427.0154286084191,2209528.7825148585,129.50118326738834,484313.8452288244,11.489008241049788,-1,0.04480832547574364,0.9996357562149902,0.0,0.5997814537289942,11.0,0.875,0.75,O14,de-protonated,,0.0,,C16 H12 O14,16.0,12.0,14.0,,,,
689,1402,427.03104527314207,427.0307264219898,427.0306847497091,2585330.9422922307,92.08887164082302,482263.01075015526,13.282446357583101,-1,0.09758615057406743,0.9982735458963229,0.0,0.5989641275377937,15.0,0.55,0.6,O11,de-protonated,,0.0,,C20 H12 O11,20.0,12.0,11.0,,,,
690,1404,427.05215322594296,427.0518343599449,427.0518141177691,9523326.037707172,173.0705921469476,498881.00714749185,49.697493344636804,-1,0.047399812277035464,0.9990268395258604,0.9889989469112396,0.995015682480012,10.0,0.7647058823529411,0.9411764705882353,O13,de-protonated,,0.0,,C17 H16 O13,17.0,16.0,13.0,,,,
691,1406,427.0885203426552,427.08820145107927,427.0881996271191,7742210.078687492,198.68940477453074,535935.1219117065,40.694931812995506,-1,0.0042706873933474054,0.9999966906044724,0.0,0.5999980143626834,9.0,0.6666666666666666,1.1111111111111112,O12,de-protonated,,0.0,,C18 H20 O12,18.0,20.0,12.0,,,,
692,1407,427.1248976655148,427.124578748354,427.1245851364691,4242350.668091861,85.95871169624377,506552.00477190624,21.911647872268958,-1,-0.014956093150677115,0.9999594135246382,0.0,0.5999756481147829,8.0,0.5789473684210527,1.263157894736842,O11,de-protonated,,0.0,,C19 H24 O11,19.0,24.0,11.0,,,,
693,1408,427.16129289135347,427.16097394859526,427.1609706458191,2429298.011623243,134.89313417259987,526993.4520127965,12.485944988078167,-1,0.007731924042070846,0.9999891525756373,0.0,0.5999934915453823,7.0,0.5,1.4,O10,de-protonated,,0.0,,C20 H28 O10,20.0,28.0,10.0,,,,
694,1409,427.1976884051589,427.1973694368032,427.1973561551691,2293826.4947421616,78.72454533192303,555305.4554130428,11.73791491902008,-1,0.031090159997498555,0.9998246274334442,0.0,0.5998947764600665,6.0,0.42857142857142855,1.5238095238095237,O9,de-protonated,,0.0,,C21 H32 O9,21.0,32.0,9.0,,,,
695,1410,427.23405669046593,427.23373769653216,427.2337416645191,2013277.2782488584,132.47949899208695,538515.2209981146,10.456700545046683,-1,-0.009287625312100844,0.9999843483617213,0.0,0.5999906090170328,5.0,0.36363636363636365,1.6363636363636365,O8,de-protonated,,0.0,,C22 H36 O8,22.0,36.0,8.0,,,,
696,1412,428.05552795859165,428.05520838694576,428.05516895283904,1606081.9673368041,70.87246390288344,486307.39769977966,8.474617367314833,-1,0.09212388865991289,0.9984612643876186,0.9889989469112396,0.9946763373970671,10.0,0.7647058823529411,0.9411764705882353,13C1 O13,de-protonated,,1.0,1404.0,C16 H16 O13 13C1,16.0,16.0,13.0,,,,1.0
697,1414,429.0102841627767,429.00996391977105,429.0099493048191,3298586.0804568925,167.08896936391068,535611.5481796819,16.881112906974636,-1,0.034066697028282765,0.999789443739537,0.0,0.5998736662437222,15.0,0.631578947368421,0.5263157894736842,O12,de-protonated,,0.0,,C19 H10 O12,19.0,10.0,12.0,,,,
698,1415,429.0313873005859,429.0310670427421,429.0310786728791,4292976.442060699,269.99661599863146,445583.5946997211,22.350509646585,-1,-0.02710791266186032,0.9998666733304941,0.0,0.5999200039982964,10.0,0.875,0.875,O14,de-protonated,,0.0,,C16 H14 O14,16.0,14.0,14.0,,,,
699,1416,429.0466460343066,429.046325765734,429.0463348141691,3859445.6940725464,105.63444402154211,491423.1121378161,19.760570160546752,-1,-0.021089645398546037,0.9999192997539295,0.0,0.5999515798523577,14.0,0.55,0.7,O11,de-protonated,,0.0,,C20 H14 O11,20.0,14.0,11.0,,,,
700,1417,429.067784667895,429.0674643844594,429.0674641822291,7279485.298846857,147.848032554079,520294.7363002513,37.82857491089552,-1,0.00047132517235773966,0.9999999596916437,0.0,0.5999999758149862,9.0,0.7647058823529411,1.0588235294117647,O13,de-protonated,,0.0,,C17 H18 O13,17.0,18.0,13.0,,,,
701,1418,429.1041632680084,429.1038429589944,429.1038496915791,6464584.642300693,91.688601996443,529592.2723800655,33.209390981825784,-1,-0.015689872573858378,0.9999553333931799,0.0,0.5999732000359079,8.0,0.6666666666666666,1.2222222222222223,O12,de-protonated,,0.0,,C18 H22 O12,18.0,22.0,12.0,,,,
702,1419,429.14053045708573,429.14021012250146,429.1402352009291,2861415.7220132067,141.35350136088795,473864.30805434316,14.631782559211526,-1,-0.05843877035392069,0.9993805283793724,0.0,0.5996283170276234,7.0,0.5789473684210527,1.368421052631579,O11,de-protonated,,0.0,,C19 H26 O11,19.0,26.0,11.0,,,,
703,1420,429.1769289142897,429.1766085541133,429.17662071027905,2430528.2973941863,96.19126107359642,533905.3542141969,12.499045339550289,-1,-0.02832438952647083,0.9998544395683026,0.0,0.5999126637409815,6.0,0.5,1.5,O10,de-protonated,,0.0,,C20 H30 O10,20.0,30.0,10.0,,,,
704,1421,429.21332630041115,429.21300591464353,429.2130062196291,3286466.7735532257,109.72256433969756,523655.4890818856,17.12346940920887,-1,-0.0007105692789589413,0.9999999083849839,0.0,0.5999999450309903,5.0,0.42857142857142855,1.619047619047619,O9,de-protonated,,0.0,,C21 H34 O9,21.0,34.0,9.0,,,,
705,1422,429.2497782453898,429.2494578339927,429.2493917289791,1587879.2612306948,80.51368783235225,575407.694288535,8.195579880958663,-1,0.15400141477116475,0.9957059298861003,0.0,0.5974235579316601,4.0,0.36363636363636365,1.7272727272727273,O8,de-protonated,,0.0,,C22 H38 O8,22.0,38.0,8.0,,,,
706,1426,431.0259270184703,431.0256053584238,431.02559936927906,5794598.33086137,105.89371433548838,499699.7959501091,29.70111685759188,-1,0.013895102099741586,0.9999649676149616,0.0,0.5999789805689769,14.0,0.631578947368421,0.631578947368421,O12,de-protonated,,0.0,,C19 H12 O12,19.0,12.0,12.0,,,,
707,1428,431.04699842471587,431.04667674985785,431.0467287373391,3599709.724904336,208.9162742707586,523331.3587256409,18.54747761422838,-1,-0.12060752994197015,0.9973640955363865,0.0,0.5984184573218319,9.0,0.875,1.0,O14,de-protonated,,0.0,,C16 H16 O14,16.0,16.0,14.0,,,,
708,1429,431.0623215441322,431.0619998585033,431.06198487862906,3386055.2969922284,516.1168743029936,503859.90479368926,17.695954768540542,-1,0.034751091005349614,0.9997808996181918,0.0,0.599868539770915,13.0,0.55,0.8,O11,de-protonated,,0.0,,C20 H16 O11,20.0,16.0,11.0,,,,
709,1430,431.08343463478315,431.0831129343136,431.08311424668904,4042853.9999770196,118.7156888848684,531493.3814089617,20.677594763595195,-1,-0.003044367552979801,0.999998318303454,0.0,0.5999989909820723,8.0,0.7647058823529411,1.1764705882352942,O13,de-protonated,,0.0,,C17 H20 O13,17.0,20.0,13.0,,,,
710,1431,431.0987111689379,431.0983894577303,431.09837038797906,1601112.2289045693,181.42711547180187,473303.5540400854,8.248636304420751,-1,0.04423526640473295,0.999645011710677,0.0,0.5997870070264062,12.0,0.47619047619047616,0.9523809523809523,O10,de-protonated,,0.0,,C21 H20 O10,21.0,20.0,10.0,,,,
711,1432,431.11987022200873,431.1195484959282,431.1194997560391,2494545.392547743,191.3903934586363,500854.729938514,12.805593563997911,-1,0.113054243979139,0.9976835439208122,0.0,0.5986101263524872,7.0,0.6666666666666666,1.3333333333333333,O12,de-protonated,,0.0,,C18 H24 O12,18.0,24.0,12.0,,,,
712,1433,431.15616755973383,431.15584580813965,431.1558852653891,1785155.4984758324,33.69912108344525,590604.4827402945,9.15321557357068,-1,-0.0915150431463754,0.9984815207436926,0.0,0.5990889124462155,6.0,0.5789473684210527,1.4736842105263157,O11,de-protonated,,0.0,,C19 H28 O11,19.0,28.0,11.0,,,,
713,1434,431.1925719920289,431.1922502148459,431.1922707747391,2345985.0416909903,121.36002214720646,453681.18770044437,12.272409259082602,-1,-0.0476814975141245,0.999587556916265,0.0,0.5997525341497589,5.0,0.5,1.6,O10,de-protonated,,0.0,,C20 H32 O10,20.0,32.0,10.0,,,,
714,1435,431.2289465932489,431.2286247904982,431.22865628408914,2657386.493028414,99.52597928303204,554112.3473682097,13.61781535526939,-1,-0.07303223122985769,0.9990326740699192,0.0,0.5994196044419515,4.0,0.42857142857142855,1.7142857142857142,O9,de-protonated,,0.0,,C21 H36 O9,21.0,36.0,9.0,,,,
715,1437,433.00526747723876,433.00494442607805,433.0048639243891,2495891.4591944595,106.4466518234085,459599.09041888814,12.826554126353304,-1,0.1859140523877557,0.9937480267044935,0.0,0.5962488160226961,14.0,0.7222222222222222,0.5555555555555556,O13,de-protonated,,0.0,,C18 H10 O13,18.0,10.0,13.0,,,,
716,1438,433.0233595430555,433.02303647918126,433.0231112464791,1634498.8186197246,109.37752604533574,560008.8436597328,8.402565434218168,-1,-0.17266352746223673,0.9946051307482174,0.0,0.5967630784489304,18.0,0.3333333333333333,0.5238095238095238,N2 P1 O7,de-protonated,,0.0,,C21 H11 O7 N2 P1,21.0,11.0,7.0,2.0,1.0,,
717,1439,433.0415669037572,433.0412438270884,433.0412494337391,8609082.77906311,69.73852637600395,508591.26553629094,45.18049215704961,-1,-0.01294715156105084,0.49998479222453623,0.8295321147073624,0.6318037212176668,13.0,0.631578947368421,0.7368421052631579,O12,de-protonated,,0.0,,C19 H14 O12,19.0,14.0,12.0,,,,
718,1440,433.0779477264658,433.0776246242319,433.0776349430891,4436685.327905058,86.65541082671683,510323.50311243214,23.10115978593751,-1,-0.023826806993837428,0.9998969938503661,0.0,0.5999381963102196,12.0,0.55,0.9,O11,de-protonated,,0.0,,C20 H18 O11,20.0,18.0,11.0,,,,
719,1441,433.1143041799906,433.1139810522087,433.1140204524391,1805904.252601827,71.95582068905496,500602.7182320114,9.287494176159917,-1,-0.09096964890836932,0.9984995523644937,0.0,0.5990997314186962,11.0,0.47619047619047616,1.0476190476190477,O10,de-protonated,,0.0,,C21 H22 O10,21.0,22.0,10.0,,,,
720,1444,435.02083608838785,435.0205116210641,435.0205139888491,6479900.530024083,79.09312785171346,518919.60636199114,33.73078497041619,-1,-0.0054429271967760245,0.9999946245142902,0.0,0.5999967747085742,13.0,0.7222222222222222,0.6666666666666666,O13,de-protonated,,0.0,,C18 H12 O13,18.0,12.0,13.0,,,,
721,1445,435.05722335267274,435.0568988597866,435.05689949819913,9657938.676059835,92.79933112153256,509974.51868005027,49.996181358201156,-1,-0.0014674230673924421,0.9999985576130705,0.9864918441946429,0.9945958722456995,12.0,0.631578947368421,0.8421052631578947,O12,de-protonated,,0.0,,C19 H16 O12,19.0,16.0,12.0,,,,
722,1446,435.09357236751936,435.09324784909796,435.09328500754907,4243502.7145701405,235.49636756829182,457079.73935073835,21.776714252106114,-1,-0.08540341206723985,0.998677435312541,0.0,0.5992064611875246,11.0,0.55,1.0,O11,de-protonated,,0.0,,C20 H20 O11,20.0,20.0,11.0,,,,
723,1447,435.1299536938844,435.12962914990516,435.12967051689907,2189819.0749310367,148.19082508546674,487658.27464272146,11.263682195729313,-1,-0.0950681985509417,0.9983614175445341,0.0,0.5990168505267205,10.0,0.47619047619047616,1.1428571428571428,O10,de-protonated,,0.0,,C21 H24 O10,21.0,24.0,10.0,,,,
724,1448,435.14297427933616,435.14264972621,435.14255767646904,1868741.4514010127,248.23996681053,482272.6765876045,9.62024310355178,-1,0.21153927447127913,0.991913252394897,0.0,0.5951479514369382,5.0,0.5555555555555556,1.6111111111111112,P1 O10,de-protonated,,0.0,,C18 H29 O10 P1,18.0,29.0,10.0,,1.0,,
725,1452,436.06057791428975,436.06025271659354,436.0602543332691,1798143.570386207,30.246407124504117,560172.4478783122,9.272428771966979,-1,-0.003707459075084064,0.9999975059450478,0.9864918441946429,0.9945952412448859,12.0,0.631578947368421,0.8421052631578947,13C1 O12,de-protonated,,1.0,1445.0,C18 H16 O12 13C1,18.0,16.0,12.0,,,,1.0
726,1455,437.03647442738065,437.0361485442613,437.03616405330905,10520826.869259888,148.75562380022882,513494.353317155,53.99440862749237,-1,-0.03548687500825347,0.9992433404254071,0.9920157408765087,0.9963523006058477,12.0,0.7222222222222222,0.7777777777777778,O13,de-protonated,,0.0,,C18 H14 O13,18.0,14.0,13.0,,,,
727,1456,437.0728837128463,437.0725578041567,437.0725495626591,7489761.688599522,96.88134546099973,509866.4098730115,38.33162840742495,-1,0.018856131790064363,0.9999354873281497,0.0,0.5999612923968898,11.0,0.631578947368421,0.9473684210526315,O12,de-protonated,,0.0,,C19 H18 O12,19.0,18.0,12.0,,,,
728,1458,437.10925378204644,437.1089278478143,437.1089350720091,4175843.972940956,98.1634781017104,486544.27459666325,21.578898944877093,-1,-0.01652721832846283,0.9999504387108409,0.0,0.5999702632265045,10.0,0.55,1.1,O11,de-protonated,,0.0,,C20 H22 O11,20.0,22.0,11.0,,,,
729,1459,437.1456685086396,437.14534254883364,437.14532058135904,2765076.601174105,165.88278659974577,492385.9868585361,14.508639255373593,-1,0.05025210967766055,0.9995418972156269,0.0,0.5997251383293761,9.0,0.47619047619047616,1.2380952380952381,O10,de-protonated,,0.0,,C21 H26 O10,21.0,26.0,10.0,,,,
730,1462,438.0398823485153,438.03955576075197,438.03951888837906,1929468.1618290953,128.85527468869108,465159.2880999999,9.894695466892708,-1,0.08417590494136117,0.9987151563970934,0.9920157408765087,0.9960353901888596,12.0,0.7222222222222222,0.7777777777777778,13C1 O13,de-protonated,,1.0,1455.0,C17 H14 O13 13C1,17.0,14.0,13.0,,,,1.0
731,1466,439.01574369539236,439.01541642242864,439.0154286084191,2638160.781821596,150.40235754149035,508798.8925409224,13.495982086578667,-1,-0.027757544834199906,0.999860206953113,0.0,0.5999161241718678,12.0,0.8235294117647058,0.7058823529411765,O14,de-protonated,,0.0,,C17 H12 O14,17.0,12.0,14.0,,,,
732,1467,439.030945881211,439.03061859757383,439.0306847497091,1994241.5558815526,138.65812340554666,457917.87931547227,10.260195272964873,-1,-0.1506777033434491,0.9958889044929633,0.0,0.597533342695778,16.0,0.5238095238095238,0.5714285714285714,O11,de-protonated,,0.0,,C21 H12 O11,21.0,12.0,11.0,,,,
733,1468,439.052123970983,439.0517966724768,439.0518141177691,10079179.748545798,253.24551135488755,495017.4612586805,52.10271787491815,-1,-0.03973401702699705,0.9985043417838607,0.9820514995931688,0.991923204907584,11.0,0.7222222222222222,0.8888888888888888,O13,de-protonated,,0.0,,C18 H16 O13,18.0,16.0,13.0,,,,
734,1469,439.08692757021987,439.0866002472783,439.08670002526907,2306185.3252285155,32.981933300473344,509732.4729484687,11.825687273883288,-1,-0.22723983845942208,0.9906741211411494,0.0,0.5944044726846897,0.0,0.7692307692307693,2.230769230769231,S2 P1 O10,de-protonated,,0.0,,C13 H29 O10 P1 S2,13.0,29.0,10.0,,1.0,2.0,
735,1470,439.08851926718813,439.08819194312906,439.0881996271191,6353542.547803916,143.31905091251554,500742.10500779573,33.74912546247715,-1,-0.017499878217619853,0.9999444336570846,0.0,0.5999666601942507,10.0,0.631578947368421,1.0526315789473684,O12,de-protonated,,0.0,,C19 H20 O12,19.0,20.0,12.0,,,,
736,1471,439.1248834905733,439.12455614098326,439.1245851364691,3459040.8501938097,215.4978903258933,528729.8459659492,18.18328784330343,-1,-0.06603020373215716,0.9992091987886874,0.0,0.5995255192732124,9.0,0.55,1.2,O11,de-protonated,,0.0,,C20 H24 O11,20.0,24.0,11.0,,,,
737,1472,439.16127364972806,439.160946274589,439.1609706458191,2741338.1468004906,58.733943210071665,531789.6721539552,14.166720081951244,-1,-0.05549498185435588,0.9994413498520431,0.0,0.5996648099112258,8.0,0.47619047619047616,1.3333333333333333,O10,de-protonated,,0.0,,C21 H28 O10,21.0,28.0,10.0,,,,
738,1475,440.0554431908194,440.0551151879389,440.05516895283904,2226105.456114067,124.06785186144336,478862.35839368217,11.506038697963545,-1,-0.12217763575497773,0.9972951122933348,0.9820514995931688,0.9911976672132684,11.0,0.7222222222222222,0.8888888888888888,13C1 O13,de-protonated,,1.0,1468.0,C17 H16 O13 13C1,17.0,16.0,13.0,,,,1.0
739,1479,441.01026474193515,441.0099360688236,441.0099493048191,1925720.0096268398,230.85768321775362,499836.98816573207,9.85801448277077,-1,-0.030012918082071266,0.9998365688702211,0.0,0.5999019413221326,16.0,0.6,0.5,O12,de-protonated,,0.0,,C20 H10 O12,20.0,10.0,12.0,,,,
740,1481,441.031364409562,441.0310357216407,441.0310786728791,5787651.340277654,75.20181526256847,538655.9189073276,29.659195732881095,-1,-0.097388235183495,0.9982805356527125,0.0,0.5989683213916275,11.0,0.8235294117647058,0.8235294117647058,O14,de-protonated,,0.0,,C17 H14 O14,17.0,14.0,14.0,,,,
741,1482,441.04669244525974,441.04636374657986,441.0463348141691,1895398.7018551684,214.58416905955414,453331.79940425494,9.711290546283019,-1,0.06559948125034704,0.9992194780964305,0.0,0.5995316868578583,15.0,0.5238095238095238,0.6666666666666666,O11,de-protonated,,0.0,,C21 H14 O11,21.0,14.0,11.0,,,,
742,1484,441.0677938780555,441.06746516456474,441.0674641822291,8223593.677716359,133.07864729293925,511696.1303384404,42.23029300552805,-1,0.002227177700963442,0.9986222366356119,0.9874629266069062,0.9941585126241296,10.0,0.7222222222222222,1.0,O13,de-protonated,,0.0,,C18 H18 O13,18.0,18.0,13.0,,,,
743,1485,441.1041336721896,441.1038049331924,441.1038496915791,5549591.292484703,168.52486525068963,508218.31641449354,28.794572535721134,-1,-0.10146904575518793,0.9981335542490601,0.0,0.5988801325494361,9.0,0.631578947368421,1.1578947368421053,O12,de-protonated,,0.0,,C19 H22 O12,19.0,22.0,12.0,,,,
744,1486,441.14053915831823,441.1402103937686,441.14023520092906,3710795.7765849195,133.25009820184812,470080.1530702133,19.002059810310968,-1,-0.056234182416133725,0.9994263724417807,0.0,0.5996558234650684,8.0,0.55,1.3,O11,de-protonated,,0.0,,C20 H26 O11,20.0,26.0,11.0,,,,
745,1487,441.1769455471044,441.1766167570019,441.17662071027905,2904026.1876025368,249.2282832810733,484331.0208842484,15.041823560288902,-1,-0.008960758476955915,0.999985430648941,0.0,0.5999912583893645,7.0,0.47619047619047616,1.4285714285714286,O10,de-protonated,,0.0,,C21 H30 O10,21.0,30.0,10.0,,,,
746,1488,441.213380570517,441.2130517548416,441.2130062196291,2248063.837357872,200.52428341485395,408164.9073560834,11.813241939984774,-1,0.10320460155385415,0.9980692219610706,0.0,0.5988415331766423,6.0,0.4090909090909091,1.5454545454545454,O9,de-protonated,,0.0,,C22 H34 O9,22.0,34.0,9.0,,,,
747,1489,441.2496695593205,441.24934071817495,441.2493917289791,1707154.7216695207,52.12591697146984,592846.3980911361,9.022212058849474,-1,-0.11560538124896758,0.9975779480422584,0.0,0.5985467688253551,5.0,0.34782608695652173,1.6521739130434783,O8,de-protonated,,0.0,,C23 H38 O8,23.0,38.0,8.0,,,,
748,1491,442.07120294119824,442.0708735234774,442.0708190172991,1750383.3166178372,99.03845024145592,432920.784131496,9.113914519154319,-1,0.12329739037127903,0.9972453733144594,0.9874629266069062,0.9933323946314381,10.0,0.7222222222222222,1.0,13C1 O13,de-protonated,,1.0,1484.0,C17 H18 O13 13C1,17.0,18.0,13.0,,,,1.0
749,1495,442.9895390532413,442.9892089910883,442.98921385992907,1580518.396044813,286.6440056834413,394690.4741008832,8.27025188434975,-1,-0.01099087886964878,0.9999780813444545,0.0,0.5999868488066727,16.0,0.6842105263157895,0.42105263157894735,O13,de-protonated,,0.0,,C19 H8 O13,19.0,8.0,13.0,,,,
750,1497,443.0259032311935,443.0255731435241,443.02559936927906,4087371.814507972,178.27578838698486,467013.9511876356,21.34178258323171,-1,-0.05919692896740235,0.999364355758349,0.0,0.5996186134550094,15.0,0.6,0.6,O12,de-protonated,,0.0,,C20 H12 O12,20.0,12.0,12.0,,,,
751,1499,443.0470549108862,443.04672480837485,443.0467287373391,6869265.165617904,114.80217247883893,490975.2898927519,35.368328904431266,-1,-0.008868058361421289,0.9999857305309175,0.0,0.5999914383185505,10.0,0.8235294117647058,0.9411764705882353,O14,de-protonated,,0.0,,C17 H16 O14,17.0,16.0,14.0,,,,
752,1500,443.06234618255274,443.06201606931177,443.06198487862906,3007472.099939933,70.97442329414858,502881.4929621902,15.416493612391552,-1,0.07039801149633203,0.9991011662736285,0.0,0.5994606997641772,14.0,0.5238095238095238,0.7619047619047619,O11,de-protonated,,0.0,,C21 H16 O11,21.0,16.0,11.0,,,,
753,1501,443.08345499977787,443.08312487172526,443.08311424668904,7533942.862579225,245.67537358196014,502428.9450856127,38.564814663628695,-1,0.023979781407668998,0.9998956670201506,0.0,0.5999374002120904,9.0,0.7222222222222222,1.1111111111111112,O13,de-protonated,,0.0,,C18 H20 O13,18.0,20.0,13.0,,,,
754,1502,443.1198186050967,443.1194884515284,443.1194997560391,4445911.356338557,59.027736163158956,527716.3926140264,22.74483022589583,-1,-0.02551120112041904,0.9998819162875331,0.0,0.5999291497725199,8.0,0.631578947368421,1.263157894736842,O12,de-protonated,,0.0,,C19 H24 O12,19.0,24.0,12.0,,,,
755,1503,443.15620798818514,443.1558778090833,443.1558852653891,1745920.8492650231,134.42689179257164,428619.7752304579,8.969155635387386,-1,-0.016825469450242717,0.9999486338453746,0.0,0.5999691803072247,7.0,0.55,1.4,O11,de-protonated,,0.0,,C20 H28 O11,20.0,28.0,11.0,,,,
756,1504,443.19261026561554,443.1922800609712,443.1922707747391,2534378.8479417083,174.98015574529884,474764.53446457605,13.105591612709473,-1,0.02095305520040607,0.9999203416613844,0.0,0.5999522049968307,6.0,0.47619047619047616,1.5238095238095237,O10,de-protonated,,0.0,,C21 H32 O10,21.0,32.0,10.0,,,,
757,1505,443.22903012141427,443.22869989121523,443.22865628408914,3127891.7279366897,136.2902951760206,484980.9713862072,16.562774366202106,-1,0.09838516862482212,0.9982451832775244,0.0,0.5989471099665147,5.0,0.4090909090909091,1.6363636363636365,O9,de-protonated,,0.0,,C22 H36 O9,22.0,36.0,9.0,,,,
758,1506,443.26543724602544,443.2651069902808,443.265041793439,1961048.6288126067,166.14929560506351,469065.8465744172,10.253645097228814,-1,0.14708320220879756,0.9960823297556722,0.0,0.5976493978534033,4.0,0.34782608695652173,1.7391304347826086,O8,de-protonated,,0.0,,C23 H40 O8,23.0,40.0,8.0,,,,
759,1508,444.22417793636987,444.2238470079589,444.22390525628913,2321698.6602826347,113.42492587698018,467464.2532797437,12.138785674066972,-1,-0.13112380835517348,0.9968851318180508,0.0,0.5981310790908305,5.0,0.42857142857142855,1.6666666666666667,N1 O9,de-protonated,,0.0,,C21 H35 O9 N1,21.0,35.0,9.0,1.0,,,
760,1511,445.00513196588554,445.00480048961566,445.0048639243891,3206158.4289838355,126.39314030450561,467669.04409387667,16.372819269856357,-1,-0.14254849458993515,0.9963197382171218,0.0,0.5977918429302731,15.0,0.6842105263157895,0.5263157894736842,O13,de-protonated,,0.0,,C19 H10 O13,19.0,10.0,13.0,,,,
761,1512,445.0262953111862,445.0259638200705,445.0259932924491,1668416.3622484333,65.9796878605326,471016.5230022324,8.707148605944973,-1,-0.06622619580798064,0.9992044991503409,0.0,0.5995226994902045,10.0,0.9375,0.875,O15,de-protonated,,0.0,,C16 H14 O15,16.0,14.0,15.0,,,,
762,1513,445.04156867871575,445.0412371768861,445.0412494337391,5741910.371410931,154.9646682938134,513835.5516708143,29.378848211377715,-1,-0.02754093693297695,0.9998623800599931,0.0,0.5999174280359958,14.0,0.6,0.7,O12,de-protonated,,0.0,,C20 H14 O12,20.0,14.0,12.0,,,,
763,1514,445.0627174323831,445.06238591571804,445.06237880179907,4749834.49982319,123.87450480331572,510223.17036473204,24.455736128154783,-1,0.015984094157145117,0.999953642519957,0.0,0.5999721855119742,9.0,0.8235294117647058,1.0588235294117647,O14,de-protonated,,0.0,,C17 H18 O14,17.0,18.0,14.0,,,,
764,1515,445.0779327867757,445.0776012594374,445.0776349430891,3014835.885258402,160.7320624133311,475269.2419578669,15.915617003479348,-1,-0.07568039603640442,0.9989612884295376,0.0,0.5993767730577225,13.0,0.5238095238095238,0.8571428571428571,O11,de-protonated,,0.0,,C21 H18 O11,21.0,18.0,11.0,,,,
765,1516,445.0990758953961,445.0987443532263,445.09876431114907,3626445.605564842,149.51028886555795,529441.8416192959,18.7885240813154,-1,-0.0448393128577859,0.9996352523441329,0.0,0.5997811514064797,8.0,0.7222222222222222,1.2222222222222223,O13,de-protonated,,0.0,,C18 H22 O13,18.0,22.0,13.0,,,,
766,1517,445.1143094227183,445.1139778698626,445.1140204524391,1726618.917113243,77.8645718500532,370514.22173174686,8.836842085518967,-1,-0.09566667087800071,0.9983407394131799,0.0,0.599004443647908,12.0,0.45454545454545453,1.0,O10,de-protonated,,0.0,,C22 H22 O10,22.0,22.0,10.0,,,,
767,1518,445.13557078999395,445.135239222224,445.13514982049907,2140840.992665356,125.5349333746089,500900.9804439947,10.980714603931508,-1,0.2008417555552803,0.9927075497030204,0.0,0.5956245298218122,7.0,0.631578947368421,1.368421052631579,O12,de-protonated,,0.0,,C19 H26 O12,19.0,26.0,12.0,,,,
768,1519,445.2082770626028,445.20794544383176,445.20792083919906,2511211.4423835543,183.62137965909307,452765.667603431,13.021749363287901,-1,0.05526548730958503,0.9994459595163178,0.0,0.5996675757097907,5.0,0.47619047619047616,1.619047619047619,O10,de-protonated,,0.0,,C21 H34 O10,21.0,34.0,10.0,,,,
769,1520,445.24461208530266,445.24428044104394,445.24430634854906,1908594.2291545896,137.50983411419222,477465.371424491,9.765001987318714,-1,-0.05818716769555451,0.9993858494159371,0.0,0.5996315096495622,4.0,0.4090909090909091,1.7272727272727273,O9,de-protonated,,0.0,,C22 H38 O9,22.0,38.0,9.0,,,,
770,1523,447.0208201466678,447.02048725663076,447.0205139888491,6084351.127358146,146.67848929254504,487122.522692596,31.33342065101811,-1,-0.05980087597713712,0.9993513237113448,0.0,0.5996107942268069,14.0,0.6842105263157895,0.631578947368421,O13,de-protonated,,0.0,,C19 H12 O13,19.0,12.0,13.0,,,,
771,1524,447.0571955938724,447.0568626783261,447.0568994981991,6846207.159886261,153.88796547658387,475325.3812759333,35.02247962556728,-1,-0.08236059657608275,0.9987699420985554,0.0,0.5992619652591332,13.0,0.6,0.8,O12,de-protonated,,0.0,,C20 H16 O12,20.0,16.0,12.0,,,,
772,1525,447.0783442478866,447.07801131750927,447.0780288662591,1835436.1063727173,86.34860778145651,465555.583282699,9.552121275896754,-1,-0.03925209628992864,0.9997204761724928,0.0,0.5998322857034957,8.0,0.8235294117647058,1.1764705882352942,O14,de-protonated,,0.0,,C17 H20 O14,17.0,20.0,14.0,,,,
773,1526,447.0936084201112,447.0932754790296,447.09328500754907,2578502.0622226004,136.95853218097528,484431.1468686327,13.302096884791283,-1,-0.021312150675590585,0.9999175879935268,0.0,0.5999505527961161,12.0,0.5238095238095238,0.9523809523809523,O11,de-protonated,,0.0,,C21 H20 O11,21.0,20.0,11.0,,,,
774,1528,447.12991916593603,447.1295861993908,447.12967051689907,1777194.3378128347,83.7520544204479,545162.1043657066,9.092953956798926,-1,-0.18857506851689695,0.9935683558816389,0.0,0.5961410135289833,11.0,0.45454545454545453,1.0909090909090908,O10,de-protonated,,0.0,,C22 H24 O10,22.0,24.0,10.0,,,,
775,1530,448.18278925856185,448.18245555373,448.1824343665091,1568059.4340465385,120.82316092566572,506493.9548336002,8.013484995496187,-1,0.047273653058751336,0.999594580993603,0.0,0.5997567485961618,5.0,0.5789473684210527,1.631578947368421,N1 O11,de-protonated,,0.0,,C19 H31 O11 N1,19.0,31.0,11.0,1.0,,,
776,1534,449.0364850340939,449.0361507307226,449.03616405330905,10068226.74932619,139.0025624489552,498015.53155795473,53.051183321499686,-1,-0.02966929502024478,0.9999200873221646,0.9663002913769445,0.9864721689440765,13.0,0.6842105263157895,0.7368421052631579,O13,de-protonated,,0.0,,C19 H14 O13,19.0,14.0,13.0,,,,
777,1535,449.07285040953263,449.0725160806667,449.0725495626591,5415576.9963828195,136.90021595382618,465625.6327658747,27.76488491001245,-1,-0.07455809192640164,0.9989918517748424,0.0,0.5993951110649054,12.0,0.6,0.9,O12,de-protonated,,0.0,,C20 H18 O12,20.0,18.0,12.0,,,,
778,1536,449.1092735077569,449.1089391533559,449.1089350720091,2457239.5524899303,200.3700604310029,507724.8121612331,12.58943776470792,-1,0.009087654395005248,0.9999850150886135,0.0,0.599991009053168,11.0,0.5238095238095238,1.0476190476190477,O11,de-protonated,,0.0,,C21 H22 O11,21.0,22.0,11.0,,,,
779,1537,449.14563125115075,449.1452968712607,449.14532058135904,2042843.4579763354,91.96012927511855,411332.61582514795,10.723947715077944,-1,-0.052789369600903045,0.9994944815802409,0.0,0.5996966889481445,10.0,0.45454545454545453,1.1818181818181819,O10,de-protonated,,0.0,,C22 H26 O10,22.0,26.0,10.0,,,,
780,1541,449.1950063667256,449.19467195222074,449.19459325027907,2725872.9544554697,188.40446542108893,491634.7068186339,14.031786461788402,-1,0.1752067875646879,0.9944454774798714,0.0,0.5966672864879229,4.0,0.45,1.75,P1 O9,de-protonated,,0.0,,C20 H35 O9 P1,20.0,35.0,9.0,,1.0,,
781,1543,450.03985353715154,450.0395185303984,450.03951888837906,2582962.9639255796,72.91277343719534,463393.52055958676,13.210394424486438,-1,-0.0007954426753322123,0.9999998851921518,0.9663002913769445,0.9865200476660689,13.0,0.6842105263157895,0.7368421052631579,13C1 O13,de-protonated,,1.0,1534.0,C18 H14 O13 13C1,18.0,14.0,13.0,,,,1.0
782,1548,451.01578802968356,451.01545233887947,451.0154286084191,4710397.65460703,66.05888752384985,489675.1270085187,24.1098868492908,-1,0.052615628821179664,0.9994978028023687,0.0,0.5996986816814212,13.0,0.7777777777777778,0.6666666666666666,O14,de-protonated,,0.0,,C18 H12 O14,18.0,12.0,14.0,,,,
783,1549,451.0521354767618,451.051799760483,451.0518141177691,11556590.28602102,211.77779411666867,489165.2061152924,59.22406893516292,-1,-0.03183068029280308,0.9997565541532308,0.9900959069629792,0.9958922952771303,12.0,0.6842105263157895,0.8421052631578947,O13,de-protonated,,0.0,,C19 H16 O13,19.0,16.0,13.0,,,,
784,1550,451.0885565654409,451.0882208236359,451.0881996271191,5124794.022037547,115.22878762400822,482557.7640623163,27.120347617584116,-1,0.04698973906941907,0.9995994350926297,0.0,0.5997596610555778,11.0,0.6,1.0,O12,de-protonated,,0.0,,C20 H20 O12,20.0,20.0,12.0,,,,
785,1551,451.1249076310569,451.12457186377486,451.1245851364691,3392323.0430128393,97.31642175539731,504143.74823319685,17.795517439728656,-1,-0.02942134979041982,0.9998429474800157,0.0,0.5999057684880094,10.0,0.5238095238095238,1.1428571428571428,O11,de-protonated,,0.0,,C21 H24 O11,21.0,24.0,11.0,,,,
786,1552,451.1612942006204,451.16095840783663,451.1609706458191,2569084.3953796006,114.27803140186288,487144.122820109,13.194674002719893,-1,-0.02712553443746871,0.9998664999450003,0.0,0.5999198999670001,9.0,0.45454545454545453,1.2727272727272727,O10,de-protonated,,0.0,,C22 H28 O10,22.0,28.0,10.0,,,,
787,1554,451.19372426294007,451.1933884474276,451.1933334031691,2736300.9405990695,117.72560067371028,479941.9383481629,14.464098060368382,-1,0.12199705627950501,0.9973030912901548,0.0,0.5983818547740929,4.0,0.6111111111111112,1.7777777777777777,N2 O11,de-protonated,,0.0,,C18 H32 O11 N2,18.0,32.0,11.0,2.0,,,
788,1556,452.0554868959302,452.0551504764889,452.05516895283904,2210495.5025158934,296.75027445623977,411092.3631192351,11.484423118034545,-1,-0.04087189220286445,0.999696933803589,0.9900959069629792,0.9958565230673451,12.0,0.6842105263157895,0.8421052631578947,13C1 O13,de-protonated,,1.0,1549.0,C18 H16 O13 13C1,18.0,16.0,13.0,,,,1.0
789,1560,453.0102312727096,453.0098941842661,453.0099493048191,1772886.3936138072,193.31830702285555,404183.67653670197,9.079853605326806,-1,-0.12167625252059348,0.9973172372194288,0.0,0.5983903423316572,17.0,0.5714285714285714,0.47619047619047616,O12,de-protonated,,0.0,,C21 H10 O12,21.0,10.0,12.0,,,,
790,1561,453.0314179338391,453.03108083055093,453.0310786728791,7520127.812932394,221.60357428566718,500791.40627369686,38.56219459333427,-1,0.004762745685704352,0.9999958840724734,0.0,0.599997530443484,12.0,0.7777777777777778,0.7777777777777778,O14,de-protonated,,0.0,,C18 H14 O14,18.0,14.0,14.0,,,,
791,1563,453.0678067152578,453.0674695864734,453.0674641822291,7893600.121046911,148.40236880037574,510851.48219843634,40.42768464296425,-1,0.011928122671398386,0.9997951656385748,0.9886220681297078,0.9953259266350281,11.0,0.6842105263157895,0.9473684210526315,O13,de-protonated,,0.0,,C19 H18 O13,19.0,18.0,13.0,,,,
792,1564,453.1041484333502,453.10381127910273,453.1038496915791,5872763.937153983,163.39055363826188,501792.28986109444,30.76224532683365,-1,-0.08477631874375176,0.9986967738345789,0.0,0.5992180643007473,10.0,0.6,1.1,O12,de-protonated,,0.0,,C20 H22 O12,20.0,22.0,12.0,,,,
793,1565,453.14056235489267,453.1402251751317,453.14023520092906,3514888.015381796,106.61874590874484,498936.98950193124,18.5278270870202,-1,-0.022125153668544305,0.9999111807437534,0.0,0.599946708446252,9.0,0.5238095238095238,1.2380952380952381,O11,de-protonated,,0.0,,C21 H26 O11,21.0,26.0,11.0,,,,
794,1566,454.0711777357874,454.07083990403413,454.0708190172991,1754459.2382228645,120.22013964350202,468378.55217860197,9.068718306575503,-1,0.045998849041124903,0.9996161474830377,0.9886220681297078,0.9952185157417057,11.0,0.6842105263157895,0.9473684210526315,13C1 O13,de-protonated,,1.0,1563.0,C18 H18 O13 13C1,18.0,18.0,13.0,,,,1.0
795,1568,455.01077235865483,455.0104338687085,455.01034322798904,1972679.0657067746,118.47757201954309,393463.6322671679,10.268055483848146,-1,0.19920584402625702,0.9928254384688061,0.0,0.5956952630812836,12.0,0.8823529411764706,0.7058823529411765,O15,de-protonated,,0.0,,C17 H12 O15,17.0,12.0,15.0,,,,
796,1569,455.0258978129755,455.0255593124343,455.0255993692791,2791657.4353104522,233.09580946348436,434716.5173008285,14.445757568307414,-1,-0.08803206863816689,0.9985948252594914,0.0,0.5991568951556948,16.0,0.5714285714285714,0.5714285714285714,O12,de-protonated,,0.0,,C21 H12 O12,21.0,12.0,12.0,,,,
797,1570,455.04706343498736,455.04672491962066,455.0467287373391,7367115.75382483,188.4042055837335,478515.45154350664,38.89756359102056,-1,-0.008389728340839666,0.9999872283545962,0.0,0.5999923370127577,11.0,0.7777777777777778,0.8888888888888888,O14,de-protonated,,0.0,,C18 H16 O14,18.0,16.0,14.0,,,,
798,1571,455.06228754507697,455.0619490190465,455.06198487862906,1985465.205715893,118.00878744260254,480777.732454943,10.22613435913736,-1,-0.07880153420620024,0.9988738959278033,0.0,0.5993243375566819,15.0,0.5,0.7272727272727273,O11,de-protonated,,0.0,,C22 H16 O11,22.0,16.0,11.0,,,,
799,1572,455.0834531134007,455.08311457254473,455.08311424668904,7128938.925248182,88.25688500610849,499643.72278320964,36.50281934191691,-1,0.0007160355641119391,0.9999999069700056,0.0,0.5999999441820033,10.0,0.6842105263157895,1.0526315789473684,O13,de-protonated,,0.0,,C19 H20 O13,19.0,20.0,13.0,,,,
800,1573,455.1198238098191,455.1194852434872,455.1194997560391,4773574.332466825,157.74237302634197,481914.1158945526,24.72036322789162,-1,-0.03188734367028759,0.9998155195069436,0.0,0.5998893117041662,9.0,0.6,1.2,O12,de-protonated,,0.0,,C20 H24 O12,20.0,24.0,12.0,,,,
801,1574,455.1562275447352,455.1558889529045,455.1558852653891,2110192.8157630516,125.37702635425488,497184.8078316713,10.870671651565695,-1,0.008101653788815244,0.9999880903608547,0.0,0.5999928542165128,8.0,0.5238095238095238,1.3333333333333333,O11,de-protonated,,0.0,,C21 H28 O11,21.0,28.0,11.0,,,,
802,1575,455.1926304860431,455.19229186871416,455.1922707747391,1762075.7218312868,220.16778593072794,478323.7489278712,9.091643921651714,-1,0.046340802410274856,0.9996104203012935,0.0,0.5997662521807761,7.0,0.45454545454545453,1.4545454545454546,O10,de-protonated,,0.0,,C22 H32 O10,22.0,32.0,10.0,,,,
803,1576,455.22902932238463,455.2286906795606,455.22865628408914,1968075.7591129583,152.27236120009908,449716.03988910787,10.244474851198328,-1,0.07555647252132269,0.9989646855787732,0.0,0.5993788113472639,6.0,0.391304347826087,1.565217391304348,O9,de-protonated,,0.0,,C23 H36 O9,23.0,36.0,9.0,,,,
804,1577,457.00522930053745,457.00488941375903,457.0048639243891,2571442.6183926784,171.62201408516046,445503.2550118294,13.157993018597956,-1,0.05577483292670559,0.9994357028979729,0.0,0.5996614217387837,16.0,0.65,0.5,O13,de-protonated,,0.0,,C20 H10 O13,20.0,10.0,13.0,,,,
805,1578,457.02627494321456,457.02593504169886,457.0259932924491,2859628.9516387475,88.92125721154176,498600.10510077263,14.724795054663582,-1,-0.12745609892960538,0.9970566957583437,0.0,0.5982340174550062,11.0,0.8823529411764706,0.8235294117647058,O15,de-protonated,,0.0,,C17 H14 O15,17.0,14.0,15.0,,,,
806,1579,457.0415606510895,457.04122073887,457.0412494337391,4354786.8937982535,163.65349579534345,473575.4934881065,22.43566193115378,-1,-0.06278398098869561,0.9992850161618062,0.0,0.5995710096970837,15.0,0.5714285714285714,0.6666666666666666,O12,de-protonated,,0.0,,C21 H14 O12,21.0,14.0,12.0,,,,
807,1580,457.06271648055554,457.06237655352163,457.06237880179907,7847855.023859689,118.59262739010934,473921.8895767089,40.23117937088244,-1,-0.004918972866832238,0.9999956096238661,0.0,0.5999973657743196,10.0,0.7777777777777778,1.0,O14,de-protonated,,0.0,,C18 H18 O14,18.0,18.0,14.0,,,,
808,1581,457.07797629587856,457.07763635815894,457.0776349430891,1656227.4262625205,102.0373591295955,486927.2261592782,8.481167543050892,-1,0.0030959069926166692,0.9999982608811561,0.0,0.5999989565286936,14.0,0.5,0.8181818181818182,O11,de-protonated,,0.0,,C22 H18 O11,22.0,18.0,11.0,,,,
809,1582,457.0990618125286,457.09872186004395,457.09876431114907,5575231.872733851,135.21491018293074,494748.4591219097,28.56924649040066,-1,-0.09287075011118022,0.9984362333535054,0.0,0.5990617400121032,9.0,0.6842105263157895,1.1578947368421053,O13,de-protonated,,0.0,,C19 H22 O13,19.0,22.0,13.0,,,,
810,1583,457.1354589772842,457.1351189993127,457.13514982049907,3474058.054466536,75.77200829619196,507209.1590735534,17.80468768575914,-1,-0.06742248194524679,0.999175512258758,0.0,0.5995053073552548,8.0,0.6,1.3,O12,de-protonated,,0.0,,C20 H26 O12,20.0,26.0,12.0,,,,
811,1584,457.17191482125537,457.17157481775604,457.17153532984906,1676837.2397106595,50.0571391595187,489877.1756257292,8.779200539041637,-1,0.08637437793674034,0.99864721190209,0.0,0.599188327141254,7.0,0.5238095238095238,1.4285714285714286,O11,de-protonated,,0.0,,C21 H30 O11,21.0,30.0,11.0,,,,
812,1585,457.2082138203821,457.207873791465,457.20792083919906,2553206.8142238557,86.50025938098278,527839.0229764296,13.058430347409839,-1,-0.10290227255714612,0.9980805066404954,0.0,0.5988483039842972,6.0,0.45454545454545453,1.5454545454545454,O10,de-protonated,,0.0,,C22 H34 O10,22.0,34.0,10.0,,,,
813,1586,457.2446347900179,457.2442947355976,457.24430634854906,2387888.1021496495,115.99960966553229,488701.7966034523,12.243588485843937,-1,-0.025397695107368227,0.999882964659308,0.0,0.5999297787955848,5.0,0.391304347826087,1.6521739130434783,O9,de-protonated,,0.0,,C23 H38 O9,23.0,38.0,9.0,,,,
814,1588,458.2035814127937,458.203240686937,458.20316981139905,1800256.234829409,246.5441030142732,383554.65123668633,9.287494176159917,-1,0.15468146586827,0.9956680044362545,0.0,0.5974008026617527,6.0,0.47619047619047616,1.5714285714285714,N1 O10,de-protonated,,0.0,,C21 H33 O10 N1,21.0,33.0,10.0,1.0,,,
815,1591,459.0208555389908,459.0205142409686,459.0205139888491,5306871.370475952,145.9333842327569,458582.1034393419,27.198949726416842,-1,0.0005492555140045609,0.9999999452602679,0.0,0.5999999671561608,15.0,0.65,0.6,O13,de-protonated,,0.0,,C20 H12 O13,20.0,12.0,13.0,,,,
816,1592,459.0419808571645,459.0416395443536,459.0416433569091,4015162.419857303,117.00979718023903,447990.6187482133,20.79025778625543,-1,-0.00830546765083983,0.9999874836040784,0.0,0.599992490162447,10.0,0.8823529411764706,0.9411764705882353,O15,de-protonated,,0.0,,C17 H16 O15,17.0,16.0,15.0,,,,
817,1593,459.05722788918644,459.0568865657019,459.0568994981991,4433399.491725839,148.23265529916236,474615.38852021954,23.331725971846833,-1,-0.028171882768481225,0.9998560027153308,0.0,0.5999136016291985,14.0,0.5714285714285714,0.7619047619047619,O12,de-protonated,,0.0,,C21 H16 O12,21.0,16.0,12.0,,,,
818,1594,459.07832848202986,459.077987143774,459.0780288662591,4642112.243971106,283.7484940880474,472545.0885370581,23.86884038220378,-1,-0.09088321041310822,0.998502400296747,0.0,0.5991014401780481,9.0,0.7777777777777778,1.1111111111111112,O14,de-protonated,,0.0,,C18 H20 O14,18.0,20.0,14.0,,,,
819,1595,459.09359049742096,459.0932491484811,459.09328500754907,2252219.526195123,98.39213936776721,480792.68043876154,11.5663003147353,-1,-0.07810845667954841,0.9988936065889036,0.0,0.5993361639533421,13.0,0.5,0.9090909090909091,O11,de-protonated,,0.0,,C22 H20 O11,22.0,20.0,11.0,,,,
820,1596,459.11481279350943,459.1144714297131,459.1144143756091,3141633.1143081863,100.4451950622769,466186.4071949766,16.093781783500187,-1,0.12426990354504058,0.9972018085736356,0.0,0.5983210851441814,8.0,0.6842105263157895,1.263157894736842,O13,de-protonated,,0.0,,C19 H24 O13,19.0,24.0,13.0,,,,
821,1597,459.16644867500634,459.16610727506304,459.1660560262491,2233148.3844180917,312.5330473746644,410962.3110258082,11.451017221780639,-1,0.1116128103228237,0.9977421703504517,0.0,0.598645302210271,11.0,0.375,1.1666666666666667,O9,de-protonated,,0.0,,C24 H28 O9,24.0,28.0,9.0,,,,
822,1598,459.18751229212074,459.1871708774322,459.1871853943091,1675027.507189773,63.30579638577973,470487.3880423423,8.57745512637098,-1,-0.031614290097559734,0.9998186651333906,0.0,0.5998911990800343,6.0,0.5238095238095238,1.5238095238095237,O11,de-protonated,,0.0,,C21 H32 O11,21.0,32.0,11.0,,,,
823,1599,459.22391016006486,459.2235687198968,459.2235709036591,2987675.3051920827,99.10522024800727,490618.84993267944,15.650989903742511,-1,-0.004755335870764527,0.9999958968694928,0.0,0.5999975381216957,5.0,0.45454545454545453,1.6363636363636365,O10,de-protonated,,0.0,,C22 H36 O10,22.0,36.0,10.0,,,,
824,1600,459.26025653132183,459.2599150657104,459.2599564130091,1963650.4070102097,148.67747158008316,553685.1562366274,10.057139825147004,-1,-0.09003027177372581,0.9985303577587517,0.0,0.599118214655251,4.0,0.391304347826087,1.7391304347826086,O9,de-protonated,,0.0,,C23 H40 O9,23.0,40.0,9.0,,,,
825,1603,461.03650009568213,461.0361573868199,461.03616405330905,7962433.603027849,215.5743772507449,486495.89342610707,40.878336733605195,-1,-0.014459796535759418,0.9999258320053901,0.9883431540351337,0.9952927608172875,14.0,0.65,0.7,O13,de-protonated,,0.0,,C20 H14 O13,20.0,14.0,13.0,,,,
826,1604,461.05772169770427,461.0573789739903,461.0572934213691,1696214.9279553245,165.72579766525618,378084.63107546355,8.728109168300366,-1,0.1855574620239516,0.993771911990505,0.0,0.596263147194303,9.0,0.8823529411764706,1.0588235294117647,O15,de-protonated,,0.0,,C17 H18 O15,17.0,18.0,15.0,,,,
827,1605,461.0728996969727,461.07255696263655,461.0725495626591,4396232.717158783,172.86777991636498,469490.9032616078,23.03827809887133,-1,0.016049486042065738,0.9999532624505193,0.0,0.5999719574703115,13.0,0.5714285714285714,0.8571428571428571,O12,de-protonated,,0.0,,C21 H18 O12,21.0,18.0,12.0,,,,
828,1606,461.09410465239165,461.0937619032156,461.0936789307191,1993830.082514938,105.52795034173626,496250.2963139913,10.520892267260074,-1,0.17994715670912542,0.9941417407746228,0.0,0.5964850444647737,8.0,0.7777777777777778,1.2222222222222223,O14,de-protonated,,0.0,,C18 H22 O14,18.0,22.0,14.0,,,,
829,1607,461.10927032536506,461.1089275655755,461.1089350720091,1848678.2658086976,184.29020715273882,531157.659981428,9.484654465815332,-1,-0.016279089397567545,0.9999519156662472,0.0,0.5999711493997483,12.0,0.5,1.0,O11,de-protonated,,0.0,,C22 H22 O11,22.0,22.0,11.0,,,,
830,1610,462.03985090224506,462.0395074912479,462.03951888837906,1861680.5043231514,118.43906740265555,424262.0896834071,9.570461767957722,-1,-0.024667005112977546,0.9998896016195995,0.9883431540351337,0.9952710225858132,14.0,0.65,0.7,13C1 O13,de-protonated,,1.0,1603.0,C19 H14 O13 13C1,19.0,14.0,13.0,,,,1.0
831,1614,463.01576327431815,463.0154191804862,463.0154286084191,5453277.836812728,160.67491899001251,485478.63254413323,28.433002835090605,-1,-0.020362027448495492,0.9999247719976783,0.0,0.5999548631986069,14.0,0.7368421052631579,0.631578947368421,O14,de-protonated,,0.0,,C19 H12 O14,19.0,12.0,14.0,,,,
832,1615,463.05215949310735,463.0518153738113,463.0518141177691,8832134.298868295,70.83680243709274,483974.8062445245,45.652104810045955,-1,0.0027125305596019545,0.9999878345854312,0.9927888713308152,0.9971082492835848,13.0,0.65,0.8,O13,de-protonated,,0.0,,C20 H16 O13,20.0,16.0,13.0,,,,
833,1616,463.08854469421914,463.08820054946676,463.0881996271191,3762068.294446003,172.2359963768654,495011.80066142726,19.427821233154887,-1,0.0019917322048824872,0.9999992801938329,0.0,0.5999995681162997,12.0,0.5714285714285714,0.9523809523809523,O12,de-protonated,,0.0,,C21 H20 O12,21.0,20.0,12.0,,,,
834,1617,463.1248432817468,463.1244991115989,463.1245851364691,2506436.1486668177,282.50003377059215,460089.894379058,13.072840734029171,-1,-0.18574887397601442,0.9937590963841821,0.0,0.5962554578305093,11.0,0.5,1.0909090909090908,O11,de-protonated,,0.0,,C22 H24 O11,22.0,24.0,11.0,,,,
835,1621,464.0555085498697,464.0551637286473,464.05516895283904,2005576.8701597909,192.7805585030834,486103.5319104304,10.633555289920311,-1,-0.011257695395464496,0.9999770042371137,0.9927888713308152,0.9971017510745943,13.0,0.65,0.8,13C1 O13,de-protonated,,1.0,1615.0,C19 H16 O13 13C1,19.0,16.0,13.0,,,,1.0
836,1624,465.03141493055176,465.0310694267004,465.0310786728791,8371136.679596629,184.7079599227469,491024.61286711454,43.50888730920702,-1,-0.019882926389827176,0.49996413516265237,0.8295321147073625,0.6317913269805364,13.0,0.7368421052631579,0.7368421052631579,O14,de-protonated,,0.0,,C19 H14 O14,19.0,14.0,14.0,,,,
837,1625,465.067811560534,465.0674660312257,465.0674641822291,6921838.669803737,176.13260245324813,468328.679126196,36.5132996230946,-1,0.003975759931661499,0.9999971319051447,0.0,0.5999982791430868,12.0,0.65,0.9,O13,de-protonated,,0.0,,C20 H18 O13,20.0,18.0,13.0,,,,
838,1626,465.10423954419457,465.1038939894076,465.1038496915791,4187417.916196862,209.72027456019825,482910.63222387095,21.81208520108084,-1,0.09524287642490241,0.9983553955235122,0.0,0.5990132373141073,11.0,0.5714285714285714,1.0476190476190477,O12,de-protonated,,0.0,,C21 H22 O12,21.0,22.0,12.0,,,,
839,1627,465.14054127121636,465.14019569103914,465.14023520092906,2568687.615710423,130.532923916995,511594.6151401049,13.410829802009884,-1,-0.08494188832991867,0.998691681752839,0.0,0.5992150090517033,10.0,0.5,1.1818181818181819,O11,de-protonated,,0.0,,C22 H26 O11,22.0,26.0,11.0,,,,
840,1630,466.17226112435907,466.1719148226302,466.1718696824791,5495106.981018518,100.14348601053253,466922.3187322687,29.088020408696636,-1,0.09683156368486785,0.9983001197328571,0.0,0.5989800718397142,9.0,0.45454545454545453,1.3181818181818181,N1 O10,de-protonated,,0.0,,C22 H29 O10 N1,22.0,29.0,10.0,1.0,,,
841,1631,467.02588233937786,467.0255354407362,467.0255993692791,1988435.0520458708,61.01374818443791,450536.55325677455,10.279190782599448,-1,-0.13688445136463528,0.9966059049157653,0.0,0.5979635429494592,17.0,0.5454545454545454,0.5454545454545454,O12,de-protonated,,0.0,,C22 H12 O12,22.0,12.0,12.0,,,,
842,1633,467.0470804050136,467.0467334915497,467.0467287373391,8855445.849114068,119.52669380241707,490561.4319557847,45.35865693707045,-1,0.010179303882177696,0.49999059939274126,0.8295321147073625,0.6318072055185897,12.0,0.7368421052631579,0.8421052631578947,O14,de-protonated,,0.0,,C19 H16 O14,19.0,16.0,14.0,,,,
843,1634,467.0834689887265,467.0831220498189,467.08311424668904,7861627.140477129,84.29058810792093,471911.0765733636,40.97527933449889,-1,0.016706084226029767,0.4999746800893189,0.8221557383861046,0.6288471034080332,11.0,0.65,1.0,O13,de-protonated,,0.0,,C20 H20 O13,20.0,20.0,13.0,,,,
844,1635,467.1198283608852,467.11948139655436,467.1194997560391,3875723.5926773082,126.25364281251697,488762.3905904359,20.221702532365395,-1,-0.03930361446430557,0.9997197420466992,0.0,0.5998318452280195,10.0,0.5714285714285714,1.1428571428571428,O12,de-protonated,,0.0,,C21 H24 O12,21.0,24.0,12.0,,,,
845,1636,467.156219643802,467.1558726540258,467.1558852653891,3296521.0587568954,249.79577055838186,466778.08470044826,16.85753227432482,-1,-0.026996049225427907,0.9998677713584185,0.0,0.5999206628150511,9.0,0.5,1.2727272727272727,O11,de-protonated,,0.0,,C22 H28 O11,22.0,28.0,11.0,,,,
846,1639,467.20559792284087,467.2052508985388,467.20515793430906,2148701.070086003,118.96307169356555,482758.57104734157,11.002985201434113,-1,0.19897945936108846,0.9928416775894455,0.0,0.5957050065536673,3.0,0.5,1.85,P1 O10,de-protonated,,0.0,,C20 H37 O10 P1,20.0,37.0,10.0,,1.0,,
847,1642,469.00518911695605,469.00484083452966,469.0048639243891,1792014.3555933188,120.26120707893249,475229.5402572194,9.28683915858631,-1,-0.04923159910613137,0.9995603103747734,0.0,0.599736186224864,17.0,0.6190476190476191,0.47619047619047616,O13,de-protonated,,0.0,,C21 H10 O13,21.0,10.0,13.0,,,,
848,1643,469.02633364093407,469.0259853437271,469.0259932924491,4357459.441653914,128.56610389476765,482557.4650225442,22.30203834613815,-1,-0.01694729524604138,0.9999478873326262,0.0,0.5999687323995757,12.0,0.8333333333333334,0.7777777777777778,O15,de-protonated,,0.0,,C18 H14 O15,18.0,14.0,15.0,,,,
849,1644,469.0416992604684,469.04135095252053,469.0412494337391,2489357.4306895286,92.11014248070995,438377.53576416615,12.749262052667792,-1,0.21643891993970094,0.991535913824116,0.0,0.5949215482944695,16.0,0.5454545454545454,0.6363636363636364,O12,de-protonated,,0.0,,C22 H14 O12,22.0,14.0,12.0,,,,
850,1646,469.0627206862815,469.06237236363927,469.06237880179907,8388111.114236091,185.72642219107246,467452.53974428494,43.016314093855286,-1,-0.013725594061247778,0.9998054179280632,0.9871427807828241,0.9947403630699676,11.0,0.7368421052631579,0.9473684210526315,O14,de-protonated,,0.0,,C19 H18 O14,19.0,18.0,14.0,,,,
851,1647,469.09910316055937,469.0987548124852,469.09876431114907,5841846.324596018,146.8640614013163,454695.54994537315,30.206790424415736,-1,-0.02024875057047497,0.9999256066467564,0.0,0.5999553639880538,10.0,0.65,1.1,O13,de-protonated,,0.0,,C20 H22 O13,20.0,22.0,13.0,,,,
852,1648,469.1354977683473,469.1351493948328,469.13514982049907,3686156.908531161,180.78707340924421,457941.7938722965,19.256206628870107,-1,-0.00090734249599533,0.9999998506186777,0.0,0.5999999103712066,9.0,0.5714285714285714,1.2380952380952381,O12,de-protonated,,0.0,,C21 H26 O12,21.0,26.0,12.0,,,,
853,1649,469.17181492343474,469.1714665245342,469.17153532984906,1760909.4530474672,173.6237972195039,474541.65813364845,9.058893042971413,-1,-0.14665279047563243,0.9961051802349199,0.0,0.5976631081409519,8.0,0.5,1.3636363636363635,O11,de-protonated,,0.0,,C22 H30 O11,22.0,30.0,11.0,,,,
854,1650,469.2081707151398,469.20782229082636,469.20792083919906,2620941.8913768684,101.44989649248872,457625.39980168844,13.442270645542973,-1,-0.21003134927623554,0.992027672595891,0.0,0.5952166035575346,7.0,0.43478260869565216,1.4782608695652173,O10,de-protonated,,0.0,,C23 H34 O10,23.0,34.0,10.0,,,,
855,1651,469.24465667604176,469.2443082262246,469.24430634854906,1992823.2771407163,366.2517227908234,455593.45453488454,10.477661107402076,-1,0.004001488116344156,0.9999970946647037,0.0,0.5999982567988221,6.0,0.375,1.5833333333333333,O9,de-protonated,,0.0,,C24 H38 O9,24.0,38.0,9.0,,,,
856,1652,469.28110325920784,469.2807547839146,469.28069185789906,1570513.858921119,150.61414081229464,359422.5035755895,8.069161489252698,-1,0.13409035702570532,0.9967428281344454,0.0,0.5980456968806672,5.0,0.32,1.68,O8,de-protonated,,0.0,,C25 H42 O8,25.0,42.0,8.0,,,,
857,1653,470.06610345412,470.06575443014617,470.06573363686914,1569411.8225245278,50.55986224906819,455286.9642984644,8.022000223953064,-1,0.04423482832918997,0.999645018740512,0.9871427807828241,0.9946441235574369,11.0,0.7368421052631579,0.9473684210526315,13C1 O14,de-protonated,,1.0,1646.0,C18 H18 O14 13C1,18.0,18.0,14.0,,,,1.0
858,1654,471.0208986986494,471.0205490074008,471.02051398884913,3193658.2251356975,130.7998028886841,480607.2155019535,16.43963106236417,-1,0.07434612852488723,0.9989975729455369,0.0,0.5993985437673222,16.0,0.6190476190476191,0.5714285714285714,O13,de-protonated,,0.0,,C21 H12 O13,21.0,12.0,13.0,,,,
859,1655,471.0419985497647,471.0416488437712,471.0416433569091,5311079.82482153,186.00552424068985,477294.61622464866,27.977110603860808,-1,0.011648358876872473,0.999975380571512,0.0,0.5999852283429072,11.0,0.8333333333333334,0.8888888888888888,O15,de-protonated,,0.0,,C18 H16 O15,18.0,16.0,15.0,,,,
860,1656,471.0572851188807,471.0569354022048,471.0568994981991,2691259.2411382995,199.14832972312917,465334.5737441204,13.958424493544525,-1,0.07622010363809915,0.9989464284916383,0.0,0.599367857094983,15.0,0.5454545454545454,0.7272727272727273,O12,de-protonated,,0.0,,C22 H16 O12,22.0,16.0,12.0,,,,
861,1657,471.07838156989476,471.07803183847636,471.0780288662591,6109776.564426322,138.2316981732986,483340.7117543357,32.11944173934535,-1,0.006309394787568329,0.999992776832847,0.0,0.5999956660997082,10.0,0.7368421052631579,1.0526315789473684,O14,de-protonated,,0.0,,C19 H20 O14,19.0,20.0,14.0,,,,
862,1658,471.11478365910233,471.11443390224576,471.1144143756091,4269788.851492043,208.60001465573762,460318.7929093513,22.21164592098052,-1,0.04144775890382843,0.9996883348459769,0.0,0.599813000907586,9.0,0.65,1.2,O13,de-protonated,,0.0,,C20 H24 O13,20.0,24.0,13.0,,,,
863,1659,471.15107687529945,471.15072709308095,471.1507998849591,2687034.5313798496,134.86440198623922,403111.025912697,13.841831365442653,-1,-0.15449804642449924,0.9956782497837693,0.0,0.5974069498702615,8.0,0.5714285714285714,1.3333333333333333,O12,de-protonated,,0.0,,C21 H28 O12,21.0,28.0,12.0,,,,
864,1660,471.2239838405796,471.22363400741364,471.2235709036591,3192561.4350872263,221.12917649396502,411685.15869044134,16.324347969409512,-1,0.13391468177357507,0.9967513432853257,0.0,0.5980508059711954,6.0,0.43478260869565216,1.565217391304348,O10,de-protonated,,0.0,,C23 H36 O10,23.0,36.0,10.0,,,,
865,1661,471.26036193474533,471.26001207615855,471.2599564130091,2589156.050631691,101.28103331300291,477882.53581270046,13.49074194598982,-1,0.11811559351858841,0.9974717575364349,0.0,0.5984830545218609,5.0,0.375,1.6666666666666667,O9,de-protonated,,0.0,,C24 H40 O9,24.0,40.0,9.0,,,,
866,1662,471.2966837312351,471.29633384726696,471.2963419223591,2010523.198892815,273.1113262872007,434066.3259195396,10.301461380102053,-1,-0.017133789099018748,0.9999467341213755,0.0,0.5999680404728253,4.0,0.32,1.76,O8,de-protonated,,0.0,,C25 H44 O8,25.0,44.0,8.0,,,,
867,1664,472.2191710610238,472.2188205324748,472.2188198758591,3847622.300977521,112.26022602163341,480861.4141362917,19.70292861406942,-1,0.0013904903779988725,0.999999649175651,0.0,0.5999997895053906,6.0,0.45454545454545453,1.5909090909090908,N1 O10,de-protonated,,0.0,,C22 H35 O10 N1,22.0,35.0,10.0,1.0,,,
868,1665,473.0001834777049,472.9998324034977,472.99977854395905,2505686.5708913766,51.650510587432784,453364.2964870625,13.066290558293112,-1,0.11386799969460058,0.9976501159139812,0.0,0.5985900695483887,16.0,0.7,0.5,O14,de-protonated,,0.0,,C20 H10 O14,20.0,10.0,14.0,,,,
869,1666,473.0365365081554,473.03618540855143,473.03616405330905,5826556.242067101,234.99652380823898,466165.5716675624,29.876661567318298,-1,0.04514505233294025,0.9996302622024057,0.0,0.5997781573214434,15.0,0.6190476190476191,0.6666666666666666,O13,de-protonated,,0.0,,C21 H14 O13,21.0,14.0,13.0,,,,
870,1667,473.0576719177505,473.0573208033812,473.0572934213691,5050870.0815382805,218.55848315939903,458778.462526196,25.854853665377266,-1,0.05788307774384684,0.9993922498788765,0.0,0.5996353499273259,10.0,0.8333333333333334,1.0,O15,de-protonated,,0.0,,C18 H18 O15,18.0,18.0,15.0,,,,
871,1668,473.0728624246345,473.07251129965294,473.0725495626591,2458136.51162422,120.25623485330219,434640.69375777105,12.715201138840278,-1,-0.08088189897343527,0.9988136884056302,0.0,0.5992882130433781,14.0,0.5454545454545454,0.8181818181818182,O12,de-protonated,,0.0,,C22 H18 O12,22.0,18.0,12.0,,,,
872,1669,473.09398323817646,473.0936320984398,473.0936789307191,3493444.6367054023,127.62548279074214,461508.7864516442,18.22127886257258,-1,-0.09899155572551976,0.998223504627852,0.0,0.5989341027767112,9.0,0.7368421052631579,1.1578947368421053,O14,de-protonated,,0.0,,C19 H22 O14,19.0,22.0,14.0,,,,
873,1670,473.10931437583764,473.10896322539054,473.1089350720091,1699140.8213487843,131.4484086717533,477140.43128608743,8.711078711386609,-1,0.05950718608099963,0.9993576774917068,0.0,0.5996146064950241,13.0,0.4782608695652174,0.9565217391304348,O11,de-protonated,,0.0,,C23 H22 O11,23.0,22.0,11.0,,,,
874,1671,473.1303797024546,473.13002853729125,473.130064440069,2196651.830189161,135.2849836283775,512047.81722957874,11.230931317049011,-1,-0.07588352646782168,0.9989557079425304,0.0,0.5993734247655182,8.0,0.65,1.3,O13,de-protonated,,0.0,,C20 H26 O13,20.0,26.0,13.0,,,,
875,1672,473.1668240593321,473.1664728687087,473.1664499494191,1835629.1542872346,185.26515058949366,401016.6360210207,9.421117761175548,-1,0.048438112259225716,0.9995743664968878,0.0,0.5997446198981327,7.0,0.5714285714285714,1.4285714285714286,O12,de-protonated,,0.0,,C21 H30 O12,21.0,30.0,12.0,,,,
876,1673,473.20318594148756,473.2028347254619,473.2028354587691,1899806.4998602625,189.68123487675456,442659.76347534836,9.802993006587863,-1,-0.0015496677234845,0.9999995642565086,0.0,0.5999997385539051,6.0,0.5,1.5454545454545454,O11,de-protonated,,0.0,,C22 H34 O11,22.0,34.0,11.0,,,,
877,1674,473.2395542054065,473.2392029639742,473.23922096811907,2376667.586432351,76.02033146214193,441853.60703635076,12.29074975114357,-1,-0.03804449011250433,0.9997374086978373,0.0,0.5998424452187023,5.0,0.43478260869565216,1.6521739130434783,O10,de-protonated,,0.0,,C23 H38 O10,23.0,38.0,10.0,,,,
878,1675,473.27594600930877,473.2755947424536,473.2756064774691,1914474.4586445203,167.7790939938437,443544.9876930654,9.87635497483174,-1,-0.024795310268475826,0.999888450225022,0.0,0.5999330701350132,4.0,0.375,1.75,O9,de-protonated,,0.0,,C24 H42 O9,24.0,42.0,9.0,,,,
879,1676,473.2829463303883,473.28259505864287,473.2826204102691,3718554.4904923392,112.97794890603967,439222.9119203308,19.46843232271846,-1,-0.05356551271320801,0.9994795112901659,0.0,0.5996877067740995,8.0,0.14285714285714285,1.5357142857142858,P1 O4,de-protonated,,0.0,,C28 H43 O4 P1,28.0,43.0,4.0,,1.0,,
880,1677,475.0157668091442,475.01541432702874,475.0154286084191,4920852.196873368,86.63375802506145,489685.88880718587,25.40682164503074,-1,-0.03006510839292601,0.9998360000326633,0.0,0.5999016000195979,15.0,0.7,0.6,O14,de-protonated,,0.0,,C20 H12 O14,20.0,12.0,14.0,,,,
881,1678,475.05218808212885,475.0518355745765,475.0518141177691,7380910.754352028,86.27103304445599,463428.1639328781,38.006739690916355,-1,0.04516729918588123,0.9997620741637376,0.9931341542992258,0.9971109062179329,14.0,0.6190476190476191,0.7619047619047619,O13,de-protonated,,0.0,,C21 H16 O13,21.0,16.0,13.0,,,,
882,1679,475.07330421221616,475.07295168991624,475.07294348582906,3532872.9619766627,108.74145850690309,465874.69124645763,18.162327280948034,-1,0.017269110549797864,0.9999458894413877,0.0,0.5999675336648326,9.0,0.8333333333333334,1.1111111111111112,O15,de-protonated,,0.0,,C18 H20 O15,18.0,20.0,15.0,,,,
883,1680,475.0885688509195,475.0882163179587,475.0881996271191,3405909.0915676043,142.09524111584432,455439.1673584524,17.48634914498661,-1,0.035132086300224956,0.9997760695877337,0.0,0.5998656417526402,13.0,0.5454545454545454,0.9090909090909091,O12,de-protonated,,0.0,,C22 H20 O12,22.0,20.0,12.0,,,,
884,1681,475.16133307527724,475.16098049149815,475.1609706458191,5849454.686712036,148.7681978855007,452193.4308756168,30.04958620675029,-1,0.02072072346435288,0.9999220983348105,0.0,0.5999532590008863,11.0,0.4166666666666667,1.1666666666666667,O10,de-protonated,,0.0,,C24 H28 O10,24.0,28.0,10.0,,,,
885,1683,475.2188164859533,475.21846386202833,475.2184855232291,1669427.2572436028,92.5579893747547,388718.2946806313,8.680947903000732,-1,-0.04558156182062239,0.9996230789677403,0.0,0.5997738473806441,5.0,0.5,1.6363636363636365,O11,de-protonated,,0.0,,C22 H36 O11,22.0,36.0,11.0,,,,
886,1684,475.2947111832492,475.29435850632063,475.2942477227291,2347765.7355399234,180.62415065762673,437410.51165603596,12.285509610554723,-1,0.23308422533726594,0.9901906380554506,0.0,0.5941143828332703,3.0,0.2608695652173913,1.9565217391304348,N2 P1 O6,de-protonated,,0.0,,C23 H45 O6 N2 P1,23.0,45.0,6.0,2.0,1.0,,
887,1685,476.0555336540148,476.055180445773,476.05516895283904,1600755.3140623746,140.91880813797576,510994.02728357725,8.29841764001481,-1,0.024142021105195734,0.9998942505506705,0.9931341542992258,0.9971902120500926,14.0,0.6190476190476191,0.7619047619047619,13C1 O13,de-protonated,,1.0,1678.0,C20 H16 O13 13C1,20.0,16.0,13.0,,,,1.0
888,1688,477.0314366038942,477.03108271422656,477.0310786728791,9221558.173323035,233.38674835145665,467281.5589304614,47.1665054402231,-1,0.008471874514499503,0.9961193940302697,0.9955289006901893,0.9958831966942375,14.0,0.7,0.7,O14,de-protonated,,0.0,,C20 H14 O14,20.0,14.0,14.0,,,,
889,1689,477.0678076026821,477.0674536876202,477.0674641822291,6619582.793977466,74.99684809377665,464661.94738551293,34.07663424928017,-1,-0.021998165315328617,0.9999121973377433,0.0,0.5999473184026459,13.0,0.6190476190476191,0.8571428571428571,O13,de-protonated,,0.0,,C21 H18 O13,21.0,18.0,13.0,,,,
890,1690,477.1042235570265,477.10386961653916,477.1038496915791,2961736.443342457,90.29963445202205,479367.18205336656,15.729592012575234,-1,0.041762312451790885,0.9996835870953044,0.0,0.5998101522571826,12.0,0.5454545454545454,1.0,O12,de-protonated,,0.0,,C22 H22 O12,22.0,22.0,12.0,,,,
891,1693,478.03488707336635,478.03453248313957,478.03443350794913,2056088.1619930654,153.00275817531733,446500.9823959384,10.69971206485452,-1,0.20704615295927503,0.9922518110302087,0.9955289006901893,0.9935626468942009,14.0,0.7,0.7,13C1 O14,de-protonated,,1.0,1688.0,C19 H14 O14 13C1,19.0,14.0,14.0,,,,1.0
892,1694,479.01067452854056,479.01031925716666,479.01034322798904,1571803.2569152936,115.12217095148989,436127.39823860186,8.124837983009211,-1,-0.050042389944021964,0.9995457120182566,0.0,0.599727427210954,14.0,0.7894736842105263,0.631578947368421,O15,de-protonated,,0.0,,C19 H12 O15,19.0,12.0,15.0,,,,
893,1695,479.02601252742,479.0256572453402,479.0255993692791,1665216.3643438756,82.23769218223345,525121.3889357809,8.883348333244996,-1,0.12082039280172328,0.9973547953227817,0.0,0.598412877193669,18.0,0.5217391304347826,0.5217391304347826,O12,de-protonated,,0.0,,C23 H12 O12,23.0,12.0,12.0,,,,
894,1696,479.04706991807956,479.0467146213018,479.04672873733904,11192587.082139341,117.11454881633185,461022.2860123458,57.90879364736201,-1,-0.029466931666787984,0.4999212302525509,0.8221557383861046,0.6288150335059723,13.0,0.7,0.8,O14,de-protonated,,0.0,,C20 H16 O14,20.0,16.0,14.0,,,,
895,1697,479.08346062565266,479.08310530347444,479.08311424668904,5251096.478936386,109.2650339196303,462208.8765986125,27.149168390822783,-1,-0.018667355057189517,0.9999367725489411,0.0,0.5999620635293647,12.0,0.6190476190476191,0.9523809523809523,O13,de-protonated,,0.0,,C21 H20 O13,21.0,20.0,13.0,,,,
896,1698,479.1198000831038,479.11944473556105,479.1194997560391,3545115.062652004,135.03774746877644,457507.07153366646,18.15184699977034,-1,-0.11483664946189649,0.9976100139974668,0.0,0.5985660083984801,11.0,0.5454545454545454,1.0909090909090908,O12,de-protonated,,0.0,,C22 H24 O12,22.0,24.0,12.0,,,,
897,1700,479.156214305232,479.1558589322727,479.1558852653891,2691084.3316168594,86.2334271857226,447460.78016079596,13.803840346173503,-1,-0.054957305584632514,0.9994521196874352,0.0,0.599671271812461,10.0,0.4782608695652174,1.2173913043478262,O11,de-protonated,,0.0,,C23 H28 O11,23.0,28.0,11.0,,,,
898,1702,480.0424490234698,480.0420930319733,480.041977709539,1604119.2142621735,111.30424484776262,418109.6501120487,8.330513501121505,-1,0.2402340620984085,0.9895827988299741,0.0,0.5937496792979845,13.0,0.7368421052631579,0.7894736842105263,N1 O14,de-protonated,,0.0,,C19 H15 O14 N1,19.0,15.0,14.0,1.0,,,
899,1704,480.1515672882864,480.1512112206376,480.1511342375891,2280889.4962500315,128.70609520225054,455742.8439837071,11.940315349264344,-1,0.16033086884589623,0.9953465433735273,0.0,0.5972079260241164,10.0,0.5,1.2272727272727273,N1 O11,de-protonated,,0.0,,C22 H27 O11 N1,22.0,27.0,11.0,1.0,,,
900,1706,481.0263297589606,481.02597308087036,481.0259932924491,6143446.61759464,354.0248405084492,450610.49573595216,31.47752451721144,-1,-0.04201764352969481,0.9996797068484654,0.0,0.5998078241090792,13.0,0.7894736842105263,0.7368421052631579,O15,de-protonated,,0.0,,C19 H14 O15,19.0,14.0,15.0,,,,
901,1707,481.0416254356072,481.04126874684374,481.0412494337391,1673997.1555297226,94.37088605271444,349562.3030594601,8.64819702432043,-1,0.040148541662819115,0.9997075646506925,0.0,0.5998245387904155,17.0,0.5217391304347826,0.6086956521739131,O12,de-protonated,,0.0,,C23 H14 O12,23.0,14.0,12.0,,,,
902,1708,481.062733174046,481.0623764705538,481.06237880179907,8633310.625606457,210.79524799946583,464887.2518610017,44.200585866934986,-1,-0.004846035360203687,0.49999786942873803,0.8221557383861046,0.6288610170116846,12.0,0.7,0.9,O14,de-protonated,,0.0,,C20 H18 O14,20.0,18.0,14.0,,,,
903,1709,481.09913022320563,481.0987734943161,481.09876431114907,5545406.79462515,129.18125481776306,456629.4766219956,28.603307404228172,-1,0.01908790402031453,0.9999338917047937,0.0,0.5999603350228763,11.0,0.6190476190476191,1.0476190476190477,O13,de-protonated,,0.0,,C21 H22 O13,21.0,22.0,13.0,,,,
904,1710,481.1355071284083,481.1351503741355,481.13514982049907,3676897.7085476005,107.55545070486036,453316.8123426548,19.497253095957127,-1,0.0011506879632462727,0.9999997597469463,0.0,0.5999998558481677,10.0,0.5454545454545454,1.1818181818181819,O12,de-protonated,,0.0,,C22 H26 O12,22.0,26.0,12.0,,,,
905,1711,481.1452322186857,481.144875457627,481.1448836079391,2471907.4286340643,84.16244765804035,448506.5767633775,12.898606059449968,-1,-0.016939413449030494,0.9999479357928974,0.0,0.5999687614757384,0.0,0.6,2.3333333333333335,N2 S2 P1 O9,de-protonated,,0.0,,C15 H35 O9 N2 P1 S2,15.0,35.0,9.0,2.0,1.0,2.0,
906,1713,481.1718747978686,481.1715180182193,481.17153532984906,2249222.25157248,235.1785756076751,387286.9335693574,11.557130068704815,-1,-0.03597808373735461,0.9997651563162311,0.0,0.5998590937897387,9.0,0.4782608695652174,1.3043478260869565,O11,de-protonated,,0.0,,C23 H30 O11,23.0,30.0,11.0,,,,
907,1715,482.1671803337969,482.166822859697,482.1667843020491,35714036.82117562,129.5242042712873,464348.13707664405,182.77610373902695,-1,0.07996744931159362,0.49942017306946057,0.8077896627745582,0.6227679689514997,9.0,0.5,1.3181818181818181,N1 O11,de-protonated,,0.0,,C22 H29 O11 N1,22.0,29.0,11.0,1.0,,,
908,1718,483.00909185443334,483.00873379298906,483.0086291508791,2628865.9413631978,150.15973105598945,411193.5048541339,13.44947583885264,-1,0.21664646069072613,0.9915197428700425,0.0,0.5949118457220255,8.0,1.0666666666666667,1.0666666666666667,S1 O16,de-protonated,,0.0,,C15 H16 O16 S1,15.0,16.0,16.0,,,1.0,
909,1719,483.0208215100299,483.02046344040315,483.02051398884913,3000639.365067127,101.8107644656424,424946.69808093866,15.508196072696396,-1,-0.10465072293966683,0.9980147881739057,0.0,0.5988088729043434,17.0,0.5909090909090909,0.5454545454545454,O13,de-protonated,,0.0,,C22 H12 O13,22.0,12.0,13.0,,,,
910,1720,483.04196386875134,483.04160578437603,483.0416433569091,7288240.156418333,240.35822689852705,417683.3460635989,37.32028127377723,-1,-0.0777832172253616,0.9989027962861395,0.0,0.5993416777716837,12.0,0.7894736842105263,0.8421052631578947,O15,de-protonated,,0.0,,C19 H16 O15,19.0,16.0,15.0,,,,
911,1721,483.0572091057871,483.0568510107769,483.0568994981991,2274008.4173522997,109.12339418136881,452375.76023094374,11.63245708966951,-1,-0.10037621290881103,0.9981735048638621,0.0,0.5989041029183173,16.0,0.5217391304347826,0.6956521739130435,O12,de-protonated,,0.0,,C23 H16 O12,23.0,16.0,12.0,,,,
912,1722,483.0783807295073,483.0780226197281,483.0780288662591,6827691.915194857,223.9495184835077,430168.98399996676,35.23470531941563,-1,-0.01293068749986251,0.9999696617537218,0.0,0.5999817970522331,11.0,0.7,1.0,O14,de-protonated,,0.0,,C20 H20 O14,20.0,20.0,14.0,,,,
913,1723,483.11479014069926,483.1144320055216,483.1144143756091,4397269.572531591,170.79528908552086,446433.02221369423,23.0566185909323,-1,0.03649220970329339,0.9997583973556248,0.0,0.5998550384133748,10.0,0.6190476190476191,1.1428571428571428,O13,de-protonated,,0.0,,C21 H24 O13,21.0,24.0,13.0,,,,
914,1724,483.1511260858215,483.15076792529675,483.1507998849591,2226385.24887268,192.3761539209881,487698.64271328493,11.47066774898882,-1,-0.06614842065637688,0.9992063657629533,0.0,0.599523819457772,9.0,0.5454545454545454,1.2727272727272727,O12,de-protonated,,0.0,,C22 H28 O12,22.0,28.0,12.0,,,,
915,1728,483.1874365370399,483.1870783511861,483.1871853943091,1620196.0836919295,105.36448961969806,459989.64760410174,8.302347745456446,-1,-0.22153551720515546,0.9911343973119409,0.0,0.5946806383871645,8.0,0.4782608695652174,1.391304347826087,O11,de-protonated,,0.0,,C23 H32 O11,23.0,32.0,11.0,,,,
916,1730,484.1179051360414,484.1175463011645,484.11754666047915,1580548.7643352014,247.22405787031585,346163.6099250648,8.112392649110697,-1,-0.0007422053646727528,0.9999999000455843,0.0,0.5999999400273506,13.0,0.12,1.12,N1 S2 P1 O3,de-protonated,,0.0,,C25 H28 O3 N1 P1 S2,25.0,28.0,3.0,1.0,1.0,2.0,
917,1735,485.0364993959337,485.0361399204035,485.03616405330905,4571453.500604105,131.4058793018334,462981.46962137305,23.365786885674346,-1,-0.049754858143715434,0.999550916315204,0.0,0.5997305497891223,16.0,0.5909090909090909,0.6363636363636364,O13,de-protonated,,0.0,,C22 H14 O13,22.0,14.0,13.0,,,,
918,1737,485.05764000103903,485.05728051076585,485.0572934213691,7017155.035230916,136.06292163818685,460602.21913333656,35.92116373655475,-1,-0.026616656232019646,0.9998714615951674,0.0,0.5999228769571004,11.0,0.7894736842105263,0.9473684210526315,O15,de-protonated,,0.0,,C19 H18 O15,19.0,18.0,15.0,,,,
919,1738,485.0729938754914,485.07263437451076,485.0725495626591,2187575.6697246516,157.67683141937107,421888.3835138217,11.217175948003286,-1,0.1748436429283991,0.9944684151902019,0.0,0.5966810491141211,15.0,0.5217391304347826,0.782608695652174,O12,de-protonated,,0.0,,C23 H18 O12,23.0,18.0,12.0,,,,
920,1739,485.09403255663796,485.09367304098544,485.09367893071914,5127278.144910775,221.2556724893034,445558.3817866432,27.041745508751394,-1,-0.012141435676594248,0.9999732521975662,0.0,0.5999839513185397,10.0,0.7,1.1,O14,de-protonated,,0.0,,C20 H22 O14,20.0,22.0,14.0,,,,
921,1740,485.13047696603456,485.1301174249667,485.130064440069,2944887.2076764554,177.5030148757297,459346.36458783835,15.168896969568472,-1,0.10921792234793658,0.9978379201142638,0.0,0.5987027520685583,9.0,0.6190476190476191,1.2380952380952381,O13,de-protonated,,0.0,,C21 H26 O13,21.0,26.0,13.0,,,,
922,1741,485.2031090802747,485.2027494885556,485.2028354587691,1677807.5349774559,120.48477862456733,460287.1018557718,8.8512524721383,-1,-0.17718407067642283,0.9943197585017773,0.0,0.5965918551010664,7.0,0.4782608695652174,1.4782608695652173,O11,de-protonated,,0.0,,C23 H34 O11,23.0,34.0,11.0,,,,
923,1742,485.2395717979364,485.23921218078954,485.23922096811907,1985429.39047151,135.65683400603604,452072.9762274705,10.165872742365606,-1,-0.018109273023543714,0.9999404964413604,0.0,0.5999642978648162,6.0,0.4166666666666667,1.5833333333333333,O10,de-protonated,,0.0,,C24 H38 O10,24.0,38.0,10.0,,,,
924,1743,485.2759715497312,485.2756119072007,485.2756064774691,2233486.5356950853,153.3568136968823,444322.57699066214,11.822412186015258,-1,0.011188964580801927,0.9999772841656165,0.0,0.5999863704993699,5.0,0.36,1.68,O9,de-protonated,,0.0,,C25 H42 O9,25.0,42.0,9.0,,,,
925,1747,487.01577604594615,487.01541519030724,487.0154286084191,3849575.2219180837,261.47774969521583,442673.1388111348,19.76843037143002,-1,-0.027551718200460533,0.9998622722999994,0.0,0.5999173633799996,16.0,0.6666666666666666,0.5714285714285714,O14,de-protonated,,0.0,,C21 H12 O14,21.0,12.0,14.0,,,,
926,1748,487.0369227139663,487.0365618435844,487.03655797647906,1999339.8573594494,102.34877820156564,454350.78097300034,10.527442442996135,-1,0.007940072053542054,0.9999885606794128,0.0,0.5999931364076476,11.0,0.8888888888888888,0.8888888888888888,O16,de-protonated,,0.0,,C18 H16 O16,18.0,16.0,16.0,,,,
927,1749,487.05214632262954,487.05178544163414,487.0518141177691,5141214.765461498,268.8186934610948,408317.83692882577,26.87406100990825,-1,-0.05887696978948657,0.9993712063431742,0.0,0.5996227238059045,15.0,0.5909090909090909,0.7272727272727273,O13,de-protonated,,0.0,,C22 H16 O13,22.0,16.0,13.0,,,,
928,1750,487.0732937122084,487.0729328164696,487.07294348582906,4407382.7844288815,63.41369422338098,509024.05645473656,22.70028903089062,-1,-0.021905054726834832,0.9999129390087489,0.0,0.5999477634052494,10.0,0.7894736842105263,1.0526315789473684,O15,de-protonated,,0.0,,C19 H20 O15,19.0,20.0,15.0,,,,
929,1751,487.0886042898081,487.0882433833952,487.0881996271191,2090726.4252795035,144.71760841628347,395010.23938957177,10.68988680125043,-1,0.08983234688712148,0.9985368077306256,0.0,0.5991220846383754,14.0,0.5217391304347826,0.8695652173913043,O12,de-protonated,,0.0,,C23 H20 O12,23.0,20.0,12.0,,,,
930,1752,487.1097406153513,487.1093796942028,487.10932899517906,3237196.313768214,116.54641200221316,427629.33624968695,16.847051993147122,-1,0.10408140581093082,0.9980363080139878,0.0,0.5988217848083927,9.0,0.7,1.2,O14,de-protonated,,0.0,,C20 H24 O14,20.0,24.0,14.0,,,,
931,1753,487.21884512808595,487.21848413087383,487.2184855232291,2105096.193413933,190.5599580922071,413366.23499386635,10.784864349423305,-1,-0.002857763640393023,0.9999985181436033,0.0,0.599999110886162,6.0,0.4782608695652174,1.565217391304348,O11,de-protonated,,0.0,,C23 H36 O11,23.0,36.0,11.0,,,,
932,1754,487.25527750574844,487.2549164831373,487.25487103257905,1627231.2288925801,198.32763816060432,377174.12822616304,8.423525996573561,-1,0.09327881767274798,0.9984224718693782,0.0,0.5990534831216269,5.0,0.4166666666666667,1.6666666666666667,O10,de-protonated,,0.0,,C24 H40 O10,24.0,40.0,10.0,,,,
933,1756,489.02904437517793,489.0286821161406,489.0285767494291,1799275.9715969034,177.81599847298443,442828.61250006093,9.319590037266613,-1,0.21546125632027355,0.9916118855076785,0.0,0.5949671313046071,19.0,0.36,0.56,S1 O9,de-protonated,,0.0,,C25 H14 O9 S1,25.0,14.0,9.0,,,1.0,
934,1757,489.0314208909999,489.03105863030623,489.0310786728791,6167253.938731938,85.91215080669336,460794.0843205277,31.89149562373045,-1,-0.04098425183793049,0.999695265467945,0.0,0.599817159280767,15.0,0.6666666666666666,0.6666666666666666,O14,de-protonated,,0.0,,C21 H14 O14,21.0,14.0,14.0,,,,
935,1758,489.0678318267037,489.06746954063266,489.0674641822291,4489923.94521773,87.06604432437068,449876.1820095942,23.674955180416394,-1,0.0109563688729164,0.9999782187705866,0.0,0.5999869312623519,14.0,0.5909090909090909,0.8181818181818182,O13,de-protonated,,0.0,,C22 H18 O13,22.0,18.0,13.0,,,,
936,1759,489.08893906331804,489.088576762536,489.0885935502891,2246839.5923928465,121.0117104703057,386293.883823765,11.515208943994029,-1,-0.03432456477739645,0.9997862444074169,0.0,0.5998717466444501,9.0,0.7894736842105263,1.1578947368421053,O15,de-protonated,,0.0,,C19 H22 O15,19.0,22.0,15.0,,,,
937,1760,489.1041802661594,489.10381795475473,489.1038496915791,2211645.155551355,92.16914563923436,469018.48046327493,11.608221439446085,-1,-0.0648877010531524,0.9992363177104714,0.0,0.5995417906262828,13.0,0.5217391304347826,0.9565217391304348,O12,de-protonated,,0.0,,C23 H22 O12,23.0,22.0,12.0,,,,
938,1761,489.14052763387394,489.14016529713655,489.14023520092906,2144386.825904667,179.702639284079,424479.65611336037,11.231586334622618,-1,-0.14291155680264217,0.9963010023037886,0.0,0.5977806013822732,12.0,0.4583333333333333,1.0833333333333333,O11,de-protonated,,0.0,,C24 H26 O11,24.0,26.0,11.0,,,,
939,1763,491.0106872834547,491.01032364347003,491.01034322798904,2530404.925547558,69.76459723762869,474104.6074981716,13.203844248750379,-1,-0.039886163864560974,0.9997113738444924,0.0,0.5998268243066954,15.0,0.75,0.6,O15,de-protonated,,0.0,,C20 H12 O15,20.0,12.0,15.0,,,,
940,1764,491.047081084113,491.0467174187704,491.04672873733904,7594190.006265207,223.62214644187833,455592.8775009927,39.188391393701636,-1,-0.0230498809220834,0.4999518007510167,0.8149093904448103,0.6259348366285341,14.0,0.6666666666666666,0.7619047619047619,O14,de-protonated,,0.0,,C21 H16 O14,21.0,16.0,14.0,,,,
941,1765,491.083490060362,491.083126369651,491.08311424668904,4422974.288095555,112.80793170858743,461121.6541625843,22.61906685176347,-1,0.024686171436939772,0.9998894300028079,0.0,0.5999336580016847,13.0,0.5909090909090909,0.9090909090909091,O13,de-protonated,,0.0,,C22 H20 O13,22.0,20.0,13.0,,,,
942,1766,493.0263274248521,493.02596238064154,493.0259932924491,5570594.919359498,167.04290108884922,429788.70555600675,28.891515136614828,-1,-0.06269812940585513,0.9992869694833899,0.0,0.5995721816900339,14.0,0.75,0.7,O15,de-protonated,,0.0,,C20 H14 O15,20.0,14.0,15.0,,,,
943,1767,493.0627327967787,493.0623677272096,493.06237880179907,6666096.553793391,105.78049135568656,445165.7198205098,34.7316518228862,-1,-0.022460828341075337,0.9999084653577599,0.0,0.5999450792146559,13.0,0.6666666666666666,0.8571428571428571,O14,de-protonated,,0.0,,C21 H18 O14,21.0,18.0,14.0,,,,
944,1768,493.0991259371319,493.0987608422129,493.09876431114907,3364424.606292642,273.6716062246319,439279.8467539174,17.50599967219479,-1,-0.007034972289226731,0.9999910199933053,0.0,0.5999946119959831,12.0,0.5909090909090909,1.0,O13,de-protonated,,0.0,,C22 H22 O13,22.0,22.0,13.0,,,,
945,1769,493.1354804712933,493.1351153510515,493.13514982049907,2793690.9431540375,211.32568398134717,396118.7759934987,14.34881496741372,-1,-0.06989858166497191,0.999113868728471,0.0,0.5994683212370826,11.0,0.5217391304347826,1.1304347826086956,O12,de-protonated,,0.0,,C23 H26 O12,23.0,26.0,12.0,,,,
946,1775,495.0419893370985,495.0416228890635,495.04164335690905,7944697.398333947,209.1219904521572,442258.1242398316,40.77353392182823,-1,-0.04134570461603066,0.9956336092841873,0.9942460136230536,0.9950785710197338,13.0,0.75,0.8,O15,de-protonated,,0.0,,C20 H16 O15,20.0,16.0,15.0,,,,
947,1776,495.0783734622565,495.07800698888525,495.0780288662591,5798481.413096029,139.0084774119183,449426.25587725826,29.90286227026254,-1,-0.04418974904610487,0.9996457417596366,0.0,0.599787445055782,12.0,0.6666666666666666,0.9523809523809523,O14,de-protonated,,0.0,,C21 H20 O14,21.0,20.0,14.0,,,,
948,1777,495.1147193637953,495.1143528651146,495.1144143756091,2205731.5430474062,106.79903616266006,440159.2107026702,11.690098636146839,-1,-0.1242349095848125,0.9972033820677653,0.0,0.5983220292406591,11.0,0.5909090909090909,1.0909090909090908,O13,de-protonated,,0.0,,C22 H24 O13,22.0,24.0,13.0,,,,
949,1779,495.15115521391795,495.1507886898653,495.1507998849591,2073479.0002286846,35.003115324941845,471980.9079754438,11.002330183860506,-1,-0.02260946323316689,0.9999072499417595,0.0,0.5999443499650556,10.0,0.5217391304347826,1.2173913043478262,O12,de-protonated,,0.0,,C23 H28 O12,23.0,28.0,12.0,,,,
950,1781,496.0452582393971,496.04489109278234,496.04499819197906,1651394.0120039755,106.05039723964342,437982.637845153,8.537499054381012,-1,-0.21590621237129812,0.9915773510614461,0.9942460136230536,0.992644816086089,13.0,0.75,0.8,13C1 O15,de-protonated,,1.0,1775.0,C19 H16 O15 13C1,19.0,16.0,15.0,,,,1.0
951,1781,496.0452582393971,496.04489109278234,496.0447756417791,1651394.0120039755,106.05039723964342,437982.637845153,8.537499054381012,-1,0.23274310890567632,0.9902191880818274,0.0,0.5941315128490964,16.0,0.20833333333333334,0.8333333333333334,N1 S2 P1 O5,de-protonated,,0.0,,C24 H20 O5 N1 P1 S2,24.0,20.0,5.0,1.0,1.0,2.0,
952,1782,496.0816505071259,496.081283335173,496.08116115112904,1747434.58539242,108.92447063909732,390965.05703893193,9.096229044666956,-1,0.24629849614987206,0.9890531452620352,0.0,0.5934318871572212,15.0,0.16,0.96,N1 S2 P1 O4,de-protonated,,0.0,,C25 H24 O4 N1 P1 S2,25.0,24.0,4.0,1.0,1.0,2.0,
953,1783,496.146456328815,496.14608911174133,496.1460488571591,2246929.0409573233,92.25660599032337,497559.3195384309,11.511278838552393,-1,0.08113454160936831,0.998806270139123,0.0,0.5992837620834738,10.0,0.5454545454545454,1.2272727272727273,N1 O12,de-protonated,,0.0,,C22 H27 O12 N1,22.0,27.0,12.0,1.0,,,
954,1786,497.0212257941011,497.02085796801566,497.0209079120191,2545157.9756175405,126.91756422695191,424952.243484324,13.041399890496082,-1,-0.10048672526002321,0.9981694844605548,0.0,0.5989016906763328,13.0,0.8421052631578947,0.7368421052631579,O16,de-protonated,,0.0,,C19 H14 O16,19.0,14.0,16.0,,,,
955,1787,497.03663876893245,497.0362709321172,497.03616405330905,2670153.9704391644,137.47400767998,404019.2340145981,13.932223790600284,-1,0.2150322569451729,0.9916451151831538,0.0,0.5949870691098923,17.0,0.5652173913043478,0.6086956521739131,O13,de-protonated,,0.0,,C23 H14 O13,23.0,14.0,13.0,,,,
956,1789,497.0576635469845,497.0572956955329,497.0572934213691,7583481.632204389,181.10728350694822,453795.1810066145,38.91066394249268,-1,0.004575254903483231,0.49999810087479335,0.8221557383861046,0.6288611558793178,12.0,0.75,0.9,O15,de-protonated,,0.0,,C20 H18 O15,20.0,18.0,15.0,,,,
957,1792,497.13044623076183,497.1300783286429,497.130064440069,3839303.4211909478,72.65788583826257,440430.52053390705,19.83524216393784,-1,0.027937505487683166,0.9998583885637595,0.0,0.5999150331382557,10.0,0.5909090909090909,1.1818181818181819,O13,de-protonated,,0.0,,C22 H26 O13,22.0,26.0,13.0,,,,
958,1793,497.14012994045396,497.1397620315938,497.1397982275091,2181677.3599023055,72.69154405433721,428557.66359946545,11.158879383952348,-1,-0.07280832359175048,0.9990385935290155,0.0,0.5994231561174093,0.0,0.6666666666666666,2.3333333333333335,N2 S2 P1 O10,de-protonated,,0.0,,C15 H35 O10 N2 P1 S2,15.0,35.0,10.0,2.0,1.0,2.0,
959,1795,497.23966925181026,497.2393012736574,497.23922096811907,1661815.3952147053,293.29630883788883,335280.24860155117,8.553219476147556,-1,0.1615028239139974,0.9952784263363319,0.0,0.5971670558017991,7.0,0.4,1.52,O10,de-protonated,,0.0,,C25 H38 O10,25.0,38.0,10.0,,,,
960,1797,498.0926377583405,498.0922691864483,498.09229920623915,20688282.114431493,139.36893226637753,454853.5932685421,105.85083989473465,-1,-0.0602695342165859,0.9979906638719365,0.9684277333834359,0.9861654916765362,6.0,0.8235294117647058,1.4705882352941178,N1 S1 O14,de-protonated,,0.0,,C17 H25 O14 N1 S1,17.0,25.0,14.0,1.0,,1.0,
961,1799,498.1620715197263,498.1617028995055,498.1616989216191,3294725.6149820955,227.27769589329912,418964.578608233,17.084168354792507,-1,0.007985130879798305,0.9999884304786041,0.0,0.5999930582871624,9.0,0.5454545454545454,1.3181818181818181,N1 O12,de-protonated,,0.0,,C22 H29 O12 N1,22.0,29.0,12.0,1.0,,,
962,1804,499.0158354045163,499.01546619008315,499.0154286084191,2403413.352594835,64.66806551253188,416906.3267019874,12.679175172291947,-1,0.07531162746745852,0.9989713812508475,0.0,0.5993828287505085,17.0,0.6363636363636364,0.5454545454545454,O14,de-protonated,,0.0,,C22 H12 O14,22.0,12.0,14.0,,,,
963,1805,499.0369405003542,499.0365712712331,499.03655797647906,3827978.7567102034,154.70354774021027,450251.5972365987,19.616466294353422,-1,0.026640841837836264,0.9998712279075606,0.0,0.5999227367445363,12.0,0.8421052631578947,0.8421052631578947,O16,de-protonated,,0.0,,C19 H16 O16,19.0,16.0,16.0,,,,
964,1806,499.05217868849485,499.0518094487688,499.0518141177691,3541293.7643856276,102.70556451690109,457551.83012796706,18.138746648298216,-1,-0.009355742575260052,0.9999841179372814,0.0,0.5999904707623688,16.0,0.5652173913043478,0.6956521739130435,O13,de-protonated,,0.0,,C23 H16 O13,23.0,16.0,13.0,,,,
965,1807,499.07331824275286,499.07294898831486,499.07294348582906,6141032.3244168265,166.7889620777725,429285.0567898282,32.048699841395894,-1,0.011025413975022024,0.9999779433857023,0.0,0.5999867660314214,11.0,0.75,1.0,O15,de-protonated,,0.0,,C20 H20 O15,20.0,20.0,15.0,,,,
966,1810,499.0959553397628,499.09558606957074,499.0956540413091,2921431.107003068,204.54087371028248,401804.2762650399,15.298590449142466,-1,-0.13618980211528348,0.9966402078352666,0.9684277333834359,0.9853552180545343,6.0,0.8235294117647058,1.4705882352941178,13C1 N1 S1 O14,de-protonated,,1.0,1797.0,C16 H25 O14 N1 S1 13C1,16.0,25.0,14.0,1.0,,1.0,1.0
967,1811,499.10966707912166,499.1092977993871,499.10932899517906,4580012.229300228,115.09871827523943,423103.8239545025,23.59111293099482,-1,-0.06250292300665894,0.9992914009455525,0.0,0.5995748405673315,10.0,0.6666666666666666,1.1428571428571428,O14,de-protonated,,0.0,,C21 H24 O14,21.0,24.0,14.0,,,,
968,1812,499.1461623510326,499.14579304589967,499.14571450452905,1886762.3277535874,223.7046991532135,415859.293106422,9.81019819989753,-1,0.15735158758309054,0.9955174937929155,0.0,0.5973104962757493,9.0,0.5909090909090909,1.2727272727272727,O13,de-protonated,,0.0,,C22 H28 O13,22.0,28.0,13.0,,,,
969,1814,499.1823556410931,499.1819863107721,499.1821000138791,1684560.5514737773,145.24753030396553,445722.04057329346,8.748414713082154,-1,-0.22777881455896287,0.9906300378823857,0.0,0.5943780227294314,8.0,0.5217391304347826,1.391304347826087,O12,de-protonated,,0.0,,C23 H32 O12,23.0,32.0,12.0,,,,
970,1818,500.0896489666455,500.0892790049536,500.08932182608913,8327527.420411825,216.22620298757317,422294.8474672037,42.67832502587457,-1,-0.08562697435856909,0.9986705066503434,0.0,0.599202303990206,6.0,1.0625,1.4375,N1 O17,de-protonated,,0.0,,C16 H23 O17 N1,16.0,23.0,17.0,1.0,,,
971,1822,501.03143072071373,501.0310601037403,501.0310786728791,4277021.187429852,102.23645408992317,455679.9762186744,22.633477238382802,-1,-0.037061850295218454,0.9997507966341771,0.0,0.5998504779805063,16.0,0.6363636363636364,0.6363636363636364,O14,de-protonated,,0.0,,C22 H14 O14,22.0,14.0,14.0,,,,
972,1823,501.0525652987742,501.0521946670966,501.0522080409391,3269556.582642313,129.8578030844016,418878.33606622374,17.077618179056447,-1,-0.02669151490259721,0.9998707376032173,0.0,0.5999224425619304,11.0,0.8421052631578947,0.9473684210526315,O16,de-protonated,,0.0,,C19 H18 O16,19.0,18.0,16.0,,,,
973,1824,501.06782462491367,501.0674539826195,501.0674641822291,3804734.881037983,211.41337628738899,426353.03040861734,19.57585520478985,-1,-0.02035576114639138,0.9999248182908224,0.0,0.5999548909744934,15.0,0.5652173913043478,0.782608695652174,O13,de-protonated,,0.0,,C23 H18 O13,23.0,18.0,13.0,,,,
974,1825,501.0869590278687,501.0865883722621,501.08658088418906,5594031.278261877,150.75739917871138,425080.9003371838,28.642608458644535,-1,0.014943671061520938,0.49997974045756466,0.7739790330151771,0.6095794574806097,18.0,0.07407407407407407,0.8518518518518519,N2 S2 P1 O2,de-protonated,,0.0,,C27 H23 O2 N2 P1 S2,27.0,23.0,2.0,2.0,1.0,2.0,
975,1826,501.0889736677621,501.08860301075384,501.0885935502891,3096551.4802297605,135.98363264158317,438598.9208924698,15.947057847012436,-1,0.018879824595269015,0.9999353251106812,0.0,0.5999611950664087,10.0,0.75,1.1,O15,de-protonated,,0.0,,C20 H22 O15,20.0,22.0,15.0,,,,
976,1827,501.12532758651224,501.12495690421133,501.1249790596391,2823342.582985197,151.38173232403886,429735.9373858515,14.60165175082565,-1,-0.04421138175724623,0.9996453948881154,0.0,0.5997872369328693,9.0,0.6666666666666666,1.2380952380952381,O14,de-protonated,,0.0,,C21 H26 O14,21.0,26.0,14.0,,,,
977,1829,503.01070705449365,503.0103350606575,503.0103432279891,2756857.2414411283,68.4660547687368,425778.62418843573,14.190300714601062,-1,-0.016236905881396185,0.9999521645364078,0.0,0.5999712987218446,16.0,0.7142857142857143,0.5714285714285714,O15,de-protonated,,0.0,,C21 H12 O15,21.0,12.0,15.0,,,,
978,1830,503.04706324710975,503.04669122798657,503.04672873733904,5552521.515719953,213.03890438699926,422453.1140059872,28.88103485543713,-1,-0.0745643502361363,0.9989916826077837,0.0,0.5993950095646702,15.0,0.6363636363636364,0.7272727272727273,O14,de-protonated,,0.0,,C22 H16 O14,22.0,16.0,14.0,,,,
979,1831,503.0682043415508,503.0678323077233,503.06785810539907,2020228.9212922768,80.95999228979908,437487.7452171271,10.492071494021408,-1,-0.05128070770913384,0.9995229562183134,0.0,0.599713773730988,10.0,0.8421052631578947,1.0526315789473684,O16,de-protonated,,0.0,,C19 H20 O16,19.0,20.0,16.0,,,,
980,1832,503.08345156337356,503.0830795189411,503.08311424668904,3051860.5217097066,112.39927526823809,405608.42770908406,15.611688849326148,-1,-0.06902984213870239,0.9991357490782995,0.0,0.5994814494469797,14.0,0.5652173913043478,0.8695652173913043,O13,de-protonated,,0.0,,C23 H20 O13,23.0,20.0,13.0,,,,
981,1833,503.1045751100201,503.1042030508956,503.10424361474907,1771216.7063212036,174.02161256216812,465449.8177405574,9.163040837174771,-1,-0.08062713441442845,0.9988211456051851,0.0,0.599292687363111,9.0,0.75,1.2,O15,de-protonated,,0.0,,C20 H24 O15,20.0,24.0,15.0,,,,
982,1834,503.1198739407164,503.1195018709512,503.1194997560391,1888630.4730583723,39.66235158585828,425777.02627931605,9.731596091064807,-1,0.004203597939636925,0.9999967937640967,0.0,0.599998076258458,13.0,0.5,1.0,O12,de-protonated,,0.0,,C24 H24 O12,24.0,24.0,12.0,,,,
983,1839,505.02638682613974,505.02601343053004,505.0259932924491,5825919.9407815635,83.85649075210596,461834.04346286855,30.209410494710163,-1,0.0398753356012684,0.9997115305126053,0.0,0.5998269183075632,15.0,0.7142857142857143,0.6666666666666666,O15,de-protonated,,0.0,,C21 H14 O15,21.0,14.0,15.0,,,,
984,1840,505.06276426998994,505.06239084908594,505.06237880179907,6512092.588638916,187.60865978568606,448673.3313382635,33.37707548066893,-1,0.02385306722224215,0.9998967666847266,0.0,0.5999380600108359,14.0,0.6363636363636364,0.8181818181818182,O14,de-protonated,,0.0,,C22 H18 O14,22.0,18.0,14.0,,,,
985,1841,505.09915142284547,505.0987779766406,505.09876431114907,1995352.7127970676,243.72683324187255,440739.4484035825,10.54316286476268,-1,0.0270550879822493,0.9998671924120792,0.0,0.5999203154472476,13.0,0.5652173913043478,0.9565217391304348,O13,de-protonated,,0.0,,C23 H22 O13,23.0,22.0,13.0,,,,
986,1842,505.1355193369982,505.1351458655059,505.13514982049907,3946399.822244724,100.72989321627954,438592.13089995587,20.202052005157217,-1,-0.007829574305493891,0.9999888768520707,0.0,0.5999933261112425,12.0,0.5,1.0833333333333333,O12,de-protonated,,0.0,,C24 H26 O12,24.0,26.0,12.0,,,,
987,1844,505.22119896064703,505.2208254295803,505.2208079987691,1627797.4704625078,271.42490297064006,382021.65828314656,8.364574414949018,-1,0.03450137237112134,0.9997840368421461,0.0,0.5998704221052876,5.0,0.43478260869565216,1.6956521739130435,P1 O10,de-protonated,,0.0,,C23 H39 O10 P1,23.0,39.0,10.0,,1.0,,
988,1847,507.041991048845,507.04161625193086,507.04164335690905,7611759.322421747,116.84617833238443,427743.92260672356,39.652143835814705,-1,-0.053457104642929916,0.9996654176413508,0.9860271399304119,0.9942101065569753,14.0,0.7142857142857143,0.7619047619047619,O15,de-protonated,,0.0,,C21 H16 O15,21.0,16.0,15.0,,,,
989,1848,507.0784060071799,507.0780311849529,507.0780288662591,5467100.391040722,190.3970478273278,433723.69748195383,28.508984873628904,-1,0.0045726568388096194,0.9999962060620371,0.0,0.5999977236372223,13.0,0.6363636363636364,0.9090909090909091,O14,de-protonated,,0.0,,C22 H20 O14,22.0,20.0,14.0,,,,
990,1849,507.1147807964831,507.1144059489713,507.1144143756091,3036080.6454118183,150.10482513845972,415282.838162923,15.537016845935062,-1,-0.016616837475798805,0.9999498997730404,0.0,0.5999699398638242,12.0,0.5652173913043478,1.0434782608695652,O13,de-protonated,,0.0,,C23 H24 O13,23.0,24.0,13.0,,,,
991,1850,507.20050503340343,507.2001301263036,507.20007255387907,1725972.9755588742,193.79487290745672,444973.6893759383,9.14666539783462,-1,0.11351028445176047,0.9976648397754193,0.0,0.5985989038652516,5.0,0.5,1.6818181818181819,P1 O11,de-protonated,,0.0,,C22 H37 O11 P1,22.0,37.0,11.0,,1.0,,
992,1853,508.0453590404887,508.0449835461603,508.04499819197906,1571401.8777341796,139.05764033457007,443084.02870910015,8.083571875872032,-1,-0.02882779830419897,0.9998492198974457,0.9860271399304119,0.9943203879106322,14.0,0.7142857142857143,0.7619047619047619,13C1 O15,de-protonated,,1.0,1847.0,C20 H16 O15 13C1,20.0,16.0,15.0,,,,1.0
993,1857,509.02129369641807,509.02091752384274,509.0209079120191,3019782.1908031767,161.1112948292669,432175.2049277191,15.902516652007227,-1,0.018882964348996372,0.9999353035984538,0.0,0.5999611821590722,14.0,0.8,0.7,O16,de-protonated,,0.0,,C20 H14 O16,20.0,14.0,16.0,,,,
994,1858,509.03661010691945,509.0362339237004,509.03616405330905,1642924.4348443467,210.42923637048324,407889.2719750509,8.471997297020408,-1,0.1372601718803989,0.9965872789899741,0.0,0.5979523673939845,18.0,0.5416666666666666,0.5833333333333334,O13,de-protonated,,0.0,,C24 H14 O13,24.0,14.0,13.0,,,,
995,1859,509.0576779414736,509.0573017436142,509.0572934213691,7280806.222468806,219.30345394769526,455456.0634239979,37.27836014906645,-1,0.016348346642902332,0.9999332352502777,0.9929541251897428,0.9971415912260637,13.0,0.7142857142857143,0.8571428571428571,O15,de-protonated,,0.0,,C21 H18 O15,21.0,18.0,15.0,,,,
996,1860,509.09401656919493,509.0936403460832,509.09367893071914,4225308.709787839,186.60722007148476,419679.1209205865,22.299418275843728,-1,-0.07579083681811413,0.9989582562042856,0.0,0.5993749537225713,12.0,0.6363636363636364,1.0,O14,de-protonated,,0.0,,C22 H22 O14,22.0,22.0,14.0,,,,
997,1862,509.1303598330078,509.1299835846406,509.130064440069,2634789.95476353,96.73857472785335,420574.7296369631,13.481571699959336,-1,-0.15881094840167576,0.9954341529989678,0.0,0.5972604917993807,11.0,0.5652173913043478,1.1304347826086956,O13,de-protonated,,0.0,,C23 H26 O13,23.0,26.0,13.0,,,,
998,1863,509.16677646620167,509.1664001925283,509.1664499494191,1630597.3692473937,100.54640700010015,486950.09424556815,8.52963884349774,-1,-0.0977222493902588,0.9982687311034029,0.0,0.5989612386620417,10.0,0.5,1.25,O12,de-protonated,,0.0,,C24 H30 O12,24.0,30.0,12.0,,,,
999,1865,510.0610141093388,510.0606372142946,510.0606482564391,1731614.9124922734,327.98838117677155,374853.3187620593,8.908894018615632,-1,-0.021648689261805912,0.9999149648316271,0.9929541251897428,0.9971306289748734,13.0,0.7142857142857143,0.8571428571428571,13C1 O15,de-protonated,,1.0,1859.0,C20 H18 O15 13C1,20.0,18.0,15.0,,,,1.0
1000,1867,511.0157479834541,511.01537042509307,511.0154286084191,2457331.259982766,145.03092300692248,411387.1373755491,12.578957483530225,-1,-0.11385825703330014,0.9976505175409663,0.0,0.5985903105245798,18.0,0.6086956521739131,0.5217391304347826,O14,de-protonated,,0.0,,C23 H12 O14,23.0,12.0,14.0,,,,
1001,1868,511.0369372880768,511.0365597149952,511.03655797647906,4496077.636258422,155.4646161368741,406614.1654641197,23.095919645348662,-1,0.003401940803423321,0.9999979000600453,0.0,0.5999987400360272,13.0,0.8,0.8,O16,de-protonated,,0.0,,C20 H16 O16,20.0,16.0,16.0,,,,
1002,1869,511.05221188511194,511.05183430141886,511.0518141177691,1917658.0011745237,175.57143502259436,471499.31126181374,9.8285386919585,-1,0.03949433153992479,0.9997170159831207,0.0,0.5998302095898724,17.0,0.5416666666666666,0.6666666666666666,O13,de-protonated,,0.0,,C24 H16 O13,24.0,16.0,13.0,,,,
1003,1870,511.0733348663387,511.0729572679712,511.07294348582906,7242256.341643397,123.24656579397697,445006.6627002333,37.23381895406124,-1,0.026967074538796647,0.4999340275138437,0.8149093904448103,0.6259241726862304,12.0,0.7142857142857143,0.9523809523809523,O15,de-protonated,,0.0,,C21 H20 O15,21.0,20.0,15.0,,,,
1004,1872,511.1460651283259,511.14568747943224,511.14571450452905,2137316.3943269877,180.0015213350715,427070.03511855804,10.954513900987267,-1,-0.052871609887301343,0.9994929056639941,0.0,0.5996957433983964,10.0,0.5652173913043478,1.2173913043478262,O13,de-protonated,,0.0,,C23 H28 O13,23.0,28.0,13.0,,,,
1005,1873,511.9624056981776,511.9620274822031,511.96202711077905,1682797.6203530496,119.8416861127177,481098.2537288775,8.623306356523402,-1,0.000725491405530721,0.999999904496706,0.0,0.5999999426980236,15.0,0.9375,0.5,N3 P1 O15,de-protonated,,0.0,,C16 H8 O15 N3 P1,16.0,8.0,15.0,3.0,1.0,,
1006,1874,512.1083521852123,512.1079738678616,512.108087655129,2045276.7120868359,136.05735475716074,398682.0198093645,10.494036546742226,-1,-0.22219384963147137,0.9910818635760987,0.0,0.5946491181456592,33.0,0.02564102564102564,0.38461538461538464,N1 O1,de-protonated,,0.0,,C39 H15 O1 N1,39.0,15.0,1.0,1.0,,,
1007,1874,512.1083521852123,512.1079738678616,512.107949270699,2045276.7120868359,136.05735475716074,398682.0198093645,10.494036546742226,-1,0.048031206310235344,0.9995814860664125,0.0,0.5997488916398475,6.0,0.7777777777777778,1.5,N1 S1 O14,de-protonated,,0.0,,C18 H27 O14 N1 S1,18.0,27.0,14.0,1.0,,1.0,
1008,1876,513.0314411690455,513.031062210556,513.0310786728791,4103153.345198451,129.42742713142997,423730.685841119,21.632610385912788,-1,-0.03208835437977896,0.9998131865462323,0.0,0.5998879119277394,17.0,0.6086956521739131,0.6086956521739131,O14,de-protonated,,0.0,,C23 H14 O14,23.0,14.0,14.0,,,,
1009,1877,513.0525846164137,513.0522056432399,513.052208040939,4185973.920583607,178.1142228271926,444928.3245665849,21.4492054653031,-1,-0.004673401925579629,0.9999960370441499,0.0,0.5999976222264899,12.0,0.8,0.9,O16,de-protonated,,0.0,,C20 H18 O16,20.0,18.0,16.0,,,,
1010,1878,513.0678079682821,513.0674289845355,513.0674641822291,1819243.7270555685,52.2162913446915,458807.81900457654,9.339240564474794,-1,-0.0686024666323902,0.9991464128457994,0.0,0.5994878477074796,16.0,0.5416666666666666,0.75,O13,de-protonated,,0.0,,C24 H18 O13,24.0,18.0,13.0,,,,
1011,1879,513.0889295857583,513.0885505873425,513.088593550289,3544951.3109976733,74.41363732459726,445221.51326086133,18.83306527632061,-1,-0.08373397313623991,0.9987286035361886,0.0,0.5992371621217132,11.0,0.7142857142857143,1.0476190476190477,O15,de-protonated,,0.0,,C21 H22 O15,21.0,22.0,15.0,,,,
1012,1881,513.1254164863918,513.1250374626359,513.124979059639,2523416.96252391,120.74286908504195,378917.6309411006,13.298166779349646,-1,0.11381826889282039,0.9976521656353685,0.0,0.5985912993812211,10.0,0.6363636363636364,1.1818181818181819,O14,de-protonated,,0.0,,C22 H26 O14,22.0,26.0,14.0,,,,
1013,1882,513.1351442670614,513.1347652365495,513.1347128470791,1655701.1667329823,154.67132528163918,447456.63126409915,8.532258913792163,-1,0.10209691351175847,0.9981104063923757,0.0,0.5988662438354254,0.0,0.7333333333333333,2.3333333333333335,N2 S2 P1 O11,de-protonated,,0.0,,C15 H35 O11 N2 P1 S2,15.0,35.0,11.0,2.0,1.0,2.0,
1014,1883,513.1616604259118,513.1612813769844,513.161364568989,1716920.7124208058,156.12843260524596,362195.9283905542,8.925924475529389,-1,-0.16211665632905262,0.9952425527276411,0.0,0.5971455316365846,9.0,0.5652173913043478,1.3043478260869565,O13,de-protonated,,0.0,,C23 H30 O13,23.0,30.0,13.0,,,,
1015,1885,515.0106394505744,515.0102591177117,515.010343227989,2178256.074535529,239.71982714011597,414479.0615458217,11.227656229180981,-1,-0.16331764667846865,0.9951719745872223,0.0,0.5971031847523334,17.0,0.6818181818181818,0.5454545454545454,O15,de-protonated,,0.0,,C22 H12 O15,22.0,12.0,15.0,,,,
1016,1886,515.0318010139108,515.0314206663554,515.0314725960491,1905449.3347872177,84.29736300307015,425327.9563034884,9.862599605786013,-1,-0.10082819481453023,0.9981570340589802,0.0,0.5988942204353881,12.0,0.8947368421052632,0.8421052631578947,O17,de-protonated,,0.0,,C19 H16 O17,19.0,16.0,17.0,,,,
1017,1887,515.0471203840906,515.0467400258989,515.046728737339,4428363.273403772,100.40408303317689,427777.1502368287,22.805091842667583,-1,0.021917545096164587,0.9999128396995648,0.0,0.5999477038197388,16.0,0.6086956521739131,0.6956521739130435,O14,de-protonated,,0.0,,C23 H16 O14,23.0,16.0,14.0,,,,
1018,1888,515.0681917858814,515.0678114130598,515.0678581053991,3724471.06646964,53.16021393921111,435115.8205020308,19.61908636464785,-1,-0.09065279181327644,0.9985099788252797,0.0,0.5991059872951678,11.0,0.8,1.0,O16,de-protonated,,0.0,,C20 H20 O16,20.0,20.0,16.0,,,,
1019,1889,515.1045916075062,515.1042112094121,515.104243614749,2889415.9114193483,209.30698122649594,423673.7617483315,14.838768112471032,-1,-0.06291025013299394,0.999282138397899,0.0,0.5995692830387394,10.0,0.7142857142857143,1.1428571428571428,O15,de-protonated,,0.0,,C21 H24 O15,21.0,24.0,15.0,,,,
1020,1890,515.14105486884,515.1406744454296,515.1406291240991,1608309.7484100005,83.27641485377684,476728.83087782067,8.242086128684692,-1,0.08797855952591438,0.9985965317746457,0.0,0.5991579190647874,9.0,0.6363636363636364,1.2727272727272727,O14,de-protonated,,0.0,,C22 H28 O14,22.0,28.0,14.0,,,,
1021,1892,517.0264093176378,517.0260275854189,517.025993292449,3781052.0118913604,150.90143223487007,421295.57047818915,19.6465971027393,-1,0.06632736132550292,0.9992020678893889,0.0,0.5995212407336333,16.0,0.6818181818181818,0.6363636363636364,O15,de-protonated,,0.0,,C22 H14 O15,22.0,14.0,15.0,,,,
1022,1893,517.0474348698696,517.0470531230568,517.047122660509,1793427.3333430449,199.88216599276308,396454.61447845533,9.364786249845428,-1,-0.13448958352820925,0.996723435997904,0.0,0.5980340615987424,11.0,0.8947368421052632,0.9473684210526315,O17,de-protonated,,0.0,,C19 H18 O17,19.0,18.0,17.0,,,,
1023,1894,517.0627834159666,517.0624016585004,517.062378801799,4270086.862264185,92.14527246889558,457381.03449574526,22.29286810010767,-1,0.0442049206666602,0.999645498506782,0.0,0.5997872991040691,15.0,0.6086956521739131,0.782608695652174,O14,de-protonated,,0.0,,C23 H18 O14,23.0,18.0,14.0,,,,
1024,1895,517.0839293225978,517.0835475504543,517.0835081698591,1726860.0477777587,116.54017349610982,418704.84946048947,8.952780196047236,-1,0.07615906254537588,0.9989481144400656,0.0,0.5993688686640394,10.0,0.8,1.1,O16,de-protonated,,0.0,,C20 H22 O16,20.0,22.0,16.0,,,,
1025,1896,517.0990208905149,517.0986391078966,517.098764311149,1669364.2936308447,98.70229006594516,446025.2840951487,8.808021312280303,-1,-0.24212638100243417,0.9894189150338106,0.0,0.5936513490202864,14.0,0.5416666666666666,0.9166666666666666,O13,de-protonated,,0.0,,C24 H22 O13,24.0,22.0,13.0,,,,
1026,1898,519.0056086390503,519.005225533268,519.005257847559,1714939.1005436145,209.94182122500678,352807.82621868263,8.79492096080818,-1,-0.06226197241518684,0.9992968518374182,0.0,0.599578111102451,16.0,0.7619047619047619,0.5714285714285714,O16,de-protonated,,0.0,,C21 H12 O16,21.0,12.0,16.0,,,,
1027,1899,519.0420297261335,519.0416465950788,519.041643356909,5658852.448461083,141.0320076045479,407872.0882786976,28.951776753386582,-1,0.006238747415518744,0.9999929376847375,0.0,0.5999957626108425,15.0,0.6818181818181818,0.7272727272727273,O15,de-protonated,,0.0,,C22 H16 O15,22.0,16.0,15.0,,,,
1028,1900,519.0630516813968,519.062668535755,519.062772724969,1591208.0289989524,101.32997950324051,358274.66791926994,8.243723672618707,-1,-0.20072565293802266,0.9927159477337204,0.0,0.5956295686402322,10.0,0.8947368421052632,1.0526315789473684,O17,de-protonated,,0.0,,C19 H20 O17,19.0,20.0,17.0,,,,
1029,1901,519.0784030194959,519.0780198632021,519.078028866259,4846283.810372721,235.00350050120346,416506.65851739584,24.960099659831428,-1,-0.017344322822371524,0.9999454170917177,0.0,0.5999672502550306,14.0,0.6086956521739131,0.8695652173913043,O14,de-protonated,,0.0,,C23 H20 O14,23.0,20.0,14.0,,,,
1030,1902,519.114837823114,519.1144546415385,519.114414375609,1844375.1164269308,133.9074107074506,356024.4552653008,9.530505695967754,-1,0.07756657940372655,0.998908896195085,0.0,0.599345337717051,13.0,0.5416666666666666,1.0,O13,de-protonated,,0.0,,C24 H24 O13,24.0,24.0,13.0,,,,
1031,1903,519.1511534554251,519.1507702486507,519.150799884959,1568168.104967882,73.51489987369793,438449.6095390189,8.088156998887273,-1,-0.057086126704049424,0.9994088651175199,0.0,0.5996453190705119,12.0,0.48,1.12,O12,de-protonated,,0.0,,C25 H28 O12,25.0,28.0,12.0,,,,
1032,1905,520.3242732319885,520.3238892112765,520.323953651909,2088354.7682693691,65.9780193238455,419941.0605458542,10.955168918560872,-1,-0.12384713804039392,0.9972207886151058,0.0,0.5983324731690635,3.0,0.375,1.9583333333333333,N3 O9,de-protonated,,0.0,,C24 H47 O9 N3,24.0,47.0,9.0,3.0,,,
1033,1907,521.0212890207371,521.0209045164866,521.020907912019,3728788.4648172124,80.44791581650472,437522.15534351754,19.174984449742958,-1,-0.006517075160426941,0.9999922934923446,0.0,0.5999953760954068,15.0,0.7619047619047619,0.6666666666666666,O16,de-protonated,,0.0,,C21 H14 O16,21.0,14.0,16.0,,,,
1034,1908,521.0576774657078,521.0572929362148,521.0572934213691,7046586.577593852,113.44209557630039,420207.00492837775,36.11766900863656,-1,-0.000931095804631273,0.4999999213474988,0.8077896627745582,0.6231158179183226,14.0,0.6818181818181818,0.8181818181818182,O15,de-protonated,,0.0,,C22 H18 O15,22.0,18.0,15.0,,,,
1035,1909,521.0940952123816,521.0937106576262,521.0936789307191,3215750.741169602,157.83204973642142,400737.4313046711,16.45142137868908,-1,0.06088522729171883,0.9993275939079893,0.0,0.5995965563447936,13.0,0.6086956521739131,0.9565217391304348,O14,de-protonated,,0.0,,C23 H22 O14,23.0,22.0,14.0,,,,
1036,1912,523.036934315913,523.0365484136348,523.036557976479,5469966.03832016,129.42779977865692,419320.5181504727,28.467063748918118,-1,-0.0182833188966201,0.999939347217979,0.0,0.5999636083307873,14.0,0.7619047619047619,0.7619047619047619,O16,de-protonated,,0.0,,C21 H16 O16,21.0,16.0,16.0,,,,
1037,1913,523.0733120697697,523.0729261422642,523.072943485829,4795626.475285146,110.8092230846804,442032.25988015946,24.82909614511022,-1,-0.033157067250172485,0.9998005368230212,0.0,0.5998803220938127,13.0,0.6818181818181818,0.9090909090909091,O15,de-protonated,,0.0,,C22 H20 O15,22.0,20.0,15.0,,,,
1038,1914,523.1096991809964,523.1093132282573,523.109328995179,3074069.187039202,87.40857258449051,435684.7250467284,15.801643945671898,-1,-0.03014077714175647,0.99983517354206,0.0,0.599901104125236,12.0,0.6086956521739131,1.0434782608695652,O14,de-protonated,,0.0,,C23 H24 O14,23.0,24.0,14.0,,,,
1039,1915,523.1461062406646,523.1457202626781,523.145714504529,1786593.5757606095,80.06044678014206,349630.6325305603,9.178761258941316,-1,0.011006778659910805,0.9999780178826924,0.0,0.5999868107296153,11.0,0.5416666666666666,1.1666666666666667,O13,de-protonated,,0.0,,C24 H28 O13,24.0,28.0,13.0,,,,
1040,1918,525.0313920847502,525.03100479955,525.0310786728791,2541560.9716262654,61.08725211197543,424253.41914855724,13.000788800932508,-1,-0.14070277366401515,0.9964142554635509,0.0,0.5978485532781305,18.0,0.5833333333333334,0.5833333333333334,O14,de-protonated,,0.0,,C24 H14 O14,24.0,14.0,14.0,,,,
1041,1919,525.0526029572181,525.052215657313,525.052208040939,5551407.387511192,209.2736610109037,427095.2794668324,29.004178159275064,-1,0.014505936478476603,0.9999618198983666,0.0,0.5999770919390199,13.0,0.7619047619047619,0.8571428571428571,O16,de-protonated,,0.0,,C21 H18 O16,21.0,18.0,16.0,,,,
1042,1920,525.0888770450655,525.0884897200124,525.088593550289,3656958.2616633954,140.2640068603484,422576.3826450854,18.70599186704104,-1,-0.19773858722651258,0.9929303650486873,0.0,0.5957582190292123,12.0,0.6818181818181818,1.0,O15,de-protonated,,0.0,,C22 H22 O15,22.0,22.0,15.0,,,,
1043,1921,525.1253916836686,525.1250043333008,525.124979059639,2573771.9038735987,119.20151214721156,442029.54954004585,13.608645109238905,-1,0.048128850815657896,0.9995797830682293,0.0,0.5997478698409375,11.0,0.6086956521739131,1.1304347826086956,O14,de-protonated,,0.0,,C23 H26 O14,23.0,26.0,14.0,,,,
1044,1922,525.1617106488724,525.1613232733257,525.161364568989,1636827.6058205178,231.07763274127606,435536.35143010446,8.44514157650256,-1,-0.07863423722452152,0.9988786696490092,0.0,0.5993272017894055,10.0,0.5416666666666666,1.25,O13,de-protonated,,0.0,,C24 H30 O13,24.0,30.0,13.0,,,,
1045,1926,527.0107715458219,527.010382888558,527.010343227989,1736645.1991194317,145.78268108562318,403721.0952038476,8.90234384287957,-1,0.07525576961175368,0.9989729057332261,0.0,0.5993837434399356,18.0,0.6521739130434783,0.5217391304347826,O15,de-protonated,,0.0,,C23 H12 O15,23.0,12.0,15.0,,,,
1046,1927,527.0319293414085,527.0315406694806,527.031472596049,2485622.8322298555,94.0353086807821,422914.72426256136,12.804938546424305,-1,0.1291638833244892,0.9969774127854635,0.0,0.598186447671278,13.0,0.85,0.8,O17,de-protonated,,0.0,,C20 H16 O17,20.0,16.0,17.0,,,,
1047,1928,527.0472026745358,527.0468139920224,527.046728737339,2928157.468549506,163.2488654040563,415633.81636428554,15.298590449142466,-1,0.16175924975557726,0.995263456684599,0.0,0.5971580740107594,17.0,0.5833333333333334,0.6666666666666666,O14,de-protonated,,0.0,,C24 H16 O14,24.0,16.0,14.0,,,,
1048,1929,527.0682161813329,527.0678274842555,527.0678581053991,4602561.617816396,133.6287402000645,383534.6924176804,24.044385091930195,-1,-0.05809715592849282,0.9993877474670142,0.0,0.5996326484802085,12.0,0.7619047619047619,0.9523809523809523,O16,de-protonated,,0.0,,C21 H20 O16,21.0,20.0,16.0,,,,
1049,1930,527.0835124681373,527.0831237604586,527.083114246689,1780554.848746236,82.3192249230948,409385.75487860513,9.208892067327193,-1,0.018049847190709907,0.9999408863126029,0.0,0.5999645317875617,16.0,0.52,0.8,O13,de-protonated,,0.0,,C25 H20 O13,25.0,20.0,13.0,,,,
1050,1931,527.1046683548384,527.1042796324972,527.104243614749,3385158.4049570863,145.9060241045082,418904.5093214867,17.342245278793282,-1,0.06833135699395206,0.9991531432340462,0.0,0.5994918859404277,11.0,0.6818181818181818,1.0909090909090908,O15,de-protonated,,0.0,,C22 H24 O15,22.0,24.0,15.0,,,,
1051,1932,527.1409623631874,527.140573615692,527.1406291240991,1635099.2570475894,152.39579837522578,422570.3766464416,8.465447121284347,-1,-0.10530094625906962,0.9979900671019575,0.0,0.5987940402611744,10.0,0.6086956521739131,1.2173913043478262,O14,de-protonated,,0.0,,C23 H28 O14,23.0,28.0,14.0,,,,
1052,1933,527.2865675301911,527.2861786817831,527.286171161499,1950404.900685994,66.8686908154356,396331.69610996934,10.00801350712655,-1,0.014262244023825709,0.999963091912686,0.0,0.5999778551476116,6.0,0.37037037037037035,1.6296296296296295,O10,de-protonated,,0.0,,C27 H44 O10,27.0,44.0,10.0,,,,
1053,1934,529.0264322794635,529.0260422253991,529.025993292449,3497992.0220740205,116.69673382831958,418811.4333342526,17.948791551952468,-1,0.09249630590614918,0.9984488080225215,0.0,0.5990692848135128,17.0,0.6521739130434783,0.6086956521739131,O15,de-protonated,,0.0,,C23 H14 O15,23.0,14.0,15.0,,,,
1054,1935,529.0475815182893,529.0471914495714,529.047122660509,2573061.7100313483,141.3434638638614,427704.9246124197,13.158648036171561,-1,0.13002445241357877,0.9969370638989082,0.0,0.5981622383393449,12.0,0.85,0.9,O17,de-protonated,,0.0,,C20 H18 O17,20.0,18.0,17.0,,,,
1055,1936,529.0627235959026,529.0623335166932,529.062378801799,4204611.650632622,217.4911347516441,413191.4860294056,21.65881108885703,-1,-0.0855950216814647,0.9986714980370115,0.0,0.5992028988222069,16.0,0.5833333333333334,0.75,O14,de-protonated,,0.0,,C24 H18 O14,24.0,18.0,14.0,,,,
1056,1937,529.083922899369,529.0835328054714,529.0835081698591,3666144.112223996,218.14148366687812,411610.58689655253,18.766253483812797,-1,0.0465628050552441,0.9996066794149194,0.0,0.5997640076489517,11.0,0.7619047619047619,1.0476190476190477,O16,de-protonated,,0.0,,C21 H22 O16,21.0,22.0,16.0,,,,
1057,1938,529.1202840320287,529.1198939129378,529.119893679209,2223210.4162260396,126.27216353043644,417737.6167628867,11.462807538105547,-1,0.00044173120773563995,0.9999999645945609,0.0,0.5999999787567365,10.0,0.6818181818181818,1.1818181818181819,O15,de-protonated,,0.0,,C22 H26 O15,22.0,26.0,15.0,,,,
1058,1940,529.2657859663294,529.265395746427,529.265435716609,1635194.7042725142,160.12767273038025,389925.49257032474,8.428111119588804,-1,-0.07552010636667943,0.998965681439724,0.0,0.5993794088638343,6.0,0.4230769230769231,1.6153846153846154,O11,de-protonated,,0.0,,C26 H42 O11,26.0,42.0,11.0,,,,
1059,1943,531.0420532228189,531.0416617723984,531.041643356909,5273502.699357944,89.74898952759038,404006.117160695,26.985413997421276,-1,0.03467805121889924,0.9997818195595796,0.0,0.5998690917357478,16.0,0.6521739130434783,0.6956521739130435,O15,de-protonated,,0.0,,C23 H16 O15,23.0,16.0,15.0,,,,
1060,1944,531.0631444181477,531.062752953118,531.062772724969,1788071.8633935335,52.836711561086744,413833.1548154901,9.393607023084094,-1,-0.03723072310654093,0.999748520749624,0.0,0.5998491124497743,11.0,0.85,1.0,O17,de-protonated,,0.0,,C20 H20 O17,20.0,20.0,17.0,,,,
1061,1945,531.0783624030314,531.0779709274609,531.078028866259,2943844.9886739766,96.69152933179112,357702.97137568827,15.074574438969202,-1,-0.10909658277481303,0.9978427163434843,0.0,0.5987056298060905,15.0,0.5833333333333334,0.8333333333333334,O14,de-protonated,,0.0,,C24 H20 O14,24.0,20.0,14.0,,,,
1062,1946,531.0994546997866,531.0990632096062,531.099158234319,2543394.0137723763,138.71554966632203,373288.0431635263,13.398384468111368,-1,-0.17892084990960153,0.9942081806176114,0.0,0.5965249083705668,10.0,0.7619047619047619,1.1428571428571428,O16,de-protonated,,0.0,,C21 H24 O16,21.0,24.0,16.0,,,,
1063,1947,533.021286084475,533.020893263312,533.020907912019,2237204.4388772505,117.15412276328547,402204.2505111888,11.613461580034935,-1,-0.02748242467416635,0.9998629641612854,0.0,0.5999177784967712,16.0,0.7272727272727273,0.6363636363636364,O16,de-protonated,,0.0,,C22 H14 O16,22.0,14.0,16.0,,,,
1064,1948,533.0576929508874,533.0573001045142,533.0572934213691,5460711.764470561,330.6214477898185,403846.947569526,28.178856016531466,-1,0.012537386102196114,0.9999714792043967,0.0,0.599982887522638,15.0,0.6521739130434783,0.782608695652174,O15,de-protonated,,0.0,,C23 H18 O15,23.0,18.0,15.0,,,,
1065,1949,533.09401888896,533.0936260174327,533.0936789307191,3284035.742020863,79.90947469496025,405155.0056535332,17.355345630265404,-1,-0.09925701327713679,0.9982139726134006,0.0,0.5989283835680403,14.0,0.5833333333333334,0.9166666666666666,O14,de-protonated,,0.0,,C24 H22 O14,24.0,22.0,14.0,,,,
1066,1950,533.2889980165465,533.2886050100071,533.288493637039,1698470.725041355,137.28510794000255,374590.31590539485,8.697323342340884,-1,0.208841873541392,0.9921173608214309,0.0,0.5952704164928585,4.0,0.34615384615384615,1.8076923076923077,P1 O9,de-protonated,,0.0,,C26 H47 O9 P1,26.0,47.0,9.0,,1.0,,
1067,1952,535.036954692879,535.0365604761523,535.036557976479,5134403.105268389,227.18488299075543,384403.4639794324,27.005064524629457,-1,0.0046719673212868625,0.9999960394768059,0.0,0.5999976236860836,15.0,0.7272727272727273,0.7272727272727273,O16,de-protonated,,0.0,,C22 H16 O16,22.0,16.0,16.0,,,,
1068,1953,535.0733825820078,535.0729883400637,535.072943485829,4839747.50198165,131.19604096575642,454038.14740766614,25.105513561171964,-1,0.08382826166386668,0.9987257404416275,0.0,0.5992354442649765,14.0,0.6521739130434783,0.8695652173913043,O15,de-protonated,,0.0,,C23 H20 O15,23.0,20.0,15.0,,,,
1069,1954,535.109596929441,535.1092026624276,535.109328995179,1842677.0145449038,102.3450340339421,413277.0403216213,9.578321978840995,-1,-0.2360877386117272,0.9899374875896818,0.0,0.5939624925538091,13.0,0.5833333333333334,1.0,O14,de-protonated,,0.0,,C24 H24 O14,24.0,24.0,14.0,,,,
1070,1957,537.0525852048002,537.0521895929528,537.052208040939,5950919.028163111,169.86982327179356,421973.02769900265,31.223377698652296,-1,-0.034350452263867085,0.999785921892671,0.0,0.5998715531356026,14.0,0.7272727272727273,0.8181818181818182,O16,de-protonated,,0.0,,C22 H18 O16,22.0,18.0,16.0,,,,
1071,1958,537.0889539286217,537.0885582916054,537.088593550289,3676783.2484203978,235.21226660876727,387123.524982395,18.846165627792733,-1,-0.06564779823611154,0.9992183283432678,0.0,0.5995309970059607,13.0,0.6521739130434783,0.9565217391304348,O15,de-protonated,,0.0,,C23 H22 O15,23.0,22.0,15.0,,,,
1072,1959,537.1252638613752,537.124868199231,537.124979059639,2255726.9422884863,151.41323029477343,395617.79508594493,11.761495551669897,-1,-0.20639592721900016,0.9923002132362002,0.0,0.5953801279417201,12.0,0.5833333333333334,1.0833333333333333,O14,de-protonated,,0.0,,C24 H26 O14,24.0,26.0,14.0,,,,
1073,1961,539.0317460711727,539.0313490898524,539.031472596049,3031259.622726301,190.4028621808877,380993.3100397244,15.601208568148452,-1,-0.22912613245449986,0.9905193915547033,0.0,0.5943116349328219,14.0,0.8095238095238095,0.7619047619047619,O17,de-protonated,,0.0,,C21 H16 O17,21.0,16.0,17.0,,,,
1074,1962,539.0472496605018,539.0468526684555,539.046728737339,1781721.912983146,151.06024415421433,388484.41516770417,9.127669888200046,-1,0.22990792798462917,0.9904548943689525,0.0,0.5942729366213715,18.0,0.56,0.64,O14,de-protonated,,0.0,,C25 H16 O14,25.0,16.0,14.0,,,,
1075,1963,539.0682254419895,539.0678284354311,539.0678581053991,5352778.187615002,165.19783950433262,426483.2465811552,27.398075068793077,-1,-0.05503939345989542,0.999450482214491,0.0,0.5996702893286946,13.0,0.7272727272727273,0.9090909090909091,O16,de-protonated,,0.0,,C22 H20 O16,22.0,20.0,16.0,,,,
1076,1964,539.1046013587791,539.1042043270545,539.104243614749,3173595.0094168503,369.0250553542973,395247.4236263924,16.287666985287572,-1,-0.07287587681633284,0.9990368095314999,0.0,0.5994220857188999,12.0,0.6521739130434783,1.0434782608695652,O15,de-protonated,,0.0,,C23 H24 O15,23.0,24.0,15.0,,,,
1077,1965,539.141099852886,539.1407027959103,539.1406291240991,1890041.1699411694,280.2171571266093,403649.3967325719,9.696880159663687,-1,0.1366467435120211,0.9966176628286347,0.0,0.5979705976971809,11.0,0.5833333333333334,1.1666666666666667,O14,de-protonated,,0.0,,C24 H28 O14,24.0,28.0,14.0,,,,
1078,1966,541.0263513726347,541.025953011561,541.025993292449,2889058.7667251225,150.31077522841468,396679.97273211123,15.035273384552841,-1,-0.074452777712582,0.9989946963756687,0.0,0.5993968178254012,18.0,0.625,0.5833333333333334,O15,de-protonated,,0.0,,C24 H14 O15,24.0,14.0,15.0,,,,
1079,1967,541.0475839238576,541.0471855480986,541.047122660509,2645858.191676171,218.19394179025983,380981.5976589219,13.537248193715849,-1,0.1162331097584998,0.9975516058248792,0.0,0.5985309634949275,13.0,0.8095238095238095,0.8571428571428571,O17,de-protonated,,0.0,,C21 H18 O17,21.0,18.0,17.0,,,,
1080,1968,541.0839625127416,541.0835641118219,541.0835081698591,2951897.5546504045,115.78752132278682,463080.2895803129,15.150556477507502,-1,0.10338877825136378,0.9980623312494604,0.0,0.5988373987496762,12.0,0.7272727272727273,1.0,O16,de-protonated,,0.0,,C22 H22 O16,22.0,22.0,16.0,,,,
1081,1970,541.3022928578156,541.3018943058935,541.3018212259591,1666495.2442984842,146.29458783643173,310543.0128922046,8.634114146487901,-1,0.1350077378827636,0.996698181624268,0.0,0.5980189089745608,6.0,0.35714285714285715,1.6428571428571428,O10,de-protonated,,0.0,,C28 H46 O10,28.0,46.0,10.0,,,,
1082,1973,543.0055733291598,543.0051735993774,543.005257847559,1619409.1348351012,65.13394509704408,326486.5009233516,8.31151799148693,-1,-0.15515168676803145,0.9956416840381646,0.0,0.5973850104228987,18.0,0.6956521739130435,0.5217391304347826,O16,de-protonated,,0.0,,C23 H12 O16,23.0,12.0,16.0,,,,
1083,1974,543.0420643331204,543.0416645781066,543.041643356909,4382146.716684822,285.87458078626076,409897.6866939186,22.634787273530016,-1,0.03907839821230187,0.9997229442502152,0.0,0.5998337665501291,17.0,0.625,0.6666666666666666,O15,de-protonated,,0.0,,C24 H16 O15,24.0,16.0,15.0,,,,
1084,1975,543.0631952142643,543.0627954446401,543.062772724969,3386451.8196572815,166.05062601514214,383764.14033639757,17.68809455765727,-1,0.04183617841665185,0.9996824669897276,0.0,0.5998094801938365,12.0,0.8095238095238095,0.9523809523809523,O17,de-protonated,,0.0,,C21 H20 O17,21.0,20.0,17.0,,,,
1085,1977,543.0995359579598,543.0991361632085,543.099158234319,2118544.9482311676,151.9920494712797,433126.0725986825,11.28595279323192,-1,-0.04063919112813923,0.999700374433733,0.0,0.5998202246602398,11.0,0.7272727272727273,1.0909090909090908,O16,de-protonated,,0.0,,C22 H24 O16,22.0,24.0,16.0,,,,
1086,1980,545.0213416844682,545.0209405611165,545.020907912019,2321753.5230116183,277.49721969110453,387799.8690055732,12.358216561224992,-1,0.059904302862537236,0.9993490787032109,0.0,0.5996094472219266,17.0,0.6956521739130435,0.6086956521739131,O16,de-protonated,,0.0,,C23 H14 O16,23.0,14.0,16.0,,,,
1087,1981,545.0577151382723,545.0573139897782,545.0572934213691,3537266.055407024,282.949628160321,396404.98185073753,18.14660685918149,-1,0.03773623319100833,0.9997416462228506,0.0,0.5998449877337103,16.0,0.625,0.75,O15,de-protonated,,0.0,,C24 H18 O15,24.0,18.0,15.0,,,,
1088,1983,545.0941824057078,545.0937812320066,545.0936789307191,1997826.6780115708,149.39327544774068,396634.148383,10.456045527473076,-1,0.18767652504166957,0.9936293070932498,0.0,0.5961775842559499,15.0,0.56,0.88,O14,de-protonated,,0.0,,C25 H22 O14,25.0,22.0,14.0,,,,
1089,1986,547.0369547853628,547.0365522689657,547.036557976479,3877496.8329119342,164.02540461204762,405540.3247155985,19.865372972323716,-1,-0.010433513495119924,0.9999802480169897,0.0,0.5999881488101938,16.0,0.6956521739130435,0.6956521739130435,O16,de-protonated,,0.0,,C23 H16 O16,23.0,16.0,16.0,,,,
1090,1987,547.0733210360638,547.0729184945369,547.072943485829,4282973.569695544,154.78586207841914,388689.2165359197,22.273217572899487,-1,-0.04568182797399327,0.9996214192253284,0.0,0.599772851535197,15.0,0.625,0.8333333333333334,O15,de-protonated,,0.0,,C24 H20 O15,24.0,20.0,15.0,,,,
1091,1988,547.1096826400319,547.1092800733784,547.109328995179,1909517.4741379044,38.74784590916981,424282.34798268066,9.849499254313892,-1,-0.08941869205956245,0.9985502422027568,0.0,0.5991301453216541,14.0,0.56,0.96,O14,de-protonated,,0.0,,C25 H24 O14,25.0,24.0,14.0,,,,
1092,1992,549.0526317402179,549.0522278311479,549.052208040939,4679651.601744603,133.8971766399839,398895.8697197207,23.98412347515844,-1,0.03604431156669595,0.9997642910301476,0.0,0.5998585746180886,15.0,0.6956521739130435,0.782608695652174,O16,de-protonated,,0.0,,C23 H18 O16,23.0,18.0,16.0,,,,
1093,1993,549.0889788669314,549.0885749327522,549.088593550289,3549750.2376267724,212.47185986315912,355690.3317489272,18.24747956551682,-1,-0.03390625314621721,0.9997914221759022,0.0,0.5998748533055414,14.0,0.625,0.9166666666666666,O15,de-protonated,,0.0,,C24 H22 O15,24.0,22.0,15.0,,,,
1094,1997,551.0318973270026,551.0314920508224,551.031472596049,3332971.8535233536,151.2774455409154,408008.16232004715,17.241372572457955,-1,0.03530610213466098,0.9997738460063514,0.0,0.5998643076038108,15.0,0.7727272727272727,0.7272727272727273,O17,de-protonated,,0.0,,C22 H16 O17,22.0,16.0,17.0,,,,
1095,1998,551.0683103645047,551.0679050631771,551.0678581053991,5276744.029081697,93.5004966135736,389191.9608479264,27.094146914639875,-1,0.08521233343054857,0.9986833429194836,0.0,0.5992100057516901,14.0,0.6956521739130435,0.8695652173913043,O16,de-protonated,,0.0,,C23 H20 O16,23.0,20.0,16.0,,,,
1096,1999,551.1046622677054,551.104256941273,551.104243614749,1793372.7989954865,220.91090107560308,397928.5406196886,9.221337401225709,-1,0.024181494120086133,0.999893904478528,0.0,0.5999363426871168,13.0,0.625,1.0,O15,de-protonated,,0.0,,C24 H24 O15,24.0,24.0,15.0,,,,
1097,2001,553.0264057335913,553.0259990801787,553.025993292449,2598453.924466044,80.37845836743624,368313.1855282026,13.303406919938494,-1,0.010465565433966382,0.9999801264749066,0.0,0.599988075884944,19.0,0.6,0.56,O15,de-protonated,,0.0,,C25 H14 O15,25.0,14.0,15.0,,,,
1098,2002,553.0474862405156,553.0470795725488,553.047122660509,3577213.5718868966,221.33807285602842,417564.8994909036,18.453155083629113,-1,-0.07791010644139686,0.9988992155610215,0.0,0.5993395293366128,14.0,0.7727272727272727,0.8181818181818182,O17,de-protonated,,0.0,,C22 H18 O17,22.0,18.0,17.0,,,,
1099,2003,553.0839046386066,553.0834979454963,553.0835081698591,3879983.215626288,201.73814227128676,369128.14307195006,20.298994606050908,-1,-0.018486110355771822,0.9999379943240706,0.0,0.5999627965944423,13.0,0.6956521739130435,0.9565217391304348,O16,de-protonated,,0.0,,C23 H22 O16,23.0,22.0,16.0,,,,
1100,2004,553.1203888484082,553.1199821301092,553.119893679209,2299388.3140313057,191.7858180995247,332943.0036349852,11.800141588512654,-1,0.1599127082650033,0.995370728977417,0.0,0.5972224373864502,12.0,0.625,1.0833333333333333,O15,de-protonated,,0.0,,C24 H26 O15,24.0,26.0,15.0,,,,
1101,2006,555.0420362593126,555.041628214497,555.041643356909,3241693.828119284,95.84494537621029,386464.911997754,16.67281731856792,-1,-0.027281578300243563,0.9998649596713586,0.0,0.5999189758028152,18.0,0.6,0.64,O15,de-protonated,,0.0,,C25 H16 O15,25.0,16.0,15.0,,,,
1102,2007,555.0631770120735,555.0627689526665,555.062772724969,3571657.527284258,153.11832768219082,398764.03001396067,18.55402778996444,-1,-0.006796172828929865,0.9999916192895238,0.0,0.5999949715737143,13.0,0.7727272727272727,0.9090909090909091,O17,de-protonated,,0.0,,C22 H20 O17,22.0,20.0,17.0,,,,
1103,2008,555.0995533442955,555.0991452597816,555.099158234319,2438915.9358684155,143.9375930252299,408757.21981064754,12.519350884332075,-1,-0.02337336891973809,0.9999008768874256,0.0,0.5999405261324553,12.0,0.6956521739130435,1.0434782608695652,O16,de-protonated,,0.0,,C23 H24 O16,23.0,24.0,16.0,,,,
1104,2012,557.0213484083237,557.0209389975812,557.020907912019,2844376.7472090162,440.33017967734054,368898.16540804197,14.612132032003345,-1,0.05580681404570811,0.999435055762852,0.0,0.5996610334577112,18.0,0.6666666666666666,0.5833333333333334,O16,de-protonated,,0.0,,C24 H14 O16,24.0,14.0,16.0,,,,
1105,2013,557.0424588456976,557.0420494203889,557.0420372800791,1824072.829283385,160.20771754310852,344708.16569393955,9.60714275207966,-1,0.02179424363854828,0.9999138175737358,0.0,0.5999482905442415,13.0,0.8571428571428571,0.8571428571428571,O18,de-protonated,,0.0,,C21 H18 O18,21.0,18.0,18.0,,,,
1106,2014,557.057665024078,557.0572555882771,557.0572934213691,2611740.940731514,102.4056936915602,378792.29032407753,13.560828826365665,-1,-0.06791597988985056,0.9991634035017807,0.0,0.5994980421010684,17.0,0.6,0.72,O15,de-protonated,,0.0,,C25 H18 O15,25.0,18.0,15.0,,,,
1107,2015,557.0787518927792,557.0783424424285,557.078422789429,3006081.546854245,270.7172766394498,366091.33952572383,15.398808137904188,-1,-0.14422924542620913,0.9962326052817067,0.0,0.597739563169024,12.0,0.7727272727272727,1.0,O17,de-protonated,,0.0,,C22 H22 O17,22.0,22.0,17.0,,,,
1108,2019,559.0370400568445,559.0366292554824,559.036557976479,3052201.063899563,237.31847590774572,391418.66868935514,16.043345430332522,-1,0.12750329532716212,0.9970545187851674,0.0,0.5982327112711004,17.0,0.6666666666666666,0.6666666666666666,O16,de-protonated,,0.0,,C24 H16 O16,24.0,16.0,16.0,,,,
1109,2020,559.0580173514103,559.0576065355782,559.057687344539,1688228.1856690636,119.11750192894706,376549.8568862252,8.66326242851337,-1,-0.1445449416110907,0.996216125984317,0.0,0.5977296755905902,12.0,0.8571428571428571,0.9523809523809523,O18,de-protonated,,0.0,,C21 H20 O18,21.0,20.0,18.0,,,,
1110,2021,559.0733565212578,559.0729456948449,559.072943485829,2877697.780606076,162.94504356990979,400414.8577347045,15.02217303308072,-1,0.00395121224634069,0.9999971672129295,0.0,0.5999983003277577,16.0,0.6,0.8,O15,de-protonated,,0.0,,C25 H20 O15,25.0,20.0,15.0,,,,
1111,2025,561.0526162456188,561.0522040541332,561.052208040939,5198018.411845287,149.79735158562852,383759.3381529492,26.868820869319403,-1,-0.007105944472612436,0.9999908378909258,0.0,0.5999945027345555,16.0,0.6666666666666666,0.75,O16,de-protonated,,0.0,,C24 H18 O16,24.0,18.0,16.0,,,,
1112,2027,561.0889976923484,561.0885854757747,561.088593550289,2756254.7321923906,224.5134999170738,404061.01738368906,14.121523869372428,-1,-0.014390801034097853,0.9999624235623041,0.0,0.5999774541373825,15.0,0.6,0.88,O15,de-protonated,,0.0,,C25 H22 O15,25.0,22.0,15.0,,,,
1113,2030,563.0318976143893,563.0314840582178,563.031472596049,2796450.4155106517,186.1547367075313,371792.647300612,14.363225354033053,-1,0.020357953964865155,0.9999248020927033,0.0,0.5999548812556219,16.0,0.7391304347826086,0.6956521739130435,O17,de-protonated,,0.0,,C23 H16 O17,23.0,16.0,17.0,,,,
1114,2031,563.0682248109143,563.0678112296996,563.0678581053991,4448727.712450844,177.1769479472706,372631.85253226146,23.498100435542764,-1,-0.08325053329370516,0.9987432328216448,0.0,0.5992459396929869,15.0,0.6666666666666666,0.8333333333333334,O16,de-protonated,,0.0,,C24 H20 O16,24.0,20.0,16.0,,,,
1115,2032,563.1047162906002,563.104302684229,563.104243614749,2241398.3806976746,158.23338485979005,374988.4180374268,11.597086140694783,-1,0.10489972449412575,0.9980053393142229,0.0,0.5988032035885337,14.0,0.6,0.96,O15,de-protonated,,0.0,,C25 H24 O15,25.0,24.0,15.0,,,,
1116,2033,564.0715233546778,564.0711090818602,564.070990390269,2372970.9013454006,185.9879789910617,335662.8466090353,12.187256974513817,-1,0.2104195982511542,0.991998289548424,0.0,0.5951989737290544,18.0,0.21428571428571427,0.8571428571428571,N1 S2 P1 O6,de-protonated,,0.0,,C28 H24 O6 N1 P1 S2,28.0,24.0,6.0,1.0,1.0,2.0,
1117,2035,565.0262768317318,565.0258619008711,565.025993292449,1765290.522892196,85.95119523653153,341463.34780433594,9.169263504124029,-1,-0.23254076717128738,0.9902361038742209,0.0,0.5941416623245325,20.0,0.5769230769230769,0.5384615384615384,O15,de-protonated,,0.0,,C26 H14 O15,26.0,14.0,15.0,,,,
1118,2036,565.0475264861385,565.0471115406328,565.047122660509,4328650.508579411,330.293944443599,389449.0435270768,22.514264039986507,-1,-0.019679555390727223,0.9999297301326412,0.0,0.5999578380795847,15.0,0.7391304347826086,0.782608695652174,O17,de-protonated,,0.0,,C23 H18 O17,23.0,18.0,17.0,,,,
1119,2037,565.0838657998271,565.0834508292774,565.0835081698591,2713273.657423418,118.12539418579631,383934.95713848533,14.062572287747885,-1,-0.10147275742195401,0.9981334178275203,0.0,0.5988800506965122,14.0,0.6666666666666666,0.9166666666666666,O16,de-protonated,,0.0,,C24 H22 O16,24.0,22.0,16.0,,,,
1120,2040,567.0419966462615,567.041580326416,567.041643356909,1915292.198249884,36.82587066430346,394413.91631909483,9.872424869390104,-1,-0.11115672680598518,0.9977605643571025,0.0,0.5986563386142615,19.0,0.5769230769230769,0.6153846153846154,O15,de-protonated,,0.0,,C26 H16 O15,26.0,16.0,15.0,,,,
1121,2041,567.0631725701769,567.0627562357417,567.062772724969,4643054.871313658,217.1137682842083,383665.0063814836,24.26447099666182,-1,-0.029078310322821235,0.9998465881711733,0.0,0.5999079529027039,14.0,0.7391304347826086,0.8695652173913043,O17,de-protonated,,0.0,,C23 H20 O17,23.0,20.0,17.0,,,,
1122,2042,567.0996131075706,567.099196748029,567.099158234319,2567974.5288840723,78.88519468852213,404965.3269922089,13.23332003956265,-1,0.06791353763202354,0.9991634636435262,0.0,0.5994980781861157,13.0,0.6666666666666666,1.0,O16,de-protonated,,0.0,,C24 H24 O16,24.0,24.0,16.0,,,,
1123,2044,569.0425011057818,569.0420834078479,569.0420372800791,1895347.7875704977,173.68908005957022,401014.6937703476,9.774172233349198,-1,0.08106214631045593,0.9988083982188681,0.0,0.5992850389313209,14.0,0.8181818181818182,0.8181818181818182,O18,de-protonated,,0.0,,C22 H18 O18,22.0,18.0,18.0,,,,
1124,2045,569.057746527365,569.0573288189306,569.0572934213691,2170297.4319552584,385.14871336998834,398020.99075110944,11.27743756477504,-1,0.06220386232073119,0.9992981632832886,0.0,0.5995788979699731,18.0,0.5769230769230769,0.6923076923076923,O15,de-protonated,,0.0,,C26 H18 O15,26.0,18.0,15.0,,,,
1125,2046,569.0788725591253,569.07845483614,569.078422789429,2378068.448181716,237.8786715340096,380744.59545790165,12.600573063459223,-1,0.05631334753754069,0.9994247566918995,0.0,0.5996548540151396,13.0,0.7391304347826086,0.9565217391304348,O17,de-protonated,,0.0,,C23 H22 O17,23.0,22.0,17.0,,,,
1126,2047,569.1151427598649,569.114725011898,569.1148082987789,1694593.3326397038,69.8656143965952,399377.8834093554,8.992736268037204,-1,-0.14634460339800687,0.9961215010095168,0.0,0.5976729006057101,12.0,0.6666666666666666,1.0833333333333333,O16,de-protonated,,0.0,,C24 H26 O16,24.0,26.0,16.0,,,,
1127,2048,571.0370905341507,571.0366714626118,571.036557976479,2574738.01247593,108.60061849640655,399951.8206569593,13.365633589431068,-1,0.1987370707409715,0.9928590445370638,0.0,0.5957154267222382,18.0,0.64,0.64,O16,de-protonated,,0.0,,C25 H16 O16,25.0,16.0,16.0,,,,
1128,2049,571.0581392754875,571.0577201894553,571.057687344539,2279898.1491532004,154.5074267751482,353777.2300093499,11.67175814408587,-1,0.05751593406171125,0.9993999328574832,0.0,0.5996399597144899,13.0,0.8181818181818182,0.9090909090909091,O18,de-protonated,,0.0,,C22 H20 O18,22.0,20.0,18.0,,,,
1129,2052,572.1114070476825,572.1109872364678,572.110940451499,3165286.859226544,163.08551463699985,409631.47347451677,16.271946563521027,-1,0.08177604296097239,0.9987873302318518,0.0,0.599272398139111,11.0,0.5,1.2727272727272727,N3 S1 P1 O11,de-protonated,,0.0,,C22 H28 O11 N3 P1 S1,22.0,28.0,11.0,3.0,1.0,1.0,
1130,2053,572.1152923898544,572.1148725759649,572.1148302617689,1724502.6659829528,166.8546368497756,334440.1331593483,8.835859559158559,-1,0.07396101926013184,0.9990079259538142,0.0,0.5994047555722885,28.0,0.02631578947368421,0.6052631578947368,N1 S2 O1,de-protonated,,0.0,,C38 H23 O1 N1 S2,38.0,23.0,1.0,1.0,,2.0,
1131,2053,572.1152923898544,572.1148725759649,572.1149632034991,1724502.6659829528,166.8546368497756,334440.1331593483,8.835859559158559,-1,-0.15840790751249845,0.9954572459537765,0.0,0.5972743475722658,15.0,0.3333333333333333,1.037037037037037,N1 S1 P1 O9,de-protonated,,0.0,,C27 H28 O9 N1 P1 S1,27.0,28.0,9.0,1.0,1.0,1.0,
1132,2054,573.0526314182368,573.0522109590787,573.052208040939,3908253.9607006833,71.77138398067716,349191.70975152205,20.067118384994373,-1,0.005092275416254862,0.9999952948163904,0.0,0.5999971768898342,17.0,0.64,0.72,O16,de-protonated,,0.0,,C25 H18 O16,25.0,18.0,16.0,,,,
1133,2057,575.0318716526959,575.0314498313154,575.031472596049,2688491.9191340343,56.66494689021719,400928.14823464205,13.926983650011437,-1,-0.03958867408596679,0.9997156625980615,0.0,0.5998293975588369,17.0,0.7083333333333334,0.6666666666666666,O17,de-protonated,,0.0,,C24 H16 O17,24.0,16.0,17.0,,,,
1134,2058,575.0682572927699,575.0678354463505,575.0678581053991,4875757.468049433,218.5035263929049,362191.8310701821,24.96271973012585,-1,-0.039402390950490175,0.9997183318060322,0.0,0.5998309990836193,16.0,0.64,0.8,O16,de-protonated,,0.0,,C25 H20 O16,25.0,20.0,16.0,,,,
1135,2061,577.0475043758348,577.0470811675974,577.047122660509,3623543.9448689995,147.31356153117605,373427.3309582593,18.831755241173397,-1,-0.07190558612688092,0.9990622752349956,0.0,0.5994373651409973,16.0,0.7083333333333334,0.75,O17,de-protonated,,0.0,,C24 H18 O17,24.0,18.0,17.0,,,,
1136,2062,577.0838408749257,577.0834176416907,577.0835081698591,3213579.336730057,93.66978566873588,383291.5366540057,16.460591624719566,-1,-0.15687186876002282,0.9955447229391649,0.0,0.5973268337634989,15.0,0.64,0.88,O16,de-protonated,,0.0,,C25 H22 O16,25.0,22.0,16.0,,,,
1137,2064,579.0631948059275,579.06277021121,579.062772724969,4301503.802749968,68.17015746964512,381433.47941489343,22.422561579681663,-1,-0.004341082035437143,0.9999965806065795,0.0,0.5999979483639477,15.0,0.7083333333333334,0.8333333333333334,O17,de-protonated,,0.0,,C24 H20 O17,24.0,20.0,17.0,,,,
1138,2066,579.1358790580758,579.1354544133707,579.135543743669,1681054.9577762124,184.37824151498455,354704.0768131233,8.618066215934553,-1,-0.15424765293093573,0.995692216678214,0.0,0.5974153300069284,13.0,0.5769230769230769,1.0769230769230769,O15,de-protonated,,0.0,,C26 H28 O15,26.0,28.0,15.0,,,,
1139,2067,581.0424370450573,581.0420110893357,581.0420372800791,2327605.831103074,200.84730088926761,386450.3751554307,12.331360840707145,-1,-0.04507547077355511,0.9996314008595335,0.0,0.5997788405157201,15.0,0.782608695652174,0.782608695652174,O18,de-protonated,,0.0,,C23 H18 O18,23.0,18.0,18.0,,,,
1140,2069,581.0788332960774,581.0784073153321,581.078422789429,2403818.422059568,96.61161003242509,396127.5221141661,12.43943874035214,-1,-0.02662996304732805,0.9998713330475175,0.0,0.5999227998285105,14.0,0.7083333333333334,0.9166666666666666,O17,de-protonated,,0.0,,C24 H22 O17,24.0,22.0,17.0,,,,
1141,2070,581.1152688160006,581.1148428102047,581.1148082987789,2219107.606532428,127.59057235177252,394273.61190093856,11.3599697790494,-1,0.05938830887021557,0.9993602404370477,0.0,0.5996161442622286,13.0,0.64,1.04,O16,de-protonated,,0.0,,C25 H26 O16,25.0,26.0,16.0,,,,
1142,2072,583.0580793372026,583.0576519958596,583.057687344539,3001425.8097527064,114.95039519582554,411412.0420367148,15.356231995619797,-1,-0.060626384220389816,0.9993332970905274,0.0,0.5995999782543164,14.0,0.782608695652174,0.8695652173913043,O18,de-protonated,,0.0,,C23 H20 O18,23.0,20.0,18.0,,,,
1143,2073,583.0734437097552,583.0730163578518,583.072943485829,1781413.8420642687,157.03196215761724,335034.54136548453,9.198084277362694,-1,0.12497925617022607,0.9971698177219315,0.0,0.5983018906331589,18.0,0.5555555555555556,0.7407407407407407,O15,de-protonated,,0.0,,C27 H20 O15,27.0,20.0,15.0,,,,
1144,2074,583.0945688553631,583.0941414889398,583.0940728538891,2833676.9617251875,113.47162211261642,365053.26493949926,14.642262840389222,-1,0.11770836636400227,0.9974891388613237,0.0,0.5984934833167942,13.0,0.7083333333333334,1.0,O17,de-protonated,,0.0,,C24 H24 O17,24.0,24.0,17.0,,,,
1145,2075,585.052648492317,585.0522197802491,585.052208040939,2385040.926552486,136.08901788010627,381625.06925155147,12.22131788834133,-1,0.020065405897217618,0.9999269477051341,0.0,0.5999561686230804,18.0,0.6153846153846154,0.6923076923076923,O16,de-protonated,,0.0,,C26 H18 O16,26.0,18.0,16.0,,,,
1146,2076,585.0736676962978,585.0732389697871,585.073337408999,2331719.986644701,116.32107599014753,376712.17946551245,12.040533038026066,-1,-0.1682510646386846,0.9948766436334603,0.0,0.5969259861800762,13.0,0.782608695652174,0.9565217391304348,O18,de-protonated,,0.0,,C23 H22 O18,23.0,22.0,18.0,,,,
1147,2077,587.031862800351,587.0314327285137,587.031472596049,3294702.024903356,119.79372944075381,354859.9871232367,16.947924699482453,-1,-0.0679137953478154,0.9991634572972558,0.0,0.5994980743783535,18.0,0.68,0.64,O17,de-protonated,,0.0,,C25 H16 O17,25.0,16.0,17.0,,,,
1148,2078,587.0682430053198,587.067812908492,587.0678581053991,3677094.311471369,282.19929443683,328223.4864475546,18.81668983698046,-1,-0.07698753467239058,0.9989251171314201,0.0,0.599355070278852,17.0,0.6153846153846154,0.7692307692307693,O16,de-protonated,,0.0,,C26 H20 O16,26.0,20.0,16.0,,,,
1149,2079,587.0894148790481,587.0889847676771,587.088987473459,2112439.1714339056,225.52681306538406,401968.21239318233,11.10254787262223,-1,-0.00460881065464795,0.9999961458312678,0.0,0.5999976874987607,12.0,0.782608695652174,1.0434782608695652,O18,de-protonated,,0.0,,C23 H24 O18,23.0,24.0,18.0,,,,
1150,2080,587.125818239562,587.125388103185,587.125372982809,1609253.327064946,153.74239950538072,323399.0164568096,8.352456589837308,-1,0.025753231936121494,0.999879665218174,0.0,0.5999277991309043,11.0,0.7083333333333334,1.1666666666666667,O17,de-protonated,,0.0,,C24 H28 O17,24.0,28.0,17.0,,,,
1151,2081,589.0475736444478,589.0471421881798,589.047122660509,3323704.0594086177,274.86917141872607,360009.2988517142,17.266263240254982,-1,0.03315128801118424,0.9998006063424378,0.0,0.5998803638054627,17.0,0.68,0.72,O17,de-protonated,,0.0,,C25 H18 O17,25.0,18.0,17.0,,,,
1152,2082,589.0839815853641,589.0835501040941,589.0835081698591,1878462.6970758056,89.21319201427275,389142.02515984804,9.736181214080048,-1,0.0711855525279864,0.9990809526147891,0.0,0.5994485715688734,16.0,0.6153846153846154,0.8461538461538461,O16,de-protonated,,0.0,,C26 H22 O16,26.0,22.0,16.0,,,,
1153,2083,591.0055704893031,591.0051376886424,591.005257847559,1678237.1369262687,244.02979692315307,323087.5967245381,8.686843061163186,-1,-0.2033127709445147,0.9925276797164455,0.0,0.5955166078298673,22.0,0.5925925925925926,0.4444444444444444,O16,de-protonated,,0.0,,C27 H12 O16,27.0,12.0,16.0,,,,
1154,2084,591.0269552613687,591.026522446027,591.026387215619,2128137.830601864,184.36800195128293,409115.1033907639,10.909972705982057,-1,0.228806041324895,0.9905457365049429,0.0,0.5943274419029657,17.0,0.75,0.6666666666666666,O18,de-protonated,,0.0,,C24 H16 O18,24.0,16.0,18.0,,,,
1155,2085,591.063215121919,591.0627822816846,591.062772724969,3492455.154935032,1239.5219236967223,350468.90289350314,18.485250944735807,-1,0.016168698140076383,0.9999525655757039,0.0,0.5999715393454224,16.0,0.68,0.8,O17,de-protonated,,0.0,,C25 H20 O17,25.0,20.0,17.0,,,,
1156,2086,591.0995146626531,591.0990817974987,591.099158234319,2468206.4744142024,149.5863406452728,335376.3308293138,12.699480717073733,-1,-0.12931302518622678,0.9969704391548526,0.0,0.5981822634929116,15.0,0.6153846153846154,0.9230769230769231,O16,de-protonated,,0.0,,C26 H24 O16,26.0,24.0,16.0,,,,
1157,2087,593.0424744869651,593.0420402881499,593.0420372800791,3108861.0084483502,268.3264437865143,333902.04882732715,16.296837231318058,-1,0.0050722725528959825,0.9999953317083761,0.0,0.5999971990250256,16.0,0.75,0.75,O18,de-protonated,,0.0,,C24 H18 O18,24.0,18.0,18.0,,,,
1158,2088,593.0789453153072,593.078511091462,593.078422789429,3802569.6562002706,165.51404239822614,359070.1585158997,19.465812252424037,-1,0.148887616832403,0.9959858106577155,0.0,0.5975914863946293,15.0,0.68,0.88,O17,de-protonated,,0.0,,C25 H22 O17,25.0,22.0,17.0,,,,
1159,2089,595.0582328704588,595.0577972884225,595.057687344539,2973799.1038881266,72.94452753390873,377453.2051088401,15.40535831364025,-1,0.1847617229326863,0.9938250492389656,0.0,0.5962950295433793,15.0,0.75,0.8333333333333334,O18,de-protonated,,0.0,,C24 H20 O18,24.0,20.0,18.0,,,,
1160,2090,595.09447119642,595.0940355895207,595.0940728538891,2676668.7640177347,161.9216429000262,382058.87586780306,13.701002587117356,-1,-0.06261929015219676,0.9992887609073965,0.0,0.5995732565444378,14.0,0.68,0.96,O17,de-protonated,,0.0,,C25 H24 O17,25.0,24.0,17.0,,,,
1161,2091,595.1308733579324,595.1304377260578,595.130458363239,1597179.9001331062,153.75915657425912,307586.6002988042,8.267304305268523,-1,-0.034676734902923494,0.9997818361209265,0.0,0.5998691016725559,13.0,0.6153846153846154,1.0769230769230769,O16,de-protonated,,0.0,,C26 H28 O16,26.0,28.0,16.0,,,,
1162,2092,597.0737126700378,597.0732757053883,597.073337408999,2685436.7672755867,184.61008508809434,357090.6450868566,13.975454950458282,-1,-0.10334343687486776,0.9980640287687617,0.0,0.598838417261257,14.0,0.75,0.9166666666666666,O18,de-protonated,,0.0,,C24 H22 O18,24.0,22.0,18.0,,,,
1163,2093,597.1101974959099,597.1097605062357,597.109722918349,1736406.7655701903,91.81286277136948,364706.6992109979,9.041862586057656,-1,0.0629497147111001,0.9992812377877688,0.0,0.5995687426726612,13.0,0.68,1.04,O17,de-protonated,,0.0,,C25 H26 O17,25.0,26.0,17.0,,,,
1164,2095,599.0529668869035,599.0525285648964,599.0526019641089,1686798.1786788856,274.7622804204868,305058.54206113867,8.82505176919406,-1,-0.12252548819576249,0.9972797091720974,0.0,0.5983678255032584,14.0,0.8260869565217391,0.8695652173913043,O19,de-protonated,,0.0,,C23 H20 O19,23.0,20.0,19.0,,,,
1165,2096,599.0682763741423,599.0678380416376,599.0678581053991,2181186.463690966,173.08153375954015,381518.91825496574,11.165429559688409,-1,-0.033491633991628224,0.9997964916158107,0.0,0.5998778949694864,18.0,0.5925925925925926,0.7407407407407407,O16,de-protonated,,0.0,,C27 H20 O16,27.0,20.0,16.0,,,,
1166,2097,599.0894531028963,599.0890147558711,599.088987473459,2123427.286283392,163.845853442221,325223.53004938964,10.948618742824813,-1,0.04553983229648627,0.999623768657917,0.0,0.5997742611947502,13.0,0.75,1.0,O18,de-protonated,,0.0,,C24 H24 O18,24.0,24.0,18.0,,,,
1167,2098,601.0476293216065,601.0471896320815,601.047122660509,2076702.0581396483,118.21890923372571,377357.1595692999,10.875256774580937,-1,0.11142482847985205,0.9977497608065108,0.0,0.5986498564839065,18.0,0.6538461538461539,0.6923076923076923,O17,de-protonated,,0.0,,C26 H18 O17,26.0,18.0,17.0,,,,
1168,2099,601.0838122803049,601.083372565977,601.0835081698591,2605586.113973018,185.1757981251114,331300.54300927115,13.484846787827365,-1,-0.2255990727457597,0.9908076896974043,0.0,0.5944846138184425,17.0,0.5925925925925926,0.8148148148148148,O16,de-protonated,,0.0,,C27 H22 O16,27.0,22.0,16.0,,,,
1169,2101,603.0267836470043,603.0263426009968,603.026387215619,1640501.4362325338,79.12489166633449,358974.14081666415,8.504420666913907,-1,-0.0739845272833171,0.9990072955183554,0.0,0.5994043773110133,18.0,0.72,0.64,O18,de-protonated,,0.0,,C25 H16 O18,25.0,16.0,18.0,,,,
1170,2102,603.0631466083285,603.062705537402,603.062772724969,3383572.214561107,114.92848838900457,385026.33443711634,17.39071657924013,-1,-0.11141056952655297,0.9977503360443063,0.0,0.5986502016265838,17.0,0.6538461538461539,0.7692307692307693,O17,de-protonated,,0.0,,C26 H20 O17,26.0,20.0,17.0,,,,
1171,2105,605.0424670950605,605.0420246679467,605.0420372800791,1976325.4824088765,142.94904238949846,364180.1816709993,10.212378990091633,-1,-0.020845051305663744,0.999921160720852,0.0,0.5999526964325111,17.0,0.72,0.72,O18,de-protonated,,0.0,,C25 H18 O18,25.0,18.0,18.0,,,,
1172,2109,607.0370468841678,607.0366030908176,607.036557976479,1792439.095573523,88.80376743938761,334892.8269275678,9.180398802875331,-1,0.0743189813062018,0.9989983045103656,0.0,0.5993989827062194,21.0,0.5714285714285714,0.5714285714285714,O16,de-protonated,,0.0,,C28 H16 O16,28.0,16.0,16.0,,,,
1173,2110,607.0581594893615,607.057715681552,607.057687344539,3830457.6412773225,220.03258217863635,344006.6672298438,19.75270994966348,-1,0.0466792755748089,0.9996047096675981,0.0,0.5997628258005588,16.0,0.72,0.8,O18,de-protonated,,0.0,,C25 H20 O18,25.0,20.0,18.0,,,,
1174,2111,607.0945536439156,607.0941098111808,607.0940728538891,2574640.8640940026,131.36319910827476,350487.02221674024,13.23987021529871,-1,0.0608757248558839,0.9993278037076273,0.0,0.5995966822245764,15.0,0.6538461538461539,0.9230769230769231,O17,de-protonated,,0.0,,C26 H24 O17,26.0,24.0,17.0,,,,
1175,2114,609.0527001110472,609.0522549374402,609.052208040939,1699172.1354604762,212.58796933797015,292494.30973613885,8.840117173386998,-1,0.0769991481585956,0.9989247929915431,0.0,0.5993548757949259,20.0,0.5714285714285714,0.6428571428571429,O16,de-protonated,,0.0,,C28 H18 O16,28.0,18.0,16.0,,,,
1176,2115,609.07380434137,609.0733591533137,609.073337408999,2812429.539012166,217.08426379328142,334348.57772133785,14.413661707200717,-1,0.035700651114737476,0.9997687637674503,0.0,0.5998612582604701,15.0,0.72,0.88,O18,de-protonated,,0.0,,C25 H22 O18,25.0,22.0,18.0,,,,
1177,2116,611.0319615244845,611.031514995946,611.031472596049,1667357.9105147317,67.70278999161208,374674.1283405728,8.604965864462432,-1,0.06939069262205101,0.999126693750576,0.0,0.5994760162503455,20.0,0.6296296296296297,0.5925925925925926,O17,de-protonated,,0.0,,C27 H16 O17,27.0,16.0,17.0,,,,
1178,2117,611.0894614367619,611.0890148688671,611.088987473459,3128839.232189545,198.75403030617503,353107.14539317694,16.31779779367345,-1,0.04483047257973791,0.9996353961271122,0.0,0.5997812376762672,14.0,0.72,0.96,O18,de-protonated,,0.0,,C25 H24 O18,25.0,24.0,18.0,,,,
1179,2119,613.0476864838585,613.0472385758399,613.047122660509,1799192.753055683,99.43339299820646,357277.75507720374,9.509872642399165,-1,0.1890806213448162,0.9935339362171083,0.0,0.596120361730265,19.0,0.6296296296296297,0.6666666666666666,O17,de-protonated,,0.0,,C27 H18 O17,27.0,18.0,17.0,,,,
1180,2120,613.0840906484198,613.0836427154915,613.0835081698591,1979127.1825017612,113.4813671824956,338722.0773517616,10.169802847807242,-1,0.21945726898609216,0.9912992330550928,0.0,0.5947795398330556,18.0,0.5714285714285714,0.7857142857142857,O16,de-protonated,,0.0,,C28 H22 O16,28.0,22.0,16.0,,,,
1181,2122,615.063262721172,615.0628134341914,615.062772724969,2765172.351528466,364.86083100669885,321283.70182517223,14.14444948444864,-1,0.06618710186143366,0.9992054376833018,0.0,0.5995232626099811,18.0,0.6296296296296297,0.7407407407407407,O17,de-protonated,,0.0,,C27 H20 O17,27.0,20.0,17.0,,,,
1182,2123,616.4343035831101,616.4338533583663,616.433979559829,2241824.979388581,78.21740324356678,341639.15335490165,11.458877432663911,-1,-0.2047282709056377,0.9924236667678935,0.0,0.5954542000607361,7.0,0.027777777777777776,1.75,N3 S2 O1,de-protonated,,0.0,,C36 H63 O1 N3 S2,36.0,63.0,1.0,3.0,,2.0,
1183,2126,617.0424248303907,617.0419741897663,617.0420372800791,1608068.7624493106,73.54519238761253,395269.22157718084,8.280077147953842,-1,-0.10224637701608669,0.998104875098264,0.0,0.5988629250589583,18.0,0.6923076923076923,0.6923076923076923,O18,de-protonated,,0.0,,C26 H18 O18,26.0,18.0,18.0,,,,
1184,2127,617.0787615138594,617.0783108483863,617.078422789429,2617090.4847203298,78.7106470029705,388501.1789600904,13.433100399512488,-1,-0.18140488892862308,0.9940467263258748,0.0,0.5964280357955248,17.0,0.6296296296296297,0.8148148148148148,O17,de-protonated,,0.0,,C27 H22 O17,27.0,22.0,17.0,,,,
1185,2128,618.5500328917335,618.5495812202532,618.5496745639789,1723519.0674066606,61.7711348958149,374440.07549246994,8.817846575884392,-1,-0.15090740405299158,0.9958763865138933,0.0,0.597525831908336,4.0,0.02631578947368421,1.9473684210526316,N3 P1 O1,de-protonated,,0.0,,C38 H74 O1 N3 P1,38.0,74.0,1.0,3.0,1.0,,
1186,2130,619.0580947100616,619.0576426912368,619.057687344539,2627820.174513495,206.63773547933542,350123.9768379454,13.838556277574622,-1,-0.07213108426601393,0.9990563873252446,0.0,0.5994338323951467,17.0,0.6923076923076923,0.7692307692307693,O18,de-protonated,,0.0,,C26 H20 O18,26.0,20.0,18.0,,,,
1187,2131,619.094439232351,619.0939871886796,619.0940728538891,2534214.9264427517,129.11316217237407,329703.35090472316,12.972623045267449,-1,-0.13837187787143382,0.9965318704438063,0.0,0.5979191222662837,16.0,0.6296296296296297,0.8888888888888888,O17,de-protonated,,0.0,,C27 H24 O17,27.0,24.0,17.0,,,,
1188,2132,619.3370494496764,619.336597240151,619.336506458849,4326536.36510197,223.2110065821265,382253.3078451518,22.80902194810922,-1,0.14657831573855332,0.996109127341967,0.0,0.5976654764051802,5.0,0.3448275862068966,1.8275862068965518,N2 P1 O10,de-protonated,,0.0,,C29 H53 O10 N2 P1,29.0,53.0,10.0,2.0,1.0,,
1189,2134,620.3405781857009,620.3401252902037,620.3399976395391,1578478.7496226463,150.3156325913669,310486.9701276886,8.091432086755304,-1,0.20577532492922285,0.9923462704924968,0.0,0.5954077622954981,5.0,0.42857142857142855,1.8214285714285714,N3 O12,de-protonated,,0.0,,C28 H51 O12 N3,28.0,51.0,12.0,3.0,,,
1190,2137,621.0737657021215,621.0733123055121,621.073337408999,2942397.928591223,170.76744023756535,349092.3798773052,15.16234679383241,-1,-0.04041952116305001,0.9997036043760457,0.0,0.5998221626256274,16.0,0.6923076923076923,0.8461538461538461,O18,de-protonated,,0.0,,C26 H22 O18,26.0,22.0,18.0,,,,
1191,2138,621.1101346302162,621.109681208751,621.109722918349,2251947.071558031,150.2501471512057,359399.66744493536,11.633112107243115,-1,-0.06715334902878917,0.9991820787130409,0.0,0.5995092472278245,15.0,0.6296296296296297,0.9629629629629629,O17,de-protonated,,0.0,,C27 H26 O17,27.0,26.0,17.0,,,,
1192,2142,623.08965135302,623.0891965788959,623.0893437890791,2074989.6999773125,111.63653318841956,313156.3707074205,10.637485395361947,-1,-0.2362585472528178,0.9899229955750983,0.0,0.5939537973450589,32.0,0.05,0.5,N2 S2 O2,de-protonated,,0.0,,C40 H20 O2 N2 S2,40.0,20.0,2.0,2.0,,2.0,
1193,2144,625.0686155888922,625.068159462888,625.068252028569,2448020.2202503886,274.7243124117238,304215.3187828942,12.529831165509771,-1,-0.14808891767492519,0.996028677519106,0.0,0.5976172065114636,15.0,0.76,0.88,O19,de-protonated,,0.0,,C25 H22 O19,25.0,22.0,19.0,,,,
1194,2145,625.10504538015,625.1045892292635,625.1046375379191,1663023.126005572,171.5804642084055,368625.0680766773,8.529311334710936,-1,-0.07728091050607389,0.998916913872538,0.0,0.5993501483235227,14.0,0.6923076923076923,1.0,O18,de-protonated,,0.0,,C26 H26 O18,26.0,26.0,18.0,,,,
1195,2146,627.0632628711237,627.0628053829325,627.062772724969,1643754.3147978163,91.08208836515875,339911.8692861164,8.490992806654983,-1,0.05208085208723913,0.9995079569264679,0.0,0.5997047741558807,19.0,0.6071428571428571,0.7142857142857143,O17,de-protonated,,0.0,,C28 H20 O17,28.0,20.0,17.0,,,,
1196,2148,629.0424953793837,629.0420365399357,629.0420372800791,1833598.290188803,173.61665496093516,359893.5571840279,9.463693903459939,-1,-0.0011766198979292234,0.9999997487962312,0.0,0.5999998492777388,19.0,0.6666666666666666,0.6666666666666666,O18,de-protonated,,0.0,,C27 H18 O18,27.0,18.0,18.0,,,,
1197,2149,629.0790060508091,629.0785471864383,629.078422789429,1730902.5770750938,260.89201257195685,278370.6319148852,9.021884550062671,-1,0.19774483552147315,0.9929299198413326,0.0,0.5957579519047995,18.0,0.6071428571428571,0.7857142857142857,O17,de-protonated,,0.0,,C28 H22 O17,28.0,22.0,17.0,,,,
1198,2150,631.058121642491,631.0576614273523,631.057687344539,2587871.614339601,106.88290211779017,348006.4529328787,13.330262640456342,-1,-0.0410694413677972,0.9996939975079749,0.0,0.599816398504785,18.0,0.6666666666666666,0.7407407407407407,O18,de-protonated,,0.0,,C27 H20 O18,27.0,20.0,18.0,,,,
1199,2152,633.0374998421271,633.0370382764428,633.036951899649,1686923.633843568,97.97055873967783,365257.466494513,8.946230020311175,-1,0.1364482650108029,0.996627464762725,0.0,0.5979764788576349,18.0,0.7307692307692307,0.6923076923076923,O19,de-protonated,,0.0,,C26 H18 O19,26.0,18.0,19.0,,,,
1200,2153,633.0736693957108,633.0732078053514,633.073337408999,2316163.3995914897,59.63022329520611,390420.8504653118,11.878743697345376,-1,-0.20472138045731653,0.9924241748092155,0.0,0.5954545048855293,17.0,0.6666666666666666,0.8148148148148148,O18,de-protonated,,0.0,,C27 H22 O18,27.0,22.0,18.0,,,,
1201,2154,633.1102782163637,633.1098166010297,633.109722918349,1818587.9152582125,149.9416471015677,342333.598573149,9.404414813048593,-1,0.14797226658811735,0.9960349191386538,0.0,0.5976209514831923,16.0,0.6071428571428571,0.9285714285714286,O17,de-protonated,,0.0,,C28 H26 O17,28.0,26.0,17.0,,,,
1202,2156,634.3560815413279,634.3556190761877,634.3556477039991,1902648.2924041753,110.28209730254217,375781.6724748436,9.96871245271019,-1,-0.04512896116339621,0.9996305256799716,0.0,0.5997783154079829,5.0,0.41379310344827586,1.8275862068965518,N3 O12,de-protonated,,0.0,,C29 H53 O12 N3,29.0,53.0,12.0,3.0,,,
1203,2157,635.0531326224607,635.0526696819069,635.0526019641089,1779648.9015988084,396.5664323995895,272870.2190294313,9.109984413712683,-1,0.1066333682240784,0.9979389328409771,0.0,0.5987633597045863,17.0,0.7307692307692307,0.7692307692307693,O19,de-protonated,,0.0,,C26 H20 O19,26.0,20.0,19.0,,,,
1204,2158,635.0893639107359,635.0889009454723,635.088987473459,1649805.3963319466,127.86811862311292,327863.06713170226,8.445469085289364,-1,-0.13624545284584094,0.9966374660981435,0.0,0.5979824796588861,16.0,0.6666666666666666,0.8888888888888888,O18,de-protonated,,0.0,,C27 H24 O18,27.0,24.0,18.0,,,,
1205,2161,637.068770773274,637.0683064582636,637.068252028569,2892454.83073588,203.74159085720538,317736.9465687978,14.839423130044638,-1,0.08543777600161148,0.998676371477483,0.0,0.5992058228864898,16.0,0.7307692307692307,0.8461538461538461,O19,de-protonated,,0.0,,C26 H22 O19,26.0,22.0,19.0,,,,
1206,2162,637.104957612577,637.1044932728946,637.1046375379191,1832892.1354095892,130.62428816140516,329134.54307964974,9.492187167911801,-1,-0.22643850940618684,0.990739472995087,0.0,0.5944436837970521,15.0,0.6666666666666666,0.9629629629629629,O18,de-protonated,,0.0,,C27 H26 O18,27.0,26.0,18.0,,,,
1207,2164,639.0480728552451,639.0476071909609,639.047516583679,1639557.5730082178,225.28266065074234,358803.07356164965,8.459224454335091,-1,0.14178489007371545,0.9963589898257935,0.0,0.5978153938954761,16.0,0.8,0.8,O20,de-protonated,,0.0,,C25 H20 O20,25.0,20.0,20.0,,,,
1208,2165,639.063285760954,639.0628200863008,639.062772724969,1919961.9924138181,246.02910590369282,328771.9053828625,9.86227209699921,-1,0.0741106097901767,0.999003910840145,0.0,0.599402346504087,20.0,0.5862068965517241,0.6896551724137931,O17,de-protonated,,0.0,,C29 H20 O17,29.0,20.0,17.0,,,,
1209,2167,639.1207156041216,639.120249890325,639.1202876023791,1679784.0245051198,118.85348010660844,373841.5255916575,8.817846575884392,-1,-0.059006191542324636,0.9993684440646793,0.0,0.5996210664388075,14.0,0.6666666666666666,1.037037037037037,O18,de-protonated,,0.0,,C27 H28 O18,27.0,28.0,18.0,,,,
1210,2168,641.0428085486362,641.0423415249635,641.0423935956991,1574988.8447208467,254.6352629077943,321060.33439766505,8.198527460039891,-1,-0.0812282247039811,0.9988035134857571,0.0,0.5992821080914542,37.0,0.047619047619047616,0.3333333333333333,N2 S2 O2,de-protonated,,0.0,,C42 H14 O2 N2 S2,42.0,14.0,2.0,2.0,,2.0,
1211,2171,645.0737602003055,645.0732904308328,645.073337408999,2244947.104926356,296.91244020693216,341161.83615365543,11.490973293770606,-1,-0.0728260857891873,0.999038124611253,0.0,0.5994228747667517,18.0,0.6428571428571429,0.7857142857142857,O18,de-protonated,,0.0,,C28 H22 O18,28.0,22.0,18.0,,,,
1212,2172,647.0534845789879,647.0530134615783,647.052958279729,2004039.1643518363,211.29647136937078,287500.4216700492,10.343710013599642,-1,0.08528181293603287,0.998681196338096,0.0,0.5992087178028576,35.0,0.07317073170731707,0.3902439024390244,N2 S2 O3,de-protonated,,0.0,,C41 H16 O3 N2 S2,41.0,16.0,3.0,2.0,,2.0,
1213,2172,647.0534845789879,647.0530134615783,647.0530912214591,2004039.1643518363,211.29647136937078,287500.4216700492,10.343710013599642,-1,-0.12017542588838606,0.9973829244706623,0.0,0.5984297546823973,22.0,0.36666666666666664,0.7,N2 S1 P1 O11,de-protonated,,0.0,,C30 H21 O11 N2 P1 S1,30.0,21.0,11.0,2.0,1.0,1.0,
1214,2173,651.0844520649216,651.0839782041854,651.083902093029,1570625.3230239542,141.7806235669683,346487.15664361464,8.046890891750094,-1,0.11689915260829889,0.9975235005633539,0.0,0.5985141003380123,16.0,0.7037037037037037,0.8888888888888888,O19,de-protonated,,0.0,,C27 H24 O19,27.0,24.0,19.0,,,,
1215,2174,653.4761257323089,653.4756502446759,653.475510020149,1993849.505905112,237.77420304982368,281792.0820953228,10.234649587594237,-1,0.21458268088212012,0.9916798688207961,0.0,0.5950079212924776,4.0,0.08108108108108109,1.8918918918918919,N2 S2 O3,de-protonated,,0.0,,C37 H70 O3 N2 S2,37.0,70.0,3.0,2.0,,2.0,
1216,2176,659.0531777599407,659.052698480888,659.0526019641089,1899209.3569562072,221.57933374640825,285934.2554963621,9.726355950475957,-1,0.146447762732926,0.9961160417563416,0.0,0.5976696250538049,19.0,0.6785714285714286,0.7142857142857143,O19,de-protonated,,0.0,,C28 H20 O19,28.0,20.0,19.0,,,,
1217,2177,661.0686737381154,661.0681930896626,661.068252028569,2129389.9955652617,130.8158037939826,342257.4130371783,10.919797969586147,-1,-0.08915706688768651,0.9985587072156052,0.0,0.5991352243293632,18.0,0.6785714285714286,0.7857142857142857,O19,de-protonated,,0.0,,C28 H22 O19,28.0,22.0,19.0,,,,
1218,2178,663.0843559883626,663.0838739707996,663.083902093029,1844676.6566724572,207.9839128324762,311138.8974846438,9.52886815203374,-1,-0.04241126852065097,0.9996736786540312,0.0,0.5998042071924187,17.0,0.6785714285714286,0.8571428571428571,O19,de-protonated,,0.0,,C28 H24 O19,28.0,24.0,19.0,,,,
1219,2180,671.0531549544751,671.0526675283501,671.0526019641089,2219800.7449030755,272.9414595464037,246897.09815979842,11.371760095374308,-1,0.09770357934435597,0.9982693919928053,0.0,0.5989616351956831,20.0,0.6551724137931034,0.6896551724137931,O19,de-protonated,,0.0,,C29 H20 O19,29.0,20.0,19.0,,,,
1220,2182,677.0636045872003,677.0631130859862,677.063166648139,1944564.226262634,185.84909116296842,329613.65737552947,10.122314073720803,-1,-0.07910953585346547,0.9988650808085638,0.0,0.5993190484851383,18.0,0.7142857142857143,0.7857142857142857,O20,de-protonated,,0.0,,C28 H22 O20,28.0,22.0,20.0,,,,
1221,2183,677.1001322379807,677.099640712012,677.099552157489,1705182.6733018938,114.55174907975243,324443.2758306421,9.054962937529776,-1,0.1307850857904495,0.9969011789276326,0.0,0.5981407073565795,17.0,0.6551724137931034,0.896551724137931,O19,de-protonated,,0.0,,C29 H26 O19,29.0,26.0,19.0,,,,
1222,2191,721.7367219940525,721.7362003205058,721.736078356439,1881335.459681967,271.8922314880255,256178.1490654219,9.77744732121723,-1,0.16898707223367349,0.9948318380372183,0.0,0.5968991028223309,0.0,0.020833333333333332,2.0625,P1 O1,de-protonated,,0.0,,C48 H99 O1 P1,48.0,99.0,1.0,,1.0,,
1223,2192,733.3169794395612,733.3164499780753,733.316425918569,1579547.9705278943,296.335550411115,243502.25638001622,8.087174472526865,-1,0.03280917404097296,0.9998047001046353,0.0,0.5998828200627812,17.0,0.225,1.25,N2 S1 O9,de-protonated,,0.0,,C40 H50 O9 N2 S1,40.0,50.0,9.0,2.0,,1.0,
1224,2192,733.3169794395612,733.3164499780753,733.3165588602991,1579547.9705278943,296.335550411115,243502.25638001622,8.087174472526865,-1,-0.14847915607977338,0.9960077616692704,0.0,0.5976046570015622,4.0,0.5862068965517241,1.896551724137931,N2 P1 O17,de-protonated,,0.0,,C29 H55 O17 N2 P1,29.0,55.0,17.0,2.0,1.0,,
1225,2193,742.70062773751,742.7000919754302,742.7000271997189,2157949.13228925,163.49067535075412,229402.068328738,11.191957771419453,-1,0.08721651933202906,0.9986207225018299,0.0,0.599172433501098,4.0,0.02040816326530612,1.9183673469387754,N1 P1 O1,de-protonated,,0.0,,C49 H94 O1 N1 P1,49.0,94.0,1.0,1.0,1.0,,
1226,2194,745.5846097606023,745.584072063904,745.584011643589,1570040.3438213775,210.39097918580026,233508.09129526428,8.037065628146003,-1,0.08103756806834082,0.9988091202721366,0.0,0.599285472163282,6.0,0.044444444444444446,1.8444444444444446,N2 S1 P1 O2,de-protonated,,0.0,,C45 H83 O2 N2 P1 S1,45.0,83.0,2.0,2.0,1.0,1.0,
1227,2197,763.1010236340439,763.1004742053902,763.1003023962791,1783182.583812216,407.24646634147274,219631.00017819245,9.19546420706827,-1,0.22514617100824333,0.9908443914142097,0.0,0.5945066348485257,36.0,0.13043478260869565,0.5217391304347826,N2 S2 O6,de-protonated,,0.0,,C46 H24 O6 N2 S2,46.0,24.0,6.0,2.0,,2.0,
1228,2197,763.1010236340439,763.1004742053902,763.1004353380091,1783182.583812216,407.24646634147274,219631.00017819245,9.19546420706827,-1,0.050933506699641175,0.9995293925775252,0.0,0.599717635546515,23.0,0.4,0.8285714285714286,N2 S1 P1 O14,de-protonated,,0.0,,C35 H29 O14 N2 P1 S1,35.0,29.0,14.0,2.0,1.0,1.0,
1229,2199,773.3707711371026,773.3702148447163,773.3703762440991,1763878.2338488253,372.30776724936413,227865.80626666485,9.236730314205449,-1,-0.20869610186326767,0.9921283177393984,0.0,0.595276990643639,21.0,0.08163265306122448,1.183673469387755,S2 O4,de-protonated,,0.0,,C49 H58 O4 S2,49.0,58.0,4.0,,,2.0,
1230,2200,788.4327946999244,788.4322283604727,788.432047551529,1584365.0011366312,194.19022194605037,219322.90634771527,8.171999248308845,-1,0.22932723784861506,0.9905028211899984,0.0,0.594301692713999,25.0,0.09433962264150944,1.1132075471698113,N1 O5,de-protonated,,0.0,,C53 H59 O5 N1,53.0,59.0,5.0,1.0,,,
1231,2200,788.4327946999244,788.4322283604727,788.4323984244489,1584365.0011366312,194.19022194605037,219322.90634771527,8.171999248308845,-1,-0.2156988685524967,0.9915934523856328,0.0,0.5949560714313796,2.0,0.2857142857142857,2.057142857142857,N3 S2 P1 O10,de-protonated,,0.0,,C35 H72 O10 N3 P1 S2,35.0,72.0,10.0,3.0,1.0,2.0,
1232,1,152.88381915926882,152.88369697640695,,69287868.30364263,55.72928784144226,1139772.0642160124,357.0002980370536,-1,,,,,,,,unassigned,,,,,,,,,,,,
1233,2,152.884192537904,152.88407035476902,,2337887.850931759,33.12766511986664,1173918.8951667158,11.999921948462493,-1,,,,,,,,unassigned,,,,,,,,,,,,
1234,3,154.8808803752547,154.88075673187484,,26831594.97859275,33.28995969503966,1082352.828082858,138.25586929617222,-1,,,,,,,,unassigned,,,,,,,,,,,,
1235,5,155.06112134576858,155.06099757059258,,1575469.236913573,18.390284684977196,1186316.794626875,8.158898896836725,-1,,,,,,,,unassigned,,,,,,,,,,,,
1236,6,158.95670512753887,158.9565785046403,,3726715.172123955,22.25747652294601,1226885.5274093482,19.681968051714026,-1,,,,,,,,unassigned,,,,,,,,,,,,
1237,8,160.39310719579984,160.3929795232653,,10087683.522577642,26.95323533441986,1306605.2342521355,52.107958015506995,-1,,,,,,,,unassigned,,,,,,,,,,,,
1238,9,160.7275884372333,160.72746052031036,,2449711.133189887,57.89399191305995,1305153.9068973188,12.639219100301979,-1,,,,,,,,unassigned,,,,,,,,,,,,
1239,10,160.95375131751547,160.95362323535338,,2465052.18443544,22.842702312397076,1180683.748863096,12.890745848566695,-1,,,,,,,,unassigned,,,,,,,,,,,,
1240,11,161.05883764626773,161.05870948732922,,2756527.0521615655,25.99586923667523,1312478.0279353785,14.483748587576564,-1,,,,,,,,unassigned,,,,,,,,,,,,
1241,12,162.83922104437292,162.83909158485272,,99880340.03494707,59.78436210424251,1072167.15334821,524.5171123813544,-1,,,,,,,,unassigned,,,,,,,,,,,,
1242,13,162.84094254025413,162.8408130794765,,2164131.300860892,41.584990263225365,1027603.5354454484,11.250581844257193,-1,,,,,,,,unassigned,,,,,,,,,,,,
1243,14,162.90715265900005,162.9070231498618,,1698655.391408605,14.796077793114117,1372889.3624319616,8.766755205143122,-1,,,,,,,,unassigned,,,,,,,,,,,,
1244,15,163.8396746001761,163.83954440996064,,2941007.968713921,19.230376116477018,1084120.6539969752,15.24356897295956,-1,,,,,,,,unassigned,,,,,,,,,,,,
1245,16,164.83627951826364,164.8361486002659,,36609731.631920144,94.29401276765847,1044155.811514578,192.66948917077247,-1,,,,,,,,unassigned,,,,,,,,,,,,
1246,17,164.83963508680193,164.8395041663539,,14968332.566167682,92.95727529850842,1025493.6703529262,77.59600183966488,-1,,,,,,,,unassigned,,,,,,,,,,,,
1247,18,165.70320661124126,165.70307506024275,,4855576.928638654,33.79331171310771,1341854.9447978744,24.73346357936374,-1,,,,,,,,unassigned,,,,,,,,,,,,
1248,19,166.83332052187137,166.83318814581776,,4420728.473513123,30.168086694371564,1025840.7930187581,22.983256622688426,-1,,,,,,,,unassigned,,,,,,,,,,,,
1249,20,166.8350811917731,166.83494881443417,,5161969.7415358005,33.3220772217435,1043367.7711187103,26.82951981490304,-1,,,,,,,,unassigned,,,,,,,,,,,,
1250,21,166.83668241728193,166.8365500387741,,4447518.276030032,45.849119722083856,1019616.0456555929,22.72124959324601,-1,,,,,,,,unassigned,,,,,,,,,,,,
1251,22,166.85762982508183,166.8574974312823,,2992141.6293975385,73.1243348129396,994000.8331613453,15.24356897295956,-1,,,,,,,,unassigned,,,,,,,,,,,,
1252,23,166.93346095350907,166.93332850435286,,1682426.168653618,33.67790753295288,1187550.0521416229,8.572870003355737,-1,,,,,,,,unassigned,,,,,,,,,,,,
1253,24,168.83214242249488,168.83200858749456,,2184399.3146604314,24.872401515562515,1166979.7076615433,11.43922690545573,-1,,,,,,,,unassigned,,,,,,,,,,,,
1254,25,168.8363916824031,168.83625784430168,,37968716.442234635,96.56778853137357,1026263.3931141437,193.08870041788032,-1,,,,,,,,unassigned,,,,,,,,,,,,
1255,26,168.85467847117292,168.85454461972583,,5310595.21047235,29.64083974679035,1118420.9203468568,27.311612749077078,-1,,,,,,,,unassigned,,,,,,,,,,,,
1256,27,168.85775131654225,168.85761746285257,,2038212.253484282,28.98388266727606,1056669.8182975412,10.642725535950795,-1,,,,,,,,unassigned,,,,,,,,,,,,
1257,29,170.85171043170942,170.85157512303581,,2891048.0440257364,96.01682315589738,1109715.9228906126,14.887239412917879,-1,,,,,,,,unassigned,,,,,,,,,,,,
1258,30,170.9855945544361,170.98545914808238,,2665420.988990884,59.891424546506926,1043784.4526102795,13.676766936893932,-1,,,,,,,,unassigned,,,,,,,,,,,,
1259,32,174.8273798311514,174.8272416226645,,9245675.437844243,91.6358878208103,976956.8916739761,48.12545116798233,-1,,,,,,,,unassigned,,,,,,,,,,,,
1260,33,174.82914046113297,174.82900225136223,,16798102.15040457,49.568728216008395,990778.3739628996,87.95051964322903,-1,,,,,,,,unassigned,,,,,,,,,,,,
1261,34,176.81749083083278,176.81735117138754,,2261874.1227444923,55.25702291967934,976267.2265561493,11.55975013899924,-1,,,,,,,,unassigned,,,,,,,,,,,,
1262,35,176.8261865585968,176.82604689281254,,6415753.789093777,67.79823818468392,956419.1359407111,33.04432655327707,-1,,,,,,,,unassigned,,,,,,,,,,,,
1263,36,176.89425986797963,176.89412015257145,,14807876.002955545,57.39275071715472,937958.7825277327,77.21871171726781,-1,,,,,,,,unassigned,,,,,,,,,,,,
1264,38,178.89132879401308,178.8911876229976,,5440970.492067655,68.35543941133959,1099498.1325505697,27.678422590296456,-1,,,,,,,,unassigned,,,,,,,,,,,,
1265,42,184.8995700820661,184.89942453427838,,2829353.9691983247,76.43489737891811,1093342.9274062708,14.46278802522117,-1,,,,,,,,unassigned,,,,,,,,,,,,
1266,47,188.88405036027686,188.88390191199,,7381186.3907186845,29.96992269189665,930321.2009975235,38.284467142125315,-1,,,,,,,,unassigned,,,,,,,,,,,,
1267,49,190.88108744368833,190.88093754227228,,7655997.801865184,104.1772418990471,889488.1430889583,39.11240935516334,-1,,,,,,,,unassigned,,,,,,,,,,,,
1268,50,192.87814959027284,192.87799823611832,,2668642.843013866,63.96021780395888,858385.3984733043,14.001655653402524,-1,,,,,,,,unassigned,,,,,,,,,,,,
1269,51,192.898485827569,192.89833445862322,,4408245.106441144,51.576285773809246,1068145.2346152796,23.234783370953142,-1,,,,,,,,unassigned,,,,,,,,,,,,
1270,54,193.81571899454903,193.81556695851214,,10873742.339872133,35.36616671918235,947335.0718950854,55.90181980183313,-1,,,,,,,,unassigned,,,,,,,,,,,,
1271,55,193.89918046794688,193.89902837121386,,1865745.2692265878,50.25475759606654,938242.9744661622,9.589457277592297,-1,,,,,,,,unassigned,,,,,,,,,,,,
1272,56,194.895550939991,194.89539811871768,,5080793.00558275,76.37595942619562,1037932.7567739246,26.682795878415288,-1,,,,,,,,unassigned,,,,,,,,,,,,
1273,58,195.81105329557522,195.81089980865693,,178239160.06122312,111.46623092829064,975734.2603334176,919.5817916558017,-1,,,,,,,,unassigned,,,,,,,,,,,,
1274,59,195.81277294953583,195.8126194613673,,15541899.236923663,65.43446519511575,979476.7279517185,80.8658495671062,-1,,,,,,,,unassigned,,,,,,,,,,,,
1275,62,197.8080988191348,197.80794388049952,,213105118.65210825,147.03154373473566,941525.7254723799,1100.6810504063972,-1,,,,,,,,unassigned,,,,,,,,,,,,
1276,63,197.80983390449464,197.80967896459825,,6194036.744394838,53.342242100207386,958861.4862597237,32.111581528462075,-1,,,,,,,,unassigned,,,,,,,,,,,,
1277,64,198.80857010273328,198.80841443697685,,5017801.904230508,161.1094657532278,888247.9007279279,26.3579071619067,-1,,,,,,,,unassigned,,,,,,,,,,,,
1278,65,198.87624594839832,198.87609023346022,,2197157.027460348,54.56153271582056,1020192.945910405,11.156259313657925,-1,,,,,,,,unassigned,,,,,,,,,,,,
1279,66,198.94016536217563,198.9400096007862,,3076581.2725041443,44.41459982074525,913529.5055717714,15.799023875377474,-1,,,,,,,,unassigned,,,,,,,,,,,,
1280,70,199.80514926742202,199.80499287747512,,116197462.02292344,83.58333225661795,990538.938768603,590.41712042671,-1,,,,,,,,unassigned,,,,,,,,,,,,
1281,71,199.80688494335277,199.80672855214468,,1899944.7298617805,43.154627329013465,1130007.7155667937,9.840984025857013,-1,,,,,,,,unassigned,,,,,,,,,,,,
1282,72,200.80561410228333,200.8054569854248,,2672307.6471838513,59.300134180727,1023111.1284044139,13.77632960808205,-1,,,,,,,,unassigned,,,,,,,,,,,,
1283,73,200.8732732343069,200.8731160682927,,1577436.843761147,41.47536654938231,1038175.0140657902,8.229640794786176,-1,,,,,,,,unassigned,,,,,,,,,,,,
1284,74,200.93813316643488,200.93797595329912,,3178509.6849660827,82.60452393766992,870922.7345294245,16.40164004309502,-1,,,,,,,,unassigned,,,,,,,,,,,,
1285,75,201.0177064620009,201.01754919105474,,6583758.92650746,112.32315384366008,1003562.268711818,33.91418989102588,-1,,,,,,,,unassigned,,,,,,,,,,,,
1286,78,201.80220003822072,201.80204219737087,,32010094.99684166,73.95336067034201,947165.1766375136,163.86967649446248,-1,,,,,,,,unassigned,,,,,,,,,,,,
1287,79,202.8284830184979,202.82832443218908,,22853802.862705223,80.56994469068324,941480.5907416072,117.54683368904395,-1,,,,,,,,unassigned,,,,,,,,,,,,
1288,80,202.89970438113582,202.89954574309812,,3199629.345511646,29.85926980126279,990157.4686119703,16.448801308394657,-1,,,,,,,,unassigned,,,,,,,,,,,,
1289,81,203.01476002743624,203.01460130583337,,2851429.434845721,81.37339758095145,959398.5442342603,14.667153508186251,-1,,,,,,,,unassigned,,,,,,,,,,,,
1290,84,203.79923853332681,203.7990792419918,,2275199.314747976,81.35722933679482,997238.9970971594,11.800796606086259,-1,,,,,,,,unassigned,,,,,,,,,,,,
1291,85,204.7916951862824,204.79153517426028,,12646430.305071611,52.32502901416734,990720.9445147084,66.08865310655413,-1,,,,,,,,unassigned,,,,,,,,,,,,
1292,86,204.82552861897324,204.82536858238424,,25422474.650896408,77.54584641977347,970249.6048015889,131.25504146947097,-1,,,,,,,,unassigned,,,,,,,,,,,,
1293,87,204.89675608729556,204.8965959989878,,3136647.4018428586,61.34725033211173,978852.3136884492,16.239195684840727,-1,,,,,,,,unassigned,,,,,,,,,,,,
1294,89,206.78874011462761,206.78857865272778,,9375922.568198068,100.95481029414873,953022.5168863919,48.14641173033772,-1,,,,,,,,unassigned,,,,,,,,,,,,
1295,90,206.789652029616,206.7894905670542,,13436511.824267728,78.80565875078769,944360.4646220279,69.04409239866455,-1,,,,,,,,unassigned,,,,,,,,,,,,
1296,91,206.82258761743967,206.8224261309697,,16047827.077729663,67.8986072245107,939742.046810781,83.88417054628279,-1,,,,,,,,unassigned,,,,,,,,,,,,
1297,92,206.85017522120873,206.85001371471276,,2093845.1061306756,50.91094309150624,892854.0409807331,10.737048066550065,-1,,,,,,,,unassigned,,,,,,,,,,,,
1298,93,206.96230266200553,206.9621410741166,,2444803.794580154,86.56658192823656,983954.4702274826,12.529176147936166,-1,,,,,,,,unassigned,,,,,,,,,,,,
1299,97,208.78669838842558,208.7865354763941,,8019374.122463573,63.042851318858666,986694.9516991673,41.900164148430605,-1,,,,,,,,unassigned,,,,,,,,,,,,
1300,98,208.81963880678455,208.81947587084812,,4130062.6497304616,51.036758185983295,935731.1607765406,21.243529947190805,-1,,,,,,,,unassigned,,,,,,,,,,,,
1301,99,208.84542805231737,208.84526509766573,,73954621.22545147,143.6734871475287,957450.0795892682,376.78706890054457,-1,,,,,,,,unassigned,,,,,,,,,,,,
1302,100,208.84722650771818,208.8470635517614,,3023435.071366252,99.51466422761114,928451.3438226712,15.704701344778206,-1,,,,,,,,unassigned,,,,,,,,,,,,
1303,101,208.90273813029873,208.9025751340574,,2177035.410502348,38.25707849050014,890513.2952706128,11.119578329535987,-1,,,,,,,,unassigned,,,,,,,,,,,,
1304,102,208.9347671085091,208.93460408902465,,31586915.880364485,130.20104475454892,940224.1009778329,164.16312436743797,-1,,,,,,,,unassigned,,,,,,,,,,,,
1305,105,209.9343408904851,209.934177145672,,3647213.9578504413,13.886347422434874,1028593.4896764009,19.393760319327374,-1,,,,,,,,unassigned,,,,,,,,,,,,
1306,106,210.783745754839,210.78358139374606,,1742092.9158499744,67.58284710855898,1076707.5775750047,9.028762234585535,-1,,,,,,,,unassigned,,,,,,,,,,,,
1307,107,210.8424760209675,210.84231161726595,,97699070.91562003,146.78703676999098,911767.4708600856,514.7914114484521,-1,,,,,,,,unassigned,,,,,,,,,,,,
1308,108,210.84422874553835,210.8440643405652,,1860989.4396519016,69.17701891078457,819340.1563457738,9.589457277592297,-1,,,,,,,,unassigned,,,,,,,,,,,,
1309,109,210.89976178894702,210.8995973436852,,1787783.0293944196,41.09274028547205,864371.4662519093,9.217407295784072,-1,,,,,,,,unassigned,,,,,,,,,,,,
1310,110,210.93180925777455,210.93164478926272,,12050794.114242546,91.99031380285133,872951.7821456178,61.56117163778924,-1,,,,,,,,unassigned,,,,,,,,,,,,
1311,114,212.78589608933962,212.78573027589294,,7535221.141625339,127.15134529161502,934905.0213533444,39.447778352849625,-1,,,,,,,,unassigned,,,,,,,,,,,,
1312,115,212.83952741612606,212.83936156378104,,51447889.13964063,99.9233311815438,928585.0181096747,268.4628826478735,-1,,,,,,,,unassigned,,,,,,,,,,,,
1313,119,214.78387153707985,214.7837042747176,,6864491.217403689,141.13286188570729,918673.7851772811,35.07750110175019,-1,,,,,,,,unassigned,,,,,,,,,,,,
1314,120,214.83658933747546,214.83642203688825,,11068749.103228858,106.43572866154233,939441.0574200506,57.24329579257828,-1,,,,,,,,unassigned,,,,,,,,,,,,
1315,121,214.93510071651326,214.9349333444975,,5035168.66377999,53.29408309614519,953660.518194852,25.771011415955694,-1,,,,,,,,unassigned,,,,,,,,,,,,
1316,124,216.77983198229546,216.77966327288757,,2721707.7737400997,152.28582447341276,940324.3054397037,13.975454950458282,-1,,,,,,,,unassigned,,,,,,,,,,,,
1317,125,216.78161142200938,216.7814427113116,,2776495.6421477627,66.38177400852541,996705.3441905564,14.452307744043473,-1,,,,,,,,unassigned,,,,,,,,,,,,
1318,126,216.93305338958757,216.932884569113,,4231151.307582658,44.85003357751979,875178.1108962217,21.982389770218408,-1,,,,,,,,unassigned,,,,,,,,,,,,
1319,130,218.7777805163668,218.77761035888096,,2269184.663407926,37.030846620233945,894149.2456842732,11.968481104929403,-1,,,,,,,,unassigned,,,,,,,,,,,,
1320,131,218.7786305372966,218.7784603791948,,1610608.0729288228,56.46331174872705,811025.2808664362,8.350164028329687,-1,,,,,,,,unassigned,,,,,,,,,,,,
1321,132,218.77956837743923,218.77939821865778,,2856888.6422951594,64.13196655366383,931989.6134023888,14.714314773485887,-1,,,,,,,,unassigned,,,,,,,,,,,,
1322,133,218.80083526776042,218.80066509356735,,1852240.206251224,100.90376362889657,1029660.7794627203,9.568496715236904,-1,,,,,,,,unassigned,,,,,,,,,,,,
1323,135,220.79790175029754,220.79773012907955,,2776808.451350392,126.63514860257133,828787.2461618644,14.274142964022634,-1,,,,,,,,unassigned,,,,,,,,,,,,
1324,136,220.80125995885652,220.80108833520558,,2140381.3305484615,100.21575547860586,951386.6803286119,11.2296212819018,-1,,,,,,,,unassigned,,,,,,,,,,,,
1325,139,221.0587603955663,221.0585885853668,,2263842.745870636,71.64878465289301,942473.1469164856,11.544029717232695,-1,,,,,,,,unassigned,,,,,,,,,,,,
1326,141,222.0126268394498,222.0124543382721,,1618407.3759465397,70.74009412884898,961883.2761832562,8.305622833324476,-1,,,,,,,,unassigned,,,,,,,,,,,,
1327,142,222.79491951915747,222.7947464513588,,1599210.4157071612,29.375235570638118,877102.6398151234,8.29514255214678,-1,,,,,,,,unassigned,,,,,,,,,,,,
1328,143,222.79825721852947,222.7980841483134,,1961941.787577372,62.88428966386732,976701.9097297939,10.165872742365606,-1,,,,,,,,unassigned,,,,,,,,,,,,
1329,144,222.91841920833693,222.91824605109213,,1648962.4345363248,64.83537008918404,893456.7818559561,8.4602069806955,-1,,,,,,,,unassigned,,,,,,,,,,,,
1330,145,222.95042311234437,222.9502499319206,,23503276.62451472,119.85592399513064,899886.1763582273,121.02628704003918,-1,,,,,,,,unassigned,,,,,,,,,,,,
1331,148,223.07442492946174,223.0742516592302,,2282187.4657127196,70.83022805120915,756756.6268876072,11.714334286370264,-1,,,,,,,,unassigned,,,,,,,,,,,,
1332,149,223.9500091075376,223.94983520321279,,2738658.960541883,52.33581352742113,935987.0526829037,14.10121832459064,-1,,,,,,,,unassigned,,,,,,,,,,,,
1333,150,224.8193749228234,224.81920038898636,,4543112.336389819,112.37130372113755,854552.0506481756,23.109019996820784,-1,,,,,,,,unassigned,,,,,,,,,,,,
1334,151,224.94747537058421,224.94730074399553,,8677226.456675686,78.82318573169819,847389.6261576664,44.88704428407411,-1,,,,,,,,unassigned,,,,,,,,,,,,
1335,155,226.8164320941655,226.81625611454265,,5233698.7956769895,47.672826871003544,951366.6770335004,26.881921220791522,-1,,,,,,,,unassigned,,,,,,,,,,,,
1336,156,226.8688991460448,226.86872312844352,,3419843.1561603486,93.20019141560421,789029.4562875065,17.66451392500745,-1,,,,,,,,unassigned,,,,,,,,,,,,
1337,160,228.81348040599877,228.81330298100542,,2700697.31651613,96.69210340433422,1026665.0767561923,13.9230535445698,-1,,,,,,,,unassigned,,,,,,,,,,,,
1338,161,228.86592899061048,228.8657515276628,,3044380.0889399196,92.40126311543081,785734.7046029414,15.668020360656268,-1,,,,,,,,unassigned,,,,,,,,,,,,
1339,162,228.9330272551926,228.93284974368976,,2069445.467480922,67.45371602037011,877127.088837598,10.590324130062314,-1,,,,,,,,unassigned,,,,,,,,,,,,
1340,167,230.93002308623306,230.92984412983108,,1752930.325561242,51.65685682952946,975714.6031263598,8.971120688108204,-1,,,,,,,,unassigned,,,,,,,,,,,,
1341,172,232.9248573160861,232.9246769167572,,8583477.926612329,68.82975840698208,866645.6023425788,44.446872474610856,-1,,,,,,,,unassigned,,,,,,,,,,,,
1342,177,233.92320159617105,233.92302047486123,,1878565.9469144351,23.078387038556542,928666.7624514721,9.665439316130596,-1,,,,,,,,unassigned,,,,,,,,,,,,
1343,178,233.92438804499224,233.92420692282445,,1639165.439584074,75.19812851737727,779275.4493492411,8.536189019233799,-1,,,,,,,,unassigned,,,,,,,,,,,,
1344,182,235.07441029986387,235.07422834615173,,2132671.8504266376,62.963644747379476,794026.7857591067,10.925693127748602,-1,,,,,,,,unassigned,,,,,,,,,,,,
1345,183,236.96608536277998,236.965902041553,,9976169.88915709,97.89796046040128,857379.6562503825,52.03459604726312,-1,,,,,,,,unassigned,,,,,,,,,,,,
1346,186,237.05370565610804,237.0535222715482,,2004197.7878932322,117.46641622310923,781287.0387531277,10.27067555414257,-1,,,,,,,,unassigned,,,,,,,,,,,,
1347,188,237.09010669472832,237.08992328385762,,2450946.981066467,32.50464703506901,989911.3688551212,12.644459240890827,-1,,,,,,,,unassigned,,,,,,,,,,,,
1348,190,238.96315020800958,238.96296544347834,,2628831.6996854483,114.40828836118783,947106.7821580712,13.692487358660477,-1,,,,,,,,unassigned,,,,,,,,,,,,
1349,195,239.76057006631981,239.7603847255973,,17071627.970768064,148.70141064018395,881581.3680864706,87.30074221021185,-1,,,,,,,,unassigned,,,,,,,,,,,,
1350,196,240.8845343358645,240.88434818311038,,2774987.807784271,67.83702720184846,956121.8068613858,14.190300714601062,-1,,,,,,,,unassigned,,,,,,,,,,,,
1351,201,241.1366484465998,241.13646211171834,,45086388.860934734,76.20883377304698,855593.1129979207,231.06923940585244,-1,,,,,,,,unassigned,,,,,,,,,,,,
1352,203,241.75761416445158,241.75742738101198,,14569916.164184785,92.42693165560843,865233.1268127074,74.59864142284368,-1,,,,,,,,unassigned,,,,,,,,,,,,
1353,204,241.75851956789896,241.75833278380537,,14034267.762284081,74.7829996156945,854156.4066964191,72.1672161896181,-1,,,,,,,,unassigned,,,,,,,,,,,,
1354,207,242.88159408300302,242.88140648775067,,3080767.8512365385,84.62831993379731,888033.0121814085,15.709941485367054,-1,,,,,,,,unassigned,,,,,,,,,,,,
1355,212,243.1337027399704,243.13351496264625,,14639917.423523288,103.97862694213012,831513.4311471375,75.08073435701773,-1,,,,,,,,unassigned,,,,,,,,,,,,
1356,214,243.75466150363303,243.7544732778829,,4776620.484603339,101.07874351121438,849926.9234922465,24.72822343877489,-1,,,,,,,,unassigned,,,,,,,,,,,,
1357,215,243.75557062596087,243.75538239955424,,13798169.683088208,50.46751926894829,830143.2568874994,72.96371755912303,-1,,,,,,,,unassigned,,,,,,,,,,,,
1358,216,244.13706405913078,244.13687555724795,,2265994.087067056,108.21190863459029,842636.4082240916,11.798176535791836,-1,,,,,,,,unassigned,,,,,,,,,,,,
1359,217,244.80959314490295,244.80940415742356,,1962987.1059771716,79.70103657856968,858389.5507713102,10.032249157349975,-1,,,,,,,,unassigned,,,,,,,,,,,,
1360,218,244.90066052160333,244.90047146837273,,1667493.2843925396,45.3871592544003,867396.069974988,8.554529511294769,-1,,,,,,,,unassigned,,,,,,,,,,,,
1361,219,244.92800112601952,244.927812053049,,1569315.2584480606,45.32693275266709,781611.1777245264,8.027895382115519,-1,,,,,,,,unassigned,,,,,,,,,,,,
1362,223,245.7526082888438,245.75241862054273,,4481229.357450948,70.84601031198974,823419.5602162225,23.156181262120416,-1,,,,,,,,unassigned,,,,,,,,,,,,
1363,224,246.59077959874344,246.59058932539054,,1717179.2602581924,88.84611018248079,755390.0898023179,8.861077735742391,-1,,,,,,,,unassigned,,,,,,,,,,,,
1364,225,246.80661978226203,246.80642935311195,,3831371.873423169,93.14884623594132,813688.4195338174,20.043537752344555,-1,,,,,,,,unassigned,,,,,,,,,,,,
1365,226,246.94053058924803,246.94034006344125,,6809925.915127538,66.09674721285351,819177.3603407616,34.930777165262434,-1,,,,,,,,unassigned,,,,,,,,,,,,
1366,230,247.11083432593742,247.11064367720815,,6733153.297842652,73.39233413158665,832103.9786136436,34.78405322877468,-1,,,,,,,,unassigned,,,,,,,,,,,,
1367,232,248.80367811300675,248.80348624257203,,2167813.453331411,45.35546076685266,692857.470160547,11.130058610713682,-1,,,,,,,,unassigned,,,,,,,,,,,,
1368,233,248.89615236641097,248.89596042924714,,8825291.922377674,116.86483393594347,814476.8256570318,46.134197744219996,-1,,,,,,,,unassigned,,,,,,,,,,,,
1369,236,249.10792754957038,249.10773545959358,,2117119.3939226647,138.66406323611807,843428.4870853224,11.059316712764232,-1,,,,,,,,unassigned,,,,,,,,,,,,
1370,239,250.89319586707808,250.89300248906815,,2961934.4379557665,18.75148120560396,935959.8900924732,15.233088691781862,-1,,,,,,,,unassigned,,,,,,,,,,,,
1371,240,250.894096648447,250.89390326978724,,8191558.735609317,59.016273082557326,811662.7260516282,41.942085273141394,-1,,,,,,,,unassigned,,,,,,,,,,,,
1372,241,250.9117704858649,250.9115770944555,,3009134.0996267246,35.53000607056203,767745.7421080818,15.563217548879303,-1,,,,,,,,unassigned,,,,,,,,,,,,
1373,244,251.0693707597006,251.06917725460195,,3063627.2455539345,94.04904160670384,714089.2881796481,15.882866124799046,-1,,,,,,,,unassigned,,,,,,,,,,,,
1374,246,251.10576187914188,251.10556834779186,,1767914.4616060143,67.79057888544737,964368.5270979104,9.099504132534985,-1,,,,,,,,unassigned,,,,,,,,,,,,
1375,248,252.17377188033146,252.1735775786144,,50112423.8070899,93.3114989450863,828639.6522047338,256.72496772885347,-1,,,,,,,,unassigned,,,,,,,,,,,,
1376,249,252.89115892449894,252.89096410538863,,2308361.176087027,34.75535107114634,727636.8981535133,12.007782159345766,-1,,,,,,,,unassigned,,,,,,,,,,,,
1377,250,252.90975764106983,252.90956280854647,,4000176.8794516427,124.36320317978519,796540.882687953,20.950082074215302,-1,,,,,,,,unassigned,,,,,,,,,,,,
1378,254,253.08503014686963,253.08483518794475,,1936064.0575910527,100.41308351729406,787413.3954623704,9.90910585351204,-1,,,,,,,,unassigned,,,,,,,,,,,,
1379,257,253.1771339995316,253.1769389741853,,6934055.244594935,86.86051419440706,844981.5595028698,35.9264038771436,-1,,,,,,,,unassigned,,,,,,,,,,,,
1380,258,254.14808105083742,254.14788532533802,,2192376.3141437625,90.77464670300645,808688.7502006784,11.271542406612586,-1,,,,,,,,unassigned,,,,,,,,,,,,
1381,259,254.17082413551412,254.17062839361577,,15845944.207756104,124.89326796057037,815981.0735256369,81.99771993429742,-1,,,,,,,,unassigned,,,,,,,,,,,,
1382,264,255.174201798684,255.17400533335064,,2099489.6968959984,25.634441664623115,919274.7262702453,10.682026590367158,-1,,,,,,,,unassigned,,,,,,,,,,,,
1383,265,256.83490390007995,256.83470623760763,,1754114.073575268,123.28654011177899,773943.1751356887,9.073303429590744,-1,,,,,,,,unassigned,,,,,,,,,,,,
1384,266,256.9644175019282,256.9642197461062,,1573937.3625930115,83.10795357217002,647043.9340388533,7.988594327699157,-1,,,,,,,,unassigned,,,,,,,,,,,,
1385,271,257.1315687833878,257.13137090709046,,4155613.879440983,100.24033747080338,814443.2225084059,21.563178523110548,-1,,,,,,,,unassigned,,,,,,,,,,,,
1386,273,257.8193420250215,257.8191436530375,,1962549.1534395227,68.39292618329424,658551.2470969243,10.050589649410943,-1,,,,,,,,unassigned,,,,,,,,,,,,
1387,279,260.78714413915736,260.78694362879787,,25879378.237433337,62.596284136051196,815230.0443817548,134.1056779498044,-1,,,,,,,,unassigned,,,,,,,,,,,,
1388,280,260.9561674399817,260.9559668078639,,2262242.6713962327,99.04384409190146,784416.6359318008,11.9029793475688,-1,,,,,,,,unassigned,,,,,,,,,,,,
1389,286,261.16286241441304,261.16266163340356,,2032347.6088974648,76.78546424278628,846323.8112039533,10.771108980377578,-1,,,,,,,,unassigned,,,,,,,,,,,,
1390,287,262.78418716987665,262.7839852211061,,40676280.00064251,190.21313520232033,809650.381481906,207.7610940666554,-1,,,,,,,,unassigned,,,,,,,,,,,,
1391,290,263.10575036611675,263.105548185772,,3208501.1038447134,92.37392761388365,834126.6894856237,16.485482292516593,-1,,,,,,,,unassigned,,,,,,,,,,,,
1392,291,264.2101467451725,264.2099437695757,,3302239.0869677435,91.91809138818302,780674.0433596139,16.94661466433524,-1,,,,,,,,unassigned,,,,,,,,,,,,
1393,292,264.7812413967331,264.78103800995234,,26863222.00715131,103.11246818851546,817184.9199186227,137.1659200536918,-1,,,,,,,,unassigned,,,,,,,,,,,,
1394,293,264.8507207145897,264.8505172777867,,2582338.399764377,15.086808686542975,807097.7476152065,13.409519766862672,-1,,,,,,,,unassigned,,,,,,,,,,,,
1395,297,265.08501734221574,265.0848137367322,,2718779.0581913874,60.251000510906316,708289.0052406527,13.949254247514041,-1,,,,,,,,unassigned,,,,,,,,,,,,
1396,299,265.1214289896858,265.1212253579884,,2931964.503818145,81.62018464944711,791379.5357210035,14.994662294989267,-1,,,,,,,,unassigned,,,,,,,,,,,,
1397,301,266.1530468540242,266.1528424796903,,4085937.7088868786,99.12057567502761,801847.8802018531,21.128246854236146,-1,,,,,,,,unassigned,,,,,,,,,,,,
1398,302,266.20719972172236,266.2069953084082,,1768626.7769833123,113.50417265461165,665212.5397283805,9.269808701672554,-1,,,,,,,,unassigned,,,,,,,,,,,,
1399,303,266.7782807864332,266.77807596206185,,7826261.962748264,134.11752708359765,818440.0941441708,40.17091775411068,-1,,,,,,,,unassigned,,,,,,,,,,,,
1400,304,266.8040899393311,266.80388509638345,,106200778.96863106,89.91638863759977,797731.1564542126,545.1423057390612,-1,,,,,,,,unassigned,,,,,,,,,,,,
1401,305,266.8486923125831,266.84848743753275,,5558917.644455804,74.36065464044668,811967.0786792763,28.548285928045267,-1,,,,,,,,unassigned,,,,,,,,,,,,
1402,306,266.8934516448356,266.8932467375697,,2180098.109052527,50.074945505153465,763858.4517931689,11.174599805718893,-1,,,,,,,,unassigned,,,,,,,,,,,,
1403,310,267.100676407256,267.100471350843,,2118619.4795786142,49.31589566593876,745567.6262435172,10.883772003037816,-1,,,,,,,,unassigned,,,,,,,,,,,,
1404,313,268.16870710670105,268.1685012816576,,47648339.90313995,86.11968232775664,792479.4497179738,244.73552606156866,-1,,,,,,,,unassigned,,,,,,,,,,,,
1405,314,268.80115140844225,268.80094512830226,,192290238.3224024,124.4768846840352,802473.4623490172,982.6311632208239,-1,,,,,,,,unassigned,,,,,,,,,,,,
1406,315,268.84664990298216,268.8464435901038,,2233682.2845090036,60.323366669485964,782471.0640648343,11.606911404298874,-1,,,,,,,,unassigned,,,,,,,,,,,,
1407,316,268.9015712848706,268.90136493247394,,8041457.797191017,48.22496770772044,774545.6931437225,41.14558390363646,-1,,,,,,,,unassigned,,,,,,,,,,,,
1408,323,269.17206067655906,269.17185412953796,,6015732.232098624,99.43402044639534,807830.8697718723,30.770105537716923,-1,,,,,,,,unassigned,,,,,,,,,,,,
1409,324,269.83795443011536,269.8377474039977,,1930229.4735056483,26.19281201073476,805300.1056608654,10.197313585898694,-1,,,,,,,,unassigned,,,,,,,,,,,,
1410,325,270.07025497696895,270.07004778372664,,1714509.669127422,100.93267700855529,722825.387880841,8.80343618926506,-1,,,,,,,,unassigned,,,,,,,,,,,,
1411,326,270.1657543958217,270.1655471338756,,14221026.123140821,67.7364039817679,766296.1484747004,75.08073435701773,-1,,,,,,,,unassigned,,,,,,,,,,,,
1412,327,270.7981983015543,270.79799058464135,,123999606.10331193,180.76609043740785,792007.9909872484,638.207202597006,-1,,,,,,,,unassigned,,,,,,,,,,,,
1413,328,270.89864792306673,270.89844013389626,,2155260.327082207,75.47459579468367,872897.7465215366,11.009535377170174,-1,,,,,,,,unassigned,,,,,,,,,,,,
1414,333,271.1472486291151,271.14704066112034,,4340049.368031827,135.12780927739647,792552.3479775424,22.296798205549305,-1,,,,,,,,unassigned,,,,,,,,,,,,
1415,335,271.16911317248804,271.16890518876596,,2355723.6618169458,85.88313042540445,809338.6078915606,12.267169118493753,-1,,,,,,,,unassigned,,,,,,,,,,,,
1416,336,271.8350000362698,271.8347915735924,,2136055.8419595715,75.80256213535102,700708.4935521291,11.043596290997687,-1,,,,,,,,unassigned,,,,,,,,,,,,
1417,337,272.1555318782122,272.1553231850007,,1626857.881238526,71.42574163978706,806630.7604631182,8.350164028329687,-1,,,,,,,,unassigned,,,,,,,,,,,,
1418,338,272.7952534805355,272.79504432725264,,42298272.00372658,132.56283233078622,780033.6818396079,219.91822023278337,-1,,,,,,,,unassigned,,,,,,,,,,,,
1419,343,273.0901379684661,273.08992860312395,,1573491.9759012768,78.49126970254353,814943.6378393777,8.075056647415153,-1,,,,,,,,unassigned,,,,,,,,,,,,
1420,346,273.144308672099,273.1440992678023,,1725594.33773349,80.5726545907688,792448.2105116969,8.882038298097784,-1,,,,,,,,unassigned,,,,,,,,,,,,
1421,347,274.7923018598671,274.7920912706281,,8301077.959541042,65.67126312057341,725727.200414507,42.34033595789386,-1,,,,,,,,unassigned,,,,,,,,,,,,
1422,349,275.0365527429614,275.0363419781244,,23262721.010944076,89.99903319563333,761322.9181793192,121.46645884950243,-1,,,,,,,,unassigned,,,,,,,,,,,,
1423,352,275.1057538958723,275.10554308128604,,2264929.4517102623,81.54402541066469,752591.7683218176,11.609531474593298,-1,,,,,,,,unassigned,,,,,,,,,,,,
1424,355,276.0360962755456,276.0358847921762,,3014175.938146013,48.960282331350804,802900.3632186864,15.623479165651057,-1,,,,,,,,unassigned,,,,,,,,,,,,
1425,356,276.03993830768303,276.03972682155194,,1828351.7020332378,58.47092583501724,693777.868353427,9.442733341104546,-1,,,,,,,,unassigned,,,,,,,,,,,,
1426,357,276.85075168194965,276.8505396130323,,3232848.4406466126,117.22470335985209,745987.0987275607,16.894213258446758,-1,,,,,,,,unassigned,,,,,,,,,,,,
1427,359,277.03363741901893,277.03342521865864,,7567510.89871287,63.60001790224396,862083.3534172263,38.766560076299356,-1,,,,,,,,unassigned,,,,,,,,,,,,
1428,362,277.08507700731013,277.08486476998,,1726444.3794875152,57.3755998723455,874221.5063744254,8.900378790158753,-1,,,,,,,,unassigned,,,,,,,,,,,,
1429,363,277.12144080640087,277.1212285429361,,2073669.5212458372,97.57187714208787,769510.1815098643,10.74752834772776,-1,,,,,,,,unassigned,,,,,,,,,,,,
1430,365,278.75992974529055,278.7597163043845,,1579689.14509307,63.49518790152083,803808.0461580716,8.261081638319267,-1,,,,,,,,unassigned,,,,,,,,,,,,
1431,366,278.848689959519,278.8484764548365,,7105048.647508448,59.11861772049702,775595.2864810509,36.963951713735554,-1,,,,,,,,unassigned,,,,,,,,,,,,
1432,367,278.9950781336435,278.99486452377914,,3749853.544488225,132.40908064681068,753749.9960433752,19.315158210494648,-1,,,,,,,,unassigned,,,,,,,,,,,,
1433,370,279.0642983810392,279.0640847214398,,1766654.3225352499,39.886749938183634,924439.9577517436,9.031382304879958,-1,,,,,,,,unassigned,,,,,,,,,,,,
1434,372,279.10067832949176,279.1004646437535,,5553478.111491871,60.58332267422889,746560.2790705139,28.584966912167204,-1,,,,,,,,unassigned,,,,,,,,,,,,
1435,373,279.1370763577333,279.13686264584334,,2041796.2887231875,98.24578177915014,721949.8091683739,10.739668136844488,-1,,,,,,,,unassigned,,,,,,,,,,,,
1436,374,280.0182542251461,280.01803988017724,,1649655.4116358075,37.906796494733385,810401.7492641576,8.407805574807018,-1,,,,,,,,unassigned,,,,,,,,,,,,
1437,375,280.20510375150246,280.20488927230247,,18723369.79897403,72.53282798787187,757416.0097253888,98.91289375509956,-1,,,,,,,,unassigned,,,,,,,,,,,,
1438,376,280.7569532274321,280.7567383518091,,2473672.1433924558,54.64657060921885,826117.6817872728,13.013889152404628,-1,,,,,,,,unassigned,,,,,,,,,,,,
1439,377,280.84665352658374,280.8464385865271,,3271148.4090088694,165.4593889041527,763448.5158082008,16.967575226690634,-1,,,,,,,,unassigned,,,,,,,,,,,,
1440,378,280.87741015946926,280.87719519731974,,2224302.0234064586,105.4519782909864,691477.266594896,11.339664234267612,-1,,,,,,,,unassigned,,,,,,,,,,,,
1441,381,281.0799597417525,281.079744634111,,1864625.1565991014,142.4971870539152,771813.117264619,9.757141776435441,-1,,,,,,,,unassigned,,,,,,,,,,,,
1442,382,281.0977367653222,281.0975216449117,,1655871.4029652174,101.18653868842793,635127.9222713396,8.642301866157977,-1,,,,,,,,unassigned,,,,,,,,,,,,
1443,384,281.11632736292654,281.1161122291626,,3981937.7567700585,89.41650313683593,753289.6473899713,20.86623982479373,-1,,,,,,,,unassigned,,,,,,,,,,,,
1444,385,281.20846214028575,281.20824694034286,,2704269.2396360124,60.39621669153958,813889.8854442642,14.03047642664119,-1,,,,,,,,unassigned,,,,,,,,,,,,
1445,386,282.1843612088205,282.1841453079586,,3726706.0488669663,99.79078581842268,674065.3946316,19.27323708578386,-1,,,,,,,,unassigned,,,,,,,,,,,,
1446,387,282.2021624645607,282.2019465509143,,5815358.122327914,72.4545138590585,746940.5336467216,29.84784079407963,-1,,,,,,,,unassigned,,,,,,,,,,,,
1447,388,282.7780414297484,282.77782510253587,,8266598.743529605,116.97841213741025,720504.7844906037,42.97963310973335,-1,,,,,,,,unassigned,,,,,,,,,,,,
1448,389,282.91722328046575,282.9170068533052,,5105900.259656967,101.35180169086541,719955.6910865565,26.866200799024977,-1,,,,,,,,unassigned,,,,,,,,,,,,
1449,393,283.0956115153253,283.0953949600651,,2876683.1720348787,84.43537238967663,803672.0476906067,14.722174984369158,-1,,,,,,,,unassigned,,,,,,,,,,,,
1450,394,283.11337803255344,283.11316146453544,,1693080.6550156625,189.8752821593832,640126.6102852602,8.6449219364524,-1,,,,,,,,unassigned,,,,,,,,,,,,
1451,397,284.0858556523249,284.085638386035,,1790569.473083013,106.79166024181745,726573.069509759,9.193826663134255,-1,,,,,,,,unassigned,,,,,,,,,,,,
1452,398,284.7750933900906,284.7748756289634,,11975983.126484938,80.8844484024671,770851.814147997,61.76029698016547,-1,,,,,,,,unassigned,,,,,,,,,,,,
1453,399,284.83252100253316,284.8323032001781,,2598073.403215037,79.81049930876914,725536.4059274709,13.425240188629216,-1,,,,,,,,unassigned,,,,,,,,,,,,
1454,406,285.70800954601094,285.7077911151754,,1785242.5289793555,61.595904996192004,613022.7499803916,9.147975432981832,-1,,,,,,,,unassigned,,,,,,,,,,,,
1455,408,286.7721425496642,286.77192335503315,,9278386.321751095,97.59535199504256,742353.1950320802,48.439859603313224,-1,,,,,,,,unassigned,,,,,,,,,,,,
1456,409,286.83046443573085,286.83024519924186,,4851213.226255546,99.99335770528972,754413.4063355601,25.011191030572697,-1,,,,,,,,unassigned,,,,,,,,,,,,
1457,410,286.91214520875593,286.9119259136448,,30305854.285774752,161.00289861605228,749116.3456073899,155.4016093028837,-1,,,,,,,,unassigned,,,,,,,,,,,,
1458,416,287.1421947979992,287.1419753377855,,1807824.5719166931,131.3753181569436,602935.907355331,9.22264743637292,-1,,,,,,,,unassigned,,,,,,,,,,,,
1459,418,287.91171804519684,287.91149803274925,,4423288.233157152,117.22565454789394,755284.2984605654,22.763170717956797,-1,,,,,,,,unassigned,,,,,,,,,,,,
1460,419,288.1504694273431,288.15024924357243,,6244637.986438563,56.91682062661984,715950.5332241631,32.76135896147926,-1,,,,,,,,unassigned,,,,,,,,,,,,
1461,420,288.7692109844856,288.76899035674586,,2887054.7382510933,85.33283578175131,688677.4674813036,14.861038709973636,-1,,,,,,,,unassigned,,,,,,,,,,,,
1462,421,288.8283975262899,288.82817685608376,,2313272.4837485016,71.30277146065009,734847.3641711015,11.8269973090305,-1,,,,,,,,unassigned,,,,,,,,,,,,
1463,422,288.9092370564577,288.9090163282497,,7930746.210544061,20.921429634911416,825058.9417279735,40.78925434359478,-1,,,,,,,,unassigned,,,,,,,,,,,,
1464,428,289.1214268066204,289.1212059261708,,15745332.549420197,105.98846789870804,713925.0048124925,81.89291712252044,-1,,,,,,,,unassigned,,,,,,,,,,,,
1465,431,289.7310776528568,289.73085633502143,,3526686.451292883,120.99919316965591,648700.6403625802,18.10730580476513,-1,,,,,,,,unassigned,,,,,,,,,,,,
1466,433,290.14751423719434,290.14729262061405,,3328287.4975245884,49.51901497142377,768740.6669755433,17.09857874141184,-1,,,,,,,,unassigned,,,,,,,,,,,,
1467,436,291.0642907269745,291.0640684527762,,1741278.0602167957,68.92133594066924,729137.6740618245,8.997321391052445,-1,,,,,,,,unassigned,,,,,,,,,,,,
1468,438,291.10068691369196,291.1004646133879,,2604056.007158951,92.02531367723576,758798.1660136669,13.39641941539055,-1,,,,,,,,unassigned,,,,,,,,,,,,
1469,439,291.1184775354542,291.11825522238956,,4690283.030891392,103.46341879208883,756823.5708408019,24.649621329942168,-1,,,,,,,,unassigned,,,,,,,,,,,,
1470,440,291.137086203945,291.1368638775331,,1867928.0536907138,111.95950363368317,700480.4259203104,9.8069231120295,-1,,,,,,,,unassigned,,,,,,,,,,,,
1471,441,291.20985858308285,291.2096362044744,,26977946.71168188,128.59718507785712,716270.9130643862,142.63662682844935,-1,,,,,,,,unassigned,,,,,,,,,,,,
1472,442,292.1323359750052,292.1321129347902,,4779890.9647447225,72.73074758739044,747213.4984154121,24.670581892297562,-1,,,,,,,,unassigned,,,,,,,,,,,,
1473,443,292.2051145637213,292.2048914713127,,2003932.5937083242,95.84308221337295,639694.7118807491,10.278535765025842,-1,,,,,,,,unassigned,,,,,,,,,,,,
1474,445,292.8456643105357,292.8454407587769,,14046548.710300779,137.68615644354,712315.4595249151,73.59253442978482,-1,,,,,,,,unassigned,,,,,,,,,,,,
1475,446,292.8643440439338,292.86412047877997,,2002709.8729269868,35.00294458879031,720572.4241620217,10.23923471060948,-1,,,,,,,,unassigned,,,,,,,,,,,,
1476,447,292.89167888582557,292.89145530107044,,3001777.3870457457,95.62677849743359,737471.8129300548,15.605138673590089,-1,,,,,,,,unassigned,,,,,,,,,,,,
1477,449,293.0107329646506,293.01050929452475,,2496862.671528305,52.48320156665647,690773.9331046949,12.940527184160754,-1,,,,,,,,unassigned,,,,,,,,,,,,
1478,452,293.07996386955114,293.0797401497822,,3563642.261551938,129.60175951896238,669100.9932522882,18.568438176583776,-1,,,,,,,,unassigned,,,,,,,,,,,,
1479,454,293.1163578119601,293.1161340660945,,3930798.1948200404,205.1568522795827,628697.2634271235,20.499429983574355,-1,,,,,,,,unassigned,,,,,,,,,,,,
1480,456,293.1891547676307,293.1889309695658,,1649684.3385541476,83.00285963646314,581800.2329965858,8.525708738056103,-1,,,,,,,,unassigned,,,,,,,,,,,,
1481,457,293.20691044324025,293.20668663244356,,9788451.94637389,184.71147205377912,737590.7156192855,51.43722002013442,-1,,,,,,,,unassigned,,,,,,,,,,,,
1482,458,293.7249735528339,293.72474937057444,,3427483.078227261,121.49878948875474,708581.2819877999,17.72739561207363,-1,,,,,,,,unassigned,,,,,,,,,,,,
1483,460,294.1843681134551,294.18414360182254,,4284016.152792475,89.21031014158018,711636.0313175233,22.144834128472706,-1,,,,,,,,unassigned,,,,,,,,,,,,
1484,461,294.21029537865246,294.21007084843137,,1589240.034087927,58.937544032319565,799466.3955175331,8.182479529486542,-1,,,,,,,,unassigned,,,,,,,,,,,,
1485,462,294.84362640421796,294.84340141995335,,26976865.531632774,112.34505021884468,741387.2765872892,138.0462636726183,-1,,,,,,,,unassigned,,,,,,,,,,,,
1486,463,294.86131019579113,294.86108519884937,,4375967.507534178,158.48661883735747,732165.927852186,22.794611561489887,-1,,,,,,,,unassigned,,,,,,,,,,,,
1487,464,294.879965586902,294.8797405765866,,2084608.939066591,125.38256005469411,710243.4718317838,10.73442799625564,-1,,,,,,,,unassigned,,,,,,,,,,,,
1488,465,294.9380383267775,294.9378132748312,,2037776.7155263026,93.05686685379027,648097.342066533,10.430499842102442,-1,,,,,,,,unassigned,,,,,,,,,,,,
1489,469,295.09562971345645,295.0954045485387,,4630264.121676815,94.44596155560211,746152.7013802889,23.77451785160451,-1,,,,,,,,unassigned,,,,,,,,,,,,
1490,470,295.1134239614376,295.11319878376395,,1780627.6414406653,139.17894170796723,619723.611189613,9.132255011215287,-1,,,,,,,,unassigned,,,,,,,,,,,,
1491,472,295.1320110098781,295.1317858188803,,2477089.3984977473,100.07981371794907,750061.4889191012,13.061050417704264,-1,,,,,,,,unassigned,,,,,,,,,,,,
1492,473,295.8469694276164,295.8467437241258,,2077331.934204607,60.04752849443499,800153.2478361734,10.687266730956006,-1,,,,,,,,unassigned,,,,,,,,,,,,
1493,474,296.20001760555635,296.1997916490149,,16141702.379953753,140.950442614593,738165.3736949445,82.75230017909156,-1,,,,,,,,unassigned,,,,,,,,,,,,
1494,475,296.8415736306031,296.8413472142526,,13225053.06721032,89.44463219823886,740764.0863028498,68.05894596796107,-1,,,,,,,,unassigned,,,,,,,,,,,,
1495,476,296.8592689274484,296.85904249841616,,8635944.907946158,97.85393330860035,712909.0110434772,44.82416259700793,-1,,,,,,,,unassigned,,,,,,,,,,,,
1496,477,296.93285153275195,296.93262505098517,,1599552.9115310595,62.63161187794298,636097.1031219475,8.158898896836725,-1,,,,,,,,unassigned,,,,,,,,,,,,
1497,478,296.93598883600316,296.93576235198805,,2451940.3296695487,142.7953022676496,731095.3702409113,12.542276499408286,-1,,,,,,,,unassigned,,,,,,,,,,,,
1498,482,297.11127273751777,297.1110461278841,,2882831.000544507,115.99690021012286,661618.7925189278,14.779816530846489,-1,,,,,,,,unassigned,,,,,,,,,,,,
1499,485,297.2034086566638,297.2031819810015,,2381312.9360289313,103.97827688883092,736863.5551417563,12.240968415549512,-1,,,,,,,,unassigned,,,,,,,,,,,,
1500,486,298.0651757232012,298.064948430001,,1908057.7075042215,79.96979863582534,736078.991088602,10.04796957911652,-1,,,,,,,,unassigned,,,,,,,,,,,,
1501,487,298.10159003707275,298.1013627177799,,1861372.3016654376,69.22079485632221,776609.0520356203,9.568496715236904,-1,,,,,,,,unassigned,,,,,,,,,,,,
1502,488,298.19705837922623,298.19683099152627,,5392690.435119461,119.55881470705899,679858.3924659959,28.108114118582012,-1,,,,,,,,unassigned,,,,,,,,,,,,
1503,489,298.81177974792666,298.81155191977535,,2134173.1378375893,67.81896810131846,736479.8851096501,10.909972705982057,-1,,,,,,,,unassigned,,,,,,,,,,,,
1504,490,298.85723100354227,298.85700314282644,,3977644.074247747,110.28744918231452,716610.9575970012,20.342225765908907,-1,,,,,,,,unassigned,,,,,,,,,,,,
1505,497,300.186840340461,300.1866115272112,,2607890.791990094,69.56384513169805,661949.5809875962,13.551003562761574,-1,,,,,,,,unassigned,,,,,,,,,,,,
1506,498,300.80974418826503,300.8095149288284,,4596578.034739384,87.2978753152862,681343.8485187968,23.53347138451749,-1,,,,,,,,unassigned,,,,,,,,,,,,
1507,499,300.82748039628984,300.8272511241493,,1625203.7366552178,81.24733183583437,694016.4774721203,8.309552938766112,-1,,,,,,,,unassigned,,,,,,,,,,,,
1508,500,300.92780510389906,300.92757575989975,,21344835.38606955,297.3296251943088,727579.1251106735,110.56696642469808,-1,,,,,,,,unassigned,,,,,,,,,,,,
1509,507,301.76431905191606,301.7640891087934,,4127478.501314817,46.633252635006656,604911.0162722551,21.534357749871884,-1,,,,,,,,unassigned,,,,,,,,,,,,
1510,508,301.9273721515575,301.9271420916623,,3645105.0674235523,153.34846386576163,615405.9125980401,18.848785698087156,-1,,,,,,,,unassigned,,,,,,,,,,,,
1511,509,302.18389339195863,302.1836631483578,,1803578.6690314575,153.92957000091315,752864.5856094313,9.303869615500068,-1,,,,,,,,unassigned,,,,,,,,,,,,
1512,510,302.80770367826193,302.8074729879528,,2392962.038226167,90.4998215194738,754402.9626117398,12.445333898514594,-1,,,,,,,,unassigned,,,,,,,,,,,,
1513,511,302.82539092159755,302.82516021862324,,3419312.3837006805,173.46193157684965,703690.207659646,17.86101919708926,-1,,,,,,,,unassigned,,,,,,,,,,,,
1514,512,302.92488863630706,302.9246578620867,,6693046.977160575,77.1510445947952,782252.6973774299,34.626849011109236,-1,,,,,,,,unassigned,,,,,,,,,,,,
1515,517,303.13708657542804,303.13685564926504,,6398262.764569647,75.1273158607783,701345.7152396268,33.41637653508529,-1,,,,,,,,unassigned,,,,,,,,,,,,
1516,520,304.14538975845704,304.1451581103701,,2477756.192884069,129.26971403471546,664336.2043345802,12.691620506190462,-1,,,,,,,,unassigned,,,,,,,,,,,,
1517,521,304.76529678231554,304.76506469043994,,2918835.942579586,112.8171177093189,695072.0607289625,14.97108166233945,-1,,,,,,,,unassigned,,,,,,,,,,,,
1518,522,304.8013849832178,304.8011528655081,,2654226.633059575,39.73218701545983,731653.1127228761,13.813010592203987,-1,,,,,,,,unassigned,,,,,,,,,,,,
1519,523,304.8234013229819,304.82316918951153,,1592982.148476944,36.19132620132865,668373.1003022719,8.194269845811451,-1,,,,,,,,unassigned,,,,,,,,,,,,
1520,524,304.882072222042,304.88184004657177,,4383590.559382046,158.8275593603824,660772.2389144768,22.836532686200673,-1,,,,,,,,unassigned,,,,,,,,,,,,
1521,528,305.1163605886731,305.11612824548996,,3644549.240498,63.68830779484408,709468.1568922923,19.157953992829203,-1,,,,,,,,unassigned,,,,,,,,,,,,
1522,529,305.13415283859916,305.13392048267986,,2205167.18297506,86.01027435270579,566335.7996425168,11.278092582348647,-1,,,,,,,,unassigned,,,,,,,,,,,,
1523,530,305.15273007949435,305.152497710277,,2051636.7854679541,83.71163747724385,611814.4353202595,10.55102307564595,-1,,,,,,,,unassigned,,,,,,,,,,,,
1524,531,305.1891373175733,305.1889049222948,,2032338.8675436142,69.65106109969228,640431.6757328059,10.578533813737405,-1,,,,,,,,unassigned,,,,,,,,,,,,
1525,532,305.7580937861086,305.7578609835761,,3484603.193914601,140.74089871659908,553771.0811398398,17.798137510023082,-1,,,,,,,,unassigned,,,,,,,,,,,,
1526,533,306.1424322403381,306.1421991627183,,1890925.9488517183,84.93629763877067,675083.8726896831,9.854084377329134,-1,,,,,,,,unassigned,,,,,,,,,,,,
1527,534,306.7623449233214,306.76211140203577,,1935948.447900176,70.4915812792456,558199.610519247,10.006048454405734,-1,,,,,,,,unassigned,,,,,,,,,,,,
1528,535,306.79841960688685,306.79818605978414,,4011082.1973572616,76.34035268850315,753930.7087804964,20.567551811229382,-1,,,,,,,,unassigned,,,,,,,,,,,,
1529,536,306.88001074393105,306.87977713843753,,8249440.910956429,147.52449278255247,696395.8936874988,43.556048574506654,-1,,,,,,,,unassigned,,,,,,,,,,,,
1530,540,307.09562918272064,307.0953954229228,,4250563.583136037,103.677782768554,704510.9439601724,21.840905974319504,-1,,,,,,,,unassigned,,,,,,,,,,,,
1531,541,307.11346869266436,307.1132349201002,,1888348.3003774406,127.63657968538871,620507.0281245587,9.81347328776556,-1,,,,,,,,unassigned,,,,,,,,,,,,
1532,543,307.13202076008326,307.1317869742428,,3544532.2662029383,89.28925128025645,690256.7321884496,18.2566498115473,-1,,,,,,,,unassigned,,,,,,,,,,,,
1533,544,307.2047650598698,307.2045312219723,,2350730.291558161,65.2423233452751,686259.918993144,12.03660293258443,-1,,,,,,,,unassigned,,,,,,,,,,,,
1534,545,308.19996348005026,308.1997289300259,,1752561.412842262,135.47430833982514,576850.5874696592,8.977670863844263,-1,,,,,,,,unassigned,,,,,,,,,,,,
1535,546,308.2364165553436,308.23618197923673,,44361560.83718701,117.5724071866365,710994.2493314621,225.66141431816104,-1,,,,,,,,unassigned,,,,,,,,,,,,
1536,547,308.79546903832085,308.7952340622235,,2442169.0446863803,139.18153216233893,696637.8354962046,12.654939522068524,-1,,,,,,,,unassigned,,,,,,,,,,,,
1537,548,308.87796581375454,308.87773077863517,,3878262.9166029505,76.3772576750008,740908.1487451816,20.127380001766127,-1,,,,,,,,unassigned,,,,,,,,,,,,
1538,552,309.07490532522746,309.0746701492113,,1756298.7370637066,59.50841255379703,788439.1173309329,8.997321391052445,-1,,,,,,,,unassigned,,,,,,,,,,,,
1539,554,309.1112866560446,309.1110514540005,,4450141.8804209335,91.83419600472236,684437.3677041207,23.407708010385132,-1,,,,,,,,unassigned,,,,,,,,,,,,
1540,556,309.147681171779,309.1474459436977,,1906330.892408999,136.41225241950644,624433.0020117455,9.757141776435441,-1,,,,,,,,unassigned,,,,,,,,,,,,
1541,558,309.2397784113265,309.23954311735787,,7842239.494337879,153.8991321014148,669500.0107249459,40.67921139122897,-1,,,,,,,,unassigned,,,,,,,,,,,,
1542,559,309.7519974809912,309.7517618205919,,2271391.2567780786,24.758109883227487,733539.1120480874,11.622631826065419,-1,,,,,,,,unassigned,,,,,,,,,,,,
1543,560,310.23347165207497,310.2332356472638,,14912109.227910567,121.6131551892052,691274.0075107261,77.53312015259871,-1,,,,,,,,unassigned,,,,,,,,,,,,
1544,561,310.83855855281314,310.83832211520024,,1930652.1315594546,118.99327458558477,754477.8753585119,9.932686486161858,-1,,,,,,,,unassigned,,,,,,,,,,,,
1545,562,310.9022750620531,310.90203857886775,,6006256.730961514,69.88551542447821,669884.1766147251,31.566606907221857,-1,,,,,,,,unassigned,,,,,,,,,,,,
1546,567,311.1269211104654,311.12668446660797,,2106264.0671654474,125.64637413129759,682207.064186789,10.84185087832703,-1,,,,,,,,unassigned,,,,,,,,,,,,
1547,571,311.2368350781755,311.2365983557069,,2560275.321104602,90.46884332142382,703469.6348590339,13.430480329218065,-1,,,,,,,,unassigned,,,,,,,,,,,,
1548,572,311.90181569682437,311.9015784987842,,1813308.9501984073,69.75299333219986,762383.1911095307,9.29862947491122,-1,,,,,,,,unassigned,,,,,,,,,,,,
1549,573,312.0444846108707,312.04424731080445,,1691930.665988398,41.068540184843705,619301.8638612452,8.706493588371368,-1,,,,,,,,unassigned,,,,,,,,,,,,
1550,576,312.8839907726524,312.8837528722768,,2256243.0054305345,74.11862663725918,771711.6937929792,11.530929365760574,-1,,,,,,,,unassigned,,,,,,,,,,,,
1551,583,314.86177417003535,314.861534855683,,1618291.4267349946,48.26180640686307,750747.0950449611,8.498197999964649,-1,,,,,,,,unassigned,,,,,,,,,,,,
1552,584,314.88106915691935,314.88082982877444,,2146091.994614678,112.83152374589947,692236.0936255599,11.03311600981999,-1,,,,,,,,unassigned,,,,,,,,,,,,
1553,585,314.9434627540705,314.9432233813252,,9280915.984913614,48.57898327027186,686943.6423602991,47.85296385736222,-1,,,,,,,,unassigned,,,,,,,,,,,,
1554,587,315.02552246126174,315.0252830298588,,1703372.3942827855,81.43920878251427,655712.8789660699,8.754964888818213,-1,,,,,,,,unassigned,,,,,,,,,,,,
1555,594,316.07573332907214,316.0754931470226,,1830169.4644082745,48.94845387753919,707963.1052169794,9.523955520231695,-1,,,,,,,,unassigned,,,,,,,,,,,,
1556,595,316.9405696439415,316.9403288438282,,2870117.4220946035,104.44257815164457,756452.5880388829,14.706454562602614,-1,,,,,,,,unassigned,,,,,,,,,,,,
1557,599,317.0799845192326,317.0797436194923,,2276062.2336386763,81.2352930196461,636559.6933514779,11.643592388420812,-1,,,,,,,,unassigned,,,,,,,,,,,,
1558,604,317.2255435687678,317.2253025650119,,2077287.0550366405,146.84184929692168,644177.0746780013,10.679406520072733,-1,,,,,,,,unassigned,,,,,,,,,,,,
1559,605,318.7458024194247,318.7455603294312,,9397015.469630908,153.26734448709632,680432.7567105803,49.04771591161962,-1,,,,,,,,unassigned,,,,,,,,,,,,
1560,609,319.0955925180519,319.095350178164,,1926788.4966847205,69.16395666002754,564415.3816290615,9.868494763948467,-1,,,,,,,,unassigned,,,,,,,,,,,,
1561,610,319.13203371607153,319.1317913501503,,2320004.2474407726,90.94461894401341,701618.852469258,12.033982862290006,-1,,,,,,,,unassigned,,,,,,,,,,,,
1562,611,319.1684346869028,319.16819229497713,,3200561.353119519,141.89777685608095,628038.905409264,16.39377983221175,-1,,,,,,,,unassigned,,,,,,,,,,,,
1563,612,319.2411810077432,319.2409385638487,,24848444.592070535,108.18444725744914,689313.1122999134,128.25768105264976,-1,,,,,,,,unassigned,,,,,,,,,,,,
1564,615,320.7428594236798,320.7426159071325,,20519196.496474613,104.97558697702215,675090.5364627311,106.22813001713172,-1,,,,,,,,unassigned,,,,,,,,,,,,
1565,616,320.84063288727737,320.84038930089827,,2478906.906104811,129.45871371172635,662172.6202511167,12.675900084423917,-1,,,,,,,,unassigned,,,,,,,,,,,,
1566,621,321.10301972476265,321.1027759509863,,3631139.2618447747,102.05342256073777,667236.1743905563,18.631319863649953,-1,,,,,,,,unassigned,,,,,,,,,,,,
1567,622,321.11130462684923,321.1110608471559,,4431877.194990818,78.42421799745982,653648.732735962,23.030417887988058,-1,,,,,,,,unassigned,,,,,,,,,,,,
1568,623,321.147683210351,321.1474394046766,,2766389.184619624,118.19840108059273,680093.7016982873,14.64095280524201,-1,,,,,,,,unassigned,,,,,,,,,,,,
1569,624,321.23823781816947,321.2379939478228,,9153387.176408306,161.02674232003275,678989.9418796187,46.867817426658746,-1,,,,,,,,unassigned,,,,,,,,,,,,
1570,625,321.6738212635374,321.67357708211773,,10265087.017349921,88.57828500844946,631083.4955265744,53.407512881541365,-1,,,,,,,,unassigned,,,,,,,,,,,,
1571,626,322.10650239679495,322.10625790639426,,2185404.241484036,58.78895561618019,683876.3493626775,11.250581844257193,-1,,,,,,,,unassigned,,,,,,,,,,,,
1572,627,322.21570264503805,322.2154580766596,,5922993.232844492,129.85532802878663,665491.9998137419,30.314213306487126,-1,,,,,,,,unassigned,,,,,,,,,,,,
1573,628,322.2416298365423,322.2413852496499,,1656783.0438985263,56.72639633072485,663288.2646281137,8.554529511294769,-1,,,,,,,,unassigned,,,,,,,,,,,,
1574,629,322.25210469154905,322.2518600971769,,2788783.40038717,116.64084406788385,678492.6461466228,14.371085564916326,-1,,,,,,,,unassigned,,,,,,,,,,,,
1575,630,322.73991018365285,322.7396652409652,,16917484.609608606,94.44945548201392,679855.0520317378,86.75576758897162,-1,,,,,,,,unassigned,,,,,,,,,,,,
1576,631,322.8385609631804,322.83831595005455,,2977708.615202306,40.94902122984063,727858.2012123236,15.403393260919431,-1,,,,,,,,unassigned,,,,,,,,,,,,
1577,632,322.9128125539718,322.9125674878298,,1594200.306482655,115.93254983298633,649015.5553601882,8.166759107719997,-1,,,,,,,,unassigned,,,,,,,,,,,,
1578,636,323.09054430206396,323.09029910902257,,1974433.8305527533,40.54638603978501,700506.1479875955,10.273295624436994,-1,,,,,,,,unassigned,,,,,,,,,,,,
1579,638,323.12695346570865,323.1267082466717,,5121858.697797467,85.62534928490476,741163.0641030257,26.389348005439786,-1,,,,,,,,unassigned,,,,,,,,,,,,
1580,639,323.1634188153247,323.16317357025224,,1874473.0570407736,95.82755598633824,565247.3036946259,9.662819245836173,-1,,,,,,,,unassigned,,,,,,,,,,,,
1581,640,324.212761589986,324.2125155957629,,2664709.1055847863,72.30827139516035,588864.5456408139,13.962354598986161,-1,,,,,,,,unassigned,,,,,,,,,,,,
1582,641,324.23134756226165,324.2311015547706,,27533804.176080324,65.58186767464997,687341.8355212904,140.98074240237332,-1,,,,,,,,unassigned,,,,,,,,,,,,
1583,642,324.73695488341144,324.7367085149966,,7356835.693033135,164.7914171682429,647117.3907293009,38.95520513749789,-1,,,,,,,,unassigned,,,,,,,,,,,,
1584,643,324.76276517142276,324.7625187845842,,29060241.350845482,119.36430705686237,675762.08648349,149.61649409279522,-1,,,,,,,,unassigned,,,,,,,,,,,,
1585,644,324.83651165131255,324.836265211833,,2419568.5479516215,74.18500947027538,629488.8926579248,12.666729838393433,-1,,,,,,,,unassigned,,,,,,,,,,,,
1586,645,324.8520568198038,324.851810369228,,2838465.2705039186,157.0136255874579,577877.1925029405,14.829597866440547,-1,,,,,,,,unassigned,,,,,,,,,,,,
1587,646,324.91790470887884,324.9176582113008,,6136888.515043942,132.47174577528497,676299.363076689,31.388442127201017,-1,,,,,,,,unassigned,,,,,,,,,,,,
1588,650,325.1061973260219,325.1059506940429,,2439114.5330138477,120.03094342111714,593735.5830090271,12.842274548119848,-1,,,,,,,,unassigned,,,,,,,,,,,,
1589,651,325.1239619341726,325.1237152895136,,2057297.8546127223,164.08235754717253,617299.1407676698,10.526132407848921,-1,,,,,,,,unassigned,,,,,,,,,,,,
1590,653,325.14258185914895,325.1423352011995,,2210697.8300780375,119.94950487243999,627040.7492079524,11.321323742206644,-1,,,,,,,,unassigned,,,,,,,,,,,,
1591,656,325.23469484497053,325.2344481212736,,3638210.876713058,153.11255941725022,638728.5364744783,19.173674414595748,-1,,,,,,,,unassigned,,,,,,,,,,,,
1592,657,325.66768095624747,325.6674339235098,,6108718.075291265,106.25610217199116,652980.1792481785,31.278399174835204,-1,,,,,,,,unassigned,,,,,,,,,,,,
1593,658,325.9174318968178,325.9171846858309,,2092479.7448068452,60.03067588588252,657043.0624562058,10.771108980377578,-1,,,,,,,,unassigned,,,,,,,,,,,,
1594,662,326.2284024224086,326.22815498948853,,8093470.266136747,101.2423690491491,629586.827004513,42.43989862908197,-1,,,,,,,,unassigned,,,,,,,,,,,,
1595,663,326.75980744528215,326.75955963313237,,54853915.149379864,107.74985750396698,676786.291720526,280.11695531747205,-1,,,,,,,,unassigned,,,,,,,,,,,,
1596,664,326.8067353718504,326.8064875262125,,3489614.9449489326,113.57666607478076,660376.445211856,18.1151660156484,-1,,,,,,,,unassigned,,,,,,,,,,,,
1597,665,326.84914707459075,326.84889919868783,,3380785.699125338,154.35867961885884,673601.0202773629,17.609492448824543,-1,,,,,,,,unassigned,,,,,,,,,,,,
1598,672,327.23174607697683,327.23149792805896,,1954631.9222235803,68.62056908580203,697585.4174629892,10.126571687949243,-1,,,,,,,,unassigned,,,,,,,,,,,,
1599,673,328.01513152963753,328.01488282175825,,1698221.135056199,138.55211492129683,713032.1635845491,8.698633377488095,-1,,,,,,,,unassigned,,,,,,,,,,,,
1600,674,328.0393822874556,328.039133562274,,1617755.0202663029,149.3729269898591,636126.2658172296,8.326583395679869,-1,,,,,,,,unassigned,,,,,,,,,,,,
1601,676,328.7568683488819,328.75661911181646,,48033068.460967295,170.67946027113737,667904.0869286858,246.99926679595112,-1,,,,,,,,unassigned,,,,,,,,,,,,
1602,677,328.8046718331256,328.8044225619571,,5588483.714929948,128.46793999866932,633705.1986587046,29.09850068987433,-1,,,,,,,,unassigned,,,,,,,,,,,,
1603,678,328.82236553550143,328.82211625171027,,2350476.3106495677,133.80515261461136,633305.9866665908,12.073283916706368,-1,,,,,,,,unassigned,,,,,,,,,,,,
1604,679,328.95914199827865,328.9588926169125,,1974510.7026445982,144.9707133290492,696113.9637505164,10.509101950935165,-1,,,,,,,,unassigned,,,,,,,,,,,,
1605,684,329.15276601255994,329.15251649306754,,67703595.0872744,166.52330392470472,667320.6388592311,347.3584393535728,-1,,,,,,,,unassigned,,,,,,,,,,,,
1606,687,329.66150306895037,329.6612531865569,,2807744.790225365,83.88486127232719,709254.3702414094,14.392046127271719,-1,,,,,,,,unassigned,,,,,,,,,,,,
1607,688,330.03077146855253,330.03052132276275,,1767598.7419668871,93.15697187056838,679036.789173233,9.078543570179592,-1,,,,,,,,unassigned,,,,,,,,,,,,
1608,691,330.7539092281689,330.753658566611,,19453782.485390816,165.0347458559029,661616.3940172908,99.7093951246045,-1,,,,,,,,unassigned,,,,,,,,,,,,
1609,692,330.8017227203915,330.8014720247332,,2291320.303451933,49.375074714603045,650384.2208902773,11.722194497253534,-1,,,,,,,,unassigned,,,,,,,,,,,,
1610,693,330.8026320592847,330.8023813629779,,2984863.831331521,77.12250020714171,657754.2538853277,15.686360852717236,-1,,,,,,,,unassigned,,,,,,,,,,,,
1611,694,330.82032656187636,330.8200758529499,,4973121.701695196,56.338451445946966,653426.8019718338,25.980617039509625,-1,,,,,,,,unassigned,,,,,,,,,,,,
1612,699,331.0956648726593,331.09541396736756,,1975463.6068664792,110.91570227378531,713004.7546772273,10.22613435913736,-1,,,,,,,,unassigned,,,,,,,,,,,,
1613,702,331.14980844074813,331.1495574968433,,18559040.984414943,122.15707495774024,662620.6167241407,96.92164033133723,-1,,,,,,,,unassigned,,,,,,,,,,,,
1614,705,332.15316129300425,332.15290963360127,,3652708.2385665663,60.60806023382517,725048.9074068994,18.80162443278752,-1,,,,,,,,unassigned,,,,,,,,,,,,
1615,706,332.75095918562073,332.75070709997283,,4734729.731879296,94.42468715881716,683395.7417401746,24.895907937618034,-1,,,,,,,,unassigned,,,,,,,,,,,,
1616,707,332.7728483916095,332.7725962903548,,3115836.978824413,103.78653839295225,628307.7323708474,16.178934068068973,-1,,,,,,,,unassigned,,,,,,,,,,,,
1617,708,332.79968968424294,332.7994375638506,,1714254.1114665305,48.800660675472734,669447.2500115015,8.855837595153542,-1,,,,,,,,unassigned,,,,,,,,,,,,
1618,709,332.81730994823994,332.81705781528456,,1672385.5047493663,97.95637479047349,596508.2011419117,8.599070706299978,-1,,,,,,,,unassigned,,,,,,,,,,,,
1619,710,332.81832744551866,332.8180753118378,,2628830.084059046,97.00061933388874,578166.0611379171,13.41475990745152,-1,,,,,,,,unassigned,,,,,,,,,,,,
1620,711,332.83597973665064,332.83572759038395,,2769068.855972768,205.00742953811243,658113.8588361379,14.29772359667245,-1,,,,,,,,unassigned,,,,,,,,,,,,
1621,712,332.87696340950083,332.87671123401344,,1857640.092336113,98.06645507266474,617848.8071168065,9.59076731273951,-1,,,,,,,,unassigned,,,,,,,,,,,,
1622,715,333.074877938446,333.07462562185117,,1815645.1184097112,68.69635224168316,618028.1018085148,9.280288982850252,-1,,,,,,,,unassigned,,,,,,,,,,,,
1623,717,333.1112980431356,333.1110457005748,,13507523.087818455,165.1992754280158,658564.0348677955,69.34802055281774,-1,,,,,,,,unassigned,,,,,,,,,,,,
1624,718,333.1477273067427,333.1474749382094,,2402567.4604376634,66.21109244672346,499559.64934966457,12.327430735265509,-1,,,,,,,,unassigned,,,,,,,,,,,,
1625,720,333.22044549051236,333.22019307013466,,1861546.1063755483,171.52062976053458,526663.2350998974,9.569806750384117,-1,,,,,,,,unassigned,,,,,,,,,,,,
1626,722,334.7698958897175,334.76964236478784,,1787661.2684199396,43.43358602250592,615209.2554984855,9.221337401225709,-1,,,,,,,,unassigned,,,,,,,,,,,,
1627,723,334.7707871220501,334.7705335964852,,6846742.812340276,97.08324719881921,685012.8885497785,35.09846166410558,-1,,,,,,,,unassigned,,,,,,,,,,,,
1628,724,334.8749535948482,334.87469999503537,,2831496.6351296054,118.33507069516705,617459.3552622545,14.496848939048684,-1,,,,,,,,unassigned,,,,,,,,,,,,
1629,728,335.0905937102237,335.09033995671,,2338567.026257282,82.849845407885,572176.3089246618,12.014332335081825,-1,,,,,,,,unassigned,,,,,,,,,,,,
1630,729,335.1083544933379,335.10810072716515,,4094480.1649562474,132.88134691482117,652807.0338692416,21.636540491354424,-1,,,,,,,,unassigned,,,,,,,,,,,,
1631,731,335.12694899554765,335.1266952161216,,5001749.264683745,63.40389526448116,651611.2896331957,25.797212118899935,-1,,,,,,,,unassigned,,,,,,,,,,,,
1632,732,335.1633146819256,335.16306087657995,,4025311.74916159,93.13402945463054,657929.0753144538,20.753576802133495,-1,,,,,,,,unassigned,,,,,,,,,,,,
1633,734,336.1585761127133,336.1583215980487,,24006919.568538178,137.87708632295042,650035.9486972697,122.87081652731376,-1,,,,,,,,unassigned,,,,,,,,,,,,
1634,735,336.26774182042766,336.2674872279673,,4683962.072258346,71.47934845905212,664820.4849362342,24.094166427524254,-1,,,,,,,,unassigned,,,,,,,,,,,,
1635,736,336.7152178099953,336.7149628986586,,2907402.824156801,120.03457452209356,627350.8759865907,15.005142576166964,-1,,,,,,,,unassigned,,,,,,,,,,,,
1636,737,336.7185914598664,336.71833654612567,,2344004.6897380194,101.60660608764687,675367.5617478853,12.319570524382236,-1,,,,,,,,unassigned,,,,,,,,,,,,
1637,738,336.76784924247335,336.76759429363227,,4133774.222603772,151.4429887851191,665174.5197664856,21.476716203394552,-1,,,,,,,,unassigned,,,,,,,,,,,,
1638,739,336.7687869683345,336.7685320188252,,2770267.219045278,93.0387752189057,682817.3309640172,14.331784510499963,-1,,,,,,,,unassigned,,,,,,,,,,,,
1639,740,336.78644737116457,336.7861924090708,,1766718.6401542502,117.7463559516206,583182.9527036462,9.058893042971413,-1,,,,,,,,unassigned,,,,,,,,,,,,
1640,744,337.1062004629291,337.1059452729907,,3859496.875213311,103.74631908466591,656457.3853072511,19.739609598191358,-1,,,,,,,,unassigned,,,,,,,,,,,,
1641,746,337.14260333969327,337.14234812381613,,5155116.933688923,65.56656458296912,643315.7361560516,26.457469833094816,-1,,,,,,,,unassigned,,,,,,,,,,,,
1642,748,337.66119135298334,337.6609357676031,,3006790.327285958,138.21865939250665,617250.6938256834,15.39029290944731,-1,,,,,,,,unassigned,,,,,,,,,,,,
1643,749,338.0282311741099,338.02797532722406,,1614640.186626812,121.15108267360088,521273.1340529484,8.28204220067466,-1,,,,,,,,unassigned,,,,,,,,,,,,
1644,751,338.1556384595793,338.1553825219225,,8837197.008344969,120.9143500257455,666666.2146326655,45.36913721824815,-1,,,,,,,,unassigned,,,,,,,,,,,,
1645,752,338.2648397231454,338.2645837076899,,1810637.8866583088,107.47521151262276,496053.83990957413,9.268498666525343,-1,,,,,,,,unassigned,,,,,,,,,,,,
1646,753,338.71229295630974,338.7120366220857,,2002339.9646208705,90.14700732363534,708524.6146041492,10.31521674914778,-1,,,,,,,,unassigned,,,,,,,,,,,,
1647,754,338.71561575671024,338.71535942011906,,4726139.71055745,117.38679972631394,631683.2723791319,24.214689661067762,-1,,,,,,,,unassigned,,,,,,,,,,,,
1648,755,338.88757301744096,338.8873165583519,,2389086.5802864106,120.21208593312689,669662.4711577452,12.248828626432784,-1,,,,,,,,unassigned,,,,,,,,,,,,
1649,756,338.9335635046649,338.933307012814,,3199892.981804228,51.624777099264136,654563.6155159103,16.42522067574484,-1,,,,,,,,unassigned,,,,,,,,,,,,
1650,761,339.12192136075197,339.1216647347241,,2368447.672797894,105.3572524469221,570205.0979756967,12.189877044808242,-1,,,,,,,,unassigned,,,,,,,,,,,,
1651,763,339.15827944998796,339.1580227980608,,2632210.7825872046,57.09682152828118,658782.7176162552,13.543143351878301,-1,,,,,,,,unassigned,,,,,,,,,,,,
1652,768,340.71111625385305,340.71085849590565,,1837575.434119154,145.86441997083284,501055.93027404434,9.504304993023514,-1,,,,,,,,unassigned,,,,,,,,,,,,
1653,769,340.7126514278222,340.71239366878143,,3965392.4391174684,70.3259723152891,629199.4649457829,20.392007101502966,-1,,,,,,,,unassigned,,,,,,,,,,,,
1654,770,340.73673979559675,340.7364820194008,,2780020.423868829,197.12414906854016,626241.3639601097,14.46278802522117,-1,,,,,,,,unassigned,,,,,,,,,,,,
1655,771,340.86478078165294,340.86452291427014,,1920113.2851588754,52.65732597425762,578041.5169569061,10.13705196912694,-1,,,,,,,,unassigned,,,,,,,,,,,,
1656,772,340.88552107200206,340.88526318984884,,6305125.101561727,99.49030457499072,635664.9217048679,33.25393217683099,-1,,,,,,,,unassigned,,,,,,,,,,,,
1657,775,341.04116711089495,341.040909117898,,1904570.1271643562,178.46071789137696,556648.6969731408,9.79382276055738,-1,,,,,,,,unassigned,,,,,,,,,,,,
1658,779,341.13751278456937,341.1372547229609,,5163394.478833004,103.49132473579158,647971.0894557413,26.934322626680004,-1,,,,,,,,unassigned,,,,,,,,,,,,
1659,782,341.65509197143814,341.65483354125735,,2587876.910700823,48.55351185988445,771329.6471144211,13.532663070700606,-1,,,,,,,,unassigned,,,,,,,,,,,,
1660,783,342.05500496732765,342.05474625238435,,2913256.1523852176,126.3548741970448,607221.4954751502,15.068024263233143,-1,,,,,,,,unassigned,,,,,,,,,,,,
1661,785,342.12471559482145,342.1244568302417,,2128752.796413633,180.29455370756384,616414.4923341332,11.240101563079497,-1,,,,,,,,unassigned,,,,,,,,,,,,
1662,786,342.73376584594655,342.7335066477217,,4426724.676391853,52.254993342507596,635389.7538827022,23.38150730744089,-1,,,,,,,,unassigned,,,,,,,,,,,,
1663,787,342.7613042399737,342.7610450221423,,6514705.577235941,133.44956676619057,652327.4811342788,33.29061316095293,-1,,,,,,,,unassigned,,,,,,,,,,,,
1664,788,342.8567336911816,342.85647440540794,,2156478.6570343776,104.53451747817503,642346.5923967614,11.11564822409435,-1,,,,,,,,unassigned,,,,,,,,,,,,
1665,789,342.8834530423449,342.88319373754825,,3406533.823788158,171.40205312810153,592823.7767576218,17.528270269697398,-1,,,,,,,,unassigned,,,,,,,,,,,,
1666,791,343.0203301935763,343.0200707913301,,1744361.5190055072,86.89245631668182,577176.156173139,9.045792691499292,-1,,,,,,,,unassigned,,,,,,,,,,,,
1667,795,343.08493813204205,343.08467868379904,,2601736.8840853614,112.52949686115814,634860.5416426996,13.41475990745152,-1,,,,,,,,unassigned,,,,,,,,,,,,
1668,798,343.168442366019,343.1681828583267,,1954317.2237897727,101.49558862556445,656621.0110026972,10.189453375015422,-1,,,,,,,,unassigned,,,,,,,,,,,,
1669,803,344.1217913652089,344.1215311788489,,1687122.38949154,83.45151704618048,622261.4591471956,8.859767700595178,-1,,,,,,,,unassigned,,,,,,,,,,,,
1670,805,344.2131086074053,344.2128483560435,,3353780.5154979634,207.61767762599328,621005.8146175906,17.226962185838623,-1,,,,,,,,unassigned,,,,,,,,,,,,
1671,806,344.73080544317133,344.73054482331673,,4891114.75584798,110.51031621781989,648279.4351597641,25.168395248238145,-1,,,,,,,,unassigned,,,,,,,,,,,,
1672,807,344.7592501898258,344.7589895497253,,19514572.148178186,103.95429989730327,642550.8701380909,99.9818824352246,-1,,,,,,,,unassigned,,,,,,,,,,,,
1673,808,344.8708006838601,344.87053996436265,,7090165.569594347,140.90955686421373,610967.5693952974,36.23557217188565,-1,,,,,,,,unassigned,,,,,,,,,,,,
1674,810,345.036109293783,345.03584845662823,,2359410.9869022234,57.708791089229535,593600.0775609787,12.075903987000792,-1,,,,,,,,unassigned,,,,,,,,,,,,
1675,813,345.07488371989916,345.07462285514737,,1648444.7561239535,38.327694740497535,642769.1768179277,8.633131620127491,-1,,,,,,,,unassigned,,,,,,,,,,,,
1676,816,345.1476871513275,345.14742623475945,,10294268.1622719,93.99527826656258,635284.2430480007,52.86253826030114,-1,,,,,,,,unassigned,,,,,,,,,,,,
1677,820,345.7626151913574,345.7623538371501,,2254351.2975817816,115.31916103268676,589351.3662069935,11.78245611402529,-1,,,,,,,,unassigned,,,,,,,,,,,,
1678,822,346.21019734820703,346.2099356754835,,2430553.6773621514,85.84845974757667,650395.8934416128,12.788563107084155,-1,,,,,,,,unassigned,,,,,,,,,,,,
1679,823,346.7278185430666,346.72755650201003,,2068809.6796920819,96.3994326659818,548412.7363281513,10.578533813737405,-1,,,,,,,,unassigned,,,,,,,,,,,,
1680,824,346.7385723393518,346.73831029064326,,2474320.3192854985,103.97132144871284,596148.2222050211,12.831794266942152,-1,,,,,,,,unassigned,,,,,,,,,,,,
1681,825,346.7572049935664,346.7569429315996,,18882841.076177306,143.15664826576293,626944.7355186838,99.48930921987288,-1,,,,,,,,unassigned,,,,,,,,,,,,
1682,826,346.8679001284386,346.86763798770636,,3877137.230024671,155.35602673067692,632626.1211789071,20.305544781786967,-1,,,,,,,,unassigned,,,,,,,,,,,,
1683,827,346.8789479956056,346.8786858470123,,72225166.33043183,84.55735326002161,637169.3283977043,371.8822973093826,-1,,,,,,,,unassigned,,,,,,,,,,,,
1684,828,346.9394265767843,346.9391643851579,,1857938.6564060217,98.38247784055942,506155.3278910279,9.656269070100112,-1,,,,,,,,unassigned,,,,,,,,,,,,
1685,832,347.09057061611287,347.0903083169427,,7838812.928363161,107.86105113088703,641095.0590517638,40.574408579452,-1,,,,,,,,unassigned,,,,,,,,,,,,
1686,834,347.1269459623253,347.12668363727323,,2500535.97767847,126.1111365019236,658810.5956026864,13.249695478902801,-1,,,,,,,,unassigned,,,,,,,,,,,,
1687,836,347.1447188120794,347.1444564743816,,3853558.195778938,115.85811146604334,567857.4272743891,20.200741970010004,-1,,,,,,,,unassigned,,,,,,,,,,,,
1688,837,347.1633736303393,347.1631112793683,,2579751.073542457,111.16315615309004,616224.285542237,13.236595127430679,-1,,,,,,,,unassigned,,,,,,,,,,,,
1689,839,347.76056772220255,347.7603049463362,,1726116.6817179874,82.96426200256946,495974.819935726,8.836187067945362,-1,,,,,,,,unassigned,,,,,,,,,,,,
1690,840,347.8785162336888,347.8782533739081,,13973389.085108027,96.68650164845266,645816.7109290826,71.60128100602249,-1,,,,,,,,unassigned,,,,,,,,,,,,
1691,843,348.7364305011949,348.73616703109434,,2402876.865146632,79.35274916487842,659441.9402050909,12.476774742047683,-1,,,,,,,,unassigned,,,,,,,,,,,,
1692,844,348.7551622692203,348.75489878579486,,6773602.705204806,168.42289331147873,616205.5200089895,34.841694775252016,-1,,,,,,,,unassigned,,,,,,,,,,,,
1693,845,348.84217567151455,348.8419121261922,,1631904.8924772933,116.19435146354208,650117.4694372487,8.416975820837502,-1,,,,,,,,unassigned,,,,,,,,,,,,
1694,846,348.8760279057246,348.8757643363217,,18512869.96176788,249.5726820256586,602693.7271758495,94.57405734753321,-1,,,,,,,,unassigned,,,,,,,,,,,,
1695,848,349.05540119011414,349.0551374931173,,32576522.937786024,150.5420140760961,624027.4072543735,169.5080677680632,-1,,,,,,,,unassigned,,,,,,,,,,,,
1696,850,349.0699145074401,349.0696508001196,,1580121.0791454392,71.61353166286605,550641.484490539,8.114357701831516,-1,,,,,,,,unassigned,,,,,,,,,,,,
1697,851,349.0876414683279,349.08737774839784,,2472178.4866018365,39.29520009252748,714948.1070900848,12.641839170596404,-1,,,,,,,,unassigned,,,,,,,,,,,,
1698,853,349.1062235856853,349.10595985253747,,115787474.77510062,145.8491671118048,620356.9981600057,611.9645785280541,-1,,,,,,,,unassigned,,,,,,,,,,,,
1699,854,349.14261313364597,349.1423493746136,,4108930.188636593,177.06871279494476,633240.7946533433,21.277590861018318,-1,,,,,,,,unassigned,,,,,,,,,,,,
1700,855,349.1790462053898,349.1787824204422,,1843467.3093897202,53.686797001119395,580977.12302215,9.467624008901575,-1,,,,,,,,unassigned,,,,,,,,,,,,
1701,856,349.87558398381753,349.8753197034405,,4044178.1537482245,274.5332678753126,618360.1114705219,20.92126130097664,-1,,,,,,,,unassigned,,,,,,,,,,,,
1702,860,350.8728429423769,350.8725779527617,,2729801.3176399525,87.24192895733485,667571.2662423368,14.478508446987714,-1,,,,,,,,unassigned,,,,,,,,,,,,
1703,862,351.03464760236943,351.03438249769033,,4175452.5845377413,104.79571581539908,607687.9316918087,21.46361585192243,-1,,,,,,,,unassigned,,,,,,,,,,,,
1704,864,351.05248923536436,351.05222411799775,,9570750.869255181,198.65990597976057,610080.5721177432,49.44596659637209,-1,,,,,,,,unassigned,,,,,,,,,,,,
1705,866,351.10326827297774,351.10300311950135,,36489060.93359143,176.58386463282358,625277.7548372968,189.65116819159587,-1,,,,,,,,unassigned,,,,,,,,,,,,
1706,868,351.11042288257636,351.11015772401225,,1922530.9476115734,97.42496336000647,640670.5105244872,10.079410422649609,-1,,,,,,,,unassigned,,,,,,,,,,,,
1707,869,351.12187001102535,351.12160484432104,,4833562.132037081,117.91318689527449,636556.2232467372,25.236517075893172,-1,,,,,,,,unassigned,,,,,,,,,,,,
1708,870,351.13472508505436,351.13445990920866,,5358562.49807085,41.53655829261887,622604.1506808319,28.071433134460076,-1,,,,,,,,unassigned,,,,,,,,,,,,
1709,872,351.15827121926765,351.1580060266781,,3552475.580812492,111.95194425161824,594907.0946978484,18.497696278634322,-1,,,,,,,,unassigned,,,,,,,,,,,,
1710,873,352.0520161730097,352.05175034491265,,2398209.8887229357,72.46269555983233,657944.2886265513,12.282889540260298,-1,,,,,,,,unassigned,,,,,,,,,,,,
1711,874,352.10663743913636,352.1063715722029,,5436055.341119678,61.728362876770824,663944.5953235494,28.820773238665375,-1,,,,,,,,unassigned,,,,,,,,,,,,
1712,875,352.13805603717447,352.13779014790214,,2227068.2346442235,52.34548966358878,615232.4958401776,11.382895394125612,-1,,,,,,,,unassigned,,,,,,,,,,,,
1713,877,353.04931204558716,353.0490455084482,,1573028.1751521635,126.96225813107701,476158.7727521968,8.027895382115519,-1,,,,,,,,unassigned,,,,,,,,,,,,
1714,880,353.10117032322273,353.1009037492172,,1654717.7164574536,105.93516394004628,619059.6563436697,8.503438140553497,-1,,,,,,,,unassigned,,,,,,,,,,,,
1715,881,353.11900615658374,353.1187395698986,,1885059.007874457,54.4968588130612,690067.4561476461,9.681159737897142,-1,,,,,,,,unassigned,,,,,,,,,,,,
1716,883,353.1317581095985,353.1314915138479,,2672127.200498928,142.03553050466,586580.5528595666,13.917813403980952,-1,,,,,,,,unassigned,,,,,,,,,,,,
1717,884,353.137529459428,353.1372628595745,,5059147.535418639,135.49725597607207,634722.4678053604,25.907255071265748,-1,,,,,,,,unassigned,,,,,,,,,,,,
1718,886,353.17387842606166,353.1736118003676,,1963348.4114872415,126.32025805452322,566149.344145872,10.063690000883064,-1,,,,,,,,unassigned,,,,,,,,,,,,
1719,888,354.0963567749826,354.09608949354185,,1767377.9246730602,113.86816567475071,489874.7567346045,9.0575830078242,-1,,,,,,,,unassigned,,,,,,,,,,,,
1720,889,355.02044854891585,355.02018061066894,,2066310.8561537478,158.51652896859525,502607.1084702548,10.603424481534434,-1,,,,,,,,unassigned,,,,,,,,,,,,
1721,891,355.03857295204665,355.0383050009185,,1613593.6092261022,164.683070476722,531102.6551964551,8.361954344654595,-1,,,,,,,,unassigned,,,,,,,,,,,,
1722,893,355.0568100026322,355.05654203854283,,1674583.9622825598,121.62403571140926,611155.4852917349,8.599070706299978,-1,,,,,,,,unassigned,,,,,,,,,,,,
1723,897,355.153190027898,355.15292199531115,,2440355.785547455,77.57898612579837,623747.3625328945,12.820003950617243,-1,,,,,,,,unassigned,,,,,,,,,,,,
1724,899,356.02832659721764,356.0280579427126,,1705736.178990789,99.60610701187503,517348.6807121639,8.748414713082154,-1,,,,,,,,unassigned,,,,,,,,,,,,
1725,902,356.75923359488587,356.7589644210199,,2100784.0312116886,61.85951918448693,573186.3039305231,10.818270245677212,-1,,,,,,,,unassigned,,,,,,,,,,,,
1726,905,357.0361253402156,357.03585596961295,,2338937.3126266957,93.29751253051462,523890.9111642613,12.212147642310846,-1,,,,,,,,unassigned,,,,,,,,,,,,
1727,912,358.0256550360609,358.0253849624431,,1642654.5803079745,37.679330474786106,530064.9137912664,8.668502569102218,-1,,,,,,,,unassigned,,,,,,,,,,,,
1728,913,358.0499841470183,358.049714056117,,1912674.7903876624,106.06416014663385,527125.2623040079,9.961507259400523,-1,,,,,,,,unassigned,,,,,,,,,,,,
1729,915,358.1226436707953,358.12237352827697,,1975005.4175758807,195.2822662752994,540102.526235174,10.231374499726208,-1,,,,,,,,unassigned,,,,,,,,,,,,
1730,917,358.8864424802501,358.8861717951642,,3831923.0214557434,166.56831200791345,597516.1019208219,19.663627559653058,-1,,,,,,,,unassigned,,,,,,,,,,,,
1731,923,359.0905316999106,359.09026086985926,,1982946.7228616436,55.57641429990975,618117.0241947756,10.182903199279362,-1,,,,,,,,unassigned,,,,,,,,,,,,
1732,928,360.88354280412676,360.8832707006754,,2687148.194112809,201.71487788067333,598479.7814572224,13.964974669280586,-1,,,,,,,,unassigned,,,,,,,,,,,,
1733,929,360.8946054619212,360.8943333506141,,46333023.22875199,124.92516164352998,613423.5273727045,237.27356586304876,-1,,,,,,,,unassigned,,,,,,,,,,,,
1734,932,361.03097684919436,361.0307046410497,,1584871.3410441256,74.09526054474921,557207.6293891314,8.139248369628545,-1,,,,,,,,unassigned,,,,,,,,,,,,
1735,934,361.06988625021467,361.0696140144407,,1587177.57771979,108.26557053597233,609557.9695434107,8.113047666684302,-1,,,,,,,,unassigned,,,,,,,,,,,,
1736,937,361.10629211173335,361.10601985010794,,1752353.0743432173,142.51700723069155,482535.63241798576,9.01304181281899,-1,,,,,,,,unassigned,,,,,,,,,,,,
1737,939,361.14264571024233,361.1423734228028,,2743428.8452623994,70.90211306535227,618221.9738243442,14.080257762235247,-1,,,,,,,,unassigned,,,,,,,,,,,,
1738,941,361.1789919606116,361.1787196473632,,2067213.8703701845,134.4427298171936,600502.6129163147,10.877221827301755,-1,,,,,,,,unassigned,,,,,,,,,,,,
1739,943,361.89416786671205,361.8938950456579,,8710103.078677243,158.2358952901552,604027.843986618,45.170011875871914,-1,,,,,,,,unassigned,,,,,,,,,,,,
1740,944,362.0281357975479,362.0278628813767,,1644347.4815704229,148.61484562719752,561520.1632395298,8.464137086137136,-1,,,,,,,,unassigned,,,,,,,,,,,,
1741,946,362.76004647315807,362.75977303736306,,1670995.8251127782,101.11651773512835,582411.0294671123,8.703873518076943,-1,,,,,,,,unassigned,,,,,,,,,,,,
1742,947,362.8916777784373,362.8914042491958,,13407613.944513014,112.98537525953083,578725.0370297522,69.54714589519398,-1,,,,,,,,unassigned,,,,,,,,,,,,
1743,948,362.92633957077146,362.9260660169234,,1566423.8344108732,182.14124891763646,578614.955669509,8.128768088450848,-1,,,,,,,,unassigned,,,,,,,,,,,,
1744,951,363.0491310728905,363.0488574318735,,1744074.0574773932,89.84032570138223,645442.8634936889,8.944919985163963,-1,,,,,,,,unassigned,,,,,,,,,,,,
1745,953,363.08549304544226,363.0852193786124,,3807480.931323749,74.0641750689584,568601.0968095288,19.503803271693187,-1,,,,,,,,unassigned,,,,,,,,,,,,
1746,955,363.12190153933494,363.12162784665935,,3180183.292301758,178.41766486146452,597445.3007899686,16.357098848089812,-1,,,,,,,,unassigned,,,,,,,,,,,,
1747,957,363.15823142089823,363.1579577024328,,3340259.4477949697,35.2055012043357,595128.868523458,17.350105489676555,-1,,,,,,,,unassigned,,,,,,,,,,,,
1748,958,363.2858046752243,363.2855308661984,,1707514.8826220839,48.665094039674386,664114.5728999752,8.896448684717116,-1,,,,,,,,unassigned,,,,,,,,,,,,
1749,959,363.8912364420592,363.89096220327804,,3199173.953436888,230.77879326793214,545898.9310138354,16.6924678457761,-1,,,,,,,,unassigned,,,,,,,,,,,,
1750,960,364.0257094964627,364.02543516223324,,1835019.259984465,73.81825917398757,640541.6055804024,9.430943024779637,-1,,,,,,,,unassigned,,,,,,,,,,,,
1751,962,364.75704863657074,364.75677378327305,,3317735.5106925224,83.17550982324958,620204.2020019483,17.019976632579116,-1,,,,,,,,unassigned,,,,,,,,,,,,
1752,963,364.8885203978352,364.8882454512311,,2177947.919726959,29.015576003310912,644831.5572305231,11.334424093678765,-1,,,,,,,,unassigned,,,,,,,,,,,,
1753,964,364.88949834675435,364.8892233994563,,1807916.5008715845,48.50639685063766,615294.5390022096,9.353650951094126,-1,,,,,,,,unassigned,,,,,,,,,,,,
1754,965,364.90567333704337,364.90539837826594,,2053317.4662603037,94.8204158414418,571546.4313519517,10.564123427118073,-1,,,,,,,,unassigned,,,,,,,,,,,,
1755,969,365.1011373480532,365.1008622505574,,6216513.263377738,100.04368965614916,587674.974395027,31.92293646726354,-1,,,,,,,,unassigned,,,,,,,,,,,,
1756,971,365.13754267962884,365.137267556297,,5678790.227440785,128.75127330800237,572319.8345400583,29.156142236351663,-1,,,,,,,,unassigned,,,,,,,,,,,,
1757,972,365.17388295232666,365.17360780320513,,3210203.1450976687,97.57650821243017,632978.7229892669,16.440941097511384,-1,,,,,,,,unassigned,,,,,,,,,,,,
1758,973,365.2467488577789,365.24647365694693,,1828764.925656923,171.1130247749094,524716.1577342649,9.530505695967754,-1,,,,,,,,unassigned,,,,,,,,,,,,
1759,974,365.3596385421704,365.35936326122544,,1841332.4500972384,106.74886806133657,542301.3068701195,9.651028929511265,-1,,,,,,,,unassigned,,,,,,,,,,,,
1760,976,366.754145568194,366.75386929773526,,2800075.369253258,139.871487603611,638439.2198256688,14.95274117027848,-1,,,,,,,,unassigned,,,,,,,,,,,,
1761,980,367.0982452500534,367.0979687354592,,1965646.5723159888,181.68961333211473,493203.18057062774,10.164562707218392,-1,,,,,,,,unassigned,,,,,,,,,,,,
1762,982,367.1167712576784,367.11649472994054,,2618987.269880128,156.62088449801232,533781.1955727654,13.514322578639637,-1,,,,,,,,unassigned,,,,,,,,,,,,
1763,983,367.13463759641496,367.1343610560014,,1657892.3961466167,64.4713601523528,595055.688520847,8.527018773203315,-1,,,,,,,,unassigned,,,,,,,,,,,,
1764,985,367.15319311590446,367.15291656232637,,3842184.0155900065,121.28996034964808,647305.245064099,19.6898282625973,-1,,,,,,,,unassigned,,,,,,,,,,,,
1765,987,368.0910883438016,368.0908111248626,,3034812.8629342634,127.73649005854672,607375.2133270573,15.84094500008826,-1,,,,,,,,unassigned,,,,,,,,,,,,
1766,990,369.0360896469845,369.0358117577348,,2203687.0706264907,85.3996628519,587824.1381821703,11.254511949698829,-1,,,,,,,,unassigned,,,,,,,,,,,,
1767,994,369.132393576846,369.13211561929086,,1789849.9232885095,76.55105903624582,563761.2814371124,9.42570288419079,-1,,,,,,,,unassigned,,,,,,,,,,,,
1768,997,370.0256741135043,370.025395522418,,1597306.8957632203,177.96088381553025,547527.6934028087,8.227020724491753,-1,,,,,,,,unassigned,,,,,,,,,,,,
1769,998,370.04386449430746,370.0435858903211,,1665715.9650469539,113.79491023980636,563018.7203687071,8.507368245995133,-1,,,,,,,,unassigned,,,,,,,,,,,,
1770,1000,370.08819691505346,370.08791827962796,,3567932.6245656614,147.64620386160223,605715.8988326316,18.288090655080392,-1,,,,,,,,unassigned,,,,,,,,,,,,
1771,1001,370.12268339770105,370.1224047378189,,2269069.448096781,58.5900796654316,568589.8157094565,11.583330771649056,-1,,,,,,,,unassigned,,,,,,,,,,,,
1772,1002,370.12767217064714,370.12739350722717,,2965397.9057264053,196.87218923810534,577579.8750837649,15.246189043253983,-1,,,,,,,,unassigned,,,,,,,,,,,,
1773,1003,370.75624936692634,370.75597025776335,,1693394.7874331486,121.58736566626567,515469.05983725213,8.817846575884392,-1,,,,,,,,unassigned,,,,,,,,,,,,
1774,1004,370.86903675358803,370.8687575644484,,16573683.899614202,196.6519208744818,603177.3157593664,85.98022678182208,-1,,,,,,,,unassigned,,,,,,,,,,,,
1775,1008,371.0517496825372,371.05147036384005,,2407696.3574215756,75.77108417829491,654137.3831227026,12.537036358819439,-1,,,,,,,,unassigned,,,,,,,,,,,,
1776,1012,371.14808863258077,371.1478092455733,,2169585.0645161923,143.5824515922128,582462.6400169443,11.485078135608152,-1,,,,,,,,unassigned,,,,,,,,,,,,
1777,1015,371.8686034813362,371.8683235834688,,4322512.192429941,125.55523292950338,576766.9928734024,22.412081298503963,-1,,,,,,,,unassigned,,,,,,,,,,,,
1778,1018,372.3041266061441,372.3038463995076,,2913145.944502343,150.1462182709324,552439.2379455651,14.95274117027848,-1,,,,,,,,unassigned,,,,,,,,,,,,
1779,1019,372.75419427925243,372.7539137535557,,5844233.04082706,72.22550792569214,594903.214698852,30.21465063529901,-1,,,,,,,,unassigned,,,,,,,,,,,,
1780,1020,372.7719461205912,372.77166558231033,,1680845.2037859336,142.11898788139325,496161.9661023295,8.619376251081766,-1,,,,,,,,unassigned,,,,,,,,,,,,
1781,1021,372.865875270167,372.86559466530105,,2972606.042574631,145.6993954429574,568381.052015075,15.432214034158097,-1,,,,,,,,unassigned,,,,,,,,,,,,
1782,1023,373.03101434843614,373.0307336265075,,2708169.0887378235,168.59558754391807,630933.5940157458,13.857551787209196,-1,,,,,,,,unassigned,,,,,,,,,,,,
1783,1027,373.1023011519166,373.10202037945555,,1761909.7096393043,80.09994300062388,567983.6141571382,8.997321391052445,-1,,,,,,,,unassigned,,,,,,,,,,,,
1784,1032,374.75213141838685,374.7518494765711,,4633291.191294773,151.3559019356662,593241.4708845298,23.808578765432024,-1,,,,,,,,unassigned,,,,,,,,,,,,
1785,1033,374.7698455556653,374.76956360129583,,3632696.9999822634,100.96918471731539,616249.4592426488,19.053151181052236,-1,,,,,,,,unassigned,,,,,,,,,,,,
1786,1034,374.8465350880285,374.84625307931043,,2128508.292275774,43.44386909274605,616020.0999670704,10.915212846570904,-1,,,,,,,,unassigned,,,,,,,,,,,,
1787,1035,374.9102681055585,374.9099860516745,,16775003.674781514,238.11818800591863,585316.093772432,85.98022678182208,-1,,,,,,,,unassigned,,,,,,,,,,,,
1788,1040,375.0855419384464,375.0852597603523,,1921050.3157257081,51.92388458605457,600104.0092139209,9.856704447623558,-1,,,,,,,,unassigned,,,,,,,,,,,,
1789,1042,375.1002311937735,375.09994900526976,,1760470.1249001706,172.18421143691668,493243.8576840446,9.015661883113415,-1,,,,,,,,unassigned,,,,,,,,,,,,
1790,1043,375.1218352100232,375.1215530062098,,1915907.7587803656,121.0431448132433,562763.1214217969,10.101681020152213,-1,,,,,,,,unassigned,,,,,,,,,,,,
1791,1045,375.1583114472191,375.1580292175569,,1654257.0945159553,108.68964984599408,590702.4771162147,8.523088667761678,-1,,,,,,,,unassigned,,,,,,,,,,,,
1792,1047,375.90985295217536,375.9095701899648,,3095945.8235607804,168.66009272965053,612656.1933751059,15.82784464861614,-1,,,,,,,,unassigned,,,,,,,,,,,,
1793,1049,376.7044593841948,376.7041760589828,,3928827.5917440634,190.14995639413587,589837.0815828802,20.39462717179739,-1,,,,,,,,unassigned,,,,,,,,,,,,
1794,1050,376.72236963044014,376.72208629253896,,4070558.1582676186,95.32016327307643,552786.1942425767,20.931741582154334,-1,,,,,,,,unassigned,,,,,,,,,,,,
1795,1051,376.75004217470797,376.7497588172012,,2263467.4512219303,257.8520501440947,438384.93389425223,11.604291334004449,-1,,,,,,,,unassigned,,,,,,,,,,,,
1796,1052,376.7677799878806,376.76749661780696,,5116040.94554971,210.37260482690775,576117.5164044762,26.66969552694317,-1,,,,,,,,unassigned,,,,,,,,,,,,
1797,1053,376.8623178782288,376.86203444117723,,1687057.7900309053,208.16300641508136,457998.50819577626,8.625271409244219,-1,,,,,,,,unassigned,,,,,,,,,,,,
1798,1054,376.90732624050395,376.90704277156533,,5025843.276716953,88.26121337119064,533897.2859985617,25.815552610960903,-1,,,,,,,,unassigned,,,,,,,,,,,,
1799,1055,377.01298521630645,377.0127016725125,,1627196.5019556615,107.58456425085704,574457.7750164533,8.500818070259074,-1,,,,,,,,unassigned,,,,,,,,,,,,
1800,1061,377.1012154611894,377.10093185488853,,2163660.512311231,236.91817148144858,482195.43370606087,11.050146466733747,-1,,,,,,,,unassigned,,,,,,,,,,,,
1801,1063,377.1375359799702,377.1372523479382,,2907206.7454496576,96.62746264567024,565231.6882499664,15.112565458238352,-1,,,,,,,,unassigned,,,,,,,,,,,,
1802,1064,377.1738913802375,377.17360772244984,,2524554.414295922,95.15291997410141,572885.0553848094,12.987688449460387,-1,,,,,,,,unassigned,,,,,,,,,,,,
1803,1065,378.0413164441051,378.04103217183757,,1586827.9268905483,157.6916587228647,619874.7218294544,8.152348721100665,-1,,,,,,,,unassigned,,,,,,,,,,,,
1804,1066,378.0550607784523,378.05477649644894,,1795878.965205517,59.33304126301536,546020.3324150861,9.34972084565249,-1,,,,,,,,unassigned,,,,,,,,,,,,
1805,1068,378.7015198137908,378.70123507388996,,8215539.643749598,160.7174602767863,567341.6820949796,43.39884435684121,-1,,,,,,,,unassigned,,,,,,,,,,,,
1806,1069,378.7194804028375,378.7191956502155,,1889169.7098373296,114.96752402412636,638378.5804595997,9.911725923806465,-1,,,,,,,,unassigned,,,,,,,,,,,,
1807,1070,378.720306044778,378.72002129157124,,13414029.5390269,152.7873463703734,585946.1969663737,69.96635714230183,-1,,,,,,,,unassigned,,,,,,,,,,,,
1808,1071,378.7380199683175,378.7377352025643,,1965217.0268285754,86.15910472084613,628746.5669401713,10.02962908705555,-1,,,,,,,,unassigned,,,,,,,,,,,,
1809,1072,378.76572102917174,378.7654362437985,,1785118.224281172,114.11320374324575,515874.61602020287,9.180726311662134,-1,,,,,,,,unassigned,,,,,,,,,,,,
1810,1075,379.08041039835956,379.0801253901043,,2852287.8912742785,145.24057886321776,551661.5783852777,14.912130080714908,-1,,,,,,,,unassigned,,,,,,,,,,,,
1811,1077,379.11676726680713,379.11648223280235,,2156615.4986668164,97.39473028845391,621208.7626918515,11.143158962185804,-1,,,,,,,,unassigned,,,,,,,,,,,,
1812,1079,379.1531849655407,379.1528999057435,,3961385.1758633335,127.55418149311305,559765.7366103589,20.43392822621375,-1,,,,,,,,unassigned,,,,,,,,,,,,
1813,1080,379.1896169574905,379.1893318718909,,2145651.1426351685,65.51952795960257,549038.1825633663,11.086827450855685,-1,,,,,,,,unassigned,,,,,,,,,,,,
1814,1082,380.0387542525536,380.03846856560375,,1574033.377790619,87.59941145654615,553903.4209393453,8.291212446705144,-1,,,,,,,,unassigned,,,,,,,,,,,,
1815,1083,380.070753931045,380.0704682214347,,1696282.0151755759,171.77915676155206,532008.9928651763,8.804746224412272,-1,,,,,,,,unassigned,,,,,,,,,,,,
1816,1085,380.18483609730487,380.18455030690876,,3943835.90608368,74.60742074733271,577474.674353721,20.45750885886357,-1,,,,,,,,unassigned,,,,,,,,,,,,
1817,1086,380.69855975766956,380.6982736035033,,8033400.001359452,87.7677011258865,597232.7082768255,41.21894587188034,-1,,,,,,,,unassigned,,,,,,,,,,,,
1818,1087,380.7182571932664,380.71797102515285,,13481903.588059423,43.11854859338524,588497.6483783441,69.99779798583492,-1,,,,,,,,unassigned,,,,,,,,,,,,
1819,1088,380.73594021684625,380.7356540362117,,6455094.395797705,57.32336237715017,575113.1516521953,33.47401808156262,-1,,,,,,,,unassigned,,,,,,,,,,,,
1820,1093,381.1324287033184,381.13214224194854,,2742603.8284960715,91.55257219489117,573995.6964547974,14.226981698722998,-1,,,,,,,,unassigned,,,,,,,,,,,,
1821,1095,381.1688374727746,381.1685509856262,,4296286.651755983,69.90918492256566,596160.7066438119,22.260117221427365,-1,,,,,,,,unassigned,,,,,,,,,,,,
1822,1098,382.1277602405539,382.1274730745063,,1618433.5449634457,104.48076133767121,551644.9203299591,8.37112459068508,-1,,,,,,,,unassigned,,,,,,,,,,,,
1823,1099,382.695606683882,382.69531911585426,,4957466.527867062,122.91833156782067,596007.8361450407,26.038258585986956,-1,,,,,,,,unassigned,,,,,,,,,,,,
1824,1100,382.71530984971304,382.715022267738,,4705177.871450019,178.64341184637584,556802.2237865877,24.298531910489334,-1,,,,,,,,unassigned,,,,,,,,,,,,
1825,1101,382.7162092581818,382.71592167557003,,4197032.077824889,82.6737231673949,619185.2615072337,21.783264427842177,-1,,,,,,,,unassigned,,,,,,,,,,,,
1826,1102,382.7214290072179,382.7211414209113,,12019187.318019567,97.64978089158345,569057.6809143467,63.01793072148905,-1,,,,,,,,unassigned,,,,,,,,,,,,
1827,1103,382.73301287540943,382.7327252809029,,2354136.5714198546,64.85960276503931,522435.3351605758,12.163676341864,-1,,,,,,,,unassigned,,,,,,,,,,,,
1828,1104,382.7338859545474,382.7335983594229,,6816874.05144745,78.46057915284975,590196.2371701068,34.8940961811405,-1,,,,,,,,unassigned,,,,,,,,,,,,
1829,1106,383.05176508915844,383.0514772690221,,1993191.495202365,113.08076841861774,512563.34061252436,10.429189806955229,-1,,,,,,,,unassigned,,,,,,,,,,,,
1830,1113,384.02313020446377,384.0228416968074,,2595557.15594025,191.87055944921144,531986.4225487591,13.53528314099503,-1,,,,,,,,unassigned,,,,,,,,,,,,
1831,1116,384.6926298170662,384.69234083560275,,1634892.409355474,120.35140602621773,565221.2821904686,8.440556453487318,-1,,,,,,,,unassigned,,,,,,,,,,,,
1832,1117,384.71846861572834,384.71817961597964,,27908295.797248363,117.11306436297725,571279.0552615538,145.19381543580732,-1,,,,,,,,unassigned,,,,,,,,,,,,
1833,1118,384.73094138016506,384.73065237158977,,1979688.403749294,132.91582617506137,591779.3069562048,10.307356538264507,-1,,,,,,,,unassigned,,,,,,,,,,,,
1834,1119,384.7318611649852,384.73157215575907,,2602009.339905515,99.64622111272448,563012.726609829,13.473711489076063,-1,,,,,,,,unassigned,,,,,,,,,,,,
1835,1120,384.79058483488046,384.7902957840978,,1836053.5969244495,81.994797497843,646916.5783951654,9.399502181246548,-1,,,,,,,,unassigned,,,,,,,,,,,,
1836,1121,384.88467195932344,384.8843828419596,,9243694.82305377,95.37836746815442,570126.1826015421,47.480913875553995,-1,,,,,,,,unassigned,,,,,,,,,,,,
1837,1122,385.01180597095123,385.011516763622,,2612812.7588268295,54.83609189956451,551171.8899849593,13.66890672601066,-1,,,,,,,,unassigned,,,,,,,,,,,,
1838,1124,385.03100352094646,385.03071430003234,,2247404.4766390882,79.38545158244311,560621.6018912358,11.753635340786625,-1,,,,,,,,unassigned,,,,,,,,,,,,
1839,1133,385.8842987399767,385.884008915279,,2546708.658649808,65.22766282215171,536319.5047346829,13.425240188629216,-1,,,,,,,,unassigned,,,,,,,,,,,,
1840,1136,386.226890443023,386.22660037593164,,1626389.324598176,122.00060807027664,533055.1048166472,8.54273919496986,-1,,,,,,,,unassigned,,,,,,,,,,,,
1841,1137,386.7155255438791,386.7152351310849,,26926678.622471925,140.85011367094071,568083.078987912,139.576384724562,-1,,,,,,,,unassigned,,,,,,,,,,,,
1842,1138,386.7886359230267,386.78834545851,,1633833.244623314,64.00496474784438,526071.1267873443,8.589245442695887,-1,,,,,,,,unassigned,,,,,,,,,,,,
1843,1139,386.88155596316335,386.8812654329105,,1692732.2858412224,43.52147321137682,574061.4018171415,8.976360828697052,-1,,,,,,,,unassigned,,,,,,,,,,,,
1844,1141,387.00888299951004,387.00859237918115,,2192158.2387319203,97.4052553461377,636051.7693954924,11.47852795987209,-1,,,,,,,,unassigned,,,,,,,,,,,,
1845,1144,387.0467214840843,387.0464308369874,,2530395.0485969842,89.84361598812492,513575.25293812354,12.994238625196449,-1,,,,,,,,unassigned,,,,,,,,,,,,
1846,1151,387.2098566307121,387.20956586821023,,2108106.319604575,54.40003862789321,548206.6263483335,10.869361616418482,-1,,,,,,,,unassigned,,,,,,,,,,,,
1847,1152,388.7125771036482,388.71228527822126,,14827356.998422297,161.3891291947067,563678.9984172147,77.29207368551168,-1,,,,,,,,unassigned,,,,,,,,,,,,
1848,1153,388.9259097230878,388.9256177467822,,2635333.3619243163,145.14889629678768,564351.349407443,13.515632613786849,-1,,,,,,,,unassigned,,,,,,,,,,,,
1849,1160,389.1184175209866,389.11812540853475,,1611936.2260888708,91.31612068803571,588216.4904223746,8.25715153287763,-1,,,,,,,,unassigned,,,,,,,,,,,,
1850,1164,390.70964181497936,390.7093485773193,,5649772.7150680255,69.32827613749375,525818.4086292651,29.66967601405879,-1,,,,,,,,unassigned,,,,,,,,,,,,
1851,1170,391.1167806903456,391.1164871648257,,2304662.945019413,165.7350513577889,548453.8776116464,11.897739206979951,-1,,,,,,,,unassigned,,,,,,,,,,,,
1852,1172,391.15317477562087,391.15288122437005,,2780553.367772785,210.5256572468026,598034.6486457486,14.38680598668287,-1,,,,,,,,unassigned,,,,,,,,,,,,
1853,1173,391.18962520253785,391.18933162551645,,1641447.4202337577,84.95826954201704,530765.5625082294,8.587935407548676,-1,,,,,,,,unassigned,,,,,,,,,,,,
1854,1174,391.60651607171604,391.6062221999605,,6452140.482403424,194.01481835172768,536068.415777944,33.40589625390759,-1,,,,,,,,unassigned,,,,,,,,,,,,
1855,1181,393.1324782141925,393.13218326376193,,3130193.5011578,136.68982070386338,562906.7530132987,16.105572099825096,-1,,,,,,,,unassigned,,,,,,,,,,,,
1856,1183,393.16885235470795,393.16855737856815,,4773584.695862154,136.8215741052831,527582.8726614933,24.964029765273064,-1,,,,,,,,unassigned,,,,,,,,,,,,
1857,1184,393.20522688987967,393.20493188803044,,1782033.1226705182,126.48900502410483,495429.45084140036,9.280288982850252,-1,,,,,,,,unassigned,,,,,,,,,,,,
1858,1185,393.2780640229882,393.27776896965815,,1718123.6496340942,89.29300508130797,613720.7482911116,8.993391285610809,-1,,,,,,,,unassigned,,,,,,,,,,,,
1859,1187,394.16414611999016,394.16385044042755,,1966731.1275947231,158.18894643484052,485145.3420673216,10.063690000883064,-1,,,,,,,,unassigned,,,,,,,,,,,,
1860,1192,395.14817283177007,395.1478764568476,,2594592.021477858,150.96752199519716,579930.1643144452,13.685937182924416,-1,,,,,,,,unassigned,,,,,,,,,,,,
1861,1193,395.1659141579879,395.1656177705295,,1933098.3445839498,109.93053710362145,573699.6701630332,9.890765361451072,-1,,,,,,,,unassigned,,,,,,,,,,,,
1862,1195,395.1845369283346,395.1842405277174,,3058684.2633317765,38.43497651107676,560041.6174482224,16.100331959236247,-1,,,,,,,,unassigned,,,,,,,,,,,,
1863,1196,395.6003208246725,395.60002413027405,,11068998.325154835,132.12300038982542,534751.0384110867,56.677360608982674,-1,,,,,,,,unassigned,,,,,,,,,,,,
1864,1198,396.10203265374696,396.10173560487664,,2028562.2565894902,122.28747812778765,473040.4914429371,10.506481880640742,-1,,,,,,,,unassigned,,,,,,,,,,,,
1865,1200,396.99462663409776,396.99432895465134,,1575740.562335666,97.331802601045,489946.311741596,8.118287807273152,-1,,,,,,,,unassigned,,,,,,,,,,,,
1866,1202,397.03105201911666,397.03075431393916,,2232042.881561088,159.55912365534004,464381.3820644881,11.644902423568023,-1,,,,,,,,unassigned,,,,,,,,,,,,
1867,1207,397.1637048380727,397.1634070391896,,2098924.646816839,103.25767062510816,458173.7040076512,10.781589261555274,-1,,,,,,,,unassigned,,,,,,,,,,,,
1868,1209,397.20016638435635,397.1998685597173,,1749375.7615685654,128.94366212576548,492987.0665364941,9.090988904078108,-1,,,,,,,,unassigned,,,,,,,,,,,,
1869,1212,398.12258789793765,398.1222894217561,,1851173.5359830626,138.2340773394519,538684.7766019597,9.488584571256968,-1,,,,,,,,unassigned,,,,,,,,,,,,
1870,1213,398.90034087142453,398.90004184595324,,3540626.249073794,99.8836416042609,553996.9374456271,18.56581810628935,-1,,,,,,,,unassigned,,,,,,,,,,,,
1871,1215,399.0103626648571,399.0100635616877,,1695726.8847332133,159.99588865942897,544047.5474988016,8.723524045285124,-1,,,,,,,,unassigned,,,,,,,,,,,,
1872,1218,399.04671495781116,399.04641582896977,,3116021.13558223,87.02499287211725,488639.45306200586,16.161903611155214,-1,,,,,,,,unassigned,,,,,,,,,,,,
1873,1227,399.5940979963016,399.59379848091527,,4479523.947347591,152.39266545547937,560084.8281151699,23.371027026263196,-1,,,,,,,,unassigned,,,,,,,,,,,,
1874,1231,400.6923956706605,400.6920953797828,,3780265.4803426648,117.23069941533129,565099.9099380824,19.48546277963222,-1,,,,,,,,unassigned,,,,,,,,,,,,
1875,1233,401.02599031714,401.0256897907406,,1925103.7930844948,149.52940491246983,544897.5474096294,10.063690000883064,-1,,,,,,,,unassigned,,,,,,,,,,,,
1876,1236,401.06246344516876,401.0621628930196,,2227865.1535918913,111.68050149491394,534316.1478047585,11.407786061922641,-1,,,,,,,,unassigned,,,,,,,,,,,,
1877,1242,402.05208597632907,402.05178472556594,,1618791.9402929312,164.65358136820026,450340.182288564,8.504093158127104,-1,,,,,,,,unassigned,,,,,,,,,,,,
1878,1243,402.6894351372158,402.68913343657573,,2731423.018600964,66.41143209208687,608591.0268914899,14.475888376693291,-1,,,,,,,,unassigned,,,,,,,,,,,,
1879,1244,402.8294704542863,402.82916865480695,,1927051.2665013038,121.47855977619145,544145.5583146812,9.856704447623558,-1,,,,,,,,unassigned,,,,,,,,,,,,
1880,1253,404.0206465179581,404.0203438778082,,1853402.1697131216,111.92501719209194,520083.525683249,9.601247593917206,-1,,,,,,,,unassigned,,,,,,,,,,,,
1881,1255,404.68650460048065,404.68620149046586,,2327050.2407698743,122.09879902070124,584969.1336318961,11.921319839629769,-1,,,,,,,,unassigned,,,,,,,,,,,,
1882,1256,404.8265078708524,404.8262046620497,,2081909.2012307656,146.05953448842484,513230.533208398,10.9689242876066,-1,,,,,,,,unassigned,,,,,,,,,,,,
1883,1257,404.8375934651635,404.83729024853875,,9036585.676876372,128.18359991998756,530156.7019722224,47.70623992087447,-1,,,,,,,,unassigned,,,,,,,,,,,,
1884,1263,405.16884723850626,405.1685437881533,,3568427.90503241,113.21737617845235,518340.0446283251,18.44005473215699,-1,,,,,,,,unassigned,,,,,,,,,,,,
1885,1264,405.20533771468655,405.2050342385871,,1633739.2530216193,123.93095986940752,478042.5384111604,8.399945363923745,-1,,,,,,,,unassigned,,,,,,,,,,,,
1886,1265,405.83712455736986,405.8368206355237,,2653047.2929299083,149.8395523702292,522671.3546476034,13.682007077482782,-1,,,,,,,,unassigned,,,,,,,,,,,,
1887,1268,406.8346448508235,406.8343402252767,,6473023.532217733,117.91515906043844,531817.7607114515,33.1569895759373,-1,,,,,,,,unassigned,,,,,,,,,,,,
1888,1269,406.8457195048596,406.8454148715008,,4120511.8474977245,51.21795016631633,531348.4361833336,21.591999296349215,-1,,,,,,,,unassigned,,,,,,,,,,,,
1889,1272,407.06488755639117,407.0645827684342,,2202997.6519617336,80.75748814434832,525139.921514118,11.330493988237128,-1,,,,,,,,unassigned,,,,,,,,,,,,
1890,1275,407.1480929031835,407.1477880565359,,2999566.8339416077,255.76441211569573,536710.4495598658,15.788543594199778,-1,,,,,,,,unassigned,,,,,,,,,,,,
1891,1276,407.1845186599955,407.18421378765447,,4174937.149449315,107.81989044609374,511880.1705586263,21.615579928999033,-1,,,,,,,,unassigned,,,,,,,,,,,,
1892,1278,408.7672930449498,408.76698705630685,,1770091.027192035,198.57951920680557,511063.1312453445,9.134875081509712,-1,,,,,,,,unassigned,,,,,,,,,,,,
1893,1279,408.8428979527401,408.8425919107808,,1731360.5453460927,186.15342797134798,437584.0011920076,8.914789176778084,-1,,,,,,,,unassigned,,,,,,,,,,,,
1894,1281,409.0310679795301,409.0307618048765,,1692391.5076965217,104.06948720054683,532753.4588324947,8.656057235203702,-1,,,,,,,,unassigned,,,,,,,,,,,,
1895,1284,409.09332299973966,409.09301678118567,,2092074.9971804447,62.61459860313106,565786.143540354,11.04621636129211,-1,,,,,,,,unassigned,,,,,,,,,,,,
1896,1286,409.1274017081897,409.12709546560455,,3280869.695996279,150.2496060726237,577337.165327735,16.82609143079173,-1,,,,,,,,unassigned,,,,,,,,,,,,
1897,1288,409.16380738786,409.1635011196029,,4094661.4880471383,44.86525735273438,529558.5793580599,21.052264815697843,-1,,,,,,,,unassigned,,,,,,,,,,,,
1898,1289,409.2001628798675,409.19985658597403,,2922669.5125005185,197.45152460096,487703.7273452349,14.968461592045026,-1,,,,,,,,unassigned,,,,,,,,,,,,
1899,1294,411.04670954552694,411.04640194970443,,1835060.3966278927,114.66376305026594,473779.5671543124,9.430943024779637,-1,,,,,,,,unassigned,,,,,,,,,,,,
1900,1296,411.0830440395309,411.0827364180938,,1577575.9323609415,108.01889408921247,506280.27888435056,8.080296788004002,-1,,,,,,,,unassigned,,,,,,,,,,,,
1901,1301,411.17944001959376,411.1791323302015,,2284615.269944352,60.198528264651586,511637.4568927485,11.946210507426798,-1,,,,,,,,unassigned,,,,,,,,,,,,
1902,1306,413.02595956765515,413.0256505767277,,2049576.991272922,68.87793136429677,449648.2133528975,10.726567785372367,-1,,,,,,,,unassigned,,,,,,,,,,,,
1903,1314,413.56209782656066,413.561788457797,,1685966.5153206133,107.7893345071251,424100.59703692165,8.650817094614855,-1,,,,,,,,unassigned,,,,,,,,,,,,
1904,1315,414.06797140650735,414.06766168126313,,1603003.1519616502,113.03085334119032,438091.3248468203,8.231605847506994,-1,,,,,,,,unassigned,,,,,,,,,,,,
1905,1316,414.11255201644985,414.1122422597917,,2543757.2446650253,89.7598943617326,486839.68865444703,13.252315549197224,-1,,,,,,,,unassigned,,,,,,,,,,,,
1906,1319,415.04160360519916,415.04129319392666,,2603648.5345428637,207.2907518615478,476520.4696640337,13.434410434659702,-1,,,,,,,,unassigned,,,,,,,,,,,,
1907,1327,416.8451001022513,416.8447884204789,,1858073.5871467288,121.19412303929803,452181.0152289066,9.53443580140939,-1,,,,,,,,unassigned,,,,,,,,,,,,
1908,1332,417.0573103134379,417.0569984821928,,1929378.556839524,106.0524144143253,506372.145140712,9.979847751461492,-1,,,,,,,,unassigned,,,,,,,,,,,,
1909,1340,417.67326123585394,417.67294897078284,,3367491.6596686626,130.6316779390673,442504.2309256722,17.695954768540542,-1,,,,,,,,unassigned,,,,,,,,,,,,
1910,1342,418.8532685627823,418.8529554667182,,5568037.721662641,105.16107508062994,533222.084077155,28.695009864533016,-1,,,,,,,,unassigned,,,,,,,,,,,,
1911,1346,419.1481409812689,419.1478276775699,,2093370.506624133,165.8073255888111,482716.85945452115,10.739668136844488,-1,,,,,,,,unassigned,,,,,,,,,,,,
1912,1347,419.184493752126,419.18418042282985,,1725762.4127502292,155.56301758877407,437124.00668127846,9.030727287306354,-1,,,,,,,,unassigned,,,,,,,,,,,,
1913,1348,419.708509160931,419.70819546267256,,1842303.537143865,116.27507544054123,531574.0219404415,9.669369421572233,-1,,,,,,,,unassigned,,,,,,,,,,,,
1914,1350,420.67184822510126,420.6715338486238,,4773690.461727384,135.88112327040707,509211.6140869503,24.56839915081502,-1,,,,,,,,unassigned,,,,,,,,,,,,
1915,1351,420.8502571000506,420.8499425979785,,3122737.629892261,60.58182219606125,514673.3477193122,16.48286222222217,-1,,,,,,,,unassigned,,,,,,,,,,,,
1916,1352,420.8614559610136,420.8611414510579,,1715157.6322191302,144.12979364910228,572511.491855099,9.070683359296321,-1,,,,,,,,unassigned,,,,,,,,,,,,
1917,1354,421.0391878722366,421.03887323716623,,1753603.161150238,28.92647370061972,617045.5996788664,8.98684110987475,-1,,,,,,,,unassigned,,,,,,,,,,,,
1918,1359,421.1555421198682,421.15522740289185,,3403989.7862648494,167.18952010340735,540253.4104634717,17.5177899885197,-1,,,,,,,,unassigned,,,,,,,,,,,,
1919,1360,421.16376080024884,421.16344607748715,,3177811.7712209905,170.73182317909573,498611.1963851708,16.645306580476465,-1,,,,,,,,unassigned,,,,,,,,,,,,
1920,1361,421.2002013510425,421.19988660262925,,2159632.875264633,133.24037064445787,605339.7869187843,11.111718118652714,-1,,,,,,,,unassigned,,,,,,,,,,,,
1921,1362,421.66691745098,421.66660237404443,,4081218.381174344,236.14835372373432,471265.68130098307,21.248770087779654,-1,,,,,,,,unassigned,,,,,,,,,,,,
1922,1364,422.6698151357295,422.6694993529278,,16314328.833631463,88.05457350673393,525979.0855387193,83.73744660979503,-1,,,,,,,,unassigned,,,,,,,,,,,,
1923,1367,423.0742338131801,423.07391774576695,,119900970.95246667,349.8648810362794,520469.82243794785,624.5409159412899,-1,,,,,,,,unassigned,,,,,,,,,,,,
1924,1370,423.14303914139595,423.1427230255624,,2170380.074013793,125.40032574895535,519318.0597009733,11.207350684399195,-1,,,,,,,,unassigned,,,,,,,,,,,,
1925,1372,423.17943119878436,423.1791150573408,,3116432.595374891,348.70814318638827,463129.2657095405,16.370199199561934,-1,,,,,,,,unassigned,,,,,,,,,,,,
1926,1376,424.07380554246686,424.07348877167254,,29506317.154292285,87.70495466689283,524596.9572722045,151.44006301771444,-1,,,,,,,,unassigned,,,,,,,,,,,,
1927,1377,424.07760477011783,424.0772879966503,,12718757.763580043,117.47503951983225,528987.0994851062,65.07206583231756,-1,,,,,,,,unassigned,,,,,,,,,,,,
1928,1378,424.0969783710765,424.09666158397715,,1870165.854853165,72.58033195499442,493852.7768354376,9.568496715236904,-1,,,,,,,,unassigned,,,,,,,,,,,,
1929,1379,424.330539704244,424.3302227528069,,1891644.0461841235,246.87788923238517,483732.8916382032,9.987707962344764,-1,,,,,,,,unassigned,,,,,,,,,,,,
1930,1380,424.6677655346243,424.6674483459193,,21608512.336347796,108.49804449416206,531767.864994811,110.74513120471892,-1,,,,,,,,unassigned,,,,,,,,,,,,
1931,1381,424.68552204273817,424.6852048415402,,1827866.7910511491,267.5125290338392,460795.63629523996,9.356926038962156,-1,,,,,,,,unassigned,,,,,,,,,,,,
1932,1382,424.85630906663897,424.8559917452821,,22020520.011801835,304.34955136340176,516709.568720005,116.4778450089189,-1,,,,,,,,unassigned,,,,,,,,,,,,
1933,1384,425.0259860445584,425.0256686038266,,1676737.2430385984,126.0979718656967,551573.4746969232,8.609550987477675,-1,,,,,,,,unassigned,,,,,,,,,,,,
1934,1386,425.0712488690288,425.0709313964532,,42924881.38479926,106.1878181227378,488657.25961297227,221.0081694752638,-1,,,,,,,,unassigned,,,,,,,,,,,,
1935,1388,425.0772057328428,425.0768882560764,,3545792.4014273323,99.99673800100973,540169.1088720436,18.764943448665584,-1,,,,,,,,unassigned,,,,,,,,,,,,
1936,1392,425.19515579756927,425.19483823782235,,1879141.4123185438,166.95401491272614,500282.25371044007,9.626138261714235,-1,,,,,,,,unassigned,,,,,,,,,,,,
1937,1393,425.6607087206283,425.66039083336847,,2210675.802605776,81.2029791666129,489829.79796262895,11.449707186633427,-1,,,,,,,,unassigned,,,,,,,,,,,,
1938,1394,425.85590126916486,425.85558324459515,,6311004.731610747,170.2038363893,534032.9921800694,32.58319418145842,-1,,,,,,,,unassigned,,,,,,,,,,,,
1939,1395,426.07084146423364,426.0705232884669,,10183377.13793931,168.64640786154567,501048.8772301451,52.12367843727354,-1,,,,,,,,unassigned,,,,,,,,,,,,
1940,1396,426.07463363427803,426.07431545584376,,4859061.500034465,180.74702746172866,457926.959585714,24.940449132623247,-1,,,,,,,,unassigned,,,,,,,,,,,,
1941,1397,426.1508274050106,426.15050917298,,1708426.4238616219,104.29519598542952,477970.86331774655,8.8512524721383,-1,,,,,,,,unassigned,,,,,,,,,,,,
1942,1398,426.6657198405637,426.6654012463619,,14315936.876822453,149.73877187616517,523106.8119520298,73.28860627563162,-1,,,,,,,,unassigned,,,,,,,,,,,,
1943,1399,426.6834129322945,426.68309432564797,,2413421.52900152,73.64073277192779,542946.2732139424,12.564547096910891,-1,,,,,,,,unassigned,,,,,,,,,,,,
1944,1400,426.8533353780865,426.8530166519242,,8794916.08234948,259.37642705299396,490290.61974574835,45.03900836115071,-1,,,,,,,,unassigned,,,,,,,,,,,,
1945,1403,427.04158781378425,427.0412689552171,,1765571.608566072,115.39533716575686,493504.8338360874,9.1879315049718,-1,,,,,,,,unassigned,,,,,,,,,,,,
1946,1405,427.06808483497406,427.0677659577709,,6779335.326605133,229.97743760923743,468607.8423896168,35.30282714707066,-1,,,,,,,,unassigned,,,,,,,,,,,,
1947,1411,427.85287646515866,427.85255703602405,,1787228.3652112717,294.2328267632002,483444.5327836243,9.33662049418037,-1,,,,,,,,unassigned,,,,,,,,,,,,
1948,1413,428.66368473750396,428.6633647382072,,3056796.948841665,254.46763629052288,485630.20157720754,15.882866124799046,-1,,,,,,,,unassigned,,,,,,,,,,,,
1949,1423,429.7044395729671,429.704118841908,,1639228.2262636204,179.88318811617378,467539.0088387558,8.49492291209662,-1,,,,,,,,unassigned,,,,,,,,,,,,
1950,1424,430.0631444408705,430.0628234576291,,1589826.3482091203,119.91056354435646,419119.2150070073,8.149073633232634,-1,,,,,,,,unassigned,,,,,,,,,,,,
1951,1425,430.8358354731016,430.83551394667575,,9136708.541665738,249.8475762911128,504145.9898985135,46.92545897313608,-1,,,,,,,,unassigned,,,,,,,,,,,,
1952,1427,431.03655949269296,431.0362378251727,,1833963.3281460835,139.29717672733204,474326.3845844181,9.601247593917206,-1,,,,,,,,unassigned,,,,,,,,,,,,
1953,1436,431.83542336197974,431.8351011329568,,3129299.7371603083,68.9934715886218,480606.59622402734,16.023039885550737,-1,,,,,,,,unassigned,,,,,,,,,,,,
1954,1442,433.163757211414,433.1634340488814,,2101615.737136675,65.05171204568278,469252.8501922156,10.799929753616244,-1,,,,,,,,unassigned,,,,,,,,,,,,
1955,1443,434.66314141996946,434.6628172039359,,2278907.8184485505,308.96482513830654,425239.484332052,11.90625443543683,-1,,,,,,,,unassigned,,,,,,,,,,,,
1956,1449,435.1794172885782,435.179092709851,,2914078.5247420417,73.68571780018499,573711.7400214958,15.04706370087775,-1,,,,,,,,unassigned,,,,,,,,,,,,
1957,1450,435.21584069078295,435.21551608646865,,2727206.7221470037,110.09257944153329,536416.1623723157,14.022616215757918,-1,,,,,,,,unassigned,,,,,,,,,,,,
1958,1451,436.0467812638334,436.04645607582796,,1756384.4634277187,78.40120891416129,459493.642321835,9.045137673925685,-1,,,,,,,,unassigned,,,,,,,,,,,,
1959,1453,436.1746723967908,436.17434711895504,,2152535.6517955144,94.28499423787801,527646.0955242781,11.068486958794717,-1,,,,,,,,unassigned,,,,,,,,,,,,
1960,1454,436.6602017009995,436.6598760821446,,6574759.067908809,202.77172393950735,484456.1091752566,33.704584267471944,-1,,,,,,,,unassigned,,,,,,,,,,,,
1961,1457,437.08989010992747,437.0895641892943,,6721895.929308215,83.38761836771945,527679.5005497681,34.930777165262434,-1,,,,,,,,unassigned,,,,,,,,,,,,
1962,1460,437.1586749770931,437.1583490081528,,2081147.9852146278,121.34636434898484,446256.69889933453,10.638795430509159,-1,,,,,,,,unassigned,,,,,,,,,,,,
1963,1461,437.19512066127015,437.1947946667345,,2561255.8803186645,148.29854387519111,532805.2812319678,13.133102350800927,-1,,,,,,,,unassigned,,,,,,,,,,,,
1964,1463,438.08949736638084,438.089170743778,,1921687.3461791405,254.18416485041246,475845.00788464013,9.83312381497374,-1,,,,,,,,unassigned,,,,,,,,,,,,
1965,1464,438.6572453832686,438.6569183620129,,5999723.6967859175,134.7060450865156,507651.95758329576,31.050453059220306,-1,,,,,,,,unassigned,,,,,,,,,,,,
1966,1465,438.87196957589657,438.8716424038777,,17038998.14191765,114.97452751405349,515341.9293596515,87.45794642787729,-1,,,,,,,,unassigned,,,,,,,,,,,,
1967,1473,439.210724690616,439.2103972807583,,1933611.1879370257,260.88475656003936,451037.738697385,9.90124564262877,-1,,,,,,,,unassigned,,,,,,,,,,,,
1968,1474,439.87149340143026,439.8711655276829,,5486235.08096312,185.01407335099142,470479.3677131091,28.33606023419691,-1,,,,,,,,unassigned,,,,,,,,,,,,
1969,1476,440.6542896945905,440.6539612713425,,4368634.925179815,100.87661347703536,469122.90089993447,22.51164396969208,-1,,,,,,,,unassigned,,,,,,,,,,,,
1970,1477,440.68006539957923,440.67973695823844,,8236826.79908907,205.4401337057394,502426.9536160012,42.19885216199496,-1,,,,,,,,unassigned,,,,,,,,,,,,
1971,1478,440.86897714473514,440.86864857079365,,7117290.175009073,176.46268947996833,506906.236961024,36.594521802221756,-1,,,,,,,,unassigned,,,,,,,,,,,,
1972,1480,441.02080599586526,441.0204773153548,,1956184.3115395692,146.5163979719183,479983.46098836005,10.019148805877855,-1,,,,,,,,unassigned,,,,,,,,,,,,
1973,1483,441.05727168558286,441.05694297947747,,2562096.443137732,98.75802303971096,498315.45551382157,13.114761858739957,-1,,,,,,,,unassigned,,,,,,,,,,,,
1974,1490,441.8685728383294,441.86824356281363,,1738510.0959765355,89.4148627371021,454227.86715597386,8.921994370087752,-1,,,,,,,,unassigned,,,,,,,,,,,,
1975,1492,442.1074896008375,442.10716015765126,,1564083.1928119357,216.72480229688082,397079.3915910526,8.005624784612914,-1,,,,,,,,unassigned,,,,,,,,,,,,
1976,1493,442.65138777408424,442.65105794921504,,1992051.0156010226,233.96201656544065,471105.1050686354,10.405609174305413,-1,,,,,,,,unassigned,,,,,,,,,,,,
1977,1494,442.6771291393925,442.67679929645993,,21424946.332139473,209.5929716909828,493160.24422218796,109.8962284293255,-1,,,,,,,,unassigned,,,,,,,,,,,,
1978,1496,443.0154445948869,443.0151145145562,,1693134.5201013808,220.29120194740537,378998.04039179545,8.827671839488483,-1,,,,,,,,unassigned,,,,,,,,,,,,
1979,1498,443.0364999362166,443.03616984111164,,2123483.0740968687,146.76698129725722,471812.93258213525,10.996435025698053,-1,,,,,,,,unassigned,,,,,,,,,,,,
1980,1507,444.08684972985964,444.08651889779435,,1753393.6788924031,232.65071389442534,505715.7890070368,9.144045327540196,-1,,,,,,,,unassigned,,,,,,,,,,,,
1981,1509,444.6741839173525,444.67385267324335,,25846589.893390115,85.56774560285274,503096.5823599195,133.11005123792324,-1,,,,,,,,unassigned,,,,,,,,,,,,
1982,1510,444.8515006832621,444.85116931476347,,5024468.977763613,211.96136401847716,503257.1805270562,25.823412821844176,-1,,,,,,,,unassigned,,,,,,,,,,,,
1983,1521,446.203348897984,446.20301658125624,,1734818.211422247,195.25950351946318,435234.2414765622,8.884003350818602,-1,,,,,,,,unassigned,,,,,,,,,,,,
1984,1522,446.6712347387686,446.67090209389454,,16882635.453897983,184.218328059131,498977.51173260104,86.48328027835151,-1,,,,,,,,unassigned,,,,,,,,,,,,
1985,1527,447.1148984153865,447.11456545937483,,1569628.6731521906,112.95021245905005,474344.9422112466,8.122872930288393,-1,,,,,,,,unassigned,,,,,,,,,,,,
1986,1529,447.21592197815403,447.21558895129823,,1617942.1424701174,96.70798050164481,463579.01951066364,8.297107604867598,-1,,,,,,,,unassigned,,,,,,,,,,,,
1987,1531,448.66826472730907,448.6679306820936,,6313683.779483878,158.44879358712515,509401.5189816034,32.66441636058557,-1,,,,,,,,unassigned,,,,,,,,,,,,
1988,1532,448.8464036265646,448.8460694564559,,13327919.30512194,222.60844700254012,487918.2304793039,68.18994948268228,-1,,,,,,,,unassigned,,,,,,,,,,,,
1989,1533,449.0002605407962,448.99992626282096,,1621484.1979324317,97.25914169535174,473216.9603555073,8.50802326356874,-1,,,,,,,,unassigned,,,,,,,,,,,,
1990,1538,449.1502548459599,449.1499204628285,,2766202.762063678,202.32396170978302,484082.3662178065,14.194230820042698,-1,,,,,,,,unassigned,,,,,,,,,,,,
1991,1539,449.15879446917813,449.1584600800599,,1611105.6985079674,66.07641325331281,458631.7624950176,8.363264379801807,-1,,,,,,,,unassigned,,,,,,,,,,,,
1992,1540,449.17397450654033,449.17364010678006,,1650598.4998162815,123.66996427296598,434617.657041088,8.49164782422859,-1,,,,,,,,unassigned,,,,,,,,,,,,
1993,1542,449.84597637562325,449.845641504774,,4003391.0992805585,103.715138466199,514589.1416830536,20.881960246560276,-1,,,,,,,,unassigned,,,,,,,,,,,,
1994,1544,450.0761787029464,450.07584367073053,,1596663.1620718173,54.768551385448184,504959.15098089847,8.279422130380235,-1,,,,,,,,unassigned,,,,,,,,,,,,
1995,1545,450.1903419126011,450.1900068003615,,11486572.901898157,103.84419748260603,484454.1467882035,59.10354570161941,-1,,,,,,,,unassigned,,,,,,,,,,,,
1996,1546,450.6653407357381,450.6650052905579,,1989523.9484090083,129.5540490794562,456709.5521697966,10.195348533177876,-1,,,,,,,,unassigned,,,,,,,,,,,,
1997,1547,450.8431594508815,450.84282388106897,,2924773.337335734,55.98614673757386,473590.78889755934,15.226538516045803,-1,,,,,,,,unassigned,,,,,,,,,,,,
1998,1553,451.1744008797589,451.17406507778924,,2217466.101281833,78.62683753269219,523907.99088540184,11.364554902064642,-1,,,,,,,,unassigned,,,,,,,,,,,,
1999,1555,451.21078837679613,451.21045254932426,,3030162.762723852,58.04609824054121,509686.81234934507,15.518676353874092,-1,,,,,,,,unassigned,,,,,,,,,,,,
2000,1557,452.0599602118592,452.05962378928314,,1848123.3514849376,205.05520990703243,432962.2286042268,9.61041783994769,-1,,,,,,,,unassigned,,,,,,,,,,,,
2001,1558,452.1873882959327,452.1870517840607,,3548981.4922554544,110.0873661801822,429259.21642208676,18.581538528055894,-1,,,,,,,,unassigned,,,,,,,,,,,,
2002,1559,452.8876345989952,452.8872975964516,,6435658.129559608,177.24386465627794,474399.51030571363,33.00240542856628,-1,,,,,,,,unassigned,,,,,,,,,,,,
2003,1562,453.05728532409205,453.05694820267956,,1887286.902048471,108.95443247560118,395481.37485495675,9.726355950475957,-1,,,,,,,,unassigned,,,,,,,,,,,,
2004,1567,454.88461680790624,454.88427840632755,,2707135.5003936943,175.1303780265607,488636.197919983,13.968904774722223,-1,,,,,,,,unassigned,,,,,,,,,,,,
2005,1587,457.28087308988853,457.2805330100931,,1811323.1029832698,90.62160584619946,459508.97117267543,9.459763798018303,-1,,,,,,,,unassigned,,,,,,,,,,,,
2006,1589,458.646489411786,458.6461483758453,,2890463.877907471,136.60937980515786,370107.4279554153,14.924575414613422,-1,,,,,,,,unassigned,,,,,,,,,,,,
2007,1590,458.6511459201824,458.65080488098175,,3075888.2124683904,283.8086184328331,447904.4356700279,15.909066827743287,-1,,,,,,,,unassigned,,,,,,,,,,,,
2008,1601,460.64443000941407,460.64408757494664,,4442360.349961405,205.66770067336998,452571.25498593046,23.090679504759812,-1,,,,,,,,unassigned,,,,,,,,,,,,
2009,1602,460.64818024052533,460.6478378034332,,3750564.337463131,142.36399764024293,500045.4296115574,19.431751338596523,-1,,,,,,,,unassigned,,,,,,,,,,,,
2010,1608,461.1950725091357,461.19472968929915,,1775505.5528219435,145.3188318887788,423129.83058555436,9.18465641710377,-1,,,,,,,,unassigned,,,,,,,,,,,,
2011,1609,461.79529199480385,461.7949487549371,,2050169.1113776867,148.97702376403976,381741.6402013662,10.52809746056974,-1,,,,,,,,unassigned,,,,,,,,,,,,
2012,1611,462.645224430962,462.64488059638035,,2406017.8403534475,163.2452235829831,494264.77754270023,12.432233547042474,-1,,,,,,,,unassigned,,,,,,,,,,,,
2013,1612,462.7962750770141,462.795931136747,,2116694.70773208,151.22711004520212,450289.60168329073,10.83661073773818,-1,,,,,,,,unassigned,,,,,,,,,,,,
2014,1613,462.8620793642293,462.8617353779218,,7753570.27660201,376.52126153785093,477262.91649802664,39.65476390610913,-1,,,,,,,,unassigned,,,,,,,,,,,,
2015,1618,463.1743585780703,463.1740143732803,,1825494.9647589026,95.85266798924178,414495.3693080938,9.571771803104935,-1,,,,,,,,unassigned,,,,,,,,,,,,
2016,1619,463.2107288190482,463.21038458881276,,2250904.2946310434,177.66879795186117,421750.2125367539,11.792936395202986,-1,,,,,,,,unassigned,,,,,,,,,,,,
2017,1620,463.86166895705276,463.86132427142917,,1845091.89226019,126.44141019567199,457229.31110746745,9.688364931206808,-1,,,,,,,,unassigned,,,,,,,,,,,,
2018,1622,464.79330623493115,464.79296089762346,,2714650.593654238,85.66209955955779,488527.2415842293,14.02523628605234,-1,,,,,,,,unassigned,,,,,,,,,,,,
2019,1623,465.0235614061372,465.0232159077788,,2134166.680021091,134.6885383753188,450083.5486171399,10.926348145322207,-1,,,,,,,,unassigned,,,,,,,,,,,,
2020,1628,465.16889818083047,465.1685525808199,,23034347.494997606,217.12193079490675,465778.32400395727,118.35381533972658,-1,,,,,,,,unassigned,,,,,,,,,,,,
2021,1629,465.1900006336382,465.18965501886817,,1748168.9554972707,147.86619136424235,529310.6469476064,9.014351847966202,-1,,,,,,,,unassigned,,,,,,,,,,,,
2022,1632,467.0364971009106,467.0361501948468,,1691583.5223652048,168.84958743968102,478791.6010426508,8.697978359914488,-1,,,,,,,,unassigned,,,,,,,,,,,,
2023,1637,467.1659268815641,467.16557988500045,,7111936.300801181,97.4851749315596,483190.5700667815,36.521159833977876,-1,,,,,,,,unassigned,,,,,,,,,,,,
2024,1638,467.19282955816874,467.19248254279444,,1802080.6849383842,136.719803759657,357497.000682927,9.31500491425137,-1,,,,,,,,unassigned,,,,,,,,,,,,
2025,1640,468.0504192366794,468.0500716217073,,2780490.866585605,233.5632217627053,459132.1958928527,14.236151944753484,-1,,,,,,,,unassigned,,,,,,,,,,,,
2026,1641,468.1693411534235,468.16899345531107,,1926300.0542652626,230.45259577619302,427463.67704960343,10.116746424345152,-1,,,,,,,,unassigned,,,,,,,,,,,,
2027,1645,469.05223226920344,469.05188395389285,,1929641.045834998,85.29602098998936,518020.1832188155,9.916966064395313,-1,,,,,,,,unassigned,,,,,,,,,,,,
2028,1663,472.0453702014714,472.0450197943577,,1803077.416209556,109.27408214636064,446353.29683682625,9.22264743637292,-1,,,,,,,,unassigned,,,,,,,,,,,,
2029,1682,475.210796956519,475.21044433819475,,2030912.473210689,158.81331954280984,373291.55317944504,10.562158374397255,-1,,,,,,,,unassigned,,,,,,,,,,,,
2030,1686,476.16462199048203,476.16426870606426,,2002957.434965191,149.27209694367502,376932.7218552582,10.327007065472689,-1,,,,,,,,unassigned,,,,,,,,,,,,
2031,1687,476.8777187371178,476.8773649547774,,1898618.7093695938,193.97468959660114,421835.6088106553,9.81347328776556,-1,,,,,,,,unassigned,,,,,,,,,,,,
2032,1691,477.1900480710095,477.18969407060035,,1714203.6926782238,256.828209429224,454981.4186770809,9.01959198855505,-1,,,,,,,,unassigned,,,,,,,,,,,,
2033,1692,477.22647098106165,477.2261169552226,,1823843.5604117499,143.5674738870343,459369.6414124507,9.470244079196,-1,,,,,,,,unassigned,,,,,,,,,,,,
2034,1699,479.14818458709135,479.1478292197366,,7944033.6176244505,160.15424895542372,465133.7582574824,41.88968386725291,-1,,,,,,,,unassigned,,,,,,,,,,,,
2035,1701,479.20568920276315,479.20533379527126,,1864954.5442686717,86.06107530773912,500977.3106147563,9.801027953867045,-1,,,,,,,,unassigned,,,,,,,,,,,,
2036,1703,480.0868877120679,480.086531689558,,1836282.961117905,117.68719800704103,399062.7470691552,9.604522681785236,-1,,,,,,,,unassigned,,,,,,,,,,,,
2037,1705,480.2010020819738,480.2006459798255,,2533977.6999988947,114.47742848926819,446142.17057554005,12.960177711368935,-1,,,,,,,,unassigned,,,,,,,,,,,,
2038,1712,481.163823365218,481.1634665911867,,138342059.7844008,143.97403847453728,464303.67866484774,712.7848834574944,-1,,,,,,,,unassigned,,,,,,,,,,,,
2039,1714,481.2213550929845,481.2209982788091,,1766488.7079928513,97.9763006616593,462151.20241668395,9.066753253854685,-1,,,,,,,,unassigned,,,,,,,,,,,,
2040,1716,482.24971428607154,482.24935675439,,2214307.53386466,106.48727581958202,448010.47510413785,11.348834480298098,-1,,,,,,,,unassigned,,,,,,,,,,,,
2041,1717,482.81497580104997,482.8146178750208,,4022333.116614894,105.37580950001775,471537.61233422824,20.84527926243834,-1,,,,,,,,unassigned,,,,,,,,,,,,
2042,1725,483.1608635829978,483.16050541568046,,41342138.22728668,342.53894661041954,455174.9981268158,217.21430768893765,-1,,,,,,,,unassigned,,,,,,,,,,,,
2043,1726,483.1680980185796,483.16773984621574,,2534320.061078049,206.98037920395984,383321.69093705656,13.154717930729925,-1,,,,,,,,unassigned,,,,,,,,,,,,
2044,1727,483.1705197515344,483.1701615774812,,4538191.562097188,113.54948481979999,428037.8355919691,23.460109416273614,-1,,,,,,,,unassigned,,,,,,,,,,,,
2045,1729,484.0816707922994,484.0813119826952,,1609949.9140547838,93.47583006994337,462739.6978995255,8.314138061781355,-1,,,,,,,,unassigned,,,,,,,,,,,,
2046,1731,484.16424123366244,484.1638823664674,,10424157.49575894,203.94062747143525,445002.1443382224,54.89571280877427,-1,,,,,,,,unassigned,,,,,,,,,,,,
2047,1732,484.81202602435457,484.81166670537044,,3523526.614871232,98.38823790616657,432351.95630790293,18.068004750348766,-1,,,,,,,,unassigned,,,,,,,,,,,,
2048,1733,484.8231151458113,484.8227558190936,,13023922.252928702,77.28635934685434,460529.3363999148,67.48253050318776,-1,,,,,,,,unassigned,,,,,,,,,,,,
2049,1734,484.99997412623577,484.9996146761777,,1895892.5979060156,113.29255557617539,427382.89647397987,9.710635528709414,-1,,,,,,,,unassigned,,,,,,,,,,,,
2050,1736,485.0470903613363,485.0467308784202,,1636081.0292093677,133.1333107049377,448551.2885849623,8.548634353132314,-1,,,,,,,,unassigned,,,,,,,,,,,,
2051,1744,485.82270562348697,485.82234559970334,,3493181.51018989,307.1802115581136,428864.3473255251,17.95010158709968,-1,,,,,,,,unassigned,,,,,,,,,,,,
2052,1745,486.8090257213984,486.80866500990345,,1575743.346029656,112.8127115414512,424367.60864703596,8.143833492643786,-1,,,,,,,,unassigned,,,,,,,,,,,,
2053,1746,486.82010803575974,486.81974731653816,,5912856.489714277,159.6129337477736,446349.4838350914,30.26705204118749,-1,,,,,,,,unassigned,,,,,,,,,,,,
2054,1755,487.81958772276727,487.8192263067617,,1838497.9100566893,37.88717366442431,443896.80366433755,9.512820221480391,-1,,,,,,,,unassigned,,,,,,,,,,,,
2055,1762,490.80264384815723,490.80228035313286,,2447786.389199376,164.78656409884564,436392.32014035713,12.5763374132358,-1,,,,,,,,unassigned,,,,,,,,,,,,
2056,1770,493.18502511330485,493.18465995855286,,1822938.2652923902,192.19732186504552,365907.38445948024,9.350375863226096,-1,,,,,,,,unassigned,,,,,,,,,,,,
2057,1771,493.221382845405,493.22101766532825,,1886165.9054758642,208.33340499257696,413172.8234538985,9.78203244423247,-1,,,,,,,,unassigned,,,,,,,,,,,,
2058,1772,494.06605021992135,494.06568445153516,,2109750.413975937,116.25491492488337,430704.17449185526,11.13726380402335,-1,,,,,,,,unassigned,,,,,,,,,,,,
2059,1773,494.2167219308592,494.2163560575381,,2500228.768252015,67.12452157327087,465858.49013816525,12.774152720464821,-1,,,,,,,,unassigned,,,,,,,,,,,,
2060,1774,494.6188049253941,494.61843877205473,,2905929.1760430667,85.74063222279958,481820.1325965613,15.099465106766232,-1,,,,,,,,unassigned,,,,,,,,,,,,
2061,1778,495.14309825386397,495.1427317354217,,9027932.35773352,166.4138757001338,459752.75072770566,46.23900055599696,-1,,,,,,,,unassigned,,,,,,,,,,,,
2062,1780,495.68030291738944,495.6799360248824,,1648807.9149313762,98.98611565170589,422034.6275579851,8.504093158127104,-1,,,,,,,,unassigned,,,,,,,,,,,,
2063,1784,496.6159275718191,496.61556002789126,,3050105.6396691203,49.788735326802595,462301.9145384746,15.907756792596075,-1,,,,,,,,unassigned,,,,,,,,,,,,
2064,1785,496.8306455082019,496.83027781479115,,2879034.27464849,161.63151023452326,488663.6631075142,14.775886425404853,-1,,,,,,,,unassigned,,,,,,,,,,,,
2065,1788,497.0471010245507,497.04673318045224,,1872073.3486058617,73.96750291520172,432122.2018332216,9.819368445928015,-1,,,,,,,,unassigned,,,,,,,,,,,,
2066,1790,497.07308239547336,497.0727145332879,,1601822.5241633472,100.8392516776007,423279.8173366448,8.382914907009988,-1,,,,,,,,unassigned,,,,,,,,,,,,
2067,1791,497.0930831377253,497.09271526161643,,65437701.99848748,234.48266188232319,431616.78561439825,342.43270720005546,-1,,,,,,,,unassigned,,,,,,,,,,,,
2068,1794,497.1587498075391,497.158381885717,,12078742.7207271,58.73814372911829,460794.5025107585,61.796977964287414,-1,,,,,,,,unassigned,,,,,,,,,,,,
2069,1796,497.6774324498367,497.67706416695376,,1979309.7547151127,78.64403505332766,458534.67601817905,10.505171845493528,-1,,,,,,,,unassigned,,,,,,,,,,,,
2070,1798,498.09645307686304,498.0960845023152,,8403086.695079247,136.35035014450625,446957.46029198327,43.170898241226304,-1,,,,,,,,unassigned,,,,,,,,,,,,
2071,1800,498.6129915467398,498.61262261267325,,2999916.7517515975,134.83778485877772,422780.0534982976,15.723041836839174,-1,,,,,,,,unassigned,,,,,,,,,,,,
2072,1801,498.6387672457526,498.6383982937465,,3875440.645667739,122.23342862185963,465312.8124927694,19.852272620851593,-1,,,,,,,,unassigned,,,,,,,,,,,,
2073,1802,498.8276934584357,498.8273243749413,,2662236.5105689443,164.59204040910615,402136.5048999462,13.666286655716236,-1,,,,,,,,unassigned,,,,,,,,,,,,
2074,1803,498.83878620969546,498.83841711848095,,9662845.949560296,119.16928931460276,443640.63732988783,49.51932856461596,-1,,,,,,,,unassigned,,,,,,,,,,,,
2075,1808,499.0900495789067,499.0896803128247,,28295348.62832693,233.98285652925406,430367.99892628717,145.77023090058063,-1,,,,,,,,unassigned,,,,,,,,,,,,
2076,1809,499.09215721141777,499.091787943869,,3172181.3029405773,325.82154464439037,470105.41779668705,16.308627547642967,-1,,,,,,,,unassigned,,,,,,,,,,,,
2077,1813,499.1557846879141,499.15541537608465,,3400339.3987504095,104.97804399639506,473833.67036526994,17.475868863808913,-1,,,,,,,,unassigned,,,,,,,,,,,,
2078,1815,499.2914730615693,499.2911036553108,,1891453.8606060618,126.68638468761333,364984.39934827114,9.697535177237292,-1,,,,,,,,unassigned,,,,,,,,,,,,
2079,1816,499.6745067370536,499.6741370642421,,2169629.2064784933,120.90704347320833,418477.8169809665,11.266302266023738,-1,,,,,,,,unassigned,,,,,,,,,,,,
2080,1817,499.8383566291126,499.83798684228253,,2477861.9046030045,57.46144366039114,489849.4618816746,12.860615040180818,-1,,,,,,,,unassigned,,,,,,,,,,,,
2081,1819,500.0933658345485,500.0929958702702,,2853282.155740437,119.48813329313288,464046.54987104255,14.788986776876973,-1,,,,,,,,unassigned,,,,,,,,,,,,
2082,1820,500.6357961496073,500.635425807901,,14403213.322154688,192.91025942091977,436961.31859823735,73.83358089687184,-1,,,,,,,,unassigned,,,,,,,,,,,,
2083,1821,500.83582887048107,500.83545838959776,,3803383.498339242,191.01634394014616,444402.44840475905,20.111659579999582,-1,,,,,,,,unassigned,,,,,,,,,,,,
2084,1828,502.63284814059654,502.6324764095829,,17994876.814455055,127.29130216831092,436286.90231954266,92.01162859958642,-1,,,,,,,,unassigned,,,,,,,,,,,,
2085,1835,504.32173991609693,504.32136701047574,,2084402.9936130422,138.57000675795896,389405.4791397729,10.811720069941153,-1,,,,,,,,unassigned,,,,,,,,,,,,
2086,1836,504.5939461922671,504.5935730973565,,2013225.699678943,132.4699735623683,391350.3746211662,10.301461380102053,-1,,,,,,,,unassigned,,,,,,,,,,,,
2087,1837,504.62989117066564,504.6295180507599,,11989748.94688816,176.986004902497,437173.04522453947,62.04326457196328,-1,,,,,,,,unassigned,,,,,,,,,,,,
2088,1838,504.8183027884194,504.81792953749925,,2228727.5333047877,297.3260858242669,375315.31126452127,11.50865876825797,-1,,,,,,,,unassigned,,,,,,,,,,,,
2089,1843,505.1716959281083,505.17132243146176,,1608441.057480321,273.45827945019937,379964.1967339268,8.233570900227813,-1,,,,,,,,unassigned,,,,,,,,,,,,
2090,1845,505.2258875751457,505.22551404081895,,1563960.6676771273,113.97858030295839,345588.8233974031,8.129750614811257,-1,,,,,,,,unassigned,,,,,,,,,,,,
2091,1846,506.6269720697582,506.62659756134286,,6846757.321043931,144.2431301607018,439824.1772654464,35.56221410621865,-1,,,,,,,,unassigned,,,,,,,,,,,,
2092,1851,507.23699715083364,507.2366222183679,,1958862.3055151836,181.54582645516876,381613.37821746356,10.199278638619512,-1,,,,,,,,unassigned,,,,,,,,,,,,
2093,1852,507.58018432102807,507.5798091500174,,1645556.308308221,46.96245657490832,388097.3682513426,8.644266918878794,-1,,,,,,,,unassigned,,,,,,,,,,,,
2094,1854,508.1959340263072,508.19555842732717,,2555010.6228718134,258.5510188029359,389839.0593717948,13.105591612709473,-1,,,,,,,,unassigned,,,,,,,,,,,,
2095,1855,508.62406606781775,508.6236901712926,,2168104.111273288,147.13916648185364,428934.5892533585,11.133988716155319,-1,,,,,,,,unassigned,,,,,,,,,,,,
2096,1856,508.8131877217344,508.8128116937786,,8252223.3697132785,222.2561517835428,446669.87769642984,42.40321764496004,-1,,,,,,,,unassigned,,,,,,,,,,,,
2097,1861,509.1223758595358,509.1219996167168,,1834295.3954667188,48.26394273214137,420717.71444764937,9.429632989632426,-1,,,,,,,,unassigned,,,,,,,,,,,,
2098,1864,509.812910006668,509.8125332840134,,2377034.3120927415,81.77737380061245,417566.2222705568,12.412583019834292,-1,,,,,,,,unassigned,,,,,,,,,,,,
2099,1866,510.8099980663298,510.809620650909,,1625130.9568603442,295.286311956879,418388.72677261126,8.356714204065746,-1,,,,,,,,unassigned,,,,,,,,,,,,
2100,1871,511.13800322379586,511.1376255805028,,6409550.9335466875,76.258407904519,451957.54939638055,32.853061421784105,-1,,,,,,,,unassigned,,,,,,,,,,,,
2101,1875,512.8544487172569,512.8540698816921,,3895627.2250194163,117.56857843744086,440225.416664489,19.947905186598074,-1,,,,,,,,unassigned,,,,,,,,,,,,
2102,1880,513.1056313312504,513.1052523212353,,2575343.2848444805,513.1909830142318,355786.3073688836,13.323057447146676,-1,,,,,,,,unassigned,,,,,,,,,,,,
2103,1884,514.8512924407477,514.850912218522,,2054873.0695991982,199.78805411439384,349400.4471371673,10.547092970204314,-1,,,,,,,,unassigned,,,,,,,,,,,,
2104,1891,516.6097666031754,516.6093851601576,,2380684.9341002856,112.68932314009896,371814.66951274185,12.203632413853969,-1,,,,,,,,unassigned,,,,,,,,,,,,
2105,1897,518.6067592701091,518.6063764410959,,3068965.541343303,83.24979466286574,430774.3608836654,15.818674402585655,-1,,,,,,,,unassigned,,,,,,,,,,,,
2106,1904,519.3210106902203,519.3206273655862,,7843003.95083964,200.39034328021313,415600.7421637305,40.941218420671376,-1,,,,,,,,unassigned,,,,,,,,,,,,
2107,1906,520.6039085390736,520.6035243243651,,2321010.5086590466,206.78154281246427,361750.706834084,12.184636904219394,-1,,,,,,,,unassigned,,,,,,,,,,,,
2108,1910,521.3180567635926,521.3176720534814,,2334857.0112797483,148.10630401126673,429759.53850515356,12.381797193874808,-1,,,,,,,,unassigned,,,,,,,,,,,,
2109,1911,522.8289281318088,522.828542373782,,3802886.445621701,243.62646244428635,424425.3532214834,19.94528511630365,-1,,,,,,,,unassigned,,,,,,,,,,,,
2110,1916,523.8283930046057,523.8280065534952,,1886029.6278732189,111.67250927728425,338000.9674027282,9.830503744679318,-1,,,,,,,,unassigned,,,,,,,,,,,,
2111,1917,524.0766088198386,524.0762221966176,,2006371.8041659894,147.6370219042276,344438.47441834497,10.321111907310234,-1,,,,,,,,unassigned,,,,,,,,,,,,
2112,1923,525.1900799368336,525.1896925416196,,2070947.3812925257,158.71737575965105,476094.47368618223,10.592944200356737,-1,,,,,,,,unassigned,,,,,,,,,,,,
2113,1924,525.5402032273292,525.5398155893937,,2102469.3349350113,275.6372868824977,396457.80140585214,10.774384068245608,-1,,,,,,,,unassigned,,,,,,,,,,,,
2114,1925,526.7793439654367,526.7789554685728,,1601686.8950133075,63.694628051479555,433777.929019298,8.352129081050505,-1,,,,,,,,unassigned,,,,,,,,,,,,
2115,1939,529.1568268824622,529.1564367380522,,1722481.0394773704,137.29395281952043,331616.1159434835,8.827999348275286,-1,,,,,,,,unassigned,,,,,,,,,,,,
2116,1941,530.0661368422418,530.0657460678522,,1743803.2301179913,195.33318708529475,335615.6733758955,9.091643921651714,-1,,,,,,,,unassigned,,,,,,,,,,,,
2117,1942,531.005484055603,531.0050926305126,,1777860.7285949055,193.3993241277159,337952.5034697753,9.096884062240562,-1,,,,,,,,unassigned,,,,,,,,,,,,
2118,1951,533.5793590342241,533.5789658266333,,4362188.447942192,207.05146968627503,379681.931821473,22.474962985570144,-1,,,,,,,,unassigned,,,,,,,,,,,,
2119,1955,536.3083209469105,536.3079258501577,,2137407.9587907754,54.348995125503954,436247.9156830331,10.971544357901024,-1,,,,,,,,unassigned,,,,,,,,,,,,
2120,1956,537.0316299860008,537.0312343886553,,1834641.4827312515,93.17259090638461,353971.75024739583,9.407362392129821,-1,,,,,,,,unassigned,,,,,,,,,,,,
2121,1960,537.5730085066655,537.5726125346741,,4771596.35082209,71.40746783422335,403597.40656868176,24.382374159910906,-1,,,,,,,,unassigned,,,,,,,,,,,,
2122,1969,541.1849952149371,541.1845967441402,,3997895.1582334326,273.9198591516198,405976.52832221467,20.70641553683386,-1,,,,,,,,unassigned,,,,,,,,,,,,
2123,1971,541.5667169984063,541.566318263609,,4626173.424587318,75.75392211325865,397621.9196337905,23.779757992193357,-1,,,,,,,,unassigned,,,,,,,,,,,,
2124,1972,542.7817466505659,542.7813470755481,,3331868.6454639887,276.98602319953494,416335.9292915677,17.309494400112982,-1,,,,,,,,unassigned,,,,,,,,,,,,
2125,1976,543.0786136085313,543.0782138282464,,2269804.2166041383,188.7576988700446,319925.149822999,11.897739206979951,-1,,,,,,,,unassigned,,,,,,,,,,,,
2126,1978,544.7787858012952,544.7783848456085,,3268682.885906944,197.37067928904673,400061.21450885426,16.836571711969427,-1,,,,,,,,unassigned,,,,,,,,,,,,
2127,1979,544.7898993874489,544.78949842408,,11633220.474961516,240.093184200922,409056.3847922601,61.2310427806918,-1,,,,,,,,unassigned,,,,,,,,,,,,
2128,1982,545.0789925966159,545.0785914334142,,1677296.7053468863,166.93406773180888,335800.2662050882,8.861077735742391,-1,,,,,,,,unassigned,,,,,,,,,,,,
2129,1984,545.7894614656103,545.7890598113408,,4952907.719269629,56.472523296675305,372136.59874147834,25.392411258411407,-1,,,,,,,,unassigned,,,,,,,,,,,,
2130,1985,546.786903546029,546.7865012024264,,6574942.832070064,89.63620124322449,388307.832758697,33.8513082039597,-1,,,,,,,,unassigned,,,,,,,,,,,,
2131,1989,547.7864803622325,547.786077327924,,2441238.0293807182,167.80711068039494,402825.9797845517,12.6307038718451,-1,,,,,,,,unassigned,,,,,,,,,,,,
2132,1990,548.7612657202459,548.760862012461,,2015944.2734894624,176.19132375370225,381856.5457858957,10.3283171006199,-1,,,,,,,,unassigned,,,,,,,,,,,,
2133,1991,549.0160275184271,549.015623634644,,2066388.928372396,69.58921411760545,379553.0770490939,10.797964700895426,-1,,,,,,,,unassigned,,,,,,,,,,,,
2134,1994,549.5327914753444,549.5323872345836,,2165180.735603976,118.20162822226962,407876.7899187241,11.158224366378743,-1,,,,,,,,unassigned,,,,,,,,,,,,
2135,1995,550.0559602367721,550.0555556346369,,1790240.8728512998,64.77202821975715,307456.69914893643,9.168935995337225,-1,,,,,,,,unassigned,,,,,,,,,,,,
2136,1996,550.7694008419797,550.7689957470869,,2691040.433806536,425.0753664770899,361695.009387529,13.902747999788014,-1,,,,,,,,unassigned,,,,,,,,,,,,
2137,2000,551.140843287499,551.1404379360798,,1705804.272137597,86.12519180726173,351458.7825731443,8.78182060933606,-1,,,,,,,,unassigned,,,,,,,,,,,,
2138,2005,554.5745594691508,554.5741517470003,,3673936.640865502,251.58388725963667,369590.83787015046,18.93524801780315,-1,,,,,,,,unassigned,,,,,,,,,,,,
2139,2009,556.5715864774512,556.5711773770549,,2683550.9544451986,130.7644809965895,428666.30777273275,13.772399502640413,-1,,,,,,,,unassigned,,,,,,,,,,,,
2140,2010,556.5973918974554,556.5969827792522,,2773793.1099304426,272.5493925982537,371352.16013847763,14.183095521291394,-1,,,,,,,,unassigned,,,,,,,,,,,,
2141,2011,556.7975137680055,556.7971045117116,,2447248.5091063385,269.513469456207,381571.101705136,12.672624996555886,-1,,,,,,,,unassigned,,,,,,,,,,,,
2142,2016,558.5944229027059,558.5940124066684,,7177505.124118275,76.96850261561605,394058.72944843606,37.435564366731896,-1,,,,,,,,unassigned,,,,,,,,,,,,
2143,2017,558.7944679546823,558.7940573206479,,2241257.25407084,257.3980741691082,375657.4762574468,11.627871966654267,-1,,,,,,,,unassigned,,,,,,,,,,,,
2144,2018,558.8055511125178,558.8051404708381,,8473501.517701354,162.91078151718128,385675.00585221074,43.985740102792214,-1,,,,,,,,unassigned,,,,,,,,,,,,
2145,2022,559.8050830725022,559.8046717413791,,2550945.353875799,84.2064906782487,416819.00150238036,13.176988528232531,-1,,,,,,,,unassigned,,,,,,,,,,,,
2146,2023,560.591489974967,560.591078101479,,12097481.999002242,156.974457313744,392628.70206918684,63.56028527243485,-1,,,,,,,,unassigned,,,,,,,,,,,,
2147,2024,560.8025457741227,560.8021337550857,,4479930.882415816,179.15001139807802,410636.00452003547,22.912514724738973,-1,,,,,,,,unassigned,,,,,,,,,,,,
2148,2026,561.0734534366943,561.0730412308396,,1648622.9069979454,175.22507419967778,303841.95665213413,8.590882986629904,-1,,,,,,,,unassigned,,,,,,,,,,,,
2149,2028,561.8021891358953,561.8017764275428,,2115959.922167657,285.96927604612654,298988.115950123,10.90604260054042,-1,,,,,,,,unassigned,,,,,,,,,,,,
2150,2029,562.5885626197942,562.5881493692609,,10697325.903677713,108.9816498607812,397655.59724549326,54.78304978611403,-1,,,,,,,,unassigned,,,,,,,,,,,,
2151,2034,564.5855983822842,564.5851837551398,,6029687.340646797,184.61112314424352,375641.3290853675,30.941720142001703,-1,,,,,,,,unassigned,,,,,,,,,,,,
2152,2038,565.4397732882692,565.4393580724438,,1705292.523662255,181.1148399027671,374263.3479128617,8.787715767498515,-1,,,,,,,,unassigned,,,,,,,,,,,,
2153,2039,566.5826904497118,566.5822744463267,,2928537.457019694,109.4143810825959,354468.9940153875,14.97435675020748,-1,,,,,,,,unassigned,,,,,,,,,,,,
2154,2043,569.0214798873817,569.0210622039266,,1810410.735802737,363.99411629878114,304259.67436347995,9.370026390434276,-1,,,,,,,,unassigned,,,,,,,,,,,,
2155,2050,571.0730376564663,571.0726185601757,,1770702.8586709988,109.79804109426466,316848.89503913344,9.074613464737958,-1,,,,,,,,unassigned,,,,,,,,,,,,
2156,2051,571.1119533544509,571.1115342313644,,10491336.754001135,113.35408579698813,377812.1528693766,54.31405720341211,-1,,,,,,,,unassigned,,,,,,,,,,,,
2157,2055,573.1089613229396,573.1085408250066,,5054286.700664034,185.94563902407404,350620.53330092644,25.92821563362114,-1,,,,,,,,unassigned,,,,,,,,,,,,
2158,2056,573.7907543502102,573.7903333829881,,1758265.8217826686,148.24213262332654,367347.2466627932,9.259328420494858,-1,,,,,,,,unassigned,,,,,,,,,,,,
2159,2059,575.1049480197207,575.1045261480526,,1841115.6249734429,122.02371497946297,338832.2353131437,9.421772778749153,-1,,,,,,,,unassigned,,,,,,,,,,,,
2160,2060,576.5653143043999,576.5648914278955,,1752500.3741244657,132.20705907638205,381586.5028745908,9.10539929069744,-1,,,,,,,,unassigned,,,,,,,,,,,,
2161,2063,578.5626004135105,578.5621761630848,,2672234.0553532424,109.63255752055113,378989.827509284,13.746853817269777,-1,,,,,,,,unassigned,,,,,,,,,,,,
2162,2065,579.0994098702853,579.0989852506613,,2938458.0714155263,185.79907270055307,321496.92819444725,15.045098648156932,-1,,,,,,,,unassigned,,,,,,,,,,,,
2163,2068,581.0575256294811,581.0570996633855,,2033579.8700845062,226.07167028323525,371750.68745755794,10.466525808650774,-1,,,,,,,,unassigned,,,,,,,,,,,,
2164,2071,582.3854422517352,582.3850153727395,,1653021.9777120743,269.63689079775025,319164.1964760573,8.67636277998549,-1,,,,,,,,unassigned,,,,,,,,,,,,
2165,2094,599.0316972465955,599.0312589391729,,2256900.7161974083,166.4052384933594,307882.8088796447,11.578418139847011,-1,,,,,,,,unassigned,,,,,,,,,,,,
2166,2100,602.74853075577,602.7480899004487,,2292231.3246002533,115.17307436473311,375556.3185382211,11.905599417863224,-1,,,,,,,,unassigned,,,,,,,,,,,,
2167,2103,604.7457725268613,604.7453303030106,,2007195.4289079555,221.71189479534405,333183.90246292757,10.568708550133314,-1,,,,,,,,unassigned,,,,,,,,,,,,
2168,2104,604.7567204991257,604.7562782677745,,8909682.063983794,238.45135788844894,362492.3482158762,47.21628677581716,-1,,,,,,,,unassigned,,,,,,,,,,,,
2169,2106,605.0786895647389,605.07824711281,,3739471.303184395,256.3004134998989,332331.50667576457,19.12716816686972,-1,,,,,,,,unassigned,,,,,,,,,,,,
2170,2107,605.7562687867951,605.7558258706985,,2673441.318260224,55.28082789562528,406358.27190297906,13.704932692558991,-1,,,,,,,,unassigned,,,,,,,,,,,,
2171,2108,606.753669783054,606.7532261837852,,5456123.131240284,101.72515306025686,358545.918919202,28.229947387272734,-1,,,,,,,,unassigned,,,,,,,,,,,,
2172,2112,607.7532312584594,607.7527869746407,,2111096.217703597,198.42804035679336,337982.103906315,10.918487934438934,-1,,,,,,,,unassigned,,,,,,,,,,,,
2173,2113,609.0372380180604,609.03679285504,,1611004.3804565966,240.9062751129637,355084.361966152,8.232588373867404,-1,,,,,,,,unassigned,,,,,,,,,,,,
2174,2118,612.533195736009,612.5327481800474,,1919035.8848787176,258.43537895717105,349970.94542986504,9.833778832547347,-1,,,,,,,,unassigned,,,,,,,,,,,,
2175,2121,614.5302190853952,614.5297701630574,,1831501.8552964488,89.91837601567086,368473.02522083296,9.453213622282243,-1,,,,,,,,unassigned,,,,,,,,,,,,
2176,2124,616.5272854913749,616.5268352030404,,1644693.580328707,181.30682682091637,303846.9299892426,8.525053720482497,-1,,,,,,,,unassigned,,,,,,,,,,,,
2177,2125,616.5528853734513,616.552435067609,,2139268.5694461525,81.31444326152558,326252.6357101171,11.160516927886363,-1,,,,,,,,unassigned,,,,,,,,,,,,
2178,2129,618.7723628181637,618.7719109946809,,5575614.901991756,170.20032548494402,366437.5713263648,28.723830637771684,-1,,,,,,,,unassigned,,,,,,,,,,,,
2179,2133,619.7718625773382,619.7714100705793,,2369974.8454271127,105.83805892297963,325880.02538659645,12.137475638919758,-1,,,,,,,,unassigned,,,,,,,,,,,,
2180,2135,620.5467924295243,620.5463393930801,,1996777.2463918831,153.99135003321223,282746.2395673044,10.243819833624723,-1,,,,,,,,unassigned,,,,,,,,,,,,
2181,2136,620.7693115795927,620.768858391062,,3413609.081252252,98.01164205349716,325855.4722723791,17.488969215281035,-1,,,,,,,,unassigned,,,,,,,,,,,,
2182,2139,621.3342032764981,621.3337497019004,,1816228.1350450704,218.75884361826638,324110.77661033603,9.32483017785546,-1,,,,,,,,unassigned,,,,,,,,,,,,
2183,2140,622.5443711727911,622.5439167712319,,1711266.9519862598,83.65025394050045,350295.8642107633,8.808676329853908,-1,,,,,,,,unassigned,,,,,,,,,,,,
2184,2141,622.767255032129,622.7668004782798,,3978149.2020046352,261.36669431192496,340253.31325631245,20.76929722390004,-1,,,,,,,,unassigned,,,,,,,,,,,,
2185,2143,624.7643466427305,624.7638907245539,,2597479.250607024,179.28914838445388,349912.196346282,13.680042024761963,-1,,,,,,,,unassigned,,,,,,,,,,,,
2186,2147,628.7468491390727,628.746390501442,,2228975.033800597,363.26240250710663,262030.66029945237,11.420231395821155,-1,,,,,,,,unassigned,,,,,,,,,,,,
2187,2151,632.7881130865699,632.787651691022,,2115239.9391842056,142.08922332757757,382962.99317072285,10.838575790458998,-1,,,,,,,,unassigned,,,,,,,,,,,,
2188,2155,633.3527843331716,633.3523225524033,,5276340.7871662425,101.24265803757292,333444.00499164884,27.441306228651072,-1,,,,,,,,unassigned,,,,,,,,,,,,
2189,2159,635.3497481275964,635.3492849847553,,2195493.7299710726,133.23680466799675,326288.26928828075,11.23617145763786,-1,,,,,,,,unassigned,,,,,,,,,,,,
2190,2160,636.7829928370401,636.7825287168753,,2712550.787014258,160.34656546188594,367061.8442107896,14.19226576732188,-1,,,,,,,,unassigned,,,,,,,,,,,,
2191,2163,637.7825148026751,637.7820500010649,,1715103.9078081404,90.62890633781115,352923.09093667846,8.78706074992491,-1,,,,,,,,unassigned,,,,,,,,,,,,
2192,2166,639.0841921852544,639.0837264963517,,1840750.418018074,165.5070678615208,344626.5900562839,9.417187655733912,-1,,,,,,,,unassigned,,,,,,,,,,,,
2193,2169,642.7621904093413,642.7617222142579,,1582648.303714564,58.04399164776247,359512.1219477544,8.366211958883033,-1,,,,,,,,unassigned,,,,,,,,,,,,
2194,2170,643.0578581800876,643.0573897835969,,1643296.9984819791,189.5919035845656,325274.70659856644,8.680292885427127,-1,,,,,,,,unassigned,,,,,,,,,,,,
2195,2175,658.2616317972368,658.2611530561028,,3201297.4791809577,247.70446228900997,324509.34584810556,16.622380965400254,-1,,,,,,,,unassigned,,,,,,,,,,,,
2196,2179,667.0791075691271,667.078622839443,,1579230.7914086808,223.11949168566645,362801.75592041673,8.081934331938017,-1,,,,,,,,unassigned,,,,,,,,,,,,
2197,2181,671.2680788707823,671.2675912988748,,2516400.3453367087,104.27511244364942,322155.545285142,12.94773237747042,-1,,,,,,,,unassigned,,,,,,,,,,,,
2198,2184,682.7340805024548,682.7335851600496,,4816421.907970177,287.4504892399024,332439.3045036328,24.647001259647745,-1,,,,,,,,unassigned,,,,,,,,,,,,
2199,2185,684.7312407589654,684.7307440644652,,2894073.8152998784,284.5399126235369,289606.21725020075,15.078504544410839,-1,,,,,,,,unassigned,,,,,,,,,,,,
2200,2186,690.8837750983174,690.8832742410676,,1592443.581113215,406.4596803110545,240715.11544816112,8.148418615659029,-1,,,,,,,,unassigned,,,,,,,,,,,,
2201,2187,693.7092105368127,693.7087077691992,,2184466.653113171,83.57912142671351,336290.77325914643,11.441191958176548,-1,,,,,,,,unassigned,,,,,,,,,,,,
2202,2188,696.7498138118699,696.7493089893253,,2968066.2421521693,83.86980744238313,321329.9071980219,15.588108216676332,-1,,,,,,,,unassigned,,,,,,,,,,,,
2203,2189,698.1630662163059,698.1625604389654,,3073893.3818183197,181.16622260770956,309566.37128716416,16.059720869672674,-1,,,,,,,,unassigned,,,,,,,,,,,,
2204,2190,702.7290190488455,702.728510188139,,1610805.0920955408,403.51168150854517,280597.1982848411,8.249618830781161,-1,,,,,,,,unassigned,,,,,,,,,,,,
2205,2195,756.7167439041683,756.7161987478654,,1790761.6749254377,241.32178602531332,323795.96716629766,9.472536640703622,-1,,,,,,,,unassigned,,,,,,,,,,,,
2206,2196,760.7114481685135,760.7109003384709,,1790331.1020610824,161.2167241229511,259268.6252763901,9.430943024779637,-1,,,,,,,,unassigned,,,,,,,,,,,,
2207,2198,770.7324697431515,770.7319152130282,,1601248.487490852,243.74979915760736,223990.35887901092,8.199018723220094,-1,,,,,,,,unassigned,,,,,,,,,,,,
2208,2201,793.0053430259356,793.0047736409854,,1679343.1297986903,330.1621839576774,240608.04262059802,8.6013632678076,-1,,,,,,,,unassigned,,,,,,,,,,,,
2209,2202,794.4234201052934,794.4228497762832,,1605437.646504739,182.68300977287845,236636.16119882732,8.239302303996865,-1,,,,,,,,unassigned,,,,,,,,,,,,
