,Index,m/z,Calibrated m/z,Calculated m/z,Peak Height,Peak Area,Resolving Power,S/N,Ion Charge,m/z Error (ppm),m/z Error Score,Isotopologue Similarity,Confidence Score,DBE,O/C,H/C,Heteroatom Class,Ion Type,Adduct,Is Isotopologue,Mono Isotopic Index,Molecular Formula,C,H,O,N,P,S,13C
0,3,153.019492950132,153.01933072274957,153.01933221933908,2736625.020006909,36.75418581266078,1038858.949718154,14.21650340220771,-1,-0.00978039495442857,0.999982643472323,0.0,0.5999895860833938,5.0,0.5714285714285714,0.8571428571428571,O4,de-protonated,,0.0,,C7 H6 O4,7.0,6.0,4.0,,,,
1,7,157.01441225102184,157.01424611295334,157.01424683890906,2024758.0609956232,13.808153095161028,1278823.3974991406,10.650383876119612,-1,-0.004623502196219015,0.9999961212202242,0.0,0.5999976727321344,4.0,0.8333333333333334,1.0,O5,de-protonated,,0.0,,C6 H6 O5,6.0,6.0,5.0,,,,
2,8,159.0664678210131,159.06629967429035,159.0662824127191,4320172.031878561,32.12652469444206,1230860.0096819177,22.803975086105954,-1,0.10851810325081425,0.9978655091115909,0.0,0.5987193054669545,2.0,0.5714285714285714,1.7142857142857142,O4,de-protonated,,0.0,,C7 H12 O4,7.0,12.0,4.0,,,,
3,33,171.066466114615,171.0662862235107,171.0662824127191,3713531.331402594,41.53443898908921,1121918.4055213053,19.29649130708358,-1,0.022276696245520054,0.9999099599263259,0.0,0.5999459759557956,3.0,0.5,1.5,O4,de-protonated,,0.0,,C8 H12 O4,8.0,12.0,4.0,,,,
4,35,173.08212342767342,173.08194156415217,173.08193247717907,3510642.643480161,39.92987387310464,937374.6150272882,18.15575950053223,-1,0.05250099174502075,0.999499988210918,0.0,0.5996999929265507,2.0,0.5,1.75,O4,de-protonated,,0.0,,C8 H14 O4,8.0,14.0,4.0,,,,
5,38,179.03516391980338,179.03497623145827,179.03498228379908,1743028.0064011253,44.99732282020941,890133.4504311476,9.024574525660912,-1,-0.03380535318225498,0.9997926615934244,0.0,0.5998755969560546,6.0,0.4444444444444444,0.8888888888888888,O4,de-protonated,,0.0,,C9 H8 O4,9.0,8.0,4.0,,,,
6,39,181.0144350257422,181.0142454009245,181.01424683890906,4882728.291257331,46.45071179230282,899509.0941771351,25.51188049605028,-1,-0.007944040816189903,0.9999885492409688,0.0,0.5999931295445813,6.0,0.625,0.75,O5,de-protonated,,0.0,,C8 H6 O5,8.0,6.0,5.0,,,,
7,41,185.04576827635492,185.04557470763575,185.04554696782907,1661771.9796499533,16.82865777584103,867445.671304641,8.787366276167758,-1,0.14990799366615082,0.9959307134271334,0.0,0.59755842805628,4.0,0.625,1.25,O5,de-protonated,,0.0,,C8 H10 O5,8.0,10.0,5.0,,,,
8,42,185.0821320624195,185.0819384581268,185.08193247717907,2627674.016600201,75.5120345036496,1063894.9171286435,13.646137498932035,-1,0.032315135614156346,0.9998105368955019,0.0,0.5998863221373011,3.0,0.4444444444444444,1.5555555555555556,O4,de-protonated,,0.0,,C9 H14 O4,9.0,14.0,4.0,,,,
9,43,187.0614061326025,187.06121059209195,187.06119703228907,2870539.562303193,73.86779928556243,965931.0497114412,15.293268939232815,-1,0.0724885924802222,0.9990470148305544,0.0,0.5994282088983326,3.0,0.625,1.5,O5,de-protonated,,0.0,,C8 H12 O5,8.0,12.0,5.0,,,,
10,44,187.09777282908217,187.0975772529968,187.0975825416391,5707973.17820107,78.33727123130275,902829.9977965035,30.11745190193984,-1,-0.028266759052421996,0.9998550312544975,0.0,0.5999130187526984,2.0,0.4444444444444444,1.7777777777777777,O4,de-protonated,,0.0,,C9 H16 O4,9.0,16.0,4.0,,,,
11,51,193.08721792507617,193.08701649035567,193.08701785760908,2508661.323033154,44.52732140237137,1021713.7508319491,13.011805326130116,-1,-0.0070810219827774495,0.9999909020459735,0.0,0.5999945412275841,5.0,0.2727272727272727,1.2727272727272727,O3,de-protonated,,0.0,,C11 H14 O3,11.0,14.0,3.0,,,,
12,55,195.03008045431625,195.02987711933133,195.0298969033691,3087183.2613320677,48.372396120410286,977082.3608897331,16.098177830771384,-1,-0.1014410512185756,0.9981345830222765,0.0,0.5988807498133659,6.0,0.5555555555555556,0.8888888888888888,O5,de-protonated,,0.0,,C9 H8 O5,9.0,8.0,5.0,,,,
13,60,197.00937724645397,197.00917197565278,197.00916145847907,3161185.684088225,84.63983976501662,926572.5376209734,16.67387425650758,-1,0.05338418593474802,0.9994830282709792,0.0,0.5996898169625875,6.0,0.75,0.75,O6,de-protonated,,0.0,,C8 H6 O6,8.0,6.0,6.0,,,,
14,66,198.98863985181654,198.98843264531683,198.98842601358908,2166923.172919276,96.5402900783103,916849.2716545479,11.476614857500262,-1,0.03332720344606445,0.9997984847993071,0.0,0.5998790908795842,6.0,1.0,0.5714285714285714,O7,de-protonated,,0.0,,C7 H4 O7,7.0,4.0,7.0,,,,
15,67,199.06140762252602,199.06120034486176,199.06119703228907,2265594.174154201,23.631489363124746,1171630.9148992354,11.860412474657725,-1,0.01664097642659466,0.999949754111759,0.0,0.5999698524670554,4.0,0.5555555555555556,1.3333333333333333,O5,de-protonated,,0.0,,C9 H12 O5,9.0,12.0,5.0,,,,
16,68,199.09780481989412,199.09759750663466,199.0975825416391,2684432.832745125,58.42253849641099,988932.7502153942,13.971299369023775,-1,0.07516412487977203,0.9989754044720575,0.0,0.5993852426832345,3.0,0.4,1.6,O4,de-protonated,,0.0,,C10 H16 O4,10.0,16.0,4.0,,,,
17,74,201.040677830135,201.0404686168522,201.04046158739908,1607154.3120002144,47.517396148153686,999235.7358686324,8.374250785477432,-1,0.034965364982194845,0.9997781896586511,0.0,0.5998669137951906,4.0,0.75,1.25,O6,de-protonated,,0.0,,C8 H10 O6,8.0,10.0,6.0,,,,
18,75,201.07704834329678,201.07683909444643,201.07684709674908,3971630.366791388,39.80660009084709,1021790.9440596427,20.89564804523968,-1,-0.039797235561418114,0.999712659239473,0.0,0.5998275955436837,3.0,0.5555555555555556,1.5555555555555556,O5,de-protonated,,0.0,,C9 H14 O5,9.0,14.0,5.0,,,,
19,76,201.11342503099226,201.1132157465683,201.11323260609907,1993602.0654039762,92.1700656557241,866782.4137505499,10.517120814606603,-1,-0.08383103665360586,0.9987256561296882,0.0,0.5992353936778129,2.0,0.4,1.8,O4,de-protonated,,0.0,,C10 H18 O4,10.0,18.0,4.0,,,,
20,80,203.0927079820796,203.09249676211206,203.09249716120908,2213228.2759921807,72.27306203254238,1016235.4039268366,11.689835755921075,-1,-0.0019650997654892866,0.9999992993148977,0.0,0.5999995795889386,2.0,0.5555555555555556,1.7777777777777777,O5,de-protonated,,0.0,,C9 H16 O5,9.0,16.0,5.0,,,,
21,85,205.01446422043423,205.01425112125926,205.01424683890906,2805098.6256389385,40.05842256624634,913475.655828096,14.72290303595714,-1,0.020888061538405927,0.9999208350551002,0.0,0.5999525010330601,8.0,0.5,0.6,O5,de-protonated,,0.0,,C10 H6 O5,10.0,6.0,5.0,,,,
22,91,207.1028571874433,207.10264204620375,207.1026679220691,1548401.5976611706,44.54826027031075,971796.3436107578,8.126381491063237,-1,-0.12494221147758636,0.9971714928687476,0.0,0.5983028957212485,5.0,0.25,1.3333333333333333,O3,de-protonated,,0.0,,C12 H16 O3,12.0,16.0,3.0,,,,
23,98,209.0093812927555,209.00916428736764,209.00916145847907,5050006.387564397,90.19453791926833,951718.1127170819,26.65261230260163,-1,0.013534758710999599,0.9999667610232201,0.0,0.5999800566139321,7.0,0.6666666666666666,0.6666666666666666,O6,de-protonated,,0.0,,C9 H6 O6,9.0,6.0,6.0,,,,
24,104,211.0250307451613,211.02481176901037,211.0248115229391,5762219.301553703,57.37255891383788,978273.5314519894,30.72513146243916,-1,0.0011660774138281705,0.9999997532776225,0.0,0.5999998519665735,6.0,0.6666666666666666,0.8888888888888888,O6,de-protonated,,0.0,,C9 H8 O6,9.0,8.0,6.0,,,,
25,105,211.06141557771667,211.061196565992,211.06119703228907,1828122.6166133683,61.80532196745763,791187.2627992041,9.592275167706326,-1,-0.0022092980022109946,0.9999991143497784,0.0,0.599999468609867,5.0,0.5,1.2,O5,de-protonated,,0.0,,C10 H12 O5,10.0,12.0,5.0,,,,
26,107,213.00430035411605,213.0040794428569,213.00407607804908,1888836.0538457287,60.34236672728882,828743.8367348931,9.861466551962604,-1,0.01579691746802472,0.999954721847867,0.0,0.5999728331087202,6.0,0.875,0.75,O7,de-protonated,,0.0,,C8 H6 O7,8.0,6.0,7.0,,,,
27,108,213.04069230867083,213.04047136183246,213.04046158739908,2121148.6705438285,85.7939523620804,932827.7216395988,11.039512015737595,-1,0.04588064308153296,0.9996181173889243,0.0,0.5997708704333545,5.0,0.6666666666666666,1.1111111111111112,O6,de-protonated,,0.0,,C9 H10 O6,9.0,10.0,6.0,,,,
28,109,213.07708442425357,213.07686344183588,213.07684709674908,2702156.3566422043,62.692775752574605,904158.9086781002,14.035265638550019,-1,0.07670982102711457,0.9989328537655275,0.0,0.5993597122593165,4.0,0.5,1.4,O5,de-protonated,,0.0,,C10 H14 O5,10.0,14.0,5.0,,,,
29,112,215.0563112960073,215.05608837861055,215.05611165185908,2623088.835907745,22.724202849681888,1026867.2836823792,13.656798543853075,-1,-0.10821942399761626,0.9978772301897384,0.0,0.598726338113843,4.0,0.6666666666666666,1.3333333333333333,O6,de-protonated,,0.0,,C9 H12 O6,9.0,12.0,6.0,,,,
30,113,215.09273030983226,215.09250735683148,215.09249716120908,3737314.5859324806,91.06724128077701,930709.8880151517,19.376449143991387,-1,0.04740110663510226,0.999592392408274,0.0,0.5997554354449643,3.0,0.5,1.6,O5,de-protonated,,0.0,,C10 H16 O5,10.0,16.0,5.0,,,,
31,114,215.12908526140353,215.1288622728614,215.12888267055905,1928774.5453502277,32.62731546493375,1021155.1417470914,10.373196708172554,-1,-0.09481617438065354,0.9983700866626695,0.0,0.5990220519976016,2.0,0.36363636363636365,1.8181818181818181,O4,de-protonated,,0.0,,C11 H20 O4,11.0,20.0,4.0,,,,
32,116,217.07198971592442,217.07176482799866,217.0717617163191,2295399.664092938,34.475915095379335,969728.9707814079,11.94570083402605,-1,0.014334796708413136,0.9999627154583549,0.0,0.599977629275013,3.0,0.6666666666666666,1.5555555555555556,O6,de-protonated,,0.0,,C9 H14 O6,9.0,14.0,6.0,,,,
33,117,217.10838660664805,217.10816168314147,217.1081472256691,3140703.744981552,99.78228109224948,846048.6818227988,16.588585897139254,-1,0.0665911094253524,0.999195711939762,0.0,0.5995174271638571,2.0,0.5,1.8,O5,de-protonated,,0.0,,C10 H18 O5,10.0,18.0,5.0,,,,
34,118,219.03016384051958,219.02993703836478,219.02989690336906,1726083.664271209,90.87029319422992,789738.4353161195,9.037900831812212,-1,0.18323980553271885,0.9939260504402987,0.0,0.5963556302641791,8.0,0.45454545454545453,0.7272727272727273,O5,de-protonated,,0.0,,C11 H8 O5,11.0,8.0,5.0,,,,
35,121,221.00938276540143,221.00915402852897,221.00916145847907,2480484.5344524384,157.1057343750839,772028.022905194,13.275666187925871,-1,-0.03361829008918137,0.9997949496386115,0.0,0.5998769697831668,8.0,0.6,0.6,O6,de-protonated,,0.0,,C10 H6 O6,10.0,6.0,6.0,,,,
36,126,223.02502836052207,223.02479765341099,223.02481152293907,4574938.041234983,83.34245332991497,800719.6680930757,23.763469128999613,-1,-0.062188274008002996,0.9992985148769447,0.0,0.5995791089261667,7.0,0.6,0.8,O6,de-protonated,,0.0,,C10 H8 O6,10.0,8.0,6.0,,,,
37,127,223.06143850282672,223.0612077601265,223.06119703228907,1875901.2649391217,128.42526390513666,748748.6531190373,9.81349184981792,-1,0.048093696156552346,0.999580396591676,0.0,0.5997482379550055,6.0,0.45454545454545453,1.0909090909090908,O5,de-protonated,,0.0,,C11 H12 O5,11.0,12.0,5.0,,,,
38,134,225.00429733108788,225.00406468938039,225.00407607804908,5699517.397794619,81.52642907580172,954644.3818927766,29.72299323986134,-1,-0.05061538837256029,0.9995352514569859,0.0,0.5997211508741915,7.0,0.7777777777777778,0.6666666666666666,O7,de-protonated,,0.0,,C9 H6 O7,9.0,6.0,7.0,,,,
39,135,225.04067876067862,225.0404460834116,225.04046158739908,2930741.957366676,50.01507215162698,931529.9262322279,15.383887821061661,-1,-0.06889422177902278,0.9991391402048764,0.0,0.5994834841229258,6.0,0.6,1.0,O6,de-protonated,,0.0,,C10 H10 O6,10.0,10.0,6.0,,,,
40,138,227.05632916828833,227.05609452095288,227.05611165185908,1870545.1904104177,77.3592010634905,935349.6015058951,9.96807700117301,-1,-0.0754478973347896,0.9989676574138848,0.0,0.5993805944483309,5.0,0.6,1.2,O6,de-protonated,,0.0,,C10 H12 O6,10.0,12.0,6.0,,,,
41,139,227.09270336646532,227.09246868357903,227.09249716120908,1849920.6720965048,127.11874322031447,846741.0028609618,9.706881400607514,-1,-0.12540101680676505,0.997150711054476,0.0,0.5982904266326855,4.0,0.45454545454545453,1.4545454545454546,O5,de-protonated,,0.0,,C11 H16 O5,11.0,16.0,5.0,,,,
42,140,227.12910440705357,227.12886968859024,227.12888267055905,2609000.504268119,37.50672920412548,885449.0275923017,13.640806976471515,-1,-0.057156838248615296,0.9994074001887879,0.0,0.5996444401132728,3.0,0.3333333333333333,1.6666666666666667,O4,de-protonated,,0.0,,C12 H20 O4,12.0,20.0,4.0,,,,
43,144,229.0719977178186,229.0717611004844,229.0717617163191,2864145.6999566504,66.83551507602061,897731.7079106411,15.010751248825239,-1,-0.002688392008026061,0.9999986885892638,0.0,0.5999992131535582,4.0,0.6,1.4,O6,de-protonated,,0.0,,C10 H14 O6,10.0,14.0,6.0,,,,
44,145,229.10839190792777,229.1081552550248,229.1081472256691,3912986.583361205,44.67508254532682,912802.394509345,20.192019080450994,-1,0.035046137857160216,0.9997771637889458,0.0,0.5998662982733675,3.0,0.45454545454545453,1.6363636363636365,O5,de-protonated,,0.0,,C11 H18 O5,11.0,18.0,5.0,,,,
45,146,229.1560192807845,229.15578258133436,229.15576612430908,1653169.0128983513,89.02434998428672,866559.2092128972,8.616789557431106,-1,0.07181588995300305,0.9990646121476664,0.0,0.5994387672885998,2.0,0.2727272727272727,2.0,N2 O3,de-protonated,,0.0,,C11 H22 O3 N2,11.0,22.0,3.0,2.0,,,
46,148,231.08764110994827,231.0874025227274,231.0874117807791,5480621.615648325,100.55089788651942,936913.4850264378,28.827465466493923,-1,-0.04006298583499531,0.9997088094904827,0.0,0.5998252856942896,3.0,0.6,1.6,O6,de-protonated,,0.0,,C10 H16 O6,10.0,16.0,6.0,,,,
47,149,231.1240502881159,231.12381166531318,231.12379729012906,1896172.1406657049,75.11242496763248,903359.0993930841,10.215946295587205,-1,0.06219690179340442,0.9992983202885269,0.0,0.5995789921731162,2.0,0.45454545454545453,1.8181818181818181,O5,de-protonated,,0.0,,C11 H20 O5,11.0,20.0,5.0,,,,
48,151,233.00939336304103,233.00915289777464,233.0091614584791,2711759.1887366907,37.82055361875189,965265.1245362209,14.136545565299905,-1,-0.036739776258669775,0.9997551085291461,0.0,0.5998530651174876,9.0,0.5454545454545454,0.5454545454545454,O6,de-protonated,,0.0,,C11 H6 O6,11.0,6.0,6.0,,,,
49,152,233.15494491019896,233.15470430269454,233.15470349587906,6559035.895809884,65.9337108749496,864107.3504928058,33.9874112082776,-1,0.003460429776151311,0.9999978272315962,0.0,0.5999986963389577,5.0,0.13333333333333333,1.4666666666666666,O2,de-protonated,,0.0,,C15 H22 O2,15.0,22.0,2.0,,,,
50,154,235.02503698229373,235.02479454731122,235.02481152293907,3581557.6924130633,114.50974483447042,837000.363107002,18.742116971189468,-1,-0.07222908827401239,0.999053822637473,0.0,0.5994322935824837,8.0,0.5454545454545454,0.7272727272727273,O6,de-protonated,,0.0,,C11 H8 O6,11.0,8.0,6.0,,,,
51,155,235.06145637821925,235.06121390764798,235.06119703228907,2585494.271715615,103.60736718391652,786096.8315783816,13.518204959879547,-1,0.07179134252028802,0.9990652511904491,0.0,0.5994391507142695,7.0,0.4166666666666667,1.0,O5,de-protonated,,0.0,,C12 H12 O5,12.0,12.0,5.0,,,,
52,158,237.00433160668877,237.00408723759602,237.00407607804908,2214845.011406582,64.62582269090699,909307.6173271525,11.863077735887986,-1,0.04708588615050991,0.9995977945304656,0.0,0.5997586767182793,8.0,0.7,0.6,O7,de-protonated,,0.0,,C10 H6 O7,10.0,6.0,7.0,,,,
53,159,237.04071035810125,237.04046595346105,237.04046158739908,4269790.147111999,101.84462145847156,865289.4164367121,22.90525501285584,-1,0.018419057840027318,0.9999384433064137,0.0,0.5999630659838482,7.0,0.5454545454545454,0.9090909090909091,O6,de-protonated,,0.0,,C11 H10 O6,11.0,10.0,6.0,,,,
54,161,237.07712497772377,237.07688053750104,237.07684709674908,2432229.351901663,109.32021532540628,701478.5313098232,12.665321366196295,-1,0.14105448242886282,0.9963963391705326,0.0,0.5978378035023195,6.0,0.4166666666666667,1.1666666666666667,O5,de-protonated,,0.0,,C12 H14 O5,12.0,14.0,5.0,,,,
55,163,237.11349242692782,237.11324795116872,237.11323260609907,2301458.875743569,42.29341924739069,883621.1689521068,12.062972328157498,-1,0.06471620952137039,0.9992403475123931,0.0,0.5995442085074358,5.0,0.3076923076923077,1.3846153846153846,O4,de-protonated,,0.0,,C13 H18 O4,13.0,18.0,4.0,,,,
56,166,239.01997714399363,239.0197308053563,239.01972614250906,8416681.424657091,120.59923211164764,847834.7990193658,43.96614925437165,-1,0.019508210921069646,0.9999309484043953,0.0,0.5999585690426372,7.0,0.7,0.8,O7,de-protonated,,0.0,,C10 H8 O7,10.0,8.0,7.0,,,,
57,167,239.0563703741017,239.0561239999043,239.05611165185908,1870039.589221609,56.86089416619513,879817.2626181229,9.82415289473896,-1,0.05165333409759483,0.9995159999276003,0.0,0.5997095999565601,6.0,0.5454545454545454,1.0909090909090908,O6,de-protonated,,0.0,,C11 H12 O6,11.0,12.0,6.0,,,,
58,168,239.1291299746972,239.128883529406,239.12888267055905,5005517.177209467,103.45073872950975,890676.3056180424,25.970305427655028,-1,0.003591565143369871,0.9999976594344093,0.0,0.5999985956606456,4.0,0.3076923076923077,1.5384615384615385,O4,de-protonated,,0.0,,C13 H20 O4,13.0,20.0,4.0,,,,
59,173,240.9992700150993,240.99902174252364,240.9989906976191,1650847.8302066848,88.26946675996109,792829.9439656469,8.648772692194228,-1,0.12881757079515604,0.9969935749438419,0.0,0.5981961449663051,7.0,0.8888888888888888,0.6666666666666666,O8,de-protonated,,0.0,,C9 H6 O8,9.0,6.0,8.0,,,,
60,174,241.03563030278343,241.03538199468144,241.0353762069691,2652480.026801607,87.2214575352827,950846.9811811723,14.013943548707937,-1,0.024011879272245084,0.9998953875403835,0.0,0.5999372325242301,6.0,0.7,1.0,O7,de-protonated,,0.0,,C10 H10 O7,10.0,10.0,7.0,,,,
61,175,241.0720226156211,241.07177427196152,241.0717617163191,2277559.9941710425,92.76342728416017,878637.0517945065,12.220222740742848,-1,0.052082592911666684,0.9995079240405185,0.0,0.599704754424311,5.0,0.5454545454545454,1.2727272727272727,O6,de-protonated,,0.0,,C11 H14 O6,11.0,14.0,6.0,,,,
62,176,241.108409501585,241.10816112237316,241.1081472256691,2009142.549220665,103.22715361478318,860659.9626823104,10.487802941073742,-1,0.057636808359159186,0.9993974087906856,0.0,0.5996384452744113,4.0,0.4166666666666667,1.5,O5,de-protonated,,0.0,,C12 H18 O5,12.0,18.0,5.0,,,,
63,180,242.14007401617252,242.13982462897215,242.13978170721907,4320640.344681481,86.76439645069286,827286.1060757461,22.761330906421794,-1,0.17726022868006394,0.9943148883512883,0.0,0.596588933010773,3.0,0.3333333333333333,1.75,N1 O4,de-protonated,,0.0,,C12 H21 O4 N1,12.0,21.0,4.0,1.0,,,
64,181,242.1764112061789,242.17616178347566,242.1761672165691,1681076.7265893559,54.14310099966631,860856.984108682,9.064553444114814,-1,-0.022434467838633097,0.9999086800758547,0.0,0.5999452080455128,2.0,0.23076923076923078,1.9230769230769231,N1 O3,de-protonated,,0.0,,C13 H25 O3 N1,13.0,25.0,3.0,1.0,,,
65,184,242.97850910597109,242.97825889959398,242.97825525272907,5186870.404053511,102.95907741179231,858198.9189911304,27.01508782991701,-1,0.015009017607749846,0.9999591257792063,0.0,0.5999754754675237,7.0,1.125,0.5,O9,de-protonated,,0.0,,C8 H4 O9,8.0,4.0,9.0,,,,
66,185,243.05126465463738,243.05101437717659,243.05102627142907,1815167.1012826434,100.06782844347012,674482.0348985752,9.443020538811757,-1,-0.048937264998141994,0.9995655509423762,0.0,0.5997393305654257,5.0,0.7,1.2,O7,de-protonated,,0.0,,C10 H12 O7,10.0,12.0,7.0,,,,
67,186,243.08767308517753,243.08742277214498,243.0874117807791,4306534.701187903,72.6356996054145,853537.3303558675,22.87327187809272,-1,0.0452156934113091,0.9996291044115936,0.0,0.5997774626469561,4.0,0.5454545454545454,1.4545454545454546,O6,de-protonated,,0.0,,C11 H16 O6,11.0,16.0,6.0,,,,
68,187,243.12404236532,243.12379201675398,243.12379729012906,3329277.876689155,54.597941135863806,823605.4208904054,17.739978748611644,-1,-0.021690081922801755,0.9999146393572792,0.0,0.5999487836143675,3.0,0.4166666666666667,1.6666666666666667,O5,de-protonated,,0.0,,C12 H20 O5,12.0,20.0,5.0,,,,
69,189,243.1716706011697,243.17142020607005,243.1714161887691,2001609.5056959726,82.91572479200265,951276.0117131564,10.445158761389578,-1,0.016520448947148186,0.9999504793011258,0.0,0.5999702875806755,2.0,0.25,2.0,N2 O3,de-protonated,,0.0,,C12 H24 O3 N2,12.0,24.0,3.0,2.0,,,
70,195,245.06694527408666,245.06669302730933,245.0666763358891,2761209.8857072187,62.43457960874471,832732.0651771069,14.760216693180782,-1,0.06810970988695904,0.999158625931137,0.0,0.5994951755586821,4.0,0.7,1.4,O7,de-protonated,,0.0,,C10 H14 O7,10.0,14.0,7.0,,,,
71,196,245.10331302139514,245.10306073908737,245.1030618452391,5410432.00123626,29.15767750801429,808460.8093215822,28.832795988954445,-1,-0.0045130065700057466,0.9999963044000098,0.0,0.5999977826400058,3.0,0.5454545454545454,1.6363636363636365,O6,de-protonated,,0.0,,C11 H18 O6,11.0,18.0,6.0,,,,
72,197,245.13972223868333,245.13946992080463,245.13944735458907,1786657.9754509125,45.6400433577157,837535.9368911055,9.344405873292132,-1,0.0920546073117536,0.9984635761372881,0.0,0.5990781456823728,2.0,0.4166666666666667,1.8333333333333333,O5,de-protonated,,0.0,,C12 H22 O5,12.0,22.0,5.0,,,,
73,201,247.02508423208235,247.02483007229029,247.02481152293907,2924003.1174132335,71.16985716239877,823389.5117905166,15.303929984153855,-1,0.07509104488830855,0.9989773948564983,0.0,0.5993864369138989,9.0,0.5,0.6666666666666666,O6,de-protonated,,0.0,,C12 H8 O6,12.0,8.0,6.0,,,,
74,202,247.08259841142078,247.08234419544115,247.08232640034907,1788649.8258196844,129.17532915601367,732723.2121099394,9.427028971430197,-1,0.0720209022493513,0.9990592665515631,0.0,0.5994355599309378,3.0,0.7,1.6,O7,de-protonated,,0.0,,C10 H16 O7,10.0,16.0,7.0,,,,
75,204,247.11895512579702,247.11870087429932,247.11871190969907,2025583.4810401418,80.01300807295308,791844.7716590061,10.77298589271158,-1,-0.04465626931305881,0.9996382236820973,0.0,0.5997829342092583,2.0,0.5454545454545454,1.8181818181818181,O6,de-protonated,,0.0,,C11 H20 O6,11.0,20.0,6.0,,,,
76,207,249.00432119308005,249.00406509974533,249.00407607804908,3713359.8028365388,39.17246505511763,813106.3457138418,19.744255193767287,-1,-0.04408885156282384,0.9996473573679279,0.0,0.5997884144207567,9.0,0.6363636363636364,0.5454545454545454,O7,de-protonated,,0.0,,C11 H6 O7,11.0,6.0,7.0,,,,
77,208,249.04074433528226,249.0404882063661,249.04046158739908,2165313.8402232886,215.90131965379337,689429.7992622996,11.234076085546587,-1,0.10688611337758543,0.9979291610085449,0.0,0.5987574966051269,8.0,0.5,0.8333333333333334,O6,de-protonated,,0.0,,C12 H10 O6,12.0,10.0,6.0,,,,
78,209,250.14514279081578,250.14488558303574,250.1448670876491,2113260.297593742,79.10103582174831,823961.2158251735,11.098147762803318,-1,0.07393870148302273,0.9990085242843698,0.0,0.5994051145706218,5.0,0.21428571428571427,1.5,N1 O3,de-protonated,,0.0,,C14 H21 O3 N1,14.0,21.0,3.0,1.0,,,
79,212,251.01998057532373,251.0197225129515,251.01972614250906,4876718.61000721,78.50996684523376,828100.835370078,25.970305427655028,-1,-0.01445925236255635,0.9999620652465253,0.0,0.5999772391479151,8.0,0.6363636363636364,0.7272727272727273,O7,de-protonated,,0.0,,C11 H8 O7,11.0,8.0,7.0,,,,
80,213,251.05635286469814,251.0560947667957,251.05611165185908,1857177.5121090277,69.97487147287946,781745.0063813035,9.65357617600231,-1,-0.06725613360803881,0.9991795740126028,0.0,0.5995077444075617,7.0,0.5,1.0,O6,de-protonated,,0.0,,C12 H12 O6,12.0,12.0,6.0,,,,
81,215,251.16550795692905,251.16524975239884,251.16526817990908,1874228.623071149,65.0973932741775,874738.2309697982,9.778843453824537,-1,-0.07336806706921602,0.9990237615485148,0.0,0.5994142569291089,4.0,0.2,1.6,O3,de-protonated,,0.0,,C15 H24 O3,15.0,24.0,3.0,,,,
82,219,252.9992541648392,252.9989941690587,252.9989906976191,1860498.3528382217,37.39052702153403,827957.2980205263,9.698885616916733,-1,0.013721159924948679,0.9999658391976454,0.0,0.5999795035185872,8.0,0.8,0.6,O8,de-protonated,,0.0,,C10 H6 O8,10.0,6.0,8.0,,,,
83,220,253.0356207839909,253.0353607526873,253.0353762069691,4494753.29120582,46.988203294152065,765290.3634948524,23.52892614073672,-1,-0.06107557775318969,0.9993233843644139,0.0,0.5995940306186484,7.0,0.6363636363636364,0.9090909090909091,O7,de-protonated,,0.0,,C11 H10 O7,11.0,10.0,7.0,,,,
84,221,253.07203762927085,253.0717775623951,253.0717617163191,2071658.9864362243,105.16344552926356,736907.3101695997,10.7916427213234,-1,0.06261495125811488,0.9992888594325205,0.0,0.5995733156595123,6.0,0.5,1.1666666666666667,O6,de-protonated,,0.0,,C12 H14 O6,12.0,14.0,6.0,,,,
85,224,253.14479374883334,253.14453361088917,253.14453273501908,7440693.67685331,127.44488458354651,836618.2718358949,39.03008545592983,-1,0.0034599605068670733,0.9999978278208544,0.0,0.5999986966925126,4.0,0.2857142857142857,1.5714285714285714,O4,de-protonated,,0.0,,C14 H22 O4,14.0,22.0,4.0,,,,
86,228,255.01489473577035,255.01463277114405,255.01464076207907,3365705.2194190584,68.66718779782522,796479.5090262018,17.723987181230083,-1,-0.03133520096653181,0.9998218523450635,0.0,0.599893111407038,7.0,0.8,0.8,O8,de-protonated,,0.0,,C10 H8 O8,10.0,8.0,8.0,,,,
87,229,255.05128489719948,255.05102289702864,255.05102627142907,3136876.16462647,73.0878097244125,827644.330290708,16.418009178402603,-1,-0.013230295406522177,0.9999682395963044,0.0,0.5999809437577827,6.0,0.6363636363636364,1.0909090909090908,O7,de-protonated,,0.0,,C11 H12 O7,11.0,12.0,7.0,,,,
88,230,255.08768149187853,255.0874194561569,255.08741178077906,1990684.2334112301,97.66636335293184,815776.3990072045,10.530447120757904,-1,0.030089206640284458,0.9998357370453581,0.0,0.5999014422272149,5.0,0.5,1.3333333333333333,O6,de-protonated,,0.0,,C12 H16 O6,12.0,16.0,6.0,,,,
89,231,255.12408312150285,255.12382105022556,255.12379729012906,1868021.5588762087,69.88612071352684,657865.1682876205,9.780176084439669,-1,0.09313163549967307,0.9984274423081644,0.0,0.5990564653848987,4.0,0.38461538461538464,1.5384615384615385,O5,de-protonated,,0.0,,C13 H20 O5,13.0,20.0,5.0,,,,
90,236,256.9941688159484,256.99390491808356,256.9939053171891,1720644.968172668,67.10337522072223,774046.9124932605,9.096536578877936,-1,-0.0015529766924408867,0.9999995623936566,0.0,0.599999737436194,7.0,1.0,0.6666666666666666,O9,de-protonated,,0.0,,C9 H6 O9,9.0,6.0,9.0,,,,
91,237,257.0305554536173,257.0302915202129,257.0302908265391,1810911.5619638877,51.39445593708842,887586.5638022593,9.427028971430197,-1,0.0026988018560181477,0.9999986784136585,0.0,0.5999992070481951,6.0,0.8,1.0,O8,de-protonated,,0.0,,C10 H10 O8,10.0,10.0,8.0,,,,
92,238,257.06693396378864,257.0666699948527,257.0666763358891,2597988.0021257205,105.459674013995,773171.1876036944,13.89134153211597,-1,-0.02466689376775295,0.9998896026162042,0.0,0.5999337615697224,5.0,0.6363636363636364,1.2727272727272727,O7,de-protonated,,0.0,,C11 H14 O7,11.0,14.0,7.0,,,,
93,239,257.1033347020384,257.10307069754924,257.1030618452391,3798125.5944590415,145.6141889020132,806159.2266181766,19.813551985754053,-1,0.034430979086068014,0.999784917109396,0.0,0.5998709502656375,4.0,0.5,1.5,O6,de-protonated,,0.0,,C12 H18 O6,12.0,18.0,6.0,,,,
94,241,257.13969640251827,257.13943236251396,257.1394473545891,2448498.10226224,83.6587304083944,746466.2985862902,12.806580211400084,-1,-0.058303287539598896,0.9993833964965403,0.0,0.5996300378979241,3.0,0.38461538461538464,1.6923076923076923,O5,de-protonated,,0.0,,C13 H22 O5,13.0,22.0,5.0,,,,
95,244,259.0826061688553,259.0823402312191,259.0823264003491,3608699.679372181,104.2397024199821,831987.014136735,18.84872742039987,-1,0.0533840738496471,0.999483030441277,0.0,0.5996898182647662,4.0,0.6363636363636364,1.4545454545454546,O7,de-protonated,,0.0,,C11 H16 O7,11.0,16.0,7.0,,,,
96,245,259.11896991212063,259.1187039389689,259.1187119096991,4556123.987056571,94.35925114802345,833562.3712951973,24.141936223696558,-1,-0.030760920768006423,0.9998283217774233,0.0,0.5998969930664539,3.0,0.5,1.6666666666666667,O6,de-protonated,,0.0,,C12 H20 O6,12.0,20.0,6.0,,,,
97,246,259.13020100816465,259.1299350240438,259.12994529898907,4175930.4825548767,69.97703233945766,777435.9144442462,22.24960075021184,-1,-0.0396517093781162,0.9997147565307423,0.0,0.5998288539184453,3.0,0.45454545454545453,1.8181818181818181,N2 O5,de-protonated,,0.0,,C11 H20 O5 N2,11.0,20.0,5.0,2.0,,,
98,249,261.0043208522713,261.00405303778433,261.0040760780491,2147427.639067077,66.29138729228347,787092.3432451943,11.223415040625547,-1,-0.08827549782562452,0.9985870487438675,0.0,0.5991522292463205,10.0,0.5833333333333334,0.5,O7,de-protonated,,0.0,,C12 H6 O7,12.0,6.0,7.0,,,,
99,250,261.040753554099,261.04048570403063,261.0404615873991,1663819.9407475449,100.08951882791466,740411.2341910752,8.792696798628278,-1,0.09238656491712885,0.9984524837726116,0.0,0.599071490263567,9.0,0.46153846153846156,0.7692307692307693,O6,de-protonated,,0.0,,C13 H10 O6,13.0,10.0,6.0,,,,
100,253,263.01998033153984,263.01971054853584,263.01972614250906,4546707.656767831,68.71136636423932,769669.8863675905,24.16858883599916,-1,-0.05928822695321622,0.9993623941947293,0.0,0.5996174365168375,9.0,0.5833333333333334,0.6666666666666666,O7,de-protonated,,0.0,,C12 H8 O7,12.0,8.0,7.0,,,,
101,258,264.9992583025248,264.9989865866196,264.9989906976191,3037637.871321224,53.4330606508962,780250.8137047368,15.767685438219125,-1,-0.015513264738594565,0.9999563332616558,0.0,0.5999737999569934,9.0,0.7272727272727273,0.5454545454545454,O8,de-protonated,,0.0,,C11 H6 O8,11.0,6.0,8.0,,,,
102,259,265.0356457861329,265.0353740346935,265.0353762069691,3695786.6341334167,117.29669212718161,840777.8584039221,19.163228245570572,-1,-0.008196172159935577,0.9999878108526895,0.0,0.5999926865116136,8.0,0.5833333333333334,0.8333333333333334,O7,de-protonated,,0.0,,C12 H10 O7,12.0,10.0,7.0,,,,
103,260,265.07202274563315,265.07175095867,265.0717617163191,2013429.3632799406,98.33631317121446,728703.5591119563,10.437162977698799,-1,-0.04058391210531522,0.9997011888825477,0.0,0.5998207133295286,7.0,0.46153846153846156,1.0769230769230769,O6,de-protonated,,0.0,,C13 H14 O6,13.0,14.0,6.0,,,,
104,262,265.10839466238656,265.1081228399046,265.1081472256691,1580090.2904607537,100.97164625248567,757058.1671835763,8.278301381188067,-1,-0.09198421383794143,0.9984659232200589,0.0,0.5990795539320353,6.0,0.35714285714285715,1.2857142857142858,O5,de-protonated,,0.0,,C14 H18 O5,14.0,18.0,5.0,,,,
105,263,265.1481582256787,265.1478863643658,265.14790403833905,3061392.5144541864,92.24265310878981,785224.2122681515,15.88495693235057,-1,-0.06665703558632476,0.9991941192800214,0.0,0.5995164715680128,0.0,0.3333333333333333,2.1666666666666665,S1 O4,de-protonated,,0.0,,C12 H26 O4 S1,12.0,26.0,4.0,,,1.0,
106,270,267.0149124569192,267.0146387726755,267.01464076207907,5484908.463754361,54.76788365754662,767313.8004198552,28.816804421572883,-1,-0.007450541214478222,0.9999899277317409,0.0,0.5999939566390445,8.0,0.7272727272727273,0.7272727272727273,O8,de-protonated,,0.0,,C11 H8 O8,11.0,8.0,8.0,,,,
107,271,267.05133610995284,267.0510623901413,267.05102627142907,2943740.2775227786,73.23192745139139,654791.6846915851,15.685062340081059,-1,0.1352502280966244,0.9966863297337116,0.0,0.598011797840227,7.0,0.5833333333333334,1.0,O7,de-protonated,,0.0,,C12 H12 O7,12.0,12.0,7.0,,,,
108,272,267.08767994624736,267.08740619094596,267.08741178077906,3173219.606999951,53.99788422528893,731517.817933259,16.561933284836652,-1,-0.02092885273446044,0.9999205255713856,0.0,0.5999523153428313,6.0,0.46153846153846156,1.2307692307692308,O6,de-protonated,,0.0,,C13 H16 O6,13.0,16.0,6.0,,,,
109,273,267.16046305701735,267.1601892306431,267.16018279947906,8803178.121048141,51.89979878143279,814671.7756123662,46.141002418263945,-1,0.02407231480770888,0.9998948603068868,0.0,0.599936916184132,4.0,0.26666666666666666,1.6,O4,de-protonated,,0.0,,C15 H24 O4,15.0,24.0,4.0,,,,
110,278,269.03058940197616,269.03031374945914,269.0302908265391,4022663.273750502,68.50432596601715,816698.0399750957,20.980936404608002,-1,0.08520572151245791,0.998683547104913,0.0,0.5992101282629478,7.0,0.7272727272727273,0.9090909090909091,O8,de-protonated,,0.0,,C11 H10 O8,11.0,10.0,8.0,,,,
111,279,269.06694140242854,269.06666571441525,269.0666763358891,2454084.6866143304,76.17300349299838,759276.5130984428,12.779927599097482,-1,-0.03947524826428346,0.9997172893486324,0.0,0.5998303736091793,6.0,0.5833333333333334,1.1666666666666667,O7,de-protonated,,0.0,,C12 H14 O7,12.0,14.0,7.0,,,,
112,280,269.10334200581855,269.1030662822616,269.1030618452391,2257099.1815722715,48.397948032174156,700277.2245056145,11.92171348295371,-1,0.01648819025817478,0.9999506725009367,0.0,0.599970403500562,5.0,0.46153846153846156,1.3846153846153846,O6,de-protonated,,0.0,,C13 H18 O6,13.0,18.0,6.0,,,,
113,281,269.13972682793786,269.1394510688526,269.1394473545891,4215891.774638332,110.29282537776822,765948.7766527155,22.26026179513288,-1,0.013800517034430436,0.9999654429199399,0.0,0.5999792657519639,4.0,0.35714285714285715,1.5714285714285714,O5,de-protonated,,0.0,,C14 H22 O5,14.0,22.0,5.0,,,,
114,286,271.04623110494083,271.04595348427245,271.0459408909991,1948244.49753967,42.34017903407991,823211.159680417,10.359870402021254,-1,0.04646176705953877,0.9996083841847523,0.0,0.5997650305108514,6.0,0.7272727272727273,1.0909090909090908,O8,de-protonated,,0.0,,C11 H12 O8,11.0,12.0,8.0,,,,
115,287,271.0826058988778,271.0823282426924,271.0823264003491,2794013.1112552774,94.49186375773434,785923.6582665717,14.578978929523092,-1,0.0067962503351608776,0.9999916190983696,0.0,0.5999949714590218,5.0,0.5833333333333334,1.3333333333333333,O7,de-protonated,,0.0,,C12 H16 O7,12.0,16.0,7.0,,,,
116,288,271.1189892917892,271.11871160007854,271.1187119096991,4623056.262954388,81.38936317117503,789452.2363097583,24.914861980472004,-1,-0.0011420109283452834,0.9999997633566544,0.0,0.5999998580139926,4.0,0.46153846153846156,1.5384615384615385,O6,de-protonated,,0.0,,C13 H20 O6,13.0,20.0,6.0,,,,
117,293,273.0982688585578,273.09798923428934,273.0979764648091,4234345.234873092,109.03584350174646,758292.1760581176,22.313567019738084,-1,0.04675787203249418,0.9996033776671295,0.0,0.5997620266002777,4.0,0.5833333333333334,1.5,O7,de-protonated,,0.0,,C12 H18 O7,12.0,18.0,7.0,,,,
118,294,273.1346503617488,273.1343707019584,273.13436197415905,5416033.775346806,42.0415479590073,844428.7619746095,28.209124861073565,-1,0.031954234140530335,0.9998147447929607,0.0,0.5998888468757764,3.0,0.46153846153846156,1.6923076923076923,O6,de-protonated,,0.0,,C13 H22 O6,13.0,22.0,6.0,,,,
119,296,275.0200199692829,275.01973846870777,275.01972614250906,3347173.486392297,104.38210939947346,747283.5523497494,17.590724119717077,-1,0.04481932582456294,0.99963557738348,0.0,0.599781346430088,10.0,0.5384615384615384,0.6153846153846154,O7,de-protonated,,0.0,,C13 H8 O7,13.0,8.0,7.0,,,,
120,298,275.1139204477474,275.1136388554943,275.1136265292691,2968451.740112162,101.30278213240234,761214.4831153636,15.951588463107075,-1,0.044804124603711686,0.9996358244965493,0.0,0.5997814946979295,3.0,0.5833333333333334,1.6666666666666667,O7,de-protonated,,0.0,,C12 H20 O7,12.0,20.0,7.0,,,,
121,299,275.15025325107695,275.1499716233511,275.1500120386191,2405360.0401446535,60.767793309379954,724824.5958052048,12.622677186512131,-1,-0.14688448552585376,0.9960928878440094,0.0,0.5976557327064056,2.0,0.46153846153846156,1.8461538461538463,O6,de-protonated,,0.0,,C13 H24 O6,13.0,24.0,6.0,,,,
122,302,276.9992584704875,276.9989750375609,276.9989906976191,3552859.6680085724,36.28203139723746,745526.7752248119,18.48625189308449,-1,-0.056534712066372304,0.9994202266202157,0.0,0.5996521359721294,10.0,0.6666666666666666,0.5,O8,de-protonated,,0.0,,C12 H6 O8,12.0,6.0,8.0,,,,
123,304,277.03566730838025,277.0353838399081,277.0353762069691,2873485.918182542,168.02753451227258,684520.240018607,14.992094420213418,-1,0.027552217724463493,0.9998622673061781,0.0,0.5999173603837068,9.0,0.5384615384615384,0.7692307692307693,O7,de-protonated,,0.0,,C13 H10 O7,13.0,10.0,7.0,,,,
124,305,277.07201960937954,277.0717361054171,277.0717617163191,2298315.303056274,72.0693820599565,859331.4137870625,11.92704400541423,-1,-0.09243418331627792,0.9984508893391565,0.0,0.5990705336034938,8.0,0.42857142857142855,1.0,O6,de-protonated,,0.0,,C14 H14 O6,14.0,14.0,6.0,,,,
125,310,279.01493263258334,279.01464723181937,279.01464076207907,5535706.900712634,91.36323919990842,766975.1867488159,28.976720095388494,-1,0.023187816529563747,0.9999024443663127,0.0,0.5999414666197876,9.0,0.6666666666666666,0.6666666666666666,O8,de-protonated,,0.0,,C12 H8 O8,12.0,8.0,8.0,,,,
126,311,279.0513186107979,279.0510331745123,279.05102627142907,3726511.1013851925,103.09942634026497,791750.8458863811,19.62165317717532,-1,0.02473770963254986,0.9998889678647227,0.0,0.5999333807188336,8.0,0.5384615384615384,0.9230769230769231,O7,de-protonated,,0.0,,C13 H12 O7,13.0,12.0,7.0,,,,
127,312,279.0876906468783,279.08740517508465,279.08741178077906,1951649.3663674006,116.67648391356217,765647.5973729778,10.207950511896424,-1,-0.02366890848675722,0.9998983544860125,0.0,0.5999390126916074,7.0,0.42857142857142855,1.1428571428571428,O6,de-protonated,,0.0,,C14 H16 O6,14.0,16.0,6.0,,,,
128,318,281.03057540540533,281.03028803692206,281.0302908265391,5240172.83593479,110.09920729111137,731580.5354943051,27.500165373824363,-1,-0.009926392753069838,0.9999821214268637,0.0,0.5999892728561182,8.0,0.6666666666666666,0.8333333333333334,O8,de-protonated,,0.0,,C12 H10 O8,12.0,10.0,8.0,,,,
129,319,281.0669591356013,281.06667173160014,281.0666763358891,3359147.815449298,164.41056913424592,701090.0715039246,17.50543576034875,-1,-0.016381482930623224,0.9999513088892164,0.0,0.5999707853335298,7.0,0.5384615384615384,1.0769230769230769,O7,de-protonated,,0.0,,C13 H14 O7,13.0,14.0,7.0,,,,
130,321,281.1033278637036,281.10304042419926,281.1030618452391,2296179.7950551463,83.15032396433804,748244.206450501,12.092290201690359,-1,-0.07620350946015825,0.9989468869544581,0.0,0.5993681321726748,6.0,0.42857142857142855,1.2857142857142858,O6,de-protonated,,0.0,,C14 H18 O6,14.0,18.0,6.0,,,,
131,328,283.00983058756344,283.0095412869685,283.0095553816491,3333806.680580069,60.5650074306225,656535.2898417778,17.763966099683987,-1,-0.049802843444611215,0.9995500498689152,0.0,0.599730029921349,8.0,0.8181818181818182,0.7272727272727273,O9,de-protonated,,0.0,,C11 H8 O9,11.0,8.0,9.0,,,,
132,329,283.04626501987013,283.0459756837094,283.0459408909991,4154923.3230885183,128.7596660900907,692827.6141641852,21.887125222896458,-1,0.122922484646657,0.9972620767064792,0.0,0.5983572460238875,7.0,0.6666666666666666,1.0,O8,de-protonated,,0.0,,C12 H12 O8,12.0,12.0,8.0,,,,
133,330,283.08261976138976,283.08233038974095,283.0823264003491,2972972.368946359,75.47463314022839,723529.1676567588,15.511820360114148,-1,0.014092691415256956,0.9999639642232399,0.0,0.5999783785339439,6.0,0.5384615384615384,1.2307692307692308,O7,de-protonated,,0.0,,C13 H16 O7,13.0,16.0,7.0,,,,
134,332,283.1189765706828,283.11868716354405,283.1187119096991,2882812.97167374,134.1847526347342,683383.8293484357,15.03473859989758,-1,-0.08740557928269894,0.9986147404269508,0.0,0.5991688442561705,5.0,0.42857142857142855,1.4285714285714286,O6,de-protonated,,0.0,,C14 H20 O6,14.0,20.0,6.0,,,,
135,333,283.15538780974225,283.1550983670604,283.15509741904907,1947882.099599279,55.41299524337361,653616.3609159203,10.346544095869953,-1,0.003348028540848313,0.9999979660901962,0.0,0.5999987796541177,4.0,0.3333333333333333,1.6,O5,de-protonated,,0.0,,C15 H24 O5,15.0,24.0,5.0,,,,
136,336,285.02548047803435,285.02518920988655,285.02520544610906,2374912.593153197,63.037596207240014,708288.4333463665,12.521397259762246,-1,-0.05696416385874494,0.9994113875614273,0.0,0.5996468325368564,7.0,0.8181818181818182,0.9090909090909091,O9,de-protonated,,0.0,,C11 H10 O9,11.0,10.0,9.0,,,,
137,337,285.06190733663414,285.0616160329294,285.06159095545905,3071695.458645211,33.44598219002362,703027.7942196584,16.03421156124514,-1,0.08797211251948682,0.99859673731304,0.0,0.599158042387824,6.0,0.6666666666666666,1.1666666666666667,O8,de-protonated,,0.0,,C12 H14 O8,12.0,14.0,8.0,,,,
138,338,285.0982821002893,285.0979907610786,285.0979764648091,3878587.14626504,78.88601369067331,781527.6901358278,20.671766101897823,-1,0.05014511042655446,0.9995438455239252,0.0,0.5997263073143551,5.0,0.5384615384615384,1.3846153846153846,O7,de-protonated,,0.0,,C13 H18 O7,13.0,18.0,7.0,,,,
139,339,285.1264125052276,285.12612113855846,285.1261197656691,8162579.929815719,66.27795704118387,754308.0628029873,43.27318133450401,-1,0.004815024869983507,0.9999957932182224,0.0,0.5999974759309334,4.0,0.2857142857142857,1.6428571428571428,P1 O4,de-protonated,,0.0,,C14 H23 O4 P1,14.0,23.0,4.0,,1.0,,
140,340,285.1346424790145,285.134351104312,285.13436197415905,4275574.40542702,54.58876973404351,774560.1692586849,22.185634480685597,-1,-0.03812184192298813,0.9997363399553767,0.0,0.599841803973226,4.0,0.42857142857142855,1.5714285714285714,O6,de-protonated,,0.0,,C14 H22 O6,14.0,22.0,6.0,,,,
141,344,287.02000731939745,287.0197141044018,287.01972614250906,2197046.354800826,112.95388452072595,716146.1959092029,11.513928514723904,-1,-0.04194174174389649,0.9996808627908805,0.0,0.5998085176745283,11.0,0.5,0.5714285714285714,O7,de-protonated,,0.0,,C14 H8 O7,14.0,8.0,7.0,,,,
142,345,287.07754414582473,287.07725087466895,287.0772410199191,2673840.225658086,81.70154882379796,727458.7189947648,14.037930899780278,-1,0.034327868790150616,0.9997862032584792,0.0,0.5998717219550875,5.0,0.6666666666666666,1.3333333333333333,O8,de-protonated,,0.0,,C12 H16 O8,12.0,16.0,8.0,,,,
143,346,287.1139138902897,287.1136205836345,287.1136265292691,5618301.819560068,181.29300100146983,687146.5839571612,29.61105226819041,-1,-0.020708298208849913,0.9999221917311857,0.0,0.5999533150387114,4.0,0.5384615384615384,1.5384615384615385,O7,de-protonated,,0.0,,C13 H20 O7,13.0,20.0,7.0,,,,
144,348,287.15029863509005,287.1500052929207,287.1500120386191,4189853.229114666,54.6484960152852,713885.2815143566,22.18030395822508,-1,-0.023491896579652834,0.9998998690711896,0.0,0.5999399214427137,3.0,0.42857142857142855,1.7142857142857142,O6,de-protonated,,0.0,,C14 H24 O6,14.0,24.0,6.0,,,,
145,354,288.9993143736444,288.99901922674155,288.9989906976191,1608590.078743095,49.87077027077513,772317.9224230207,8.4968528020694,-1,0.09871703147169847,0.9982333354538881,0.0,0.5989400012723328,11.0,0.6153846153846154,0.46153846153846156,O8,de-protonated,,0.0,,C13 H6 O8,13.0,6.0,8.0,,,,
146,355,289.0356843600141,289.03538917761307,289.0353762069691,2679993.6993833263,132.900779225237,713407.1721592778,14.144541348990685,-1,0.044875627854036405,0.9996346614005225,0.0,0.5997807968403135,10.0,0.5,0.7142857142857143,O7,de-protonated,,0.0,,C14 H10 O7,14.0,10.0,7.0,,,,
147,356,289.05683559058684,289.05654038754153,289.0565055750291,1540018.6958629906,31.063410364482106,795605.0024801112,8.17702145443818,-1,0.12043497288289705,0.9973716227727821,0.0,0.5984229736636693,5.0,0.8181818181818182,1.2727272727272727,O9,de-protonated,,0.0,,C11 H14 O9,11.0,14.0,9.0,,,,
148,357,289.0931388001132,289.09284356163494,289.0928910843791,2326001.9283857276,67.0356888065554,615612.2798216757,12.344157387949945,-1,-0.16438572392513356,0.9951087739079048,0.0,0.5970652643447428,4.0,0.6666666666666666,1.5,O8,de-protonated,,0.0,,C12 H18 O8,12.0,18.0,8.0,,,,
149,359,289.1296013465407,289.1293060724739,289.12927659372906,2902452.099018086,151.64565446410523,658366.115017811,15.181327967561888,-1,0.10195696959886606,0.9981155780815293,0.0,0.5988693468489176,3.0,0.5384615384615384,1.6923076923076923,O7,de-protonated,,0.0,,C13 H22 O7,13.0,22.0,7.0,,,,
150,362,290.1248744101744,290.1245781647038,290.1245255659291,2505146.5608985317,126.75163122413537,582401.0549291399,13.23435463885684,-1,0.18129723636525943,0.9940537689845707,0.0,0.5964322613907423,3.0,0.5833333333333334,1.75,N1 O7,de-protonated,,0.0,,C12 H21 O7 N1,12.0,21.0,7.0,1.0,,,
151,364,291.0149240846839,291.0146269705273,291.01464076207907,4960714.211402368,83.40044075358732,748609.4787052815,25.970305427655028,-1,-0.04739126443196538,0.9995925616247,0.0,0.59975553697482,10.0,0.6153846153846154,0.6153846153846154,O8,de-protonated,,0.0,,C13 H8 O8,13.0,8.0,8.0,,,,
152,365,291.0513550086289,291.0510578589162,291.05102627142907,2404581.8674101806,95.23267195580786,747849.4846070312,12.516066737301726,-1,0.10852903533619603,0.9978650794932377,0.0,0.5987190476959425,9.0,0.5,0.8571428571428571,O7,de-protonated,,0.0,,C14 H12 O7,14.0,12.0,7.0,,,,
153,366,291.087704760154,291.0874075749644,291.08741178077906,1716880.430805454,46.66300020455113,693901.0623084109,8.935288274447197,-1,-0.014448631207179466,0.9999621209555332,0.0,0.5999772725733199,8.0,0.4,1.0666666666666667,O6,de-protonated,,0.0,,C15 H16 O6,15.0,16.0,6.0,,,,
154,371,292.21328025338323,292.21298196966126,292.2129466490891,3433220.5169629236,28.345369066762487,762152.1728114651,18.081132186084947,-1,0.12087271486716035,0.9973525068162536,0.0,0.5984115040897522,0.0,0.35714285714285715,2.2142857142857144,N1 O5,de-protonated,,0.0,,C14 H31 O5 N1,14.0,31.0,5.0,1.0,,,
155,374,292.9942003828501,292.99390133698654,292.9939053171891,2453000.818705082,88.90007797113384,659494.1822093667,12.830567562472424,-1,-0.013584591664701162,0.9999665158148725,0.0,0.5999799094889234,10.0,0.75,0.5,O9,de-protonated,,0.0,,C12 H6 O9,12.0,6.0,9.0,,,,
156,375,293.0306024459993,293.0303033646093,293.0302908265391,4574309.854830387,73.4367095806848,737577.9358341016,23.896732190512623,-1,0.04278762508674208,0.9996678623878396,0.0,0.5998007174327037,9.0,0.6153846153846154,0.7692307692307693,O8,de-protonated,,0.0,,C13 H10 O8,13.0,10.0,8.0,,,,
157,376,293.0669868083927,293.0666876914936,293.0666763358891,3148648.938147093,141.8485119605135,680951.8811187646,16.479310186698587,-1,0.03874751179957013,0.9997276155489735,0.0,0.5998365693293841,8.0,0.5,1.0,O7,de-protonated,,0.0,,C14 H14 O7,14.0,14.0,7.0,,,,
158,378,293.1033789152561,293.10307976284037,293.1030618452391,1675951.1743499476,67.01990334203956,667611.1606572305,8.780703123092106,-1,0.0611307202202026,0.9993221624539245,0.0,0.5995932974723547,7.0,0.4,1.2,O6,de-protonated,,0.0,,C15 H18 O6,15.0,18.0,6.0,,,,
159,379,293.11459632930007,293.1142971659368,293.1142952345291,1613368.015988697,79.45520122307718,727656.9705567366,8.382246569168213,-1,0.006589264853107217,0.9999921218173401,0.0,0.599995273090404,7.0,0.35714285714285715,1.2857142857142858,N2 O5,de-protonated,,0.0,,C14 H18 O5 N2,14.0,18.0,5.0,2.0,,,
160,381,293.1761389349381,293.1758397115129,293.1758328639391,49139157.941118546,274.22095581308355,730158.3445472632,257.10175931581637,-1,0.023356542452103023,0.9997586967450561,0.9981853074724379,0.9991293410360089,5.0,0.23529411764705882,1.5294117647058822,O4,de-protonated,,0.0,,C17 H26 O4,17.0,26.0,4.0,,,,
161,384,294.1795014295572,294.1792012269201,294.1791876990091,9160336.300873736,126.36094287657221,733529.1828282595,47.633548707209634,-1,0.045985275504643396,0.9996163739438362,0.9981853074724379,0.9990439473552768,5.0,0.23529411764705882,1.5294117647058822,13C1 O4,de-protonated,,1.0,381.0,C16 H26 O4 13C1,16.0,26.0,4.0,,,,1.0
162,388,295.009870429596,295.009569416593,295.0095553816491,3329424.463072728,40.79823859118787,757513.0737398578,17.84125867536153,-1,0.04757454017599711,0.9995894048150054,0.0,0.5997536428890032,9.0,0.75,0.6666666666666666,O9,de-protonated,,0.0,,C12 H8 O9,12.0,8.0,9.0,,,,
163,389,295.04625492127406,295.0459538727634,295.0459408909991,4015354.1799872867,42.64671836190679,733714.4636919949,21.396717156528588,-1,0.04399912866107336,0.9996487909445982,0.0,0.5997892745667589,8.0,0.6153846153846154,0.9230769230769231,O8,de-protonated,,0.0,,C13 H12 O8,13.0,12.0,8.0,,,,
164,390,295.0826503420145,295.0823492579856,295.0823264003491,2771452.332237917,62.76100078211643,754918.473985361,14.741559864568961,-1,0.07746189610107856,0.9989118376977127,0.0,0.5993471026186277,7.0,0.5,1.1428571428571428,O7,de-protonated,,0.0,,C14 H16 O7,14.0,16.0,7.0,,,,
165,392,295.11903047331896,295.11872935378665,295.1187119096991,1759783.5081440627,137.71604751862225,802196.327146126,9.203147028088344,-1,0.0591087141253552,0.9993662482118457,0.0,0.5996197489271075,6.0,0.4,1.3333333333333333,O6,de-protonated,,0.0,,C15 H20 O6,15.0,20.0,6.0,,,,
166,397,297.02550942527387,297.0252064452493,297.02520544610906,3624137.2990485365,66.96924790547985,735403.2875305483,19.408432278754507,-1,0.0033638230777901187,0.9999979468547535,0.0,0.5999987681128521,8.0,0.75,0.8333333333333334,O9,de-protonated,,0.0,,C12 H10 O9,12.0,10.0,9.0,,,,
167,398,297.0619065087531,297.06160349321016,297.06159095545905,3168417.244305215,92.83739246495873,708006.1836773497,16.940400379533596,-1,0.0422058976512765,0.9996768308273491,0.0,0.5998060984964094,7.0,0.6153846153846154,1.0769230769230769,O8,de-protonated,,0.0,,C13 H14 O8,13.0,14.0,8.0,,,,
168,399,297.0982782177565,297.09797516671995,297.0979764648091,3829629.7531106835,88.03049141560854,722597.867506533,19.94148452480654,-1,-0.004369229219142229,0.9999965361208255,0.0,0.5999979216724953,6.0,0.5,1.2857142857142858,O7,de-protonated,,0.0,,C14 H18 O7,14.0,18.0,7.0,,,,
169,401,297.1346346262498,297.1343315397346,297.13436197415905,1915095.4572370802,55.623753530239,756912.1946145647,10.349209357100213,-1,-0.10242647212963261,0.9980981994919405,0.0,0.5988589196951642,5.0,0.4,1.4666666666666666,O6,de-protonated,,0.0,,C15 H22 O6,15.0,22.0,6.0,,,,
170,402,297.15326114216174,297.1529580374698,297.1529894187691,2504595.2251660055,107.94899989172472,804724.4897982425,13.171720999945725,-1,-0.10560654087329403,0.9979783959102989,0.0,0.5987870375461793,4.0,0.1875,1.625,S1 O3,de-protonated,,0.0,,C16 H26 O3 S1,16.0,26.0,3.0,,,1.0,
171,407,299.004767218086,299.00446230662857,299.0044700012191,1691205.0015956329,45.67148451037254,794849.6132427036,8.803357843549318,-1,-0.02573403174222393,0.9998798445705066,0.0,0.5999279067423039,8.0,0.9090909090909091,0.7272727272727273,O10,de-protonated,,0.0,,C11 H8 O10,11.0,8.0,10.0,,,,
172,408,299.0411637287048,299.0408587817311,299.0408555105691,3513450.8473997787,120.12784095080802,602721.3939351245,18.352988831571484,-1,0.010938846545450206,0.9999782883827929,0.0,0.5999869730296757,7.0,0.75,1.0,O9,de-protonated,,0.0,,C12 H12 O9,12.0,12.0,9.0,,,,
173,409,299.0775502249171,299.0772452424369,299.0772410199191,2726717.2567016445,47.33345055966183,732940.6418127426,14.229829708359011,-1,0.01411848591985236,0.9999638321890055,0.0,0.5999782993134033,6.0,0.6153846153846154,1.2307692307692308,O8,de-protonated,,0.0,,C13 H16 O8,13.0,16.0,8.0,,,,
174,410,299.11395221936255,299.11364720136083,299.1136265292691,3699461.732147113,118.41837702957655,711018.8890347669,19.29116078462306,-1,0.06911116685070716,0.9991337123971599,0.0,0.5994802274382959,5.0,0.5,1.4285714285714286,O7,de-protonated,,0.0,,C14 H20 O7,14.0,20.0,7.0,,,,
175,411,299.1503002544435,299.14999520097285,299.1500120386191,2965878.0797060356,59.106007920950766,704606.786634701,15.463845657969467,-1,-0.056284959220467036,0.9994253363548783,0.0,0.599655201812927,4.0,0.4,1.6,O6,de-protonated,,0.0,,C15 H24 O6,15.0,24.0,6.0,,,,
176,416,301.02040994827826,301.0201030699689,301.02012006567907,2066386.8530343748,64.4403205701994,741531.2925038491,10.78364693763262,-1,-0.056460379296505804,0.9994217497685073,0.0,0.5996530498611043,7.0,0.9090909090909091,0.9090909090909091,O10,de-protonated,,0.0,,C11 H10 O10,11.0,10.0,10.0,,,,
177,417,301.0931866578096,301.0928797084868,301.0928910843791,2703144.9807333685,71.42229622267554,628402.7629654176,14.168528700063026,-1,-0.03778200233326998,0.9997410192249543,0.0,0.5998446115349726,5.0,0.6153846153846154,1.3846153846153846,O8,de-protonated,,0.0,,C13 H18 O8,13.0,18.0,8.0,,,,
178,418,301.129609504082,301.12930251921887,301.12927659372906,5219295.355643306,68.14408326181724,715010.442050781,27.84131881129766,-1,0.08609421874069328,0.9986559674380902,0.0,0.5991935804628541,4.0,0.5,1.5714285714285714,O7,de-protonated,,0.0,,C14 H22 O7,14.0,22.0,7.0,,,,
179,419,301.1659959976395,301.1656889772716,301.1656621030791,2970993.850763182,88.39295877922831,594677.0043152545,15.685062340081059,-1,0.08923391962392756,0.9985562231724714,0.0,0.5991337339034828,3.0,0.4,1.7333333333333334,O6,de-protonated,,0.0,,C15 H26 O6,15.0,26.0,6.0,,,,
180,425,303.0513520658752,303.0510432058733,303.05102627142907,2032456.3814710986,48.92091439229896,694195.683183629,10.594413390284148,-1,0.05587984462368705,0.9994335766063686,0.0,0.5996601459638211,10.0,0.4666666666666667,0.8,O7,de-protonated,,0.0,,C15 H12 O7,15.0,12.0,7.0,,,,
181,426,303.0877415438376,303.0874326483294,303.08741178077906,1781205.9558253775,96.73968211674759,687462.3718254154,9.340407981446742,-1,0.0688499407634293,0.999140245990188,0.0,0.5994841475941128,9.0,0.375,1.0,O6,de-protonated,,0.0,,C16 H16 O6,16.0,16.0,6.0,,,,
182,427,303.1088624156495,303.1085534995332,303.10854114883904,2656476.8254190995,60.745173274206,732754.354776293,14.088570863155221,-1,0.040746770408232484,0.9996987862473409,0.0,0.5998192717484045,4.0,0.6153846153846154,1.5384615384615385,O8,de-protonated,,0.0,,C13 H20 O8,13.0,20.0,8.0,,,,
183,429,303.1452570113371,303.1449480597096,303.1449266581891,2338147.9383712746,98.12771303957223,744532.8910965362,12.25220587550597,-1,0.07059831322467959,0.9990960464538894,0.0,0.5994576278723336,3.0,0.5,1.7142857142857142,O7,de-protonated,,0.0,,C14 H24 O7,14.0,24.0,7.0,,,,
184,434,305.0305925748557,305.03028178369453,305.0302908265391,3384753.6289732214,51.008635079517376,718606.8283876437,18.09712375346651,-1,-0.029645726471531037,0.9998405430713313,0.0,0.5999043258427987,10.0,0.5714285714285714,0.7142857142857143,O8,de-protonated,,0.0,,C14 H10 O8,14.0,10.0,8.0,,,,
185,435,305.06699028421144,305.06667945753753,305.0666763358891,2236262.5475090025,56.27469136697267,794129.0200077188,11.78311989898018,-1,0.01023267592046921,0.9999810011137636,0.0,0.5999886006682582,9.0,0.4666666666666667,0.9333333333333333,O7,de-protonated,,0.0,,C15 H14 O7,15.0,14.0,7.0,,,,
186,440,307.0098726685415,307.0095599462668,307.0095553816491,3850521.848419152,58.536477075098965,753779.1693138625,20.76771550618719,-1,0.0148679988337574,0.9999598902315266,0.0,0.5999759341389159,10.0,0.6923076923076923,0.6153846153846154,O9,de-protonated,,0.0,,C13 H8 O9,13.0,8.0,9.0,,,,
187,441,307.0462625478795,307.04594979010125,307.0459408909991,3976716.3302881536,77.32142320166157,683786.2103030514,21.10620368243023,-1,0.02898296634051246,0.9998475924800097,0.0,0.5999085554880058,9.0,0.5714285714285714,0.8571428571428571,O8,de-protonated,,0.0,,C14 H12 O8,14.0,12.0,8.0,,,,
188,442,307.08262791961573,307.0823151263579,307.0823264003491,2428270.2954412387,191.10382346305903,685622.4230378116,13.054449505814278,-1,-0.03671325307127643,0.9997554619425054,0.0,0.5998532771655032,8.0,0.4666666666666667,1.0666666666666667,O7,de-protonated,,0.0,,C15 H16 O7,15.0,16.0,7.0,,,,
189,444,307.11909223287915,307.1187794040452,307.1187119096991,1538788.6891808414,116.46665565799454,680289.3500062203,8.031764717389,-1,0.21976631025380397,0.9912748181312712,0.0,0.5947648908787627,7.0,0.375,1.25,O6,de-protonated,,0.0,,C16 H20 O6,16.0,20.0,6.0,,,,
190,449,309.02551707642465,309.0252023876437,309.02520544610906,5241350.600698356,110.86071978234817,702825.0084311591,27.516156941205924,-1,-0.009897138898379202,0.9999822266497511,0.0,0.5999893359898506,9.0,0.6923076923076923,0.7692307692307693,O9,de-protonated,,0.0,,C13 H10 O9,13.0,10.0,9.0,,,,
191,450,309.0619044628718,309.06158973859124,309.06159095545905,3863187.79475864,56.38084487426444,658373.0852294109,20.293299007200883,-1,-0.0039372987488975044,0.9999971871280964,0.0,0.5999983122768578,8.0,0.5714285714285714,1.0,O8,de-protonated,,0.0,,C14 H14 O8,14.0,14.0,8.0,,,,
192,451,309.09830030059743,309.0979855408092,309.0979764648091,3572542.4790542084,88.04420596530424,696723.5446619466,18.64350230566984,-1,0.029362858297698177,0.9998435712710496,0.0,0.5999061427626298,7.0,0.4666666666666667,1.2,O7,de-protonated,,0.0,,C15 H18 O7,15.0,18.0,7.0,,,,
193,453,309.1710840650467,309.1707692342508,309.17074748350905,3290220.352054112,113.17995305932865,698175.2303346636,17.366842176375222,-1,0.07035187499840857,0.9991023434898257,0.0,0.5994614060938954,5.0,0.29411764705882354,1.5294117647058822,O5,de-protonated,,0.0,,C17 H26 O5,17.0,26.0,5.0,,,,
194,459,311.0411956848596,311.0408790296264,311.0408555105691,4112325.9419954596,191.05351700087314,678241.321388636,21.42870029129171,-1,0.07561404524660499,0.9989631080128756,0.0,0.5993778648077254,8.0,0.6923076923076923,0.9230769230769231,O9,de-protonated,,0.0,,C13 H12 O9,13.0,12.0,9.0,,,,
195,460,311.077574340755,311.07725765003244,311.0772410199191,4525324.5109391175,125.8816441128977,682320.5911843111,23.480951438592037,-1,0.053459755833880594,0.9994815639790164,0.0,0.5996889383874099,7.0,0.5714285714285714,1.1428571428571428,O8,de-protonated,,0.0,,C14 H16 O8,14.0,16.0,8.0,,,,
196,461,311.1139233358916,311.1136066097086,311.1136265292691,3203631.249932006,76.64687237517731,707205.8084727976,16.98304455921776,-1,-0.06402664103348238,0.9992564438775398,0.0,0.5995538663265239,6.0,0.4666666666666667,1.3333333333333333,O7,de-protonated,,0.0,,C15 H20 O7,15.0,20.0,7.0,,,,
197,463,311.1502979612705,311.149981199602,311.1500120386191,1709841.6793942656,91.62205274817391,594479.5462626787,9.079212380881245,-1,-0.09911301909882075,0.9982191462937946,0.0,0.5989314877762767,5.0,0.375,1.5,O6,de-protonated,,0.0,,C16 H24 O6,16.0,24.0,6.0,,,,
198,464,311.16895465337853,311.1686378735094,311.16863948322913,7511488.36838885,128.4932662586088,708679.1316026894,39.66441762873175,-1,-0.005173142558342363,0.9999951441902027,0.0,0.5999970865141216,4.0,0.17647058823529413,1.6470588235294117,S1 O3,de-protonated,,0.0,,C17 H28 O3 S1,17.0,28.0,3.0,,,1.0,
199,465,311.1867171597607,311.1864003625633,311.1863975479691,3717496.560148128,85.05483928335971,698103.443017465,19.47239854828075,-1,0.009044721212782108,0.9999851563407864,0.0,0.5999910938044718,4.0,0.29411764705882354,1.6470588235294117,O5,de-protonated,,0.0,,C17 H28 O5,17.0,28.0,5.0,,,,
200,469,313.02043749862185,313.02011891256853,313.02012006567907,1950227.845956401,36.78815366641014,727823.2203666915,10.279912565113449,-1,-0.003683822404970017,0.9999975376450131,0.0,0.5999985225870078,8.0,0.8333333333333334,0.8333333333333334,O10,de-protonated,,0.0,,C12 H10 O10,12.0,10.0,10.0,,,,
201,470,313.0568167869234,313.0564981653816,313.0565055750291,3306195.204706297,98.58564886540191,697131.3971872479,17.212257025020133,-1,-0.023668722436242358,0.9998983560839032,0.0,0.5999390136503419,7.0,0.6923076923076923,1.0769230769230769,O9,de-protonated,,0.0,,C13 H14 O9,13.0,14.0,9.0,,,,
202,471,313.093215548859,313.09289689180974,313.0928910843791,4310286.344315884,82.42223190099084,704179.1729951435,22.446830081251093,-1,0.01854858666758065,0.9999375745158029,0.0,0.5999625447094817,6.0,0.5714285714285714,1.2857142857142858,O8,de-protonated,,0.0,,C14 H18 O8,14.0,18.0,8.0,,,,
203,472,313.12960126919313,313.12928257664913,313.12927659372906,4482763.092277372,240.35824460065393,651844.9816518518,23.608883977644524,-1,0.019106869013780076,0.9999337602786639,0.0,0.5999602561671983,5.0,0.4666666666666667,1.4666666666666666,O7,de-protonated,,0.0,,C15 H22 O7,15.0,22.0,7.0,,,,
204,473,313.1659432365362,313.16562450854025,313.1656621030791,2221512.2468182114,119.97113527646376,601461.9587480853,11.60454739655275,-1,-0.12004681041465964,0.9973885159072201,0.0,0.598433109544332,4.0,0.375,1.625,O6,de-protonated,,0.0,,C16 H26 O6,16.0,26.0,6.0,,,,
205,477,315.03610395338944,315.0357834010692,315.03577013013904,1788973.283438357,163.97261301644,718400.7985346802,9.433692124505846,-1,0.04212515338882004,0.9996780659580257,0.0,0.5998068395748154,7.0,0.8333333333333334,1.0,O10,de-protonated,,0.0,,C12 H12 O10,12.0,12.0,10.0,,,,
206,478,315.0724896363829,315.07216904856944,315.0721556394891,2892976.473953097,132.70014364981276,730800.0260403267,15.133353265417206,-1,0.04255876026657297,0.9996714054151595,0.0,0.5998028432490957,6.0,0.6923076923076923,1.2307692307692308,O9,de-protonated,,0.0,,C13 H16 O9,13.0,16.0,9.0,,,,
207,479,315.1088444348192,315.10852381154274,315.10854114883904,4199188.980642548,66.87911561688124,688791.0638925072,21.94043044750166,-1,-0.05502007732268316,0.9994508677486789,0.0,0.5996705206492073,5.0,0.5714285714285714,1.4285714285714286,O8,de-protonated,,0.0,,C14 H20 O8,14.0,20.0,8.0,,,,
208,480,315.1452213083367,315.1449006495758,315.1449266581891,5086482.692582671,81.13520524715476,684277.342714127,27.12702880158794,-1,-0.08252905601154982,0.9987649081712276,0.0,0.5992589449027366,4.0,0.4666666666666667,1.6,O7,de-protonated,,0.0,,C15 H24 O7,15.0,24.0,7.0,,,,
209,481,315.18161744035007,315.1812967460858,315.1813121675391,2631731.434806983,111.08361827510124,639499.6748795338,13.73409111953062,-1,-0.048928831357043005,0.999565700639178,0.0,0.5997394203835068,3.0,0.375,1.75,O6,de-protonated,,0.0,,C16 H28 O6,16.0,28.0,6.0,,,,
210,485,317.0305973159175,317.03027481807044,317.0302908265391,2687202.704506761,71.69038459866667,644306.6605030381,14.008613026247417,-1,-0.050495076104368035,0.9995374577258841,0.0,0.5997224746355304,11.0,0.5333333333333333,0.6666666666666666,O8,de-protonated,,0.0,,C15 H10 O8,15.0,10.0,8.0,,,,
211,486,317.06704600971943,317.06672347631934,317.0666763358891,1699018.6327685704,70.42881615506514,669693.4012141423,8.846002023233481,-1,0.14867670984854464,0.9959971524392623,0.0,0.5975982914635574,10.0,0.4375,0.875,O7,de-protonated,,0.0,,C16 H14 O7,16.0,14.0,7.0,,,,
212,487,317.08811372881104,317.0877911748609,317.0878057039491,2216258.335596567,148.06975916030044,556734.1167647251,11.571231631174498,-1,-0.04582039391156132,0.9996191194945029,0.0,0.5997714716967018,5.0,0.6923076923076923,1.3846153846153846,O9,de-protonated,,0.0,,C13 H18 O9,13.0,18.0,9.0,,,,
213,488,317.12450563048606,317.12418304103835,317.12419121329907,3105208.4076823276,115.34582715450638,692151.5641807073,16.36203869256714,-1,-0.025769906386889443,0.9998795093507432,0.0,0.599927705610446,4.0,0.5714285714285714,1.5714285714285714,O8,de-protonated,,0.0,,C14 H22 O8,14.0,22.0,8.0,,,,
214,489,317.1609090685482,317.1605864435917,317.16057672264907,2909313.592551246,68.43586156113061,687831.6506015223,15.3812225598314,-1,0.0306499083677811,0.9998295585674809,0.0,0.5998977351404885,3.0,0.4666666666666667,1.7333333333333334,O7,de-protonated,,0.0,,C15 H26 O7,15.0,26.0,7.0,,,,
215,491,319.00987332615875,319.0095488977134,319.0095553816491,3462929.515529526,140.52171960621922,653859.6253574614,18.33699726418992,-1,-0.020325208392586874,0.9999250437993038,0.0,0.5999550262795823,11.0,0.6428571428571429,0.5714285714285714,O9,de-protonated,,0.0,,C14 H8 O9,14.0,8.0,9.0,,,,
216,492,319.04626502859225,319.04594056465095,319.0459408909991,3969047.8803196256,35.360068647594666,701885.0340747541,20.687757669279385,-1,-0.0010228875755436515,0.9999998101504404,0.0,0.5999998860902642,10.0,0.5333333333333333,0.8,O8,de-protonated,,0.0,,C15 H12 O8,15.0,12.0,8.0,,,,
217,493,319.0826583253272,319.0823338258885,319.0823264003491,1999141.2270111775,187.77548683477437,623785.3874018942,10.63305967812292,-1,0.023271547209229484,0.9999017385865857,0.0,0.5999410431519514,9.0,0.4375,1.0,O7,de-protonated,,0.0,,C16 H16 O7,16.0,16.0,7.0,,,,
218,496,320.1353914960815,320.1350659698362,320.1350902499591,1566314.3809779563,74.72062167389883,625382.0619985732,8.215667742276953,-1,-0.07584336620989807,0.9989568124263504,0.0,0.5993740874558102,3.0,0.6153846153846154,1.7692307692307692,N1 O8,de-protonated,,0.0,,C13 H23 O8 N1,13.0,23.0,8.0,1.0,,,
219,497,320.24462939135884,320.2443037585673,320.2442467780091,3905104.3175738044,73.51240777165862,688058.5813001405,20.314621097042963,-1,0.1779284367679059,0.994272069082615,0.0,0.596563241449569,0.0,0.3125,2.1875,N1 O5,de-protonated,,0.0,,C16 H35 O5 N1,16.0,35.0,5.0,1.0,,,
220,500,321.0255317386226,321.0252053441779,321.02520544610906,5654412.454170711,95.81671790618225,695412.5401128083,29.477789206677404,-1,-0.00031751763482933544,0.9999999817068066,0.0,0.5999999890240839,10.0,0.6428571428571429,0.7142857142857143,O9,de-protonated,,0.0,,C14 H10 O9,14.0,10.0,9.0,,,,
221,501,321.06190513547205,321.0615787055509,321.06159095545905,3484846.5931087895,71.4865925653675,659449.8646848836,18.305014129426798,-1,-0.03815438683298615,0.999735889645475,0.0,0.599841533787285,9.0,0.5333333333333333,0.9333333333333333,O8,de-protonated,,0.0,,C15 H14 O8,15.0,14.0,8.0,,,,
222,502,321.09829476938,321.0979683039666,321.0979764648091,3188655.558137757,73.11485236359812,652821.6501303083,17.057671873665043,-1,-0.025415428076013262,0.9998828011809385,0.0,0.5999296807085631,8.0,0.4375,1.125,O7,de-protonated,,0.0,,C16 H18 O7,16.0,18.0,7.0,,,,
223,512,323.0047922947792,323.0044639699214,323.0044700012191,3601138.8853502776,68.15117790175344,660678.2870185344,19.019304139136523,-1,-0.018672489848318072,0.9999367377615667,0.0,0.59996204265694,10.0,0.7692307692307693,0.6153846153846154,O10,de-protonated,,0.0,,C13 H8 O10,13.0,8.0,10.0,,,,
224,513,323.0411797391741,323.0408513788277,323.0408555105691,5210147.056227136,94.66391539285284,678112.513158169,27.356241267390313,-1,-0.012790151174369204,0.9999703176188106,0.0,0.5999821905712863,9.0,0.6428571428571429,0.8571428571428571,O9,de-protonated,,0.0,,C14 H12 O9,14.0,12.0,9.0,,,,
225,514,323.07757135404165,323.07724295820265,323.0772410199191,4301954.692293499,88.6345771412213,675299.6894836663,22.54811000800098,-1,0.005999443211171578,0.9999934690809062,0.0,0.5999960814485438,8.0,0.5333333333333333,1.0666666666666667,O8,de-protonated,,0.0,,C15 H16 O8,15.0,16.0,8.0,,,,
226,516,323.11394447996014,323.1136160486465,323.1136265292691,3209627.4541448043,112.734082366966,646353.228211682,17.129633926882068,-1,-0.032436337260576,0.9998091131597221,0.0,0.5998854678958332,7.0,0.4375,1.25,O7,de-protonated,,0.0,,C16 H20 O7,16.0,20.0,7.0,,,,
227,518,323.15034622397997,323.1500177571638,323.1500120386191,1588934.2230402722,40.22193070600228,775533.8711579638,8.290295056724236,-1,0.01769625415039809,0.9999431796135128,0.0,0.5999659077681077,6.0,0.35294117647058826,1.411764705882353,O6,de-protonated,,0.0,,C17 H24 O6,17.0,24.0,6.0,,,,
228,526,325.02044339964164,325.02011310896506,325.02012006567907,4539370.123938294,59.27572451732802,663045.0737344918,23.960698460038866,-1,-0.02140394878223384,0.9999168765454756,0.0,0.5999501259272854,9.0,0.7692307692307693,0.7692307692307693,O10,de-protonated,,0.0,,C13 H10 O10,13.0,10.0,10.0,,,,
229,527,325.05682369843385,325.05649337227715,325.0565055750291,5057629.637287402,33.702597902552675,687380.5740061129,26.5140187186281,-1,-0.037540402255673,0.9997443203600835,0.0,0.5998465922160501,8.0,0.6428571428571429,1.0,O9,de-protonated,,0.0,,C14 H14 O9,14.0,14.0,9.0,,,,
230,528,325.09323921190514,325.0929088502341,325.0928910843791,5301341.261709666,120.02902487445505,651568.3903189339,27.681403137482054,-1,0.05464854958258193,0.9994582568315081,0.0,0.5996749540989048,7.0,0.5333333333333333,1.2,O8,de-protonated,,0.0,,C15 H18 O8,15.0,18.0,8.0,,,,
231,530,325.1296120725284,325.1292816753846,325.12927659372906,3060460.738590684,95.58051272248576,678976.0801221764,16.116834659383205,-1,0.015629646188151908,0.9999556756376071,0.0,0.5999734053825643,6.0,0.4375,1.375,O7,de-protonated,,0.0,,C16 H22 O7,16.0,22.0,7.0,,,,
232,532,325.16598489779636,325.16565446517984,325.1656621030791,2117317.483400575,153.2424456251265,578223.2929317874,11.271389742770229,-1,-0.023489255364942088,0.9998998915844146,0.0,0.5999399349506488,5.0,0.35294117647058826,1.5294117647058822,O6,de-protonated,,0.0,,C17 H26 O6,17.0,26.0,6.0,,,,
233,533,325.1846321173472,325.1843016665449,325.18428954768905,8759600.81113756,130.17590316349853,676525.241304374,46.716698844000135,-1,0.037267654844504346,0.49987401082281074,0.8370420509349352,0.6347412268676605,4.0,0.16666666666666666,1.6666666666666667,S1 O3,de-protonated,,0.0,,C18 H30 O3 S1,18.0,30.0,3.0,,,1.0,
234,542,327.0150269969115,327.0146947610488,327.01464076207907,1561632.0601026579,68.50245995130982,653470.6011012766,8.142373058444798,-1,0.16512707082895928,0.9950646668063651,0.0,0.597038800083819,13.0,0.5,0.5,O8,de-protonated,,0.0,,C16 H8 O8,16.0,8.0,8.0,,,,
235,543,327.0361289190165,327.03579666257497,327.03577013013904,4050630.6750590745,39.267013041076666,638274.2677077637,21.159508907035434,-1,0.08113007306266863,0.9988064015481625,0.0,0.5992838409288974,8.0,0.7692307692307693,0.9230769230769231,O10,de-protonated,,0.0,,C13 H12 O10,13.0,12.0,10.0,,,,
236,544,327.0724941197577,327.07216182785237,327.0721556394891,4673724.626349235,100.4992348158653,641267.7467789003,24.952175637695646,-1,0.018920483342234645,0.999935046257883,0.0,0.5999610277547298,7.0,0.6428571428571429,1.1428571428571428,O9,de-protonated,,0.0,,C14 H16 O9,14.0,16.0,9.0,,,,
237,545,327.10886809473726,327.1085357673597,327.10854114883904,5742706.774243622,173.8402400643597,628413.44179677,29.93621413828215,-1,-0.016451662606186437,0.9999508908120599,0.0,0.5999705344872359,6.0,0.5333333333333333,1.3333333333333333,O8,de-protonated,,0.0,,C15 H20 O8,15.0,20.0,8.0,,,,
238,546,327.145263470356,327.1449311074852,327.1449266581891,3032118.11083071,141.7003729724361,650026.3936589278,15.903613760962394,-1,0.013600382433596047,0.9999664379267079,0.0,0.5999798627560248,5.0,0.4375,1.5,O7,de-protonated,,0.0,,C16 H24 O7,16.0,24.0,7.0,,,,
239,547,327.1816558034203,327.1813234050594,327.1813121675391,1710548.3029425645,153.2416477069584,586068.8036112243,9.021909264430652,-1,0.03434646140752079,0.9997859716279064,0.0,0.5998715829767438,4.0,0.35294117647058826,1.6470588235294117,O6,de-protonated,,0.0,,C17 H28 O6,17.0,28.0,6.0,,,,
240,550,329.03066588631606,329.0303316848204,329.0302908265391,1807331.2825208202,112.35926414937953,628156.5682583881,9.594940428936587,-1,0.12417787186872202,0.9972059458090323,0.0,0.5983235674854194,12.0,0.5,0.625,O8,de-protonated,,0.0,,C16 H10 O8,16.0,10.0,8.0,,,,
241,551,329.05174105021956,329.0514068281721,329.0514201945991,3090356.839433208,94.2000815225131,686056.8259832966,16.068859957238523,-1,-0.040621088831015076,0.9997006412644015,0.0,0.5998203847586409,7.0,0.7692307692307693,1.0769230769230769,O10,de-protonated,,0.0,,C13 H14 O10,13.0,14.0,10.0,,,,
242,552,329.0881208017721,329.0877865442482,329.0878057039491,3717096.130181675,96.34982665740431,683467.1639584914,19.357792315379562,-1,-0.05822063450273906,0.9993851429629889,0.0,0.5996310857777933,6.0,0.6428571428571429,1.2857142857142858,O9,de-protonated,,0.0,,C14 H18 O9,14.0,18.0,9.0,,,,
243,553,329.12452803481995,329.12419374179296,329.12419121329907,5120826.736029836,72.65578549620774,660065.0552361981,26.67926491490423,-1,0.007682491782020956,0.9999892908324958,0.0,0.5999935744994974,5.0,0.5333333333333333,1.4666666666666666,O8,de-protonated,,0.0,,C15 H22 O8,15.0,22.0,8.0,,,,
244,555,329.16093462911795,329.16060030058844,329.16057672264907,4850254.907280963,46.23157800449119,678927.3749797208,25.282668030247905,-1,0.07163050814928094,0.9990694327932519,0.0,0.5994416596759511,4.0,0.4375,1.625,O7,de-protonated,,0.0,,C16 H26 O7,16.0,26.0,7.0,,,,
245,556,329.19729752449774,329.1969631605084,329.19696223199907,1998287.3607604546,64.26710488634298,680401.5987303433,10.557099733060506,-1,0.002820528265744683,0.9999985565078465,0.0,0.5999991339047079,3.0,0.35294117647058826,1.7647058823529411,O6,de-protonated,,0.0,,C17 H30 O6,17.0,30.0,6.0,,,,
246,558,330.15620394314834,330.1558686440762,330.1558256948491,12249691.663299995,108.56377782573624,664351.7980641262,63.64643817861269,-1,0.13008774561254677,0.49846704290147437,0.860410506174987,0.6432444282108795,4.0,0.4666666666666667,1.6666666666666667,N1 O7,de-protonated,,0.0,,C15 H25 O7 N1,15.0,25.0,7.0,1.0,,,
247,559,330.1673552283513,330.167019918405,330.1670590841391,1848263.7378985996,65.53611837375739,690875.020032382,9.729536121064726,-1,-0.11862399058519169,0.9974499742395603,0.0,0.5984699845437361,4.0,0.42857142857142855,1.7857142857142858,N3 O6,de-protonated,,0.0,,C14 H25 O6 N3,14.0,25.0,6.0,3.0,,,
248,560,330.203821238652,330.2034858931461,330.20344459348905,1949929.891069618,77.21682729616859,640543.6328423579,10.153312656676091,-1,0.12507336826373006,0.9971655597884035,0.0,0.5982993358730421,3.0,0.3333333333333333,1.9333333333333333,N3 O5,de-protonated,,0.0,,C15 H29 O5 N3,15.0,29.0,5.0,3.0,,,
249,564,331.00991382615587,331.0095776946005,331.0095553816491,2007023.1642940077,58.84177649511414,591836.6127936611,10.601076543359799,-1,0.06740878346581396,0.9991758471151977,0.0,0.5995055082691186,12.0,0.6,0.5333333333333333,O9,de-protonated,,0.0,,C15 H8 O9,15.0,8.0,9.0,,,,
250,565,331.0462745920977,331.04593842508604,331.0459408909991,2752616.860154862,82.62405285321476,658686.4362261292,14.349766463720718,-1,-0.007448854485644611,0.9999899322917255,0.0,0.5999939593750353,11.0,0.5,0.75,O8,de-protonated,,0.0,,C16 H12 O8,16.0,12.0,8.0,,,,
251,566,331.0826800884379,331.0823438859263,331.0823264003491,1805237.0787769877,102.39523206798972,670383.0162952242,9.689557202610823,-1,0.052813381601456016,0.9994940217074587,0.0,0.5996964130244752,10.0,0.4117647058823529,0.9411764705882353,O7,de-protonated,,0.0,,C17 H16 O7,17.0,16.0,7.0,,,,
252,568,331.1037418652677,331.1034056422182,331.1034557684091,2316077.2209972115,141.7757060648703,636726.3593542136,12.217557479512587,-1,-0.1513913250559726,0.995849952428285,0.0,0.5975099714569709,5.0,0.6428571428571429,1.4285714285714286,O9,de-protonated,,0.0,,C14 H20 O9,14.0,20.0,9.0,,,,
253,569,331.14015400728465,331.13981774872883,331.1398412777591,3827759.457720612,125.41621229676238,659304.992473795,20.018777100484083,-1,-0.07105466434299662,0.9990843276483232,0.0,0.5994505965889939,4.0,0.5333333333333333,1.6,O8,de-protonated,,0.0,,C15 H24 O8,15.0,24.0,8.0,,,,
254,571,331.1765679557728,331.17623166170887,331.1762267871091,2489578.9369045813,70.18748121863572,636923.8520747911,13.203704134708847,-1,0.014719050985878935,0.9999606898309599,0.0,0.5999764138985759,3.0,0.4375,1.75,O7,de-protonated,,0.0,,C16 H28 O7,16.0,28.0,7.0,,,,
255,577,333.02552684562136,333.0251887486316,333.02520544610906,5290876.094693649,122.45325485012795,632733.2526755874,27.681403137482054,-1,-0.05013877985765414,0.9995439606648241,0.0,0.5997263763988945,11.0,0.6,0.6666666666666666,O9,de-protonated,,0.0,,C15 H10 O9,15.0,10.0,9.0,,,,
256,578,333.061901750423,333.06156361796474,333.06159095545905,3115810.1530105765,78.29346894235255,635336.5566767622,16.607242725751075,-1,-0.08207939629978722,0.9987783221041074,0.0,0.5992669932624645,10.0,0.5,0.875,O8,de-protonated,,0.0,,C16 H14 O8,16.0,14.0,8.0,,,,
257,581,334.11474896304793,334.1144098039886,334.1143548050691,2613610.684224104,103.26362132957173,639632.2086172266,13.814048956438425,-1,0.16461106415857907,0.9950953878758512,0.0,0.5970572327255107,4.0,0.6923076923076923,1.6153846153846154,N1 O9,de-protonated,,0.0,,C13 H21 O9 N1,13.0,21.0,9.0,1.0,,,
258,585,334.97141974144597,334.9710797470893,334.9710756726691,2139930.762448003,46.02015609985774,663511.6143824728,11.399322281822718,-1,0.012163498539387007,0.9999731549007779,0.0,0.5999838929404667,12.0,0.6666666666666666,0.4166666666666667,N2 P1 O8,de-protonated,,0.0,,C12 H5 O8 N2 P1,12.0,5.0,8.0,2.0,1.0,,
259,586,335.0048218799505,335.0044818530253,335.0044700012191,3547891.7555527026,60.22116495502253,669459.5833823602,18.523565550308135,-1,0.03537805397292722,0.9997729233937742,0.0,0.5998637540362645,11.0,0.7142857142857143,0.5714285714285714,O10,de-protonated,,0.0,,C14 H8 O10,14.0,8.0,10.0,,,,
260,587,335.0230258997146,335.02268585503975,335.02271732330905,1591774.4343174098,105.20928029032517,640335.0782560334,8.296958209799888,-1,-0.09392876265288129,0.9984004292396588,0.0,0.5990402575437952,15.0,0.23529411764705882,0.5294117647058824,N2 P1 O4,de-protonated,,0.0,,C17 H9 O4 N2 P1,17.0,9.0,4.0,2.0,1.0,,
261,588,335.04121142973355,335.04087136732704,335.0408555105691,5535152.298911976,74.27290311925873,670851.1784341179,29.014033752612136,-1,0.04732783388615591,0.9995936513400895,0.0,0.5997561908040536,10.0,0.6,0.8,O9,de-protonated,,0.0,,C15 H12 O9,15.0,12.0,9.0,,,,
262,589,335.07758997578253,335.07724987790556,335.0772410199191,4403201.902392501,85.16253754376436,667812.2537253788,23.587561887802444,-1,0.026435655389065726,0.9998732037361161,0.0,0.5999239222416697,9.0,0.5,1.0,O8,de-protonated,,0.0,,C16 H16 O8,16.0,16.0,8.0,,,,
263,592,335.1139806110252,335.11364047766597,335.1136265292691,2927941.487666595,51.61777846217953,661464.4312151673,15.487833009041807,-1,0.04162288781926236,0.9996856959435704,0.0,0.5998114175661422,8.0,0.4117647058823529,1.1764705882352942,O7,de-protonated,,0.0,,C17 H20 O7,17.0,20.0,7.0,,,,
264,595,335.1714523963709,335.1711122069745,335.17114140667906,4041028.8158913143,167.19467843874526,683540.5447463542,21.06622476397633,-1,-0.08711879081819462,0.9986238096802277,0.0,0.5991742858081366,2.0,0.5333333333333333,1.8666666666666667,O8,de-protonated,,0.0,,C15 H28 O8,15.0,28.0,8.0,,,,
265,602,337.0204595912501,337.02011759903974,337.02012006567907,6024311.097478446,131.06734936318486,639577.9384147688,32.164372526779644,-1,-0.007318967572744442,0.9999902803335022,0.0,0.5999941682001013,10.0,0.7142857142857143,0.7142857142857143,O10,de-protonated,,0.0,,C14 H10 O10,14.0,10.0,10.0,,,,
266,603,337.0568503736639,337.05650834597265,337.0565055750291,6228435.318560077,59.510364836500074,653551.2972802767,32.94262880601561,-1,0.008221005910220373,0.9999877368769462,0.0,0.5999926421261677,9.0,0.6,0.9333333333333333,O9,de-protonated,,0.0,,C15 H14 O9,15.0,14.0,9.0,,,,
267,604,337.09323856451005,337.0928965013405,337.0928910843791,5623172.365477706,84.62071109975125,648191.0463070547,29.365848235006474,-1,0.016069639855858128,0.9999531450001291,0.0,0.5999718870000774,8.0,0.5,1.125,O8,de-protonated,,0.0,,C16 H18 O8,16.0,18.0,8.0,,,,
268,606,337.1296266316436,337.1292845329958,337.12927659372906,2857054.694074286,100.4760309812792,604070.2037261669,14.909471322075351,-1,0.02354962121950629,0.9998993764049638,0.0,0.5999396258429783,7.0,0.4117647058823529,1.2941176470588236,O7,de-protonated,,0.0,,C17 H22 O7,17.0,22.0,7.0,,,,
269,608,337.16202177538753,337.16167964515466,337.1616393510791,3046888.6821033433,72.25479623824123,624485.487645848,15.85030853635719,-1,0.11950966798112851,0.9974118032879783,0.0,0.598447081972787,2.0,0.6153846153846154,2.0,N2 O8,de-protonated,,0.0,,C13 H26 O8 N2,13.0,26.0,8.0,2.0,,,
270,614,339.03612745430917,339.0357834968718,339.03577013013904,7070819.142833856,107.70684355586462,640162.8168823391,36.78060497759025,-1,0.03942572999101452,0.9997179980757743,0.0,0.5998307988454645,9.0,0.7142857142857143,0.8571428571428571,O10,de-protonated,,0.0,,C14 H12 O10,14.0,12.0,10.0,,,,
271,615,339.0724866588056,339.0721426659196,339.0721556394891,5604652.26029937,83.5364186575042,654941.6058522377,29.26456830825659,-1,-0.038261972464953165,0.999734398296069,0.0,0.5998406389776414,8.0,0.6,1.0666666666666667,O9,de-protonated,,0.0,,C15 H16 O9,15.0,16.0,9.0,,,,
272,616,339.1088994836542,339.10855545526744,339.10854114883904,4794911.488135415,103.45392391759887,602665.2033201254,25.383947956997794,-1,0.04218834579935971,0.999677099515976,0.0,0.5998062597095856,7.0,0.5,1.25,O8,de-protonated,,0.0,,C16 H20 O8,16.0,20.0,8.0,,,,
273,618,339.1452609867767,339.1449169229392,339.1449266581891,2482080.3427542676,112.06321132565299,602493.9988274036,12.987817975057775,-1,-0.028705279396342463,0.9998504987172164,0.0,0.5999102992303298,6.0,0.4117647058823529,1.411764705882353,O7,de-protonated,,0.0,,C17 H24 O7,17.0,24.0,7.0,,,,
274,620,339.2002847550546,339.1999406375717,339.1999396121491,4857097.6175349,163.05968847202118,663343.9794701044,25.383947956997794,-1,0.0030230624228755145,0.999998341758812,0.0,0.5999990050552871,4.0,0.15789473684210525,1.6842105263157894,S1 O3,de-protonated,,0.0,,C19 H32 O3 S1,19.0,32.0,3.0,,,1.0,
275,625,341.0153556465236,341.015009759472,341.0150346852491,2254046.5253453725,123.53522280237071,613728.0255452021,11.883067195114936,-1,-0.07309289785553583,0.9990310670993647,0.0,0.5994186402596188,9.0,0.8461538461538461,0.7692307692307693,O11,de-protonated,,0.0,,C13 H10 O11,13.0,10.0,11.0,,,,
276,627,341.05175258343723,341.0514066609018,341.0514201945991,5585251.955443871,78.0462611581982,645050.5849926802,29.157957859046185,-1,-0.039682277964082656,0.9997143166201009,0.0,0.5998285899720606,8.0,0.7142857142857143,1.0,O10,de-protonated,,0.0,,C14 H14 O10,14.0,14.0,10.0,,,,
277,628,341.08816585293624,341.0878198949012,341.0878057039491,6708095.832637525,157.22612804165738,621743.0310573402,35.18677876189467,-1,0.04160498232901783,0.99968596625995,0.0,0.59981157975597,7.0,0.6,1.2,O9,de-protonated,,0.0,,C15 H18 O9,15.0,18.0,9.0,,,,
278,629,341.12456767494064,341.1242216814171,341.12419121329907,4479487.941286018,140.65291227666137,598847.7564959766,23.656858679789206,-1,0.08931679085145977,0.9985535422076066,0.0,0.599132125324564,6.0,0.5,1.375,O8,de-protonated,,0.0,,C16 H22 O8,16.0,22.0,8.0,,,,
279,631,341.16093004246625,341.1605840134927,341.16057672264907,3563633.534235381,38.604865588234944,642700.5706909457,18.560879207531777,-1,0.0213707097258047,0.999917134505863,0.0,0.5999502807035177,5.0,0.4117647058823529,1.5294117647058822,O7,de-protonated,,0.0,,C17 H26 O7,17.0,26.0,7.0,,,,
280,632,341.1973159467167,341.19696988227025,341.19696223199907,1661396.0829971263,57.10825312176518,616240.2769401375,8.648772692194228,-1,0.022421861954091734,0.9999087826673241,0.0,0.5999452696003944,4.0,0.3333333333333333,1.6666666666666667,O6,de-protonated,,0.0,,C18 H30 O6,18.0,30.0,6.0,,,,
281,639,343.03104250980016,343.03069465767624,343.0306847497091,2477290.3926927387,116.16676134668785,701666.0424475867,12.990483236288034,-1,0.028883617607224767,0.9998486354649543,0.0,0.5999091812789725,8.0,0.8461538461538461,0.9230769230769231,O11,de-protonated,,0.0,,C13 H12 O11,13.0,12.0,11.0,,,,
282,640,343.0674375608802,343.0670896732759,343.0670702590591,4613869.227383538,155.64471593498553,612037.1488854697,24.307182419972687,-1,0.05659014954055412,0.9994190893511885,0.0,0.599651453610713,7.0,0.7142857142857143,1.1428571428571428,O10,de-protonated,,0.0,,C14 H16 O10,14.0,16.0,10.0,,,,
283,642,343.1038074217882,343.1034594987281,343.1034557684091,4612434.746991641,67.61312958483774,632314.5554886942,24.347161338426588,-1,0.010872286319589787,0.9999785517959517,0.0,0.5999871310775711,6.0,0.6,1.3333333333333333,O9,de-protonated,,0.0,,C15 H20 O9,15.0,20.0,9.0,,,,
284,643,343.1401997189909,343.1398517604532,343.1398412777591,4619688.25210554,150.03159162884214,663706.5955134823,24.061978386788752,-1,0.03054933542333651,0.9998306751922663,0.0,0.5998984051153597,5.0,0.5,1.5,O8,de-protonated,,0.0,,C16 H24 O8,16.0,24.0,8.0,,,,
285,645,343.17659789783886,343.17624990381785,343.1762267871091,3241434.950069949,129.6615585876255,618840.3799061156,16.956391946915158,-1,0.0673610435161922,0.9991770135773079,0.0,0.5995062081463848,4.0,0.4117647058823529,1.6470588235294117,O7,de-protonated,,0.0,,C17 H28 O7,17.0,28.0,7.0,,,,
286,647,343.2129302306842,343.2125822012441,343.2126122964591,1978257.9451949452,121.11839476739017,607982.0482156086,10.281245195728578,-1,-0.08768679792989005,0.9986058184475876,0.0,0.5991634910685525,3.0,0.3333333333333333,1.7777777777777777,O6,de-protonated,,0.0,,C18 H32 O6,18.0,32.0,6.0,,,,
287,648,344.1830911602987,344.18274218509373,344.1827091485991,1788619.870091147,46.71185772637377,550187.5006503295,9.397711097897334,-1,0.0959853408204871,0.998329676112907,0.0,0.5989978056677442,4.0,0.4,1.8,N3 O6,de-protonated,,0.0,,C15 H27 O6 N3,15.0,27.0,6.0,3.0,,,
288,653,344.9892153908846,344.988865629842,344.98881993675906,1670299.4289451789,96.91770193069651,574591.9910461648,8.84200413138809,-1,0.1324480107704516,0.9968220014175002,0.0,0.5980932008505001,13.0,0.6666666666666666,0.4,O10,de-protonated,,0.0,,C15 H6 O10,15.0,6.0,10.0,,,,
289,654,345.02554694276375,345.02519714630415,345.02520544610906,2918300.551912248,99.33192589973197,694601.9156311557,15.234633192167092,-1,-0.02405564803031774,0.9998950058384888,0.0,0.5999370035030932,12.0,0.5625,0.625,O9,de-protonated,,0.0,,C16 H10 O9,16.0,10.0,9.0,,,,
290,656,345.04671516333934,345.04636534624444,345.0463348141691,1867082.7855406324,115.6946655772898,606111.3711354424,9.780176084439669,-1,0.08848688502459538,0.9985802784609613,0.0,0.5991481670765768,7.0,0.8461538461538461,1.0769230769230769,O11,de-protonated,,0.0,,C13 H14 O11,13.0,14.0,11.0,,,,
291,657,345.0619972868265,345.0616474548342,345.06159095545905,3203108.210247737,165.58719598878847,589373.9202595098,16.66854373404706,-1,0.1637370736967098,0.9951472047367294,0.0,0.5970883228420376,11.0,0.47058823529411764,0.8235294117647058,O8,de-protonated,,0.0,,C17 H14 O8,17.0,14.0,8.0,,,,
292,658,345.0830493739123,345.0826995213979,345.0827203235191,3299263.655483915,93.18591578120322,617322.5724846428,17.558740984953953,-1,-0.06028154978381163,0.999340857255267,0.0,0.5996045143531602,6.0,0.7142857142857143,1.2857142857142858,O10,de-protonated,,0.0,,C14 H18 O10,14.0,18.0,10.0,,,,
293,659,345.11943998934834,345.1190901013596,345.1191058328691,2597779.1505716904,70.86101780641172,632416.302842893,13.56084913956371,-1,-0.04558284151976416,0.9996230578073696,0.0,0.5997738346844217,5.0,0.6,1.4666666666666666,O9,de-protonated,,0.0,,C15 H22 O9,15.0,22.0,9.0,,,,
294,661,345.15585322076555,345.15550329728035,345.1554913422191,3611836.84718792,36.3710830138278,664919.3907019562,19.189880857873174,-1,0.03463674073839599,0.9997823390114887,0.0,0.5998694034068932,4.0,0.5,1.625,O8,de-protonated,,0.0,,C16 H26 O8,16.0,26.0,8.0,,,,
295,662,345.192246967874,345.1918970089113,345.1918768515691,1915434.0985869432,78.87731203193546,704571.9222408935,9.96274647871249,-1,0.05839460196035274,0.9993814641371201,0.0,0.5996288784822721,3.0,0.4117647058823529,1.7647058823529411,O7,de-protonated,,0.0,,C17 H30 O7,17.0,30.0,7.0,,,,
296,663,346.1511159061291,346.15076501245034,346.1507403144191,2011312.0375344828,643.5138533330991,607330.0803475912,10.501129247225043,-1,0.07135050813084214,0.9990766903011455,0.0,0.5994460141806873,4.0,0.5333333333333333,1.6666666666666667,N1 O8,de-protonated,,0.0,,C15 H25 O8 N1,15.0,25.0,8.0,1.0,,,
297,669,347.004829795252,347.0044780693801,347.0044700012191,2572059.380549325,64.32776155859837,644180.3119502817,13.587501751866311,-1,0.023250885030433266,0.9999019129878853,0.0,0.5999411477927312,12.0,0.6666666666666666,0.5333333333333333,O10,de-protonated,,0.0,,C15 H8 O10,15.0,8.0,10.0,,,,
298,670,347.0412318285312,347.0408800671752,347.0408555105691,5045500.031663901,119.49233175060945,622141.4698870173,26.247492595602086,-1,0.07075998604385085,0.9990919034199504,0.0,0.5994551420519701,11.0,0.5625,0.75,O9,de-protonated,,0.0,,C16 H12 O9,16.0,12.0,9.0,,,,
299,671,347.077585154191,347.0772333573985,347.0772410199191,1930237.3725822917,46.034041116625886,697228.48856468,10.061361144232116,-1,-0.02207727760975709,0.9999115646983626,0.0,0.5999469388190175,10.0,0.47058823529411764,0.9411764705882353,O8,de-protonated,,0.0,,C17 H16 O8,17.0,16.0,8.0,,,,
300,673,347.113969531304,347.1136176990447,347.1136265292691,1767195.4111621166,139.34484065302144,634533.8443181729,9.452348953117669,-1,-0.025439002387245606,0.9998825836752163,0.0,0.5999295502051297,9.0,0.3888888888888889,1.1111111111111112,O7,de-protonated,,0.0,,C18 H20 O7,18.0,20.0,7.0,,,,
301,675,347.1351059646067,347.13475411174403,347.13475589732906,2222086.639128858,153.41464733983432,532619.1752508818,11.77379148467427,-1,-0.005143780612736761,0.9999951991552692,0.0,0.5999971194931615,4.0,0.6,1.6,O9,de-protonated,,0.0,,C15 H24 O9,15.0,24.0,9.0,,,,
302,679,348.13043758790616,348.13008476482514,348.1300048695291,2263067.0448837606,155.01778609553043,591068.6722035415,11.805774619437392,-1,0.22949844863102245,0.9904887027964084,0.0,0.594293221677845,4.0,0.6428571428571429,1.6428571428571428,N1 O9,de-protonated,,0.0,,C14 H23 O9 N1,14.0,23.0,9.0,1.0,,,
303,684,349.0204768547852,349.02012316413965,349.02012006567907,5102972.85479977,116.99594081873846,615798.588508052,26.65794282506215,-1,0.008877598749487448,0.9999856998120111,0.0,0.5999914198872066,11.0,0.6666666666666666,0.6666666666666666,O10,de-protonated,,0.0,,C15 H10 O10,15.0,10.0,10.0,,,,
304,686,349.056854317008,349.0565005909039,349.0565055750291,5524079.46841749,191.7913311514429,633035.519814622,28.77949076434924,-1,-0.014278849219249944,0.9999630059218094,0.0,0.5999778035530856,10.0,0.5625,0.875,O9,de-protonated,,0.0,,C16 H14 O9,16.0,14.0,9.0,,,,
305,687,349.0932669321506,349.09291317055374,349.0928910843791,3180006.614967768,48.17326041706995,638237.6843973314,16.895090938619173,-1,0.06326732852017115,0.9992739690774629,0.0,0.5995643814464777,9.0,0.47058823529411764,1.0588235294117647,O8,de-protonated,,0.0,,C17 H18 O8,17.0,18.0,8.0,,,,
306,689,349.1296545591591,349.1293007620939,349.12927659372906,2748138.1908227843,53.651211880480176,632989.2308338166,14.411067472016702,-1,0.06922468689945348,0.9991308654189303,0.0,0.5994785192513581,8.0,0.3888888888888889,1.2222222222222223,O7,de-protonated,,0.0,,C18 H22 O7,18.0,22.0,7.0,,,,
307,693,350.0550430727244,350.0546883736583,350.0547457280291,4024274.848969513,131.65509232069462,596732.7177726127,20.95161853107514,-1,-0.1638440030428124,0.9951408798100897,0.0,0.5970845278860538,10.0,0.42857142857142855,1.0,N3 P1 O6,de-protonated,,0.0,,C14 H14 O6 N3 P1,14.0,14.0,6.0,3.0,1.0,,
308,694,350.05886012129577,350.05850541850907,350.0584971538691,1626600.6035770006,86.71864003615485,690204.2774760356,8.508846477605571,-1,0.023609311130773383,0.9998988656943161,0.0,0.5999393194165896,0.0,1.0,2.3333333333333335,N1 S2 O9,de-protonated,,0.0,,C9 H21 O9 N1 S2,9.0,21.0,9.0,1.0,,2.0,
309,695,350.1096672634517,350.10931251114243,350.1092694246391,11870383.635441823,102.00349513781248,631263.9362971999,61.82339949711474,-1,0.12306587433235865,0.49862784707834873,0.8767281105990785,0.6498679524866406,4.0,0.7692307692307693,1.6153846153846154,N1 O10,de-protonated,,0.0,,C13 H21 O10 N1,13.0,21.0,10.0,1.0,,,
310,696,350.13613323217976,350.1357784540738,350.1357589552191,1565071.5647532598,92.3660317178282,608214.2666201068,8.197010913665132,-1,0.05568941238035001,0.9994374295586077,0.0,0.5996624577351646,8.0,0.375,1.3125,N3 O6,de-protonated,,0.0,,C16 H21 O6 N3,16.0,21.0,6.0,3.0,,,
311,699,350.9997136604198,350.999358040577,350.99938462078904,1668972.7319074941,84.16487349651824,490364.3822865621,8.890645148840338,-1,-0.07572723254550867,0.9989600030408213,0.0,0.5993760018244928,11.0,0.7857142857142857,0.5714285714285714,O11,de-protonated,,0.0,,C14 H8 O11,14.0,8.0,11.0,,,,
312,701,351.03613206888997,351.03577641355025,351.03577013013904,7737182.925768767,111.9027754740531,636914.8482857986,40.346724503678345,-1,0.01789963230150838,0.9999418661047538,0.0,0.5999651196628523,10.0,0.6666666666666666,0.8,O10,de-protonated,,0.0,,C15 H12 O10,15.0,12.0,10.0,,,,
313,703,351.0725001993682,351.0721445085807,351.0721556394891,5566199.223070006,75.52064003404972,592764.3045656278,29.12597472428306,-1,-0.03170547193088881,0.9998176177095978,0.0,0.5998905706257587,9.0,0.5625,1.0,O9,de-protonated,,0.0,,C16 H16 O9,16.0,16.0,9.0,,,,
314,706,351.1088867168079,351.1085309905546,351.10854114883904,4118140.9499294935,133.41852030580336,621067.6505956323,21.96175253734374,-1,-0.02893203457931105,0.9998481276201294,0.0,0.5999088765720776,8.0,0.47058823529411764,1.1764705882352942,O8,de-protonated,,0.0,,C17 H20 O8,17.0,20.0,8.0,,,,
315,709,351.1452238490648,351.14486808739395,351.1449266581891,2465105.507046197,217.56620479959895,614651.3501080477,12.878542264617108,-1,-0.16679949132306635,0.9949644430328807,0.0,0.5969786658197284,7.0,0.3888888888888889,1.3333333333333333,O7,de-protonated,,0.0,,C18 H24 O7,18.0,24.0,7.0,,,,
316,712,353.015320063317,353.01496247891356,353.0150346852491,3111214.2926966674,114.93674943634942,566236.5185908315,16.14881779414633,-1,-0.20454181386735093,0.9924374085396392,0.0,0.5954624451237835,10.0,0.7857142857142857,0.7142857142857143,O11,de-protonated,,0.0,,C14 H10 O11,14.0,10.0,11.0,,,,
317,713,353.0517731777625,353.05141555782996,353.0514201945991,6552312.195088593,92.952169237943,608200.1938773753,34.30724255590882,-1,-0.013133410190545132,0.9999687030475997,0.0,0.5999812218285597,9.0,0.6666666666666666,0.9333333333333333,O10,de-protonated,,0.0,,C15 H14 O10,15.0,14.0,10.0,,,,
318,714,353.0881915384316,353.0878338830038,353.0878057039491,6183785.800308927,122.38452591906307,637173.6196221514,32.489534396871385,-1,0.07980749902426754,0.998844977883715,0.0,0.599306986730229,8.0,0.5625,1.125,O9,de-protonated,,0.0,,C16 H18 O9,16.0,18.0,9.0,,,,
319,715,353.124533678406,353.1241759875573,353.12419121329907,4803178.185161049,272.2856244314391,609667.3189063416,25.01347664599163,-1,-0.043117243608796964,0.9996627262362963,0.0,0.5997976357417777,7.0,0.47058823529411764,1.2941176470588236,O8,de-protonated,,0.0,,C17 H22 O8,17.0,22.0,8.0,,,,
320,718,353.1609332950044,353.1605755686787,353.16057672264907,2441344.7586891097,87.0029392856395,571770.6770680338,12.891868570768409,-1,-0.0032675514231145348,0.9999980626937943,0.0,0.5999988376162766,6.0,0.3888888888888889,1.4444444444444444,O7,de-protonated,,0.0,,C18 H26 O7,18.0,26.0,7.0,,,,
321,719,355.03105570403727,355.0306961550346,355.0306847497091,5145477.138102601,45.624493030719464,633260.5155674876,26.769883796733076,-1,0.03212490070470163,0.999812760809627,0.0,0.5998876564857761,9.0,0.7857142857142857,0.8571428571428571,O11,de-protonated,,0.0,,C14 H12 O11,14.0,12.0,11.0,,,,
322,720,355.0463070920699,355.0459475282031,355.0459408909991,2010962.3377076457,129.6721407650757,507288.1610345558,10.44649139200471,-1,0.018693930163127887,0.9999365924035561,0.0,0.5999619554421337,13.0,0.4444444444444444,0.6666666666666666,O8,de-protonated,,0.0,,C18 H12 O8,18.0,12.0,8.0,,,,
323,721,355.06745310396866,355.06709351949274,355.0670702590591,5910707.285883803,143.06121463132067,585448.7357370737,31.162234304201824,-1,0.06550997145166255,0.9992216058423524,0.0,0.5995329635054114,8.0,0.6666666666666666,1.0666666666666667,O10,de-protonated,,0.0,,C15 H16 O10,15.0,16.0,10.0,,,,
324,722,355.10382426436695,355.1034646444434,355.1034557684091,5820235.695836455,156.23632760864464,606961.2407831881,31.140912214359744,-1,0.02499562921866349,0.9998866406468726,0.0,0.5999319843881236,7.0,0.5625,1.25,O9,de-protonated,,0.0,,C16 H20 O9,16.0,20.0,9.0,,,,
325,723,355.1401816345855,355.13982197922775,355.1398412777591,2918780.820175046,81.91652405848734,695829.4058867745,15.70638442992314,-1,-0.05434065433671681,0.9994643424717372,0.0,0.5996786054830423,6.0,0.47058823529411764,1.411764705882353,O8,de-protonated,,0.0,,C17 H24 O8,17.0,24.0,8.0,,,,
326,725,355.17658779085906,355.1762281000196,355.1762267871091,2268937.7228907296,102.11138376425167,666237.0626020421,11.993675536170734,-1,0.0036965044778709067,0.9999975206618493,0.0,0.5999985123971096,5.0,0.3888888888888889,1.5555555555555556,O7,de-protonated,,0.0,,C18 H28 O7,18.0,28.0,7.0,,,,
327,727,357.02557435537324,357.02521286253625,357.02520544610906,1632381.674497302,73.53784324589158,635916.9842819925,8.483526495918099,-1,0.02077283923350028,0.999921705988307,0.0,0.5999530235929842,13.0,0.5294117647058824,0.5882352941176471,O9,de-protonated,,0.0,,C17 H10 O9,17.0,10.0,9.0,,,,
328,728,357.04669279188965,357.0463312784713,357.0463348141691,3253213.1667306055,42.83765699701962,646136.1458254715,17.273558033316117,-1,-0.009902630071066237,0.9999822069222839,0.0,0.5999893241533704,8.0,0.7857142857142857,1.0,O11,de-protonated,,0.0,,C14 H14 O11,14.0,14.0,11.0,,,,
329,729,357.08307212119314,357.08271057232076,357.0827203235191,4702024.35993004,112.23699921681718,601767.0722352131,24.928188286623303,-1,-0.027307953493475368,0.999864698455139,0.0,0.5999188190730834,7.0,0.6666666666666666,1.2,O10,de-protonated,,0.0,,C15 H18 O10,15.0,18.0,10.0,,,,
330,730,357.11945767278274,357.11909608845025,357.1191058328691,3460374.785188121,76.69831214965238,589452.6918395754,18.017165916558703,-1,-0.02728618736317301,0.9998649140420407,0.0,0.5999189484252244,6.0,0.5625,1.375,O9,de-protonated,,0.0,,C16 H22 O9,16.0,22.0,9.0,,,,
331,731,357.15586849924375,357.1555068794266,357.1554913422191,3830174.943659366,97.54601542741023,587089.9033367822,20.341273709345565,-1,0.043502642068899894,0.999656670965173,0.0,0.5997940025791038,5.0,0.47058823529411764,1.5294117647058822,O8,de-protonated,,0.0,,C17 H26 O8,17.0,26.0,8.0,,,,
332,732,357.1922245748175,357.191862919569,357.1918768515691,3891942.552477771,214.060423599047,545522.8133546469,20.65577453451626,-1,-0.03900424662874535,0.9997239945388392,0.0,0.5998343967233035,4.0,0.3888888888888889,1.6666666666666667,O7,de-protonated,,0.0,,C18 H30 O7,18.0,30.0,7.0,,,,
333,734,358.18743195538804,358.18706933025777,358.18712582376907,1695193.2700100457,103.66702694608392,472489.4204178998,8.83933887015783,-1,-0.15772066392629183,0.9954964887047869,0.0,0.5972978932228721,4.0,0.4117647058823529,1.7058823529411764,N1 O7,de-protonated,,0.0,,C17 H29 O7 N1,17.0,29.0,7.0,1.0,,,
334,735,358.198734301823,358.1983716656781,358.19835921305906,3519720.971301352,89.21498141800996,562784.8215117268,18.79009167333415,-1,0.034764589858818695,0.9997807293873328,0.0,0.5998684376323996,4.0,0.375,1.8125,N3 O6,de-protonated,,0.0,,C16 H29 O6 N3,16.0,29.0,6.0,3.0,,,
335,738,359.00479368339336,359.0044302617172,359.0044700012191,1875143.7726405312,130.14347596385088,517669.95546032157,9.82282026412383,-1,-0.1106936131318983,0.9977791651695632,0.0,0.5986674991017379,13.0,0.625,0.5,O10,de-protonated,,0.0,,C16 H8 O10,16.0,8.0,10.0,,,,
336,739,359.0412354114467,359.0408719542571,359.0408555105691,2651505.228002471,86.85585561826075,625942.0303449589,13.90733309949753,-1,0.04579893283192946,0.9996194761320976,0.0,0.5997716856792585,12.0,0.5294117647058824,0.7058823529411765,O9,de-protonated,,0.0,,C17 H12 O9,17.0,12.0,9.0,,,,
337,740,359.06236370329606,359.06200022551656,359.06198487862906,2765815.994579456,179.9489206946683,603120.0911767308,14.403071688325921,-1,0.04274161047527351,0.9996685762593719,0.0,0.5998011457556232,7.0,0.7857142857142857,1.1428571428571428,O11,de-protonated,,0.0,,C14 H16 O11,14.0,16.0,11.0,,,,
338,741,359.0987272957196,359.0983637825029,359.09837038797906,2832769.3422618946,140.23113953249893,532642.7929225991,14.901475538384572,-1,-0.018394614768714925,0.9999386065710215,0.0,0.5999631639426128,6.0,0.6666666666666666,1.3333333333333333,O10,de-protonated,,0.0,,C15 H20 O10,15.0,20.0,10.0,,,,
339,742,359.13510803632784,359.1347444876573,359.13475589732906,2949724.3760585934,121.76974819213585,627228.3463368743,15.586447674561434,-1,-0.03176989014612268,0.9998168759070386,0.0,0.5998901255442232,5.0,0.5625,1.5,O9,de-protonated,,0.0,,C16 H24 O9,16.0,24.0,9.0,,,,
340,743,359.17149872811825,359.1711351439842,359.17114140667906,3688346.5683513377,47.81851006251254,622398.0406161468,19.189880857873174,-1,-0.017436520174890925,0.9999448352718456,0.0,0.5999669011631074,4.0,0.47058823529411764,1.6470588235294117,O8,de-protonated,,0.0,,C17 H28 O8,17.0,28.0,8.0,,,,
341,744,359.2079042761276,359.2075406565156,359.2075269160291,2143539.1063207733,214.33926754525967,562159.469572609,11.403320173668108,-1,0.038252223238650476,0.9997345336125396,0.0,0.5998407201675238,3.0,0.3888888888888889,1.7777777777777777,O7,de-protonated,,0.0,,C18 H32 O7,18.0,32.0,7.0,,,,
342,748,361.02048935075055,361.020123964774,361.02012006567907,5412765.8773481725,199.4182284879733,592580.0010198253,28.385032102270735,-1,0.010800214973591026,0.9999788352066534,0.0,0.599987301123992,12.0,0.625,0.625,O10,de-protonated,,0.0,,C16 H10 O10,16.0,10.0,10.0,,,,
343,750,361.0568635715462,361.0564981501237,361.0565055750291,2647923.9068112406,133.82694131123395,622025.838883282,13.830040523819985,-1,-0.02056438627516438,0.9999232693863026,0.0,0.5999539616317815,11.0,0.5294117647058824,0.8235294117647058,O9,de-protonated,,0.0,,C17 H14 O9,17.0,14.0,9.0,,,,
344,751,361.09321812421473,361.09285266736543,361.0928910843791,2245484.684028271,64.02571094802855,665519.2643999192,11.92171348295371,-1,-0.10639094435961634,0.9979482839769442,0.0,0.5987689703861665,10.0,0.4444444444444444,1.0,O8,de-protonated,,0.0,,C18 H18 O8,18.0,18.0,8.0,,,,
345,753,361.15078877920513,361.15042326625445,361.1504059617891,2515553.8131572823,104.11623999118295,610497.683013051,13.55818387833345,-1,0.04791484399198843,0.9995835110053809,0.0,0.5997501066032285,4.0,0.5625,1.625,O9,de-protonated,,0.0,,C16 H26 O9,16.0,26.0,9.0,,,,
346,754,361.18716609237197,361.18680054397237,361.1867914711391,1785170.1600646246,123.31322622967136,529108.3157158841,9.300429062992839,-1,0.02511950462634305,0.9998855143358331,0.0,0.5999313086014998,3.0,0.47058823529411764,1.7647058823529411,O8,de-protonated,,0.0,,C17 H30 O8,17.0,30.0,8.0,,,,
347,756,362.1460129640411,362.1456464812771,362.1456549339891,2455543.6067608395,139.4455275149639,493817.7517395075,13.021133740436026,-1,-0.023340641755796886,0.9999011542618189,0.0,0.5999406925570914,4.0,0.6,1.6666666666666667,N1 O9,de-protonated,,0.0,,C15 H25 O9 N1,15.0,25.0,9.0,1.0,,,
348,759,362.9997317357498,362.99936442108174,362.99938462078904,1855953.677413707,141.2227240762659,548179.211587799,9.66023932907796,-1,-0.05564667094081372,0.9994382925266442,0.0,0.5996629755159865,12.0,0.7333333333333333,0.5333333333333333,O11,de-protonated,,0.0,,C15 H8 O11,15.0,8.0,11.0,,,,
349,760,363.03614562802545,363.03577827787433,363.03577013013904,5735240.199353083,108.7993437807744,630463.5906286907,30.138773991781925,-1,0.02244334017977342,0.9999086078348097,0.0,0.5999451647008858,11.0,0.625,0.75,O10,de-protonated,,0.0,,C16 H12 O10,16.0,12.0,10.0,,,,
350,761,363.0725131029435,363.0721457173546,363.0721556394891,4633878.602526276,176.45815827783895,609194.7954483344,24.088630999091354,-1,-0.02732827164308072,0.9998644970549567,0.0,0.5999186982329741,10.0,0.5294117647058824,0.9411764705882353,O9,de-protonated,,0.0,,C17 H16 O9,17.0,16.0,9.0,,,,
351,763,363.1088939665237,363.1085265454839,363.10854114883904,3828452.9751865556,168.21295107191617,580996.3721891177,19.986793965720963,-1,-0.040217602884325444,0.9997065578720878,0.0,0.5998239347232527,9.0,0.4444444444444444,1.1111111111111112,O8,de-protonated,,0.0,,C18 H20 O8,18.0,20.0,8.0,,,,
352,765,363.14526449527614,363.14489703879565,363.1449266581891,1773289.5801513921,82.32364510930407,614424.9776566048,9.380386899900644,-1,-0.08156356118522973,0.9987936200980398,0.0,0.5992761720588239,8.0,0.3684210526315789,1.263157894736842,O7,de-protonated,,0.0,,C19 H24 O7,19.0,24.0,7.0,,,,
353,771,365.01540462597467,365.01503534720183,365.0150346852491,5368278.8894389905,91.3860304903379,598145.9315953174,28.26243008567877,-1,0.0018134944893845402,0.9999994032585858,0.0,0.5999996419551514,11.0,0.7333333333333333,0.6666666666666666,O11,de-protonated,,0.0,,C15 H10 O11,15.0,10.0,11.0,,,,
354,772,365.0336091189779,365.03323982246667,365.0332820073391,1717862.1605718492,61.4307491918624,550467.7469463722,8.941951427522847,-1,-0.11556445537038479,0.9975796605408337,0.0,0.5985477963245002,15.0,0.2777777777777778,0.6111111111111112,N2 P1 O5,de-protonated,,0.0,,C18 H11 O5 N2 P1,18.0,11.0,5.0,2.0,1.0,,
355,773,365.051804806316,365.051435492075,365.0514201945991,7194813.740240422,62.882788440329186,610534.6524729453,37.45225080761581,-1,0.04190498941057161,0.9996814217581529,0.0,0.5998088530548917,10.0,0.625,0.875,O10,de-protonated,,0.0,,C16 H14 O10,16.0,14.0,10.0,,,,
356,774,365.0881827765193,365.0878134268319,365.0878057039491,4897533.856047059,104.90769708624525,599857.0814791748,25.727766655701352,-1,0.02115349425093202,0.9999188103945041,0.0,0.5999512862367025,9.0,0.5294117647058824,1.0588235294117647,O9,de-protonated,,0.0,,C17 H18 O9,17.0,18.0,9.0,,,,
357,776,365.12454330968876,365.12417392457183,365.12419121329907,4503661.949042598,158.3928657611217,589474.6990132832,23.624875545026086,-1,-0.04735026506504328,0.9995932661466678,0.0,0.5997559596880007,8.0,0.4444444444444444,1.2222222222222223,O8,de-protonated,,0.0,,C18 H22 O8,18.0,22.0,8.0,,,,
358,778,365.16097155525233,365.16060213464004,365.16057672264907,1630149.6963833747,38.92034707060945,569012.0734936418,8.66476425957579,-1,0.06959127735960464,0.9991216398157177,0.0,0.5994729838894306,7.0,0.3684210526315789,1.368421052631579,O7,de-protonated,,0.0,,C19 H26 O7,19.0,26.0,7.0,,,,
359,781,367.0310354229067,367.03066418015743,367.0306847497091,6405913.868831536,58.21525055182633,582744.0083789676,34.403191960198185,-1,-0.056043138991920594,0.9994302622627707,0.0,0.5996581573576624,10.0,0.7333333333333333,0.8,O11,de-protonated,,0.0,,C15 H12 O11,15.0,12.0,11.0,,,,
360,782,367.06743754484876,367.0670662666311,367.0670702590591,6461755.997763033,76.87897740351201,591355.228911249,33.774190309856785,-1,-0.010876562664538902,0.9999785349205734,0.0,0.5999871209523441,9.0,0.625,1.0,O10,de-protonated,,0.0,,C16 H16 O10,16.0,16.0,10.0,,,,
361,783,367.10383047477467,367.1034591610975,367.1034557684091,6103376.9470061725,40.67767647042118,600196.9717571321,32.238999841226935,-1,0.009241777261778108,0.9999845025066899,0.0,0.5999907015040139,8.0,0.5294117647058824,1.1764705882352942,O9,de-protonated,,0.0,,C17 H20 O9,17.0,20.0,9.0,,,,
362,784,367.1402250876937,367.1398537385555,367.1398412777591,3785112.4454984916,230.81426908935907,506500.41393245576,19.78689937345145,-1,0.03394019109035805,0.9997910044650427,0.0,0.5998746026790256,7.0,0.4444444444444444,1.3333333333333333,O8,de-protonated,,0.0,,C18 H24 O8,18.0,24.0,8.0,,,,
363,790,369.0467120834949,369.04633887681206,369.0463348141691,5840108.614286639,121.40447316586032,607221.4688884278,30.86372504641269,-1,0.011008490232814826,0.9999780110457224,0.0,0.5999868066274334,9.0,0.7333333333333333,0.9333333333333333,O11,de-protonated,,0.0,,C15 H14 O11,15.0,14.0,11.0,,,,
364,791,369.0831101991533,369.08273695700746,369.0827203235191,6855530.808362964,85.96907281575854,572647.786737496,36.13028123740677,-1,0.0450671013722167,0.9996315377011161,0.0,0.5997789226206697,8.0,0.625,1.125,O10,de-protonated,,0.0,,C16 H18 O10,16.0,18.0,10.0,,,,
365,792,369.1194598656139,369.11908658805237,369.1191058328691,5800106.296313487,156.28071282837863,582633.3404981826,30.20274026130817,-1,-0.05213714600128295,0.9995068929205948,0.0,0.5997041357523568,7.0,0.5294117647058824,1.2941176470588236,O9,de-protonated,,0.0,,C17 H22 O9,17.0,22.0,9.0,,,,
366,793,369.1558887033653,369.15551539031094,369.1554913422191,3306617.8221091004,91.1996147653388,552080.9200025277,17.209591763789874,-1,0.065143530092831,0.9992302863089261,0.0,0.5995381717853556,6.0,0.4444444444444444,1.4444444444444444,O8,de-protonated,,0.0,,C18 H26 O8,18.0,26.0,8.0,,,,
367,794,369.19224409937993,369.1918707509043,369.1918768515691,1927145.9253501578,85.95665039624383,574580.0196217127,10.28391045695884,-1,-0.016524374379918043,0.9999504557656331,0.0,0.5999702734593798,5.0,0.3684210526315789,1.5789473684210527,O7,de-protonated,,0.0,,C19 H30 O7,19.0,30.0,7.0,,,,
368,798,371.00479327377167,371.0044181593559,371.0044700012191,1568253.4005989293,183.7644348156039,488020.9890801121,8.183018292206265,-1,-0.1397337966913824,0.9964633861204403,0.0,0.5978780316722642,14.0,0.5882352941176471,0.47058823529411764,O10,de-protonated,,0.0,,C17 H8 O10,17.0,8.0,10.0,,,,
369,799,371.0623576934934,371.06198252299464,371.06198487862906,4851991.942494966,79.68196789330452,585752.3473611369,25.407935308070133,-1,-0.006348358273664994,0.9999926873447862,0.0,0.5999956124068717,8.0,0.7333333333333333,1.0666666666666667,O11,de-protonated,,0.0,,C15 H16 O11,15.0,16.0,11.0,,,,
370,800,371.0775945040197,371.07721931867627,371.0772410199191,1779361.1207295696,76.17053477080759,539081.0913480849,9.275109081305366,-1,-0.05848174023163164,0.9993796173354091,0.0,0.5996277704012455,12.0,0.42105263157894735,0.8421052631578947,O8,de-protonated,,0.0,,C19 H16 O8,19.0,16.0,8.0,,,,
371,801,371.09873665719107,371.0983614512496,371.09837038797906,4878857.050474623,46.87953256813132,601052.1442161343,25.97830121134581,-1,-0.024081834243122095,0.999894777139501,0.0,0.5999368662837006,7.0,0.625,1.25,O10,de-protonated,,0.0,,C16 H20 O10,16.0,20.0,10.0,,,,
372,802,371.1351215497092,371.1347463083192,371.13475589732906,4440812.786385448,166.2309480663917,559165.0249945665,23.5369219244275,-1,-0.025837003090345007,0.9998788811327152,0.0,0.5999273286796291,6.0,0.5294117647058824,1.411764705882353,O9,de-protonated,,0.0,,C17 H24 O9,17.0,24.0,9.0,,,,
373,804,371.1715412584673,371.171165981595,371.17114140667906,4381211.531144037,178.022409915561,527867.6734509341,22.833292959638815,-1,0.06620912346010575,0.999204909076254,0.0,0.5995229454457524,5.0,0.4444444444444444,1.5555555555555556,O8,de-protonated,,0.0,,C18 H28 O8,18.0,28.0,8.0,,,,
374,805,371.20793550216047,371.20756018983064,371.2075269160291,2450160.7624835796,133.64892923716684,561403.6831485374,12.875877003386847,-1,0.0896366563764011,0.9985431709736176,0.0,0.5991259025841705,4.0,0.3684210526315789,1.6842105263157894,O7,de-protonated,,0.0,,C19 H32 O7,19.0,32.0,7.0,,,,
375,808,372.21441260081536,372.2140363079246,372.2140092775191,1706738.6068649602,97.48009397802802,662296.2433354327,9.043231354272733,-1,0.07262060213436673,0.9990435423515792,0.0,0.5994261254109475,4.0,0.35294117647058826,1.8235294117647058,N3 O6,de-protonated,,0.0,,C17 H31 O6 N3,17.0,31.0,6.0,3.0,,,
376,812,373.020486835208,373.02010975701455,373.02012006567907,2663820.846201042,132.1135529051811,624484.2381698668,13.92065940564883,-1,-0.02763567957728048,0.9998614316537197,0.0,0.5999168589922318,13.0,0.5882352941176471,0.5882352941176471,O10,de-protonated,,0.0,,C17 H10 O10,17.0,10.0,10.0,,,,
377,814,373.0416170348897,373.0412399361108,373.0412494337391,1993548.227897292,115.17830575630136,535413.0070630092,10.454487175695489,-1,-0.025459994873131796,0.9998823898207165,0.0,0.5999294338924299,8.0,0.8571428571428571,1.0,O12,de-protonated,,0.0,,C14 H14 O12,14.0,14.0,12.0,,,,
378,815,373.05680112388956,373.056424010318,373.0565055750291,2526348.0077254437,222.3112348418728,531445.3241769886,13.198373612248327,-1,-0.21863902631143634,0.9913637129660673,0.0,0.5948182277796403,12.0,0.5,0.7777777777777778,O9,de-protonated,,0.0,,C18 H14 O9,18.0,14.0,9.0,,,,
379,816,373.07802684679507,373.0776497125449,373.0776349430891,2577758.060407771,52.58814309062139,625197.3500047087,13.592832274326831,-1,0.039588156471529114,0.9997156700322715,0.0,0.5998294020193629,7.0,0.7333333333333333,1.2,O11,de-protonated,,0.0,,C15 H18 O11,15.0,18.0,11.0,,,,
380,817,373.11441087821305,373.1140337085168,373.1140204524391,3006980.750670964,102.95373544909052,555662.4835387301,15.968912661103767,-1,0.035528221848213894,0.9997709917969125,0.0,0.5998625950781475,6.0,0.625,1.375,O10,de-protonated,,0.0,,C16 H22 O10,16.0,22.0,10.0,,,,
381,818,373.1507754433587,373.15039823823537,373.1504059617891,3322803.2075291346,126.68757655689522,525073.8002407933,17.294880123158197,-1,-0.020698232129774462,0.9999222673533721,0.0,0.5999533604120232,5.0,0.5294117647058824,1.5294117647058822,O9,de-protonated,,0.0,,C17 H26 O9,17.0,26.0,9.0,,,,
382,819,373.18717114703594,373.1867939064552,373.1867914711391,3174245.8608509186,58.51301975354681,576213.8944057801,16.82046362417189,-1,0.006525729636947098,0.9999922730108204,0.0,0.5999953638064922,4.0,0.4444444444444444,1.6666666666666667,O8,de-protonated,,0.0,,C18 H30 O8,18.0,30.0,8.0,,,,
383,823,375.036131809495,375.03575276765866,375.03577013013904,4509823.021334985,185.0477615083161,601370.2855033221,23.5235956182762,-1,-0.04629553168180332,0.9996111809490902,0.0,0.5997667085694541,12.0,0.5882352941176471,0.7058823529411765,O10,de-protonated,,0.0,,C17 H12 O10,17.0,12.0,10.0,,,,
384,824,375.07252257234813,375.07214349506074,375.0721556394891,2745847.5649582045,119.53231747618386,625461.21464431,14.693585162424279,-1,-0.03237891208670529,0.9998097883879362,0.0,0.5998858730327618,11.0,0.5,0.8888888888888888,O9,de-protonated,,0.0,,C18 H16 O9,18.0,16.0,9.0,,,,
385,826,375.0936456577577,375.09326655989264,375.09328500754907,1883192.3256257672,86.74259768377101,546522.840720947,9.857468660117213,-1,-0.04918151608506451,0.9995612043109707,0.0,0.5997367225865824,6.0,0.7333333333333333,1.3333333333333333,O11,de-protonated,,0.0,,C15 H20 O11,15.0,20.0,11.0,,,,
386,827,375.1089694398997,375.1085903271065,375.10854114883904,2541080.0757300295,129.67062563064283,568491.2301920716,13.24634831439301,-1,0.13110409946384288,0.9968860666644411,0.0,0.5981316399986647,10.0,0.42105263157894735,1.0526315789473684,O8,de-protonated,,0.0,,C19 H20 O8,19.0,20.0,8.0,,,,
387,828,375.145372855329,375.1449937070725,375.1449266581891,1619193.1438463007,136.57316925385695,534949.9063225479,8.523505414372002,-1,0.17872794923868646,0.9942206264626171,0.0,0.5965323758775702,9.0,0.35,1.2,O7,de-protonated,,0.0,,C20 H24 O7,20.0,24.0,7.0,,,,
388,829,375.1664192305789,375.1660400618195,375.1660560262491,1728627.689656045,69.84326512103664,539021.3131724186,9.025907156276043,-1,-0.04255296918626499,0.9996714948198122,0.0,0.5998028968918873,4.0,0.5294117647058824,1.6470588235294117,O9,de-protonated,,0.0,,C17 H28 O9,17.0,28.0,9.0,,,,
389,835,377.0154066392581,377.0150256692959,377.0150346852491,4250528.497737461,129.95271614844927,631712.8067426628,22.39885537910641,-1,-0.02391404152885912,0.9998962382580878,0.0,0.5999377429548527,12.0,0.6875,0.625,O11,de-protonated,,0.0,,C16 H10 O11,16.0,10.0,11.0,,,,
390,836,377.0518024625168,377.05142145710005,377.0514201945991,6151992.441919169,92.80907632731363,556914.7636633398,32.71341634021324,-1,0.0033483522551025708,0.999997965696868,0.0,0.5999987794181209,11.0,0.5882352941176471,0.8235294117647058,O10,de-protonated,,0.0,,C17 H14 O10,17.0,14.0,10.0,,,,
391,837,377.0881686417658,377.08778760092343,377.0878057039491,3387871.317352623,111.86462497360493,545042.3468097082,17.79061871198659,-1,-0.04800745440373915,0.9995818997961062,0.0,0.5997491398776638,10.0,0.5,1.0,O9,de-protonated,,0.0,,C18 H18 O9,18.0,18.0,9.0,,,,
392,839,377.12454604293913,377.1241649666603,377.12419121329907,3077654.1499856305,112.05246372446781,550108.6232345464,16.039542083705662,-1,-0.06959680488675211,0.9991215003379144,0.0,0.5994729002027486,9.0,0.42105263157894735,1.1578947368421053,O8,de-protonated,,0.0,,C19 H22 O8,19.0,22.0,8.0,,,,
393,843,378.14098593066245,378.140603864246,378.1405695535591,1590274.1639082183,79.35906551418007,600084.017202936,8.455541253000368,-1,0.09073527055276616,0.998507268281883,0.0,0.5991043609691298,4.0,0.6666666666666666,1.6666666666666667,N1 O10,de-protonated,,0.0,,C15 H25 O10 N1,15.0,25.0,10.0,1.0,,,
394,847,379.03107017627366,379.0306872428238,379.0306847497091,7968318.630499307,97.47873461753166,603395.6740002263,41.54609205729542,-1,0.006577606416469025,0.999992149670426,0.0,0.5999952898022556,11.0,0.6875,0.75,O11,de-protonated,,0.0,,C16 H12 O11,16.0,12.0,11.0,,,,
395,848,379.0674406012601,379.06705763238205,379.0670702590591,5933732.934771759,101.1313284879875,568987.7548823515,31.05562385499142,-1,-0.03330987588427274,0.9997986942683065,0.0,0.5998792165609839,10.0,0.5882352941176471,0.9411764705882353,O10,de-protonated,,0.0,,C17 H16 O10,17.0,16.0,10.0,,,,
396,849,379.1038414118901,379.1034584075543,379.1034557684091,5385843.772104542,128.236550757794,570454.5369662194,28.491642551481142,-1,0.006961543450926243,0.9999912064751527,0.0,0.5999947238850916,9.0,0.5,1.1111111111111112,O9,de-protonated,,0.0,,C18 H20 O9,18.0,20.0,9.0,,,,
397,851,379.1402413415655,379.13985830177285,379.1398412777591,3369052.8069390208,145.89332063522193,556428.215692761,17.556075723723694,-1,0.04490167450147272,0.9996342372564269,0.0,0.5997805423538561,8.0,0.42105263157894735,1.263157894736842,O8,de-protonated,,0.0,,C19 H24 O8,19.0,24.0,8.0,,,,
398,859,381.0103134667153,381.00992860534035,381.0099493048191,2943020.131354086,175.4230296980378,546816.476371213,15.593110827637084,-1,-0.054327921821540455,0.999464593394099,0.0,0.5996787560364594,11.0,0.8,0.6666666666666666,O12,de-protonated,,0.0,,C15 H10 O12,15.0,10.0,12.0,,,,
399,860,381.0467137692955,381.04632887246487,381.0463348141691,8291985.359911567,80.17492420194505,564948.1132129715,44.44589627581848,-1,-0.015593127852906495,0.9999558825169271,0.0,0.5999735295101563,10.0,0.6875,0.875,O11,de-protonated,,0.0,,C16 H14 O11,16.0,14.0,11.0,,,,
400,861,381.08311413059494,381.0827291983085,381.0827203235191,6580507.47089536,71.88424585436111,571756.4268022578,35.38933861539444,-1,0.023288354392573735,0.9999015966095474,0.0,0.5999409579657284,9.0,0.5882352941176471,1.0588235294117647,O10,de-protonated,,0.0,,C17 H18 O10,17.0,18.0,10.0,,,,
401,862,381.11948896983705,381.1191040021198,381.1191058328691,4785079.418894363,83.101838992687,561603.9856002976,25.402604785609615,-1,-0.0048036145543683415,0.9999958131324428,0.0,0.5999974878794656,8.0,0.5,1.2222222222222223,O9,de-protonated,,0.0,,C18 H22 O9,18.0,22.0,9.0,,,,
402,865,381.1558634186103,381.1554784154626,381.1554913422191,3663619.265060818,69.86700399897546,590708.7878552199,19.152567200649532,-1,-0.033914653669269365,0.9997913188205116,0.0,0.5998747912923069,7.0,0.42105263157894735,1.368421052631579,O8,de-protonated,,0.0,,C19 H26 O8,19.0,26.0,8.0,,,,
403,867,381.192326123553,381.1919410848889,381.1918768515691,1582229.2922219275,90.8358779090132,551480.7779252363,8.534166459293042,-1,0.16850652846433545,0.9948611138113069,0.0,0.5969166682867841,6.0,0.35,1.5,O7,de-protonated,,0.0,,C20 H30 O7,20.0,30.0,7.0,,,,
404,873,383.02598355825853,383.0255967335629,383.02559936927906,4038471.447588294,68.87196951849783,610021.2811183691,21.002258494450086,-1,-0.00688130548367759,0.9999914080124593,0.0,0.5999948448074756,10.0,0.8,0.8,O12,de-protonated,,0.0,,C15 H12 O12,15.0,12.0,12.0,,,,
405,874,383.0623673176242,383.0619804574905,383.06198487862906,7872420.259392591,151.11284098461698,544039.3487446574,41.8819149723082,-1,-0.011541574810927678,0.9999758298847286,0.0,0.5999854979308371,9.0,0.6875,1.0,O11,de-protonated,,0.0,,C16 H16 O11,16.0,16.0,11.0,,,,
406,875,383.0987751709369,383.0983882753418,383.09837038797906,6358305.396776614,177.86331697214578,583733.2721655833,33.59295254619909,-1,0.046691304670512614,0.9996045059516097,0.0,0.5997627035709657,8.0,0.5882352941176471,1.1764705882352942,O10,de-protonated,,0.0,,C17 H20 O10,17.0,20.0,10.0,,,,
407,876,383.1351344358261,383.13474750481686,383.13475589732906,4868327.762317559,152.6208978184269,600564.5278545264,25.63714777387251,-1,-0.02190485741813203,0.9999129405770688,0.0,0.5999477643462413,7.0,0.5,1.3333333333333333,O9,de-protonated,,0.0,,C18 H24 O9,18.0,24.0,9.0,,,,
408,877,383.1714802735135,383.1710933071033,383.17114140667906,3151236.3715483933,108.23118352654605,560355.6343063172,16.38069552117896,-1,-0.12553026712587018,0.997144842923666,0.0,0.5982869057541996,6.0,0.42105263157894735,1.4736842105263157,O8,de-protonated,,0.0,,C19 H28 O8,19.0,28.0,8.0,,,,
409,883,385.02047160100193,385.0200828337036,385.02012006567907,1721049.7310209612,78.86631417483557,661022.714920581,9.096536578877936,-1,-0.0967013761471392,0.9983046836762702,0.0,0.5989828102057622,14.0,0.5555555555555556,0.5555555555555556,O10,de-protonated,,0.0,,C18 H10 O10,18.0,10.0,10.0,,,,
410,884,385.0416181505471,385.0412293626528,385.0412494337391,4561591.13470513,102.11290872705538,564221.0460457992,23.75813860653909,-1,-0.05212710667308151,0.9995070827571086,0.0,0.5997042496542652,9.0,0.8,0.9333333333333333,O12,de-protonated,,0.0,,C15 H14 O12,15.0,14.0,12.0,,,,
411,885,385.0568579008035,385.05646909806626,385.0565055750291,2213405.5040842295,162.0317097937052,526810.2024792116,11.711157845763156,-1,-0.09473145456229717,0.9983729957006621,0.0,0.5990237974203972,13.0,0.47368421052631576,0.7368421052631579,O9,de-protonated,,0.0,,C19 H14 O9,19.0,14.0,9.0,,,,
412,886,385.0780230244867,385.0776342011354,385.0776349430891,6578220.654752902,153.00859223168456,537955.1079078505,34.78165905489513,-1,-0.0019267638593651157,0.9999993263866818,0.0,0.599999595832009,8.0,0.6875,1.125,O11,de-protonated,,0.0,,C16 H18 O11,16.0,18.0,11.0,,,,
413,887,385.1144200901616,385.1140312313609,385.1140204524391,4806260.765848718,191.01686927016405,533791.8274246362,25.33330799362285,-1,0.027988910417872694,0.9998578669921167,0.0,0.5999147201952699,7.0,0.5882352941176471,1.2941176470588236,O10,de-protonated,,0.0,,C17 H22 O10,17.0,22.0,10.0,,,,
414,888,385.1507743265721,385.1503854323638,385.1504059617891,3696251.5795790856,139.7011400718307,620247.1192800134,19.488390115662312,-1,-0.05330235920123375,0.9994846114661714,0.0,0.5996907668797028,6.0,0.5,1.4444444444444444,O9,de-protonated,,0.0,,C18 H26 O9,18.0,26.0,9.0,,,,
415,889,385.18718597063406,385.18679704096223,385.1867914711391,4100281.368583349,156.45966411683287,546007.5670704299,21.375395066686508,-1,0.014460057479259353,0.9999620610219396,0.0,0.5999772366131637,5.0,0.42105263157894735,1.5789473684210527,O8,de-protonated,,0.0,,C19 H30 O8,19.0,30.0,8.0,,,,
416,893,386.99976529491556,386.9993745998983,386.99938462078904,2115319.847600345,102.5779504381161,606795.8336885732,11.419311741049668,-1,-0.025893815662810047,0.999878347926854,0.0,0.5999270087561124,14.0,0.6470588235294118,0.47058823529411764,O11,de-protonated,,0.0,,C17 H8 O11,17.0,8.0,11.0,,,,
417,894,387.03616496057555,387.03577423010785,387.03577013013904,3740913.4139894494,93.55399051602114,556095.634782893,19.842869859286914,-1,0.010593255512198039,0.9999796385687522,0.0,0.5999877831412512,13.0,0.5555555555555556,0.6666666666666666,O10,de-protonated,,0.0,,C18 H12 O10,18.0,12.0,10.0,,,,
418,895,387.05726936328807,387.05687861226636,387.05689949819913,3691848.222967293,87.22953049842302,577388.2539781008,19.579008997491158,-1,-0.05396088481311276,0.999471801418233,0.0,0.5996830808509398,8.0,0.8,1.0666666666666667,O12,de-protonated,,0.0,,C15 H16 O12,15.0,16.0,12.0,,,,
419,896,387.0725949472272,387.0722041812796,387.0721556394891,1790895.139329807,62.20125056154312,623430.4220644487,9.335077458986222,-1,0.1254076010628507,0.9971504122660741,0.0,0.5982902473596444,12.0,0.47368421052631576,0.8421052631578947,O9,de-protonated,,0.0,,C19 H16 O9,19.0,16.0,9.0,,,,
420,898,387.093679896222,387.0932891097394,387.09328500754907,3925201.855671744,114.603717944831,570676.4199733385,20.573151436378197,-1,0.01059742047171241,0.9999796225547245,0.0,0.5999877735328347,7.0,0.6875,1.25,O11,de-protonated,,0.0,,C16 H20 O11,16.0,20.0,11.0,,,,
421,900,387.1300882622258,387.12969744028436,387.12967051689907,3538505.951088324,157.03535421547576,580712.1370067815,18.47026032570293,-1,0.06954616848643413,0.9991227776485103,0.0,0.5994736665891062,6.0,0.5882352941176471,1.411764705882353,O10,de-protonated,,0.0,,C17 H24 O10,17.0,24.0,10.0,,,,
422,901,387.1664442157684,387.1660533584193,387.1660560262491,3095596.615180823,100.57285185251375,541326.2160834295,16.383360782409223,-1,-0.006890660493835377,0.9999913846353776,0.0,0.5999948307812265,5.0,0.5,1.5555555555555556,O9,de-protonated,,0.0,,C18 H28 O9,18.0,28.0,9.0,,,,
423,902,387.20281566425274,387.20242477148076,387.2024415355991,3856549.9369091927,98.27629911512729,550791.9830133845,20.62379139975314,-1,-0.04329548721366587,0.99965993241639,0.0,0.599795959449834,4.0,0.42105263157894735,1.6842105263157894,O8,de-protonated,,0.0,,C19 H32 O8,19.0,32.0,8.0,,,,
424,903,387.2392066028089,387.2388156745952,387.2388270449491,1624795.385070906,58.06390314073818,552630.2695667278,8.587471683898245,-1,-0.029362639155434554,0.9998435736057908,0.0,0.5999061441634744,3.0,0.35,1.8,O7,de-protonated,,0.0,,C20 H36 O7,20.0,36.0,7.0,,,,
425,906,389.01543275858165,389.0150401005061,389.0150346852491,3957762.474180935,66.6296283285674,564395.6534691368,21.27944566239714,-1,0.013920431188089548,0.9999648397812098,0.0,0.5999789038687259,13.0,0.6470588235294118,0.5882352941176471,O11,de-protonated,,0.0,,C17 H10 O11,17.0,10.0,11.0,,,,
426,907,389.05177518643285,389.0513824929642,389.0514201945991,4844458.676267346,120.52278834932889,577385.1123190549,25.21870176072166,-1,-0.0969065602224167,0.9982974878249908,0.0,0.5989784926949945,12.0,0.5555555555555556,0.7777777777777778,O10,de-protonated,,0.0,,C18 H14 O10,18.0,14.0,10.0,,,,
427,908,389.0729722332855,389.07257951917353,389.0725495626591,2231712.382456189,101.39373336924186,569054.4542601216,11.791115682670961,-1,0.07699467479338902,0.9989249178518229,0.0,0.5993549507110937,7.0,0.8,1.2,O12,de-protonated,,0.0,,C15 H18 O12,15.0,18.0,12.0,,,,
428,909,389.08818718499805,389.0877944560686,389.0878057039491,2511869.16295096,184.13234830222666,491734.95710805507,13.067775811965578,-1,-0.028908334608711603,0.9998483763149746,0.0,0.5999090257889848,11.0,0.47368421052631576,0.9473684210526315,O9,de-protonated,,0.0,,C19 H18 O9,19.0,18.0,9.0,,,,
429,911,389.12456153660315,389.1241687722496,389.12419121329907,2214490.198407232,79.60286764042488,588920.0386969743,11.808439880667652,-1,-0.057670661344672663,0.9993967009324145,0.0,0.5996380205594487,10.0,0.4,1.1,O8,de-protonated,,0.0,,C20 H22 O8,20.0,22.0,8.0,,,,
430,912,389.1821269965639,389.1817341761487,389.1817060907091,1625605.5834211723,174.17428432038366,539160.9018182862,8.66609689019092,-1,0.0721653643637383,0.9990554906373063,0.0,0.5994332943823837,4.0,0.5,1.6666666666666667,O9,de-protonated,,0.0,,C18 H30 O9,18.0,30.0,9.0,,,,
431,914,391.03106112222247,391.03066650121417,391.0306847497091,6749397.140616102,69.1207504213103,588466.2916426107,35.405330182776005,-1,-0.04666768018684827,0.9996049059889824,0.0,0.5997629435933894,12.0,0.6470588235294118,0.7058823529411765,O11,de-protonated,,0.0,,C17 H12 O11,17.0,12.0,11.0,,,,
432,915,391.06746354808234,391.06706889162405,391.0670702590591,4793295.146327852,115.68388177220886,544267.9958257268,25.711775088319794,-1,-0.003496676568236225,0.9999977814752757,0.0,0.5999986688851654,11.0,0.5555555555555556,0.8888888888888888,O10,de-protonated,,0.0,,C18 H16 O10,18.0,16.0,10.0,,,,
433,916,391.10385678989945,391.10346209800025,391.1034557684091,3563521.181817258,159.41617504566665,549975.0141641626,18.58753181983438,-1,0.016183930495099974,0.9999524761608165,0.0,0.5999714856964898,10.0,0.47368421052631576,1.0526315789473684,O9,de-protonated,,0.0,,C19 H20 O9,19.0,20.0,9.0,,,,
434,918,391.14025389502643,391.1398591676826,391.1398412777591,2791186.772421516,148.6203032564057,531531.1243115272,14.87482292608197,-1,0.045737921791081756,0.9996204890941514,0.0,0.5997722934564907,9.0,0.4,1.2,O8,de-protonated,,0.0,,C20 H24 O8,20.0,24.0,8.0,,,,
435,920,391.18960440795445,391.1892096325514,391.1891139466791,1638988.1161174506,62.80437684774413,443719.61740524723,8.65676847588501,-1,0.2446025948244515,0.989202562545432,0.0,0.5935215375272592,3.0,0.3888888888888889,1.8333333333333333,P1 O7,de-protonated,,0.0,,C18 H33 O7 P1,18.0,33.0,7.0,,1.0,,
436,923,393.01030969210063,393.0099131436734,393.0099493048191,3934347.1227347967,214.84128992586963,561868.5163675509,20.498524121930913,-1,-0.0920107640508982,0.9984650381842125,0.0,0.5990790229105275,12.0,0.75,0.625,O12,de-protonated,,0.0,,C16 H10 O12,16.0,10.0,12.0,,,,
437,924,393.0467575576391,393.04636097371923,393.0463348141691,8004587.690710315,122.12171864969072,562079.0560259055,41.631380416663745,-1,0.06655589386933086,0.9991965620407498,0.0,0.5995179372244499,11.0,0.6470588235294118,0.8235294117647058,O11,de-protonated,,0.0,,C17 H14 O11,17.0,14.0,11.0,,,,
438,925,393.0830931076242,393.0826964883211,393.0827203235191,4995253.87234553,127.90058707864112,552150.9182196548,25.99695803995763,-1,-0.06063659563833069,0.9993330725584341,0.0,0.5995998435350605,10.0,0.5555555555555556,1.0,O10,de-protonated,,0.0,,C18 H18 O10,18.0,18.0,10.0,,,,
439,926,393.1194961767151,393.119099521963,393.1191058328691,4612415.449965817,124.84159134896949,545199.4914863589,24.786929441419517,-1,-0.01605341992758604,0.9999532395365889,0.0,0.5999719437219533,9.0,0.47368421052631576,1.1578947368421053,O9,de-protonated,,0.0,,C19 H22 O9,19.0,22.0,9.0,,,,
440,928,393.15590706816926,393.15551037796064,393.155491342219,2639967.671821949,125.67141381865005,579707.6439388607,13.766074254293741,-1,0.048417844936854484,0.999574722531097,0.0,0.5997448335186581,8.0,0.4,1.3,O8,de-protonated,,0.0,,C20 H26 O8,20.0,26.0,8.0,,,,
441,930,393.2779514579789,393.27755464892493,393.2775350298391,1863232.802757129,144.38795940664107,516484.1015138529,9.816157111048181,-1,0.04988610862750426,0.9995485444113534,0.0,0.599729126646812,0.0,0.25,2.15,P1 O5,de-protonated,,0.0,,C20 H43 O5 P1,20.0,43.0,5.0,,1.0,,
442,931,395.02599141218815,395.0255929009495,395.02559936927906,6153791.841841266,77.08853800920471,541917.9973626954,32.49486491933191,-1,-0.016374456666635413,0.9999513506479399,0.0,0.599970810388764,11.0,0.75,0.75,O12,de-protonated,,0.0,,C16 H12 O12,16.0,12.0,12.0,,,,
443,932,395.06238443125943,395.0619858845832,395.06198487862906,7771893.406120771,129.59823485849833,563476.410436549,40.506640177493956,-1,0.002546319708630751,0.9999988235338503,0.0,0.5999992941203102,10.0,0.6470588235294118,0.9411764705882353,O11,de-protonated,,0.0,,C17 H16 O11,17.0,16.0,11.0,,,,
444,933,395.0987653251572,395.0983667430551,395.09837038797906,6567610.585156464,166.08542978998636,545112.788790507,34.33389516821142,-1,-0.009225358060649252,0.9999845575239127,0.0,0.5999907345143476,9.0,0.5555555555555556,1.1111111111111112,O10,de-protonated,,0.0,,C18 H20 O10,18.0,20.0,10.0,,,,
445,934,395.1351748506513,395.1347762330956,395.13475589732906,5577930.117433806,148.60722815450384,548062.4582071522,29.960201489354493,-1,0.05146539558435694,0.999519514703854,0.0,0.5997117088223124,8.0,0.47368421052631576,1.263157894736842,O9,de-protonated,,0.0,,C19 H24 O9,19.0,24.0,9.0,,,,
446,936,395.1716017548062,395.1712031017799,395.17114140667906,2505593.120898186,156.08136285126622,570001.6725890149,13.07044107319584,-1,0.15612248561478567,0.99558709350556,0.0,0.597352256103336,7.0,0.4,1.4,O8,de-protonated,,0.0,,C20 H28 O8,20.0,28.0,8.0,,,,
447,937,395.1845145624857,395.1841158968856,395.1840285662491,2377487.162129177,104.39598922124372,547796.1778514801,12.701302392804807,-1,0.22098726214905803,0.9911780302254402,0.0,0.594706818135264,2.0,0.47058823529411764,1.9411764705882353,P1 O8,de-protonated,,0.0,,C17 H33 O8 P1,17.0,33.0,8.0,,1.0,,
448,941,397.04163562223175,397.0412351483057,397.0412494337391,7536772.498438773,75.3250264994307,569486.7798678206,39.37656941586365,-1,-0.035979721036058926,0.9997651349436171,0.0,0.5998590809661702,10.0,0.75,0.875,O12,de-protonated,,0.0,,C16 H14 O12,16.0,14.0,12.0,,,,
449,942,397.0780303338978,397.07762982453403,397.0776349430891,7506289.089644099,63.62527713933301,589710.5452183001,39.669748151192266,-1,-0.01289056500689831,0.9999698497312383,0.0,0.5999819098387429,9.0,0.6470588235294118,1.0588235294117647,O11,de-protonated,,0.0,,C17 H18 O11,17.0,18.0,11.0,,,,
450,943,397.11442955070856,397.11402900590275,397.1140204524391,6504470.144682116,188.6305200607209,544602.89020131,34.82963375703981,-1,0.021539062379364118,0.9999158238347486,0.0,0.5999494943008492,8.0,0.5555555555555556,1.2222222222222223,O10,de-protonated,,0.0,,C18 H22 O10,18.0,22.0,10.0,,,,
451,944,397.1508207809939,397.15042020075384,397.1504059617891,4047611.994226859,95.32609457888577,525263.0403898429,21.673904324475647,-1,0.03585282688477665,0.9997667884849353,0.0,0.5998600730909611,7.0,0.47368421052631576,1.368421052631579,O9,de-protonated,,0.0,,C19 H26 O9,19.0,26.0,9.0,,,,
452,946,397.18718095943433,397.18678034379025,397.1867914711391,2566629.1507015536,80.46522271952281,558424.8339223416,13.73275848891549,-1,-0.028015405044666337,0.9998575977944214,0.0,0.5999145586766528,6.0,0.4,1.5,O8,de-protonated,,0.0,,C20 H30 O8,20.0,30.0,8.0,,,,
453,947,397.2236610059502,397.2232603547854,397.2231769804891,1791904.607569547,136.71543635066462,538053.5782697961,9.31508799975927,-1,0.20989282887099156,0.9920381430264639,0.0,0.5952228858158783,5.0,0.3333333333333333,1.619047619047619,O7,de-protonated,,0.0,,C21 H34 O7,21.0,34.0,7.0,,,,
454,951,399.0208809182726,399.02047851718686,399.0205139888491,1769761.702360198,230.53089261630112,537606.9543443357,9.361730071288823,-1,-0.08889683856330521,0.998567102498327,0.0,0.5991402614989962,10.0,0.8666666666666667,0.8,O13,de-protonated,,0.0,,C15 H12 O13,15.0,12.0,13.0,,,,
455,952,399.0362532563786,399.0358508403254,399.03577013013904,1888995.122452013,150.9706004659106,426612.6556534667,9.989399091015091,-1,0.20226303603457557,0.9926043566809785,0.0,0.595562614008587,14.0,0.5263157894736842,0.631578947368421,O10,de-protonated,,0.0,,C19 H12 O10,19.0,12.0,10.0,,,,
456,953,399.057313282618,399.0569108460594,399.05689949819913,5987322.885807062,128.6510935241513,535311.1337563015,31.604667668425012,-1,0.028436697323004474,0.9998532830541131,0.0,0.5999119698324679,9.0,0.75,1.0,O12,de-protonated,,0.0,,C16 H16 O12,16.0,16.0,12.0,,,,
457,954,399.0725321726683,399.0721297212917,399.07215563948904,1802137.4459045473,86.22270663683756,558456.8716693084,9.424363710199936,-1,-0.06494614319695956,0.9992349419722777,0.0,0.5995409651833666,13.0,0.45,0.8,O9,de-protonated,,0.0,,C20 H16 O9,20.0,16.0,9.0,,,,
458,955,399.0937031723696,399.0933007003796,399.09328500754907,6257639.959209379,123.52486670163998,539226.289915507,32.87066675279859,-1,0.03932120911442684,0.9997194911052735,0.0,0.5998316946631641,8.0,0.6470588235294118,1.1764705882352942,O11,de-protonated,,0.0,,C17 H20 O11,17.0,20.0,11.0,,,,
459,956,399.13005857709675,399.1296560697089,399.12967051689907,4347789.902508342,138.85459568152686,566516.744727157,23.289052630013305,-1,-0.036196733093840194,0.9997622935551984,0.0,0.5998573761331191,7.0,0.5555555555555556,1.3333333333333333,O10,de-protonated,,0.0,,C18 H24 O10,18.0,24.0,10.0,,,,
460,957,399.16643531563375,399.16603277282735,399.1660560262491,3601885.507821554,89.94492845774634,586573.8951468421,19.403101756293985,-1,-0.05825500796459788,0.999384416949069,0.0,0.5996306501694414,6.0,0.47368421052631576,1.4736842105263157,O9,de-protonated,,0.0,,C19 H28 O9,19.0,28.0,9.0,,,,
461,958,399.20288449589134,399.2024819175959,399.2024415355991,3625609.6094788983,152.17502454230512,567568.3661656617,19.080605147432507,-1,0.10115668785332384,0.9981450170849485,0.0,0.5988870102509691,5.0,0.4,1.6,O8,de-protonated,,0.0,,C20 H32 O8,20.0,32.0,8.0,,,,
462,959,399.2180942267368,399.2176916336322,399.2176976768891,2227546.5060094255,210.36254327095054,508913.2730496991,11.676509449769775,-1,-0.01513774788901664,0.9999584216418841,0.0,0.5999750529851304,9.0,0.20833333333333334,1.3333333333333333,O5,de-protonated,,0.0,,C24 H32 O5,24.0,32.0,5.0,,,,
463,962,400.19810267488083,400.19769912759295,400.1976905077991,4523285.224059147,97.22627318522305,488939.6290833637,24.147266746157076,-1,0.021538839554202587,0.9999158255762991,0.0,0.5999494953457795,5.0,0.42105263157894735,1.631578947368421,N1 O8,de-protonated,,0.0,,C19 H31 O8 N1,19.0,31.0,8.0,1.0,,,
464,964,401.01540410044714,401.01499975741115,401.0150346852491,2593490.4247772894,82.94050525635623,632271.4769119081,13.486221825116425,-1,-0.0870985746401466,0.9986244478649149,0.0,0.5991746687189489,14.0,0.6111111111111112,0.5555555555555556,O11,de-protonated,,0.0,,C18 H10 O11,18.0,10.0,11.0,,,,
465,965,401.0365555990917,401.03615123546217,401.03616405330905,2323054.985547094,111.51299217002682,579576.4530257566,12.354818432870985,-1,-0.03196182296964617,0.9998146567979403,0.0,0.5998887940787642,9.0,0.8666666666666667,0.9333333333333333,O13,de-protonated,,0.0,,C15 H14 O13,15.0,14.0,13.0,,,,
466,967,401.0518608283804,401.05145644984947,401.0514201945991,3022609.5257098735,143.05412816038168,550969.0974467931,16.19279460444562,-1,0.09040050369445723,0.9985182546497381,0.0,0.5991109527898428,13.0,0.5263157894736842,0.7368421052631579,O10,de-protonated,,0.0,,C19 H14 O10,19.0,14.0,10.0,,,,
467,968,401.0729427901415,401.0725383910847,401.0725495626591,4232400.930350449,124.1950095654436,532408.2041070968,22.39619011787615,-1,-0.027854248309321965,0.9998592312855188,0.0,0.5999155387713112,8.0,0.75,1.125,O12,de-protonated,,0.0,,C16 H18 O12,16.0,18.0,12.0,,,,
468,969,401.10933486839457,401.1089304339058,401.10893507200905,3082052.634654993,114.7614945693971,562928.3864061878,16.37269973748818,-1,-0.011563200989223007,0.9999757392228217,0.0,0.599985443533693,7.0,0.6470588235294118,1.2941176470588236,O11,de-protonated,,0.0,,C17 H22 O11,17.0,22.0,11.0,,,,
469,970,401.1457368965393,401.14533242660895,401.14532058135904,2344003.5275917263,70.50292238457531,560412.3287451239,12.414786810551838,-1,0.02952857553910113,0.9998418007327496,0.0,0.5999050804396497,6.0,0.5555555555555556,1.4444444444444444,O10,de-protonated,,0.0,,C18 H26 O10,18.0,26.0,10.0,,,,
470,971,401.18211826715543,401.1817137618035,401.18170609070904,3411951.2517452105,63.167758004254004,556844.8068947317,18.32633621926888,-1,0.019121246928662013,0.9999336605537107,0.0,0.5999601963322264,5.0,0.47368421052631576,1.5789473684210527,O9,de-protonated,,0.0,,C19 H30 O9,19.0,30.0,9.0,,,,
471,972,401.2184999833161,401.2180954425424,401.21809160005904,2560789.6106284065,53.60232069984842,544835.4989160231,13.608823841708393,-1,0.00957704408747339,0.9999833577060826,0.0,0.5999900146236495,4.0,0.4,1.7,O8,de-protonated,,0.0,,C20 H34 O8,20.0,34.0,8.0,,,,
472,974,403.0310839774633,403.03067767196507,403.0306847497091,5730872.308446048,166.0534041396011,555028.9183626577,29.877578391216428,-1,-0.01756130317615155,0.9999440429052479,0.0,0.5999664257431487,13.0,0.6111111111111112,0.6666666666666666,O11,de-protonated,,0.0,,C18 H12 O11,18.0,12.0,11.0,,,,
473,975,403.0522855820289,403.0518792558893,403.0518141177691,2310462.8618628024,237.75781164256878,467251.574640164,12.212226957052067,-1,0.16161227393185526,0.9952720397304989,0.0,0.5971632238382993,8.0,0.8666666666666667,1.0666666666666667,O13,de-protonated,,0.0,,C15 H16 O13,15.0,16.0,13.0,,,,
474,976,403.06747149826174,403.0670651573375,403.0670702590591,3576017.4444291587,92.48942521441862,565979.344641568,18.63550652197906,-1,-0.012657252360529394,0.9999709312474938,0.0,0.5999825587484963,12.0,0.5263157894736842,0.8421052631578947,O10,de-protonated,,0.0,,C19 H16 O10,19.0,16.0,10.0,,,,
475,977,403.088551380666,403.08814501921887,403.0881996271191,1692407.5220835297,128.59522198507605,554228.4385773079,8.807355735394708,-1,-0.13547382498700825,0.9966753825464387,0.0,0.5980052295278632,7.0,0.75,1.25,O12,de-protonated,,0.0,,C16 H20 O12,16.0,20.0,12.0,,,,
476,978,403.10380155636045,403.1033951800662,403.1034557684091,2733608.2361846194,133.77871794987715,535958.3790595457,14.633616784743426,-1,-0.15030469738219526,0.9959091918755839,0.0,0.5975455151253504,11.0,0.45,1.0,O9,de-protonated,,0.0,,C20 H20 O9,20.0,20.0,9.0,,,,
477,979,403.140284208402,403.13987779658913,403.1398412777591,1748187.7272455322,91.59895065825751,580612.4694592891,9.101867101338456,-1,0.09058601083326656,0.9985121716841755,0.0,0.5991073030105053,10.0,0.38095238095238093,1.1428571428571428,O8,de-protonated,,0.0,,C21 H24 O8,21.0,24.0,8.0,,,,
478,980,403.1613575727562,403.1609511404268,403.1609706458191,1660789.069520187,68.01069821140764,575006.871915104,8.67542530449683,-1,-0.04838115221511932,0.999575366730056,0.0,0.5997452200380335,5.0,0.5555555555555556,1.5555555555555556,O10,de-protonated,,0.0,,C18 H28 O10,18.0,28.0,10.0,,,,
479,981,403.19774002916995,403.1973335614196,403.1973561551691,2147555.9567487426,153.99879572311838,554499.8690610696,11.25806343661893,-1,-0.05603645241821673,0.9994303981681129,0.0,0.5996582389008677,4.0,0.47368421052631576,1.6842105263157894,O9,de-protonated,,0.0,,C19 H32 O9,19.0,32.0,9.0,,,,
480,984,405.0103074426598,405.00989921027826,405.0099493048191,3801279.728872923,289.307852115417,484789.08258909005,20.28263796227984,-1,-0.12368718573658465,0.9972279528965633,0.0,0.598336771737938,13.0,0.7058823529411765,0.5882352941176471,O12,de-protonated,,0.0,,C17 H10 O12,17.0,10.0,12.0,,,,
481,985,405.04675837147823,405.0463501036105,405.0463348141691,6688065.550357195,195.06608802490575,544574.4594120291,34.88826950410554,-1,0.037747388649715774,0.9997414934726665,0.0,0.5998448960835999,12.0,0.6111111111111112,0.7777777777777778,O11,de-protonated,,0.0,,C18 H14 O11,18.0,14.0,11.0,,,,
482,986,405.0831431619702,405.08273485868074,405.0827203235191,4814704.872222127,160.4004100364113,504950.82439934375,25.205375454570362,-1,0.03588195922608269,0.9997664093815621,0.0,0.5998598456289372,11.0,0.5263157894736842,0.9473684210526315,O10,de-protonated,,0.0,,C19 H18 O10,19.0,18.0,10.0,,,,
483,987,405.1194700102438,405.11906167158895,405.11910583286914,2899196.8319429657,171.17014317602977,510101.87578067364,15.463845657969467,-1,-0.10900813995351473,0.9978462089071979,0.0,0.5987077253443187,10.0,0.45,1.1,O9,de-protonated,,0.0,,C20 H22 O9,20.0,22.0,9.0,,,,
484,989,405.15592679278836,405.1555184186417,405.155491342219,2208991.5851029605,178.87818354170997,502658.71165558073,11.621871594549441,-1,0.06682970673485118,0.9991899403923099,0.0,0.5995139642353859,9.0,0.38095238095238093,1.2380952380952381,O8,de-protonated,,0.0,,C21 H26 O8,21.0,26.0,8.0,,,,
485,995,407.0260082541497,407.0255980594589,407.02559936927906,6904175.418217452,229.5538953581912,525967.1337464061,36.178255939551455,-1,-0.003218028953146271,0.9999981209717278,0.0,0.5999988725830366,12.0,0.7058823529411765,0.7058823529411765,O12,de-protonated,,0.0,,C17 H12 O12,17.0,12.0,12.0,,,,
486,996,407.06238063122174,407.0619704011228,407.06198487862906,7735735.977846047,156.8426560351171,535497.5075868235,40.463995997809796,-1,-0.035565851937512695,0.9997705064828183,0.0,0.599862303889691,11.0,0.6111111111111112,0.8888888888888888,O11,de-protonated,,0.0,,C18 H16 O11,18.0,16.0,11.0,,,,
487,997,407.09878595700286,407.0983756914637,407.09837038797906,5253205.188819404,140.2352559835883,537970.1145638247,27.713386272245174,-1,0.013027526020789687,0.9999692056501206,0.0,0.5999815233900724,10.0,0.5263157894736842,1.0526315789473684,O10,de-protonated,,0.0,,C19 H20 O10,19.0,20.0,10.0,,,,
488,999,407.135155444776,407.13474514383154,407.13475589732906,3688062.2698998763,84.36739941244596,506349.6692207502,19.32047865815592,-1,-0.026412624724948472,0.9998734245549569,0.0,0.599924054732974,9.0,0.45,1.2,O9,de-protonated,,0.0,,C20 H24 O9,20.0,24.0,9.0,,,,
489,1001,407.17155778068144,407.1711474442998,407.17114140667906,2261701.2431193152,168.55288306343314,515279.7483700809,11.853749321582075,-1,0.014828213759798854,0.9999601045984072,0.0,0.5999760627590444,8.0,0.38095238095238093,1.3333333333333333,O8,de-protonated,,0.0,,C21 H28 O8,21.0,28.0,8.0,,,,
490,1005,409.0416572724947,409.0412451156324,409.0412494337391,7745216.705358569,77.43497943584919,548121.7229295865,40.38936868336251,-1,-0.010556653349167826,0.9999797790312113,0.0,0.5999878674187268,11.0,0.7058823529411765,0.8235294117647058,O12,de-protonated,,0.0,,C17 H14 O12,17.0,14.0,12.0,,,,
491,1006,409.0780419882622,409.07762979598135,409.0776349430891,7375206.217114331,150.34466328195714,530701.0154231068,38.529016344640915,-1,-0.01258222719363001,0.9999712748281018,0.0,0.5999827648968611,10.0,0.6111111111111112,1.0,O11,de-protonated,,0.0,,C18 H18 O11,18.0,18.0,11.0,,,,
492,1008,409.1144433561042,409.11403112838855,409.1140204524391,5538304.680458705,164.77362085577653,531023.0935563857,29.163288381506703,-1,0.026095291093779813,0.9998764475705815,0.0,0.5999258685423489,9.0,0.5263157894736842,1.1578947368421053,O10,de-protonated,,0.0,,C19 H22 O10,19.0,22.0,10.0,,,,
493,1010,409.15081041433035,409.1503981512134,409.1504059617891,3992525.6543182414,241.57223859689367,524009.4255888588,20.91163961262124,-1,-0.01908974205071195,0.9999338789730775,0.0,0.5999603273838465,8.0,0.45,1.3,O9,de-protonated,,0.0,,C20 H26 O9,20.0,26.0,9.0,,,,
494,1014,411.02095085767485,411.0205367741171,411.0205139888491,3362965.276789389,99.2378344215739,481431.646952812,17.693336677082094,-1,0.05543584137527131,0.9994425395822123,0.0,0.5996655237493274,11.0,0.8125,0.75,O13,de-protonated,,0.0,,C16 H12 O13,16.0,12.0,13.0,,,,
495,1015,411.03622667881586,411.03581258038855,411.03577013013904,1690761.5427663994,267.59615951916055,442818.5618534535,8.874653581458778,-1,0.10327629027490483,0.9980665412833304,0.0,0.5988399247699983,15.0,0.5,0.6,O10,de-protonated,,0.0,,C20 H12 O10,20.0,12.0,10.0,,,,
496,1016,411.0573272609319,411.0569131419652,411.05689949819913,8761125.65833646,88.46177409120413,530809.408738379,45.714560621422315,-1,0.03319191597031338,0.49990005868264314,0.8446892076502734,0.6378157182696953,10.0,0.7058823529411765,0.9411764705882353,O12,de-protonated,,0.0,,C17 H16 O12,17.0,16.0,12.0,,,,
497,1017,411.09369632862246,411.093282174254,411.09328500754907,7005722.285338257,195.69376304872466,519354.0473165196,36.37015474813018,-1,-0.006892097667095029,0.9999913810412346,0.0,0.5999948286247407,9.0,0.6111111111111112,1.1111111111111112,O11,de-protonated,,0.0,,C18 H20 O11,18.0,20.0,11.0,,,,
498,1018,411.1300803867397,411.1296661969549,411.12967051689907,6030595.194406074,177.99538183755055,543364.4548460082,31.511383525365908,-1,-0.010507498013240574,0.9999799669022006,0.0,0.5999879801413204,8.0,0.5263157894736842,1.263157894736842,O10,de-protonated,,0.0,,C19 H24 O10,19.0,24.0,10.0,,,,
499,1019,411.16645170668545,411.16603748149674,411.1660560262491,2986847.1667345734,204.49924739812712,474812.14726117643,15.581117152100912,-1,-0.04510282915444086,0.9996309533667294,0.0,0.5997785720200376,7.0,0.45,1.4,O9,de-protonated,,0.0,,C20 H28 O9,20.0,28.0,9.0,,,,
500,1021,411.2028410729195,411.20242681230934,411.2024415355991,1846462.1236603335,113.03329928483649,537962.2335219933,9.682894049535172,-1,-0.03580545321002179,0.999767404308243,0.0,0.5998604425849458,6.0,0.38095238095238093,1.5238095238095237,O8,de-protonated,,0.0,,C21 H32 O8,21.0,32.0,8.0,,,,
501,1023,413.01547860736906,413.0150625823718,413.0150346852491,2775262.3971295417,134.2505498638502,520521.03582052485,14.515012659996847,-1,0.0675450537571658,0.9991725129934593,0.0,0.5995035077960755,15.0,0.5789473684210527,0.5263157894736842,O11,de-protonated,,0.0,,C19 H10 O11,19.0,10.0,11.0,,,,
502,1024,413.03657319272423,413.0361571471943,413.03616405330905,4894432.178139378,70.69488591473504,536055.99868767,25.781071880306555,-1,-0.016720363440252108,0.9999492735769511,0.0,0.5999695641461706,10.0,0.8125,0.875,O13,de-protonated,,0.0,,C16 H14 O13,16.0,14.0,13.0,,,,
503,1025,413.0518148567226,413.05139879635703,413.0514201945991,1996547.6877965578,67.42369764109961,569022.1148444369,10.522451337067123,-1,-0.05180527409982829,0.9995131490293362,0.0,0.5997078894176017,14.0,0.5,0.7,O10,de-protonated,,0.0,,C20 H14 O10,20.0,14.0,10.0,,,,
504,1026,413.07296884927626,413.07255276832024,413.0725495626591,6076426.1324758055,292.6043047903491,551643.3862394637,31.655307631799957,-1,0.007760528105092616,0.9999890721680577,0.0,0.5999934433008346,9.0,0.7058823529411765,1.0588235294117647,O12,de-protonated,,0.0,,C17 H18 O12,17.0,18.0,12.0,,,,
505,1027,413.0882477188339,413.087831623006,413.0878057039491,1589921.6563955727,119.28651852477564,397134.9061645764,8.326276083332749,-1,0.06274466734280028,0.9992859109692167,0.0,0.59957154658153,13.0,0.42857142857142855,0.8571428571428571,O9,de-protonated,,0.0,,C21 H18 O9,21.0,18.0,9.0,,,,
506,1028,413.1093306161585,413.10891449980943,413.10893507200905,6073660.458713973,119.66563615775212,542990.7446390477,31.85520222406947,-1,-0.049798486234926366,0.9995501285792912,0.0,0.5997300771475746,8.0,0.6111111111111112,1.2222222222222223,O11,de-protonated,,0.0,,C18 H22 O11,18.0,22.0,11.0,,,,
507,1029,413.145729253007,413.14531310122896,413.14532058135904,4423288.815314699,112.28311884632447,536270.9798170316,23.67018498594051,-1,-0.018105324463698964,0.9999405223861635,0.0,0.5999643134316981,7.0,0.5263157894736842,1.368421052631579,O10,de-protonated,,0.0,,C19 H26 O10,19.0,26.0,10.0,,,,
508,1030,413.1821203174482,413.1817041302486,413.18170609070904,2201941.356740875,60.205104875074696,597774.5332979633,11.529920082105464,-1,-0.0047447900593279345,0.9999959150481339,0.0,0.5999975490288804,6.0,0.45,1.5,O9,de-protonated,,0.0,,C20 H30 O9,20.0,30.0,9.0,,,,
509,1031,413.2185056824141,413.21808945979853,413.21809160005904,3290314.096224883,199.4064576548708,499380.0737726492,17.15228864733928,-1,-0.0051794937085751155,0.9999951322598013,0.0,0.5999970793558808,5.0,0.38095238095238093,1.619047619047619,O8,de-protonated,,0.0,,C21 H34 O8,21.0,34.0,8.0,,,,
510,1034,414.9948114363324,414.99439348477074,414.9942992403591,1764070.17452961,145.20523792943774,510898.0436139441,9.246457523080071,-1,0.22709808737169393,0.9906856980489691,0.0,0.5944114188293814,15.0,0.6666666666666666,0.4444444444444444,O12,de-protonated,,0.0,,C18 H8 O12,18.0,8.0,12.0,,,,
511,1035,415.0310881868918,415.0306702000213,415.0306847497091,3674110.62838969,70.29583987191747,543037.3103513308,19.24052082124812,-1,-0.03505689664313185,0.9997770269665797,0.0,0.5998662161799477,14.0,0.5789473684210527,0.631578947368421,O11,de-protonated,,0.0,,C19 H12 O11,19.0,12.0,11.0,,,,
512,1037,415.0522298031735,415.0518117957255,415.0518141177691,3929616.167240732,221.4291081594659,535644.7679033658,20.474536770858574,-1,-0.0055945872784933775,0.9999943207798776,0.0,0.5999965924679266,9.0,0.8125,1.0,O13,de-protonated,,0.0,,C16 H16 O13,16.0,16.0,13.0,,,,
513,1038,415.06750015036806,415.06708212805717,415.06707025905905,2766435.172879054,163.75973501753964,527826.2145803294,14.488360047694247,-1,0.028595374014126523,0.9998516412473922,0.0,0.5999109847484353,13.0,0.5,0.8,O10,de-protonated,,0.0,,C20 H16 O10,20.0,16.0,10.0,,,,
514,1039,415.0886115829615,415.0881935401025,415.0881996271191,4705040.2567470595,94.2425182485663,499502.25479485677,24.789594702649776,-1,-0.014664393201330898,0.9999609812322994,0.0,0.5999765887393796,8.0,0.7058823529411765,1.1764705882352942,O12,de-protonated,,0.0,,C17 H20 O12,17.0,20.0,12.0,,,,
515,1040,415.12497993619075,415.1245618579338,415.1245851364691,3827906.6004283745,186.32439567583978,480978.6143059302,20.29063374597062,-1,-0.05607602171923821,0.999429593682052,0.0,0.5996577562092311,7.0,0.6111111111111112,1.3333333333333333,O11,de-protonated,,0.0,,C18 H24 O11,18.0,24.0,11.0,,,,
516,1042,415.16139452892565,415.16097641522583,415.1609706458191,2695031.267473548,56.21630998813225,548620.3406491897,14.124551889763733,-1,0.013896794648188032,0.999964959080072,0.0,0.5999789754480431,6.0,0.5263157894736842,1.4736842105263157,O10,de-protonated,,0.0,,C19 H28 O10,19.0,28.0,10.0,,,,
517,1043,415.19773736052065,415.1973192114478,415.1973561551691,3009226.294678868,210.34561338505785,518488.55182465,15.880959040505182,-1,-0.08897870069800308,0.9985644641641465,0.0,0.5991386784984879,5.0,0.45,1.6,O9,de-protonated,,0.0,,C20 H32 O9,20.0,32.0,9.0,,,,
518,1045,415.23415305092533,415.2337348664086,415.2337416645191,2348497.507649561,114.29085652405276,458116.4575860243,12.26819744288753,-1,-0.016371767946561522,0.9999513666228906,0.0,0.5999708199737344,4.0,0.38095238095238093,1.7142857142857142,O8,de-protonated,,0.0,,C21 H36 O8,21.0,36.0,8.0,,,,
519,1046,417.0103764877918,417.0099565744862,417.0099493048191,3693262.3566119955,197.75695172961744,494207.16871172155,19.541695340267516,-1,0.017432838487900802,0.9999448585645919,0.0,0.5999669151387551,14.0,0.6666666666666666,0.5555555555555556,O12,de-protonated,,0.0,,C18 H10 O12,18.0,10.0,12.0,,,,
520,1047,417.04675968706226,417.0463397383458,417.0463348141691,5699826.146428455,68.66814355970186,527632.3585680355,29.680349060177175,-1,0.011807265309458224,0.999974704283854,0.0,0.5999848225703124,13.0,0.5789473684210527,0.7368421052631579,O11,de-protonated,,0.0,,C19 H14 O11,19.0,14.0,11.0,,,,
521,1048,417.0678724899312,417.0674525206661,417.0674641822291,2821765.0928022745,114.40678177509818,513674.00071198057,15.189323751252669,-1,-0.02796085527927176,0.9998581517677648,0.0,0.5999148910606589,8.0,0.8125,1.125,O13,de-protonated,,0.0,,C16 H18 O13,16.0,18.0,13.0,,,,
522,1049,417.0831068056821,417.0826868215899,417.0827203235191,3314803.3457277245,108.94136157026588,503413.30089156894,17.731982964920864,-1,-0.08032442378593456,0.9988299757196072,0.0,0.5992979854317643,12.0,0.5,0.9,O10,de-protonated,,0.0,,C20 H18 O10,20.0,18.0,10.0,,,,
523,1050,417.10425453706415,417.1038345323894,417.1038496915791,2631883.419898889,110.56207487441556,535186.6558817229,13.714101660303669,-1,-0.036343921880567356,0.9997603566589469,0.0,0.5998562139953681,7.0,0.7058823529411765,1.2941176470588236,O12,de-protonated,,0.0,,C17 H22 O12,17.0,22.0,12.0,,,,
524,1051,417.11944626281934,417.1190262433589,417.11910583286914,2343695.0439205123,124.48517539379532,476320.08179440664,12.2668648122724,-1,-0.1908076352977153,0.9934156695387475,0.0,0.5960494017232485,11.0,0.42857142857142855,1.0476190476190477,O9,de-protonated,,0.0,,C21 H22 O9,21.0,22.0,9.0,,,,
525,1052,417.14068307866876,417.1402630385391,417.1402352009291,1859056.0659988096,131.9279707989552,478626.49534796044,9.695554040378909,-1,0.06673441601229588,0.999192247898203,0.0,0.5995153487389218,6.0,0.6111111111111112,1.4444444444444444,O11,de-protonated,,0.0,,C18 H26 O11,18.0,26.0,11.0,,,,
526,1054,417.1769981183675,417.1765780428934,417.17662071027905,1786848.603347083,65.42080590180429,597086.98174561,9.32708167529544,-1,-0.1022765502907315,0.9981037574781535,0.0,0.5988622544868921,5.0,0.5263157894736842,1.5789473684210527,O10,de-protonated,,0.0,,C19 H30 O10,19.0,30.0,10.0,,,,
527,1055,417.2134883039109,417.2130681929219,417.2130062196291,1576673.9589859503,47.743286075396725,479969.32115591055,8.232991940273644,-1,0.14854113340642267,0.9960044348073042,0.0,0.5976026608843825,4.0,0.45,1.7,O9,de-protonated,,0.0,,C20 H34 O9,20.0,34.0,9.0,,,,
528,1060,419.02603765010895,419.02561577505327,419.02559936927906,6313240.044589537,96.3863817403485,548859.5500236282,32.84134887926573,-1,0.03915220031598414,0.9997218969320057,0.0,0.5998331381592035,13.0,0.6666666666666666,0.6666666666666666,O12,de-protonated,,0.0,,C18 H12 O12,18.0,12.0,12.0,,,,
529,1061,419.06237217580014,419.0619502653825,419.06198487862906,5092547.377752799,110.72005152260247,533727.6172312279,27.47351276152176,-1,-0.08259696131875742,0.9987628761142273,0.0,0.5992577256685364,12.0,0.5789473684210527,0.8421052631578947,O11,de-protonated,,0.0,,C19 H16 O11,19.0,16.0,11.0,,,,
530,1062,419.0987986625393,419.0983767166703,419.09837038797906,3939064.8848402537,132.01419038897373,481285.80887521163,21.020915323061907,-1,0.015100729813209694,0.9999586247417229,0.0,0.5999751748450337,11.0,0.5,1.0,O10,de-protonated,,0.0,,C20 H20 O10,20.0,20.0,10.0,,,,
531,1063,419.1351406488586,419.1347186676205,419.13475589732906,2874684.58911188,74.95531831043178,487566.91386646125,14.977435483446985,-1,-0.08882515232944205,0.9985694108847905,0.0,0.5991416465308742,10.0,0.42857142857142855,1.1428571428571428,O9,de-protonated,,0.0,,C21 H24 O9,21.0,24.0,9.0,,,,
532,1065,419.1715567866194,419.17113476994007,419.17114140667906,1638789.6274439858,173.82047092241766,453284.6137584275,8.542828558291388,-1,-0.015833005500895676,0.9999545147405404,0.0,0.5999727088443242,9.0,0.36363636363636365,1.2727272727272727,O8,de-protonated,,0.0,,C22 H28 O8,22.0,28.0,8.0,,,,
533,1070,421.0052510912974,421.0048272900496,421.0048639243891,2192181.4568168097,74.77668667372163,520463.5467070295,11.720486260069066,-1,-0.08701642815459681,0.9986270395472457,0.0,0.5991762237283474,13.0,0.7647058823529411,0.5882352941176471,O13,de-protonated,,0.0,,C17 H10 O13,17.0,10.0,13.0,,,,
534,1071,421.04168378986435,421.0412599531606,421.0412494337391,9309123.539406342,140.67167475092992,521655.59168813785,48.82758573836619,-1,0.02498430143846855,0.9995792372867378,0.9936391754079085,0.997203212535206,12.0,0.6666666666666666,0.7777777777777778,O12,de-protonated,,0.0,,C18 H14 O12,18.0,14.0,12.0,,,,
535,1072,421.0780803024024,421.077656430278,421.0776349430891,5879568.10834788,66.48622724693087,523506.6927743951,30.59986418461693,-1,0.05102904342079221,0.9995276258888098,0.0,0.5997165755332858,11.0,0.5789473684210527,0.9473684210526315,O11,de-protonated,,0.0,,C19 H18 O11,19.0,18.0,11.0,,,,
536,1073,421.11443154610254,421.1140076386016,421.1140204524391,3456733.8429672807,104.0405789986173,546699.1136411364,18.14509845561119,-1,-0.03042842760833492,0.999832012731213,0.0,0.5998992076387278,10.0,0.5,1.1,O10,de-protonated,,0.0,,C20 H22 O10,20.0,22.0,10.0,,,,
537,1074,421.150815254633,421.1503913117239,421.1504059617891,4003060.4829293163,106.60656544063681,505949.41103053885,20.978271143377743,-1,-0.034785827012659414,0.9997804614368264,0.0,0.5998682768620959,9.0,0.42857142857142855,1.2380952380952381,O9,de-protonated,,0.0,,C21 H26 O9,21.0,26.0,9.0,,,,
538,1078,422.0450023391508,422.0445775260395,422.0446042688091,1728452.7002872243,74.50033710532875,529094.8671773188,9.32175115283492,-1,-0.06336479443452181,0.9992717312089521,0.9936391754079085,0.9970187088885346,12.0,0.6666666666666666,0.7777777777777778,13C1 O12,de-protonated,,1.0,1071.0,C17 H14 O12 13C1,17.0,14.0,12.0,,,,1.0
539,1080,423.0209291869068,423.02050342406574,423.0205139888491,4869782.3205350125,144.7399591416391,541912.1199096771,25.418596352991173,-1,-0.024974635953988848,0.9998868309720621,0.0,0.5999320985832373,12.0,0.7647058823529411,0.7058823529411765,O13,de-protonated,,0.0,,C17 H12 O13,17.0,12.0,13.0,,,,
540,1081,423.05730766775173,423.05688186950914,423.05689949819913,8770848.96196988,143.6297718127547,503743.1373859124,46.572774737566085,-1,-0.0416697848671869,0.49984249369763883,0.8370420509349353,0.6347223165925575,11.0,0.6666666666666666,0.8888888888888888,O12,de-protonated,,0.0,,C18 H16 O12,18.0,16.0,12.0,,,,
541,1083,423.0937186102807,423.0932927766049,423.09328500754907,4913944.328873337,138.3619335658698,503649.9409987732,25.69045299847771,-1,0.0183625127857905,0.9999388206631185,0.0,0.599963292397871,10.0,0.5789473684210527,1.0526315789473684,O11,de-protonated,,0.0,,C19 H20 O11,19.0,20.0,11.0,,,,
542,1084,423.13009883383444,423.1296729647555,423.12967051689907,4412257.274966112,90.72918012916978,558022.9694618332,22.963890759921565,-1,0.005785121243215598,0.9999939273613405,0.0,0.5999963564168043,9.0,0.5,1.2,O10,de-protonated,,0.0,,C20 H24 O10,20.0,24.0,10.0,,,,
543,1085,423.1430826575342,423.1426567758201,423.14255767646904,1838490.5269893624,297.1888400308568,530415.9102862026,9.882788641804684,-1,0.23419849712022667,0.9900970925372026,0.0,0.5940582555223215,4.0,0.5882352941176471,1.7058823529411764,P1 O10,de-protonated,,0.0,,C17 H29 O10 P1,17.0,29.0,10.0,,1.0,,
544,1086,423.1664555929347,423.1660296884754,423.1660560262491,2653672.0497618243,168.52886286820092,478211.4472408764,13.878015225964669,-1,-0.06223980711384248,0.9992973522147826,0.0,0.5995784113288695,8.0,0.42857142857142855,1.3333333333333333,O9,de-protonated,,0.0,,C21 H28 O9,21.0,28.0,9.0,,,,
545,1092,425.01554697601927,425.0151192721663,425.0150346852491,1771498.082677365,263.6024646896579,405835.64636791736,9.277774342535627,-1,0.19902100005024695,0.9928386991385318,0.0,0.5957032194831191,16.0,0.55,0.5,O11,de-protonated,,0.0,,C20 H10 O11,20.0,10.0,11.0,,,,
546,1094,425.0365928179904,425.0361650936577,425.03616405330905,6298246.503820477,175.0847096628021,510973.2974254071,33.03857821030498,-1,0.002447670899278955,0.999998912924667,0.0,0.5999993477548002,11.0,0.7647058823529411,0.8235294117647058,O13,de-protonated,,0.0,,C17 H14 O13,17.0,14.0,13.0,,,,
547,1096,425.07291961252906,425.0724918528466,425.0725495626591,5713719.24182284,160.54177049348766,577110.2099841255,29.78962477061784,-1,-0.13576461842655452,0.9966611185802804,0.0,0.5979966711481682,10.0,0.6666666666666666,1.0,O12,de-protonated,,0.0,,C18 H18 O12,18.0,18.0,12.0,,,,
548,1097,425.10936986234316,425.1089420671909,425.10893507200905,5462388.3455633,151.97163065937414,474992.3560754394,28.403688930882556,-1,0.016455033757678435,0.9999508706843182,0.0,0.5999705224105909,9.0,0.5789473684210527,1.1578947368421053,O11,de-protonated,,0.0,,C19 H22 O11,19.0,22.0,11.0,,,,
549,1098,425.1457803963158,425.1453525657324,425.14532058135904,4306248.048503648,143.04551196476638,519226.9965992279,22.652055195981127,-1,0.07523162511916925,0.998973564339536,0.0,0.5993841386037215,8.0,0.5,1.3,O10,de-protonated,,0.0,,C20 H26 O10,20.0,26.0,10.0,,,,
550,1100,425.1820764128372,425.1816485469342,425.18170609070904,1838449.829195148,102.18323065634394,491948.36332131195,9.647579338234225,-1,-0.13533925386180146,0.9966819732308156,0.0,0.5980091839384893,7.0,0.42857142857142855,1.4285714285714286,O9,de-protonated,,0.0,,C21 H30 O9,21.0,30.0,9.0,,,,
551,1103,426.0746948020136,426.07426606751244,426.07416101897905,2580726.498509423,81.42785065332214,490677.4053171402,13.523535482340067,-1,0.24654988026886948,0.9890309111523767,0.0,0.593418546691426,5.0,0.6923076923076923,1.6923076923076923,N3 S1 P1 O9,de-protonated,,0.0,,C13 H22 O9 N3 P1 S1,13.0,22.0,9.0,3.0,1.0,1.0,
552,1107,427.03110789127896,427.03067822612076,427.0306847497091,2264932.5724738827,111.75405409575329,463847.6158896692,12.117610183377831,-1,-0.015276626684990488,0.9999576552508115,0.0,0.5999745931504868,15.0,0.55,0.6,O11,de-protonated,,0.0,,C20 H12 O11,20.0,12.0,11.0,,,,
553,1108,427.0522347532604,427.0518050675445,427.0518141177691,6609890.31354718,194.13931217991816,498262.22167328524,34.408522482658704,-1,-0.02119233382484463,0.9999185119912267,0.0,0.599951107194736,10.0,0.7647058823529411,0.9411764705882353,O13,de-protonated,,0.0,,C17 H16 O13,17.0,16.0,13.0,,,,
554,1110,427.08862823104386,427.08819850991495,427.0881996271191,5508758.824245116,78.53049717877917,546641.421543749,28.707528711132216,-1,-0.0026158628039854867,0.9999987583949119,0.0,0.5999992550369472,9.0,0.6666666666666666,1.1111111111111112,O12,de-protonated,,0.0,,C18 H20 O12,18.0,20.0,12.0,,,,
555,1111,427.12503410842527,427.1246043518713,427.1245851364691,5360889.824668077,148.6494809325108,501207.8940004032,27.93460295435677,-1,0.044987815971284005,0.9996328327755128,0.0,0.5997796996653076,8.0,0.5789473684210527,1.263157894736842,O11,de-protonated,,0.0,,C19 H24 O11,19.0,24.0,11.0,,,,
556,1112,427.16136925132076,427.16093945941066,427.1609706458191,2963569.182341735,83.06894086390314,517235.585242524,15.986236859100458,-1,-0.07300856249550437,0.9990333006590786,0.0,0.5994199803954471,7.0,0.5,1.4,O10,de-protonated,,0.0,,C20 H28 O10,20.0,28.0,10.0,,,,
557,1113,427.19780217210035,427.19737234473894,427.1973561551691,2446710.683746922,128.27084822931832,485541.3162077282,13.054449505814278,-1,0.03789716773577093,0.9997394381975894,0.0,0.5998436629185536,6.0,0.42857142857142855,1.5238095238095237,O9,de-protonated,,0.0,,C21 H32 O9,21.0,32.0,9.0,,,,
558,1114,427.23418585346656,427.23375599070175,427.2337416645191,1926722.4169080534,101.02595226263425,493280.57871028257,10.190626313899733,-1,0.03353242331341666,0.99979599566052,0.0,0.599877597396312,5.0,0.36363636363636365,1.6363636363636365,O8,de-protonated,,0.0,,C22 H36 O8,22.0,36.0,8.0,,,,
559,1118,429.0103923165522,429.00996072547383,429.0099493048191,2497839.268128713,114.78227229721762,461141.5596646132,13.387607159596799,-1,0.026620955439831406,0.9998714200706117,0.0,0.599922852042367,15.0,0.631578947368421,0.5263157894736842,O12,de-protonated,,0.0,,C19 H10 O12,19.0,10.0,12.0,,,,
560,1119,429.03155323525806,429.0311216235898,429.0310786728791,2325954.5843920084,78.55891981961616,542980.6426042799,12.182909083519204,-1,0.1001109542264012,0.998183136901013,0.0,0.5989098821406078,10.0,0.875,0.875,O14,de-protonated,,0.0,,C16 H14 O14,16.0,14.0,14.0,,,,
561,1120,429.0467417739662,429.0463101475192,429.0463348141691,3741875.5309218275,102.89871395421801,492247.82172689965,19.942817155421668,-1,-0.057491808904760675,0.9994004359993784,0.0,0.599640261599627,14.0,0.55,0.7,O11,de-protonated,,0.0,,C20 H14 O11,20.0,14.0,11.0,,,,
562,1121,429.06790832061176,429.0674766735694,429.0674641822291,4638841.545883016,97.22823110896658,497950.9584200149,24.413792869183094,-1,0.029112765041014222,0.9998462244302179,0.0,0.5999077346581307,9.0,0.7647058823529411,1.0588235294117647,O13,de-protonated,,0.0,,C17 H18 O13,17.0,18.0,13.0,,,,
563,1122,429.08305265940885,429.0826209976308,429.0827203235191,2166207.05346605,54.396317961435145,534470.7524871611,11.61254318024353,-1,-0.23148424207127943,0.9903241951923969,0.0,0.5941945171154381,13.0,0.47619047619047616,0.8571428571428571,O10,de-protonated,,0.0,,C21 H18 O10,21.0,18.0,10.0,,,,
564,1123,429.1043146593713,429.103882976905,429.1038496915791,2361098.9929413353,185.7301918535043,555868.4388622119,12.671984519271945,-1,0.07756939476615325,0.9989088170313056,0.0,0.5993452902187834,8.0,0.6666666666666666,1.2222222222222223,O12,de-protonated,,0.0,,C18 H22 O12,18.0,22.0,12.0,,,,
565,1124,429.1194680863452,429.11903638913435,429.11910583286914,1887541.637992651,54.8543287784172,492553.9096231094,9.882788641804684,-1,-0.16182857822812022,0.9952594053807989,0.0,0.5971556432284794,12.0,0.4090909090909091,1.0,O9,de-protonated,,0.0,,C22 H22 O9,22.0,22.0,9.0,,,,
566,1125,429.14063790172503,429.14020618391567,429.1402352009291,1946979.408323237,97.4811156394633,549882.0358513022,10.553101841215115,-1,-0.0676166228801129,0.9991707592212218,0.0,0.5995024555327331,7.0,0.5789473684210527,1.368421052631579,O11,de-protonated,,0.0,,C19 H26 O11,19.0,26.0,11.0,,,,
567,1126,429.17704166055995,429.17660990732924,429.17662071027905,2011015.208099212,187.06553727887325,474761.4618143751,10.591748129053888,-1,-0.0251713380812799,0.999885041399072,0.0,0.5999310248394432,6.0,0.5,1.5,O10,de-protonated,,0.0,,C20 H30 O10,20.0,30.0,10.0,,,,
568,1127,429.2134105556945,429.2129787670764,429.2130062196291,3649270.3173204074,73.38628069896379,511720.8776316065,19.12591458834693,-1,-0.06396020700919425,0.9992579855319353,0.0,0.5995547913191612,5.0,0.42857142857142855,1.619047619047619,O9,de-protonated,,0.0,,C21 H34 O9,21.0,34.0,9.0,,,,
569,1129,429.2497848908816,429.24935306687075,429.2493917289791,1899062.0601298837,74.3042810642662,533809.3390251495,9.944089650100668,-1,-0.09006910457438294,0.9985290906154036,0.0,0.5991174543692421,4.0,0.36363636363636365,1.7272727272727273,O8,de-protonated,,0.0,,C22 H38 O8,22.0,38.0,8.0,,,,
570,1131,431.02601341519994,431.0255798629311,431.02559936927906,4397274.597664359,183.46805246724784,506114.2868781442,23.36634520569085,-1,-0.04525565991465984,0.9996284485686978,0.0,0.5997770691412186,14.0,0.631578947368421,0.631578947368421,O12,de-protonated,,0.0,,C19 H12 O12,19.0,12.0,12.0,,,,
571,1132,431.04708648567976,431.0466529129074,431.0467287373391,1928846.2744450024,225.78579535622842,493973.8226854654,10.191292629207299,-1,-0.17590768386519115,0.9944010729162787,0.0,0.5966406437497672,9.0,0.875,1.0,O14,de-protonated,,0.0,,C16 H16 O14,16.0,16.0,14.0,,,,
572,1133,431.06244564442903,431.0620120567126,431.06198487862906,4010368.6119068507,966.8581758654759,472280.3397956488,21.000925863834954,-1,0.0630491309725782,0.9992789665371323,0.0,0.5995673799222794,13.0,0.55,0.8,O11,de-protonated,,0.0,,C20 H16 O11,20.0,16.0,11.0,,,,
573,1134,431.0834940455006,431.08306043730465,431.08311424668904,2443970.3498882093,76.25068640048082,500981.4838036715,12.9358453810677,-1,-0.12482368852920904,0.9971768491138271,0.0,0.5983061094682962,8.0,0.7647058823529411,1.1764705882352942,O13,de-protonated,,0.0,,C17 H20 O13,17.0,20.0,13.0,,,,
574,1135,431.0988517069307,431.0984180837922,431.09837038797906,2061360.4040187863,194.27611952821226,534408.633972081,10.755661694714888,-1,0.11063788777513224,0.9977813981495569,0.0,0.5986688388897341,12.0,0.47619047619047616,0.9523809523809523,O10,de-protonated,,0.0,,C21 H20 O10,21.0,20.0,10.0,,,,
575,1136,431.11994919689425,431.1195155532285,431.1194997560391,1725208.959224275,120.627050277837,475052.37988567905,9.06255449819212,-1,0.036642252123633104,0.9997564067529304,0.0,0.5998538440517582,7.0,0.6666666666666666,1.3333333333333333,O12,de-protonated,,0.0,,C18 H24 O12,18.0,24.0,12.0,,,,
576,1137,431.19277832375633,431.1923446092299,431.1922707747391,1934619.3309914845,171.36442689749802,479658.7027532935,10.340547258101868,-1,0.1712333356238725,0.9946938966996303,0.0,0.5968163380197782,5.0,0.5,1.6,O10,de-protonated,,0.0,,C20 H32 O10,20.0,32.0,10.0,,,,
577,1138,431.22910122056334,431.2286674706958,431.22865628408914,1670317.1857564338,132.8507531593355,500798.83464507875,8.786033645552628,-1,0.025941241430770506,0.9998779019227565,0.0,0.5999267411536539,4.0,0.42857142857142855,1.7142857142857142,O9,de-protonated,,0.0,,C21 H36 O9,21.0,36.0,9.0,,,,
578,1141,433.0052672070393,433.00483172905035,433.0048639243891,1787250.0212287528,71.41018177404149,548495.6840382154,9.355066918213172,-1,-0.07435329583874943,0.998997379755854,0.0,0.5993984278535124,14.0,0.7222222222222222,0.5555555555555556,O13,de-protonated,,0.0,,C18 H10 O13,18.0,10.0,13.0,,,,
579,1142,433.04168439898575,433.0412488855654,433.0412494337391,7634302.358902275,219.56222546293458,508159.3547259663,39.75503651056059,-1,-0.001265869514541652,0.4999998546210086,0.8295321147073625,0.6318127586555502,13.0,0.631578947368421,0.7368421052631579,O12,de-protonated,,0.0,,C19 H14 O12,19.0,14.0,12.0,,,,
580,1143,433.07804248621596,433.0776069374217,433.0776349430891,4250548.3913909495,178.88259981446,521760.98029360705,22.23360918283028,-1,-0.0646666212453518,0.9992415107801792,0.0,0.5995449064681075,12.0,0.55,0.9,O11,de-protonated,,0.0,,C20 H18 O11,20.0,18.0,11.0,,,,
581,1144,433.1144570298723,433.11402144564926,433.1140204524391,2825922.6887673577,163.24116227279643,488708.45807878394,14.733564080878182,-1,0.0022931840528774175,0.9999990458175004,0.0,0.5999994274905003,11.0,0.47619047619047616,1.0476190476190477,O10,de-protonated,,0.0,,C21 H22 O10,21.0,22.0,10.0,,,,
582,1145,433.15089527540044,433.1504596557256,433.1504059617891,2647060.2191588995,260.7635795211867,457025.2629662386,13.775402668599652,-1,0.12396141339604079,0.9972156645704428,0.0,0.5983293987422657,10.0,0.4090909090909091,1.1818181818181819,O9,de-protonated,,0.0,,C22 H26 O9,22.0,26.0,9.0,,,,
583,1148,435.02092939658587,435.02049195753983,435.0205139888491,4596385.669618695,81.80713524501827,523368.4868068561,24.115283611393956,-1,-0.05064429960028318,0.9995347205053691,0.0,0.5997208323032214,13.0,0.7222222222222222,0.6666666666666666,O13,de-protonated,,0.0,,C18 H12 O13,18.0,12.0,13.0,,,,
584,1149,435.05733857350765,435.0569010990396,435.05689949819913,7406997.1386303995,109.06988816547242,490508.6156661655,39.027420194699566,-1,0.0036796116795114507,0.9999975432708883,0.0,0.599998525962533,12.0,0.631578947368421,0.8421052631578947,O12,de-protonated,,0.0,,C19 H16 O12,19.0,16.0,12.0,,,,
585,1150,435.09371579760244,435.09327828774343,435.09328500754907,4999368.716284641,196.7848240519848,510357.161666467,26.737900661969956,-1,-0.015444517007003286,0.9999567194179821,0.0,0.5999740316507892,11.0,0.55,1.0,O11,de-protonated,,0.0,,C20 H20 O11,20.0,20.0,11.0,,,,
586,1151,435.1300922102844,435.1296546650352,435.12967051689907,3670629.60599273,78.4256139333309,518808.11650052195,19.13124511080745,-1,-0.036430206727047505,0.9997592175610835,0.0,0.5998555305366501,10.0,0.47619047619047616,1.1428571428571428,O10,de-protonated,,0.0,,C21 H24 O10,21.0,24.0,10.0,,,,
587,1153,435.166531874808,435.16609429410727,435.1660560262491,1827183.9886648974,102.37535756990437,519682.5801753074,9.745527688446286,-1,0.08793851821528065,0.9985978080972052,0.0,0.5991586848583231,9.0,0.4090909090909091,1.2727272727272727,O9,de-protonated,,0.0,,C22 H28 O9,22.0,28.0,9.0,,,,
588,1156,437.0365779256252,437.03613852562273,437.03616405330905,7139935.30649172,164.90350928747642,514279.4595242594,37.878692604457434,-1,-0.058410924354234624,0.999381118410924,0.0,0.5996286710465544,12.0,0.7222222222222222,0.7777777777777778,O13,de-protonated,,0.0,,C18 H14 O13,18.0,14.0,13.0,,,,
589,1157,437.07299432009506,437.0725548846651,437.0725495626591,5488656.87527145,157.56436275394364,503726.266068031,29.312543010401274,-1,0.01217648196719287,0.9999730975615618,0.0,0.599983858536937,11.0,0.631578947368421,0.9473684210526315,O12,de-protonated,,0.0,,C19 H18 O12,19.0,18.0,12.0,,,,
590,1159,437.1093770147654,437.1089375439408,437.1089350720091,4116484.5239476063,112.19731386675666,501014.86710982234,21.74320111646241,-1,0.005655184512267029,0.9999941970861018,0.0,0.5999965182516611,10.0,0.55,1.1,O11,de-protonated,,0.0,,C20 H22 O11,20.0,22.0,11.0,,,,
591,1160,437.145749794434,437.1453102882244,437.14532058135904,3718803.723993536,142.14131141967832,514787.4786334397,19.325809180616442,-1,-0.023546253797063463,0.9998994051783255,0.0,0.5999396431069953,9.0,0.47619047619047616,1.2380952380952381,O10,de-protonated,,0.0,,C21 H26 O10,21.0,26.0,10.0,,,,
592,1161,437.18217307187274,437.1817335302291,437.18170609070904,2186455.9382410077,152.749431826615,496752.5696461614,11.43663593904636,-1,0.06276456604975202,0.9992854581300034,0.0,0.599571274878002,8.0,0.4090909090909091,1.3636363636363635,O9,de-protonated,,0.0,,C22 H30 O9,22.0,30.0,9.0,,,,
593,1166,439.01587873146457,439.0154374059523,439.0154286084191,1964944.5101776277,52.14947863047644,477487.6431661251,10.386523014323854,-1,0.020039234703053948,0.9999271381373016,0.0,0.5999562828823809,12.0,0.8235294117647058,0.7058823529411765,O14,de-protonated,,0.0,,C17 H12 O14,17.0,12.0,14.0,,,,
594,1167,439.05224690151925,439.051805540628,439.0518141177691,6514532.647880544,48.20040384865721,527207.9094017503,34.0673690451854,-1,-0.019535601098666495,0.9999307543735133,0.0,0.599958452624108,11.0,0.7222222222222222,0.8888888888888888,O13,de-protonated,,0.0,,C18 H16 O13,18.0,16.0,13.0,,,,
595,1168,439.0886117599145,439.08817036364746,439.0881996271191,5791577.855780985,135.15539127145044,491926.49971954135,30.226727612380508,-1,-0.06664599878183908,0.999194386019403,0.0,0.5995166316116418,10.0,0.631578947368421,1.0526315789473684,O12,de-protonated,,0.0,,C19 H20 O12,19.0,20.0,12.0,,,,
596,1169,439.1250350841464,439.1245936524468,439.1245851364691,5283177.5110845305,147.36054610354992,480763.60761030036,27.758695713159597,-1,0.01939307883341731,0.9999317610185726,0.0,0.5999590566111436,9.0,0.55,1.2,O11,de-protonated,,0.0,,C20 H24 O11,20.0,24.0,11.0,,,,
597,1170,439.1614154345865,439.1609739674961,439.1609706458191,3926728.989954484,227.6696168740578,486095.82594197063,20.884987000318638,-1,0.007563689024006627,0.999989619484918,0.0,0.5999937716909508,8.0,0.47619047619047616,1.3333333333333333,O10,de-protonated,,0.0,,C21 H28 O10,21.0,28.0,10.0,,,,
598,1177,441.03148311014496,441.0310398238926,441.0310786728791,2844900.4070388726,134.65091374027034,488185.4070503714,15.317256290305156,-1,-0.08808673213837703,0.9985930808601392,0.0,0.5991558485160835,11.0,0.8235294117647058,0.8235294117647058,O14,de-protonated,,0.0,,C17 H14 O14,17.0,14.0,14.0,,,,
599,1178,441.0468119871555,441.0463686859918,441.0463348141691,1942033.8153168433,109.22092639939164,460176.8965165391,10.325222006027872,-1,0.07679878518183919,0.9989303784112076,0.0,0.5993582270467245,15.0,0.5238095238095238,0.6666666666666666,O11,de-protonated,,0.0,,C21 H14 O11,21.0,14.0,11.0,,,,
600,1179,441.06789098950065,441.0674476678322,441.0674641822291,5818292.60520085,147.23199251495646,519082.6863231951,30.74378829105098,-1,-0.03744188420025254,0.9997456603995066,0.0,0.599847396239704,10.0,0.7222222222222222,1.0,O13,de-protonated,,0.0,,C18 H18 O13,18.0,18.0,13.0,,,,
601,1180,441.1042743384786,441.103830981418,441.1038496915791,5172318.546530795,67.79935452069833,514263.0873635761,26.895151074555304,-1,-0.0424166805923953,0.9996735953790431,0.0,0.5998041572274259,9.0,0.631578947368421,1.1578947368421053,O12,de-protonated,,0.0,,C19 H22 O12,19.0,22.0,12.0,,,,
602,1181,441.14069206693654,441.14024867445033,441.14023520092906,3281259.485692062,90.92054719358042,530541.6026202799,17.31886747423054,-1,0.03054249012695929,0.9998307510597466,0.0,0.5998984506358479,8.0,0.55,1.3,O11,de-protonated,,0.0,,C20 H26 O11,20.0,26.0,11.0,,,,
603,1182,441.17706973215564,441.1766263042829,441.17662071027905,1901192.0772986806,130.93641754334365,536158.421385608,10.025380117623603,-1,0.01267973768580625,0.9999708278772891,0.0,0.5999824967263734,7.0,0.47619047619047616,1.4285714285714286,O10,de-protonated,,0.0,,C21 H30 O10,21.0,30.0,10.0,,,,
604,1183,441.21347867286653,441.2130352095768,441.2130062196291,2387268.1310781674,193.78459025242907,478039.1146243031,12.43477626977879,-1,0.06570510676495452,0.9992169635311645,0.0,0.5995301781186987,6.0,0.4090909090909091,1.5454545454545454,O9,de-protonated,,0.0,,C22 H34 O9,22.0,34.0,9.0,,,,
605,1186,443.02607008077797,443.0256248543169,443.02559936927906,3725547.271324543,164.8161623873196,468491.52016576205,19.75758149991859,-1,0.05752497795739576,0.9993997441883024,0.0,0.5996398465129814,15.0,0.6,0.6,O12,de-protonated,,0.0,,C20 H12 O12,20.0,12.0,12.0,,,,
606,1187,443.0471254728444,443.04668022590243,443.0467287373391,3824394.6366361557,171.12160619162498,471293.8532560547,19.93748663296115,-1,-0.10949507921657019,0.9978269449332782,0.0,0.5986961669599669,10.0,0.8235294117647058,0.9411764705882353,O14,de-protonated,,0.0,,C17 H16 O14,17.0,16.0,14.0,,,,
607,1188,443.06240644269076,443.06196118088474,443.06198487862906,2616018.6343195755,130.51471610621962,535075.670341497,13.846032091201547,-1,-0.053486295673916676,0.9994810492347002,0.0,0.59968862954082,14.0,0.5238095238095238,0.7619047619047619,O11,de-protonated,,0.0,,C21 H16 O11,21.0,16.0,11.0,,,,
608,1189,443.0835618663868,443.0831165840026,443.08311424668904,4081718.356162921,99.82820440234887,482166.2676998517,21.993735672106865,-1,0.005275113145415361,0.9999949508730501,0.0,0.59999697052383,9.0,0.7222222222222222,1.1111111111111112,O13,de-protonated,,0.0,,C18 H20 O13,18.0,20.0,13.0,,,,
609,1190,443.09876804025964,443.09832274308417,443.09837038797906,2223229.6767681995,160.95220645780364,395011.24441770074,11.683172602845424,-1,-0.1075266759611427,0.9979042918904819,0.0,0.5987425751342891,13.0,0.45454545454545453,0.9090909090909091,O10,de-protonated,,0.0,,C22 H20 O10,22.0,20.0,10.0,,,,
610,1191,443.1199326293272,443.1194873115646,443.1194997560391,3346310.943362726,123.14056959103182,480054.24651453254,17.882570224430562,-1,-0.02808378884498958,0.9998569018065342,0.0,0.5999141410839205,8.0,0.631578947368421,1.263157894736842,O12,de-protonated,,0.0,,C19 H24 O12,19.0,24.0,12.0,,,,
611,1192,443.15633901123965,443.15589365806414,443.1558852653891,2398759.607089847,111.8670593102743,490702.1482863471,12.608018249745701,-1,0.018938426263324464,0.9999349230079079,0.0,0.5999609538047447,7.0,0.55,1.4,O11,de-protonated,,0.0,,C20 H28 O11,20.0,28.0,11.0,,,,
612,1193,443.19271855610924,443.1922731675469,443.1922707747391,2496221.1370345657,70.89873874669581,504211.99323746475,13.107754730419481,-1,0.005399028725400815,0.9999947108734777,0.0,0.5999968265240866,6.0,0.47619047619047616,1.5238095238095237,O10,de-protonated,,0.0,,C21 H32 O10,21.0,32.0,10.0,,,,
613,1194,443.2290818199306,443.2286363959973,443.22865628408914,2401597.7397645796,153.61359953495526,527069.8894373854,12.662656104966034,-1,-0.04487095221410702,0.9996347375126949,0.0,0.599780842507617,5.0,0.4090909090909091,1.6363636363636365,O9,de-protonated,,0.0,,C22 H36 O9,22.0,36.0,9.0,,,,
614,1195,444.2243344017614,444.2238880097454,444.22390525628913,1906189.6854106633,206.19823594338325,419840.49814610917,9.940758073562844,-1,-0.03882398837703812,0.9997265394160522,0.0,0.5998359236496312,5.0,0.42857142857142855,1.6666666666666667,N1 O9,de-protonated,,0.0,,C21 H35 O9 N1,21.0,35.0,9.0,1.0,,,
615,1198,445.00540607255044,445.0049589208005,445.0048639243891,2055596.8958304615,217.46503891924053,459669.4594651471,10.79697324378392,-1,0.2134727485176128,0.9917653637920404,0.0,0.5950592182752242,15.0,0.6842105263157895,0.5263157894736842,O13,de-protonated,,0.0,,C19 H10 O13,19.0,10.0,13.0,,,,
616,1199,445.0417001999499,445.04125301289764,445.0412494337391,5485342.0044134185,125.73344393627131,487881.0011089753,29.39516610853934,-1,0.008042307424777427,0.9999882642021364,0.0,0.5999929585212818,14.0,0.6,0.7,O12,de-protonated,,0.0,,C20 H14 O12,20.0,14.0,12.0,,,,
617,1200,445.06282705460967,445.06237984700795,445.06237880179907,3419732.108111778,118.79103432855766,515309.1247416687,17.9905133042561,-1,0.002348454791231283,0.999998999267465,0.0,0.599999399560479,9.0,0.8235294117647058,1.0588235294117647,O14,de-protonated,,0.0,,C17 H18 O14,17.0,18.0,14.0,,,,
618,1201,445.0781388440305,445.0776916215354,445.0776349430891,2948533.1597305574,122.14379620468813,469831.7158608753,15.790340158676337,-1,0.12734507836193965,0.997061813515463,0.0,0.5982370881092778,13.0,0.5238095238095238,0.8571428571428571,O11,de-protonated,,0.0,,C21 H18 O11,21.0,18.0,11.0,,,,
619,1202,445.0991973949771,445.09875015199896,445.09876431114907,3176967.466495432,434.2018695821293,470408.1938649051,16.719183697422004,-1,-0.03181125459615616,0.9998163987846621,0.0,0.5998898392707972,8.0,0.7222222222222222,1.2222222222222223,O13,de-protonated,,0.0,,C18 H22 O13,18.0,22.0,13.0,,,,
620,1203,445.1145098297307,445.1140625718586,445.1140204524391,1759184.8144703328,490.423405416758,475022.4745925462,9.14850917286801,-1,0.09462613525709254,0.9983766084525957,0.0,0.5990259650715574,12.0,0.45454545454545453,1.0,O10,de-protonated,,0.0,,C22 H22 O10,22.0,22.0,10.0,,,,
621,1205,445.13560520650685,445.1351579281159,445.13514982049907,2204999.2472126284,154.21259775880392,414290.6162677018,11.489941163651563,-1,0.018213832030908646,0.9999398073572207,0.0,0.5999638844143323,7.0,0.631578947368421,1.368421052631579,O12,de-protonated,,0.0,,C19 H26 O12,19.0,26.0,12.0,,,,
622,1206,445.1719258086479,445.17147849492903,445.17153532984906,1899662.5302835235,194.42452588918027,467509.7091888363,9.991398036937786,-1,-0.12766970823642654,0.9970468364579752,0.0,0.5982281018747851,6.0,0.55,1.5,O11,de-protonated,,0.0,,C20 H30 O11,20.0,30.0,11.0,,,,
623,1207,445.2083182351541,445.20787088603737,445.20792083919906,2362900.09451178,80.60604231604805,568307.660162161,12.330831081798644,-1,-0.11220187097810162,0.9977183023768299,0.0,0.5986309814260979,5.0,0.47619047619047616,1.619047619047619,O10,de-protonated,,0.0,,C21 H34 O10,21.0,34.0,10.0,,,,
624,1208,446.04487740602633,446.0444292432223,446.0443817186091,1584400.9795471993,125.2617891742479,420355.1319194486,8.26564139034433,-1,0.10654682614993434,0.9979422735040377,0.0,0.5987653641024226,17.0,0.08333333333333333,0.75,N1 S2 P1 O2,de-protonated,,0.0,,C24 H18 O2 N1 P1 S2,24.0,18.0,2.0,1.0,1.0,2.0,
625,1210,447.02095993611715,447.0205108239361,447.0205139888491,5162525.721849724,163.72526263813046,480970.47404623375,27.574792688271646,-1,-0.007080017322058012,0.9999909046274278,0.0,0.5999945427764567,14.0,0.6842105263157895,0.631578947368421,O13,de-protonated,,0.0,,C19 H12 O13,19.0,12.0,13.0,,,,
626,1211,447.0573147129903,447.0568655654495,447.0568994981991,6071681.828243455,257.9366915593072,490498.746941513,32.620132197154135,-1,-0.07590252959615867,0.9989551851168331,0.0,0.5993731110700998,13.0,0.6,0.8,O12,de-protonated,,0.0,,C20 H16 O12,20.0,16.0,12.0,,,,
627,1212,447.07836738752667,447.07791821950946,447.0780288662591,1719268.3796338667,58.854119149265614,483578.3756176757,9.232464901621205,-1,-0.24748867647911754,0.9889476815937708,0.0,0.5933686089562624,8.0,0.8235294117647058,1.1764705882352942,O14,de-protonated,,0.0,,C17 H20 O14,17.0,20.0,14.0,,,,
628,1213,447.0937668608011,447.09331767780594,447.09328500754907,2549755.2347699916,84.25067964410263,531001.1152127276,13.299653538998214,-1,0.07307257336870604,0.9990316056137625,0.0,0.5994189633682575,12.0,0.5238095238095238,0.9523809523809523,O11,de-protonated,,0.0,,C21 H20 O11,21.0,20.0,11.0,,,,
629,1214,447.1301884664789,447.1297392480591,447.12967051689907,2281012.6978194173,352.9892934780616,406882.073029103,11.971020815713523,-1,0.15371639268246742,0.9957217758814904,0.0,0.5974330655288942,11.0,0.45454545454545453,1.0909090909090908,O10,de-protonated,,0.0,,C22 H24 O10,22.0,24.0,10.0,,,,
630,1217,449.03659527215456,449.03614419955056,449.03616405330905,8074648.424487912,162.78892340470588,509122.3233778839,42.02583907874225,-1,-0.04421416375172113,0.995890976228126,0.9885248618934402,0.9929445304942517,13.0,0.6842105263157895,0.7368421052631579,O13,de-protonated,,0.0,,C19 H14 O13,19.0,14.0,13.0,,,,
631,1218,449.0730142417188,449.07256313369425,449.0725495626591,5088783.636427696,144.54221717769508,524224.42543927423,26.64728178014111,-1,0.030220139603989494,0.9998343044755571,0.0,0.5999005826853342,12.0,0.6,0.9,O12,de-protonated,,0.0,,C20 H18 O12,20.0,18.0,12.0,,,,
632,1219,449.10937102711,449.1089198837254,449.1089350720091,3212694.4788395106,273.7568548667375,454850.63650100055,17.02968663074731,-1,-0.033818707533361976,0.9997924977655586,0.0,0.5998754986593351,11.0,0.5238095238095238,1.0476190476190477,O11,de-protonated,,0.0,,C21 H22 O11,21.0,22.0,11.0,,,,
633,1220,449.14573934817577,449.1452881694199,449.14532058135904,3476266.6756822583,204.93682900153163,466786.06575071986,18.079799555469815,-1,-0.07216359078321201,0.9990555370404953,0.0,0.5994333222242971,10.0,0.45454545454545453,1.1818181818181819,O10,de-protonated,,0.0,,C22 H26 O10,22.0,26.0,10.0,,,,
634,1222,449.1821559675804,449.1817047534063,449.18170609070904,1954285.9028122434,123.90434304453805,490864.9086492874,10.279912565113449,-1,-0.0029771977456254655,0.9999983916934082,0.0,0.5999990350160449,9.0,0.391304347826087,1.3043478260869565,O9,de-protonated,,0.0,,C23 H30 O9,23.0,30.0,9.0,,,,
635,1225,450.04006480879417,450.0396127602404,450.03951888837906,1795872.4016283317,175.09157224659813,492219.23475492967,9.350402711060218,-1,0.20858581835263154,0.9921366021885714,0.9885248618934402,0.9906919060705189,13.0,0.6842105263157895,0.7368421052631579,13C1 O13,de-protonated,,1.0,1217.0,C18 H14 O13 13C1,18.0,14.0,13.0,,,,1.0
636,1231,451.0158341159942,451.0153811184519,451.0154286084191,3353971.642685895,211.76939695159868,493999.1420006408,17.526757850190833,-1,-0.10529565991501173,0.9979902687002662,0.0,0.5987941612201597,13.0,0.7777777777777778,0.6666666666666666,O14,de-protonated,,0.0,,C18 H12 O14,18.0,12.0,14.0,,,,
637,1233,451.05226626528264,451.0518132323086,451.0518141177691,7781123.975119895,137.080791713544,501965.0523060778,41.15696391767744,-1,-0.0019631015345822817,0.4999996503695849,0.8295321147073624,0.631812636104696,12.0,0.6842105263157895,0.8421052631578947,O13,de-protonated,,0.0,,C19 H16 O13,19.0,16.0,13.0,,,,
638,1234,451.08865734236764,451.0882042740016,451.0881996271191,4761441.682937828,118.65985571715127,526813.4373110401,24.818912576182637,-1,0.010301494328969076,0.9999807447082826,0.0,0.5999884468249695,11.0,0.6,1.0,O12,de-protonated,,0.0,,C20 H20 O12,20.0,20.0,12.0,,,,
639,1235,451.1250176735014,451.1245645697735,451.1245851364691,4590960.3840216575,145.44931794186937,480739.04519801517,23.934045847736265,-1,-0.04558983540195548,0.9996229421500595,0.0,0.5997737652900357,10.0,0.5238095238095238,1.1428571428571428,O11,de-protonated,,0.0,,C21 H24 O11,21.0,24.0,11.0,,,,
640,1236,451.1613807087745,451.16092756968203,451.1609706458191,3582349.611352901,135.28104172558508,501408.6300191167,18.78875904271902,-1,-0.09547842089492088,0.998347257680035,0.0,0.5990083546080209,9.0,0.45454545454545453,1.2727272727272727,O10,de-protonated,,0.0,,C22 H28 O10,22.0,28.0,10.0,,,,
641,1238,451.19379455191125,451.193341381295,451.1933334031691,1854958.4034919057,133.8298315513261,423335.80460902763,9.709546661837773,-1,0.0176822778676362,0.9999432693276029,0.0,0.5999659615965617,4.0,0.6111111111111112,1.7777777777777777,N2 O11,de-protonated,,0.0,,C18 H32 O11 N2,18.0,32.0,11.0,2.0,,,
642,1242,453.0315451574052,453.03109019953973,453.0310786728791,5888365.993003516,152.44266864798954,460643.3213938319,31.140912214359744,-1,0.025443421339221284,0.9998825428818172,0.0,0.5999295257290903,12.0,0.7777777777777778,0.7777777777777778,O14,de-protonated,,0.0,,C18 H14 O14,18.0,14.0,14.0,,,,
643,1243,453.0679234888693,453.0674684956259,453.0674641822291,6723712.257222049,81.9937879180762,487768.8678705692,36.15959911093963,-1,0.009520429387732473,0.999983553884744,0.0,0.5999901323308464,11.0,0.6842105263157895,0.9473684210526315,O13,de-protonated,,0.0,,C19 H18 O13,19.0,18.0,13.0,,,,
644,1244,453.10427899447654,453.10382396587744,453.1038496915791,5524503.926560629,189.48838111792608,487561.6773049189,28.90742330340173,-1,-0.05677661245450477,0.9994152559979121,0.0,0.5996491535987473,10.0,0.6,1.1,O12,de-protonated,,0.0,,C20 H22 O12,20.0,22.0,12.0,,,,
645,1245,453.1406386679362,453.14018360397733,453.14023520092906,4289807.864768102,128.86487323545043,458226.6557027731,22.330891217734777,-1,-0.11386530639480304,0.9976502269447531,0.0,0.5985901361668519,9.0,0.5238095238095238,1.2380952380952381,O11,de-protonated,,0.0,,C21 H26 O11,21.0,26.0,11.0,,,,
646,1246,453.1770687947838,453.1766136953968,453.17662071027905,3148870.6850400255,80.07882160333385,483751.07901999756,16.435333376399296,-1,-0.015479356063229439,0.999956523941168,0.0,0.5999739143647007,8.0,0.45454545454545453,1.3636363636363635,O10,de-protonated,,0.0,,C22 H30 O10,22.0,30.0,10.0,,,,
647,1249,455.0260647447339,455.02560784724045,455.0255993692791,2706104.87751279,142.97156055532207,452015.6778860063,14.103229799921653,-1,0.018631833773860993,0.999937012937866,0.0,0.5999622077627196,16.0,0.5714285714285714,0.5714285714285714,O12,de-protonated,,0.0,,C21 H12 O12,21.0,12.0,12.0,,,,
648,1250,455.0471874884846,455.04673057045017,455.0467287373391,5687575.129111848,212.1875331474512,507345.6912453222,29.613717529420672,-1,0.004028401821552198,0.9999970554512005,0.0,0.5999982332707203,11.0,0.7777777777777778,0.8888888888888888,O14,de-protonated,,0.0,,C18 H16 O14,18.0,16.0,14.0,,,,
649,1251,455.06242324963995,455.06196631678944,455.06198487862906,1867281.31408401,123.53988280173364,512298.4497529357,9.934761235794758,-1,-0.04078969512121355,0.9996981513812423,0.0,0.5998188908287454,15.0,0.5,0.7272727272727273,O11,de-protonated,,0.0,,C22 H16 O11,22.0,16.0,11.0,,,,
650,1252,455.08358853529757,455.08313158186473,455.08311424668904,5514550.64526436,86.17411648505475,462963.6420772229,29.544420737433907,-1,0.038092328974144336,0.9997367479812757,0.0,0.5998420487887653,10.0,0.6842105263157895,1.0526315789473684,O13,de-protonated,,0.0,,C19 H20 O13,19.0,20.0,13.0,,,,
651,1253,455.11998143760997,455.11952444878665,455.1194997560391,4499894.850970085,78.08192678633175,508042.990071594,23.430311475217092,-1,0.05425552535523238,0.9994660190100476,0.0,0.5996796114060285,9.0,0.6,1.2,O12,de-protonated,,0.0,,C20 H24 O12,20.0,24.0,12.0,,,,
652,1254,455.156337674585,455.15588065040686,455.1558852653891,3031490.727188947,158.67499180972425,478023.25639971584,15.947590571261685,-1,-0.010139344300341753,0.999981346105391,0.0,0.5999888076632346,8.0,0.5238095238095238,1.3333333333333333,O11,de-protonated,,0.0,,C21 H28 O11,21.0,28.0,11.0,,,,
653,1255,455.1927642008012,455.19230714119993,455.1922707747391,1840930.3807806585,107.04550341164591,573659.4565546096,9.64291513108127,-1,0.07989252714078877,0.9988425168422562,0.0,0.5993055101053537,7.0,0.45454545454545453,1.4545454545454546,O10,de-protonated,,0.0,,C22 H32 O10,22.0,32.0,10.0,,,,
654,1256,457.00525464687166,457.00479582474264,457.0048639243891,1572910.9867516852,181.86881094839487,469640.97130208404,8.196344598357566,-1,-0.14901295769695208,0.9959790627437766,0.0,0.5975874376462659,16.0,0.65,0.5,O13,de-protonated,,0.0,,C20 H10 O13,20.0,10.0,13.0,,,,
655,1258,457.04170982900683,457.04125097142827,457.0412494337391,3698957.1571092536,97.0801525295979,478633.96788011375,19.838871967441523,-1,0.00336444286887101,0.9999979460980923,0.0,0.5999987676588554,15.0,0.5714285714285714,0.6666666666666666,O12,de-protonated,,0.0,,C21 H14 O12,21.0,14.0,12.0,,,,
656,1259,457.06282685937833,457.0623679812653,457.06237880179907,4950816.462365782,117.92438464444979,471504.22017833387,26.34344199989145,-1,-0.02367408533608997,0.9998983100197205,0.0,0.5999389860118323,10.0,0.7777777777777778,1.0,O14,de-protonated,,0.0,,C18 H18 O14,18.0,18.0,14.0,,,,
657,1260,457.0781051705266,457.0776462775567,457.0776349430891,1639881.7329260756,147.19627369631354,469816.599895699,8.789365222090453,-1,0.024797685882298845,0.9998884288502464,0.0,0.5999330573101478,14.0,0.5,0.8181818181818182,O11,de-protonated,,0.0,,C22 H18 O11,22.0,18.0,11.0,,,,
658,1261,457.0992254194585,457.098766505951,457.09876431114907,3979873.6920960164,169.68020693018022,463003.64324341697,20.946288008614623,-1,0.004801592364719482,0.9999958166568056,0.0,0.5999974899940833,9.0,0.6842105263157895,1.1578947368421053,O13,de-protonated,,0.0,,C19 H22 O13,19.0,22.0,13.0,,,,
659,1262,457.135607099702,457.13514815081646,457.13514982049907,3063410.379976854,222.0233315197505,455054.35380998283,16.07818837154443,-1,-0.003652492275837598,0.9999975793504721,0.0,0.5999985476102833,8.0,0.6,1.3,O12,de-protonated,,0.0,,C20 H26 O12,20.0,26.0,12.0,,,,
660,1263,457.1719138522804,457.17145486808977,457.17153532984906,1791780.5817121658,85.02711088663219,503234.74402292765,9.552296249252425,-1,-0.17599905741760585,0.9943952711231185,0.0,0.5966371626738711,7.0,0.5238095238095238,1.4285714285714286,O11,de-protonated,,0.0,,C21 H30 O11,21.0,30.0,11.0,,,,
661,1264,457.20837507707,457.20791605742414,457.20792083919906,1886845.5605156145,89.33525534867816,483489.7037275188,9.951419118483884,-1,-0.0104586440898951,0.9999801527524464,0.0,0.5999880916514678,6.0,0.45454545454545453,1.5454545454545454,O10,de-protonated,,0.0,,C22 H34 O10,22.0,34.0,10.0,,,,
662,1265,458.203600615612,458.2031406282092,458.20316981139905,1637010.9132201693,232.50688347835998,494156.18221831555,8.591469575743636,-1,-0.0636905018575809,0.9992642278412562,0.0,0.5995585367047537,6.0,0.47619047619047616,1.5714285714285714,N1 O10,de-protonated,,0.0,,C21 H33 O10 N1,21.0,33.0,10.0,1.0,,,
663,1268,459.02094993497275,459.0204891527957,459.0205139888491,2748393.9404491247,108.65702817416467,470549.76149103855,14.493690570154767,-1,-0.05410663062296445,0.9994689450447156,0.0,0.5996813670268294,15.0,0.65,0.6,O13,de-protonated,,0.0,,C20 H12 O13,20.0,12.0,13.0,,,,
664,1269,459.04217581458346,459.041715011767,459.0416433569091,1684682.7395067962,200.4173492669105,440085.56647039147,8.789365222090453,-1,0.1560966394393606,0.9955885512761832,0.0,0.5973531307657098,10.0,0.8823529411764706,0.9411764705882353,O15,de-protonated,,0.0,,C17 H16 O15,17.0,16.0,15.0,,,,
665,1270,459.0573854790739,459.05692466146803,459.0568994981991,3490238.122277432,56.80606130884839,502448.61684974126,18.35032357034122,-1,0.05481514162144406,0.9994549497712968,0.0,0.5996729698627781,14.0,0.5714285714285714,0.7619047619047619,O12,de-protonated,,0.0,,C21 H16 O12,21.0,16.0,12.0,,,,
666,1271,459.07842694047184,459.0779661024058,459.0780288662591,2749859.8641893463,217.22297370643585,493396.5832324386,14.468370588467295,-1,-0.13671717953545381,0.9966141809175464,0.0,0.5979685085505279,9.0,0.7777777777777778,1.1111111111111112,O14,de-protonated,,0.0,,C18 H20 O14,18.0,20.0,14.0,,,,
667,1272,459.0936449159879,459.0931840631244,459.09328500754907,2579782.744978558,239.71126699592008,369364.6787852866,13.6468038142396,-1,-0.2198778069073345,0.9912660013702479,0.0,0.5947596008221487,13.0,0.5,0.9090909090909091,O11,de-protonated,,0.0,,C22 H20 O11,22.0,20.0,11.0,,,,
668,1273,459.1148740040614,459.1144131305554,459.1144143756091,2679285.532974186,67.23601867171291,482185.4957782613,14.023271963013848,-1,-0.0027118592718985137,0.9999986655944615,0.0,0.5999991993566769,8.0,0.6842105263157895,1.263157894736842,O13,de-protonated,,0.0,,C19 H24 O13,19.0,24.0,13.0,,,,
669,1274,459.130155517823,459.12969462945773,459.12967051689907,1748237.0281385747,172.94357937724106,451864.43327693146,9.297763801762578,-1,0.05251797087191128,0.9994996648260984,0.0,0.599699798895659,12.0,0.43478260869565216,1.0434782608695652,O10,de-protonated,,0.0,,C23 H24 O10,23.0,24.0,10.0,,,,
670,1275,459.1665364436614,459.16607551992047,459.1660560262491,2188748.7690240173,99.07448631542177,433405.9709874351,11.466620127886786,-1,0.042454513110736974,0.9996730129574275,0.0,0.5998038077744565,11.0,0.375,1.1666666666666667,O9,de-protonated,,0.0,,C24 H28 O9,24.0,28.0,9.0,,,,
671,1276,459.2240632592099,459.22360227953175,459.2235709036591,2240781.7334909905,156.3068423416808,376149.9009585047,11.77778937651966,-1,0.0683237417240256,0.9991533319015355,0.0,0.5994919991409213,5.0,0.45454545454545453,1.6363636363636365,O10,de-protonated,,0.0,,C22 H36 O10,22.0,36.0,10.0,,,,
672,1277,460.05251535629503,460.0520535710648,460.05214847039906,1670851.0932940335,181.98250383110704,388687.53347658215,8.912633553989986,-1,-0.20627951545772344,0.9923088630008634,0.0,0.5953853178005181,14.0,0.6,0.75,N1 O12,de-protonated,,0.0,,C20 H15 O12 N1,20.0,15.0,12.0,1.0,,,
673,1280,461.0366251177741,461.03616237565603,461.03616405330905,5973877.209276612,96.76348839334153,484717.2248759394,31.52737509274747,-1,-0.003638875099615085,0.9999975973660757,0.0,0.5999985584196454,14.0,0.65,0.7,O13,de-protonated,,0.0,,C20 H14 O13,20.0,14.0,13.0,,,,
674,1281,461.0730072623399,461.07254448484645,461.0725495626591,5085233.616435015,60.54500612146753,504509.02318664413,26.51668397985836,-1,-0.011013044832215959,0.9999779928469519,0.0,0.5999867957081712,13.0,0.5714285714285714,0.8571428571428571,O12,de-protonated,,0.0,,C21 H18 O12,21.0,18.0,12.0,,,,
675,1282,461.1094905756391,461.10902776267193,461.1089350720091,2960989.5850485014,122.3278379317878,455247.9602499633,15.494496162117457,-1,0.2010168439062224,0.9926948760182904,0.0,0.5956169256109742,12.0,0.5,1.0,O11,de-protonated,,0.0,,C22 H22 O11,22.0,22.0,11.0,,,,
676,1283,461.1458249979744,461.14536214967836,461.14532058135904,1643924.5427769336,148.5845740965223,464387.10217188945,8.578809584899899,-1,0.09014147485184451,0.998526727665268,0.0,0.5991160365991608,11.0,0.43478260869565216,1.1304347826086956,O10,de-protonated,,0.0,,C23 H26 O10,23.0,26.0,10.0,,,,
677,1284,461.1820662221583,461.181603338624,461.18170609070904,1991631.7897057503,41.27598600151527,486418.5991518067,10.717015406876115,-1,-0.22280173674021161,0.9910332193458046,0.0,0.5946199316074827,10.0,0.375,1.25,O9,de-protonated,,0.0,,C24 H30 O9,24.0,30.0,9.0,,,,
678,1285,462.03984637709243,462.03938265952513,462.0392963381791,1604610.4146885506,157.0663124396833,389675.1819887168,8.392241298781688,-1,0.18682684939606464,0.9936866790502098,0.0,0.5962120074301258,17.0,0.125,0.75,N1 S2 P1 O3,de-protonated,,0.0,,C24 H18 O3 N1 P1 S2,24.0,18.0,3.0,1.0,1.0,2.0,
679,1289,463.0158976671889,463.0154330006109,463.0154286084191,3038448.9561791173,111.68303110910017,458055.4726461972,15.935596895725515,-1,0.009486059360165949,0.9999836724147988,0.0,0.5999902034488792,14.0,0.7368421052631579,0.631578947368421,O14,de-protonated,,0.0,,C19 H12 O14,19.0,12.0,14.0,,,,
680,1290,463.0522579127004,463.05179321077,463.0518141177691,7158824.573477823,167.98708506298584,497828.8184329719,37.39094979931983,-1,-0.045150452873910195,0.999764371767186,0.9697254024159078,0.9877487840266748,13.0,0.65,0.8,O13,de-protonated,,0.0,,C20 H16 O13,20.0,16.0,13.0,,,,
681,1291,463.08866698447076,463.0882022471404,463.0881996271191,4988840.588751798,89.80426205433675,492548.13931427785,26.276810469134947,-1,0.005657715514208673,0.9999941918907168,0.0,0.5999965151344301,12.0,0.5714285714285714,0.9523809523809523,O12,de-protonated,,0.0,,C21 H20 O12,21.0,20.0,12.0,,,,
682,1292,463.1250204584847,463.12455568580845,463.1245851364691,2626252.80019962,132.73335789581517,494351.67571798037,13.716766921533928,-1,-0.06359122702388625,0.9992665189193914,0.0,0.5995599113516349,11.0,0.5,1.0909090909090908,O11,de-protonated,,0.0,,C22 H24 O11,22.0,24.0,11.0,,,,
683,1293,463.16145060064576,463.1609857925491,463.1609706458191,2307007.0169420745,79.180463649685,506537.1865766319,12.152258579371214,-1,0.03270294996714449,0.9998059625538306,0.0,0.5998835775322984,10.0,0.43478260869565216,1.2173913043478262,O10,de-protonated,,0.0,,C23 H28 O10,23.0,28.0,10.0,,,,
684,1296,463.21069009793166,463.2102252419603,463.2101103730091,2031355.6305530097,207.71719619883046,395027.4481654768,10.658379659810391,-1,0.24798455088557578,0.9889035947152451,0.0,0.593342156829147,17.0,0.03125,1.0,S1 O1,de-protonated,,0.0,,C32 H32 O1 S1,32.0,32.0,1.0,,,1.0,
685,1296,463.21069009793166,463.2102252419603,463.2102433147391,2031355.6305530097,207.71719619883046,395027.4481654768,10.658379659810391,-1,-0.039016362572826827,0.9997238230639606,0.0,0.5998342938383763,4.0,0.42857142857142855,1.7619047619047619,P1 O9,de-protonated,,0.0,,C21 H37 O9 P1,21.0,37.0,9.0,,1.0,,
686,1297,464.0556236582754,464.05515798079875,464.05516895283904,1881452.059739391,252.67810095760913,362762.3152278789,9.795501336513665,-1,-0.023643827329549328,0.9998985697817148,0.9697254024159078,0.9878293028353919,13.0,0.65,0.8,13C1 O13,de-protonated,,1.0,1290.0,C19 H16 O13 13C1,19.0,16.0,13.0,,,,1.0
687,1300,465.03156421866794,465.0310975923307,465.0310786728791,6524102.111268602,174.73379272454918,459928.5088410876,34.46982349095469,-1,0.04068427347037015,0.9996997093966195,0.0,0.5998198256379716,13.0,0.7368421052631579,0.7368421052631579,O14,de-protonated,,0.0,,C19 H14 O14,19.0,14.0,14.0,,,,
688,1301,465.0679561649304,465.06748950321145,465.0674641822291,5938705.067603433,71.5824053114936,484520.80871307116,30.919695532248152,-1,0.05444582621114326,0.9994622675810428,0.0,0.5996773605486256,12.0,0.65,0.9,O13,de-protonated,,0.0,,C20 H18 O13,20.0,18.0,13.0,,,,
689,1302,465.1043693200204,465.10390262289906,465.1038496915791,4026156.844338666,141.30953177426886,483441.9933057353,21.034241629213206,-1,0.11380537911547631,0.9976526967593218,0.0,0.598591618055593,11.0,0.5714285714285714,1.0476190476190477,O12,de-protonated,,0.0,,C21 H22 O12,21.0,22.0,12.0,,,,
690,1303,465.14066043184414,465.1401936994391,465.14023520092906,3332457.317135266,163.8559268404551,508332.96251073456,17.409486356059386,-1,-0.08922360783051493,0.9985565565954283,0.0,0.599133933957257,10.0,0.5,1.1818181818181819,O11,de-protonated,,0.0,,C22 H26 O11,22.0,26.0,11.0,,,,
691,1305,465.17708999549404,465.1766232276708,465.17662071027905,2675430.4030669914,91.34341913778003,400673.87109648436,13.947312017951432,-1,0.005411690177884543,0.9999946860370214,0.0,0.5999968116222127,9.0,0.43478260869565216,1.3043478260869565,O10,de-protonated,,0.0,,C23 H30 O10,23.0,30.0,10.0,,,,
692,1307,466.17237236785195,466.17190463238717,466.1718696824791,5770686.846136843,52.733541101286036,503848.84383035,30.040159326262298,-1,0.07497215156644502,0.9989806288701331,0.0,0.5993883773220798,9.0,0.45454545454545453,1.3181818181818181,N1 O10,de-protonated,,0.0,,C22 H29 O10 N1,22.0,29.0,10.0,1.0,,,
693,1309,467.0108489306095,467.0103803799708,467.01034322798904,1665068.9523158814,91.8465338674818,406505.1654813254,8.693415817801087,-1,0.07955280283706911,0.9988523341273631,0.0,0.5993114004764178,13.0,0.8333333333333334,0.6666666666666666,O15,de-protonated,,0.0,,C18 H12 O15,18.0,12.0,15.0,,,,
694,1310,467.0260146090632,467.02554604368044,467.0255993692791,1592662.5814617497,111.66033745614433,441542.29060053825,8.33027397517814,-1,-0.11418131844854333,0.9976371815690318,0.0,0.5985823089414191,17.0,0.5454545454545454,0.5454545454545454,O12,de-protonated,,0.0,,C22 H12 O12,22.0,12.0,12.0,,,,
695,1311,467.04717999336293,467.0467114074032,467.0467287373391,7087409.953475292,121.7464367053272,475166.0833436124,37.52421286083283,-1,-0.037105357570887794,0.9997502112792488,0.0,0.5998501267675492,12.0,0.7368421052631579,0.8421052631578947,O14,de-protonated,,0.0,,C19 H16 O14,19.0,16.0,14.0,,,,
696,1312,467.08356842059317,467.0830997992567,467.08311424668904,5722566.156499678,140.82511107151777,468425.10507131467,30.06947719979516,-1,-0.030931181031112927,0.9998264162214251,0.0,0.599895849732855,11.0,0.65,1.0,O13,de-protonated,,0.0,,C20 H20 O13,20.0,20.0,13.0,,,,
697,1313,467.11997459446866,467.11950593773815,467.1194997560391,4925141.285027234,140.3055218346568,462718.9288641576,25.85036867229332,-1,0.013233656627423651,0.9999682234567409,0.0,0.5999809340740445,10.0,0.5714285714285714,1.1428571428571428,O12,de-protonated,,0.0,,C21 H24 O12,21.0,24.0,12.0,,,,
698,1314,467.1563250279798,467.15585633590956,467.1558852653891,3786639.143267369,189.82710963263904,454708.5591160359,20.303960052121923,-1,-0.0619268223714259,0.9993043987910251,0.0,0.599582639274615,9.0,0.5,1.2727272727272727,O11,de-protonated,,0.0,,C22 H28 O11,22.0,28.0,11.0,,,,
699,1316,467.1927781019214,467.19230937441165,467.1922707747391,2267251.6365661765,246.6382676863089,447312.8094166358,11.832427231739993,-1,0.08262052901693592,0.9987621704643753,0.0,0.5992573022786252,8.0,0.43478260869565216,1.391304347826087,O10,de-protonated,,0.0,,C23 H32 O10,23.0,32.0,10.0,,,,
700,1320,469.02643506940257,469.02596455925607,469.0259932924491,2515926.377937348,169.37062504804004,453564.15587181604,13.378278745290888,-1,-0.06126140857063566,0.9993192621127905,0.0,0.5995915572676743,12.0,0.8333333333333334,0.7777777777777778,O15,de-protonated,,0.0,,C18 H14 O15,18.0,14.0,15.0,,,,
701,1321,469.04170220451357,469.041231679525,469.0412494337391,1893779.1777209982,107.6172118192831,458389.0427127285,9.860133921347472,-1,-0.03785213793434735,0.9997400569536637,0.0,0.5998440341721982,16.0,0.5454545454545454,0.6363636363636364,O12,de-protonated,,0.0,,C22 H14 O12,22.0,14.0,12.0,,,,
702,1322,469.06287106981557,469.0624005242476,469.06237880179907,6216941.805000882,141.33997240461937,467234.12009977445,32.69742477283168,-1,0.0463103619444171,0.9996109318498815,0.0,0.5997665591099288,11.0,0.7368421052631579,0.9473684210526315,O14,de-protonated,,0.0,,C19 H18 O14,19.0,18.0,14.0,,,,
703,1323,469.0992521626256,469.09878158168954,469.09876431114907,4337950.102793129,233.1865824490858,497571.81039356126,22.665381502132426,-1,0.03681642711918644,0.9997540857459649,0.0,0.5998524514475789,10.0,0.65,1.1,O13,de-protonated,,0.0,,C20 H22 O13,20.0,22.0,13.0,,,,
704,1324,469.1356196780719,469.1351490617811,469.13514982049907,3181074.8690008298,98.81799328158121,502661.52214231115,16.600579572675425,-1,-0.0016172695400936963,0.9999995254100478,0.0,0.5999997152460287,9.0,0.5714285714285714,1.2380952380952381,O12,de-protonated,,0.0,,C21 H26 O12,21.0,26.0,12.0,,,,
705,1325,469.17204797534043,469.1715773236357,469.17153532984906,2319912.992018893,78.40729045443861,451889.8130001446,12.09495546292062,-1,0.08950625402825868,0.9985474035678122,0.0,0.5991284421406873,8.0,0.5,1.3636363636363635,O11,de-protonated,,0.0,,C22 H30 O11,22.0,30.0,11.0,,,,
706,1326,469.20844170358794,469.20797101650294,469.20792083919906,1555054.7354742503,102.15066910677899,375278.0748851224,8.15036884213558,-1,0.10694044505175612,0.9979270573859951,0.0,0.598756234431597,7.0,0.43478260869565216,1.4782608695652173,O10,de-protonated,,0.0,,C23 H34 O10,23.0,34.0,10.0,,,,
707,1327,469.2447213518936,469.24425062953924,469.24430634854906,1772985.3958363696,59.19282611623889,425140.58414631576,9.265114351691892,-1,-0.11874200510949681,0.9974449043580251,0.0,0.598466942614815,6.0,0.375,1.5833333333333333,O9,de-protonated,,0.0,,C24 H38 O9,24.0,38.0,9.0,,,,
708,1328,471.020983947499,471.02051149838275,471.02051398884913,3196975.630769808,96.50049503058932,503790.24933923356,16.70852265250096,-1,-0.00528738412031453,0.9999949273552168,0.0,0.59999695641313,16.0,0.6190476190476191,0.5714285714285714,O13,de-protonated,,0.0,,C21 H12 O13,21.0,12.0,13.0,,,,
709,1329,471.04208942254905,471.0416169529159,471.0416433569091,3749606.7619384932,222.39807259740044,440977.0529001319,19.517707989195173,-1,-0.056054477539305536,0.9994300317685335,0.0,0.59965801906112,11.0,0.8333333333333334,0.8888888888888888,O15,de-protonated,,0.0,,C18 H16 O15,18.0,16.0,15.0,,,,
710,1330,471.05736706859585,471.0568945841111,471.0568994981991,3132574.794128464,165.2130635845084,398589.47432307346,16.34338186395532,-1,-0.010432047564133285,0.9999802535669368,0.0,0.599988152140162,15.0,0.5454545454545454,0.7272727272727273,O12,de-protonated,,0.0,,C22 H16 O12,22.0,16.0,12.0,,,,
711,1331,471.07851498589764,471.0780424808547,471.0780288662591,4614385.147571895,172.67423786162098,491600.79741288867,24.01666894587433,-1,0.02890093526328178,0.9998484539180222,0.0,0.5999090723508134,10.0,0.7368421052631579,1.0526315789473684,O14,de-protonated,,0.0,,C19 H20 O14,19.0,20.0,14.0,,,,
712,1332,471.0937070881363,471.09323456832493,471.09328500754907,1740884.6490554602,87.16653571176232,504051.31835901126,9.205145974011039,-1,-0.10706844216385025,0.9979220973648615,0.0,0.5987532584189169,14.0,0.4782608695652174,0.8695652173913043,O11,de-protonated,,0.0,,C23 H20 O11,23.0,20.0,11.0,,,,
713,1333,471.1149127022108,471.11444016178524,471.1144143756091,3592288.344322299,80.24567584176663,491372.2817940813,18.736786448728946,-1,0.05473442406242111,0.999456553371416,0.0,0.5996739320228496,9.0,0.65,1.2,O13,de-protonated,,0.0,,C20 H24 O13,20.0,24.0,13.0,,,,
714,1334,471.15125425634443,471.1507816805909,471.1507998849591,3114116.2572985105,116.51030483177017,464535.863881861,16.755164724030514,-1,-0.038638092503153754,0.9997291515444862,0.0,0.5998374909266917,8.0,0.5714285714285714,1.3333333333333333,O12,de-protonated,,0.0,,C21 H28 O12,21.0,28.0,12.0,,,,
715,1335,471.1877264904819,471.1872538792733,471.1871853943091,2397113.1587116616,89.7494178650442,445612.34715390793,12.671984519271945,-1,0.1453455576765391,0.9961741736110656,0.0,0.5977045041666393,7.0,0.5,1.4545454545454546,O11,de-protonated,,0.0,,C22 H32 O11,22.0,32.0,11.0,,,,
716,1336,471.22398665563185,471.22351400917444,471.2235709036591,2149271.9799717558,145.4831864567391,380863.4177802015,11.20275926609103,-1,-0.12073777325829989,0.9973584069989965,0.0,0.5984150441993978,6.0,0.43478260869565216,1.565217391304348,O10,de-protonated,,0.0,,C23 H36 O10,23.0,36.0,10.0,,,,
717,1337,472.2192713258052,472.2187977118336,472.2188198758591,2877805.9580933903,137.82790357532798,460220.5283934014,15.451851982433295,-1,-0.04693592157287876,0.9996003519204423,0.0,0.5997602111522653,6.0,0.45454545454545453,1.5909090909090908,N1 O10,de-protonated,,0.0,,C22 H35 O10 N1,22.0,35.0,10.0,1.0,,,
718,1338,473.03662725610536,473.0361528475997,473.03616405330905,4787355.86449509,185.35009081416533,480109.0655414111,25.141409185044118,-1,-0.02368890630722475,0.9998981826619573,0.0,0.5999389095971743,15.0,0.6190476190476191,0.6666666666666666,O13,de-protonated,,0.0,,C21 H14 O13,21.0,14.0,13.0,,,,
719,1339,473.0577418365853,473.0572674075548,473.0572934213691,3341575.1680564913,65.65407291031222,470404.0133646452,17.692004046466963,-1,-0.05499083233255115,0.9994514511973289,0.0,0.5996708707183973,10.0,0.8333333333333334,1.0,O15,de-protonated,,0.0,,C18 H18 O15,18.0,18.0,15.0,,,,
720,1340,473.07304155826705,473.0725671143642,473.0725495626591,3391631.332969422,226.48075868531907,465629.0498032612,17.64802723616767,-1,0.0371015081870615,0.9997502630972492,0.0,0.5998501578583495,14.0,0.5454545454545454,0.8181818181818182,O12,de-protonated,,0.0,,C22 H18 O12,22.0,18.0,12.0,,,,
721,1341,473.0941738797999,473.09369941535493,473.0936789307191,3126313.295876075,164.68935799939425,469619.7583161179,16.308733467961936,-1,0.043299322663842316,0.9996598721723193,0.0,0.5997959233033916,9.0,0.7368421052631579,1.1578947368421053,O14,de-protonated,,0.0,,C19 H22 O14,19.0,22.0,14.0,,,,
722,1342,473.10944011235676,473.108965633072,473.1089350720091,2523318.3600577726,189.15149331144488,462965.5202293978,13.380944006521148,-1,0.06459624965871685,0.9992431600655024,0.0,0.5995458960393014,13.0,0.4782608695652174,0.9565217391304348,O11,de-protonated,,0.0,,C23 H22 O11,23.0,22.0,11.0,,,,
723,1343,473.1305772214679,473.1301027216364,473.130064440069,2337415.816988354,196.2265843212823,424588.6544391025,12.242211145892494,-1,0.08091129740695013,0.9988128263752512,0.0,0.5992876958251506,8.0,0.65,1.3,O13,de-protonated,,0.0,,C20 H26 O13,20.0,26.0,13.0,,,,
724,1344,473.1457991091788,473.1453245945507,473.14532058135904,1662904.4635215907,130.63368725960308,511523.58085006324,8.676757935111961,-1,0.008481943004709303,0.9999869460575624,0.0,0.5999921676345374,12.0,0.4166666666666667,1.0833333333333333,O10,de-protonated,,0.0,,C24 H26 O10,24.0,26.0,10.0,,,,
725,1346,473.2395773543491,473.23910274856223,473.23922096811907,2149580.1203689063,195.99507150393055,469225.27152157796,11.260728697849189,-1,-0.2498092964423979,0.9887406186479663,0.0,0.5932443711887797,5.0,0.43478260869565216,1.6521739130434783,O10,de-protonated,,0.0,,C23 H38 O10,23.0,38.0,10.0,,,,
726,1347,473.28316908161094,473.2826944334501,473.2826204102691,1714819.4477299408,242.91860199320712,430563.3514055279,9.083210272726635,-1,0.15640375923789282,0.9955712137020724,0.0,0.5973427282212433,8.0,0.14285714285714285,1.5357142857142858,P1 O4,de-protonated,,0.0,,C28 H43 O4 P1,28.0,43.0,4.0,,1.0,,
727,1349,475.01587930507924,475.0154029726449,475.0154286084191,3385216.5117226895,124.6387413311177,422886.9937827828,17.885235485660825,-1,-0.05396829797367767,0.9994716563184918,0.0,0.599682993791095,15.0,0.7,0.6,O14,de-protonated,,0.0,,C20 H12 O14,20.0,12.0,14.0,,,,
728,1350,475.0522885613334,475.0518121935083,475.0518141177691,5869594.82427345,187.65578303731215,443413.2422639839,30.685152543985257,-1,-0.004050633516793109,0.9999970228611802,0.0,0.5999982137167081,14.0,0.6190476190476191,0.7619047619047619,O13,de-protonated,,0.0,,C21 H16 O13,21.0,16.0,13.0,,,,
729,1351,475.0734057853037,475.0729293969521,475.07294348582906,1876034.0049668683,114.31730043229146,432954.4587362082,10.013386442087432,-1,-0.029656239476081005,0.9998404299666734,0.0,0.599904257980004,9.0,0.8333333333333334,1.1111111111111112,O15,de-protonated,,0.0,,C18 H20 O15,18.0,20.0,15.0,,,,
730,1352,475.08865992754454,475.0881835243655,475.0881996271191,3670631.9184344625,73.43791958325806,462085.4456037064,19.75758149991859,-1,-0.033894240277118536,0.9997915699311335,0.0,0.5998749419586801,13.0,0.5454545454545454,0.9090909090909091,O12,de-protonated,,0.0,,C22 H20 O12,22.0,20.0,12.0,,,,
731,1353,475.1250581419087,475.12458170334975,475.1245851364691,2312340.010667925,102.00626193171158,490859.5545274005,12.049646022006197,-1,-0.007225724450660175,0.9999905264104871,0.0,0.5999943158462923,12.0,0.4782608695652174,1.0434782608695652,O11,de-protonated,,0.0,,C23 H24 O11,23.0,24.0,11.0,,,,
732,1354,475.1614328663798,475.1609563924637,475.1609706458191,4848102.865687285,95.30079959193603,482878.55301746394,25.405270046839874,-1,-0.029996898489459863,0.9998367432743048,0.0,0.5999020459645829,11.0,0.4166666666666667,1.1666666666666667,O10,de-protonated,,0.0,,C24 H28 O10,24.0,28.0,10.0,,,,
733,1357,477.031557299905,477.03107900822084,477.0310786728791,6262196.864450106,180.7971242813641,451309.0372150753,33.49966840313999,-1,0.000702976680470951,0.9999999103323793,0.0,0.5999999461994275,14.0,0.7,0.7,O14,de-protonated,,0.0,,C20 H14 O14,20.0,14.0,14.0,,,,
734,1358,477.06797759024664,477.0674992631626,477.0674641822291,5122587.871125062,222.76417991442534,441865.7532942612,26.727239617048916,-1,0.07353453356509038,0.9990193286784188,0.0,0.5994115972070513,13.0,0.6190476190476191,0.8571428571428571,O13,de-protonated,,0.0,,C21 H18 O13,21.0,18.0,13.0,,,,
735,1359,477.10432824199296,477.1038498795767,477.1038496915791,3969925.3641187456,144.7028796402089,468260.54984675127,20.731734479578677,-1,0.00039403918883126345,0.9999999718270286,0.0,0.5999999830962172,12.0,0.5454545454545454,1.0,O12,de-protonated,,0.0,,C22 H22 O12,22.0,22.0,12.0,,,,
736,1360,477.140720933286,477.1402425354967,477.14023520092906,2265849.5616297177,119.03238320653767,558806.9444348615,11.825764078664344,-1,0.015371932879586943,0.9999571252622211,0.0,0.5999742751573327,11.0,0.4782608695652174,1.1304347826086956,O11,de-protonated,,0.0,,C23 H26 O11,23.0,26.0,11.0,,,,
737,1361,477.17706514917836,477.1765867160632,477.17662071027905,1876397.9304843475,113.25961470730266,472500.89708222024,9.777510823209408,-1,-0.07124032149419848,0.9990795385228816,0.0,0.599447723113729,10.0,0.4166666666666667,1.25,O10,de-protonated,,0.0,,C24 H30 O10,24.0,30.0,10.0,,,,
738,1362,479.0108319302584,479.01035171479384,479.01034322798904,2700505.9112844127,182.7672580682875,443848.49145209865,14.101897169306522,-1,0.01771737274990991,0.9999430439182635,0.0,0.5999658263509581,14.0,0.7894736842105263,0.631578947368421,O15,de-protonated,,0.0,,C19 H12 O15,19.0,12.0,15.0,,,,
739,1363,479.047213379341,479.04673312851577,479.04672873733904,7928806.400838806,160.62601020804948,450478.5215848364,41.40216795086137,-1,0.009166489336546131,0.4999923769881119,0.8221557383861046,0.628857721547309,13.0,0.7,0.8,O14,de-protonated,,0.0,,C20 H16 O14,20.0,16.0,14.0,,,,
740,1364,479.0835783436811,479.08309805751134,479.08311424668904,6085055.657477141,126.3561942723848,461597.21673570253,31.985800024352216,-1,-0.03379200230256389,0.9997928253140504,0.0,0.5998756951884302,12.0,0.6190476190476191,0.9523809523809523,O13,de-protonated,,0.0,,C21 H20 O13,21.0,20.0,13.0,,,,
741,1365,479.120032676569,479.1195523549679,479.1194997560391,3258700.1430180217,91.11214119550613,529384.0215118753,16.98304455921776,-1,0.10978248394435246,0.9978155346959773,0.0,0.5986893208175863,11.0,0.5454545454545454,1.0909090909090908,O12,de-protonated,,0.0,,C22 H24 O12,22.0,24.0,12.0,,,,
742,1367,479.1563584135049,479.15587805659743,479.1558852653891,3364247.884114176,66.42104243668827,479766.06907232525,17.82260184674971,-1,-0.015044773276317898,0.999958930803637,0.0,0.5999753584821822,10.0,0.4782608695652174,1.2173913043478262,O11,de-protonated,,0.0,,C23 H28 O11,23.0,28.0,11.0,,,,
743,1372,481.02645620764736,481.02597403315855,481.0259932924491,3302022.601578809,185.73525930581405,483655.5161246471,17.693336677082094,-1,-0.040037941386949334,0.9997091733857728,0.0,0.5998255040314636,13.0,0.7894736842105263,0.7368421052631579,O15,de-protonated,,0.0,,C19 H14 O15,19.0,14.0,15.0,,,,
744,1373,481.0628524532308,481.06237024336855,481.06237880179907,6318428.18161631,215.05808664103924,473166.66643821367,33.79284713846861,-1,-0.017790687652223403,0.9999425715853608,0.0,0.5999655429512165,12.0,0.7,0.9,O14,de-protonated,,0.0,,C20 H18 O14,20.0,18.0,14.0,,,,
745,1374,481.0992219808484,481.0987397356388,481.09876431114907,4714878.162883703,141.6067095721616,496631.9511485267,24.611022200222344,-1,-0.05108204822807788,0.9995266442841846,0.0,0.5997159865705107,11.0,0.6190476190476191,1.0476190476190477,O13,de-protonated,,0.0,,C21 H22 O13,21.0,22.0,13.0,,,,
746,1375,481.1356235376512,481.135141257063,481.13514982049907,4583354.653583958,132.90756879051258,435086.91237982246,23.87940799251593,-1,-0.01779840039429931,0.999942521782471,0.0,0.5999655130694825,10.0,0.5454545454545454,1.1818181818181819,O12,de-protonated,,0.0,,C22 H26 O12,22.0,26.0,12.0,,,,
747,1376,481.14536820283394,481.14488591277495,481.1448836079391,2336427.1177878105,224.76633365517282,391119.98281550576,12.18224276821164,-1,0.004790315608162183,0.9999958362832317,0.0,0.599997501769939,0.0,0.6,2.3333333333333335,N2 S2 P1 O9,de-protonated,,0.0,,C15 H35 O9 N2 P1 S2,15.0,35.0,9.0,2.0,1.0,2.0,
748,1378,481.1719900288761,481.1715077129435,481.17153532984906,2449089.913782604,106.83017714109198,432350.06405114057,13.025131632281417,-1,-0.057395135738433634,0.9994024500501921,0.0,0.5996414700301153,9.0,0.4782608695652174,1.3043478260869565,O11,de-protonated,,0.0,,C23 H30 O11,23.0,30.0,11.0,,,,
749,1379,482.16730107480885,482.16681779154953,482.1667843020491,24393501.851645865,134.31268794991985,461603.43116266705,129.25450862269687,-1,0.06945625769896889,0.49956252168718807,0.8077896627745583,0.6228533781221361,9.0,0.5,1.3181818181818181,N1 O11,de-protonated,,0.0,,C22 H29 O11 N1,22.0,29.0,11.0,1.0,,,
750,1381,483.0091735409892,483.0086894395443,483.0086291508791,2700487.697536047,261.21532696949384,394400.98735951475,14.168528700063026,-1,0.12481902306910748,0.9971770598501667,0.0,0.5983062359101,8.0,1.0666666666666667,1.0666666666666667,S1 O16,de-protonated,,0.0,,C15 H16 O16 S1,15.0,16.0,16.0,,,1.0,
751,1382,483.0210108801074,483.02052676715834,483.02051398884913,1760849.5629904675,104.55190960702487,513855.90063003014,9.16050284840418,-1,0.02645500313643103,0.9998730180804963,0.0,0.5999238108482978,17.0,0.5909090909090909,0.5454545454545454,O13,de-protonated,,0.0,,C22 H12 O13,22.0,12.0,13.0,,,,
752,1383,483.04210144021533,483.0416173067693,483.0416433569091,4664070.827100216,289.625961949626,373771.76478201017,24.98415877245877,-1,-0.0539293871803574,0.9994724177076512,0.0,0.5996834506245907,12.0,0.7894736842105263,0.8421052631578947,O15,de-protonated,,0.0,,C19 H16 O15,19.0,16.0,15.0,,,,
753,1385,483.07849267735827,483.0780085085453,483.0780288662591,6106665.170063623,124.5879725585997,472641.3697628885,31.88718535883259,-1,-0.042141667817159195,0.9996778135320213,0.0,0.5998066881192128,11.0,0.7,1.0,O14,de-protonated,,0.0,,C20 H20 O14,20.0,20.0,14.0,,,,
754,1386,483.11494693806554,483.1144627338244,483.1144143756091,4071314.655295233,95.62531691247031,462343.1418668567,21.199487825489335,-1,0.10009681732129827,0.9981836495256124,0.0,0.5989101897153675,10.0,0.6190476190476191,1.1428571428571428,O13,de-protonated,,0.0,,C21 H24 O13,21.0,24.0,13.0,,,,
755,1387,483.1513194949758,483.15083525538586,483.1507998849591,3570975.5443188213,121.84023894609426,437291.1234663704,19.116586174041018,-1,0.07320784062985153,0.9990280187807856,0.0,0.5994168112684714,9.0,0.5454545454545454,1.2727272727272727,O12,de-protonated,,0.0,,C22 H28 O12,22.0,28.0,12.0,,,,
756,1389,483.16827786438864,483.1677936083177,483.1679065010191,2270894.3065771614,185.74386746651152,429331.02198945027,11.824431448049213,-1,-0.23365107631564438,0.9901431043390698,0.0,0.5940858626034419,0.0,1.1428571428571428,2.2857142857142856,N2 O16,de-protonated,,0.0,,C14 H32 O16 N2,14.0,32.0,16.0,2.0,,,
757,1391,483.18769837471854,483.18721409977377,483.1871853943091,1707799.136213645,109.69561280164692,501405.0881558253,8.90263882437651,-1,0.05940858023480995,0.9993598037564931,0.0,0.5996158822538958,8.0,0.4782608695652174,1.391304347826087,O11,de-protonated,,0.0,,C23 H32 O11,23.0,32.0,11.0,,,,
758,1392,483.2240953426055,483.22361103228826,483.2235709036591,1648846.7041185894,95.385536609506,504481.5301570968,8.752717880174375,-1,0.08304360876106302,0.9987494687047795,0.0,0.5992496812228677,7.0,0.4166666666666667,1.5,O10,de-protonated,,0.0,,C24 H36 O10,24.0,36.0,10.0,,,,
759,1398,485.0366363243218,485.03615025252134,485.03616405330905,3412669.6371833403,185.39286384136534,427452.56433803786,18.255706796666985,-1,-0.028453110789299407,0.9998531136496511,0.0,0.5999118681897907,16.0,0.5909090909090909,0.6363636363636364,O13,de-protonated,,0.0,,C22 H14 O13,22.0,14.0,13.0,,,,
760,1399,485.05775014994356,485.0572640576245,485.0572934213691,4101042.752095146,161.75151169952713,439306.32173938665,22.020388284409467,-1,-0.060536652062136674,0.9993352685274054,0.0,0.5996011611164432,11.0,0.7894736842105263,0.9473684210526315,O15,de-protonated,,0.0,,C19 H18 O15,19.0,18.0,15.0,,,,
761,1400,485.0731474478657,485.07266134058335,485.0725495626591,2130668.223741351,197.01477439649034,426582.34328554093,11.457958028888442,-1,0.23043547681084936,0.9904112504692942,0.0,0.5942467502815765,15.0,0.5217391304347826,0.782608695652174,O12,de-protonated,,0.0,,C23 H18 O12,23.0,18.0,12.0,,,,
762,1401,485.094156763286,485.09367063558653,485.09367893071914,3536712.4975127513,69.95512793529973,493331.019783507,18.392967750025385,-1,-0.017100063271135082,0.9999469436045434,0.0,0.599968166162726,10.0,0.7,1.1,O14,de-protonated,,0.0,,C20 H22 O14,20.0,22.0,14.0,,,,
763,1402,485.13053226492724,485.1300461018777,485.130064440069,3258417.329838124,113.17156105770657,484588.9966068326,17.398825311138346,-1,-0.03780056657036485,0.9997407646943318,0.0,0.5998444588165991,9.0,0.6190476190476191,1.2380952380952381,O13,de-protonated,,0.0,,C21 H26 O13,21.0,26.0,13.0,,,,
764,1403,485.1668999402286,485.1664137418366,485.1664499494191,2761370.4999154233,110.74828391639986,412271.82853223226,14.501686353845546,-1,-0.0746291967880826,0.9989899289201188,0.0,0.5993939573520712,8.0,0.5454545454545454,1.3636363636363635,O12,de-protonated,,0.0,,C22 H30 O12,22.0,30.0,12.0,,,,
765,1404,485.2397334735259,485.2392472043538,485.23922096811907,2209020.8609913574,176.50415583228755,447961.33547978546,11.60987791901327,-1,0.05406866050655835,0.9994696899366913,0.0,0.5996818139620147,6.0,0.4166666666666667,1.5833333333333333,O10,de-protonated,,0.0,,C24 H38 O10,24.0,38.0,10.0,,,,
766,1407,487.0159810558714,487.0154930605635,487.0154286084191,3919425.161147918,101.94365520327432,424340.7768439591,20.42789469932902,-1,0.13234107299261358,0.9968271229954969,0.0,0.5980962737972981,16.0,0.6666666666666666,0.5714285714285714,O14,de-protonated,,0.0,,C21 H12 O14,21.0,12.0,14.0,,,,
767,1408,487.0522449379398,487.0517569073918,487.0518141177691,4238256.903006397,67.25133557050646,458370.90198442497,22.1989607868369,-1,-0.11746261000193257,0.9974995993692477,0.0,0.5984997596215486,15.0,0.5909090909090909,0.7272727272727273,O13,de-protonated,,0.0,,C22 H16 O13,22.0,16.0,13.0,,,,
768,1409,487.0734140922875,487.072926041168,487.07294348582906,3342737.350835673,160.3952588688762,440588.05233461293,17.549412570648045,-1,-0.0358152948174874,0.9997672764414816,0.0,0.5998603658648889,10.0,0.7894736842105263,1.0526315789473684,O15,de-protonated,,0.0,,C19 H20 O15,19.0,20.0,15.0,,,,
769,1410,487.08867868560435,487.08819061965113,487.0881996271191,2325763.8523376635,188.09736435859972,419813.5885410962,12.2535385061211,-1,-0.01849247827981826,0.999937951599757,0.0,0.5999627709598542,14.0,0.5217391304347826,0.8695652173913043,O12,de-protonated,,0.0,,C23 H20 O12,23.0,20.0,12.0,,,,
770,1411,487.10979278221515,487.109304695744,487.10932899517906,2511800.760109792,61.030384669362775,431618.35859502776,13.462234474044083,-1,-0.04988497159404831,0.9995485649861543,0.0,0.5997291389916926,9.0,0.7,1.2,O14,de-protonated,,0.0,,C20 H24 O14,20.0,24.0,14.0,,,,
771,1412,487.1462225263139,487.14573440444155,487.14571450452905,1914755.204461607,149.90239170583556,441564.64219674683,9.96274647871249,-1,0.04085002065979735,0.9996972580238914,0.0,0.5998183548143349,8.0,0.6190476190476191,1.3333333333333333,O13,de-protonated,,0.0,,C21 H28 O13,21.0,28.0,13.0,,,,
772,1413,487.21897078753665,487.21848259497006,487.2184855232291,1899555.2887478704,150.30364051072607,353078.6377253532,10.04736852277325,-1,-0.006010155889724075,0.9999934457367828,0.0,0.5999960674420697,6.0,0.4782608695652174,1.565217391304348,O11,de-protonated,,0.0,,C23 H36 O11,23.0,36.0,11.0,,,,
773,1415,489.029185866449,489.0286959148151,489.0285767494291,1538685.2510847612,126.03847179176263,466398.2933599226,8.049755230693258,-1,0.24367775563695102,0.989283619881192,0.0,0.5935701719287152,19.0,0.36,0.56,S1 O9,de-protonated,,0.0,,C25 H14 O9 S1,25.0,14.0,9.0,,,1.0,
774,1416,489.0315827000543,489.03109274609136,489.0310786728791,6181873.530180803,142.32694054467456,444939.8754491051,32.24433036368745,-1,0.028777746150560793,0.9998497429863509,0.0,0.5999098457918105,15.0,0.6666666666666666,0.6666666666666666,O14,de-protonated,,0.0,,C21 H14 O14,21.0,14.0,14.0,,,,
775,1417,489.0679778127023,489.0674878233733,489.0674641822291,4868686.142822579,323.89141513635525,428507.8699631014,25.379950065152403,-1,0.0483392290991859,0.9995761021596246,0.0,0.5997456612957747,14.0,0.5909090909090909,0.8181818181818182,O13,de-protonated,,0.0,,C22 H18 O13,22.0,18.0,13.0,,,,
776,1418,489.08909612449514,489.088606114645,489.0885935502891,1588401.2304764867,221.1706535972893,413054.13965132006,8.368920263016912,-1,0.025689325191618748,0.9998802616639084,0.0,0.599928156998345,9.0,0.7894736842105263,1.1578947368421053,O15,de-protonated,,0.0,,C19 H22 O15,19.0,22.0,15.0,,,,
777,1419,489.1043561170191,489.10386609234047,489.1038496915791,2129985.410635616,199.25282941284047,432330.47597516666,11.187434014017034,-1,0.03353226797089065,0.9997959975504666,0.0,0.5998775985302799,13.0,0.5217391304347826,0.9565217391304348,O12,de-protonated,,0.0,,C23 H22 O12,23.0,22.0,12.0,,,,
778,1420,489.140716403422,489.1402263434112,489.14023520092906,3240379.8699609726,98.87496152836943,452886.6933490345,17.072330810431474,-1,-0.01810834034443705,0.9999405025702256,0.0,0.5999643015421353,12.0,0.4583333333333333,1.0833333333333333,O11,de-protonated,,0.0,,C24 H26 O11,24.0,26.0,11.0,,,,
779,1422,491.0108590295211,491.0103671522873,491.01034322798904,2659456.8975598174,90.5048421990962,419595.29809313413,13.988623567020465,-1,0.048724631958479765,0.9995693173023854,0.0,0.5997415903814313,15.0,0.75,0.6,O15,de-protonated,,0.0,,C20 H12 O15,20.0,12.0,15.0,,,,
780,1423,491.04719317275084,491.0467012602118,491.04672873733904,7888712.083398279,176.55963216004008,426982.3815912649,41.28756171796019,-1,-0.05595623717827894,0.49971601364447477,0.8149093904448103,0.625793364364609,14.0,0.6666666666666666,0.7619047619047619,O14,de-protonated,,0.0,,C21 H16 O14,21.0,16.0,14.0,,,,
781,1424,491.08364112321414,491.0831491752593,491.08311424668904,4127793.868062947,128.91258740504466,458039.01492894226,22.266924948208533,-1,0.0711255777908369,0.9990824998703961,0.0,0.5994494999222376,13.0,0.5909090909090909,0.9090909090909091,O13,de-protonated,,0.0,,C22 H20 O13,22.0,20.0,13.0,,,,
782,1425,491.11994859179475,491.11945660856065,491.1194997560391,2942115.5554660163,168.772991447406,478298.09617154964,15.451851982433295,-1,-0.08785535589159157,0.998600457056993,0.0,0.5991602742341957,12.0,0.5217391304347826,1.0434782608695652,O12,de-protonated,,0.0,,C23 H24 O12,23.0,24.0,12.0,,,,
783,1426,491.15642319325946,491.15593117458377,491.1558852653891,2637467.2105243737,204.54427797625155,412337.7961011366,14.000617242556636,-1,0.0934717389316725,0.9984159449424866,0.0,0.5990495669654919,11.0,0.4583333333333333,1.1666666666666667,O11,de-protonated,,0.0,,C24 H28 O11,24.0,28.0,11.0,,,,
784,1427,493.02649213349173,493.02599829774573,493.0259932924491,3976578.6488592033,109.3960002544077,446217.75733291486,20.72640395711816,-1,0.010152196284256891,0.9999812987868973,0.0,0.5999887792721383,14.0,0.75,0.7,O15,de-protonated,,0.0,,C20 H14 O15,20.0,14.0,15.0,,,,
785,1428,493.06285473820066,493.06236086712335,493.06237880179907,8223342.909963489,79.4930602542766,444434.01685890264,43.08661304838579,-1,-0.036374050213598984,0.4998799796117879,0.8149093904448103,0.6258917439449968,13.0,0.6666666666666666,0.8571428571428571,O14,de-protonated,,0.0,,C21 H18 O14,21.0,18.0,14.0,,,,
786,1429,493.09925191747857,493.0987580110364,493.09876431114907,3311041.229679806,125.48153652929699,498269.8468617757,17.34152219468775,-1,-0.012776573609792046,0.9999703806039253,0.0,0.5999822283623552,12.0,0.5909090909090909,1.0,O13,de-protonated,,0.0,,C22 H22 O13,22.0,22.0,13.0,,,,
787,1430,493.13565150326957,493.13515756146023,493.13514982049907,3054801.034419916,177.61027582804232,452218.3962336747,15.992900012176108,-1,0.015697443528633545,0.9999552902771015,0.0,0.5999731741662608,11.0,0.5217391304347826,1.1304347826086956,O12,de-protonated,,0.0,,C23 H26 O12,23.0,26.0,12.0,,,,
788,1431,493.17201983074614,493.1715258536,493.17153532984906,3219901.211638939,140.60845046340586,414062.02849086333,17.013695063365752,-1,-0.019214914915910895,0.9999330090382998,0.0,0.5999598054229799,10.0,0.4583333333333333,1.25,O11,de-protonated,,0.0,,C24 H30 O11,24.0,30.0,11.0,,,,
789,1436,495.0421153386154,495.0416195444543,495.04164335690905,5957705.068471559,216.7454259917621,438517.1944387579,31.55669296628033,-1,-0.04810192245804215,0.9995802530653918,0.0,0.599748151839235,13.0,0.75,0.8,O15,de-protonated,,0.0,,C20 H16 O15,20.0,16.0,15.0,,,,
790,1437,495.07847321096256,495.0779773814763,495.0780288662591,5197258.586226155,171.66712199154404,453583.4236215118,27.12702880158794,-1,-0.10399326939998521,0.9980396290644804,0.0,0.5988237774386882,12.0,0.6666666666666666,0.9523809523809523,O14,de-protonated,,0.0,,C21 H20 O14,21.0,20.0,14.0,,,,
791,1438,495.11489879377694,495.1144029288998,495.1144143756091,3362510.884748866,131.5150632720197,460024.5912626771,17.570734660490125,-1,-0.023119321494734092,0.999903019830915,0.0,0.599941811898549,11.0,0.5909090909090909,1.0909090909090908,O13,de-protonated,,0.0,,C22 H24 O13,22.0,24.0,13.0,,,,
792,1440,495.15124175323655,495.15074585304876,495.1507998849591,2543912.8327568932,37.01391003533489,471891.3821414321,13.287659863462043,-1,-0.10912213077405833,0.9978417069404962,0.0,0.5987050241642977,10.0,0.5217391304347826,1.2173913043478262,O12,de-protonated,,0.0,,C23 H28 O12,23.0,28.0,12.0,,,,
793,1441,495.18760072745295,495.1871047919391,495.1871853943091,1541696.5306065925,117.50653438506149,494687.58348197973,8.314948723104143,-1,-0.16277151832007905,0.995204132664859,0.0,0.5971224795989154,9.0,0.4583333333333333,1.3333333333333333,O11,de-protonated,,0.0,,C24 H32 O11,24.0,32.0,11.0,,,,
794,1443,496.14647115927767,496.145974292142,496.1460488571591,1778374.6630753707,109.58452755383979,405510.4022763826,9.291100648686928,-1,-0.15028844280586467,0.9959100748100723,0.0,0.5975460448860433,10.0,0.5454545454545454,1.2272727272727273,N1 O12,de-protonated,,0.0,,C22 H27 O12 N1,22.0,27.0,12.0,1.0,,,
795,1446,497.0214610899618,497.0209633727185,497.0209079120191,1990828.6396219723,119.32107800535651,442521.20925858413,10.35787145609856,-1,0.11158625023057989,0.9977432435842266,0.0,0.5986459461505359,13.0,0.8421052631578947,0.7368421052631579,O16,de-protonated,,0.0,,C19 H14 O16,19.0,14.0,16.0,,,,
796,1447,497.0577864335758,497.0572886810405,497.0572934213691,6386388.0137157515,198.85162694751642,414111.8228282126,34.03005538796176,-1,-0.009536785047108825,0.9999834973293346,0.0,0.5999900983976008,12.0,0.75,0.9,O15,de-protonated,,0.0,,C20 H18 O15,20.0,18.0,15.0,,,,
797,1449,497.13061508651344,497.1301172632213,497.130064440069,3277441.5036626826,116.92432212377965,448265.4080495153,17.416149509135035,-1,0.1062562014206545,0.9979534723185953,0.0,0.5987720833911572,10.0,0.5909090909090909,1.1818181818181819,O13,de-protonated,,0.0,,C22 H26 O13,22.0,26.0,13.0,,,,
798,1450,497.1402699594955,497.1397721268232,497.1397982275091,2514479.0772693492,255.13665815394634,362176.9474796283,13.316977736994904,-1,-0.05250170281333099,0.9994999746699913,0.0,0.5996999848019947,0.0,0.6666666666666666,2.3333333333333335,N2 S2 P1 O10,de-protonated,,0.0,,C15 H35 O10 N2 P1 S2,15.0,35.0,10.0,2.0,1.0,2.0,
799,1452,497.1669495231862,497.16645166459335,497.1664499494191,2106170.5484228213,143.69305337715917,426608.20969733765,10.973546800288656,-1,0.0034498994820249874,0.9999978404351894,0.0,0.5999987042611136,9.0,0.5217391304347826,1.3043478260869565,O12,de-protonated,,0.0,,C23 H30 O12,23.0,30.0,12.0,,,,
800,1453,498.0927632523257,498.0922644942675,498.09229920623915,13827761.329807308,248.53235170759717,445338.33289910323,73.93967704987745,-1,-0.06968983799175807,0.9947400900149779,0.9819555405117883,0.989626270213702,6.0,0.8235294117647058,1.4705882352941178,N1 S1 O14,de-protonated,,0.0,,C17 H25 O14 N1 S1,17.0,25.0,14.0,1.0,,1.0,
801,1455,498.1622231478443,498.1617243223037,498.1616989216191,2942632.4255813877,164.43610373140598,464568.76035624434,15.37455940675575,-1,0.0509888348443876,0.9995283698388575,0.0,0.5997170219033144,9.0,0.5454545454545454,1.3181818181818181,N1 O12,de-protonated,,0.0,,C22 H29 O12 N1,22.0,29.0,12.0,1.0,,,
802,1460,499.0159091335236,499.01540947861037,499.0154286084191,2323722.501366563,197.67530557671878,387071.90176708496,12.199566966208332,-1,-0.038335104735248225,0.9997333821421495,0.0,0.5998400292852897,17.0,0.6363636363636364,0.5454545454545454,O14,de-protonated,,0.0,,C22 H12 O14,22.0,12.0,14.0,,,,
803,1461,499.0522247959699,499.05172510577563,499.0518141177691,1958290.625673696,111.45733267501765,400507.85000016465,10.28257782634371,-1,-0.17836222799794008,0.9942441861666934,0.0,0.596546511700016,16.0,0.5652173913043478,0.6956521739130435,O13,de-protonated,,0.0,,C23 H16 O13,23.0,16.0,13.0,,,,
804,1462,499.0734609615352,499.0729612507098,499.07294348582906,4310187.703372596,134.27787681025512,448788.74040998024,22.514794242622727,-1,0.035595760038468545,0.9997701203927053,0.0,0.5998620722356232,11.0,0.75,1.0,O15,de-protonated,,0.0,,C20 H20 O15,20.0,20.0,15.0,,,,
805,1464,499.0962690858878,499.09576935290403,499.0956540413091,2200083.4808295895,286.4098393665794,408405.58837749367,11.565901108713977,-1,0.2310410719695756,0.9903610288845616,0.9819555405117883,0.9869988335354523,6.0,0.8235294117647058,1.4705882352941178,13C1 N1 S1 O14,de-protonated,,1.0,1453.0,C16 H25 O14 N1 S1 13C1,16.0,25.0,14.0,1.0,,1.0,1.0
806,1465,499.1098436492814,499.1093439031099,499.10932899517906,3528390.636505116,182.21598616971193,455440.18089859426,18.444940344015457,-1,0.029869068721161983,0.9998381316123588,0.0,0.5999028789674152,10.0,0.6666666666666666,1.1428571428571428,O14,de-protonated,,0.0,,C21 H24 O14,21.0,24.0,14.0,,,,
807,1466,499.14620910637467,499.1457093248738,499.14571450452905,2366460.245088713,168.31707008020328,410645.37620308826,12.730620266337668,-1,-0.010377040432544764,0.9999804612577768,0.0,0.599988276754666,9.0,0.5909090909090909,1.2727272727272727,O13,de-protonated,,0.0,,C22 H28 O13,22.0,28.0,13.0,,,,
808,1470,500.089795490653,500.08929479246035,500.08932182608913,5416040.727978866,172.4001867392677,431179.3336309327,28.832795988954445,-1,-0.05405760051810886,0.9994699068116265,0.0,0.5996819440869758,6.0,1.0625,1.4375,N1 O17,de-protonated,,0.0,,C16 H23 O17 N1,16.0,23.0,17.0,1.0,,,
809,1475,501.03161251250833,501.03111089936186,501.0310786728791,3924571.909900467,113.82783933458524,404737.8141330623,20.489195707625004,-1,0.06432032685467629,0.9992496095168768,0.0,0.5995497657101261,16.0,0.6363636363636364,0.6363636363636364,O14,de-protonated,,0.0,,C22 H14 O14,22.0,14.0,14.0,,,,
810,1476,501.0526339378809,501.05213230431286,501.0522080409391,2304238.655102154,99.98982003046936,415590.52105407615,12.205563803976416,-1,-0.15115515911065378,0.995862863429865,0.0,0.597517718057919,11.0,0.8421052631578947,0.9473684210526315,O16,de-protonated,,0.0,,C19 H18 O16,19.0,18.0,16.0,,,,
811,1477,501.0679619596365,501.06746031117774,501.0674641822291,3043190.1530906516,82.68702641146358,460181.7836619261,16.091514677695734,-1,-0.007725609130606857,0.9999891702871875,0.0,0.5999935021723125,15.0,0.5652173913043478,0.782608695652174,O13,de-protonated,,0.0,,C23 H18 O13,23.0,18.0,13.0,,,,
812,1478,501.08709440012717,501.08659273308194,501.08658088418906,3378957.6315872576,216.0461573843027,402545.69777495216,17.943871232726547,-1,0.023646398315164747,0.9998985477229696,0.0,0.5999391286337817,18.0,0.07407407407407407,0.8518518518518519,N2 S2 P1 O2,de-protonated,,0.0,,C27 H23 O2 N2 P1 S2,27.0,23.0,2.0,2.0,1.0,2.0,
813,1479,501.08901307975634,501.08851141084716,501.0885935502891,2786053.661307532,86.77903428540023,446254.81402526837,14.71623988288149,-1,-0.16392199500503402,0.9951362639659723,0.0,0.5970817583795833,10.0,0.75,1.1,O15,de-protonated,,0.0,,C20 H22 O15,20.0,22.0,15.0,,,,
814,1480,501.10437819880775,501.10387651497194,501.1038496915791,1997406.8392704064,390.48048602399643,403406.3622646423,10.71501646095342,-1,0.053528610578556034,0.9994802280027152,0.0,0.5996881368016291,14.0,0.5,0.9166666666666666,O12,de-protonated,,0.0,,C24 H22 O12,24.0,22.0,12.0,,,,
815,1481,501.1254408777989,501.1249391735014,501.1249790596391,2340273.728020898,191.36091756510308,442913.10074424435,12.1982343355932,-1,-0.07959319404549986,0.998851169096503,0.0,0.5993107014579018,9.0,0.6666666666666666,1.2380952380952381,O14,de-protonated,,0.0,,C21 H26 O14,21.0,26.0,14.0,,,,
816,1482,501.14061216894925,501.1401104499134,501.14023520092906,1591051.0225684743,248.89825607340362,415826.725585985,8.477529658150013,-1,-0.24893434394838682,0.9888189102612572,0.0,0.5932913461567543,13.0,0.44,1.04,O11,de-protonated,,0.0,,C25 H26 O11,25.0,26.0,11.0,,,,
817,1483,501.23460718960064,501.234105379252,501.2341355876891,1681299.9671789308,188.00148613479973,437252.16675344226,8.757382087327331,-1,-0.06026811608099956,0.9993411509047787,0.0,0.5996046905428672,6.0,0.4583333333333333,1.5833333333333333,O11,de-protonated,,0.0,,C24 H38 O11,24.0,38.0,11.0,,,,
818,1485,503.01086966739325,503.01036613150586,503.0103432279891,2273021.4985235017,124.46816971443312,415743.1797350712,12.057641805696978,-1,0.045532894250141065,0.9996238832661885,0.0,0.599774329959713,16.0,0.7142857142857143,0.5714285714285714,O15,de-protonated,,0.0,,C21 H12 O15,21.0,12.0,15.0,,,,
819,1486,503.0472399969815,503.0467364257631,503.04672873733904,5712155.485120718,89.48478671904849,440506.12520081986,29.76030689708498,-1,0.015283717386676006,0.9999576159335841,0.0,0.5999745695601505,15.0,0.6363636363636364,0.7272727272727273,O14,de-protonated,,0.0,,C22 H16 O14,22.0,16.0,14.0,,,,
820,1487,503.0683624818526,503.0678588901153,503.06785810539907,1713474.2199318327,152.14837909578478,402748.6189657406,9.003252435818832,-1,0.0015598616020868305,0.9999995585049208,0.0,0.5999997351029525,10.0,0.8421052631578947,1.0526315789473684,O16,de-protonated,,0.0,,C19 H20 O16,19.0,20.0,16.0,,,,
821,1488,503.0836020300089,503.08309842346756,503.08311424668904,3433308.872820362,102.37586852389433,440255.4775289323,18.4289487766339,-1,-0.03145249964931499,0.9998205162299497,0.0,0.5998923097379698,14.0,0.5652173913043478,0.8695652173913043,O13,de-protonated,,0.0,,C23 H20 O13,23.0,20.0,13.0,,,,
822,1489,503.10464074680476,503.10413711982596,503.10424361474907,1905416.534834514,187.84117476310934,401284.80202627165,10.247929430350327,-1,-0.21167566056899842,0.9919028638113809,0.0,0.5951417182868285,9.0,0.75,1.2,O15,de-protonated,,0.0,,C20 H24 O15,20.0,24.0,15.0,,,,
823,1490,503.1199463522691,503.11944271042205,503.1194997560391,2124802.816776619,110.35324110328884,481405.2872123775,11.069496204578021,-1,-0.11338383240650854,0.9976700336172385,0.0,0.598602020170343,13.0,0.5,1.0,O12,de-protonated,,0.0,,C24 H24 O12,24.0,24.0,12.0,,,,
824,1494,505.02650966396044,505.02600417007477,505.0259932924491,4884104.851608592,194.17742278026745,405663.3365442822,25.65846986371459,-1,0.021538744227882052,0.9999158263213422,0.0,0.5999494957928053,15.0,0.7142857142857143,0.6666666666666666,O15,de-protonated,,0.0,,C21 H14 O15,21.0,14.0,15.0,,,,
825,1495,505.0628918474524,505.0623863182258,505.06237880179907,6012896.229381083,154.12782068937616,429731.74398761796,31.89251588129311,-1,0.014882174997404064,0.9999598137098252,0.0,0.5999758882258951,14.0,0.6363636363636364,0.8181818181818182,O14,de-protonated,,0.0,,C22 H18 O14,22.0,18.0,14.0,,,,
826,1496,505.09922828474447,505.09872272022136,505.09876431114907,3200035.235795422,90.26076658095761,416839.8023545018,16.735175264803562,-1,-0.08234216879302558,0.9987704921374411,0.0,0.5992622952824647,13.0,0.5652173913043478,0.9565217391304348,O13,de-protonated,,0.0,,C23 H22 O13,23.0,22.0,13.0,,,,
827,1497,505.1356422203252,505.1351366204304,505.13514982049907,3570114.4575111903,322.6177449287306,411347.73528471746,19.216533470175776,-1,-0.026131756389727773,0.9998761020488963,0.0,0.5999256612293378,12.0,0.5,1.0833333333333333,O12,de-protonated,,0.0,,C24 H26 O12,24.0,26.0,12.0,,,,
828,1500,507.042132843092,507.04162539131187,507.04164335690905,5447595.519597904,101.11606681543533,451274.3212212253,28.422345759494377,-1,-0.03543219263342707,0.9997722279553846,0.0,0.5998633367732307,14.0,0.7142857142857143,0.7619047619047619,O15,de-protonated,,0.0,,C21 H16 O15,21.0,16.0,15.0,,,,
829,1501,507.0785290049494,507.0780215178163,507.0780288662591,5955798.473792382,245.56093793349135,429938.04921399464,31.21020900634651,-1,-0.014491739710301188,0.9999618945930945,0.0,0.5999771367558566,13.0,0.6363636363636364,0.9090909090909091,O14,de-protonated,,0.0,,C22 H20 O14,22.0,20.0,14.0,,,,
830,1502,507.1149241956097,507.11441667312465,507.1144143756091,3335055.875208938,174.93897068989537,425562.2771655941,17.81194080182867,-1,0.00453056644639541,0.9999962755853351,0.0,0.5999977653512011,12.0,0.5652173913043478,1.0434782608695652,O13,de-protonated,,0.0,,C23 H24 O13,23.0,24.0,13.0,,,,
831,1503,507.1512830684146,507.15077551061285,507.1507998849591,3302101.5961249648,241.6927672922981,458738.73922435165,17.210924394405,-1,-0.048061338479367506,0.9995809609059657,0.0,0.5997485765435794,11.0,0.5,1.1666666666666667,O12,de-protonated,,0.0,,C24 H28 O12,24.0,28.0,12.0,,,,
832,1504,507.1876446553596,507.18713706223855,507.1871853943091,2158851.1438309927,126.3752544393304,352845.1872728404,11.438634884969055,-1,-0.09529434484994886,0.9983536190476231,0.0,0.5990121714285739,10.0,0.44,1.28,O11,de-protonated,,0.0,,C25 H32 O11,25.0,32.0,11.0,,,,
833,1505,508.1959382483467,508.1954296758462,508.1953215260791,1633168.1575862567,161.22681707814033,447235.0358285514,8.52617067560226,-1,0.21281141815267285,0.9918160969082329,0.0,0.5950896581449397,5.0,0.5238095238095238,1.7142857142857142,N1 P1 O11,de-protonated,,0.0,,C21 H36 O11 N1 P1,21.0,36.0,11.0,1.0,1.0,,
834,1508,509.02138015659784,509.02087078234234,509.0209079120191,2232889.4248227547,222.89314000294485,376132.56522964675,11.701829431457245,-1,-0.07294332347465253,0.9990350267008975,0.0,0.5994210160205384,14.0,0.8,0.7,O16,de-protonated,,0.0,,C20 H14 O16,20.0,14.0,16.0,,,,
835,1509,509.0577785077926,509.05726909818355,509.0572934213691,7954835.687726583,132.67557920595848,431550.07573541504,42.46294192050492,-1,-0.047780840864577796,0.9995954034386478,0.9632863169217958,0.9850717688319071,13.0,0.7142857142857143,0.8571428571428571,O15,de-protonated,,0.0,,C21 H18 O15,21.0,18.0,15.0,,,,
836,1510,509.0941502068521,509.0936407619155,509.09367893071914,4713494.484606092,93.3288836432645,422852.5420314506,24.541725408235582,-1,-0.07497402783638737,0.9989805778734875,0.0,0.5993883467240925,12.0,0.6363636363636364,1.0,O14,de-protonated,,0.0,,C22 H22 O14,22.0,22.0,14.0,,,,
837,1511,509.13054456831827,509.13003508803206,509.130064440069,2702917.916311415,170.1167517067825,422972.9758948406,14.363092769872019,-1,-0.05765135278988701,0.9993971047207928,0.0,0.5996382628324757,11.0,0.5652173913043478,1.1304347826086956,O13,de-protonated,,0.0,,C23 H26 O13,23.0,26.0,13.0,,,,
838,1512,509.166985975058,509.16647645937655,509.1664499494191,2469129.0758004813,160.25858822750922,359332.8217849877,13.109753676342176,-1,0.052065405098129285,0.9995082486877472,0.0,0.5997049492126483,10.0,0.5,1.25,O12,de-protonated,,0.0,,C24 H30 O12,24.0,30.0,12.0,,,,
839,1513,509.2033640653283,509.20285451431306,509.2028354587691,1614214.6339965686,178.0620568955442,451438.2718907013,8.405567604932989,-1,0.0374223053373426,0.999745926291345,0.0,0.599847555774807,9.0,0.44,1.36,O11,de-protonated,,0.0,,C25 H34 O11,25.0,34.0,11.0,,,,
840,1515,510.06113483917386,510.0606244550214,510.0606482564391,2267317.444736124,238.27019487203347,376326.144609479,11.8570808981199,-1,-0.046663897252906324,0.9996049700272516,0.9632863169217958,0.9850775087850693,13.0,0.7142857142857143,0.8571428571428571,13C1 O15,de-protonated,,1.0,1509.0,C20 H18 O15 13C1,20.0,18.0,15.0,,,,1.0
841,1516,511.03702042984145,511.0365090978482,511.03655797647906,3191338.7091720793,103.4225091938176,400762.6805444226,17.045678198128872,-1,-0.09564605528696754,0.9983414538641463,0.0,0.5990048723184878,13.0,0.8,0.8,O16,de-protonated,,0.0,,C20 H16 O16,20.0,16.0,16.0,,,,
842,1517,511.05222249577173,511.05171114901344,511.0518141177691,1703221.8215292129,74.50212389256069,421549.7801335795,8.871988320228517,-1,-0.2014839842000008,0.9926610090510353,0.0,0.5955966054306211,17.0,0.5416666666666666,0.6666666666666666,O13,de-protonated,,0.0,,C24 H16 O13,24.0,16.0,13.0,,,,
843,1518,511.07347184656066,511.0729604791639,511.07294348582906,5727215.544663403,189.47151038004108,435918.2156783475,30.27203705329493,-1,0.033250312025792476,0.9997994134918777,0.0,0.5998796480951266,12.0,0.7142857142857143,0.9523809523809523,O15,de-protonated,,0.0,,C21 H20 O15,21.0,20.0,15.0,,,,
844,1520,511.14619907458604,511.14568763655296,511.14571450452905,2551917.575731166,235.95548200824098,419839.8031968944,13.553519671180494,-1,-0.05256422058698176,0.9994987834232039,0.0,0.5996992700539223,10.0,0.5652173913043478,1.2173913043478262,O13,de-protonated,,0.0,,C23 H28 O13,23.0,28.0,13.0,,,,
845,1521,511.1825619432873,511.18205046993677,511.18210001387905,1746063.9480626564,259.09827429695827,403556.55059776106,9.096536578877936,-1,-0.09692033872220049,0.998297004065295,0.0,0.598978202439177,9.0,0.5,1.3333333333333333,O12,de-protonated,,0.0,,C24 H32 O12,24.0,32.0,12.0,,,,
846,1522,512.1084377361716,512.1079253635749,512.107949270699,1567727.1077876433,281.05559513645943,369193.53161998355,8.317613984334404,-1,-0.04668375914393965,0.9996046337432738,0.0,0.5997627802459643,6.0,0.7777777777777778,1.5,N1 S1 O14,de-protonated,,0.0,,C18 H27 O14 N1 S1,18.0,27.0,14.0,1.0,,1.0,
847,1523,513.0315577871386,513.0310445179904,513.0310786728791,2643872.7240275852,97.46330040111667,397931.6818319864,13.780066875752608,-1,-0.0665746971298742,0.9991961081872545,0.0,0.5995176649123527,17.0,0.6086956521739131,0.6086956521739131,O14,de-protonated,,0.0,,C23 H14 O14,23.0,14.0,14.0,,,,
848,1524,513.052717367782,513.0522040780833,513.052208040939,2979002.244144336,113.3110021383405,453911.2287547578,16.04487260616618,-1,-0.0077240789717388705,0.9999891745766746,0.0,0.5999935047460048,12.0,0.8,0.9,O16,de-protonated,,0.0,,C20 H18 O16,20.0,18.0,16.0,,,,
849,1525,513.0679639767022,513.067450672196,513.0674641822291,2255155.06116412,174.93730825691193,444526.07920792716,11.92171348295371,-1,-0.026331884316802768,0.9998741971772164,0.0,0.5999245183063298,16.0,0.5416666666666666,0.75,O13,de-protonated,,0.0,,C24 H18 O13,24.0,18.0,13.0,,,,
850,1526,513.0890547449966,513.0885414200068,513.088593550289,2595435.177921046,165.73843631069127,450272.1928160217,13.54485757218215,-1,-0.1016009377553003,0.9981287035356509,0.0,0.5988772221213905,11.0,0.7142857142857143,1.0476190476190477,O15,de-protonated,,0.0,,C21 H22 O15,21.0,22.0,15.0,,,,
851,1527,513.1255020314941,513.1249886711064,513.124979059639,3159781.1327488306,141.31436900879578,420854.56533204636,16.572594329757692,-1,0.018731240447621804,0.9999363390549121,0.0,0.5999618034329472,10.0,0.6363636363636364,1.1818181818181819,O14,de-protonated,,0.0,,C22 H26 O14,22.0,26.0,14.0,,,,
852,1528,513.1618373363491,513.1613239406723,513.161364568989,1737240.772963329,145.62295378706395,473261.6826545162,9.117858668720018,-1,-0.07917259462983084,0.9988632718122065,0.0,0.5993179630873239,9.0,0.5652173913043478,1.3043478260869565,O13,de-protonated,,0.0,,C23 H30 O13,23.0,30.0,13.0,,,,
853,1529,513.2347089003563,513.2341954339064,513.234135587689,1763675.9261523574,210.96205188006786,383520.0324939976,9.267779612922151,-1,0.1166060735611496,0.9975358874178664,0.0,0.5985215324507198,7.0,0.44,1.52,O11,de-protonated,,0.0,,C25 H38 O11,25.0,38.0,11.0,,,,
854,1530,515.010940400239,515.0104252087391,515.010343227989,1697028.1306554796,65.15253935217784,387457.21950089175,8.875319896766342,-1,0.15918272552817703,0.9954127998045603,0.0,0.5972476798827362,17.0,0.6818181818181818,0.5454545454545454,O15,de-protonated,,0.0,,C22 H12 O15,22.0,12.0,15.0,,,,
855,1531,515.0471735198039,515.0466582931157,515.046728737339,3704832.3715120708,133.46746035913236,399778.5392735789,19.27383658662637,-1,-0.1367724894981271,0.9966114454939697,0.0,0.5979668672963818,16.0,0.6086956521739131,0.6956521739130435,O14,de-protonated,,0.0,,C23 H16 O14,23.0,16.0,14.0,,,,
856,1532,515.0682983701487,515.0677831229448,515.0678581053991,3029896.6057774196,56.51418535592781,433167.23111595813,15.87429588742953,-1,-0.14557781681313955,0.9961619601748735,0.0,0.597697176104924,11.0,0.8,1.0,O16,de-protonated,,0.0,,C20 H20 O16,20.0,20.0,16.0,,,,
857,1533,515.0836507245779,515.0831354624643,515.083114246689,2478348.4504960906,158.98829909224565,403247.47969664854,12.909859084072664,-1,0.041189032807389,0.9996922130707749,0.0,0.5998153278424649,15.0,0.5416666666666666,0.8333333333333334,O13,de-protonated,,0.0,,C24 H20 O13,24.0,20.0,13.0,,,,
858,1534,515.1047911294507,515.1042758468063,515.104243614749,2402987.229226337,206.138711050471,446860.89204175153,12.566706700676669,-1,0.06257385330877789,0.9992897923231301,0.0,0.5995738753938781,10.0,0.7142857142857143,1.1428571428571428,O15,de-protonated,,0.0,,C21 H24 O15,21.0,24.0,15.0,,,,
859,1535,515.1776060725813,515.1770907192217,515.1770146334491,1799795.9397726352,142.13433138597216,393095.12347359024,9.496992078724526,-1,0.1476886012004288,0.9960500767892412,0.0,0.5976300460735446,8.0,0.5652173913043478,1.391304347826087,O13,de-protonated,,0.0,,C23 H32 O13,23.0,32.0,13.0,,,,
860,1536,517.0264433965134,517.025926247669,517.025993292449,3489364.225220059,252.74414646390215,442858.92467958,18.301016237581408,-1,-0.12967390599860085,0.9969535318622645,0.0,0.5981721191173587,16.0,0.6818181818181818,0.6363636363636364,O15,de-protonated,,0.0,,C22 H14 O15,22.0,14.0,15.0,,,,
861,1537,517.0629041987461,517.0623870144937,517.062378801799,4572632.0905045,176.08523808224783,436911.7942353385,24.003342639723027,-1,0.01588337302196247,0.9999542248939607,0.0,0.5999725349363764,15.0,0.6086956521739131,0.782608695652174,O14,de-protonated,,0.0,,C23 H18 O14,23.0,18.0,14.0,,,,
862,1538,517.0839355060574,517.083418301381,517.0835081698591,2170444.1386328004,257.0397993136412,382347.41924518044,11.424642263510188,-1,-0.17379877073064118,0.9945341510834886,0.0,0.5967204906500931,10.0,0.8,1.1,O16,de-protonated,,0.0,,C20 H22 O16,20.0,22.0,16.0,,,,
863,1539,517.0992679020735,517.0987506825076,517.098764311149,2190007.879133859,254.19446872967248,378507.776566321,11.625869486394832,-1,-0.026355973742547476,0.9998739669078691,0.0,0.5999243801447215,14.0,0.5416666666666666,0.9166666666666666,O13,de-protonated,,0.0,,C24 H22 O13,24.0,22.0,13.0,,,,
864,1540,517.1357023260597,517.1351850711116,517.135149820499,1829017.94722076,284.41977533900996,376332.57179334154,9.62026041062406,-1,0.06816518380772375,0.9991572553880725,0.0,0.5994943532328435,13.0,0.48,1.04,O12,de-protonated,,0.0,,C25 H26 O12,25.0,26.0,12.0,,,,
865,1543,519.0421412036009,519.0416220973101,519.041643356909,6049690.212260899,159.63829826304715,422458.41362525907,32.137719914477046,-1,-0.04095933192351703,0.9996956358782361,0.0,0.5998173815269416,15.0,0.6818181818181818,0.7272727272727273,O15,de-protonated,,0.0,,C22 H16 O15,22.0,16.0,15.0,,,,
866,1544,519.0785460510203,519.0780269093775,519.078028866259,4344354.281317061,228.6896645507021,420005.938871795,22.811970869796735,-1,-0.0037699178628973515,0.9999974212036639,0.0,0.5999984527221983,14.0,0.6086956521739131,0.8695652173913043,O14,de-protonated,,0.0,,C23 H20 O14,23.0,20.0,14.0,,,,
867,1545,519.1148682802258,519.1143491033113,519.114414375609,2434611.5142027284,156.70646895463972,390327.7143958448,12.729287635722539,-1,-0.12573778721452752,0.9971354086723215,0.0,0.5982812452033929,13.0,0.5416666666666666,1.0,O13,de-protonated,,0.0,,C24 H24 O13,24.0,24.0,13.0,,,,
868,1548,520.9829824872302,520.9824614962689,520.982509736569,1552868.6718213346,123.45381299420035,328129.58362612606,8.081072050148814,-1,-0.09259485527288948,0.9984455034260841,0.0,0.5990673020556504,24.0,0.14814814814814814,0.4074074074074074,N2 S2 P1 O4,de-protonated,,0.0,,C27 H11 O4 N2 P1 S2,27.0,11.0,4.0,2.0,1.0,2.0,
869,1549,521.0214549776905,521.020933949371,521.020907912019,2979390.75080887,145.96663184040187,423387.8615960844,15.647748682857417,-1,0.04997371831064215,0.9995469576913629,0.0,0.5997281746148178,15.0,0.7619047619047619,0.6666666666666666,O16,de-protonated,,0.0,,C21 H14 O16,21.0,14.0,16.0,,,,
870,1550,521.0577860112735,521.0572649476753,521.0572934213691,5752560.924365961,109.36071967806,424526.1283637082,30.73312724612994,-1,-0.054645994057907994,0.9994583074835618,0.0,0.599674984490137,14.0,0.6818181818181818,0.8181818181818182,O15,de-protonated,,0.0,,C22 H18 O15,22.0,18.0,15.0,,,,
871,1551,521.0941606910108,521.0936395920914,521.0936789307191,3739322.618217122,188.6357684761552,433379.1855101505,19.644307897632533,-1,-0.07549242913631485,0.998966439040114,0.0,0.5993798634240683,13.0,0.6086956521739131,0.9565217391304348,O14,de-protonated,,0.0,,C23 H22 O14,23.0,22.0,14.0,,,,
872,1552,521.1305610584949,521.1300399242295,521.130064440069,2753098.800539793,101.77117336132059,428795.0250412274,14.353764355566108,-1,-0.04704360981359539,0.9995985163063338,0.0,0.5997591097838002,12.0,0.5416666666666666,1.0833333333333333,O13,de-protonated,,0.0,,C24 H26 O13,24.0,26.0,13.0,,,,
873,1554,523.0370753268327,523.0365523413155,523.036557976479,3980245.1843833504,190.2130151312711,441729.8894629727,20.811692316486482,-1,-0.01077393802642429,0.9999789380682642,0.0,0.5999873628409585,14.0,0.7619047619047619,0.7619047619047619,O16,de-protonated,,0.0,,C21 H16 O16,21.0,16.0,16.0,,,,
874,1555,523.0734613930724,523.0729383722246,523.072943485829,5256745.154611685,130.96679742906412,408603.5164021905,27.573460057656515,-1,-0.009776082792703304,0.9999826587737514,0.0,0.5999895952642508,13.0,0.6818181818181818,0.9090909090909091,O15,de-protonated,,0.0,,C22 H20 O15,22.0,20.0,15.0,,,,
875,1556,523.1098437706979,523.109320714523,523.109328995179,2567897.65756197,111.06946259451234,454054.61271532666,13.636809084626124,-1,-0.01582968509375887,0.999954533815922,0.0,0.5999727202895532,12.0,0.6086956521739131,1.0434782608695652,O14,de-protonated,,0.0,,C23 H24 O14,23.0,24.0,14.0,,,,
876,1557,523.1462380524798,523.1457149609664,523.145714504529,2406878.509147286,67.33409939182843,402126.886018872,12.811244418553038,-1,0.0008724862055848537,0.9999998618754307,0.0,0.5999999171252584,11.0,0.5416666666666666,1.1666666666666667,O13,de-protonated,,0.0,,C24 H28 O13,24.0,28.0,13.0,,,,
877,1559,525.0316428016098,525.0311178794236,525.0310786728791,1971635.8568978803,168.02011770482557,404487.5033663413,10.323223060105176,-1,0.07467471193475583,0.9989886971155952,0.0,0.5993932182693571,18.0,0.5833333333333334,0.5833333333333334,O14,de-protonated,,0.0,,C24 H14 O14,24.0,14.0,14.0,,,,
878,1560,525.0527704086026,525.0522454659025,525.052208040939,4997539.818162405,180.36207861544113,429483.3955843617,26.048930633947702,-1,0.07127855648046189,0.9990785506819639,0.0,0.5994471304091783,13.0,0.7619047619047619,0.8571428571428571,O16,de-protonated,,0.0,,C21 H18 O16,21.0,18.0,16.0,,,,
879,1561,525.0891142951424,525.0885893171542,525.088593550289,4632254.727969891,165.50946142037293,423259.1736254484,24.224559321834622,-1,-0.008061753600303955,0.9999882073798992,0.0,0.5999929244279395,12.0,0.6818181818181818,1.0,O15,de-protonated,,0.0,,C22 H22 O15,22.0,22.0,15.0,,,,
880,1562,525.1254650507765,525.1249400374936,525.124979059639,2880182.2676017587,108.80618908355964,402383.09813055466,15.164003769565197,-1,-0.07431020608709193,0.9989985409284552,0.0,0.5993991245570731,11.0,0.6086956521739131,1.1304347826086956,O14,de-protonated,,0.0,,C23 H26 O14,23.0,26.0,14.0,,,,
881,1563,525.1619324170488,525.1614073683579,525.161364568989,2246248.7905725087,181.05540974374253,422657.6333590379,11.68916944061351,-1,0.08149755822125765,0.9987955705886773,0.0,0.5992773423532064,10.0,0.5416666666666666,1.25,O13,de-protonated,,0.0,,C24 H30 O13,24.0,30.0,13.0,,,,
882,1566,527.0109557700622,527.0104289261033,527.010343227989,2143622.891524586,112.70871516619334,394819.9837417252,11.309369715301436,-1,0.16261182608133803,0.9952135157827823,0.0,0.5971281094696693,18.0,0.6521739130434783,0.5217391304347826,O15,de-protonated,,0.0,,C23 H12 O15,23.0,12.0,15.0,,,,
883,1567,527.0472313759658,527.0467044967867,527.046728737339,2911186.032606284,230.73918567888353,393554.07864983374,15.600440296020299,-1,-0.04599317476998363,0.9996162421606659,0.0,0.5997697452963995,17.0,0.5833333333333334,0.6666666666666666,O14,de-protonated,,0.0,,C24 H16 O14,24.0,16.0,14.0,,,,
884,1568,527.0683774146843,527.0678505149742,527.0678581053991,3728072.197306927,208.4052071661954,468584.98496183014,19.48705748504718,-1,-0.014401228848622128,0.9999623690865715,0.0,0.5999774214519429,12.0,0.7619047619047619,0.9523809523809523,O16,de-protonated,,0.0,,C21 H20 O16,21.0,20.0,16.0,,,,
885,1569,527.104724527082,527.1041975920823,527.104243614749,2849662.8409708226,133.93554681069782,430595.5537066395,14.846837683164239,-1,-0.08731226737289637,0.9986176945378136,0.0,0.5991706167226881,11.0,0.6818181818181818,1.0909090909090908,O15,de-protonated,,0.0,,C22 H24 O15,22.0,24.0,15.0,,,,
886,1571,529.0266018630675,529.0260730621457,529.025993292449,2284481.66177231,170.12233903137718,337408.10632382263,12.16758383144521,-1,0.15078596827291352,0.9958830067448873,0.0,0.5975298040469323,17.0,0.6521739130434783,0.6086956521739131,O15,de-protonated,,0.0,,C23 H14 O15,23.0,14.0,15.0,,,,
887,1572,529.0475939708163,529.0470651495139,529.047122660509,1960569.5611163606,169.20697046474646,414143.69742460607,10.211948403741815,-1,-0.10870675346453984,0.9978580893312865,0.0,0.5987148535987719,12.0,0.85,0.9,O17,de-protonated,,0.0,,C20 H18 O17,20.0,18.0,17.0,,,,
888,1573,529.062947420606,529.0624185843975,529.062378801799,3017697.1908290815,211.10659428997434,393792.8374330954,16.197458811598576,-1,0.07519453298117525,0.9989745757170049,0.0,0.5993847454302029,16.0,0.5833333333333334,0.75,O14,de-protonated,,0.0,,C24 H18 O14,24.0,18.0,14.0,,,,
889,1574,529.0840581335051,529.0835292768011,529.0835081698591,2201214.155239926,140.51735728660415,406235.0750634566,11.820433556203822,-1,0.039893403680269515,0.999711269071915,0.0,0.599826761443149,11.0,0.7619047619047619,1.0476190476190477,O16,de-protonated,,0.0,,C21 H22 O16,21.0,22.0,16.0,,,,
890,1575,529.0992710243615,529.0987421528879,529.098764311149,2326778.364061671,124.10276438753111,369297.88327455113,12.42811311670314,-1,-0.04187925319833134,0.9996818128893993,0.0,0.5998090877336395,15.0,0.52,0.88,O13,de-protonated,,0.0,,C25 H22 O13,25.0,22.0,13.0,,,,
891,1576,529.1204270067085,529.1198981146952,529.119893679209,2242957.7895478704,285.6897032677461,402783.0745270458,11.85175037565938,-1,0.00838276207087621,0.9999872495550979,0.0,0.5999923497330587,10.0,0.6818181818181818,1.1818181818181819,O15,de-protonated,,0.0,,C22 H26 O15,22.0,26.0,15.0,,,,
892,1577,529.1357419024878,529.1352129956059,529.135149820499,1702245.619444086,245.4457918697782,395584.5851371581,8.863326221230173,-1,0.11939313977471898,0.9974168415615365,0.0,0.5984501049369219,14.0,0.46153846153846156,1.0,O12,de-protonated,,0.0,,C26 H26 O12,26.0,26.0,12.0,,,,
893,1579,529.2659609200975,529.2654318867911,529.265435716609,1727057.6527667884,229.24017997285642,409218.28614883235,9.103199731953588,-1,-0.007236100421389119,0.9999904991833772,0.0,0.5999942995100264,6.0,0.4230769230769231,1.6153846153846154,O11,de-protonated,,0.0,,C26 H42 O11,26.0,42.0,11.0,,,,
894,1580,531.0421592415266,531.0416284838154,531.041643356909,4320986.543861777,98.12058060519699,430915.3048274574,22.871939247477588,-1,-0.028007396039411287,0.9998576791964813,0.0,0.5999146075178887,16.0,0.6521739130434783,0.6956521739130435,O15,de-protonated,,0.0,,C23 H16 O15,23.0,16.0,15.0,,,,
895,1581,531.0785171352571,531.077986342249,531.078028866259,2775542.0066153402,151.71855191552936,430971.71478302067,14.844172421933978,-1,-0.08007111522202068,0.998837339302068,0.0,0.5993024035812408,15.0,0.5833333333333334,0.8333333333333334,O14,de-protonated,,0.0,,C24 H20 O14,24.0,20.0,14.0,,,,
896,1582,531.099794599711,531.0992637860462,531.099158234319,1727455.2886697927,106.9381698225161,440836.87926531624,9.203147028088344,-1,0.1987420344232385,0.9928586891025276,0.0,0.5957152134615166,10.0,0.7619047619047619,1.1428571428571428,O16,de-protonated,,0.0,,C21 H24 O16,21.0,24.0,16.0,,,,
897,1583,531.1149392230013,531.1144083946339,531.114414375609,1701757.8909334186,54.48745219474958,457715.34957747057,8.863326221230173,-1,-0.011261180289582517,0.9999769899980927,0.0,0.5999861939988556,14.0,0.52,0.96,O13,de-protonated,,0.0,,C25 H24 O13,25.0,24.0,13.0,,,,
898,1584,533.0214622261898,533.0209295469716,533.020907912019,3320358.654726401,98.84190037904938,399231.19325878704,17.450797905128418,-1,0.04058931333509847,0.9997011093528234,0.0,0.599820665611694,16.0,0.7272727272727273,0.6363636363636364,O16,de-protonated,,0.0,,C22 H14 O16,22.0,14.0,16.0,,,,
899,1585,533.0578262002388,533.0572934857192,533.0572934213691,5867559.455870973,52.737527317708064,407055.7944294675,31.002318630386217,-1,0.0001207190325500322,0.9999999973557329,0.0,0.5999999984134397,15.0,0.6521739130434783,0.782608695652174,O15,de-protonated,,0.0,,C23 H18 O15,23.0,18.0,15.0,,,,
900,1586,533.0941864891,533.0936537392828,533.0936789307191,3648204.3155022217,32.046844574992875,421764.0114859161,18.98598837375827,-1,-0.0472551772588166,0.9995948977645369,0.0,0.5997569386587221,14.0,0.5833333333333334,0.9166666666666666,O14,de-protonated,,0.0,,C24 H22 O14,24.0,22.0,14.0,,,,
901,1587,533.1304839980937,533.1299512130397,533.130064440069,1895234.593519361,128.49592036144605,383159.5281959027,9.928764398026672,-1,-0.21238162469604285,0.9918489849587055,0.0,0.5951093909752233,13.0,0.52,1.04,O13,de-protonated,,0.0,,C25 H26 O13,25.0,26.0,13.0,,,,
902,1588,533.2034934036277,533.202960547698,533.2028354587691,1734663.6111284911,220.07810259205468,333960.8519371221,9.055225029808904,-1,0.2345991443047175,0.9900633504668798,0.0,0.5940380102801278,11.0,0.4074074074074074,1.2592592592592593,O11,de-protonated,,0.0,,C27 H34 O11,27.0,34.0,11.0,,,,
903,1590,535.0370862780935,535.0365516421947,535.036557976479,4319070.229211686,201.87196182389442,403916.2806994462,22.506798458931947,-1,-0.011838974764074365,0.9999745682353786,0.0,0.5999847409412271,15.0,0.7272727272727273,0.7272727272727273,O16,de-protonated,,0.0,,C22 H16 O16,22.0,16.0,16.0,,,,
904,1591,535.0733958392524,535.0728611681066,535.072943485829,5110398.1271183705,193.39987239918628,415708.57828804624,27.016420460532142,-1,-0.15384392622889875,0.9957146891655194,0.0,0.5974288134993117,14.0,0.6521739130434783,0.8695652173913043,O15,de-protonated,,0.0,,C23 H20 O15,23.0,20.0,15.0,,,,
905,1592,535.1099209945545,535.1093862879524,535.109328995179,2437686.636726523,97.24974295799412,374692.6363847514,12.928515912684485,-1,0.1070674164295433,0.9979221371366166,0.0,0.5987532822819699,13.0,0.5833333333333334,1.0,O14,de-protonated,,0.0,,C24 H24 O14,24.0,24.0,14.0,,,,
906,1593,535.1461439466334,535.1456092048685,535.145714504529,1865053.3238271023,76.66940697287325,437506.19468769105,10.006723289011783,-1,-0.19676820284636107,0.9929993391394069,0.0,0.5957996034836441,12.0,0.52,1.12,O13,de-protonated,,0.0,,C25 H28 O13,25.0,28.0,13.0,,,,
907,1594,535.1826165840633,535.1820818068933,535.182100013879,1944285.2337544847,141.39877146266969,402483.3255878024,10.22194313335529,-1,-0.034020169423023425,0.9997900184333842,0.0,0.5998740110600305,11.0,0.46153846153846156,1.2307692307692308,O12,de-protonated,,0.0,,C26 H32 O12,26.0,32.0,12.0,,,,
908,1596,537.0527164966804,537.0521799041823,537.052208040939,5425857.9427940985,207.15016032245984,423551.5565062136,28.377036318579954,-1,-0.052391101574458226,0.999502078655582,0.0,0.5997012471933492,14.0,0.7272727272727273,0.8181818181818182,O16,de-protonated,,0.0,,C22 H18 O16,22.0,18.0,16.0,,,,
909,1597,537.0891006082437,537.0885639804278,537.088593550289,4112633.389339383,192.07673237442015,402637.37028767966,21.93509992504114,-1,-0.05505583544569418,0.9994501539394938,0.0,0.5996700923636963,13.0,0.6521739130434783,0.9565217391304348,O15,de-protonated,,0.0,,C23 H22 O15,23.0,22.0,15.0,,,,
910,1598,537.1255297103514,537.124993047174,537.124979059639,3015699.4066503514,342.97172520951176,362553.10314962687,16.104840983847033,-1,0.026041490424060128,0.9998769564702609,0.0,0.5999261738821565,12.0,0.5833333333333334,1.0833333333333333,O14,de-protonated,,0.0,,C24 H26 O14,24.0,26.0,14.0,,,,
911,1599,537.1618359536465,537.161299255227,537.161364568989,1987406.3638476098,214.85888831466806,348962.4247800988,10.334550420333782,-1,-0.12159058020056156,0.9973210086959059,0.0,0.5983926052175436,11.0,0.52,1.2,O13,de-protonated,,0.0,,C25 H30 O13,25.0,30.0,13.0,,,,
912,1600,537.1982849248844,537.1977481910844,537.197750078339,1543067.9409819755,110.89334911817951,417184.3709015346,8.065746798074818,-1,-0.0035131468768378605,0.9999977605263539,0.0,0.5999986563158123,10.0,0.46153846153846156,1.3076923076923077,O12,de-protonated,,0.0,,C26 H34 O12,26.0,34.0,12.0,,,,
913,1602,538.3970417649123,538.3965038675082,538.3965452226989,1789546.8885973792,167.2476511790324,335701.04678484093,9.522978375719562,-1,-0.07681176846515238,0.9989300169226467,0.0,0.599358010153588,4.0,0.03333333333333333,1.9333333333333333,N3 S1 P1 O1,de-protonated,,0.0,,C30 H58 O1 N3 P1 S1,30.0,58.0,1.0,3.0,1.0,1.0,
914,1604,539.0473117728935,539.0467732443011,539.046728737339,1748271.4314562012,140.07503696190565,391336.40384068165,9.123189191180538,-1,0.08256605550818708,0.9987638011730852,0.0,0.5992582807038511,18.0,0.56,0.64,O14,de-protonated,,0.0,,C25 H16 O14,25.0,16.0,14.0,,,,
915,1605,539.0683588345155,539.0678202854938,539.0678581053991,4581493.965604362,196.48306742060896,405773.92448146397,24.491085444860637,-1,-0.07015796753386014,0.9991072827983486,0.0,0.5994643696790092,13.0,0.7272727272727273,0.9090909090909091,O16,de-protonated,,0.0,,C22 H20 O16,22.0,20.0,16.0,,,,
916,1606,539.104796469235,539.1042578848451,539.104243614749,2706965.90030257,203.69842976576825,346564.18598088034,14.499687407922853,-1,0.026470012617315762,0.9998728739601445,0.0,0.5999237243760867,12.0,0.6521739130434783,1.0434782608695652,O15,de-protonated,,0.0,,C23 H24 O15,23.0,24.0,15.0,,,,
917,1607,539.1411411218278,539.14060250216,539.1406291240991,2289439.248682705,299.07963453791297,361577.78545971884,12.013664995397685,-1,-0.04937846931958979,0.9995576836338088,0.0,0.5997346101802853,11.0,0.5833333333333334,1.1666666666666667,O14,de-protonated,,0.0,,C24 H28 O14,24.0,28.0,14.0,,,,
918,1608,541.0264794418061,541.0259389921791,541.025993292449,1588879.0507332021,107.770247684548,347226.19970066706,8.276968750572935,-1,-0.10036536239241688,0.9981738993644796,0.0,0.5989043396186877,18.0,0.625,0.5833333333333334,O15,de-protonated,,0.0,,C24 H14 O15,24.0,14.0,15.0,,,,
919,1609,541.0476035289482,541.047063058818,541.047122660509,2381211.8220724906,39.891617877811704,407331.42847640475,12.4307783779334,-1,-0.11015988897767641,0.9978005061344761,0.0,0.5986803036806857,13.0,0.8095238095238095,0.8571428571428571,O17,de-protonated,,0.0,,C21 H18 O17,21.0,18.0,17.0,,,,
920,1610,541.0629585958307,541.0624181107968,541.062378801799,1869111.5878457464,109.39926436661011,388067.0112607253,9.987400145092396,-1,0.0726515080528333,0.9990427284685968,0.0,0.599425637081158,17.0,0.56,0.72,O14,de-protonated,,0.0,,C25 H18 O14,25.0,18.0,14.0,,,,
921,1611,541.0840509972558,541.0835104917495,541.0835081698591,3148081.478440954,148.96024890198154,437865.12018601916,16.821796254787017,-1,0.004291186796689694,0.9999966587579183,0.0,0.599997995254751,12.0,0.7272727272727273,1.0,O16,de-protonated,,0.0,,C22 H22 O16,22.0,22.0,16.0,,,,
922,1617,543.0422156057843,543.0416731997151,543.041643356909,3513167.7079692227,121.66345700910453,389961.50020549604,18.431614037864158,-1,0.0549549125896785,0.9994521673858106,0.0,0.5996713004314863,17.0,0.625,0.6666666666666666,O15,de-protonated,,0.0,,C24 H16 O15,24.0,16.0,15.0,,,,
923,1618,543.0633389141001,543.0627964875293,543.062772724969,2776425.316336716,150.46380742885566,404130.4964813223,14.525673704917889,-1,0.04375656279738824,0.9996526520093686,0.0,0.5997915912056211,12.0,0.8095238095238095,0.9523809523809523,O17,de-protonated,,0.0,,C21 H20 O17,21.0,20.0,17.0,,,,
924,1619,543.0784442534351,543.0779018122037,543.078028866259,2075927.1698949568,136.7802221483822,366452.9110988297,10.816962703010871,-1,-0.2339517502641555,0.9901178451627489,0.0,0.5940707070976493,16.0,0.56,0.8,O14,de-protonated,,0.0,,C25 H20 O14,25.0,20.0,14.0,,,,
925,1623,545.0214306702153,545.0208863432356,545.020907912019,1688004.472758097,186.79700881176268,428176.8815996256,8.877318842689037,-1,-0.03957423113213014,0.9997158699977582,0.0,0.5998295219986549,17.0,0.6956521739130435,0.6086956521739131,O16,de-protonated,,0.0,,C23 H14 O16,23.0,14.0,16.0,,,,
926,1624,545.0578080911918,545.0572637289071,545.0572934213691,4033382.8077728436,220.8495636268343,425428.61090947094,21.12086261919666,-1,-0.05447585488706284,0.9994616744227305,0.0,0.5996770046536383,16.0,0.625,0.75,O15,de-protonated,,0.0,,C24 H18 O15,24.0,18.0,15.0,,,,
927,1625,545.0941180495282,545.0935736520041,545.0936789307191,1600628.168626219,207.22146199798425,436651.0254347865,8.555488549135124,-1,-0.1931387558212243,0.9932543507741056,0.0,0.5959526104644634,15.0,0.56,0.88,O14,de-protonated,,0.0,,C25 H22 O14,25.0,22.0,14.0,,,,
928,1629,547.0370330255608,547.0364867424421,547.036557976479,3699179.1643622527,210.1491219990961,389409.45117329294,19.525703772885954,-1,-0.13021805557679175,0.9969279498727663,0.0,0.5981567699236597,16.0,0.6956521739130435,0.6956521739130435,O16,de-protonated,,0.0,,C23 H16 O16,23.0,16.0,16.0,,,,
929,1630,547.0735141610694,547.0729678425466,547.072943485829,3746903.898379959,121.59117008388833,425862.4441781562,19.702943644698255,-1,0.044521883089373236,0.9996403974360022,0.0,0.5997842384616013,15.0,0.625,0.8333333333333334,O15,de-protonated,,0.0,,C24 H20 O15,24.0,20.0,15.0,,,,
930,1631,547.1098385223181,547.1092921685433,547.109328995179,2543834.574166866,258.37394511453346,379280.44234562607,13.41026188005401,-1,-0.06731129175250335,0.9991782283174928,0.0,0.5995069369904956,14.0,0.56,0.96,O14,de-protonated,,0.0,,C25 H24 O14,25.0,24.0,14.0,,,,
931,1632,547.1462830806536,547.1457366915104,547.145714504529,1540057.1068308156,282.8293119788656,336664.90892518335,8.230326679043383,-1,0.040550406921616225,0.9997016819890652,0.0,0.5998210091934391,13.0,0.5,1.0769230769230769,O13,de-protonated,,0.0,,C26 H28 O13,26.0,28.0,13.0,,,,
932,1634,549.0527714297597,549.0522231904573,549.052208040939,4825301.446681919,159.36552333315478,406038.84831299627,25.906339158128784,-1,0.02759212704081002,0.9998618680338704,0.0,0.5999171208203222,15.0,0.6956521739130435,0.782608695652174,O16,de-protonated,,0.0,,C23 H18 O16,23.0,18.0,16.0,,,,
933,1635,549.0891099597113,549.0885616851449,549.088593550289,3160285.7017841158,149.9503273991705,417583.0149554711,16.569929068527433,-1,-0.05803279199722917,0.9993891028902834,0.0,0.59963346173417,14.0,0.625,0.9166666666666666,O15,de-protonated,,0.0,,C24 H22 O15,24.0,22.0,15.0,,,,
934,1636,549.1256307956521,549.1250824856447,549.124979059639,2158105.742224681,179.26654241761975,384956.21327172074,11.565234793406413,-1,0.18834693309915074,0.993583858289918,0.0,0.5961503149739508,13.0,0.56,1.04,O14,de-protonated,,0.0,,C25 H26 O14,25.0,26.0,14.0,,,,
935,1639,551.0319989581856,551.0314487982168,551.031472596049,2980052.389409565,105.77322995704691,430835.3682673919,15.501159315193108,-1,-0.0431877910742498,0.9996616218407808,0.0,0.5997969731044684,15.0,0.7727272727272727,0.7272727272727273,O17,de-protonated,,0.0,,C22 H16 O17,22.0,16.0,17.0,,,,
936,1640,551.0472881399262,551.0467379651209,551.046728737339,1538698.0587242937,67.46370103514118,416784.0135307935,8.219665634122343,-1,0.016745915402309148,0.9999491184227844,0.0,0.5999694710536706,19.0,0.5384615384615384,0.6153846153846154,O14,de-protonated,,0.0,,C26 H16 O14,26.0,16.0,14.0,,,,
937,1641,551.0684494572139,551.0678992618739,551.0678581053991,4814924.173700334,56.00731710572694,390492.23188717227,25.31598379562616,-1,0.07468494889802564,0.9989884199630914,0.0,0.5993930519778549,14.0,0.6956521739130435,0.8695652173913043,O16,de-protonated,,0.0,,C23 H20 O16,23.0,20.0,16.0,,,,
938,1642,551.1048396282595,551.1042893976069,551.104243614749,2827491.3143378086,247.24523478286622,360730.3792605216,14.904807114922397,-1,0.08307476932101195,0.9987485306393721,0.0,0.5992491183836233,13.0,0.625,1.0,O15,de-protonated,,0.0,,C24 H24 O15,24.0,24.0,15.0,,,,
939,1643,551.1412468453843,551.1406965794025,551.1406291240991,1932330.8771074067,156.86055318949576,372021.1397764898,10.305898862108485,-1,0.12239218066472096,0.99728561725934,0.0,0.598371370355604,12.0,0.56,1.12,O14,de-protonated,,0.0,,C25 H28 O14,25.0,28.0,14.0,,,,
940,1647,553.0476748671801,553.0471227512617,553.047122660509,2732153.073682954,131.8632878447367,388636.69214067695,14.335107526954287,-1,0.00016409574255556834,0.9999999951140564,0.0,0.5999999970684338,14.0,0.7727272727272727,0.8181818181818182,O17,de-protonated,,0.0,,C22 H18 O17,22.0,18.0,17.0,,,,
941,1648,553.0841155949857,553.0835634437071,553.0835081698591,2833928.887012841,184.29472213385736,424369.21892647375,14.850835575009627,-1,0.09993761740721771,0.9981894173645833,0.0,0.59891365041875,13.0,0.6956521739130435,0.9565217391304348,O16,de-protonated,,0.0,,C23 H22 O16,23.0,22.0,16.0,,,,
942,1649,553.1203996840046,553.119847497518,553.119893679209,2059982.103389376,96.38095338645275,425594.98473641387,10.7783164151721,-1,-0.08349309350905434,0.9987359033123928,0.0,0.5992415419874356,12.0,0.625,1.0833333333333333,O15,de-protonated,,0.0,,C24 H26 O15,24.0,26.0,15.0,,,,
943,1650,553.1932446208374,553.192692363666,553.192664697909,2003474.0086608944,77.37407922683977,336006.65570470464,10.45581980631062,-1,0.05001106983863268,0.999546280363118,0.0,0.5997277682178708,10.0,0.5,1.3076923076923077,O13,de-protonated,,0.0,,C26 H34 O13,26.0,34.0,13.0,,,,
944,1652,555.0421101871685,555.0415561359977,555.041643356909,2587980.243105568,145.76829330361988,346634.1000595968,13.456903951583563,-1,-0.15714300436041453,0.9955293432339422,0.0,0.5973176059403653,18.0,0.6,0.64,O15,de-protonated,,0.0,,C25 H16 O15,25.0,16.0,15.0,,,,
945,1653,555.0632477739293,555.0626937022487,555.062772724969,3293393.2546786806,115.6225004052153,373895.08550686884,17.159618115722495,-1,-0.14236717759775233,0.9963290774121103,0.0,0.5977974464472662,13.0,0.7727272727272727,0.9090909090909091,O17,de-protonated,,0.0,,C22 H20 O17,22.0,20.0,17.0,,,,
946,1655,555.0998157450806,555.0992616379178,555.099158234319,1802769.8217041628,197.6086214866931,427694.3338243452,9.38771636828386,-1,0.18627950930969073,0.9937235005309716,0.0,0.5962341003185829,12.0,0.6956521739130435,1.0434782608695652,O16,de-protonated,,0.0,,C23 H24 O16,23.0,24.0,16.0,,,,
947,1656,555.1361204597365,555.1355663173472,555.135543743669,2001493.723648237,230.78317046025742,321226.30455234594,10.453820860387925,-1,0.040663363065526,0.9997000179503787,0.0,0.5998200107702272,11.0,0.625,1.1666666666666667,O15,de-protonated,,0.0,,C24 H28 O15,24.0,28.0,15.0,,,,
948,1657,555.1725110434732,555.1719568657741,555.171929253019,1662965.5593354444,196.6452260279661,334836.3885247714,8.785700487898845,-1,0.049737304054556696,0.9995512330720338,0.0,0.5997307398432202,10.0,0.56,1.28,O14,de-protonated,,0.0,,C25 H32 O14,25.0,32.0,14.0,,,,
949,1661,557.0213516304174,557.0207956588218,557.020907912019,1943184.957555409,87.51833243211765,352801.46873156406,10.151313710753396,-1,-0.20152420768416743,0.9926580892872764,0.0,0.5955948535723659,18.0,0.6666666666666666,0.5833333333333334,O16,de-protonated,,0.0,,C24 H14 O16,24.0,14.0,16.0,,,,
950,1662,557.0426144209588,557.0420584287328,557.0420372800791,1583943.7075460248,193.16761421590758,418071.46824455966,8.240987723964423,-1,0.03796599245849516,0.9997384910539489,0.0,0.5998430946323693,13.0,0.8571428571428571,0.8571428571428571,O18,de-protonated,,0.0,,C21 H18 O18,21.0,18.0,18.0,,,,
951,1663,557.0579240220594,557.057368014979,557.0572934213691,2671484.541846216,208.93722242179302,411757.9777228044,14.356429616796367,-1,0.133906531397957,0.9967517380727781,0.0,0.5980510428436668,17.0,0.6,0.72,O15,de-protonated,,0.0,,C25 H18 O15,25.0,18.0,15.0,,,,
952,1664,557.0788733760273,557.0783173486207,557.078422789429,2067026.8332771922,81.78502146531662,425540.8477492637,10.936233143065014,-1,-0.18927462289670657,0.9935207038176129,0.0,0.5961124222905677,12.0,0.7727272727272727,1.0,O17,de-protonated,,0.0,,C22 H22 O17,22.0,22.0,17.0,,,,
953,1668,559.0371670197368,559.0366090923161,559.036557976479,3588952.3498572954,114.87452537487113,384223.7098175816,18.683481224123742,-1,0.09143558925827022,0.9984841543054198,0.0,0.5990904925832519,17.0,0.6666666666666666,0.6666666666666666,O16,de-protonated,,0.0,,C24 H16 O16,24.0,16.0,16.0,,,,
954,1669,559.0735521869666,559.0729942242443,559.072943485829,3205754.101553508,64.99473475714987,408460.8519974241,16.70852265250096,-1,0.09075455343780085,0.9985066342235532,0.0,0.5991039805341319,16.0,0.6,0.8,O15,de-protonated,,0.0,,C25 H20 O15,25.0,20.0,15.0,,,,
955,1670,559.0945882073491,559.0940302242174,559.0940728538891,1749182.9949143054,88.9274576361438,355238.10177572654,9.273443293036454,-1,-0.07624776186139488,0.9989456641307446,0.0,0.5993673984784468,11.0,0.7727272727272727,1.0909090909090908,O17,de-protonated,,0.0,,C22 H24 O17,22.0,24.0,17.0,,,,
956,1671,559.1099732735729,559.1094152755144,559.109328995179,2073591.8052775986,65.23796435655814,416209.410266297,10.804969027474701,-1,0.15431746691872028,0.9956883247271646,0.0,0.5974129948362987,15.0,0.5384615384615384,0.9230769230769231,O14,de-protonated,,0.0,,C26 H24 O14,26.0,24.0,14.0,,,,
957,1675,561.0164768338249,561.0159169860833,561.015822531589,1672435.7273343361,118.9764843115446,389083.34309912106,8.752717880174375,-1,0.16836333393914885,0.9948698215774627,0.0,0.5969218929464776,17.0,0.7391304347826086,0.6086956521739131,O17,de-protonated,,0.0,,C23 H14 O17,23.0,14.0,17.0,,,,
958,1676,561.0527455965757,561.0521857136472,561.052208040939,4562726.381987155,169.45425371891136,402363.6431694097,23.784791218841693,-1,-0.03979539074031153,0.9997126858746826,0.0,0.5998276115248096,16.0,0.6666666666666666,0.75,O16,de-protonated,,0.0,,C24 H18 O16,24.0,18.0,16.0,,,,
959,1677,561.0890873400563,561.0885274218698,561.088593550289,3538551.139330392,75.17255164567202,391073.5630986728,18.535559225844302,-1,-0.11785735799096085,0.9974827865089224,0.0,0.5984896719053534,15.0,0.6,0.88,O15,de-protonated,,0.0,,C25 H22 O15,25.0,22.0,15.0,,,,
960,1678,561.1256545251108,561.1250945714478,561.124979059639,1952056.7517019892,235.09565400706842,376092.0489473394,10.175967377133302,-1,0.20585754166871878,0.9923401767228969,0.0,0.5954041060337381,14.0,0.5384615384615384,1.0,O14,de-protonated,,0.0,,C26 H26 O14,26.0,26.0,14.0,,,,
961,1681,563.0319679641087,563.03140616103,563.031472596049,2822940.616931413,110.71724852610058,376240.93288588396,14.944119718068734,-1,-0.11799521381512557,0.9974769018175302,0.0,0.5984861410905181,16.0,0.7391304347826086,0.6956521739130435,O17,de-protonated,,0.0,,C23 H16 O17,23.0,16.0,17.0,,,,
962,1682,563.0683956767558,563.0678338383373,563.0678581053991,4922904.205163025,154.57953405500484,391955.4105825592,25.627819359566598,-1,-0.04309793474136119,0.999663028195259,0.0,0.5997978169171554,15.0,0.6666666666666666,0.8333333333333334,O16,de-protonated,,0.0,,C24 H20 O16,24.0,20.0,16.0,,,,
963,1683,563.1047727668753,563.1042108931663,563.104243614749,2523621.248169542,108.53886278318004,386352.7951984029,13.508210230266071,-1,-0.058109280903375395,0.9993874919623539,0.0,0.5996324951774124,14.0,0.6,0.96,O15,de-protonated,,0.0,,C25 H24 O15,25.0,24.0,15.0,,,,
964,1684,563.1411265667646,563.1405646577876,563.1406291240991,1661920.6693664978,171.69872263387413,392301.71978228784,8.688085295340567,-1,-0.11447639910958836,0.9976249677801646,0.0,0.5985749806680988,13.0,0.5384615384615384,1.0769230769230769,O14,de-protonated,,0.0,,C26 H28 O14,26.0,28.0,14.0,,,,
965,1686,565.0476658056218,565.0471020470927,565.047122660509,4176238.3716453994,106.99887881037306,415671.13752333005,21.76585583691962,-1,-0.03648087998586034,0.9997585473347219,0.0,0.5998551284008331,15.0,0.7391304347826086,0.782608695652174,O17,de-protonated,,0.0,,C23 H18 O17,23.0,18.0,17.0,,,,
966,1687,565.0839710935004,565.0834072997519,565.0835081698591,3163605.104745565,154.53230115590142,383171.32152686844,16.84978149770475,-1,-0.17850477979141544,0.9942350086756556,0.0,0.5965410052053933,14.0,0.6666666666666666,0.9166666666666666,O16,de-protonated,,0.0,,C24 H22 O16,24.0,22.0,16.0,,,,
967,1688,565.1203918877234,565.1198280586435,565.119893679209,2443076.556321854,117.36976237190022,357095.63318394363,13.019801109820897,-1,-0.11611795337406085,0.9975564489193367,0.0,0.598533869351602,13.0,0.6,1.04,O15,de-protonated,,0.0,,C25 H26 O15,25.0,26.0,15.0,,,,
968,1689,565.1931728990025,565.1926089993188,565.192664697909,1991310.2831307307,123.15736743814179,393376.9980892287,10.369198816327165,-1,-0.09854797064817719,0.9982393760560359,0.0,0.5989436256336215,11.0,0.48148148148148145,1.2592592592592593,O13,de-protonated,,0.0,,C27 H34 O13,27.0,34.0,13.0,,,,
969,1691,567.0421519147035,567.0415862213879,567.041643356909,1707661.0756518398,149.479945212818,344585.4615791446,9.031903994044127,-1,-0.10076071454337117,0.9981594978092799,0.0,0.5988956986855679,19.0,0.5769230769230769,0.6153846153846154,O15,de-protonated,,0.0,,C26 H16 O15,26.0,16.0,15.0,,,,
970,1692,567.0633298307865,567.0627641169274,567.062772724969,3172797.0130066876,71.89779087022798,398394.87772091845,16.5152912133071,-1,-0.015180050699017898,0.9999581889385529,0.0,0.5999749133631317,14.0,0.7391304347826086,0.8695652173913043,O17,de-protonated,,0.0,,C23 H20 O17,23.0,20.0,17.0,,,,
971,1693,567.0996183658183,567.0990526167576,567.099158234319,2403906.2246266003,133.9760194348414,395998.3292844734,12.563375124138844,-1,-0.18624178837707464,0.9937260342209367,0.0,0.5962356205325621,13.0,0.6666666666666666,1.0,O16,de-protonated,,0.0,,C24 H24 O16,24.0,24.0,16.0,,,,
972,1694,567.136067105859,567.1355013214414,567.135543743669,1819029.200577694,187.48227754997075,450580.4239912025,9.465675259268968,-1,-0.074800862064885,0.998985279119262,0.0,0.5993911674715572,12.0,0.6,1.12,O15,de-protonated,,0.0,,C25 H28 O15,25.0,28.0,15.0,,,,
973,1695,569.0578809179592,569.0573132693371,569.0572934213691,2265597.2682665195,236.97380297346564,369230.9148393777,11.811771457205477,-1,0.03487868137145873,0.9997792879665581,0.0,0.5998675727799349,18.0,0.5769230769230769,0.6923076923076923,O15,de-protonated,,0.0,,C26 H18 O15,26.0,18.0,15.0,,,,
974,1696,569.0789556288119,569.0783879597473,569.078422789429,3331989.4833047655,112.48652083699815,404226.5199496126,17.51742943588492,-1,-0.06120365910899766,0.9993205444980942,0.0,0.5995923266988564,13.0,0.7391304347826086,0.9565217391304348,O17,de-protonated,,0.0,,C23 H22 O17,23.0,22.0,17.0,,,,
975,1697,569.115460785629,569.1148930811543,569.1148082987789,1627161.062592938,147.54128020685212,374497.3753523667,8.668095836113615,-1,0.14897235863209418,0.995981249072237,0.0,0.5975887494433422,12.0,0.6666666666666666,1.0833333333333333,O16,de-protonated,,0.0,,C24 H26 O16,24.0,26.0,16.0,,,,
976,1698,571.0371818189296,571.0366122504222,571.036557976479,2913796.4859085456,93.81978738169913,376664.4721010411,15.191322697175364,-1,0.09504460342163351,0.9983622301421027,0.0,0.5990173380852616,18.0,0.64,0.64,O16,de-protonated,,0.0,,C25 H16 O16,25.0,16.0,16.0,,,,
977,1699,571.0946223074018,571.0940526831794,571.0940728538891,2041915.7756446546,232.97984815169096,372205.69083864475,10.696359632341599,-1,-0.03531941702144857,0.9997736754159097,0.0,0.5998642052495458,12.0,0.7391304347826086,1.0434782608695652,O17,de-protonated,,0.0,,C23 H24 O17,23.0,24.0,17.0,,,,
978,1703,573.0528112163682,573.0522396928242,573.052208040939,3846142.4515290805,136.88851454902786,390766.07198001666,20.329280033809393,-1,0.05523385948719889,0.9994465933017967,0.0,0.599667955981078,17.0,0.64,0.72,O16,de-protonated,,0.0,,C25 H18 O16,25.0,18.0,16.0,,,,
979,1704,573.0891826778787,573.0886111190575,573.088593550289,2281915.1697724,209.87434389444778,308841.7981572464,12.137599642604782,-1,0.030656287171653977,0.9998294876222183,0.0,0.599897692573331,16.0,0.5769230769230769,0.8461538461538461,O15,de-protonated,,0.0,,C26 H22 O15,26.0,22.0,15.0,,,,
980,1707,575.0321041174519,575.0315306742006,575.031472596049,1957060.5301622108,83.06818834875328,419544.7667697469,10.404513527628112,-1,0.10099995280991877,0.9981507556438056,0.0,0.5988904533862833,17.0,0.7083333333333334,0.6666666666666666,O17,de-protonated,,0.0,,C24 H16 O17,24.0,16.0,17.0,,,,
981,1708,575.0683851440319,575.0678116655926,575.0678581053991,2804449.5570618147,116.25338365083962,408750.7590259115,14.788201936098515,-1,-0.08075535061815733,0.9988173955293208,0.0,0.5992904373175925,16.0,0.64,0.8,O16,de-protonated,,0.0,,C25 H20 O16,25.0,20.0,16.0,,,,
982,1711,577.0476472228376,577.0470718248066,577.047122660509,3945925.6303628306,144.2505240673358,375744.89635771344,20.549164085305858,-1,-0.08809627565157117,0.998592776200718,0.0,0.5991556657204308,16.0,0.7083333333333334,0.75,O17,de-protonated,,0.0,,C24 H18 O17,24.0,18.0,17.0,,,,
983,1712,577.0841241168214,577.083548683414,577.0835081698591,3833465.728625837,137.71451175952865,376150.2838286577,20.010781316793302,-1,0.07020397286767438,0.9991061121586489,0.0,0.5994636672951893,15.0,0.64,0.88,O16,de-protonated,,0.0,,C25 H22 O16,25.0,22.0,16.0,,,,
984,1713,577.1204881384699,577.1199126697956,577.119893679209,2052890.490490675,112.21341285268755,364124.51358169847,10.822959540778957,-1,0.03290579093905798,0.9998035482806362,0.0,0.5998821289683817,14.0,0.5769230769230769,1.0,O15,de-protonated,,0.0,,C26 H26 O15,26.0,26.0,15.0,,,,
985,1715,579.0634426989996,579.0628653460317,579.062772724969,3228656.872386475,267.6683437542838,351340.1284087549,17.025022423594358,-1,0.15994995193215014,0.9953685774137315,0.0,0.5972211464482389,15.0,0.7083333333333334,0.8333333333333334,O17,de-protonated,,0.0,,C24 H20 O17,24.0,20.0,17.0,,,,
986,1716,579.0996653989737,579.0990880108776,579.099158234319,2778654.016848449,147.48840352973895,380535.98455968103,14.640279937819075,-1,-0.12126324207786134,0.9973353944773726,0.0,0.5984012366864235,14.0,0.64,0.96,O16,de-protonated,,0.0,,C25 H24 O16,25.0,24.0,16.0,,,,
987,1717,579.1360374937824,579.135460070413,579.135543743669,1656475.934557622,119.20617742008217,353877.6376044294,8.874320423804996,-1,-0.14447957283200571,0.996219541161136,0.0,0.5977317246966816,13.0,0.5769230769230769,1.0769230769230769,O15,de-protonated,,0.0,,C26 H28 O15,26.0,28.0,15.0,,,,
988,1718,579.1724820152184,579.1719045565058,579.171929253019,1836172.8719501665,225.425775458632,310578.14154262847,9.846141299888608,-1,-0.04264107429463268,0.9996701333087885,0.0,0.5998020799852731,12.0,0.5185185185185185,1.1851851851851851,O14,de-protonated,,0.0,,C27 H32 O14,27.0,32.0,14.0,,,,
989,1720,581.0427023745971,581.0421231022102,581.0420372800791,2345153.8982457067,127.91717737733933,341779.1051615214,12.312840568494389,-1,0.1477038245913206,0.9960492640605744,0.0,0.5976295584363446,15.0,0.782608695652174,0.782608695652174,O18,de-protonated,,0.0,,C23 H18 O18,23.0,18.0,18.0,,,,
990,1721,581.0789068976765,581.0783275901805,581.078422789429,4222260.66041282,189.41871282484286,399977.5695167088,22.000398825182515,-1,-0.16383201445597723,0.9951415891447808,0.0,0.5970849534868684,14.0,0.7083333333333334,0.9166666666666666,O17,de-protonated,,0.0,,C24 H22 O17,24.0,22.0,17.0,,,,
991,1722,581.115440097128,581.1148607542042,581.1148082987789,2453806.032986709,128.6319671316372,363816.2378214632,13.202371504093717,-1,0.09026688788307285,0.9985226283439507,0.0,0.5991135770063704,13.0,0.64,1.04,O16,de-protonated,,0.0,,C25 H26 O16,25.0,26.0,16.0,,,,
992,1723,583.0371058572784,583.0365246508719,583.036557976479,1661244.741778298,295.0896744562245,339675.97399074107,8.749719461290333,-1,-0.05715869208501266,0.9994073617585547,0.0,0.5996444170551328,19.0,0.6153846153846154,0.6153846153846154,O16,de-protonated,,0.0,,C26 H16 O16,26.0,16.0,16.0,,,,
993,1724,583.0583216233791,583.0577403963996,583.057687344539,2683004.6130542164,205.6602101442379,366751.901458569,14.288465455424733,-1,0.09098904237064923,0.9984989130276715,0.0,0.5990993478166029,14.0,0.782608695652174,0.8695652173913043,O18,de-protonated,,0.0,,C23 H20 O18,23.0,20.0,18.0,,,,
994,1725,583.0945872889042,583.0940060267578,583.0940728538891,2127119.376851966,179.97550261271323,368491.1896290471,11.155450879253912,-1,-0.11460780408262876,0.9976195186535861,0.0,0.5985717111921517,13.0,0.7083333333333334,1.0,O17,de-protonated,,0.0,,C24 H24 O17,24.0,24.0,17.0,,,,
995,1726,585.0527310664331,585.0521479055146,585.052208040939,2799340.113840169,55.60443864140405,370451.61501025554,14.593637866289523,-1,-0.1027864241497033,0.9980848220382873,0.0,0.5988508932229724,18.0,0.6153846153846154,0.6923076923076923,O16,de-protonated,,0.0,,C26 H18 O16,26.0,18.0,16.0,,,,
996,1727,585.0738509302572,585.0732677488596,585.073337408999,2158176.2095730235,100.61233070430049,322688.4051101302,11.303372877533352,-1,-0.11906223533762707,0.9974311220591652,0.0,0.5984586732354991,13.0,0.782608695652174,0.9565217391304348,O18,de-protonated,,0.0,,C23 H22 O18,23.0,22.0,18.0,,,,
997,1728,585.110274361163,585.1096911444472,585.109722918349,2093244.886236784,148.567255081664,308720.3810642055,11.003864146782865,-1,-0.0543041767475769,0.9994650611863674,0.0,0.5996790367118204,12.0,0.7083333333333334,1.0833333333333333,O17,de-protonated,,0.0,,C24 H26 O17,24.0,26.0,17.0,,,,
998,1729,587.0320171216857,587.0314320415778,587.031472596049,2697271.2051815074,138.36021527309146,348062.6433154995,14.13321398876208,-1,-0.0690839811442311,0.9991343934973603,0.0,0.5994806360984162,18.0,0.68,0.64,O17,de-protonated,,0.0,,C25 H16 O17,25.0,16.0,17.0,,,,
999,1730,587.0684189203748,587.0678338049712,587.0678581053991,2518430.521247378,103.24487247830392,355153.2364916306,13.48422287919373,-1,-0.04139287738507308,0.9996891595311358,0.0,0.5998134957186815,17.0,0.6153846153846154,0.7692307692307693,O16,de-protonated,,0.0,,C26 H20 O16,26.0,20.0,16.0,,,,
1000,1732,587.1049256121872,587.1043404613861,587.104243614749,2000997.3917829345,134.34701454147557,385456.5850787634,10.403180897012982,-1,0.16495645905100362,0.9950748349159085,0.0,0.5970449009495451,16.0,0.5555555555555556,0.8888888888888888,O15,de-protonated,,0.0,,C27 H24 O15,27.0,24.0,15.0,,,,
1001,1733,589.0477603474167,589.0471733128556,589.047122660509,3039749.1218878087,146.6092342379427,392790.81830374134,15.882957986427876,-1,0.0859903133548553,0.99865920747777,0.0,0.599195524486662,17.0,0.68,0.72,O17,de-protonated,,0.0,,C25 H18 O17,25.0,18.0,17.0,,,,
1002,1734,589.0840239505894,589.0834368808684,589.0835081698591,2672627.7030364936,239.55925368980297,325913.74776097387,14.179856060291632,-1,-0.12101678242619082,0.9973462003750855,0.0,0.5984077202250513,16.0,0.6153846153846154,0.8461538461538461,O16,de-protonated,,0.0,,C26 H22 O16,26.0,22.0,16.0,,,,
1003,1735,591.0633368600403,591.0627478712754,591.062772724969,3927025.931322963,101.70970104923636,364633.54611994675,20.535837779154555,-1,-0.042049160873980196,0.999679226242945,0.0,0.599807535745767,16.0,0.68,0.8,O17,de-protonated,,0.0,,C25 H20 O17,25.0,20.0,17.0,,,,
1004,1736,591.0997772704744,591.0991882463795,591.099158234319,2145733.1188584543,228.77225830729134,322614.79510675016,11.188766644632164,-1,0.05077330949983634,0.9995323475607508,0.0,0.5997194085364504,15.0,0.6153846153846154,0.9230769230769231,O16,de-protonated,,0.0,,C26 H24 O16,26.0,24.0,16.0,,,,
1005,1737,591.1362123845261,591.1356233251063,591.135543743669,1688469.5510004428,278.06860789465776,325685.0626836572,8.797694163435015,-1,0.13462468651146725,0.9967168604986646,0.0,0.5980301162991988,14.0,0.5555555555555556,1.037037037037037,O15,de-protonated,,0.0,,C27 H28 O15,27.0,28.0,15.0,,,,
1006,1738,593.0427351254733,593.0421442176662,593.0420372800791,2521859.543042263,281.402951214944,292214.5599854991,13.22236096332067,-1,0.18032041644860114,0.9941174839939536,0.0,0.5964704903963721,16.0,0.75,0.75,O18,de-protonated,,0.0,,C24 H18 O18,24.0,18.0,18.0,,,,
1007,1739,593.0790387310672,593.0784477880642,593.078422789429,3378545.0293726735,166.6534063098081,361838.162424043,17.83459552228588,-1,0.04215064006007502,0.999677676348224,0.0,0.5998066058089344,15.0,0.68,0.88,O17,de-protonated,,0.0,,C25 H22 O17,25.0,22.0,17.0,,,,
1008,1740,593.1154790704403,593.1148880921089,593.1148082987789,2297272.7424212187,118.95323331427197,383618.32923913724,12.098287039458445,-1,0.13453268887776387,0.9967213387612017,0.0,0.598032803256721,14.0,0.6153846153846154,1.0,O16,de-protonated,,0.0,,C26 H26 O16,26.0,26.0,16.0,,,,
1009,1741,595.0582858683031,595.0576930064904,595.057687344539,2618227.46448694,168.8817429251801,339858.0528559137,13.679453264310286,-1,0.009514962158282465,0.9999835727679532,0.0,0.599990143660772,15.0,0.75,0.8333333333333334,O18,de-protonated,,0.0,,C24 H20 O18,24.0,20.0,18.0,,,,
1010,1742,595.094611219716,595.0940183226879,595.0940728538891,2990936.315983631,177.0363085297901,334672.4360787802,15.795670681136857,-1,-0.09163458963161077,0.9984775539842752,0.0,0.5990865323905651,14.0,0.68,0.96,O17,de-protonated,,0.0,,C25 H24 O17,25.0,24.0,17.0,,,,
1011,1743,595.1310883825695,595.130495450179,595.130458363239,1622481.5753309503,84.10094358931339,397242.15841275005,8.509512792913135,-1,0.06231732801082626,0.9992956014186265,0.0,0.5995773608511759,13.0,0.6153846153846154,1.0769230769230769,O16,de-protonated,,0.0,,C26 H28 O16,26.0,28.0,16.0,,,,
1012,1745,597.0527279129512,597.0521331176831,597.052208040939,1855077.984464226,203.17929325622998,344267.4389981457,9.757521363982457,-1,-0.12548861717039192,0.9971467345416057,0.0,0.5982880407249634,19.0,0.5925925925925926,0.6666666666666666,O16,de-protonated,,0.0,,C27 H18 O16,27.0,18.0,16.0,,,,
1013,1746,597.0739303226359,597.0733355068141,597.073337408999,1766944.632532377,90.69322253899439,397468.00488173106,9.208477550548864,-1,-0.003185847941579307,0.9999981583651907,0.0,0.5999988950191144,14.0,0.75,0.9166666666666666,O18,de-protonated,,0.0,,C24 H22 O18,24.0,22.0,18.0,,,,
1014,1747,597.1103405540596,597.1097457029417,597.109722918349,2194211.2788882903,170.02923414853322,364545.9893133731,11.426641209432884,-1,0.03815813382554466,0.9997358377752981,0.0,0.5998415026651788,13.0,0.68,1.04,O17,de-protonated,,0.0,,C25 H26 O17,25.0,26.0,17.0,,,,
1015,1748,599.0895792257413,599.0889824559937,599.088987473459,1689214.474929925,142.8892081226617,378149.2157837549,9.059222921654294,-1,-0.008375158716161775,0.9999872726743446,0.0,0.5999923636046067,13.0,0.75,1.0,O18,de-protonated,,0.0,,C24 H24 O18,24.0,24.0,18.0,,,,
1016,1750,601.0476283459701,601.0470296782163,601.047122660509,1904685.5254531773,122.41721500005872,414460.10483823525,10.158643179136611,-1,-0.15470050382668807,0.9956669403336122,0.0,0.5974001642001673,18.0,0.6538461538461539,0.6923076923076923,O17,de-protonated,,0.0,,C26 H18 O17,26.0,18.0,17.0,,,,
1017,1751,601.069115235746,601.0685165471647,601.068608344189,1636608.90065183,206.56601214390173,291400.48744081036,8.522505941410653,-1,-0.15272303866228548,0.9957767745947101,0.0,0.5974660647568261,30.0,0.08108108108108109,0.4864864864864865,N2 S2 O3,de-protonated,,0.0,,C37 H18 O3 N2 S2,37.0,18.0,3.0,2.0,,2.0,
1018,1752,601.0840692610733,601.0834705579969,601.0835081698591,1865366.3289231998,204.3176500351663,335472.04778089985,9.841143935081869,-1,-0.0625734390124032,0.9992898017242127,0.0,0.5995738810345276,17.0,0.5925925925925926,0.8148148148148148,O16,de-protonated,,0.0,,C27 H22 O16,27.0,22.0,16.0,,,,
1019,1754,603.0634218198638,603.0628211982164,603.062772724969,3089739.5428342056,117.11629134593055,341813.1742713788,16.54327645622483,-1,0.08037844411467308,0.9988284023675815,0.0,0.5992970414205488,17.0,0.6538461538461539,0.7692307692307693,O17,de-protonated,,0.0,,C26 H20 O17,26.0,20.0,17.0,,,,
1020,1755,603.0996483222468,603.0990476654862,603.099158234319,1816109.486161724,49.65269500535772,405987.3018781224,9.670234058691436,-1,-0.1833344174475528,0.993919795627876,0.0,0.5963518773767256,16.0,0.5925925925925926,0.8888888888888888,O16,de-protonated,,0.0,,C27 H24 O16,27.0,24.0,16.0,,,,
1021,1756,603.1361036496562,603.1355029575604,603.135543743669,1562954.3938521591,168.286042987495,390154.5674519754,8.236989832119034,-1,-0.0676234537884154,0.999170591735661,0.0,0.5995023550413966,15.0,0.5357142857142857,1.0,O15,de-protonated,,0.0,,C28 H28 O15,28.0,28.0,15.0,,,,
1022,1759,605.0425897456428,605.0419872056877,605.0420372800791,2942225.170003008,139.46344106795289,362327.7728725941,15.322586812765676,-1,-0.08276183839370613,0.9987579352521522,0.0,0.5992547611512913,17.0,0.72,0.72,O18,de-protonated,,0.0,,C25 H18 O18,25.0,18.0,18.0,,,,
1023,1760,605.0788935575773,605.0782909824356,605.078422789429,2906835.0089650326,105.83313224435811,369056.96243409294,15.62176238586238,-1,-0.21783456233823567,0.9914268763298433,0.0,0.5948561257979059,16.0,0.6538461538461539,0.8461538461538461,O17,de-protonated,,0.0,,C26 H22 O17,26.0,22.0,17.0,,,,
1024,1761,605.1154602578848,605.1148576473017,605.1148082987789,1791281.8820694527,297.29311831278915,358604.7503737893,9.58994306412985,-1,0.0815523304283667,0.9987939520956517,0.0,0.599276371257391,15.0,0.5925925925925926,0.9629629629629629,O16,de-protonated,,0.0,,C27 H26 O16,27.0,26.0,16.0,,,,
1025,1762,605.1517587278172,605.1511560820527,605.151193808129,1637271.819518686,87.25408354585622,400928.3138787541,8.528835936832522,-1,-0.06234157140085647,0.999295053439114,0.0,0.5995770320634684,14.0,0.5357142857142857,1.0714285714285714,O15,de-protonated,,0.0,,C28 H30 O15,28.0,30.0,15.0,,,,
1026,1765,607.0583055803601,607.0577010867601,607.057687344539,3221756.5017055664,44.5049637680929,357615.8774906665,16.821129939479455,-1,0.022637422063848372,0.9999070204214143,0.0,0.5999442122528486,16.0,0.72,0.8,O18,de-protonated,,0.0,,C25 H20 O18,25.0,20.0,18.0,,,,
1027,1766,607.0946239089101,607.0940193801108,607.0940728538891,2729513.1659306246,67.26910015506625,415667.79292344773,14.207841303209364,-1,-0.0880815357472478,0.998593246731701,0.0,0.5991559480390206,15.0,0.6538461538461539,0.9230769230769231,O17,de-protonated,,0.0,,C26 H24 O17,26.0,24.0,17.0,,,,
1028,1769,609.0740018243513,609.0733953772127,609.073337408999,2487553.8852569265,248.1862085331416,363822.4381936692,13.24235042254762,-1,0.09517443981779798,0.9983577561888394,0.0,0.5990146537133036,15.0,0.72,0.88,O18,de-protonated,,0.0,,C25 H22 O18,25.0,22.0,18.0,,,,
1029,1770,609.1103461821681,609.1097396998066,609.109722918349,1639098.6841639453,192.92096996448456,382600.0760836202,8.62112060693028,-1,0.027550795788440396,0.9998622815212618,0.0,0.599917368912757,14.0,0.6538461538461539,1.0,O17,de-protonated,,0.0,,C26 H26 O17,26.0,26.0,17.0,,,,
1030,1772,611.0320833432937,611.0314749985382,611.031472596049,1619848.9512551192,80.03326312781772,350197.2303202171,8.434885478465851,-1,0.003931858449115019,0.999997194895997,0.0,0.5999983169375982,20.0,0.6296296296296297,0.5925925925925926,O17,de-protonated,,0.0,,C27 H16 O17,27.0,16.0,17.0,,,,
1031,1773,611.0531537367871,611.0525453716124,611.0526019641089,1694764.4517277514,152.65269365272061,315905.62173979246,8.823680460430053,-1,-0.09261477058872015,0.998444835191727,0.0,0.5990669011150361,15.0,0.7916666666666666,0.8333333333333334,O19,de-protonated,,0.0,,C24 H20 O19,24.0,20.0,19.0,,,,
1032,1774,611.0895920654858,611.0889836649988,611.088987473459,2518231.1771791195,125.13706680294743,352374.3179051095,13.117083144725392,-1,-0.0062322515543387445,0.9999929523837697,0.0,0.5999957714302618,14.0,0.72,0.96,O18,de-protonated,,0.0,,C25 H24 O18,25.0,24.0,18.0,,,,
1033,1775,611.1260926627812,611.1254842269215,611.125372982809,2455175.7347436943,332.0584431101646,303734.03056172864,12.794586535863912,-1,0.18203157213853224,0.9940056465365316,0.0,0.5964033879219189,13.0,0.6538461538461539,1.0769230769230769,O17,de-protonated,,0.0,,C26 H28 O17,26.0,28.0,17.0,,,,
1034,1776,613.0477860748873,613.0471757767594,613.047122660509,1700583.0174915735,189.59121375494504,335844.49630146957,8.954944576020365,-1,0.08664301403988722,0.9986387898440306,0.0,0.5991832739064183,19.0,0.6296296296296297,0.6666666666666666,O17,de-protonated,,0.0,,C27 H18 O17,27.0,18.0,17.0,,,,
1035,1777,613.068984576276,613.0683742576056,613.068252028569,1713536.3054206644,91.60222608386046,371487.32488357206,9.178493361708437,-1,0.19937264113973863,0.9928134620634181,0.0,0.5956880772380508,14.0,0.7916666666666666,0.9166666666666666,O19,de-protonated,,0.0,,C24 H22 O19,24.0,22.0,19.0,,,,
1036,1778,613.0840548005232,613.0834444672489,613.0835081698591,1825457.1209042748,114.68595721443042,322988.7492075843,9.589276748822284,-1,-0.10390527447304282,0.9980429419880584,0.0,0.598825765192835,18.0,0.5714285714285714,0.7857142857142857,O16,de-protonated,,0.0,,C28 H22 O16,28.0,22.0,16.0,,,,
1037,1780,615.0633860328409,615.0627737815275,615.062772724969,2285778.8558211,94.0804756680462,370934.6958145806,12.071634427155843,-1,0.0017178059931017321,0.9999994645709391,0.0,0.5999996787425634,18.0,0.6296296296296297,0.7407407407407407,O17,de-protonated,,0.0,,C27 H20 O17,27.0,20.0,17.0,,,,
1038,1782,617.0790393014039,617.0784250969409,617.078422789429,2909889.683859275,141.18725393535522,350323.201173778,15.613100286864034,-1,0.0037394142756335034,0.9999974627664782,0.0,0.5999984776598869,17.0,0.6296296296296297,0.8148148148148148,O17,de-protonated,,0.0,,C27 H22 O17,27.0,22.0,17.0,,,,
1039,1784,619.0583412147452,619.0577250924418,619.057687344539,3436919.210054859,118.36855000014823,353397.6593355532,17.90322599896508,-1,0.06097638982180147,0.9993255795132578,0.0,0.5995953477079546,17.0,0.6923076923076923,0.7692307692307693,O18,de-protonated,,0.0,,C26 H20 O18,26.0,20.0,18.0,,,,
1040,1785,619.0947121965439,619.0940960389999,619.0940728538891,2356730.586675757,89.18729129453098,372180.31824349036,12.542719349604328,-1,0.03745006095107026,0.9997455493135382,0.0,0.5998473295881229,16.0,0.6296296296296297,0.8888888888888888,O17,de-protonated,,0.0,,C27 H24 O17,27.0,24.0,17.0,,,,
1041,1788,621.0375994311262,621.0369813911092,621.036951899649,1726350.85056193,210.39068463384433,299988.63383194106,9.108530254414108,-1,0.04748744833614885,0.9995909064354015,0.0,0.5997545438612408,17.0,0.76,0.72,O19,de-protonated,,0.0,,C25 H18 O19,25.0,18.0,19.0,,,,
1042,1789,621.0738951813222,621.0732771061389,621.073337408999,2590696.9534319798,112.87774413098894,319092.19688363327,13.840701568741027,-1,-0.09709458847138444,0.9982908802854259,0.0,0.5989745281712555,16.0,0.6923076923076923,0.8461538461538461,O18,de-protonated,,0.0,,C26 H22 O18,26.0,22.0,18.0,,,,
1043,1790,621.1102090201243,621.1095909097571,621.109722918349,1682544.717697374,144.39517698326205,356260.631163941,8.980264557707837,-1,-0.21253666947974537,0.9918371283803832,0.0,0.5951022770282299,15.0,0.6296296296296297,0.9629629629629629,O17,de-protonated,,0.0,,C27 H26 O17,27.0,26.0,17.0,,,,
1044,1792,623.0532644572216,623.0526444643028,623.0526019641089,2012929.4847808331,349.99325116705745,286023.9693779173,10.635058624045616,-1,0.06821285035213548,0.9991560768448539,0.0,0.5994936461069122,16.0,0.76,0.8,O19,de-protonated,,0.0,,C25 H20 O19,25.0,20.0,19.0,,,,
1045,1793,623.0897027534428,623.0890827252211,623.088987473459,2232329.45780213,130.5740163739706,391501.0193097367,11.619872648626746,-1,0.15287023847217462,0.9957686469428386,0.0,0.5974611881657031,15.0,0.6923076923076923,0.9230769230769231,O18,de-protonated,,0.0,,C26 H24 O18,26.0,24.0,18.0,,,,
1046,1797,629.0426654188509,629.0420396235434,629.0420372800791,2396914.46228936,186.54403531684625,330371.69183273485,12.737949734720884,-1,0.0037254494353748556,0.9999974816816628,0.0,0.5999984890089977,19.0,0.6666666666666666,0.6666666666666666,O18,de-protonated,,0.0,,C27 H18 O18,27.0,18.0,18.0,,,,
1047,1798,631.0582425004927,631.057614752716,631.057687344539,1710458.9571093188,131.6180911675707,371442.86305125157,9.262115932807848,-1,-0.11503199229342513,0.9976018858782058,0.0,0.5985611315269235,18.0,0.6666666666666666,0.7407407407407407,O18,de-protonated,,0.0,,C27 H20 O18,27.0,20.0,18.0,,,,
1048,1799,633.0740199273811,633.0733902270283,633.073337408999,2757806.2381571406,212.39957364954216,311550.6232104678,14.513680029381717,-1,0.0834311385143713,0.9987377774462614,0.0,0.5992426664677568,17.0,0.6666666666666666,0.8148148148148148,O18,de-protonated,,0.0,,C27 H22 O18,27.0,22.0,18.0,,,,
1049,1801,634.2607637959272,634.2601329460799,634.260247715389,1822225.8410547446,129.95661358077487,288643.9777427695,9.478002092458922,-1,-0.180949869584973,0.994076465640303,0.0,0.5964458793841818,2.0,0.4166666666666667,2.0833333333333335,N3 S2 P1 O10,de-protonated,,0.0,,C24 H50 O10 N3 P1 S2,24.0,50.0,10.0,3.0,1.0,2.0,
1050,1802,635.0895972931162,635.0889656404687,635.088987473459,2340978.7832942177,242.5385791200202,301501.6784060335,12.497743066343688,-1,-0.03437784432181781,0.9997855803688402,0.0,0.5998713482213042,16.0,0.6666666666666666,0.8888888888888888,O18,de-protonated,,0.0,,C27 H24 O18,27.0,24.0,18.0,,,,
1051,1803,635.126078412095,635.1254467241126,635.125372982809,1650351.0708144128,84.09935326059491,337637.63994479086,8.610126404355457,-1,0.1161051136228799,0.9975569886205453,0.0,0.5985341931723271,15.0,0.6071428571428571,1.0,O17,de-protonated,,0.0,,C28 H28 O17,28.0,28.0,17.0,,,,
1052,1805,637.0688848436848,637.0682512739783,637.068252028569,2478513.578233492,102.19156689576516,346487.8995142504,12.949171687219001,-1,-0.0011844738748674941,0.999999745431452,0.0,0.5999998472588711,16.0,0.7307692307692307,0.8461538461538461,O19,de-protonated,,0.0,,C26 H22 O19,26.0,22.0,19.0,,,,
1053,1806,637.1051701166375,637.1045365117873,637.1046375379191,1906248.2579248103,210.0350108476504,340303.96805710497,10.010054865549607,-1,-0.1585707054212195,0.9954479251537699,0.0,0.597268755092262,15.0,0.6666666666666666,0.9629629629629629,O18,de-protonated,,0.0,,C27 H26 O18,27.0,26.0,18.0,,,,
1054,1807,641.0640496088001,641.0634121697927,641.063522963759,1843043.143350109,140.8996428031956,258982.86436280026,9.586611487592023,-1,-0.17282837401523427,0.9945948524782283,0.0,0.596756911486937,32.0,0.10256410256410256,0.46153846153846156,N2 S2 O4,de-protonated,,0.0,,C39 H18 O4 N2 S2,39.0,18.0,4.0,2.0,,2.0,
1055,1808,643.0582523146453,643.0576129443893,643.057687344539,1679409.137313526,119.9492965289175,370337.6714560246,8.943950373445542,-1,-0.11569747332607583,0.9975740923435474,0.0,0.5985444554061284,19.0,0.6428571428571429,0.7142857142857143,O18,de-protonated,,0.0,,C28 H20 O18,28.0,20.0,18.0,,,,
1056,1809,645.0738557172717,645.0732143951291,645.073337408999,2208850.5554875787,102.7112670438805,364029.53820144193,11.587223198556059,-1,-0.19069749562507365,0.9934232436321142,0.0,0.5960539461792685,18.0,0.6428571428571429,0.7857142857142857,O18,de-protonated,,0.0,,C28 H22 O18,28.0,22.0,18.0,,,,
1057,1810,645.1308216581538,645.1301802808472,645.130339222159,1737812.8634878413,158.34521874339234,323631.9577696655,9.175494942824393,-1,-0.2463708527950674,0.9890467478250241,0.0,0.5934280486950144,30.0,0.20512820512820512,0.5641025641025641,N2 O8,de-protonated,,0.0,,C39 H22 O8 N2,39.0,22.0,8.0,2.0,,,
1058,1810,645.1308216581538,645.1301802808472,645.130200837729,1737812.8634878413,158.34521874339234,323631.9577696655,9.175494942824393,-1,-0.031864702386283986,0.999815781366808,0.0,0.5998894688200848,3.0,1.1666666666666667,1.8888888888888888,N2 S1 O21,de-protonated,,0.0,,C18 H34 O21 N2 S1,18.0,34.0,21.0,2.0,,1.0,
1059,1811,647.0896480260444,647.0890047519196,647.088987473459,1955828.1684591724,284.0380883569258,302188.3693541272,10.209616300165337,-1,0.02670183058719389,0.9998706376762164,0.0,0.5999223826057298,17.0,0.6428571428571429,0.8571428571428571,O18,de-protonated,,0.0,,C28 H24 O18,28.0,24.0,18.0,,,,
1060,1812,649.0689552898885,649.0683100991965,649.068252028569,1958171.948570377,142.48104159650623,359976.3255993921,10.197955782282948,-1,0.0894676752292746,0.9985486545792005,0.0,0.5991291927475203,17.0,0.7037037037037037,0.8148148148148148,O19,de-protonated,,0.0,,C27 H22 O19,27.0,22.0,19.0,,,,
1061,1813,651.0848641774662,651.0842170348525,651.084258408649,1635309.9635461813,399.8128464502795,262795.9188419999,8.556821179750253,-1,-0.0635459942399709,0.9992675616243148,0.0,0.5995605369745889,33.0,0.07317073170731707,0.4878048780487805,N2 S2 O3,de-protonated,,0.0,,C41 H20 O3 N2 S2,41.0,20.0,3.0,2.0,,2.0,
1062,1816,655.058470163845,655.057819174008,655.057687344539,1759598.6921273062,151.71825467315676,293389.606711634,9.271444347113759,-1,0.2012486405640044,0.9926780807914193,0.0,0.5956068484748516,20.0,0.6206896551724138,0.6896551724137931,O18,de-protonated,,0.0,,C29 H20 O18,29.0,20.0,18.0,,,,
1063,1819,659.0896762909615,659.0890213984804,659.088987473459,1799528.244897638,241.4088245700701,325600.26541653264,9.38904899889899,-1,0.05147259633083143,0.999519380273207,0.0,0.5997116281639242,18.0,0.6206896551724138,0.8275862068965517,O18,de-protonated,,0.0,,C29 H24 O18,29.0,24.0,18.0,,,,
1064,1820,659.1260256002672,659.1253706725977,659.125372982809,1734683.1456737835,179.32050294705792,275717.1977566228,9.128852871294841,-1,-0.0035049649915178597,0.9999977709453658,0.0,0.5999986625672195,17.0,0.5666666666666667,0.9333333333333333,O17,de-protonated,,0.0,,C30 H28 O17,30.0,28.0,17.0,,,,
1065,1821,661.068841941701,661.0681851333012,661.068252028569,1923024.223440221,156.70648814759295,328152.0182825964,10.098341643801975,-1,-0.10119267951378717,0.9981436980663526,0.0,0.5988862188398115,18.0,0.6785714285714286,0.7857142857142857,O19,de-protonated,,0.0,,C28 H22 O19,28.0,22.0,19.0,,,,
1066,1822,663.157433009687,663.1567741795315,663.156673111729,1562548.0735028628,472.3445372710027,262504.75722266256,8.283298745994804,-1,0.15240410985701097,0.9957943576463505,0.0,0.5974766145878103,15.0,0.5666666666666667,1.0666666666666667,O17,de-protonated,,0.0,,C30 H32 O17,30.0,32.0,17.0,,,,
1067,1824,665.0637769698241,665.0631162944098,665.063166648139,1925835.7347003443,153.40387394435558,317286.3774386641,10.378194072979293,-1,-0.07571270176809487,0.9989604019107338,0.0,0.5993762411464403,17.0,0.7407407407407407,0.8148148148148148,O20,de-protonated,,0.0,,C27 H22 O20,27.0,22.0,20.0,,,,
1068,1825,665.1000477503179,665.0993870397959,665.099552157489,2161686.038558949,153.82248540179467,317983.4753651261,11.557239009715632,-1,-0.24826011767823328,0.9888790575079913,0.0,0.5933274345047947,16.0,0.6785714285714286,0.9285714285714286,O19,de-protonated,,0.0,,C28 H26 O19,28.0,26.0,19.0,,,,
1069,1826,667.11583391712,667.1151712554906,667.1152022219491,1641837.280457345,167.22904616487858,292700.1782579451,8.751718407213028,-1,-0.046418457166187664,0.9996091138005794,0.0,0.5997654682803476,15.0,0.6785714285714286,1.0,O19,de-protonated,,0.0,,C28 H28 O19,28.0,28.0,19.0,,,,
1070,1827,670.5277617971883,670.527095833306,670.527211241329,1546333.6059244424,180.56812219925996,259413.20271047193,8.049755230693258,-1,-0.1721153460828819,0.9946392403693923,0.0,0.5967835442216354,2.0,0.07692307692307693,1.9743589743589745,N1 S2 O3,de-protonated,,0.0,,C39 H77 O3 N1 S2,39.0,77.0,3.0,1.0,,2.0,
1071,1828,675.0846241921023,675.0839538182267,675.083902093029,1583540.300165524,142.35261693807868,314529.90659498074,8.272637701073764,-1,0.07662039872304136,0.9989353389823186,0.0,0.5993612033893911,18.0,0.6551724137931034,0.8275862068965517,O19,de-protonated,,0.0,,C29 H24 O19,29.0,24.0,19.0,,,,
1072,1829,677.1001631513036,677.0994908269932,677.099552157489,1717919.2311541417,174.02490083561992,270250.15071914863,9.133850236101578,-1,-0.0905782548326374,0.9985124262602705,0.0,0.5991074557561623,17.0,0.6551724137931034,0.896551724137931,O19,de-protonated,,0.0,,C29 H26 O19,29.0,26.0,19.0,,,,
1073,1833,691.0795501947865,691.0788643450445,691.078816712599,1788587.665962368,375.8265480660894,272618.0729236153,9.35473376055939,-1,0.06892476575131304,0.9991383770473233,0.0,0.599483026228394,18.0,0.6896551724137931,0.8275862068965517,O20,de-protonated,,0.0,,C29 H24 O20,29.0,24.0,20.0,,,,
1074,1843,780.9052094043176,780.9044367461952,780.904300477749,1683445.9174439237,97.28765996870438,271410.57633832924,8.777038388900499,-1,0.1745008269811391,0.9944900256710562,0.0,0.5966940154026337,23.0,0.8846153846153846,0.38461538461538464,N2 S2 O23,de-protonated,,0.0,,C26 H10 O23 N2 S2,26.0,10.0,23.0,2.0,,2.0,
1075,1844,784.431724150467,784.4309480878298,784.431121320759,1626824.5523235253,241.44146810660845,235425.97573947252,8.54715960779056,-1,-0.22083892951970682,0.991189817034013,0.0,0.5947138902204078,8.0,0.3,1.675,N1 S1 O12,de-protonated,,0.0,,C40 H67 O12 N1 S1,40.0,67.0,12.0,1.0,,1.0,
1076,1846,799.2317057892036,799.2309154415104,799.231101356639,1583823.5780390557,114.05654094253588,258595.73362250024,8.262642971460288,-1,-0.23261748477854824,0.9902296919710126,0.0,0.5941378151826076,13.0,0.4444444444444444,1.3333333333333333,S2 O16,de-protonated,,0.0,,C36 H48 O16 S2,36.0,48.0,16.0,,,2.0,
1077,1846,799.2317057892036,799.2309154415104,799.2307212341188,1583823.5780390557,114.05654094253588,258595.73362250024,8.262642971460288,-1,0.24299290108263136,0.9893434501961196,0.0,0.5936060701176717,18.0,0.34210526315789475,1.1842105263157894,N2 S1 P1 O13,de-protonated,,0.0,,C38 H45 O13 N2 P1 S1,38.0,45.0,13.0,2.0,1.0,1.0,
1078,0,152.8838554037945,152.88369330919576,,56188625.60580997,139.69669667080086,1130983.5500757257,291.68618903967223,-1,,,,,,,,unassigned,,,,,,,,,,,,
1079,1,152.88426227430864,152.88410017931156,,3450687.302210101,29.965162193681923,1439230.6998116046,18.017165916558703,-1,,,,,,,,unassigned,,,,,,,,,,,,
1080,2,152.88564589000333,152.88548379365176,,8415383.842565615,53.84812277000647,1201610.8685132798,43.62499581689835,-1,,,,,,,,unassigned,,,,,,,,,,,,
1081,4,154.88092114678773,154.88075709718277,,21406080.160701312,55.25205640214146,1074745.094602252,112.23948092871599,-1,,,,,,,,unassigned,,,,,,,,,,,,
1082,5,156.87796794055146,156.87780193604468,,3000906.803448984,20.23864122759505,1103931.0315515455,15.906279022192653,-1,,,,,,,,unassigned,,,,,,,,,,,,
1083,6,156.92184314292973,156.92167709547465,,1840549.4699409716,28.896063873747885,1035539.0692416437,9.81349184981792,-1,,,,,,,,unassigned,,,,,,,,,,,,
1084,9,160.39314933742196,160.39297989212548,,6906863.561436104,30.191067244495006,1387144.016736879,36.183586462011974,-1,,,,,,,,unassigned,,,,,,,,,,,,
1085,10,160.72762675223814,160.72745697955665,,2034392.4094011902,38.530682144396714,1264812.7221632516,10.78897746009314,-1,,,,,,,,unassigned,,,,,,,,,,,,
1086,11,160.84222082077568,160.84205093593056,,76860209.64977282,71.91458489174151,992672.5993075026,409.5547016866977,-1,,,,,,,,unassigned,,,,,,,,,,,,
1087,12,160.9538040254899,160.9536340314284,,2924449.3298343434,45.6978103011476,1055735.0604480873,15.586447674561434,-1,,,,,,,,unassigned,,,,,,,,,,,,
1088,13,161.0588831912918,161.05871309438032,,2189415.4147715154,29.303372918720285,1350968.9683910783,11.513928514723904,-1,,,,,,,,unassigned,,,,,,,,,,,,
1089,14,161.8426641980731,161.84249333401524,,2780420.6357992096,59.503310454319326,1338244.8456394947,14.445715868010083,-1,,,,,,,,unassigned,,,,,,,,,,,,
1090,15,162.83926564937096,162.8390938098822,,78557064.1902841,27.48641008721068,1088204.8683456008,409.38412496796104,-1,,,,,,,,unassigned,,,,,,,,,,,,
1091,16,162.8426244197729,162.84245257699675,,11818039.539828863,41.8078359018985,1075585.6671522735,61.62083964361497,-1,,,,,,,,unassigned,,,,,,,,,,,,
1092,17,163.83972028054578,163.83954746187626,,1771998.055336611,53.19801310454466,1015776.3894677887,9.360397440673692,-1,,,,,,,,unassigned,,,,,,,,,,,,
1093,18,164.83632301371,164.8361492196512,,30365945.57219344,60.12151359953589,1111925.7838483888,157.69817647203334,-1,,,,,,,,unassigned,,,,,,,,,,,,
1094,19,164.83808087773437,164.8379070819551,,4717583.620243894,45.96260905745145,1028971.4558255827,24.754946306656393,-1,,,,,,,,unassigned,,,,,,,,,,,,
1095,20,164.8396743055559,164.83950050821713,,13049884.755831823,73.86559122492936,1102383.2674165564,67.37780390097691,-1,,,,,,,,unassigned,,,,,,,,,,,,
1096,21,164.90426889612277,164.90409503556512,,2403101.8057900565,46.98117822129855,1352058.5273669607,12.558710916985888,-1,,,,,,,,unassigned,,,,,,,,,,,,
1097,22,165.70324827733253,165.70307363481896,,3172447.8193388395,34.2846495177399,1354022.1306142004,16.865773065086312,-1,,,,,,,,unassigned,,,,,,,,,,,,
1098,23,166.83336728660686,166.83319153807662,,3063064.949516191,48.44449706051727,1098767.5758399193,15.991567381560978,-1,,,,,,,,unassigned,,,,,,,,,,,,
1099,24,166.83511348266384,166.83493773242466,,4695339.18124595,42.57683872408556,1067827.202421398,25.16006601365594,-1,,,,,,,,unassigned,,,,,,,,,,,,
1100,25,166.83672349241948,166.8365477406047,,4079196.3225388397,54.110574019901314,1123959.4172842326,21.460683426054832,-1,,,,,,,,unassigned,,,,,,,,,,,,
1101,26,166.85767365802434,166.85749788570644,,7268792.9057257995,69.7994510149974,1023330.4387267852,37.836048424773274,-1,,,,,,,,unassigned,,,,,,,,,,,,
1102,27,167.83687308342542,167.83669635281447,,3180554.7058396284,46.63136145585183,999801.8130922415,16.764493138336427,-1,,,,,,,,unassigned,,,,,,,,,,,,
1103,28,168.83218533978362,168.83200763513196,,1977242.6431291113,35.06388760699722,1467777.068342444,10.405179842935677,-1,,,,,,,,unassigned,,,,,,,,,,,,
1104,29,168.8364296547719,168.8362519459667,,5344308.458691679,98.3654999075608,956482.5760256322,27.644089480258412,-1,,,,,,,,unassigned,,,,,,,,,,,,
1105,30,168.8547243129563,168.8545465862476,,11037128.038311707,67.15683562340499,1076560.231294919,58.102694819671555,-1,,,,,,,,unassigned,,,,,,,,,,,,
1106,31,169.83394396550335,169.83376528052392,,1980005.6582865473,71.46685316843588,1116156.0814459664,10.29856939372527,-1,,,,,,,,unassigned,,,,,,,,,,,,
1107,32,170.8517853552609,170.85160567423713,,5974490.513946657,69.19501088029659,1022309.5504868065,31.215539528807028,-1,,,,,,,,unassigned,,,,,,,,,,,,
1108,34,172.83214104642383,172.83195942751755,,2560688.071777396,31.976408494311322,1091397.3442806746,13.24634831439301,-1,,,,,,,,unassigned,,,,,,,,,,,,
1109,36,176.89431108622054,176.89412549253072,,17106739.482526515,71.37134730225378,1000298.5170219027,89.59542151642565,-1,,,,,,,,unassigned,,,,,,,,,,,,
1110,37,178.89136773609752,178.89118018844252,,7048060.418943682,50.6765043369013,1082508.0672531833,36.86589333695858,-1,,,,,,,,unassigned,,,,,,,,,,,,
1111,40,184.89964580647748,184.89945238070558,,2623232.384778342,26.126739469589026,1051522.0984806623,13.614154364168913,-1,,,,,,,,unassigned,,,,,,,,,,,,
1112,45,188.8480304697738,188.8478331815767,,2346683.7211778415,47.41006128179122,1203930.3030594164,12.302845838880913,-1,,,,,,,,unassigned,,,,,,,,,,,,
1113,46,188.8840868704425,188.88388954697552,,12919975.567154566,54.68204580334891,984150.3595708025,67.91085614702895,-1,,,,,,,,unassigned,,,,,,,,,,,,
1114,47,190.8811399522682,190.8809406753549,,12290738.365641054,64.86083054553858,959654.4579989184,64.94708565897965,-1,,,,,,,,unassigned,,,,,,,,,,,,
1115,48,191.90217725590406,191.90197698028157,,2464462.116930199,30.858269448401785,981893.1840030618,12.862550697235546,-1,,,,,,,,unassigned,,,,,,,,,,,,
1116,49,192.87819044239032,192.8779892121191,,4574206.089714589,70.10112993616363,991506.6589063011,24.39247077934101,-1,,,,,,,,unassigned,,,,,,,,,,,,
1117,50,192.89854522883164,192.89834397865138,,9478671.417508626,89.01407270181988,997654.3236426198,49.59518097268111,-1,,,,,,,,unassigned,,,,,,,,,,,,
1118,52,193.81577301078104,193.81557086346982,,9669528.231696572,86.00156162544741,966791.8976108525,50.895828453048075,-1,,,,,,,,unassigned,,,,,,,,,,,,
1119,53,193.8992077658022,193.8990055368852,,3144157.876517318,71.94788912297355,947980.5997117615,16.497967015310408,-1,,,,,,,,unassigned,,,,,,,,,,,,
1120,54,194.89559810899365,194.8953949055399,,10262842.847694702,65.57882827939602,1033972.3611862572,54.669838355096466,-1,,,,,,,,unassigned,,,,,,,,,,,,
1121,56,195.81110290743152,195.8108988085713,,149755490.61311567,73.33463806196525,976104.8559212472,793.8640490003711,-1,,,,,,,,unassigned,,,,,,,,,,,,
1122,57,195.81282629608822,195.81262219554247,,13587983.152265554,106.61542679149166,982627.9588122666,70.78933827570992,-1,,,,,,,,unassigned,,,,,,,,,,,,
1123,58,196.8115620644098,196.81135698707445,,2678988.7776092407,90.82767551412577,957398.9880016575,14.163198177602506,-1,,,,,,,,unassigned,,,,,,,,,,,,
1124,59,196.89265527461788,196.8924501179722,,3190158.558987452,66.77139124709441,898396.657485994,16.961722469375676,-1,,,,,,,,unassigned,,,,,,,,,,,,
1125,61,197.80814991052134,197.8079438585185,,174815865.8976189,91.58843339574071,931499.2332502528,931.007730864638,-1,,,,,,,,unassigned,,,,,,,,,,,,
1126,62,197.80987059797238,197.80966454428673,,5719175.762857019,49.25888188681621,912230.0423594263,29.829603689071746,-1,,,,,,,,unassigned,,,,,,,,,,,,
1127,63,198.80859885751133,198.80839182708638,,4485900.429322641,100.02259149375298,964676.9880720552,23.326366287236947,-1,,,,,,,,unassigned,,,,,,,,,,,,
1128,64,198.8762420165853,198.87603492000724,,2524899.161585758,71.48616396366737,894612.9827204418,13.150398910103645,-1,,,,,,,,unassigned,,,,,,,,,,,,
1129,65,198.9402312727818,198.9400241136242,,2370194.4601820502,48.52633177741224,925560.4690263765,12.56937196190693,-1,,,,,,,,unassigned,,,,,,,,,,,,
1130,69,199.80520159223633,199.8049935871722,,95145920.8831408,123.49960364342616,986617.7177673395,498.2545954297559,-1,,,,,,,,unassigned,,,,,,,,,,,,
1131,70,200.80565682639934,200.8054478429499,,2383066.720934354,81.86804881061579,904781.859614278,12.446769945314962,-1,,,,,,,,unassigned,,,,,,,,,,,,
1132,71,200.92882672295363,200.9286176190529,,1561216.6750438581,78.00898536671194,832572.7102636921,8.139707797214538,-1,,,,,,,,unassigned,,,,,,,,,,,,
1133,72,200.93819931121186,200.93799019814543,,1815868.1337362947,71.75050304053077,887161.760372553,9.47233841234462,-1,,,,,,,,unassigned,,,,,,,,,,,,
1134,73,201.01776520282428,201.01755601194833,,4679312.653127296,48.62055910574308,968221.4855139364,24.765607351577433,-1,,,,,,,,unassigned,,,,,,,,,,,,
1135,77,201.8022566714233,201.80204671338032,,26396580.656481765,140.52890501979073,941607.8300502953,139.53175592658005,-1,,,,,,,,unassigned,,,,,,,,,,,,
1136,78,202.828534675519,202.828323713882,,29254359.3300544,74.2284252107926,967769.7407030608,155.35274658940438,-1,,,,,,,,unassigned,,,,,,,,,,,,
1137,79,202.89976496177857,202.89955393048658,,3721533.445005882,77.09397502132721,807306.6437924927,19.333804964307223,-1,,,,,,,,unassigned,,,,,,,,,,,,
1138,81,203.7993133347617,203.79910142382423,,2084301.0554573983,111.0907324717536,889003.0736783638,10.871600558231204,-1,,,,,,,,unassigned,,,,,,,,,,,,
1139,82,204.7917450583871,204.79153217699607,,7198949.672045946,122.77762805213455,968809.5110016998,38.326456491141144,-1,,,,,,,,unassigned,,,,,,,,,,,,
1140,83,204.82558245171649,204.8253695372378,,30170844.497706123,85.42133368583778,965713.6663590821,156.63207197992926,-1,,,,,,,,unassigned,,,,,,,,,,,,
1141,84,204.89682017757053,204.8966071934326,,4917499.596371861,60.720160407741034,848460.2936746471,25.607829900339645,-1,,,,,,,,unassigned,,,,,,,,,,,,
1142,86,206.7888009095293,206.78858607537308,,4993357.762118958,55.89331653174851,951345.4217603306,25.927661247970867,-1,,,,,,,,unassigned,,,,,,,,,,,,
1143,87,206.78968863129052,206.7894737962663,,7483985.109272639,94.22075918250148,894603.3657553836,38.74223724306173,-1,,,,,,,,unassigned,,,,,,,,,,,,
1144,88,206.82263927233257,206.82242440508918,,19832528.442193687,92.13136847851652,939109.9184202818,104.26501932777758,-1,,,,,,,,unassigned,,,,,,,,,,,,
1145,89,206.8502106809433,206.84999578674058,,2700117.5992816724,53.91378199548344,895290.230688978,14.136545565299905,-1,,,,,,,,unassigned,,,,,,,,,,,,
1146,90,206.96233417943293,206.96211917559611,,2156122.209596595,63.77992113675781,935353.7294977825,11.359343363368815,-1,,,,,,,,unassigned,,,,,,,,,,,,
1147,92,208.78674461773468,208.786527830031,,4431634.459813634,41.04930294275869,934869.0255318178,23.582231365341922,-1,,,,,,,,unassigned,,,,,,,,,,,,
1148,93,208.81970856606478,208.81949174613032,,4276141.048341285,54.22573302755565,942697.0113366974,22.633398367369303,-1,,,,,,,,unassigned,,,,,,,,,,,,
1149,94,208.84548315920324,208.84526631406752,,58803846.65197926,96.26098970901714,957573.172893797,309.17030271017893,-1,,,,,,,,unassigned,,,,,,,,,,,,
1150,95,208.84726136585286,208.8470445189785,,4442816.388198578,85.39699354477321,914353.0584313559,23.04917911928989,-1,,,,,,,,unassigned,,,,,,,,,,,,
1151,96,208.90280712454754,208.902590223363,,3446792.401872105,42.3173875821319,960415.9568495315,18.09712375346651,-1,,,,,,,,unassigned,,,,,,,,,,,,
1152,97,208.9348210837819,208.93460415129556,,28955815.805599153,106.40427749512091,975505.5561783004,151.98385639435554,-1,,,,,,,,unassigned,,,,,,,,,,,,
1153,99,209.93439697542777,209.9341790656125,,3190976.691082005,69.99386456850549,1034225.8021342142,16.881764632467874,-1,,,,,,,,unassigned,,,,,,,,,,,,
1154,100,210.8425283510557,210.84230955333945,,80138574.1131465,86.49063006605923,913346.0548852638,427.1241037165727,-1,,,,,,,,unassigned,,,,,,,,,,,,
1155,101,210.84429639067088,210.84407759122595,,2989542.500564605,156.7359966468279,906992.8277894431,15.911609544653173,-1,,,,,,,,unassigned,,,,,,,,,,,,
1156,102,210.89986801089114,210.89964915711315,,2711359.936712159,74.06621434406797,952517.9424860827,14.488360047694247,-1,,,,,,,,unassigned,,,,,,,,,,,,
1157,103,210.9318589813323,210.9316400962764,,9810305.113185633,63.97988348480881,842277.026943433,51.21565980067929,-1,,,,,,,,unassigned,,,,,,,,,,,,
1158,106,212.83958537166808,212.83936462144555,,41538235.16587404,69.35153011218777,932230.0525073023,224.05252006059035,-1,,,,,,,,unassigned,,,,,,,,,,,,
1159,110,214.8366360903974,214.83641338776062,,10596278.092143683,89.87863341549897,956285.8825783469,55.330823140200984,-1,,,,,,,,unassigned,,,,,,,,,,,,
1160,111,214.93514885622432,214.9349260572789,,4071781.0364719457,72.71433189406561,938467.1367653996,21.194157303028817,-1,,,,,,,,unassigned,,,,,,,,,,,,
1161,115,216.93311391698364,216.93288916482018,,3759848.7047421103,54.51752082124798,830124.258697549,19.94681504726706,-1,,,,,,,,unassigned,,,,,,,,,,,,
1162,119,220.79794176499237,220.7977132348028,,1722425.4918115677,66.65629133018761,1011825.4881593687,9.00058717458857,-1,,,,,,,,unassigned,,,,,,,,,,,,
1163,120,220.80129888812584,220.80107035465468,,1682915.887424899,37.612120422487706,879526.1593365787,8.81934941093088,-1,,,,,,,,unassigned,,,,,,,,,,,,
1164,122,222.79833799006536,222.79810750453356,,1842086.2802106543,70.61178819802993,865221.5147228781,9.589609906476067,-1,,,,,,,,unassigned,,,,,,,,,,,,
1165,123,222.84179839040584,222.84156786239342,,1611532.6787623146,110.24175663830383,893677.6760192721,8.430221271312895,-1,,,,,,,,unassigned,,,,,,,,,,,,
1166,124,222.91850315872344,222.91827255573563,,2215261.0860909536,50.831188982306834,899717.8224483745,11.708492584532896,-1,,,,,,,,unassigned,,,,,,,,,,,,
1167,125,222.95048356245948,222.95025292821234,,16839314.346319582,97.36880771684824,898585.992442071,87.50585671190167,-1,,,,,,,,unassigned,,,,,,,,,,,,
1168,128,223.07451554964507,223.07428479416268,,2258308.062143232,83.98028197921089,974459.3270955795,11.775124115289401,-1,,,,,,,,unassigned,,,,,,,,,,,,
1169,129,223.75209332752863,223.7518619097528,,1640038.227419953,88.90434394917826,774375.795465488,8.547492765444343,-1,,,,,,,,unassigned,,,,,,,,,,,,
1170,130,223.95005986756954,223.9498282562946,,1806231.8264196098,72.99284621417557,927645.5689937199,9.552296249252425,-1,,,,,,,,unassigned,,,,,,,,,,,,
1171,131,224.8194513178995,224.81921885686245,,3384506.264073343,75.91204388951924,929519.8065572665,18.18774263529535,-1,,,,,,,,unassigned,,,,,,,,,,,,
1172,132,224.9154962252678,224.91526367035533,,1692311.907044,111.06408381094153,888622.0667939401,9.040566093042473,-1,,,,,,,,unassigned,,,,,,,,,,,,
1173,133,224.94753139630998,224.947298810086,,5551924.378717316,84.36137141024074,852707.0942576682,29.488450251598444,-1,,,,,,,,unassigned,,,,,,,,,,,,
1174,136,226.81649651158213,226.81626209865118,,4329829.329530445,62.5762085696445,846362.5615386419,22.654720457211386,-1,,,,,,,,unassigned,,,,,,,,,,,,
1175,137,226.86893568872807,226.8687012245447,,7855072.550721474,96.85329997432493,912910.7720123354,41.02370085616443,-1,,,,,,,,unassigned,,,,,,,,,,,,
1176,141,228.81351311299406,228.813276748283,,2440956.132211974,61.96299957191767,826693.4285174288,13.043788460893238,-1,,,,,,,,unassigned,,,,,,,,,,,,
1177,142,228.83396263138266,228.83372624668576,,1636843.3664553664,119.33841043112618,790579.7006889894,8.64077690850345,-1,,,,,,,,unassigned,,,,,,,,,,,,
1178,143,228.86599012661188,228.86575371061366,,8219481.626512459,86.87543750085965,917238.5983066018,42.8787226724255,-1,,,,,,,,unassigned,,,,,,,,,,,,
1179,147,230.86304341126498,230.8628050435389,,2312673.1751789395,69.24851642321805,887990.0298669885,12.164252254907383,-1,,,,,,,,unassigned,,,,,,,,,,,,
1180,150,232.92493578135085,232.92469539861952,,7621955.729862465,66.59314636109237,883263.583568623,40.17081726248118,-1,,,,,,,,unassigned,,,,,,,,,,,,
1181,153,233.92326888150717,233.92302752317755,,1644899.8070766658,19.95439220391231,965045.3878323734,8.576810638977205,-1,,,,,,,,unassigned,,,,,,,,,,,,
1182,156,235.07453708516644,235.07429460181282,,1765547.105269778,122.55201042131348,885048.7143196247,9.261782775154067,-1,,,,,,,,unassigned,,,,,,,,,,,,
1183,157,236.9661617926667,236.96591746087165,,5476067.336341838,159.2572006443133,837240.8914655524,28.94473696062537,-1,,,,,,,,unassigned,,,,,,,,,,,,
1184,160,237.05376961516652,237.05352519776548,,1901375.0989673352,59.10696644815911,826960.3267123834,9.904110731646766,-1,,,,,,,,unassigned,,,,,,,,,,,,
1185,162,237.09011128035866,237.0898668274464,,1652683.8564131616,53.07272495766169,767272.093988978,8.630115863582407,-1,,,,,,,,unassigned,,,,,,,,,,,,
1186,164,238.96322347103734,238.96297718785442,,1675023.1273631335,123.4283257879236,834793.7891077702,8.712738961720472,-1,,,,,,,,unassigned,,,,,,,,,,,,
1187,165,238.98020817635486,238.97996187657606,,1616258.0068952804,52.360594515420516,891588.5187486853,8.459539144845758,-1,,,,,,,,unassigned,,,,,,,,,,,,
1188,169,239.7606323267866,239.76038526445595,,11728759.723914452,64.60610059809153,887781.1543313311,61.30100829598375,-1,,,,,,,,unassigned,,,,,,,,,,,,
1189,170,240.41151209145409,240.41126439315934,,1539871.6221617283,93.25368716404444,738336.6752949331,8.046423654155433,-1,,,,,,,,unassigned,,,,,,,,,,,,
1190,171,240.82580911272618,240.82556100963328,,1562668.525730827,74.11522686791363,1003569.863578458,8.115720446142197,-1,,,,,,,,unassigned,,,,,,,,,,,,
1191,172,240.88461548690447,240.88436732635378,,7644302.670155906,29.003268279027942,887429.0105356646,40.021562633586605,-1,,,,,,,,unassigned,,,,,,,,,,,,
1192,177,241.13671131941032,241.13646291254588,,25418168.73871821,129.29156499953558,861171.3459565705,132.45282209900907,-1,,,,,,,,unassigned,,,,,,,,,,,,
1193,178,241.75767845277858,241.7574294391954,,10566501.225485124,67.56219206260148,876235.2495780541,54.90438134335936,-1,,,,,,,,unassigned,,,,,,,,,,,,
1194,179,241.75858567354643,241.75833665907686,,10097825.547225066,68.39546351061809,839427.3888291155,52.452341011520005,-1,,,,,,,,unassigned,,,,,,,,,,,,
1195,182,242.8228821800521,242.8226321257261,,2129297.9434212563,34.29667909465512,915031.2609517546,11.159448771099303,-1,,,,,,,,unassigned,,,,,,,,,,,,
1196,183,242.88166164481703,242.88141153306208,,7016186.610314448,99.42075273019017,919840.7802608111,36.67399452837984,-1,,,,,,,,unassigned,,,,,,,,,,,,
1197,188,243.13376480753848,243.13351444947344,,8241657.147087905,91.47217257193854,850379.2765953054,42.84673953766238,-1,,,,,,,,unassigned,,,,,,,,,,,,
1198,190,243.75472469777418,243.75447373302418,,4010746.1025036164,34.49169500179953,835964.5880742891,21.151513123344653,-1,,,,,,,,unassigned,,,,,,,,,,,,
1199,191,243.75563675428813,243.75538578864703,,10187730.125811255,58.35895169459999,858327.6068939628,54.307362827781084,-1,,,,,,,,unassigned,,,,,,,,,,,,
1200,192,244.12433048698884,244.12407916113366,,1753002.9291664239,51.788586975922165,876246.1690567489,9.104532362568717,-1,,,,,,,,unassigned,,,,,,,,,,,,
1201,193,244.80965430206493,244.80940230665553,,2017173.7436207216,33.11921091804868,740599.5292614155,10.533112381988165,-1,,,,,,,,unassigned,,,,,,,,,,,,
1202,194,244.87871264000813,244.87846057713006,,2745331.995548269,146.83492522527925,765228.9380284507,14.40040642709566,-1,,,,,,,,unassigned,,,,,,,,,,,,
1203,198,245.7526741354169,245.75242121870355,,3483604.7699958314,33.11976170502742,857485.5006643679,18.400963533716165,-1,,,,,,,,unassigned,,,,,,,,,,,,
1204,199,246.80668059767876,246.80642665125328,,3019969.0560109126,84.90861820065159,837480.6870679857,15.959584246797856,-1,,,,,,,,unassigned,,,,,,,,,,,,
1205,200,246.94057958076928,246.9403255035328,,4543128.991010994,86.62130051911487,752859.8261893471,24.01933420710459,-1,,,,,,,,unassigned,,,,,,,,,,,,
1206,203,247.11089377150662,247.11063952788433,,3233142.2171684494,60.19061099662067,833375.993935852,17.32419799669106,-1,,,,,,,,unassigned,,,,,,,,,,,,
1207,205,248.80374123985274,248.80348534246338,,2101554.4934812603,53.366690118828316,807215.2250283209,10.996867836053433,-1,,,,,,,,unassigned,,,,,,,,,,,,
1208,206,248.89622128071514,248.89596529298245,,6157325.137871961,87.11175259657139,793620.5960745981,32.98527298569978,-1,,,,,,,,unassigned,,,,,,,,,,,,
1209,210,250.89415403208864,250.89389609263003,,5996944.433842515,67.13308874375194,792278.8612856402,31.39677729246472,-1,,,,,,,,unassigned,,,,,,,,,,,,
1210,211,250.91189457437403,250.91163661758554,,2150626.98711428,87.60612496453128,864083.211083984,11.210088734474246,-1,,,,,,,,unassigned,,,,,,,,,,,,
1211,214,251.06942427969966,251.06916616902842,,2485494.863928838,29.503698805885257,912389.6203685937,12.91052539938023,-1,,,,,,,,unassigned,,,,,,,,,,,,
1212,216,252.17384030522302,252.173581115719,,48403731.55640875,100.27952364072195,826801.5242879819,251.77123685529605,-1,,,,,,,,unassigned,,,,,,,,,,,,
1213,217,252.89120469778433,252.89094480754733,,2017293.7119251897,61.89187102499483,918677.7303561695,10.549103949369725,-1,,,,,,,,unassigned,,,,,,,,,,,,
1214,218,252.90982695254868,252.9095670441213,,2947332.6674400256,82.04936145394,814503.0481642999,15.778346483140165,-1,,,,,,,,unassigned,,,,,,,,,,,,
1215,222,253.08512303883055,253.0848629591729,,1971171.1362938134,61.172517017800985,798289.8631033932,10.351874618330474,-1,,,,,,,,unassigned,,,,,,,,,,,,
1216,223,253.1084723689672,253.10821226650188,,1816976.674163788,50.9400137134413,822339.3286725779,9.4803341960354,-1,,,,,,,,unassigned,,,,,,,,,,,,
1217,225,253.17720564078408,253.1769454711799,,7218557.878483241,77.11743645144881,805066.6776185476,37.82538737985223,-1,,,,,,,,unassigned,,,,,,,,,,,,
1218,226,254.170891175802,254.1706300355744,,16129577.22662923,93.41777098484971,825065.6723181985,85.16042682927272,-1,,,,,,,,unassigned,,,,,,,,,,,,
1219,227,254.77024109052692,254.76997936486976,,2163493.1412679977,82.9084378187854,764668.8245895396,11.524589559644944,-1,,,,,,,,unassigned,,,,,,,,,,,,
1220,232,255.17421436066786,255.1739522404244,,2041244.700659703,46.99179252525607,800756.000590995,10.613070218895968,-1,,,,,,,,unassigned,,,,,,,,,,,,
1221,233,255.82237882551095,255.8221160721715,,2337732.6805625777,19.51716594666042,870026.4344186313,12.246875353045448,-1,,,,,,,,unassigned,,,,,,,,,,,,
1222,234,256.7673015971535,256.76703792087494,,2886376.3141940664,69.41314527930342,807671.8190775887,15.101370130654084,-1,,,,,,,,unassigned,,,,,,,,,,,,
1223,235,256.83495886998145,256.8346951276204,,1559177.1973909556,88.0026305395264,823687.5418006872,8.073076266458033,-1,,,,,,,,unassigned,,,,,,,,,,,,
1224,240,257.1316362132412,257.13137218110944,,2472361.1472155037,78.73402752196981,779032.178106399,12.961165362755173,-1,,,,,,,,unassigned,,,,,,,,,,,,
1225,242,257.8193875337835,257.8191228299185,,1898992.150106841,99.69806169537927,781591.2629471703,9.933428605179628,-1,,,,,,,,unassigned,,,,,,,,,,,,
1226,243,258.7644023814291,258.7641367545757,,1656611.8863149541,162.89340948226217,677540.6754455406,8.65010532280936,-1,,,,,,,,unassigned,,,,,,,,,,,,
1227,247,260.78721205127584,260.7869444488251,,30653104.421946377,102.49712563974731,811501.646732897,162.60225713571202,-1,,,,,,,,unassigned,,,,,,,,,,,,
1228,248,260.9525895641076,260.9523218001431,,1540840.5864267116,63.879555225766836,761540.164240731,8.00377947447127,-1,,,,,,,,unassigned,,,,,,,,,,,,
1229,251,261.8438076485636,261.8435390142132,,2405758.7468562555,35.90543350385649,845904.3362337595,12.843893868623725,-1,,,,,,,,unassigned,,,,,,,,,,,,
1230,252,262.7842560347816,262.78398648198424,,45474359.66624759,214.63531993999032,812243.5190245884,237.1016390439441,-1,,,,,,,,unassigned,,,,,,,,,,,,
1231,254,263.1058058869035,263.1055360200832,,1799864.2002729026,57.455058035976364,789626.412943391,9.371058485594734,-1,,,,,,,,unassigned,,,,,,,,,,,,
1232,255,264.2101643229771,264.2098933776664,,1909020.5507800316,49.88597622222692,703185.4377470214,10.040039054390034,-1,,,,,,,,unassigned,,,,,,,,,,,,
1233,256,264.7813166243297,264.7810451212554,,32068439.69058482,67.94959544177503,822517.5705820945,167.50633779939074,-1,,,,,,,,unassigned,,,,,,,,,,,,
1234,257,264.8507835335608,264.85051196264845,,1598367.5895446222,36.3459550431303,993889.3149429914,8.33693712825379,-1,,,,,,,,unassigned,,,,,,,,,,,,
1235,261,265.08509773075417,265.08482593102275,,2635715.8365781144,104.20890032910651,841051.490823411,13.838036307510766,-1,,,,,,,,unassigned,,,,,,,,,,,,
1236,264,266.1531046291685,266.1528317864918,,2559086.215174611,44.300936771018456,772652.1184174303,13.23302200824171,-1,,,,,,,,unassigned,,,,,,,,,,,,
1237,265,266.77835855809127,266.778085104844,,11122684.865742197,143.77767022463732,800020.6776772944,58.081372729829475,-1,,,,,,,,unassigned,,,,,,,,,,,,
1238,266,266.8041609679849,266.80388748954135,,85775228.66831549,88.50615166741291,804764.7638698246,446.56984965255083,-1,,,,,,,,unassigned,,,,,,,,,,,,
1239,267,266.80594941423783,266.8056759340479,,1564226.0067143815,43.53323992495684,948807.1077552679,8.302288732260408,-1,,,,,,,,unassigned,,,,,,,,,,,,
1240,268,266.84874504511066,266.8484715231304,,4038720.2878507907,86.14162132668311,865088.5209831063,21.188826780568295,-1,,,,,,,,unassigned,,,,,,,,,,,,
1241,269,266.8934808426739,266.89320727700886,,2001836.4808686583,112.01457283283466,778309.7322712657,10.44782402261984,-1,,,,,,,,unassigned,,,,,,,,,,,,
1242,274,268.1687757117936,268.1685009008119,,42229339.42316997,93.19440775196614,791528.710749564,222.85848302943378,-1,,,,,,,,unassigned,,,,,,,,,,,,
1243,275,268.8012209150994,268.80094548655234,,152081947.17309797,123.76765802326338,800335.2017719098,794.5463558753177,-1,,,,,,,,unassigned,,,,,,,,,,,,
1244,276,268.8467220448616,268.8464465718843,,1765458.7729144779,102.64656327226781,816651.2724776387,9.371058485594734,-1,,,,,,,,unassigned,,,,,,,,,,,,
1245,277,268.9016332109617,268.9013576843655,,5856147.549544899,138.1332853555232,790348.4322729412,30.970335495623093,-1,,,,,,,,unassigned,,,,,,,,,,,,
1246,282,269.17213181011044,269.17185601938303,,5688465.991139986,62.81776047859514,716063.5023224172,29.850925778913826,-1,,,,,,,,unassigned,,,,,,,,,,,,
1247,283,270.1658243351509,270.16554757413536,,13792730.198264379,92.05530981732545,799848.6087944878,72.85758099039181,-1,,,,,,,,unassigned,,,,,,,,,,,,
1248,284,270.79826813723025,270.7979907586779,,98690664.75658683,95.25078054503568,795028.7343171474,514.9711138659477,-1,,,,,,,,unassigned,,,,,,,,,,,,
1249,285,270.89876089708497,270.8984834204093,,1658440.2453431645,27.015430535631793,893840.6763121637,8.875319896766342,-1,,,,,,,,unassigned,,,,,,,,,,,,
1250,289,271.14730729349844,271.1470295741376,,3173925.3203101666,63.527118441888106,773512.9756179259,16.561933284836652,-1,,,,,,,,unassigned,,,,,,,,,,,,
1251,290,271.1691719907578,271.1688942500479,,3073282.5643884763,83.15172882044865,717930.6138700993,16.039542083705662,-1,,,,,,,,unassigned,,,,,,,,,,,,
1252,291,271.83506730520116,271.83478891430605,,1868645.344131389,41.54073426462417,773286.5778247972,10.037373793159773,-1,,,,,,,,unassigned,,,,,,,,,,,,
1253,292,272.79532810747725,272.795048778993,,35255505.67249972,63.350612527314034,786814.517511967,184.26550041526664,-1,,,,,,,,unassigned,,,,,,,,,,,,
1254,295,274.7923799173944,274.7920986390721,,6747112.472155491,97.88297663484819,773189.0149380494,35.0641767453027,-1,,,,,,,,unassigned,,,,,,,,,,,,
1255,297,275.0366274154624,275.0363458986729,,15218679.826121664,113.80176461703181,777008.850961177,80.6188216929094,-1,,,,,,,,unassigned,,,,,,,,,,,,
1256,300,276.03620141158564,276.0359189188913,,2898565.3421627847,111.07012082783287,766377.1860927457,15.559795062258832,-1,,,,,,,,unassigned,,,,,,,,,,,,
1257,301,276.8508026113091,276.85051932331857,,2165368.290187071,80.25351796529768,782166.8653404232,11.303372877533352,-1,,,,,,,,unassigned,,,,,,,,,,,,
1258,303,277.03371204723635,277.0334285806731,,4059927.774738951,44.43188488107404,801346.9189397502,21.215479392870897,-1,,,,,,,,unassigned,,,,,,,,,,,,
1259,306,277.0851487015295,277.0848651847492,,2143534.6049643178,143.00038743589803,684872.0624340068,11.210088734474246,-1,,,,,,,,unassigned,,,,,,,,,,,,
1260,307,278.7582471578842,278.75796200770907,,2182597.0095353522,108.98476717760764,834712.2793543055,11.383330714441156,-1,,,,,,,,unassigned,,,,,,,,,,,,
1261,308,278.8487582990962,278.8484730605595,,4453961.96621356,61.60086682281337,781998.4981306642,23.19843374818446,-1,,,,,,,,unassigned,,,,,,,,,,,,
1262,309,278.9951520504065,278.99486666895325,,3471619.2351759425,105.62848860107889,819610.3473807574,18.13976793315067,-1,,,,,,,,unassigned,,,,,,,,,,,,
1263,313,279.10075601744063,279.10047053289196,,3889753.805235854,146.53562424129282,738536.3307808165,20.26131587243776,-1,,,,,,,,unassigned,,,,,,,,,,,,
1264,314,280.2051675115612,280.2048809488506,,18534944.103436943,86.81702721854246,748730.5996811475,97.0581529611541,-1,,,,,,,,unassigned,,,,,,,,,,,,
1265,315,280.7553053024049,280.75501820264185,,1591798.6309702194,114.5996969449421,686715.6520236536,8.463537036691148,-1,,,,,,,,unassigned,,,,,,,,,,,,
1266,316,280.75705192329747,280.75676482182934,,2035459.695430054,60.61336471587944,620388.4118522763,10.874265819461465,-1,,,,,,,,unassigned,,,,,,,,,,,,
1267,317,280.84668779570154,280.84640060673024,,2497416.1054605977,59.57105812156478,629849.9492065733,13.0597800282748,-1,,,,,,,,unassigned,,,,,,,,,,,,
1268,320,281.0800298158945,281.07974239913375,,1628846.8668645294,83.60289289268056,590875.7217936944,8.612791665585716,-1,,,,,,,,unassigned,,,,,,,,,,,,
1269,322,281.1164235393018,281.1161360870135,,3018220.954836319,74.87855926834837,786253.3619358579,15.86363484250849,-1,,,,,,,,unassigned,,,,,,,,,,,,
1270,323,281.20853767120127,281.20825012899115,,3102837.253327146,125.02605075179322,792641.5373599405,16.615238509441856,-1,,,,,,,,unassigned,,,,,,,,,,,,
1271,324,282.1844286599442,282.18414016508086,,2870052.183353756,70.34025829653973,779492.4605394176,14.912136583305612,-1,,,,,,,,unassigned,,,,,,,,,,,,
1272,325,282.2022033554325,282.20191484321793,,6048681.2867132155,65.17386730467912,790225.5550820441,31.940490583437793,-1,,,,,,,,unassigned,,,,,,,,,,,,
1273,326,282.77810405072967,282.7778149763375,,7818552.781000629,85.88985245670285,740992.7133086703,41.36485429363773,-1,,,,,,,,unassigned,,,,,,,,,,,,
1274,327,282.91728940308656,282.91700019282666,,2949020.145620761,59.524628606327425,717474.1767285431,15.554464539798312,-1,,,,,,,,unassigned,,,,,,,,,,,,
1275,331,283.09569652795125,283.0954071435375,,1776458.2593486486,48.15018135647349,668365.144797236,9.255119622078416,-1,,,,,,,,unassigned,,,,,,,,,,,,
1276,334,284.7751693249381,284.77487830112375,,11327288.62736794,67.1003624635917,740109.8025765984,60.1602764894324,-1,,,,,,,,unassigned,,,,,,,,,,,,
1277,335,284.8325801173693,284.83228903751507,,1677312.324720964,52.31736302787181,715422.6584355606,8.731395790332295,-1,,,,,,,,unassigned,,,,,,,,,,,,
1278,341,286.77222885376415,286.7719358806192,,7815865.615078735,111.85914762999994,744280.8133711608,41.2262607096642,-1,,,,,,,,unassigned,,,,,,,,,,,,
1279,342,286.8305679457223,286.8302749156338,,3347246.7118429057,126.29334201801635,723889.8784605177,17.47345262558563,-1,,,,,,,,unassigned,,,,,,,,,,,,
1280,343,286.91222245335257,286.91192934356303,,23702729.015445564,105.50886706595486,749454.3489360469,124.6489372168073,-1,,,,,,,,unassigned,,,,,,,,,,,,
1281,347,287.1422033294412,287.1419099951735,,1710694.9911976177,39.94928687605375,842492.2640261698,8.920629337680765,-1,,,,,,,,unassigned,,,,,,,,,,,,
1282,349,287.9117940763631,287.91149999092653,,3935753.295800759,24.33401303306498,755427.0347542854,20.44255363609545,-1,,,,,,,,unassigned,,,,,,,,,,,,
1283,350,288.15055077987813,288.15025646140265,,6464194.330791171,173.33357225458641,728408.0668769969,34.01939434304072,-1,,,,,,,,unassigned,,,,,,,,,,,,
1284,351,288.76926454528115,288.76896962291465,,2693464.643660264,149.32676751976342,693082.9571503727,14.131215042839385,-1,,,,,,,,unassigned,,,,,,,,,,,,
1285,352,288.8285254963866,288.8282305161793,,1812060.1248979252,139.7099428843442,659830.175052947,9.662904590308221,-1,,,,,,,,unassigned,,,,,,,,,,,,
1286,353,288.9093104215385,288.9090153624824,,7090569.680616722,34.69554588046752,803534.0674744596,37.93199782906264,-1,,,,,,,,unassigned,,,,,,,,,,,,
1287,358,289.12150838842643,289.1212131222586,,10403717.711597284,70.55725653799844,718490.2808033021,55.77858702688469,-1,,,,,,,,unassigned,,,,,,,,,,,,
1288,360,289.73116590055423,289.7308700393474,,4390686.474515105,86.73141163661639,671345.2164566849,23.001204417145207,-1,,,,,,,,unassigned,,,,,,,,,,,,
1289,361,289.8735301547377,289.87323415458144,,1635398.1623485587,112.78418174083531,563039.1771705272,8.6740926738817,-1,,,,,,,,unassigned,,,,,,,,,,,,
1290,363,290.14760631062586,290.14731004296874,,3909311.853474347,131.5509283829763,802607.1529576898,20.410570501332327,-1,,,,,,,,unassigned,,,,,,,,,,,,
1291,367,291.10078280153607,291.1004856035825,,2300641.806262991,70.56469447850216,749315.4473581018,12.001671319861513,-1,,,,,,,,unassigned,,,,,,,,,,,,
1292,368,291.11855890403655,291.11826168873375,,3485793.027094476,123.68388242722719,738533.8722941341,18.411624578637205,-1,,,,,,,,unassigned,,,,,,,,,,,,
1293,369,291.2099287645287,291.20963146005033,,19097094.752996877,118.39894396976746,724380.7693063621,99.72341419141426,-1,,,,,,,,unassigned,,,,,,,,,,,,
1294,370,292.1324184712024,292.13212026639854,,3063755.686048477,89.85972037472375,726706.903607652,15.914274805883434,-1,,,,,,,,unassigned,,,,,,,,,,,,
1295,372,292.8457380298006,292.84543912882833,,9772682.696186824,106.8418088692273,728235.7871739073,51.33293129481074,-1,,,,,,,,unassigned,,,,,,,,,,,,
1296,373,292.89178687808896,292.89148793217544,,1696278.6371869985,102.07381858918392,722124.9765231794,9.152507064713399,-1,,,,,,,,unassigned,,,,,,,,,,,,
1297,377,293.08002622644534,293.07972709682053,,3003061.9857641305,99.03927688805254,658395.0727999558,15.610435025633775,-1,,,,,,,,unassigned,,,,,,,,,,,,
1298,380,293.1164512598781,293.11615209470455,,2699729.1016493323,89.42265449081911,762450.8053459588,14.40573694955618,-1,,,,,,,,unassigned,,,,,,,,,,,,
1299,382,293.20699193779984,293.2066926842639,,6540829.6463800585,63.72167872570169,741388.7893544694,34.9309136837897,-1,,,,,,,,unassigned,,,,,,,,,,,,
1300,383,293.7250085240386,293.72470876495225,,4914777.354693591,62.260551937515295,627634.2613071131,25.8317118436815,-1,,,,,,,,unassigned,,,,,,,,,,,,
1301,385,294.18443699631746,294.18413678886367,,1978318.98434061,95.08736463380365,693496.1191610247,10.594413390284148,-1,,,,,,,,unassigned,,,,,,,,,,,,
1302,386,294.8437044036936,294.84340355285264,,18564739.742739283,106.96831628197899,726764.9173180421,98.03896909388983,-1,,,,,,,,unassigned,,,,,,,,,,,,
1303,387,294.86139081479246,294.8610899466912,,2982773.569451608,97.77253408562575,767222.9848731846,15.663740250238979,-1,,,,,,,,unassigned,,,,,,,,,,,,
1304,391,295.0957063994942,295.0954053027238,,3598533.0352803837,66.48723889368334,729310.0236729446,18.99265152683392,-1,,,,,,,,unassigned,,,,,,,,,,,,
1305,393,295.1320879735883,295.13178684131316,,2315379.5448688776,122.310527897894,652589.6129110771,12.212226957052067,-1,,,,,,,,unassigned,,,,,,,,,,,,
1306,394,296.2000998892599,296.1997977147253,,12672889.750552338,116.89425820475945,741280.3796627582,66.13046164521516,-1,,,,,,,,unassigned,,,,,,,,,,,,
1307,395,296.8416630511175,296.8413602505013,,9178778.942202983,51.75480461472226,734711.3460676562,47.88941378531461,-1,,,,,,,,unassigned,,,,,,,,,,,,
1308,396,296.85934540787076,296.859042589999,,5584798.6313622175,157.6529185429692,753192.2302053632,29.008703230151614,-1,,,,,,,,unassigned,,,,,,,,,,,,
1309,400,297.11137574207976,297.1110726782619,,2181831.581997875,260.7881074218521,623404.3253474985,11.404652804283238,-1,,,,,,,,unassigned,,,,,,,,,,,,
1310,403,297.20345320254137,297.20315004886925,,2037557.8773659742,44.94107454677736,836735.4236582036,10.703689100724814,-1,,,,,,,,unassigned,,,,,,,,,,,,
1311,404,297.7188457508799,297.71854209426255,,1610162.225309223,109.71534804931443,604291.9274867089,8.368920263016912,-1,,,,,,,,unassigned,,,,,,,,,,,,
1312,405,298.1971590265207,298.19685490314697,,4062502.531353087,57.25383714796172,699870.7230847727,21.5832854426468,-1,,,,,,,,unassigned,,,,,,,,,,,,
1313,406,298.85730206677755,298.85699729921913,,2619411.196547739,91.49740991769384,803159.6355863694,13.792726866596343,-1,,,,,,,,unassigned,,,,,,,,,,,,
1314,412,300.7815460078197,300.78123936258777,,1895477.710777483,92.89566368287166,685788.0513235333,9.880123380574425,-1,,,,,,,,unassigned,,,,,,,,,,,,
1315,413,300.80980360985234,300.80949693704724,,2356715.129215807,65.75870816992719,708234.618772355,12.414786810551838,-1,,,,,,,,unassigned,,,,,,,,,,,,
1316,414,300.82753535205353,300.82722866194626,,1578921.46808111,96.78234774828722,698606.0913972049,8.370252893632042,-1,,,,,,,,unassigned,,,,,,,,,,,,
1317,415,300.92788911063656,300.92758232260655,,14041702.604716223,135.42960085671842,710219.2013970237,73.31600592199656,-1,,,,,,,,unassigned,,,,,,,,,,,,
1318,420,301.7643251440805,301.7640175398853,,2904014.1902314587,151.04914997259104,629610.159894003,15.511820360114148,-1,,,,,,,,unassigned,,,,,,,,,,,,
1319,421,301.76792327225576,301.7676156645497,,2605604.253708854,92.82829019201651,593302.3767461276,13.608823841708393,-1,,,,,,,,unassigned,,,,,,,,,,,,
1320,422,301.9274542587991,301.92714649542995,,2489955.220421292,67.4326051629307,790917.2428562096,13.033127415972197,-1,,,,,,,,unassigned,,,,,,,,,,,,
1321,423,302.82549198094443,302.8251833413212,,2058402.53636004,135.65377592778654,688954.8481305414,10.914244737915368,-1,,,,,,,,unassigned,,,,,,,,,,,,
1322,424,302.9249846510791,302.9246759143777,,4190122.765980625,88.69528018903992,780420.4155168755,22.244270227751322,-1,,,,,,,,unassigned,,,,,,,,,,,,
1323,428,303.13716751949863,303.1368585757642,,4163863.1901017535,82.58091539888657,716532.1104036784,22.281583884974964,-1,,,,,,,,unassigned,,,,,,,,,,,,
1324,430,304.1454878077075,304.14517788013904,,2042905.6257579576,30.35608771682536,733431.1312726359,10.637057569968311,-1,,,,,,,,unassigned,,,,,,,,,,,,
1325,431,304.7653930987908,304.76508256638175,,2620669.6610890552,82.98660633154958,732138.9183448607,13.611489102938652,-1,,,,,,,,unassigned,,,,,,,,,,,,
1326,432,304.8014400473261,304.8011294797464,,2764167.9621263365,140.68110617737926,753166.5319280702,14.485694786463986,-1,,,,,,,,unassigned,,,,,,,,,,,,
1327,433,304.8821648006988,304.88185415435674,,2973719.3104803558,115.37703519580873,701607.3082138129,15.647748682857417,-1,,,,,,,,unassigned,,,,,,,,,,,,
1328,436,305.1164324651555,305.1161215902417,,2123803.2790631214,132.24780248614127,701774.6462898037,11.300707616303091,-1,,,,,,,,unassigned,,,,,,,,,,,,
1329,437,305.7582790844396,305.7579675832906,,2790235.4166757576,65.33249969851263,680479.6273087212,14.762881954411043,-1,,,,,,,,unassigned,,,,,,,,,,,,
1330,438,306.7985104857071,306.79819796964694,,5983242.903138211,108.79677229381747,725076.3897043745,31.162234304201824,-1,,,,,,,,unassigned,,,,,,,,,,,,
1331,439,306.88008281056125,306.8797702149153,,5781058.324454489,73.27091004316983,705098.5175438364,30.20274026130817,-1,,,,,,,,unassigned,,,,,,,,,,,,
1332,443,307.09570574143174,307.0953929354147,,3601130.7689276533,65.40000283975314,723432.9139184966,19.381779666451905,-1,,,,,,,,unassigned,,,,,,,,,,,,
1333,445,307.13208522615525,307.1317723846448,,1785213.2195074295,77.8613055745822,725637.5607163495,9.436357385736107,-1,,,,,,,,unassigned,,,,,,,,,,,,
1334,446,308.2364990944607,308.2361851754523,,39951188.92289574,123.7086217991201,698478.034943841,210.10787330386918,-1,,,,,,,,unassigned,,,,,,,,,,,,
1335,447,308.7955576801089,308.79524321567686,,4159045.147952328,151.8797014786247,667280.4669484297,22.196295525606637,-1,,,,,,,,unassigned,,,,,,,,,,,,
1336,448,308.8780283762303,308.87771383133946,,2877227.4344697604,85.25765108006237,645763.4041520592,15.104035391884343,-1,,,,,,,,unassigned,,,,,,,,,,,,
1337,452,309.11134263542374,309.11102786291144,,3450621.798914973,68.76912252358804,739743.542118945,17.98784804302584,-1,,,,,,,,unassigned,,,,,,,,,,,,
1338,454,309.239848749966,309.23953385208347,,6791753.926230733,44.20064044866223,734534.5038885047,35.78912779993347,-1,,,,,,,,unassigned,,,,,,,,,,,,
1339,455,309.7521256388563,309.7518102412017,,1645654.0459814179,106.443837689163,692193.4442497474,8.572812747131815,-1,,,,,,,,unassigned,,,,,,,,,,,,
1340,456,310.233551985826,310.2332361185019,,13566192.617571035,64.27370780846637,721956.6569047162,70.43752379331559,-1,,,,,,,,unassigned,,,,,,,,,,,,
1341,457,310.8385973405559,310.8382808829693,,2074770.19365204,47.29356617366925,670994.7640488733,10.874265819461465,-1,,,,,,,,unassigned,,,,,,,,,,,,
1342,458,310.90233717123493,310.90202065146633,,6336397.118706679,53.501123211685076,732110.9892089507,32.979942463239254,-1,,,,,,,,unassigned,,,,,,,,,,,,
1343,462,311.1270625638615,311.12674582486045,,1587656.9190341297,75.7694723261716,678408.7294042658,8.260977183191375,-1,,,,,,,,unassigned,,,,,,,,,,,,
1344,466,311.23689617935594,311.2365793332063,,2283078.5130609316,73.55611429793827,767601.7930120209,11.924378744183969,-1,,,,,,,,unassigned,,,,,,,,,,,,
1345,467,312.1723399912471,312.17202223253247,,1724721.6600143053,112.93233825281267,580538.2401280474,9.192485983167302,-1,,,,,,,,unassigned,,,,,,,,,,,,
1346,468,312.8840791607367,312.88376070770306,,2900721.6384579972,107.76837946523193,667443.0469098581,15.194654273713189,-1,,,,,,,,unassigned,,,,,,,,,,,,
1347,474,314.7260006993439,314.7256804495212,,2274393.211261242,133.5716533553171,605987.2053496108,11.884399825730068,-1,,,,,,,,unassigned,,,,,,,,,,,,
1348,475,314.8811415615435,314.88082116038464,,2710294.843871257,52.88904948073181,714990.0737946639,14.55499157845075,-1,,,,,,,,unassigned,,,,,,,,,,,,
1349,476,314.94354423330094,314.94322377126997,,4657270.130682789,43.48771823937421,706732.4598175682,24.157927791078116,-1,,,,,,,,unassigned,,,,,,,,,,,,
1350,482,316.01509551004256,316.01477400275513,,1542247.0243321245,81.75035150059276,559734.472489917,8.062415221536993,-1,,,,,,,,unassigned,,,,,,,,,,,,
1351,483,316.72306080696416,316.72273860909775,,1630254.3155619232,56.740887572716474,627421.6558818063,8.480861234687838,-1,,,,,,,,unassigned,,,,,,,,,,,,
1352,484,316.94062555140187,316.94030314131584,,1657477.9880107061,50.91985339304016,648515.6721701211,8.863326221230173,-1,,,,,,,,unassigned,,,,,,,,,,,,
1353,490,318.7458802445327,318.745556073583,,10368053.05722605,132.016442018531,683300.5391898376,54.819092983991034,-1,,,,,,,,unassigned,,,,,,,,,,,,
1354,494,319.1685279548235,319.16820337162903,,2612983.91968144,76.75826390708752,641785.141967849,13.707438507228018,-1,,,,,,,,unassigned,,,,,,,,,,,,
1355,495,319.2412617558602,319.2409371017226,,17417174.876721323,160.7049151809972,678792.9390047123,93.19885469973738,-1,,,,,,,,unassigned,,,,,,,,,,,,
1356,498,320.74294710495974,320.7426209861325,,24268326.775655348,90.583920163566,684709.9591643491,126.61056948227878,-1,,,,,,,,unassigned,,,,,,,,,,,,
1357,499,320.84061882565686,320.8402926115658,,1767213.358216284,87.93523344462075,626352.463019007,9.181824938246262,-1,,,,,,,,unassigned,,,,,,,,,,,,
1358,503,321.1031761289658,321.1028496587914,,1721948.3448259057,95.69968783877273,727082.645736375,9.052559768578643,-1,,,,,,,,unassigned,,,,,,,,,,,,
1359,504,321.11140941902016,321.1110829408155,,3244192.2182449917,92.81901131966761,694381.6277296146,17.0336845225927,-1,,,,,,,,unassigned,,,,,,,,,,,,
1360,505,321.14775518192255,321.1474286682684,,2118251.78652541,41.09209367308011,716123.2685934665,11.052838321888895,-1,,,,,,,,unassigned,,,,,,,,,,,,
1361,506,321.23830756404476,321.23798096207145,,5217984.685909266,123.72029774403464,647413.3357875092,27.60677582303477,-1,,,,,,,,unassigned,,,,,,,,,,,,
1362,507,321.6739183927643,321.67359136592563,,7856873.92788094,92.40708103957101,618508.4015277408,41.146302872756394,-1,,,,,,,,unassigned,,,,,,,,,,,,
1363,508,322.2157865239349,322.21545896860044,,2780152.915972301,94.63711512186887,645824.3678048678,14.56831788460205,-1,,,,,,,,unassigned,,,,,,,,,,,,
1364,509,322.25221623960994,322.25188864874497,,1766406.8390019822,84.39218758740135,623293.5730047701,9.233797532236334,-1,,,,,,,,unassigned,,,,,,,,,,,,
1365,510,322.739998827524,322.73967076091986,,20085400.279271632,159.77748244003254,677818.4444572346,106.35458413230154,-1,,,,,,,,unassigned,,,,,,,,,,,,
1366,511,322.8386132632175,322.8382851004343,,2880832.8008140284,179.70399648132116,578529.166713858,15.056060689739661,-1,,,,,,,,unassigned,,,,,,,,,,,,
1367,515,323.0906032105493,323.09027480200035,,2244845.726224263,100.4328852153652,643651.3884274211,11.723151521299327,-1,,,,,,,,unassigned,,,,,,,,,,,,
1368,517,323.1270469744947,323.12671853040223,,3501622.820154243,104.2324627762125,683017.7235378154,18.560879207531777,-1,,,,,,,,unassigned,,,,,,,,,,,,
1369,519,324.0307967333124,324.03046740780485,,1698117.318581339,81.8859939300829,590010.8823276241,9.056557660424033,-1,,,,,,,,unassigned,,,,,,,,,,,,
1370,520,324.23143399492665,324.2311044737426,,14066737.656536005,121.93488586410982,677804.0607196104,73.95566861725901,-1,,,,,,,,unassigned,,,,,,,,,,,,
1371,521,324.73704688094006,324.7367168666484,,9381821.444467915,78.69286399374533,654179.8083210406,49.147417085997404,-1,,,,,,,,unassigned,,,,,,,,,,,,
1372,522,324.7628439464148,324.7625139069643,,21806597.643326122,101.58096226861106,683207.7790627003,113.43351795987253,-1,,,,,,,,unassigned,,,,,,,,,,,,
1373,523,324.83663909764783,324.83630898622783,,1764902.191526218,113.92752416395271,611054.4231384589,9.336410089601351,-1,,,,,,,,unassigned,,,,,,,,,,,,
1374,524,324.85221080460633,324.8518806779998,,2113843.5470219026,141.0479676202649,591261.0694064501,11.088819348497408,-1,,,,,,,,unassigned,,,,,,,,,,,,
1375,525,324.91799116657774,324.9176609758184,,4528521.350726793,77.13849232449947,687179.1346554841,23.74747756161805,-1,,,,,,,,unassigned,,,,,,,,,,,,
1376,529,325.10628940466876,325.10595903027047,,1555938.8998953274,65.63687253113487,564344.2625258438,8.217000372892082,-1,,,,,,,,unassigned,,,,,,,,,,,,
1377,531,325.1426684246342,325.1423380147571,,1916740.6878168578,54.43693935465276,699389.7454477007,10.170636854672782,-1,,,,,,,,unassigned,,,,,,,,,,,,
1378,534,325.2347843465558,325.2344538468425,,1832377.3517507985,165.05208210795917,664209.3167983124,9.614929888163537,-1,,,,,,,,unassigned,,,,,,,,,,,,
1379,535,325.6677467142359,325.66741579227755,,5155779.913932975,159.2599250754855,651762.9852217714,27.79334410915298,-1,,,,,,,,unassigned,,,,,,,,,,,,
1380,536,326.0177369424632,326.0174056791812,,1635308.1442050084,133.22954745796122,613489.6160437971,8.552823287904863,-1,,,,,,,,unassigned,,,,,,,,,,,,
1381,537,326.22847698231476,326.22814551351235,,4880450.277507198,74.89369555186036,690901.6463721162,25.447914226524038,-1,,,,,,,,unassigned,,,,,,,,,,,,
1382,538,326.7341292839351,326.7337973220083,,2165090.117268641,92.99142336371202,529114.7009559385,11.275387634615619,-1,,,,,,,,unassigned,,,,,,,,,,,,
1383,539,326.7598922016766,326.75956021462537,,39008897.194175445,133.0129964898572,666137.7201934487,205.45965771829543,-1,,,,,,,,unassigned,,,,,,,,,,,,
1384,540,326.8068359544473,326.8065039216157,,2561467.041863528,153.74899243077644,632161.2421974221,13.336967196221856,-1,,,,,,,,unassigned,,,,,,,,,,,,
1385,541,326.84926634574384,326.8489342715334,,2613440.6639418057,103.8465880395362,632549.0070898214,13.872684703504149,-1,,,,,,,,unassigned,,,,,,,,,,,,
1386,548,328.75695299261514,328.75661905803673,,34246551.11144277,166.1397940791528,653763.4297583835,184.26550041526664,-1,,,,,,,,unassigned,,,,,,,,,,,,
1387,549,328.8047514140344,328.8044174328442,,4996786.75376212,85.12671577745868,687431.1270316219,26.263484162983648,-1,,,,,,,,unassigned,,,,,,,,,,,,
1388,554,329.1528512464007,329.15251692575384,,62782762.254115395,148.37197992895977,671480.3167030409,329.7247973179453,-1,,,,,,,,unassigned,,,,,,,,,,,,
1389,557,329.6615499781348,329.66121516142465,,2091723.8280101374,95.9471539091791,705927.6576647441,11.324694967375432,-1,,,,,,,,unassigned,,,,,,,,,,,,
1390,561,330.75399416721405,330.75365828521353,,15391134.960984828,123.19018815776533,649708.1417607202,81.33311170261914,-1,,,,,,,,unassigned,,,,,,,,,,,,
1391,562,330.8027569365269,330.8024210069763,,2289029.593835101,133.46718666161746,574366.7175648956,12.157589101831734,-1,,,,,,,,unassigned,,,,,,,,,,,,
1392,563,330.8204122908832,330.8200763441163,,2603888.055918419,53.06115896508514,718993.3901930621,13.57950596817553,-1,,,,,,,,unassigned,,,,,,,,,,,,
1393,567,331.0956986494496,331.0953624342433,,2455160.7816949487,116.6447649820848,607653.2377472908,13.110419991649742,-1,,,,,,,,unassigned,,,,,,,,,,,,
1394,570,331.14989286924185,331.14955660118943,,19022965.621920038,175.6330551688773,658499.9569280738,100.00060135936131,-1,,,,,,,,unassigned,,,,,,,,,,,,
1395,572,332.028429317976,332.02809219325013,,1543768.3531506825,85.73343206474857,544714.9757672576,8.035762609234391,-1,,,,,,,,unassigned,,,,,,,,,,,,
1396,573,332.15324479130544,332.1529075448716,,3504064.9992171484,149.3007976443193,653549.0503374408,18.886041077623513,-1,,,,,,,,unassigned,,,,,,,,,,,,
1397,574,332.751034033442,332.7506962041065,,4455347.665084157,81.35293230320801,658308.4222615852,23.21975583802654,-1,,,,,,,,unassigned,,,,,,,,,,,,
1398,575,332.7729298259534,332.7725919752675,,2161102.9116158136,55.80445671311722,682889.3400150853,11.471284335039742,-1,,,,,,,,unassigned,,,,,,,,,,,,
1399,576,332.8360784601205,332.83574054785913,,1702541.9404911133,68.47505229582586,607864.2519236271,9.089873425802287,-1,,,,,,,,unassigned,,,,,,,,,,,,
1400,579,333.07501773930994,333.0746795940625,,1874417.619436021,149.9019327691094,581367.5601140864,9.82282026412383,-1,,,,,,,,unassigned,,,,,,,,,,,,
1401,580,333.11137528051074,333.1110370998117,,10038642.055580806,103.57230054319936,655783.1703051735,52.81481653883539,-1,,,,,,,,unassigned,,,,,,,,,,,,
1402,582,334.7699179130658,334.7695781151822,,1857831.078901436,131.97243318823558,552322.104413932,9.64957828415692,-1,,,,,,,,unassigned,,,,,,,,,,,,
1403,583,334.77087865014676,334.7705388513263,,5034075.855968697,134.6700857966818,607313.8459787281,26.59930707799643,-1,,,,,,,,unassigned,,,,,,,,,,,,
1404,584,334.87506180555124,334.87472190514757,,2355710.8992328993,97.10450780851058,559744.9540070051,12.353485802255856,-1,,,,,,,,unassigned,,,,,,,,,,,,
1405,590,335.09063142382814,335.09029131323524,,2313713.335045336,42.75576253437008,640473.3917282372,12.12427333645348,-1,,,,,,,,unassigned,,,,,,,,,,,,
1406,591,335.10844466462413,335.1081045366626,,4419671.082670776,103.13799382852471,677533.7581081155,23.150459046039774,-1,,,,,,,,unassigned,,,,,,,,,,,,
1407,593,335.1270416438732,335.1267014977789,,3455669.4215557897,159.60186944452096,637622.2849187006,18.6061886484462,-1,,,,,,,,unassigned,,,,,,,,,,,,
1408,594,335.1633817206825,335.1630415391553,,2592865.5685351524,102.76168665755208,620405.9770527878,13.654133282622816,-1,,,,,,,,unassigned,,,,,,,,,,,,
1409,596,336.15865963837774,336.1583184864281,,16182458.623774266,122.68418148227735,648002.2527917612,86.45041326471865,-1,,,,,,,,unassigned,,,,,,,,,,,,
1410,597,336.16991718311766,336.1695760201917,,1916476.8020101865,82.52069552988885,548681.2220051795,10.193291575129994,-1,,,,,,,,unassigned,,,,,,,,,,,,
1411,598,336.2678395937699,336.2674983353682,,3063774.070637343,127.41500102472182,649414.4184787859,16.386026043639482,-1,,,,,,,,unassigned,,,,,,,,,,,,
1412,599,336.718635219948,336.7182935220166,,2250749.923781725,141.71170981233502,616375.3098642413,11.715155737608546,-1,,,,,,,,unassigned,,,,,,,,,,,,
1413,600,336.7679333608432,336.76759161484597,,2143740.021276806,46.18092431560095,712379.0199901011,11.146122464948002,-1,,,,,,,,unassigned,,,,,,,,,,,,
1414,601,336.7688479158506,336.7685061689616,,2385396.7623678646,78.17429764666944,659579.8051956409,12.526727782222766,-1,,,,,,,,unassigned,,,,,,,,,,,,
1415,605,337.1063055597695,337.1059634838597,,3050808.8450830616,98.64249894108531,654478.7008903092,15.962249508028115,-1,,,,,,,,unassigned,,,,,,,,,,,,
1416,607,337.14271007140144,337.1423679599974,,3039890.1104952185,89.40775617642063,677821.652688476,16.058198912317483,-1,,,,,,,,unassigned,,,,,,,,,,,,
1417,609,338.1557203677058,338.1553772686331,,5524479.2605466265,208.2004901357493,663789.562959446,29.26456830825659,-1,,,,,,,,unassigned,,,,,,,,,,,,
1418,610,338.7156915833297,338.7153479383036,,3363385.2402784238,139.86886278248983,640396.2393228413,18.171751067913792,-1,,,,,,,,unassigned,,,,,,,,,,,,
1419,611,338.7659168535427,338.765573159549,,2019072.9895218043,119.52251291456412,550637.607508373,10.574423931057197,-1,,,,,,,,unassigned,,,,,,,,,,,,
1420,612,338.8876766679109,338.8873328552064,,2060911.27391464,128.55064608816593,619757.5373188269,10.902251062379197,-1,,,,,,,,unassigned,,,,,,,,,,,,
1421,613,338.9336769392276,338.93333308167485,,1806828.221777887,43.88567660256267,609579.4939949564,9.429694232660458,-1,,,,,,,,unassigned,,,,,,,,,,,,
1422,617,339.12194615285824,339.12160211175166,,2176152.7606980577,242.41980166950484,629686.584357055,11.335356012296474,-1,,,,,,,,unassigned,,,,,,,,,,,,
1423,619,339.1583163177,339.1579722411342,,1649647.1591740658,51.39066817579589,698881.8807802666,8.610126404355457,-1,,,,,,,,unassigned,,,,,,,,,,,,
1424,621,340.7111911447342,340.710845554217,,1683482.4127057188,188.58721174680207,551252.9529388114,8.795362059858538,-1,,,,,,,,unassigned,,,,,,,,,,,,
1425,622,340.71275858848725,340.7124129964419,,2970793.480112199,88.56001162999357,662806.4165013017,15.482502486581287,-1,,,,,,,,unassigned,,,,,,,,,,,,
1426,623,340.73679574187366,340.7364501263941,,2554906.462862867,113.81782404874137,566335.8420232441,13.372948222830368,-1,,,,,,,,unassigned,,,,,,,,,,,,
1427,624,340.8855845870086,340.88523882647246,,3114994.103926628,45.16042994140737,719806.5096590435,16.266089288277776,-1,,,,,,,,unassigned,,,,,,,,,,,,
1428,626,341.0230780583922,341.0227321638119,,1596639.0510335832,83.18754174908447,608356.2096639705,8.543494873598952,-1,,,,,,,,unassigned,,,,,,,,,,,,
1429,630,341.1375990748864,341.1372530686584,,3381643.7247649385,176.9542157849479,563757.9934435948,17.806610279368147,-1,,,,,,,,unassigned,,,,,,,,,,,,
1430,633,342.12483441237254,342.1244874436907,,2278458.0348627525,152.67205854879725,544293.7094226677,12.10428387722653,-1,,,,,,,,unassigned,,,,,,,,,,,,
1431,634,342.7338511761228,342.7335036137222,,4792120.917247387,252.1323735180652,600322.7736894214,25.088103960438914,-1,,,,,,,,unassigned,,,,,,,,,,,,
1432,635,342.76140617096894,342.76105858170564,,5117874.557671121,173.9696618156807,635689.270168574,26.865833201022443,-1,,,,,,,,unassigned,,,,,,,,,,,,
1433,636,342.85681994708415,342.85647226480455,,1625024.7326065185,110.67581857352155,519449.74901155545,8.466202297921408,-1,,,,,,,,unassigned,,,,,,,,,,,,
1434,637,342.8836205753016,342.88327286689486,,1585471.9421948856,60.39193010608874,664020.340587189,8.576810638977205,-1,,,,,,,,unassigned,,,,,,,,,,,,
1435,638,343.00980957065434,343.0094617392297,,1811023.1338215736,75.4311211653203,483080.6396271688,9.416367926509157,-1,,,,,,,,unassigned,,,,,,,,,,,,
1436,641,343.085074908774,343.0847270039756,,1612123.0718156002,48.75530286594592,733014.9192608789,8.434219163158286,-1,,,,,,,,unassigned,,,,,,,,,,,,
1437,644,343.16851174225764,343.16816375611955,,2515176.03180963,126.62150430785701,655166.9947268245,13.147733648873384,-1,,,,,,,,unassigned,,,,,,,,,,,,
1438,646,343.19895011958704,343.19860210377567,,1788497.574630548,54.69268630282326,646939.8659964473,9.331079567140831,-1,,,,,,,,unassigned,,,,,,,,,,,,
1439,649,344.2132139531131,344.21286494854314,,3124381.376967919,167.76825656838355,571423.0701460295,16.569929068527433,-1,,,,,,,,unassigned,,,,,,,,,,,,
1440,650,344.7308941309918,344.7305446217681,,4382971.516863902,108.9428102554582,591256.1592429114,22.8812676617835,-1,,,,,,,,unassigned,,,,,,,,,,,,
1441,651,344.7593373935489,344.7589878565978,,12939664.219379311,164.22567448125676,641830.4918612087,68.29465376418642,-1,,,,,,,,unassigned,,,,,,,,,,,,
1442,652,344.8709118456139,344.8705621998967,,4908576.611773095,129.81226018556796,641825.2571194303,25.591838332958087,-1,,,,,,,,unassigned,,,,,,,,,,,,
1443,655,345.0361646898376,345.03581488302757,,1707915.9844743938,139.85231029578034,462367.95000265446,8.951946157136323,-1,,,,,,,,unassigned,,,,,,,,,,,,
1444,660,345.14775595487106,345.1474060392792,,7701074.056961803,207.99680393246163,641253.9437037472,40.71986107591477,-1,,,,,,,,unassigned,,,,,,,,,,,,
1445,664,346.2101975515963,346.20984660032474,,1863183.9698305475,156.9331498560139,570855.6209423302,9.896114947955985,-1,,,,,,,,unassigned,,,,,,,,,,,,
1446,665,346.7386072887403,346.73825582237816,,2092643.0106574784,48.72786332334353,670172.4021218846,10.908914215454848,-1,,,,,,,,unassigned,,,,,,,,,,,,
1447,666,346.7572949165479,346.7569434319693,,13723678.38258299,69.4618486820123,628677.9478477315,71.58891664478797,-1,,,,,,,,unassigned,,,,,,,,,,,,
1448,667,346.86795141682944,346.8675998243844,,3051408.304943488,54.44663794840446,701426.316772806,16.0102242101728,-1,,,,,,,,unassigned,,,,,,,,,,,,
1449,668,346.8790402694269,346.8786886661726,,66816318.851551525,63.24660692245068,639938.5623806566,347.55006442592526,-1,,,,,,,,unassigned,,,,,,,,,,,,
1450,672,347.0906585139606,347.0903067044244,,5301954.846335702,48.55492161143345,681220.2360463373,27.590784255653208,-1,,,,,,,,unassigned,,,,,,,,,,,,
1451,674,347.1270591421764,347.12670729715757,,2263990.833010352,94.17650288048767,569577.7166867161,12.007001842322035,-1,,,,,,,,unassigned,,,,,,,,,,,,
1452,676,347.1447922783505,347.14444041604577,,2789438.7766648773,96.36018489993062,648401.6110898696,14.515012659996847,-1,,,,,,,,unassigned,,,,,,,,,,,,
1453,677,347.16337946882936,347.1630275884063,,2193610.855962947,140.00701509603846,592019.7908028382,11.488608533036432,-1,,,,,,,,unassigned,,,,,,,,,,,,
1454,678,347.878605860512,347.8782532829067,,12937777.055915818,167.49950270416005,630495.4522914225,67.80424569781854,-1,,,,,,,,unassigned,,,,,,,,,,,,
1455,680,348.73654903316196,348.73619561927285,,2843170.36271394,155.2169535246184,573158.6796682433,14.88015344854249,-1,,,,,,,,unassigned,,,,,,,,,,,,
1456,681,348.7552579260342,348.7549044939086,,4145497.0575090074,119.9907468606564,656970.4533043497,21.62592962233096,-1,,,,,,,,unassigned,,,,,,,,,,,,
1457,682,348.87613224994163,348.8757786999946,,19692715.928780075,196.97109473379004,625843.6031421646,103.1989148356735,-1,,,,,,,,unassigned,,,,,,,,,,,,
1458,683,348.8833149379058,348.88296138095757,,2024535.251168473,127.8840724093223,552881.1539771496,10.529114490142774,-1,,,,,,,,unassigned,,,,,,,,,,,,
1459,685,349.05549021075313,349.0551364859787,,18673298.773551412,121.83093500673114,634012.009340758,97.23939072481178,-1,,,,,,,,unassigned,,,,,,,,,,,,
1460,688,349.1063131686894,349.10595939437593,,69672108.19332482,153.4623673555281,636420.6041227132,364.1386503230645,-1,,,,,,,,unassigned,,,,,,,,,,,,
1461,690,349.14271524227223,349.1423614324763,,2665584.7704814523,120.40351961373928,626558.0219809874,14.264478104352392,-1,,,,,,,,unassigned,,,,,,,,,,,,
1462,691,349.87567583641044,349.8753213121769,,4192975.965829997,94.95863508490729,628891.1297327395,22.345550154501208,-1,,,,,,,,unassigned,,,,,,,,,,,,
1463,692,350.0283541404159,350.0279994673639,,1702120.537529978,76.73138229744619,641705.7118122338,9.00058717458857,-1,,,,,,,,unassigned,,,,,,,,,,,,
1464,697,350.1855824036981,350.1852275773933,,1927599.2618987106,111.42660191144267,566553.3019313075,10.28391045695884,-1,,,,,,,,unassigned,,,,,,,,,,,,
1465,698,350.87301041598937,350.872654919644,,2771058.119818152,106.99199433084183,630767.6574881014,14.536334749838929,-1,,,,,,,,unassigned,,,,,,,,,,,,
1466,700,351.0347962787917,351.03444062475404,,3788530.0602953834,108.86161403855976,584092.8855991052,19.96547187587888,-1,,,,,,,,unassigned,,,,,,,,,,,,
1467,702,351.0525791525228,351.0522234811522,,5116499.676604887,215.78071420247144,587443.0355965095,27.369567573541612,-1,,,,,,,,unassigned,,,,,,,,,,,,
1468,704,351.0855904436097,351.0852347400632,,1599622.7816807677,134.4622493710689,549171.8847503194,8.3329392364084,-1,,,,,,,,unassigned,,,,,,,,,,,,
1469,705,351.1033568892158,351.10300116835236,,21655162.61537782,77.27945919200408,626924.5549651041,112.64460063571553,-1,,,,,,,,unassigned,,,,,,,,,,,,
1470,707,351.1219900459441,351.1216343069191,,3731791.9967056247,83.55811440941403,609219.8511140848,19.610992132254278,-1,,,,,,,,unassigned,,,,,,,,,,,,
1471,708,351.13480583247866,351.1344500809622,,6317990.050807271,61.15588966897445,597753.9661310951,32.88399305894989,-1,,,,,,,,unassigned,,,,,,,,,,,,
1472,710,351.1583355019681,351.15797972751744,,1873813.9934079743,60.95936789479906,629119.7166916825,9.758853994597587,-1,,,,,,,,unassigned,,,,,,,,,,,,
1473,711,352.1067047114831,352.1063480126732,,3844257.7923527467,76.964203084528,617030.4051275881,19.99212448818148,-1,,,,,,,,unassigned,,,,,,,,,,,,
1474,716,353.1318471494937,353.13148945151687,,2727643.9310388295,152.25669231131903,586212.5445956244,14.184520267444588,-1,,,,,,,,unassigned,,,,,,,,,,,,
1475,717,353.1376353510243,353.137277647406,,4154329.9397662277,157.93132337966017,581899.1956548684,21.72187902662033,-1,,,,,,,,unassigned,,,,,,,,,,,,
1476,724,355.15326168790904,355.1529020198034,,1855781.5867774058,134.95440838318507,609567.6429158753,9.64291513108127,-1,,,,,,,,unassigned,,,,,,,,,,,,
1477,726,356.0284114699779,356.02805094895336,,1700348.462604875,107.6615118106105,458487.68615083623,9.047229246118123,-1,,,,,,,,unassigned,,,,,,,,,,,,
1478,733,358.0257510959167,358.02538862835144,,1746426.9067167628,103.09559695429007,673680.4338040085,9.14451128102262,-1,,,,,,,,unassigned,,,,,,,,,,,,
1479,736,358.7401760077964,358.73981284399724,,2240959.2797182486,175.61416954220346,586549.678336808,11.813770403128173,-1,,,,,,,,unassigned,,,,,,,,,,,,
1480,737,358.88652315977754,358.88615985335895,,2457178.8719636295,68.54569699434641,658088.759530897,13.161059955024685,-1,,,,,,,,unassigned,,,,,,,,,,,,
1481,745,360.7372600720574,360.7368949620831,,2010215.3397596218,35.236451554799935,669796.1003247751,10.506459769685563,-1,,,,,,,,unassigned,,,,,,,,,,,,
1482,746,360.8836483196446,360.88328306701715,,2129866.3225046406,147.6971135548488,498961.12921656703,11.11147406895462,-1,,,,,,,,unassigned,,,,,,,,,,,,
1483,747,360.894700556831,360.89433529343336,,35918083.78560484,90.0283973316454,605622.5553030442,191.89880857873175,-1,,,,,,,,unassigned,,,,,,,,,,,,
1484,749,361.03110896534673,361.0307435690215,,1585469.3327317294,48.01667070836521,548972.3387191906,8.33826975886892,-1,,,,,,,,unassigned,,,,,,,,,,,,
1485,752,361.14267596968443,361.14231046463954,,2172411.5222978266,121.07660745759883,559146.6822633127,11.46595381257922,-1,,,,,,,,unassigned,,,,,,,,,,,,
1486,755,361.89425953990855,361.893893302468,,7002251.7965678675,163.86914337437545,607647.2339114599,37.00981744339262,-1,,,,,,,,unassigned,,,,,,,,,,,,
1487,757,362.7601715838439,362.759804502613,,1962480.2395605403,113.37286764174783,584001.1728984002,10.505127139070433,-1,,,,,,,,unassigned,,,,,,,,,,,,
1488,758,362.8917704942955,362.89140328482915,,9924939.019100748,114.17109922100798,583196.3440064874,51.6101184627578,-1,,,,,,,,unassigned,,,,,,,,,,,,
1489,762,363.08553229314344,363.08516489486817,,2048420.383057801,100.23150778831892,589203.9154435279,10.695693317034035,-1,,,,,,,,unassigned,,,,,,,,,,,,
1490,764,363.1220042021625,363.1216367683477,,2968763.4001214704,275.8926187565548,472150.1220143066,15.757024393298083,-1,,,,,,,,unassigned,,,,,,,,,,,,
1491,766,363.15831183962314,363.1579443704289,,2430684.01338251,102.42387758494372,666287.4460256568,12.675982411117335,-1,,,,,,,,unassigned,,,,,,,,,,,,
1492,767,363.8913424131025,363.89097422962357,,2277360.8125008126,91.58246817620146,630586.0222700904,11.887065086960327,-1,,,,,,,,unassigned,,,,,,,,,,,,
1493,768,364.0258971603364,364.02552884574493,,1875906.297872453,67.4697340294142,578296.8628188425,9.78817186813045,-1,,,,,,,,unassigned,,,,,,,,,,,,
1494,769,364.75720846942926,364.7568394422421,,4277859.998610065,110.78086072535376,608439.3490479675,22.300240713586785,-1,,,,,,,,unassigned,,,,,,,,,,,,
1495,770,364.88961427261637,364.8892451164131,,1596009.4758332518,141.72387381066056,594223.4733763143,8.3196129302571,-1,,,,,,,,unassigned,,,,,,,,,,,,
1496,775,365.10127852293954,365.10090916049165,,3727963.381852308,89.09541183236692,602081.9020354323,19.46706802582023,-1,,,,,,,,unassigned,,,,,,,,,,,,
1497,777,365.1376157850818,365.13724638722715,,3964442.1263200585,118.12151060689395,609107.802312143,20.9542837923054,-1,,,,,,,,unassigned,,,,,,,,,,,,
1498,779,365.17402127968677,365.1736518463589,,1940573.0853029706,197.73080367879504,558843.377932683,10.13865371990966,-1,,,,,,,,unassigned,,,,,,,,,,,,
1499,780,366.75420736025455,366.7538363872339,,4016831.711988312,128.5391711399393,585165.6721248659,20.92230065754228,-1,,,,,,,,unassigned,,,,,,,,,,,,
1500,785,367.15326473247745,367.1528933706341,,2183376.8992222385,96.81566204694921,598071.0653690728,11.723151521299327,-1,,,,,,,,unassigned,,,,,,,,,,,,
1501,786,368.0708803939541,368.0705081380421,,1542293.0872391458,157.1405257492138,505931.57013992436,8.060416275614298,-1,,,,,,,,unassigned,,,,,,,,,,,,
1502,787,368.09119088236685,368.0908186066658,,3106436.4457746064,110.85943290584758,591076.424009184,16.162144100297628,-1,,,,,,,,unassigned,,,,,,,,,,,,
1503,788,368.7512233659311,368.7508504471462,,1582419.1555583922,208.63981980990377,472574.1059424356,8.294292948569627,-1,,,,,,,,unassigned,,,,,,,,,,,,
1504,789,369.0361331847597,369.035759988384,,1582019.3800128268,257.81410140887607,440481.7469419548,8.272304543419981,-1,,,,,,,,unassigned,,,,,,,,,,,,
1505,795,370.0882374747409,370.08786325330317,,3377570.824839668,78.7886663196544,602721.6702848279,17.6626861729341,-1,,,,,,,,unassigned,,,,,,,,,,,,
1506,796,370.1228644969497,370.12249024177544,,1944527.0149392756,109.37533125814322,480958.26261407835,10.12932530560375,-1,,,,,,,,unassigned,,,,,,,,,,,,
1507,797,370.86912978791463,370.8687548056714,,15765677.887349477,185.88317053622825,597418.8933416813,82.24996156582863,-1,,,,,,,,unassigned,,,,,,,,,,,,
1508,803,371.14813988284584,371.14776462877256,,1796974.5869669814,160.45249300095168,511296.9299109856,9.384384791746035,-1,,,,,,,,unassigned,,,,,,,,,,,,
1509,806,371.86870646702454,371.8683305109357,,3968629.6110384674,61.23732886256617,558358.7143431645,20.703749236660947,-1,,,,,,,,unassigned,,,,,,,,,,,,
1510,807,372.08521493113363,372.08483876411253,,1850755.0650353818,93.12402789659374,654815.0288762519,9.63491934739049,-1,,,,,,,,unassigned,,,,,,,,,,,,
1511,809,372.3042748203236,372.30389843988553,,2263878.5391878197,109.78350427379034,561591.63634667,11.805774619437392,-1,,,,,,,,unassigned,,,,,,,,,,,,
1512,810,372.7542867655488,372.75390994669425,,3781428.718224396,189.66896466272868,528389.6489420225,20.002785533102525,-1,,,,,,,,unassigned,,,,,,,,,,,,
1513,811,372.86597009934644,372.86559317168695,,3294151.7891748166,113.3308693079,583430.0227343214,17.150956016724148,-1,,,,,,,,unassigned,,,,,,,,,,,,
1514,813,373.03110487996634,373.0307277914286,,2085100.9924179856,164.58603807320048,494412.34919323865,11.010194142204734,-1,,,,,,,,unassigned,,,,,,,,,,,,
1515,820,374.75221023164875,374.75183146640376,,3174916.7186128115,121.62006460557461,592700.348237742,16.81779836294163,-1,,,,,,,,unassigned,,,,,,,,,,,,
1516,821,374.7699564257482,374.76957764321514,,3262039.515665354,108.44313153428456,584416.1229232633,17.201595980099093,-1,,,,,,,,unassigned,,,,,,,,,,,,
1517,822,374.91037223899156,374.90999331966776,,9272082.00523667,158.27757504102874,585091.0218215308,49.92567336523337,-1,,,,,,,,unassigned,,,,,,,,,,,,
1518,825,375.08557841039584,375.08519932038973,,1777504.6983423817,130.67107894958838,552714.8372309476,9.263115405769197,-1,,,,,,,,unassigned,,,,,,,,,,,,
1519,830,375.90990991905073,375.9095300260063,,2296885.984411873,131.8166174427359,541829.3250046439,12.173580669213294,-1,,,,,,,,unassigned,,,,,,,,,,,,
1520,831,376.7045691214992,376.7041884543362,,3759428.360711337,57.9127774067442,576195.7042427802,19.58700478118194,-1,,,,,,,,unassigned,,,,,,,,,,,,
1521,832,376.7224939572126,376.72211327258816,,2631453.2497706246,271.13507016906857,606595.2750035141,13.691446939846458,-1,,,,,,,,unassigned,,,,,,,,,,,,
1522,833,376.7679272531741,376.76754652429116,,2681178.05218877,44.241903915828786,651482.4798719138,14.39507590463514,-1,,,,,,,,unassigned,,,,,,,,,,,,
1523,834,376.907473991153,376.907093126332,,2070382.512218025,59.617727905605776,532444.9949190493,10.875598450076595,-1,,,,,,,,unassigned,,,,,,,,,,,,
1524,838,377.1012811110874,377.1009000574718,,2074136.4879052704,52.29106511724662,586878.5749048529,11.082156195421758,-1,,,,,,,,unassigned,,,,,,,,,,,,
1525,840,377.137646356851,377.1372652678108,,2864051.938996146,144.88352007964696,602362.2756715794,14.912136583305612,-1,,,,,,,,unassigned,,,,,,,,,,,,
1526,841,377.1739562250992,377.17357510068825,,1696571.8951128381,58.98127020068851,684767.521671229,8.904637770299205,-1,,,,,,,,unassigned,,,,,,,,,,,,
1527,842,378.0414725491786,378.0410905796994,,1719993.5860264944,189.59038888454407,549631.689769602,8.98193034597675,-1,,,,,,,,unassigned,,,,,,,,,,,,
1528,844,378.70161201585614,378.70122940333033,,8697028.768413803,139.84617296806545,598746.4217693643,45.33609352672537,-1,,,,,,,,unassigned,,,,,,,,,,,,
1529,845,378.72038699394824,378.72000436313374,,9192702.104063926,155.9870503268172,590311.7038835892,48.043998936669695,-1,,,,,,,,unassigned,,,,,,,,,,,,
1530,846,378.9053045836793,378.904921772737,,1618945.5543268006,129.31967068533461,632968.1050800652,8.50484858576018,-1,,,,,,,,unassigned,,,,,,,,,,,,
1531,850,379.11684438698177,379.1164613699799,,2147601.2190426374,79.14537938085415,541226.447249698,11.26872448153997,-1,,,,,,,,unassigned,,,,,,,,,,,,
1532,852,379.1532939931138,379.15291094060666,,2907099.4847631487,93.51568124457508,588834.463120607,15.173332183871109,-1,,,,,,,,unassigned,,,,,,,,,,,,
1533,853,379.18962697805813,379.18924389015945,,2017887.7739424154,103.64604876915237,595525.7544861842,10.551769210599986,-1,,,,,,,,unassigned,,,,,,,,,,,,
1534,854,380.18492280408867,380.18453874669325,,2599452.726171037,75.20995034157049,629675.1525620878,13.57950596817553,-1,,,,,,,,unassigned,,,,,,,,,,,,
1535,855,380.6986678594686,380.6982833016533,,8724780.69458455,50.53151334225785,593271.4422549568,45.65592487435659,-1,,,,,,,,unassigned,,,,,,,,,,,,
1536,856,380.71748842355174,380.7171038474041,,2953786.6285994835,89.61139842061712,636146.2994159358,15.399879388443221,-1,,,,,,,,unassigned,,,,,,,,,,,,
1537,857,380.71835330430736,380.71796872731727,,8583710.677083874,113.44716457872687,575790.4264240321,45.30944091442277,-1,,,,,,,,unassigned,,,,,,,,,,,,
1538,858,380.7360703062319,380.73568571198444,,4087742.671582491,75.79367660456279,626859.6619295836,22.05770194163311,-1,,,,,,,,unassigned,,,,,,,,,,,,
1539,863,381.13252509070963,381.1321401102946,,2690599.3091360503,120.75811276766132,530496.7967012584,14.167196069447897,-1,,,,,,,,unassigned,,,,,,,,,,,,
1540,864,381.1503037756311,381.14991877789873,,1564288.1009090997,100.48419593066369,518598.65319676977,8.252981399500595,-1,,,,,,,,unassigned,,,,,,,,,,,,
1541,866,381.1689098647708,381.16852484891524,,2843976.9842827697,206.75595015936722,554527.7409656144,14.87748818731223,-1,,,,,,,,unassigned,,,,,,,,,,,,
1542,868,382.6957399858842,382.69535348284927,,4577664.497595,102.08937330962945,586185.038017526,24.01933420710459,-1,,,,,,,,unassigned,,,,,,,,,,,,
1543,869,382.71541650301833,382.71502998081826,,2823904.007280374,19.785820501975795,568236.8539819951,14.982766005907507,-1,,,,,,,,unassigned,,,,,,,,,,,,
1544,870,382.7163103116815,382.71592378861084,,2980842.071561739,128.9590066904322,585790.571160345,15.54913401733779,-1,,,,,,,,unassigned,,,,,,,,,,,,
1545,871,382.72151509502373,382.7211285668836,,8361800.404068054,111.7802352127909,585859.1861600032,43.5610295473721,-1,,,,,,,,unassigned,,,,,,,,,,,,
1546,872,382.7340095311294,382.7336229908194,,4801040.066277298,85.83492335335768,599605.7283259626,25.06411660936657,-1,,,,,,,,unassigned,,,,,,,,,,,,
1547,878,384.69282345989126,384.69243501171167,,1755212.3267954234,69.22063439700815,549773.4661605939,9.349736395752652,-1,,,,,,,,unassigned,,,,,,,,,,,,
1548,879,384.71855708211467,384.7181686088712,,19512565.716222998,91.12414463106245,579459.8082932254,102.21809870293777,-1,,,,,,,,unassigned,,,,,,,,,,,,
1549,880,384.73110503610815,384.73071655064336,,1567919.8665242293,112.46012625777112,525844.6166900285,8.26297612911407,-1,,,,,,,,unassigned,,,,,,,,,,,,
1550,881,384.8847951440782,384.8844065089241,,7125499.145601222,209.45370796535713,564642.8003890848,37.72943797556287,-1,,,,,,,,unassigned,,,,,,,,,,,,
1551,882,385.0118401794426,385.01145142055094,,2007238.1593372258,67.2940223084772,567137.0636698453,10.505127139070433,-1,,,,,,,,unassigned,,,,,,,,,,,,
1552,890,385.8843693913969,385.8839797827011,,2104319.8865464865,148.85693274975438,609294.4064389582,10.94756050329362,-1,,,,,,,,unassigned,,,,,,,,,,,,
1553,891,386.0389028470656,386.0385130878629,,1726466.5560383617,172.87168854301837,470501.7796880265,9.16849863209496,-1,,,,,,,,unassigned,,,,,,,,,,,,
1554,892,386.71562236933335,386.7152319510498,,18205038.02988834,200.30667930460356,567555.4173690294,96.11998100810251,-1,,,,,,,,unassigned,,,,,,,,,,,,
1555,897,387.08553968986087,387.08514891130613,,1794119.5573222274,136.7198712277977,449190.2864463913,9.365727963134212,-1,,,,,,,,unassigned,,,,,,,,,,,,
1556,899,387.12149882220166,387.12110800862564,,2340698.809163049,89.89096694569683,492459.4559438269,12.28285637965396,-1,,,,,,,,unassigned,,,,,,,,,,,,
1557,904,388.7126710516867,388.7122786884651,,11307446.319809815,101.16592681843811,580266.9975277915,58.86495953152596,-1,,,,,,,,unassigned,,,,,,,,,,,,
1558,905,388.92605346135787,388.9256608903269,,1571399.9369970819,159.84225284187045,467144.22833998385,8.226995102505558,-1,,,,,,,,unassigned,,,,,,,,,,,,
1559,910,389.1185338983691,389.11814113988567,,2745837.2944705887,78.78372005038959,535473.2283246487,14.468370588467295,-1,,,,,,,,unassigned,,,,,,,,,,,,
1560,913,390.70970884260095,390.7093145345378,,3876440.6775667784,99.02145409392594,578262.1697289459,20.170696990608914,-1,,,,,,,,unassigned,,,,,,,,,,,,
1561,917,391.1169105774492,391.11651587283774,,2718507.937578939,50.693903906401864,502488.95852604246,14.192516051135367,-1,,,,,,,,unassigned,,,,,,,,,,,,
1562,919,391.1532587510156,391.1528640110071,,2504101.397879682,135.01057047570598,590743.8731631333,13.177051522406247,-1,,,,,,,,unassigned,,,,,,,,,,,,
1563,921,391.6066161091854,391.6062209276852,,5662378.85258573,125.97390618985821,538430.807950314,29.91489204844007,-1,,,,,,,,unassigned,,,,,,,,,,,,
1564,922,392.0389434007794,392.03854779827117,,1724491.215735288,116.08291294570745,509562.83336834935,9.065886074729944,-1,,,,,,,,unassigned,,,,,,,,,,,,
1565,927,393.1325965363978,393.13219986888873,,1940893.5955353396,116.45899634069362,497591.5352878704,10.12399478314323,-1,,,,,,,,unassigned,,,,,,,,,,,,
1566,929,393.1689656790796,393.16856897615463,,3741417.4788951715,224.32525327143384,575348.7812653685,19.46973328705049,-1,,,,,,,,unassigned,,,,,,,,,,,,
1567,935,395.1482108237709,395.1478121935214,,2061594.363106002,92.46363033011626,613347.9108009103,10.820960594856261,-1,,,,,,,,unassigned,,,,,,,,,,,,
1568,938,395.60041971427654,395.6000206436926,,8733515.137054998,203.14947303664337,533613.3719416435,46.76467354614482,-1,,,,,,,,unassigned,,,,,,,,,,,,
1569,939,396.0941253736542,396.0937258223337,,1549018.806864216,152.5717460728947,461987.1175276995,8.079073104226119,-1,,,,,,,,unassigned,,,,,,,,,,,,
1570,940,396.67268655372084,396.67228643904394,,1586364.3677578357,62.7467230754791,515969.38334210764,8.43755073969611,-1,,,,,,,,unassigned,,,,,,,,,,,,
1571,945,397.163842223804,397.1634416308849,,2343512.138467608,98.08341690727723,542168.6286869195,12.204231173361286,-1,,,,,,,,unassigned,,,,,,,,,,,,
1572,948,398.02062126825285,398.02021984109354,,2032245.3461555676,96.2138680190079,487609.53435490385,10.706354361955075,-1,,,,,,,,unassigned,,,,,,,,,,,,
1573,949,398.1227491132448,398.1223475866453,,1813560.6957060278,102.07903388610382,509916.46240819094,9.443020538811757,-1,,,,,,,,unassigned,,,,,,,,,,,,
1574,950,398.900465220366,398.9000629365247,,1749269.1138107567,176.72442897127445,477300.5887187365,9.107863939106542,-1,,,,,,,,unassigned,,,,,,,,,,,,
1575,960,399.2391149906288,399.2387123770572,,1724123.8448823432,98.34480464481223,579180.468028629,9.087208164572026,-1,,,,,,,,unassigned,,,,,,,,,,,,
1576,961,399.59421821763226,399.5938152583128,,3817585.1667819335,71.37621539927432,571836.4370801477,19.898840345122377,-1,,,,,,,,unassigned,,,,,,,,,,,,
1577,963,400.69249731301505,400.69209328436864,,3645088.047477847,151.51486559738962,550356.3165377765,19.09659671481407,-1,,,,,,,,unassigned,,,,,,,,,,,,
1578,966,401.0442829178036,401.0438785466507,,1703092.7372500328,106.11321146592154,580007.6889935392,8.861993590615041,-1,,,,,,,,unassigned,,,,,,,,,,,,
1579,973,402.68959769382536,402.6891917207914,,3277301.4056943036,182.6846119146779,542134.8200192827,17.569402029874993,-1,,,,,,,,unassigned,,,,,,,,,,,,
1580,982,404.6865713919925,404.68616347478013,,1766679.1941120622,81.40268866789647,613894.9781230042,9.311090107913879,-1,,,,,,,,unassigned,,,,,,,,,,,,
1581,983,404.83770978333956,404.83730171898804,,8550991.794767391,152.27482583351338,542246.1589750467,44.68576978654189,-1,,,,,,,,unassigned,,,,,,,,,,,,
1582,988,405.1325523111407,405.13214395974984,,1845742.642383716,73.04750697797914,580919.8927901194,9.769515039518627,-1,,,,,,,,unassigned,,,,,,,,,,,,
1583,990,405.16892169701845,405.1685133102209,,1880332.334820728,146.11329318362732,532508.2366797696,9.825485525354091,-1,,,,,,,,unassigned,,,,,,,,,,,,
1584,991,405.8372805929403,405.8368715554798,,1553578.8559335566,62.49340313469564,397660.0757740329,8.195678283050002,-1,,,,,,,,unassigned,,,,,,,,,,,,
1585,992,406.03633702930676,406.035927798062,,1544426.3436618198,74.89482957308637,623186.4450440259,8.038427870464652,-1,,,,,,,,unassigned,,,,,,,,,,,,
1586,993,406.8347678881263,406.8343578796065,,6011778.229911595,127.93010144618343,525470.3142694898,31.492726696754087,-1,,,,,,,,unassigned,,,,,,,,,,,,
1587,994,406.845847039074,406.8454370197687,,3177847.1295415233,117.51534153405225,565130.1786326764,16.564598546066915,-1,,,,,,,,unassigned,,,,,,,,,,,,
1588,998,407.1117958201656,407.1113855419614,,1668826.9068867164,87.64676591449027,523304.56147577555,8.696747394338912,-1,,,,,,,,unassigned,,,,,,,,,,,,
1589,1000,407.1482086751692,407.1477983615176,,2626385.392255416,101.63659610859703,569814.709716279,13.774070037984522,-1,,,,,,,,unassigned,,,,,,,,,,,,
1590,1002,407.18464490190684,407.18423455278503,,2076497.09064327,79.26419883072103,551206.3039099405,11.083488826036888,-1,,,,,,,,unassigned,,,,,,,,,,,,
1591,1003,408.0293411933192,408.02893002190416,,2026306.1813033044,67.43110277375446,508615.02383868315,10.654381767965,-1,,,,,,,,unassigned,,,,,,,,,,,,
1592,1004,408.0657390689211,408.06532786207384,,1667174.8815856543,114.29235190364926,498860.71599263593,8.873320950843647,-1,,,,,,,,unassigned,,,,,,,,,,,,
1593,1007,409.09345772731734,409.0930455200301,,1831022.6278207325,51.12197698187305,647182.7312743585,9.613597257548408,-1,,,,,,,,unassigned,,,,,,,,,,,,
1594,1009,409.1275089919697,409.1270967515354,,2926507.7605091315,261.8285933484379,523802.3411832276,15.458515135508945,-1,,,,,,,,unassigned,,,,,,,,,,,,
1595,1011,409.16392706051226,409.16351478462695,,2872765.975022409,199.90807066960267,458677.1921204156,15.03873649174297,-1,,,,,,,,unassigned,,,,,,,,,,,,
1596,1012,409.20028122060233,409.1998689093283,,2250176.2986636492,134.56583981612977,486699.1883571755,11.833759862355123,-1,,,,,,,,unassigned,,,,,,,,,,,,
1597,1013,410.12284534452056,410.1224321351914,,1676962.373811055,151.63350788811536,423146.3312864584,8.732728420947424,-1,,,,,,,,unassigned,,,,,,,,,,,,
1598,1020,411.17946455077146,411.179050312916,,2513723.182376873,207.1198637108594,464006.7698408799,13.38627452898167,-1,,,,,,,,unassigned,,,,,,,,,,,,
1599,1022,412.0364164777606,412.0360014057551,,1552958.684224752,106.2957130961973,434817.20010922046,8.081072050148814,-1,,,,,,,,unassigned,,,,,,,,,,,,
1600,1032,414.0337764756643,414.0333594595062,,1844591.9945308056,147.14012675260992,492957.7872201193,9.710879292452903,-1,,,,,,,,unassigned,,,,,,,,,,,,
1601,1033,414.697170807098,414.69675314523664,,1904399.3507016678,95.80332065121925,478869.8300362787,10.123328467835664,-1,,,,,,,,unassigned,,,,,,,,,,,,
1602,1036,415.041612712787,415.0411947156728,,2022362.3303233972,75.34277447544844,515646.7982279023,10.64372072304396,-1,,,,,,,,unassigned,,,,,,,,,,,,
1603,1041,415.1527699019137,415.1523517966084,,2115823.196577361,114.97835121105345,436861.13980302145,11.026185709586294,-1,,,,,,,,unassigned,,,,,,,,,,,,
1604,1044,415.2201881170819,415.2197699461574,,1648050.9970510674,145.98092860177334,516928.90268681035,8.686086349417872,-1,,,,,,,,unassigned,,,,,,,,,,,,
1605,1053,417.14979352348286,417.14937347448625,,1779502.8288237334,95.34085252803014,580106.0544152188,9.275109081305366,-1,,,,,,,,unassigned,,,,,,,,,,,,
1606,1056,417.67334883952736,417.6729282809717,,2354767.349509653,82.4652513812461,590344.8610648775,12.276193226578311,-1,,,,,,,,unassigned,,,,,,,,,,,,
1607,1057,417.85189930909513,417.8514785767635,,1548389.4600204441,111.82695217793999,417037.8189794476,8.222997210660168,-1,,,,,,,,unassigned,,,,,,,,,,,,
1608,1058,418.84231713345804,418.84189543720544,,1646980.0806327038,200.99159365775174,454487.1564529958,8.587471683898245,-1,,,,,,,,unassigned,,,,,,,,,,,,
1609,1059,418.8533846139389,418.852962906915,,4319893.158121668,98.03713339629736,510085.1514414678,22.673377285823207,-1,,,,,,,,unassigned,,,,,,,,,,,,
1610,1064,419.14818335793245,419.1477613640008,,1918221.1429646139,110.06093806275301,501666.54017366935,9.99206435224535,-1,,,,,,,,unassigned,,,,,,,,,,,,
1611,1066,419.18466594490667,419.18424391546904,,1781935.4017046005,213.660406043877,441028.5739596871,9.375056377440123,-1,,,,,,,,unassigned,,,,,,,,,,,,
1612,1067,419.7086110784053,419.7081885390522,,1864682.3162169177,95.50061377382416,489404.0578210127,9.710879292452903,-1,,,,,,,,unassigned,,,,,,,,,,,,
1613,1068,420.6719964032955,420.6715729263689,,3310659.9770045443,65.88975078356589,464222.42176630726,17.63869882186176,-1,,,,,,,,unassigned,,,,,,,,,,,,
1614,1069,420.85039356073173,420.84996991018994,,2878753.260160103,105.17310099999827,483193.8694692397,15.124024851111296,-1,,,,,,,,unassigned,,,,,,,,,,,,
1615,1075,421.16388447156635,421.1634605159384,,2799502.447050794,105.98113724431674,490994.90453360137,14.69758305426967,-1,,,,,,,,unassigned,,,,,,,,,,,,
1616,1076,421.20022619426874,421.1998022032736,,2397753.360093369,70.32028572057114,558264.2049143452,12.485416233153734,-1,,,,,,,,unassigned,,,,,,,,,,,,
1617,1077,421.667053766918,421.66662932161546,,3221076.4148509623,234.2290956728042,439536.6748381118,16.96838562245133,-1,,,,,,,,unassigned,,,,,,,,,,,,
1618,1079,422.6699184968899,422.66949307563493,,10247794.247132469,84.4316293870121,526474.4416288172,54.13145558658391,-1,,,,,,,,unassigned,,,,,,,,,,,,
1619,1082,423.0743380929466,423.07391227813093,,71128649.88467196,179.7768093589254,526615.25552566,371.8998910255821,-1,,,,,,,,unassigned,,,,,,,,,,,,
1620,1087,423.1795027664342,423.17907684927815,,2067232.0400169143,56.64663466291036,628650.8735006311,10.77964904578723,-1,,,,,,,,unassigned,,,,,,,,,,,,
1621,1088,424.0739031430839,424.0734763555572,,16773815.281532839,119.76971656912517,508934.4941899989,88.60394433876886,-1,,,,,,,,unassigned,,,,,,,,,,,,
1622,1089,424.07769875074274,424.0772719595224,,7795833.475189588,280.0261242699436,509820.8887319365,41.39683742840085,-1,,,,,,,,unassigned,,,,,,,,,,,,
1623,1090,424.66788550120526,424.6674581356641,,15344747.693322103,127.92104339409823,521716.12798149936,80.94931408546167,-1,,,,,,,,unassigned,,,,,,,,,,,,
1624,1091,424.85642168551544,424.85599413650806,,19863092.218674865,59.473687720113325,532567.3661960273,103.39081364425225,-1,,,,,,,,unassigned,,,,,,,,,,,,
1625,1093,425.0261072110752,425.025679496946,,1626560.7073274697,103.50571892253667,452502.7177407974,8.67942319634222,-1,,,,,,,,unassigned,,,,,,,,,,,,
1626,1095,425.0713525765679,425.0709248184104,,24905426.414788716,147.69049748136314,485150.7021713608,131.0775473041948,-1,,,,,,,,unassigned,,,,,,,,,,,,
1627,1099,425.1588273441795,425.15839950090015,,1708613.6206522323,122.49448215316144,510536.1006385437,8.945949319368237,-1,,,,,,,,unassigned,,,,,,,,,,,,
1628,1101,425.85597155075396,425.8555430290887,,5146594.0450221,65.98058842393068,537884.6900801297,26.79387114780542,-1,,,,,,,,unassigned,,,,,,,,,,,,
1629,1102,426.0709502459636,426.07052151510624,,6229243.773382905,181.16591710694755,507367.6905244833,33.18783283919955,-1,,,,,,,,unassigned,,,,,,,,,,,,
1630,1104,426.11272628664807,426.1122975151393,,1793413.5155339867,112.24323808443994,446343.5833112599,9.325082729372745,-1,,,,,,,,unassigned,,,,,,,,,,,,
1631,1105,426.6658514848801,426.66542217513967,,9901590.337572875,192.0051175814871,519643.7308020451,52.244450635559716,-1,,,,,,,,unassigned,,,,,,,,,,,,
1632,1106,426.8534500683817,426.8530205760955,,6871486.778342255,133.85534384778185,464799.0335544942,36.45011258503799,-1,,,,,,,,unassigned,,,,,,,,,,,,
1633,1109,427.0682153059843,427.06778560471844,,2899918.6326003843,146.21621627991865,475501.9873584978,15.106700653114604,-1,,,,,,,,unassigned,,,,,,,,,,,,
1634,1115,428.12836837896384,428.12793764611837,,1550326.5791549862,184.68686913799925,550117.1470875166,8.090400464454724,-1,,,,,,,,unassigned,,,,,,,,,,,,
1635,1116,428.66379455750325,428.6633633036718,,2086160.7843444787,122.42909997454127,528552.8006386212,10.886259494997637,-1,,,,,,,,unassigned,,,,,,,,,,,,
1636,1117,428.8278788783839,428.82744746489465,,1876390.338132813,116.03384636617933,452782.9235467318,9.778177138516973,-1,,,,,,,,unassigned,,,,,,,,,,,,
1637,1128,429.2358645835061,429.23543277303986,,1549004.1816828328,180.81340593364735,453189.1344060149,8.165694094209574,-1,,,,,,,,unassigned,,,,,,,,,,,,
1638,1130,430.8359337048859,430.83550033756006,,8353649.177983918,225.51416713576813,506900.7544106286,44.078090226042576,-1,,,,,,,,unassigned,,,,,,,,,,,,
1639,1139,431.83547934217364,431.83504500232266,,2129857.5040442506,146.04870336767712,492397.76285888365,11.147455095563132,-1,,,,,,,,unassigned,,,,,,,,,,,,
1640,1140,432.83280072349226,432.83236541330166,,1541510.0346264995,137.46366209306296,442827.7094740569,8.01310788877718,-1,,,,,,,,unassigned,,,,,,,,,,,,
1641,1146,433.163843972346,433.163408340073,,1565962.690609713,67.97268712162544,516008.0501423257,8.246318246424945,-1,,,,,,,,unassigned,,,,,,,,,,,,
1642,1147,434.66324942393237,434.6628123328702,,2497354.7228955757,102.13111648219139,540282.7496530454,13.005142173054466,-1,,,,,,,,unassigned,,,,,,,,,,,,
1643,1152,435.143141766981,435.14270420903614,,1753917.075814499,130.6625919719778,413440.7122007816,9.136515497331839,-1,,,,,,,,unassigned,,,,,,,,,,,,
1644,1154,435.1795761829276,435.17913858953625,,2709847.7629385814,125.9468891714372,512929.8911412266,14.580311560138222,-1,,,,,,,,unassigned,,,,,,,,,,,,
1645,1155,436.6602939354696,436.6598549015345,,6724714.987696565,132.17813593896489,515577.0321024606,36.23955694784744,-1,,,,,,,,unassigned,,,,,,,,,,,,
1646,1158,437.0900574994015,437.08961804737174,,3049421.7153748334,106.61560857607736,520899.0662814269,15.923603220189344,-1,,,,,,,,unassigned,,,,,,,,,,,,
1647,1162,437.1952254496782,437.1947858953366,,1685899.7707047563,123.76439629140893,538910.2988586596,9.068551335960205,-1,,,,,,,,unassigned,,,,,,,,,,,,
1648,1163,438.0895435752243,438.0891031508619,,1625991.004422894,190.7078864138655,475297.42077816726,8.512178054143396,-1,,,,,,,,unassigned,,,,,,,,,,,,
1649,1164,438.657335177958,438.65689420123897,,9103381.725402111,202.96586454761373,499078.7640907178,48.0173463243671,-1,,,,,,,,unassigned,,,,,,,,,,,,
1650,1165,438.87208869331425,438.8716475076814,,12393405.300109569,105.612061418742,501844.2694855351,65.58141783178156,-1,,,,,,,,unassigned,,,,,,,,,,,,
1651,1171,439.87168358217053,439.87124142413757,,3189604.2292441884,193.30708365353271,448911.26689661515,16.66188058097141,-1,,,,,,,,unassigned,,,,,,,,,,,,
1652,1172,440.0313183028153,440.03087598949253,,2061805.931373299,94.79724703892005,425490.0983969388,10.754995379407323,-1,,,,,,,,unassigned,,,,,,,,,,,,
1653,1173,440.055644602823,440.05520226583616,,2000109.9198469587,124.95552978782594,487832.6938007322,10.48113978799809,-1,,,,,,,,unassigned,,,,,,,,,,,,
1654,1174,440.65437702563906,440.6539341062214,,5331609.501666863,229.07307359744803,476437.8534973985,28.28375217552085,-1,,,,,,,,unassigned,,,,,,,,,,,,
1655,1175,440.68020846688916,440.67976552234353,,4355551.270034186,116.43842963432644,524972.8295206588,23.22508636048706,-1,,,,,,,,unassigned,,,,,,,,,,,,
1656,1176,440.8690732402415,440.868630111975,,4243253.863420389,130.96200766698712,481428.741116522,22.270922840053924,-1,,,,,,,,unassigned,,,,,,,,,,,,
1657,1184,442.6513786537698,442.65093379177847,,2359957.5990844266,179.46176357555208,481788.9634881808,12.473422557617562,-1,,,,,,,,unassigned,,,,,,,,,,,,
1658,1185,442.67723470043654,442.6767898132944,,15332476.77014753,179.25335249974202,497286.72360424773,81.0879076694352,-1,,,,,,,,unassigned,,,,,,,,,,,,
1659,1196,444.67427217427166,444.6738253446079,,16984289.04190812,180.19365932786417,501289.3409064826,88.9557588211632,-1,,,,,,,,unassigned,,,,,,,,,,,,
1660,1197,444.8516390958902,444.85119209370555,,4100694.0519814687,107.30451693198611,518817.3202017002,21.500662344508736,-1,,,,,,,,unassigned,,,,,,,,,,,,
1661,1204,445.1274926003269,445.12704532982684,,1584989.878434327,119.45615349888975,499778.2549505043,8.264975075036766,-1,,,,,,,,unassigned,,,,,,,,,,,,
1662,1209,446.67133043995494,446.6708816678352,,12074238.158889934,172.87851956728164,497799.2800689418,63.92895586902027,-1,,,,,,,,unassigned,,,,,,,,,,,,
1663,1215,448.66843086531134,448.66798015078047,,4974421.528457854,145.07894748428168,496732.9118947731,25.8716907621354,-1,,,,,,,,unassigned,,,,,,,,,,,,
1664,1216,448.84652280393755,448.84607191619585,,12885158.587486979,221.27811684402712,476093.8420661903,69.2861309418432,-1,,,,,,,,unassigned,,,,,,,,,,,,
1665,1221,449.1740358253772,449.1735846191006,,2413317.296340979,141.51609041917573,447482.01425581356,12.863883327850676,-1,,,,,,,,unassigned,,,,,,,,,,,,
1666,1223,449.1951903904467,449.1947391635956,,2501114.6172160683,231.11318886396754,448055.19740668853,12.997146389363685,-1,,,,,,,,unassigned,,,,,,,,,,,,
1667,1224,449.84609861450576,449.84564675459706,,3715236.9018993536,107.36331787042513,490893.1565348947,19.377781774606515,-1,,,,,,,,unassigned,,,,,,,,,,,,
1668,1226,450.0443630033234,450.0439109505893,,1684644.3624689996,138.7333523349546,456391.04681269074,8.777371546554281,-1,,,,,,,,unassigned,,,,,,,,,,,,
1669,1227,450.19044398352787,450.1899917887209,,8251035.209892844,147.0486428630974,474098.52506477555,43.38778756740519,-1,,,,,,,,unassigned,,,,,,,,,,,,
1670,1228,450.1984169600608,450.19796475749956,,1602776.0061116316,96.32534713481863,464244.0038899284,8.430221271312895,-1,,,,,,,,unassigned,,,,,,,,,,,,
1671,1229,450.307487788825,450.30703548018585,,1545739.2925934242,41.57517660957943,424562.4568454472,8.061082590921863,-1,,,,,,,,unassigned,,,,,,,,,,,,
1672,1230,450.84331781987,450.84286499010767,,3312716.732480136,77.22386236791264,458367.6834157741,17.254901204704296,-1,,,,,,,,unassigned,,,,,,,,,,,,
1673,1232,451.0339944235079,451.03354140830396,,1844598.1712391898,101.5623854219319,466423.0953232647,9.73553295883281,-1,,,,,,,,unassigned,,,,,,,,,,,,
1674,1237,451.174439940063,451.17398678826993,,1759399.5711900715,116.52411394039565,525614.8611034936,9.15783758717392,-1,,,,,,,,unassigned,,,,,,,,,,,,
1675,1239,451.2108857927927,451.21043260555456,,1680682.113663417,76.74988689157999,479931.44482249545,9.051227137963513,-1,,,,,,,,unassigned,,,,,,,,,,,,
1676,1240,452.1875310639315,452.1870769268776,,2884528.05053673,110.96433464117437,480549.36622718885,15.104035391884343,-1,,,,,,,,unassigned,,,,,,,,,,,,
1677,1241,452.88772351143245,452.8872686934338,,4318608.448758503,91.58049753514118,505104.68736093765,23.337027332157987,-1,,,,,,,,unassigned,,,,,,,,,,,,
1678,1247,454.10765586064883,454.1071998562779,,1629178.2560459904,147.18118105195444,357718.3793953714,8.508180162298006,-1,,,,,,,,unassigned,,,,,,,,,,,,
1679,1248,454.8847457591986,454.884288999132,,2083298.9803155889,154.87482661304753,411087.4060157586,10.984207845209697,-1,,,,,,,,unassigned,,,,,,,,,,,,
1680,1257,457.02625921487595,457.0258003723218,,1658145.605884324,318.8092425954621,379935.1056465431,8.685420034110306,-1,,,,,,,,unassigned,,,,,,,,,,,,
1681,1266,458.64671679133045,458.64625637304846,,1980304.767407668,156.23252214720847,406668.28836855816,10.397184059244896,-1,,,,,,,,unassigned,,,,,,,,,,,,
1682,1267,458.6512687638839,458.65080834117566,,2704352.6485192617,166.62331880798547,448458.8553222396,14.168528700063026,-1,,,,,,,,unassigned,,,,,,,,,,,,
1683,1278,460.64456156323365,460.64409920233163,,2233353.442506698,264.20668887662947,412895.86450512055,11.638529477238567,-1,,,,,,,,unassigned,,,,,,,,,,,,
1684,1279,460.64818685204574,460.6477244876187,,3534978.45705774,107.2338161695915,465166.1650560324,18.604856017831068,-1,,,,,,,,unassigned,,,,,,,,,,,,
1685,1286,462.64527331249167,462.64480900626785,,2573982.952080559,144.68956462778712,465428.68798863015,13.376946114675759,-1,,,,,,,,unassigned,,,,,,,,,,,,
1686,1287,462.7963478537803,462.79588340066795,,1859627.9044946542,152.03083319480706,473622.1702226687,9.768848724211063,-1,,,,,,,,unassigned,,,,,,,,,,,,
1687,1288,462.86216392955953,462.8616994124549,,5301929.0716709895,130.07249961547438,454327.7899325814,27.998569223883013,-1,,,,,,,,unassigned,,,,,,,,,,,,
1688,1294,463.17447274068155,463.1740079199237,,1634249.1981665972,128.80393745112983,471431.13517625676,8.50218332452992,-1,,,,,,,,unassigned,,,,,,,,,,,,
1689,1295,463.1979414859465,463.1974766423704,,1670679.7894367764,129.68842432648992,483313.6397784248,8.81934941093088,-1,,,,,,,,unassigned,,,,,,,,,,,,
1690,1298,464.79342605763986,464.79295966283115,,1564342.548350498,149.75197701705517,407307.98416761315,8.203007751433217,-1,,,,,,,,unassigned,,,,,,,,,,,,
1691,1299,464.80465620614785,464.80418980042066,,1618062.6146947653,213.14544823648552,427095.72371899366,8.5654832787486,-1,,,,,,,,unassigned,,,,,,,,,,,,
1692,1304,465.16900785545596,465.16854109549047,,21971707.847624492,150.64604623124086,474203.55476768006,115.9921687409223,-1,,,,,,,,unassigned,,,,,,,,,,,,
1693,1306,465.1901650698597,465.1896982893243,,1746383.8004892347,192.70498162318728,452216.76209113793,9.38238584582334,-1,,,,,,,,unassigned,,,,,,,,,,,,
1694,1308,466.9034175437583,466.90294909756443,,1672470.7067612123,61.1197079869491,403067.6795628713,8.730063159717163,-1,,,,,,,,unassigned,,,,,,,,,,,,
1695,1315,467.16604367303165,467.165574971513,,7227880.371813713,54.805495269492695,454775.9875437397,38.398418544358165,-1,,,,,,,,unassigned,,,,,,,,,,,,
1696,1317,468.0505838815007,468.05011432004403,,1749720.9677481612,165.8882906808312,404521.71241116937,9.207811235241298,-1,,,,,,,,unassigned,,,,,,,,,,,,
1697,1318,468.08690037820725,468.0864307814445,,1810245.7029937152,104.42777660816877,465639.1992393653,9.464342628653839,-1,,,,,,,,unassigned,,,,,,,,,,,,
1698,1319,468.16946275835977,468.1689930813319,,2127738.6487806374,188.8216640649049,454410.60188551137,11.088153033189844,-1,,,,,,,,unassigned,,,,,,,,,,,,
1699,1345,473.20316398353833,473.20268941314765,,1760555.8990681763,60.65803102451085,422745.9404711801,9.183157568861391,-1,,,,,,,,unassigned,,,,,,,,,,,,
1700,1348,474.05517313152836,474.0546977329363,,1615654.9658392388,165.2832905062232,421645.3063903915,8.510845423528265,-1,,,,,,,,unassigned,,,,,,,,,,,,
1701,1355,475.2109988260856,475.2105223039902,,1621544.1357435202,317.23891905900194,353540.1509474011,8.490189648993749,-1,,,,,,,,unassigned,,,,,,,,,,,,
1702,1356,475.29485058325696,475.2943739796558,,1739321.1529596006,121.94815352969019,520811.9633045855,9.057223975731599,-1,,,,,,,,unassigned,,,,,,,,,,,,
1703,1366,479.1482744599975,479.1477941109471,,6813255.595297354,111.45123209203173,452741.7064239483,35.477292235993026,-1,,,,,,,,unassigned,,,,,,,,,,,,
1704,1368,479.2058476067023,479.2053672016944,,1676959.235658393,94.79456137896567,506969.7617184757,8.724732637256643,-1,,,,,,,,unassigned,,,,,,,,,,,,
1705,1369,480.05069400616713,480.05021278002954,,1720192.071561793,81.37551094608531,402899.85930916417,8.955944048981713,-1,,,,,,,,unassigned,,,,,,,,,,,,
1706,1370,480.08693519080725,480.0864539294462,,1574642.7592164385,139.18825925347434,401705.493405347,8.248983507655204,-1,,,,,,,,unassigned,,,,,,,,,,,,
1707,1371,480.20108956934337,480.2006081970338,,1799139.8833685934,127.75099129946622,517745.92666969344,9.504321547107741,-1,,,,,,,,unassigned,,,,,,,,,,,,
1708,1377,481.1639393907974,481.16345708268915,,96586439.7288925,162.55841778667215,463618.90176955506,507.8495358586925,-1,,,,,,,,unassigned,,,,,,,,,,,,
1709,1380,482.81513413274865,482.81465021988237,,4030177.8734124345,111.07867056635057,482951.4961183314,21.022247953677034,-1,,,,,,,,unassigned,,,,,,,,,,,,
1710,1384,483.0679980782176,483.06751391960387,,1801668.9458147695,156.40072702400855,416594.77285318385,9.554961510482684,-1,,,,,,,,unassigned,,,,,,,,,,,,
1711,1388,483.1609907043423,483.16050645535336,,29964138.5269552,143.20440493229103,465158.25407876854,156.41885108150845,-1,,,,,,,,unassigned,,,,,,,,,,,,
1712,1390,483.17059780403287,483.1701135457073,,2934077.053187829,95.09446875641045,464734.3619022952,15.270614218775604,-1,,,,,,,,unassigned,,,,,,,,,,,,
1713,1393,484.16434592069925,484.1638606966087,,7865777.934769316,58.1955432117514,467092.74722487736,41.08766712569067,-1,,,,,,,,unassigned,,,,,,,,,,,,
1714,1394,484.81215325684855,484.8116674032038,,1841510.153110564,119.13965445157928,436313.421290228,9.741529796600895,-1,,,,,,,,unassigned,,,,,,,,,,,,
1715,1395,484.8232338903387,484.82274802592565,,12088062.25836337,211.0899970902241,450682.0453731612,63.19334376946846,-1,,,,,,,,unassigned,,,,,,,,,,,,
1716,1396,485.00038841096995,484.9999023743957,,1793445.296326208,63.011457562474504,437352.49912108405,9.534972051255734,-1,,,,,,,,unassigned,,,,,,,,,,,,
1717,1397,485.0062140829839,485.0057280407481,,1775735.7806564227,83.4609642541246,365679.2380866273,9.250122257271679,-1,,,,,,,,unassigned,,,,,,,,,,,,
1718,1405,485.82279211261175,485.8223052768228,,3604495.231281558,226.75873606167656,439913.87549227354,18.83806637547883,-1,,,,,,,,unassigned,,,,,,,,,,,,
1719,1406,486.82019092583124,486.8197031207864,,5424113.282359464,256.85836218816775,436732.4392709368,28.430341543185158,-1,,,,,,,,unassigned,,,,,,,,,,,,
1720,1414,488.79462924379806,488.7941395200894,,1805167.4417746847,75.52736517772547,397381.7526565239,9.415035295894025,-1,,,,,,,,unassigned,,,,,,,,,,,,
1721,1421,490.80269951559524,490.8022078406269,,2397558.79362739,98.39462375587412,402243.82312496373,12.643332961046648,-1,,,,,,,,unassigned,,,,,,,,,,,,
1722,1432,493.22149158338726,493.22099755817254,,1816381.1439823247,96.90789699919843,443246.8116274945,9.459012106193319,-1,,,,,,,,unassigned,,,,,,,,,,,,
1723,1433,494.1025801536106,494.1020852723076,,2003143.3789343475,272.23852754814516,361696.34366245917,10.655048083272566,-1,,,,,,,,unassigned,,,,,,,,,,,,
1724,1434,494.21681459153604,494.2163195992411,,1629551.764984659,115.3735617313578,479734.7347765728,8.629449548274843,-1,,,,,,,,unassigned,,,,,,,,,,,,
1725,1435,494.61898895838345,494.61849357533214,,3510799.391177732,117.8466159204791,454805.5725397242,18.279694147739328,-1,,,,,,,,unassigned,,,,,,,,,,,,
1726,1439,495.1432137463939,495.1427178540061,,6758536.787138583,122.93439801835966,449572.24171231146,35.64253843226916,-1,,,,,,,,unassigned,,,,,,,,,,,,
1727,1442,496.0818697213397,496.08137291696903,,1815060.752468419,136.68415086023043,443913.50107431447,9.722206652681509,-1,,,,,,,,unassigned,,,,,,,,,,,,
1728,1444,496.61608330771037,496.615585984315,,3258596.0756422537,114.40711546033555,490081.77656726446,16.98704245106315,-1,,,,,,,,unassigned,,,,,,,,,,,,
1729,1445,496.83079179817196,496.8302942661744,,2083001.9639845048,92.67746059796599,456929.24926996924,11.024186763663598,-1,,,,,,,,unassigned,,,,,,,,,,,,
1730,1448,497.09321750404945,497.092719717091,,44814830.67618212,230.1374327458727,435813.5063805347,233.81803720826358,-1,,,,,,,,unassigned,,,,,,,,,,,,
1731,1451,497.1588997034338,497.1584018526617,,9066884.498605883,127.35177591667477,430736.0555800327,48.34250819445884,-1,,,,,,,,unassigned,,,,,,,,,,,,
1732,1454,498.09659752407396,498.09609876229064,,5677777.300229394,159.17950872545825,416020.28598070255,30.112121379479323,-1,,,,,,,,unassigned,,,,,,,,,,,,
1733,1456,498.6130358426631,498.6125365791472,,2991268.649277398,197.20746168284825,454834.51724555215,15.996897904021498,-1,,,,,,,,unassigned,,,,,,,,,,,,
1734,1457,498.6388375191659,498.6383382305832,,3109201.5021813214,101.9466965384694,441505.4353628018,16.256760873971864,-1,,,,,,,,unassigned,,,,,,,,,,,,
1735,1458,498.82776236070623,498.8272628885799,,2028157.0014299639,193.63903625035897,454379.2764770366,10.582419714747978,-1,,,,,,,,unassigned,,,,,,,,,,,,
1736,1459,498.8389134809943,498.83841399803447,,7452015.899354911,181.21694732033518,436430.59221833595,39.957596364060365,-1,,,,,,,,unassigned,,,,,,,,,,,,
1737,1463,499.0902066128498,499.08970688575585,,18106918.315102678,112.80415987451615,439359.1242894189,94.94726606678805,-1,,,,,,,,unassigned,,,,,,,,,,,,
1738,1467,499.1560034552048,499.15550366418864,,2908710.2843915108,153.65214641292124,451924.53655812633,15.129355373571816,-1,,,,,,,,unassigned,,,,,,,,,,,,
1739,1468,499.6748906999232,499.6743904048071,,1730722.933814215,113.19899564985049,454406.47697818174,9.003252435818832,-1,,,,,,,,unassigned,,,,,,,,,,,,
1740,1469,499.83845950676726,499.837959052745,,1598310.7506267189,191.95737898215833,412327.4146919705,8.454874937692802,-1,,,,,,,,unassigned,,,,,,,,,,,,
1741,1471,500.09354028812777,500.0930395862971,,2999837.9983213944,208.44191609326828,395509.4017476857,15.621096070554815,-1,,,,,,,,unassigned,,,,,,,,,,,,
1742,1472,500.6101920886326,500.6096908848841,,1959414.1120346982,123.26883560444008,408517.99513880507,10.20328630474347,-1,,,,,,,,unassigned,,,,,,,,,,,,
1743,1473,500.6359266178546,500.63542538910565,,9502199.686775161,172.33775357452578,435114.40444472415,50.95712946134406,-1,,,,,,,,unassigned,,,,,,,,,,,,
1744,1474,500.83584909729194,500.83534767432366,,2854659.953975194,250.48397829372755,431953.9323569266,15.238631084012482,-1,,,,,,,,unassigned,,,,,,,,,,,,
1745,1484,502.6329887404165,502.6324855716134,,12016910.11989954,216.8777316288568,432645.8695012315,64.63791535626947,-1,,,,,,,,unassigned,,,,,,,,,,,,
1746,1491,504.05053259263065,504.05002804680083,,1949976.8186827826,403.32566532885903,384073.4050660765,10.227939971123375,-1,,,,,,,,unassigned,,,,,,,,,,,,
1747,1492,504.32182501676937,504.32132020740636,,1858454.9670871384,129.22807571370134,391540.08981900197,9.826818155969221,-1,,,,,,,,unassigned,,,,,,,,,,,,
1748,1493,504.6300160963588,504.6295109876212,,9686016.497863224,55.43408159021253,432078.7043358981,51.02909151456108,-1,,,,,,,,unassigned,,,,,,,,,,,,
1749,1498,506.06634355281324,506.06583704886424,,2164246.1238308297,109.90044830724278,359704.78309173975,11.330691805143518,-1,,,,,,,,unassigned,,,,,,,,,,,,
1750,1499,506.62705316392277,506.62654611532696,,5047286.467609774,186.391811169868,421416.2652575737,26.283473622210597,-1,,,,,,,,unassigned,,,,,,,,,,,,
1751,1506,508.62407870256476,508.6235697142079,,1994116.3181764584,146.54580317388871,422332.3017684346,10.409844050088632,-1,,,,,,,,unassigned,,,,,,,,,,,,
1752,1507,508.81332080013647,508.8128116279684,,6796276.323131788,145.2462132073395,443653.61584658886,35.85842459192023,-1,,,,,,,,unassigned,,,,,,,,,,,,
1753,1514,509.81293055389216,509.81242041081435,,2684433.8783727293,285.64118184158326,373485.8057440115,14.30379070749873,-1,,,,,,,,unassigned,,,,,,,,,,,,
1754,1519,511.1381390760679,511.13762764586306,,4796778.930373118,202.5519914113265,401729.4767493177,25.577179396191653,-1,,,,,,,,unassigned,,,,,,,,,,,,
1755,1541,518.6070188360084,518.6065001522579,,1870397.4279161775,233.38425117543133,436580.6881490541,9.917437037798067,-1,,,,,,,,unassigned,,,,,,,,,,,,
1756,1542,518.9859029133446,518.9853838616657,,1719119.2603879145,84.1350386415065,475549.08372172597,8.966605093902754,-1,,,,,,,,unassigned,,,,,,,,,,,,
1757,1546,519.1514549913659,519.1509357789229,,2205174.1868529078,145.8262473523443,440475.06372610887,11.573230577097194,-1,,,,,,,,unassigned,,,,,,,,,,,,
1758,1547,519.3211305682426,519.3206111910318,,5432992.391676544,193.8652617676744,443721.5480976188,28.502303596402182,-1,,,,,,,,unassigned,,,,,,,,,,,,
1759,1553,522.8289920213524,522.8284692378832,,2883060.0669026193,102.57544815377459,409755.5312450708,15.313924713767332,-1,,,,,,,,unassigned,,,,,,,,,,,,
1760,1558,525.0160695628746,525.0155446558092,,1692294.5434631377,212.32316789743885,343878.05349991674,8.826345721660312,-1,,,,,,,,unassigned,,,,,,,,,,,,
1761,1564,525.1902835158941,525.1897584396759,,1925809.0663423631,53.93239713351391,426407.1411324701,10.210615773126685,-1,,,,,,,,unassigned,,,,,,,,,,,,
1762,1565,525.5405290530684,525.5400036367816,,1552341.1499077533,73.25456057379692,468296.9963988611,8.077740473610989,-1,,,,,,,,unassigned,,,,,,,,,,,,
1763,1570,527.1409986370248,527.1404716668064,,1687732.5533132914,164.60059762285184,440736.5954722448,8.820015726238445,-1,,,,,,,,unassigned,,,,,,,,,,,,
1764,1578,529.1569944865206,529.1564655590054,,1546037.2371397302,217.47421298944752,326677.7713778314,8.218333003507214,-1,,,,,,,,unassigned,,,,,,,,,,,,
1765,1589,533.579543981659,533.5790107606705,,3961891.0346047054,106.3313587631646,411304.57123222016,20.713077650966856,-1,,,,,,,,unassigned,,,,,,,,,,,,
1766,1595,536.3083842319304,536.3078483619553,,1906459.7101108457,240.6758629513728,385376.0011758496,10.088013756534718,-1,,,,,,,,unassigned,,,,,,,,,,,,
1767,1601,537.5731447598116,537.572607662141,,4294147.534598391,169.1114564180842,390074.54593284253,22.8945939679348,-1,,,,,,,,unassigned,,,,,,,,,,,,
1768,1603,539.0318477499975,539.031309236415,,2319933.386208959,132.79170104987574,389284.47223406873,12.108948084379486,-1,,,,,,,,unassigned,,,,,,,,,,,,
1769,1612,541.1205861057865,541.1200455648191,,2207917.774204285,193.45618291541172,318593.85193605605,11.491273794266693,-1,,,,,,,,unassigned,,,,,,,,,,,,
1770,1613,541.1566785673261,541.1561379913272,,2036270.4120912605,129.43135812982925,383234.2672839759,10.62106600258675,-1,,,,,,,,unassigned,,,,,,,,,,,,
1771,1614,541.185243790739,541.1847031870145,,2322982.5757261254,263.7976522801052,344870.8281692168,12.102284931303835,-1,,,,,,,,unassigned,,,,,,,,,,,,
1772,1615,541.5667305392844,541.5661895652895,,3459872.981929959,120.02148431049714,385212.52568277443,18.066473249318516,-1,,,,,,,,unassigned,,,,,,,,,,,,
1773,1616,542.7818704971136,542.7813283437263,,3130892.0006815214,217.37280523183082,387275.2060888078,16.51795647453736,-1,,,,,,,,unassigned,,,,,,,,,,,,
1774,1620,543.7814906789815,543.7809475554052,,1566047.5404646525,97.83494508364815,352235.4260242087,8.173356720246572,-1,,,,,,,,unassigned,,,,,,,,,,,,
1775,1621,544.7788832286543,544.7783391370724,,2668363.842029157,144.28941003186242,427293.42306342773,13.910664676035356,-1,,,,,,,,unassigned,,,,,,,,,,,,
1776,1622,544.7900350901965,544.7894909877915,,10728881.367695883,324.30135227481816,405391.87926730484,55.84788381887146,-1,,,,,,,,unassigned,,,,,,,,,,,,
1777,1626,545.5604396158938,545.5598947657982,,1563021.0373180616,112.7804088605454,363452.065907722,8.351262907366438,-1,,,,,,,,unassigned,,,,,,,,,,,,
1778,1627,545.7896203761817,545.7890753036647,,3977787.52366592,186.34050843835308,386895.61934420915,21.158176276420303,-1,,,,,,,,unassigned,,,,,,,,,,,,
1779,1628,546.7869912151574,546.7864451746992,,5144997.456231033,121.95583003304225,400226.1896300641,27.601445300574248,-1,,,,,,,,unassigned,,,,,,,,,,,,
1780,1633,547.7866356495521,547.7860886389674,,1903026.3544670257,114.86599407854932,392558.7641657688,9.943423334793103,-1,,,,,,,,unassigned,,,,,,,,,,,,
1781,1637,550.0563523333905,550.0558031201904,,1574196.190057541,185.9552459820425,328322.55605766986,8.243652985194684,-1,,,,,,,,unassigned,,,,,,,,,,,,
1782,1638,550.769557295962,550.769007390665,,1792246.0494981408,176.22452671597432,369885.4744167196,9.38771636828386,-1,,,,,,,,unassigned,,,,,,,,,,,,
1783,1644,551.5297457308915,551.5291950879165,,1558849.9301270968,164.22524273163324,343278.15875026956,8.113388342565719,-1,,,,,,,,unassigned,,,,,,,,,,,,
1784,1645,552.0718517598172,552.0713005907965,,1876571.8896785798,108.98644849545593,358197.7531274315,9.98007067670918,-1,,,,,,,,unassigned,,,,,,,,,,,,
1785,1646,552.5775931337242,552.5770414739508,,2421443.860511959,255.01310879564906,341126.19140366337,12.839895976778335,-1,,,,,,,,unassigned,,,,,,,,,,,,
1786,1651,554.5747040104567,554.5741504128144,,2617040.872051574,160.73314256585263,391762.240082963,13.862689973890673,-1,,,,,,,,unassigned,,,,,,,,,,,,
1787,1654,555.0787470733364,555.0781929866167,,1627318.397434524,211.2629085848552,409256.28893930494,8.552823287904863,-1,,,,,,,,unassigned,,,,,,,,,,,,
1788,1658,556.2125057732711,556.2119505864749,,1596701.5443303846,159.92103786127095,360383.37819070235,8.335937655292442,-1,,,,,,,,unassigned,,,,,,,,,,,,
1789,1659,556.5717040980097,556.5711485626923,,2191212.371757855,85.35163788711063,433742.20193292975,11.485276956498607,-1,,,,,,,,unassigned,,,,,,,,,,,,
1790,1660,556.7975584961379,556.7970027416808,,1718445.0073459074,265.29828310823,374417.6552634268,9.177160731093306,-1,,,,,,,,unassigned,,,,,,,,,,,,
1791,1665,557.1155277953656,557.1149717323946,,1877199.3993397113,159.3696873640335,387952.96923467616,9.80682869674227,-1,,,,,,,,unassigned,,,,,,,,,,,,
1792,1666,558.5945850017968,558.5940275037794,,4971980.962590067,136.86310179203429,394360.1359886973,25.97297068888529,-1,,,,,,,,unassigned,,,,,,,,,,,,
1793,1667,558.8057113330037,558.8051536301463,,6924904.539194191,158.23719796051236,397451.2944108363,36.27687060507108,-1,,,,,,,,unassigned,,,,,,,,,,,,
1794,1672,559.8053908437713,559.804832171012,,2301852.315760961,182.602073806817,381775.7284192839,12.17557961513599,-1,,,,,,,,unassigned,,,,,,,,,,,,
1795,1673,560.5916309444602,560.5910715088959,,7005086.00074579,186.63683879096496,394924.5286938495,36.47943045857085,-1,,,,,,,,unassigned,,,,,,,,,,,,
1796,1674,560.8027315270637,560.8021718866931,,2723498.4228128768,82.41423861017006,386845.74748179823,14.602966280595433,-1,,,,,,,,unassigned,,,,,,,,,,,,
1797,1679,562.5887204803228,562.5881591072549,,6564801.224837418,125.06142169705267,372354.7916186399,35.08416620452966,-1,,,,,,,,unassigned,,,,,,,,,,,,
1798,1680,562.8005717623666,562.8000101837735,,1806627.2675930636,112.76594355128309,366327.59715860104,9.451016322502538,-1,,,,,,,,unassigned,,,,,,,,,,,,
1799,1685,564.5857375892019,564.5851742787867,,3871830.0417832085,107.94218782361722,373328.3764973227,20.385250519644856,-1,,,,,,,,unassigned,,,,,,,,,,,,
1800,1690,566.5826551733352,566.582089925755,,1924832.6748589512,153.10632766082364,371233.98042799736,10.036041162544644,-1,,,,,,,,unassigned,,,,,,,,,,,,
1801,1700,571.1120521349005,571.111482493772,,7609282.834268225,207.34265245546965,384324.0508988002,39.62976923273836,-1,,,,,,,,unassigned,,,,,,,,,,,,
1802,1701,572.111676125835,572.1111055151232,,2104209.514947069,193.8788234616246,386913.223750339,10.960220494137355,-1,,,,,,,,unassigned,,,,,,,,,,,,
1803,1702,572.8212198496336,572.8206485507145,,1902219.3420227172,245.15481864626847,343637.7124016394,10.127326359681055,-1,,,,,,,,unassigned,,,,,,,,,,,,
1804,1705,573.109111349412,573.1085397712616,,4439438.375571918,223.74113903988786,333229.19834659126,23.278391585092265,-1,,,,,,,,unassigned,,,,,,,,,,,,
1805,1706,574.5684733992231,574.5679004056376,,1840238.868503824,163.78366219747096,353782.4124467411,9.59027622178363,-1,,,,,,,,unassigned,,,,,,,,,,,,
1806,1709,575.141369657742,575.140796108517,,1750773.2543376933,159.287873648398,324582.5053467343,9.194484929089997,-1,,,,,,,,unassigned,,,,,,,,,,,,
1807,1710,576.5656711230323,576.5650961924391,,1560246.345381833,102.21115720421808,446835.80320512777,8.284298218956152,-1,,,,,,,,unassigned,,,,,,,,,,,,
1808,1714,578.5625689054896,578.5619920382657,,1825945.198457875,313.4894892908346,306232.7836826139,9.518980483874172,-1,,,,,,,,unassigned,,,,,,,,,,,,
1809,1719,580.0667633877322,580.0661850617674,,1549364.436155475,297.2072017955238,324079.6743885381,8.074742054726947,-1,,,,,,,,unassigned,,,,,,,,,,,,
1810,1731,587.0897409404598,587.089155804382,,2019038.6362245341,199.39915192664034,333359.48714573495,10.587750237208498,-1,,,,,,,,unassigned,,,,,,,,,,,,
1811,1744,597.0377205927474,597.0371258120274,,1741415.8572704562,173.18810883370944,326721.0798963539,9.165500213210919,-1,,,,,,,,unassigned,,,,,,,,,,,,
1812,1749,600.4696017027785,600.4690035953178,,1658941.6846650096,295.23824517825767,270574.4420024822,8.64111006615723,-1,,,,,,,,unassigned,,,,,,,,,,,,
1813,1753,602.7486739918492,602.7480736752788,,2065291.099408141,173.6859042651514,368661.46709330875,10.916243683838063,-1,,,,,,,,unassigned,,,,,,,,,,,,
1814,1757,604.7457351486923,604.7451328964581,,1544965.1606759354,138.7911646779273,337985.1432266209,8.227994575466905,-1,,,,,,,,unassigned,,,,,,,,,,,,
1815,1758,604.7568824591806,604.756280196142,,8303187.513088028,172.65585772576415,378978.16800041235,43.32648655910921,-1,,,,,,,,unassigned,,,,,,,,,,,,
1816,1763,605.7564657402753,605.755862508417,,3917771.9202820417,192.4921904002956,339214.31429132045,20.92496591877254,-1,,,,,,,,unassigned,,,,,,,,,,,,
1817,1764,606.7538194094597,606.753215210964,,4463310.17717888,183.54653440582663,347103.88166562305,23.634203959331995,-1,,,,,,,,unassigned,,,,,,,,,,,,
1818,1767,607.7533910676723,607.752785900411,,2229650.539272273,131.64582536497124,352392.2910446779,11.631200008855352,-1,,,,,,,,unassigned,,,,,,,,,,,,
1819,1768,608.7509554291352,608.7503492950754,,1621484.290131596,108.80409573309721,346413.83553232264,8.555488549135124,-1,,,,,,,,unassigned,,,,,,,,,,,,
1820,1771,609.1832816242005,609.1826750711544,,2000812.5989473388,261.42615402420284,293117.57660943957,10.414508257241588,-1,,,,,,,,unassigned,,,,,,,,,,,,
1821,1779,614.5302055178329,614.5295937831812,,1784244.2350652553,144.65985850782343,333485.5178426693,9.342406927369437,-1,,,,,,,,unassigned,,,,,,,,,,,,
1822,1781,616.4343800045873,616.4337664247838,,1950704.0819962686,167.57020576804254,339755.95257269463,10.214613664972076,-1,,,,,,,,unassigned,,,,,,,,,,,,
1823,1783,618.772511514687,618.7718956693326,,4284009.317313662,376.8301082604473,351704.30055652186,22.342884893270945,-1,,,,,,,,unassigned,,,,,,,,,,,,
1824,1786,619.3372987158955,619.3366823233036,,3408400.514115102,172.04383462093753,360094.6913024255,17.793283973216848,-1,,,,,,,,unassigned,,,,,,,,,,,,
1825,1787,620.7695298152794,620.7689120349914,,2867096.523915116,151.31298129772202,330916.3515045392,15.23196793093683,-1,,,,,,,,unassigned,,,,,,,,,,,,
1826,1791,622.7674562697061,622.7668365536908,,2926040.138924902,170.9176111438187,369188.3623228183,15.283940524926905,-1,,,,,,,,unassigned,,,,,,,,,,,,
1827,1794,624.7645909145732,624.7639692636833,,2307540.944721831,131.46222954137994,372579.6991730327,12.020328148473336,-1,,,,,,,,unassigned,,,,,,,,,,,,
1828,1795,625.1050346181544,625.1044126374427,,1616098.9280546815,163.64636057809756,348945.56459029263,8.422558645275897,-1,,,,,,,,unassigned,,,,,,,,,,,,
1829,1796,628.7468298350574,628.7462043263303,,1614174.8660824886,138.7214859641265,396384.2260953375,8.415562334546465,-1,,,,,,,,unassigned,,,,,,,,,,,,
1830,1800,633.3529683783283,633.3523384077799,,4114534.2175116907,120.78922050964131,359094.1103279289,21.43936133621275,-1,,,,,,,,unassigned,,,,,,,,,,,,
1831,1804,636.7831020471335,636.7824687542195,,2451729.2726540137,88.80602499234644,362077.94794988714,12.803914950169823,-1,,,,,,,,unassigned,,,,,,,,,,,,
1832,1814,653.4765889111891,653.4759394528801,,2068904.6640748265,94.95394425803477,328493.04275292053,10.809633234627656,-1,,,,,,,,unassigned,,,,,,,,,,,,
1833,1815,653.8137777034319,653.8131279186629,,1643781.085716119,213.69569955997457,313621.44067866,8.573145904785596,-1,,,,,,,,unassigned,,,,,,,,,,,,
1834,1817,656.3046399077399,656.3039877114384,,1744743.1619257403,214.5401571528975,299669.3957014534,9.212475442394254,-1,,,,,,,,unassigned,,,,,,,,,,,,
1835,1818,658.2619465413698,658.2612924501923,,3061809.679931096,170.95289072309527,316557.71302257024,16.17147251460354,-1,,,,,,,,unassigned,,,,,,,,,,,,
1836,1823,664.7237250411243,664.7230646948599,,1731870.7425715649,115.45031775512307,324927.68603917985,9.05589134511647,-1,,,,,,,,unassigned,,,,,,,,,,,,
1837,1830,682.7342681981988,682.7335904222348,,4083157.365979235,169.1421228795081,334502.5495904039,21.804502124758393,-1,,,,,,,,unassigned,,,,,,,,,,,,
1838,1831,683.7338711990039,683.7331924558787,,2336238.1132208,99.71992342854458,351145.0729592332,12.632005600818042,-1,,,,,,,,unassigned,,,,,,,,,,,,
1839,1832,684.7310824408887,684.730402732938,,2432839.17182274,254.2403245189251,328070.80377637094,12.849890706391811,-1,,,,,,,,unassigned,,,,,,,,,,,,
1840,1834,693.7095150016265,693.7088266077933,,2837919.791864014,238.49068574732837,293705.6981469708,14.771544053409388,-1,,,,,,,,unassigned,,,,,,,,,,,,
1841,1835,696.7498310144026,696.7491396797111,,2465379.023658985,148.17619345086018,337480.65197361214,13.228357801088753,-1,,,,,,,,unassigned,,,,,,,,,,,,
1842,1836,698.1630016080004,698.162308906435,,1576936.5944489983,407.0138049533822,287370.6308935777,8.286630322532629,-1,,,,,,,,unassigned,,,,,,,,,,,,
1843,1837,712.5649479271262,712.5642412978868,,1576794.8401114137,95.28260683355995,266413.37929309666,8.221164843564365,-1,,,,,,,,unassigned,,,,,,,,,,,,
1844,1838,718.041027059187,718.0403151353735,,1563727.429519069,369.4491535325446,251120.3613706215,8.257145870172875,-1,,,,,,,,unassigned,,,,,,,,,,,,
1845,1839,743.700411700121,743.6996749760027,,1776710.1816582836,205.44365115082266,219741.07592647203,9.34423929446524,-1,,,,,,,,unassigned,,,,,,,,,,,,
1846,1840,746.4541252733824,746.4533858885874,,1587970.5610715589,403.525912335762,240982.85157879806,8.2681400727477,-1,,,,,,,,unassigned,,,,,,,,,,,,
1847,1841,760.7121007055317,760.7113475470908,,1617467.5840443352,229.29808908222944,238945.6123475181,8.604962460721827,-1,,,,,,,,unassigned,,,,,,,,,,,,
1848,1842,766.6910115388316,766.6902526058798,,1715756.621842901,110.03559505029429,269029.8165893208,8.996256125089397,-1,,,,,,,,unassigned,,,,,,,,,,,,
1849,1845,791.5699674280081,791.5691844748951,,1600484.9415424159,240.95516374184643,231865.19307066198,8.361590794633697,-1,,,,,,,,unassigned,,,,,,,,,,,,
