,Index,m/z,Calibrated m/z,Calculated m/z,Peak Height,Peak Area,Resolving Power,S/N,Ion Charge,m/z Error (ppm),m/z Error Score,Isotopologue Similarity,Confidence Score,DBE,O/C,H/C,Heteroatom Class,Ion Type,Adduct,Is Isotopologue,Mono Isotopic Index,Molecular Formula,C,H,O,N,P,S,13C,15N,18O,34S
0,17,155.07154035605706,155.07137922551792,155.07136779314908,5321707.340526156,56.55822889006586,1105512.8936841455,27.603724472626748,-1,0.07372327334949746,0.9990142905595846,0.0,0.5994085743357507,3.0,0.375,1.5,O3,de-protonated,,0.0,,C8 H12 O3,8.0,12.0,3.0,,,,,,,
1,18,155.10793561526216,155.10777444779063,155.10775330249908,2707891.954507854,32.01347446488055,1271135.747729914,14.454581884407522,-1,0.13632646405379514,0.9966334729411604,0.0,0.5979800837646962,2.0,0.2222222222222222,1.7777777777777777,O2,de-protonated,,0.0,,C9 H16 O2,9.0,16.0,2.0,,,,,,,
2,26,157.05078627741582,157.05062313845977,157.05063234825906,5166651.005012826,20.672847706257386,1054770.5100423656,26.824671989417602,-1,-0.05864222989706532,0.999376208732329,0.0,0.5996257252393974,3.0,0.5714285714285714,1.4285714285714286,O4,de-protonated,,0.0,,C7 H10 O4,7.0,10.0,4.0,,,,,,,
3,36,159.10283612965833,159.1026709084911,159.1026679220691,4993750.434543168,47.354151573467284,1070268.2542247754,26.01403629742971,-1,0.01877040808251693,0.9999360725508525,0.0,0.5999616435305115,1.0,0.375,2.0,O3,de-protonated,,0.0,,C8 H16 O3,8.0,16.0,3.0,,,,,,,
4,38,160.06170366105644,160.06153746695696,160.06153138491908,2185549.274433228,22.138101208300185,1132452.8570395282,11.464704786685937,-1,0.0379981237981165,0.9997380482846827,0.0,0.5998428289708096,2.0,0.6666666666666666,1.8333333333333333,N1 O4,de-protonated,,0.0,,C6 H11 O4 N1,6.0,11.0,4.0,1.0,,,,,,
5,41,161.04571513098708,161.04554793846174,161.04554696782907,3443494.0670123976,45.718146232734604,1264992.8004645368,17.844512959993263,-1,0.006027069283351723,0.9999934087958282,0.0,0.599996045277497,2.0,0.8333333333333334,1.6666666666666667,O5,de-protonated,,0.0,,C6 H10 O5,6.0,10.0,5.0,,,,,,,
6,60,169.05082848224004,169.05065316805724,169.05063234825906,1651313.0042302646,50.554081482582816,999051.0445110385,8.595896655949558,-1,0.1231571742227609,0.9972516263676038,0.0,0.5983509758205623,4.0,0.5,1.25,O4,de-protonated,,0.0,,C8 H10 O4,8.0,10.0,4.0,,,,,,,
7,63,169.08719345294304,169.08701810186878,169.08701785760908,4079322.696398838,50.11817220761557,1176123.4867331637,21.45552649703025,-1,0.0014445798277816719,0.9999996213509792,0.0,0.5999997728105875,3.0,0.3333333333333333,1.5555555555555556,O3,de-protonated,,0.0,,C9 H14 O3,9.0,14.0,3.0,,,,,,,
8,68,171.06646607043615,171.06628871147268,171.0662824127191,147372741.44144648,62.713124590364615,1056005.246069498,757.323235569366,-1,0.036820544066193076,0.9998758816344673,0.9965712443670847,0.9985540267275141,3.0,0.5,1.5,O4,de-protonated,,0.0,,C8 H12 O4,8.0,12.0,4.0,,,,,,,
9,69,171.10285892118375,171.102681525302,171.1026679220691,15345621.324327368,46.70651011461503,1006288.2823643859,80.05290651786949,-1,0.07950333601578162,0.9988537601284824,0.0,0.5993122560770894,2.0,0.3333333333333333,1.7777777777777777,O3,de-protonated,,0.0,,C9 H16 O3,9.0,16.0,3.0,,,,,,,
10,70,171.13922933609305,171.1390519033158,171.13905343141906,24938693.32343459,61.19098750956567,1053483.083174134,131.25981568448142,-1,-0.008929015547133256,0.9999262487055955,0.9794333576980733,0.9917290923025865,1.0,0.2,2.0,O2,de-protonated,,0.0,,C10 H20 O2,10.0,20.0,2.0,,,,,,,
11,73,172.06981623285378,172.0696378560635,172.06963724778907,12157230.244216079,102.8111708284572,983027.5053919685,63.67174889795827,-1,0.0035350480376328125,0.9999977325173355,0.9965712443670847,0.9986271372572351,3.0,0.5,1.5,13C1 O4,de-protonated,,1.0,68.0,C7 H12 O4 13C1,7.0,12.0,4.0,,,,1.0,,,
12,76,172.14259137844016,172.1424129278255,172.1424082664891,3341845.1679265294,76.79891466982497,1055455.7268225995,17.1391546306012,-1,0.02707837329333965,0.9998669637237834,0.9794333576980733,0.9916935213134994,1.0,0.2,2.0,13C1 O2,de-protonated,,1.0,70.0,C9 H20 O2 13C1,9.0,20.0,2.0,,,,1.0,,,
13,78,173.0821171939016,173.08193779022497,173.08193247717907,24241259.397553857,111.24026548805537,1036733.7031673697,125.65905999438324,-1,0.03069671009351058,0.9993904841825001,0.99195955757969,0.9964181135413761,2.0,0.5,1.75,O4,de-protonated,,0.0,,C8 H14 O4,8.0,14.0,4.0,,,,,,,
14,79,173.1184972991573,173.11831785857677,173.11831798652906,13925771.633784467,69.25617304656178,953262.1058010339,72.4729364109697,-1,-0.0007391031291708267,0.9999999008794077,0.0,0.5999999405276446,1.0,0.3333333333333333,2.0,O3,de-protonated,,0.0,,C9 H18 O3,9.0,18.0,3.0,,,,,,,
15,94,174.0854544996115,174.08527407816155,174.08528731224908,1869388.5074614915,35.33185293853388,1073339.6539380979,9.701308963205777,-1,-0.07602071224303107,0.9989519306709235,0.99195955757969,0.9961549814344302,2.0,0.5,1.75,13C1 O4,de-protonated,,1.0,78.0,C7 H14 O4 13C1,7.0,14.0,4.0,,,,1.0,,,
16,100,175.06137764457654,175.06119623318116,175.06119703228907,8118404.805514709,39.49141538483706,1027899.0188068624,41.92144578565969,-1,-0.004564734631546507,0.9999962191967509,0.0,0.5999977315180505,2.0,0.7142857142857143,1.7142857142857142,O5,de-protonated,,0.0,,C7 H12 O5,7.0,12.0,5.0,,,,,,,
17,101,175.0977650218819,175.0975835735767,175.0975825416391,5794841.587080199,73.91687980916761,973322.606521769,30.004048339811682,-1,0.0058935000671716,0.9999936977003935,0.0,0.5999962186202361,1.0,0.5,2.0,O4,de-protonated,,0.0,,C8 H16 O4,8.0,16.0,4.0,,,,,,,
18,103,176.05664094032156,176.05645851938235,176.0564460044891,3371578.514407274,50.12560687825061,1266412.1766803628,17.48656992716744,-1,0.07108455010219714,0.9990835575715739,0.0,0.5994501345429443,2.0,0.8333333333333334,1.8333333333333333,N1 O5,de-protonated,,0.0,,C6 H11 O5 N1,6.0,11.0,5.0,1.0,,,,,,
19,113,179.03517855073434,179.03499310863836,179.03498228379908,2264399.423069749,43.10158854519647,926526.0811086922,11.814752017317074,-1,0.06046214623021244,0.9993369032223657,0.0,0.5996021419334194,6.0,0.4444444444444444,0.8888888888888888,O4,de-protonated,,0.0,,C9 H8 O4,9.0,8.0,4.0,,,,,,,
20,117,181.08717375454736,181.0869862311979,181.08701785760908,1827587.5411634245,36.28041436670986,1025270.7269812481,9.543392919312032,-1,-0.17464758965103558,0.9944807791593963,0.0,0.5966884674956378,4.0,0.3,1.4,O3,de-protonated,,0.0,,C10 H14 O3,10.0,14.0,3.0,,,,,,,
21,118,181.15996042185657,181.15977282468418,181.15978887630908,3349437.1070814393,39.409280243984675,929563.0096750146,17.1391546306012,-1,-0.08860478915537649,0.9985764952273901,0.0,0.5991458971364341,2.0,0.08333333333333333,1.8333333333333333,O1,de-protonated,,0.0,,C12 H22 O1,12.0,22.0,1.0,,,,,,,
22,120,181.99194320077305,181.9917547597803,181.99173774636907,1985592.7663809732,44.041118747150634,1038743.0880578508,10.075043600420976,-1,0.09348452536649487,0.9984155118758441,0.0,0.5990493071255064,6.0,0.42857142857142855,0.7142857142857143,N1 S1 O3,de-protonated,,0.0,,C7 H5 O3 N1 S1,7.0,5.0,3.0,1.0,,1.0,,,,
23,121,183.0664923317565,183.06630280094626,183.0662824127191,2689258.603962797,77.07380847620249,934959.5622557283,13.943986675817746,-1,0.11137073906694418,0.9977519425050931,0.0,0.5986511655030559,4.0,0.4444444444444444,1.3333333333333333,O4,de-protonated,,0.0,,C9 H12 O4,9.0,12.0,4.0,,,,,,,
24,122,183.10285118874236,183.10266162105702,183.1026679220691,6157848.072908965,23.152132244607404,983491.8497193714,32.55176051463078,-1,-0.03441245360114367,0.999785148471679,0.0,0.5998710890830073,3.0,0.3,1.6,O3,de-protonated,,0.0,,C10 H16 O3,10.0,16.0,3.0,,,,,,,
25,123,183.1392107400898,183.1390211355287,183.13905343141906,2447466.8799946494,36.7386214208454,946528.4945413339,12.849102104821108,-1,-0.17634627756597718,0.9943731970995251,0.0,0.5966239182597151,2.0,0.18181818181818182,1.8181818181818181,O2,de-protonated,,0.0,,C11 H20 O2,11.0,20.0,2.0,,,,,,,
26,126,185.0821268700453,185.08193529502245,185.08193247717907,15295897.656003032,80.89162328766933,950622.0282509502,78.93696647435368,-1,0.015224843090510155,0.9999579418325152,0.0,0.5999747650995091,3.0,0.4444444444444444,1.5555555555555556,O4,de-protonated,,0.0,,C9 H14 O4,9.0,14.0,4.0,,,,,,,
27,127,185.11851018253458,185.11831857061333,185.1183179865291,4351449.850495016,70.01810312086128,927412.898210422,22.729382584439797,-1,0.0031551941470547118,0.9999981936345779,0.0,0.5999989161807467,2.0,0.3,1.8,O3,de-protonated,,0.0,,C10 H18 O3,10.0,18.0,3.0,,,,,,,
28,128,185.15488756027742,185.15469591146382,185.15470349587906,15271359.143218618,42.61573106640812,942648.4375969247,79.82129632015865,-1,-0.04096258480178954,0.9998450724349978,0.989145858787463,0.9955653869759838,1.0,0.18181818181818182,2.0,O2,de-protonated,,0.0,,C11 H22 O2,11.0,22.0,2.0,,,,,,,
29,129,186.15825201687832,186.1580593505061,186.15805833094907,2026976.3622163902,33.588471912073075,1045747.723931867,10.511944655193671,-1,0.005476835339382241,0.9999945573298544,0.989145858787463,0.9956550779128979,1.0,0.18181818181818182,2.0,13C1 O2,de-protonated,,1.0,128.0,C10 H22 O2 13C1,10.0,22.0,2.0,,,,1.0,,,
30,130,187.06140562706136,187.06121204477625,187.06119703228907,7668637.425121872,72.73438782249507,987912.9464203839,40.573895544433064,-1,0.08025441631106475,0.9988320131302402,0.0,0.5992992078781441,3.0,0.625,1.5,O5,de-protonated,,0.0,,C8 H12 O5,8.0,12.0,5.0,,,,,,,
31,131,187.09778037364538,187.097586754472,187.0975825416391,26894007.330079064,71.76644988059272,979250.7525656398,139.5977828020712,-1,0.022516768170900096,0.9998655886468855,0.9985892533487623,0.9993550545276362,2.0,0.4444444444444444,1.7777777777777777,O4,de-protonated,,0.0,,C9 H16 O4,9.0,16.0,4.0,,,,,,,
32,132,187.13416057947646,187.13396692340928,187.13396805098907,5288001.402442301,71.31089848991697,969492.4786215152,27.47739163751175,-1,-0.006025521741647919,0.9999934121801664,0.0,0.5999960473080997,1.0,0.3,2.0,O3,de-protonated,,0.0,,C10 H20 O3,10.0,20.0,3.0,,,,,,,
33,133,188.10113788576155,188.10094324907558,188.10093737670908,2572288.5679619918,26.508025798511806,1129566.2232815668,13.243892214555473,-1,0.031219230390462836,0.9998231684261069,0.9985892533487623,0.999329602395169,2.0,0.4444444444444444,1.7777777777777777,13C1 O4,de-protonated,,1.0,131.0,C8 H16 O4 13C1,8.0,16.0,4.0,,,,1.0,,,
34,134,189.04067454982592,189.04047896036687,189.04046158739908,1616393.5913321318,19.93334424143447,1338661.1378624893,8.5695773153006,-1,0.09190079014732605,0.9984687024430411,0.0,0.5990812214658247,3.0,0.8571428571428571,1.4285714285714286,O6,de-protonated,,0.0,,C7 H10 O6,7.0,10.0,6.0,,,,,,,
35,135,189.07704154580637,189.07684591946833,189.07684709674908,11989516.653580047,61.15069598402984,995898.4998090633,61.92414467886748,-1,-0.006226467011614045,0.9999929654603197,0.0,0.5999957792761917,2.0,0.625,1.75,O5,de-protonated,,0.0,,C8 H14 O5,8.0,14.0,5.0,,,,,,,
36,136,189.11343026412965,189.1132346008906,189.11323260609907,10897654.676216695,78.93401963286122,941319.5705454332,56.93399769182511,-1,0.010548132937372591,0.9999798116589215,0.0,0.5999878869953529,1.0,0.4444444444444444,2.0,O4,de-protonated,,0.0,,C9 H18 O4,9.0,18.0,4.0,,,,,,,
37,139,191.05630203090487,191.05610439748122,191.05611165185908,2107929.816503179,66.19510302680852,1035011.7444408197,10.975165050615326,-1,-0.03796988120475869,0.9997384374870097,0.0,0.5998430624922059,2.0,0.8571428571428571,1.7142857142857142,O6,de-protonated,,0.0,,C7 H12 O6,7.0,12.0,6.0,,,,,,,
38,142,193.0872231083332,193.08702341551856,193.08701785760908,3381848.552786598,58.49176392929837,1091807.3981609954,17.497097663427024,-1,0.02878448036818465,0.9998496726607772,0.0,0.5999098035964663,5.0,0.2727272727272727,1.2727272727272727,O3,de-protonated,,0.0,,C11 H14 O3,11.0,14.0,3.0,,,,,,,
39,144,193.15999644448203,193.1597966778754,193.15978887630908,26382353.473917678,55.600128421815604,1006830.957910452,137.32379177000126,-1,0.04038918429900574,0.9997017471325773,0.9920991465543364,0.996660706901281,3.0,0.07692307692307693,1.6923076923076923,O1,de-protonated,,0.0,,C13 H22 O1,13.0,22.0,1.0,,,,,,,
40,146,194.16335239823616,194.1631516142402,194.1631437113791,3983122.812307031,35.28699777898935,952963.6901492663,21.10811120046401,-1,0.040702169129015996,0.9996994452025346,0.9920991465543364,0.9966593257432554,3.0,0.07692307692307693,1.6923076923076923,13C1 O1,de-protonated,,1.0,144.0,C12 H22 O1 13C1,12.0,22.0,1.0,,,,1.0,,,
41,147,195.0664625227176,195.06626082299744,195.0662824127191,2548600.8287496315,71.87526216114098,892921.4141157281,13.249156082685264,-1,-0.11067890046323711,0.9977797548321028,0.0,0.5986678528992616,5.0,0.4,1.2,O4,de-protonated,,0.0,,C10 H12 O4,10.0,12.0,4.0,,,,,,,
42,148,195.1028512996912,195.10264956307435,195.1026679220691,2079764.9998360793,75.10712008439256,997058.4104658432,10.659332962827834,-1,-0.09409914755360133,0.998394625462222,0.0,0.5990367752773332,4.0,0.2727272727272727,1.4545454545454546,O3,de-protonated,,0.0,,C11 H16 O3,11.0,16.0,3.0,,,,,,,
43,149,195.13924569491968,195.13904392140049,195.13905343141906,10000510.808770994,77.84225711389122,967052.9278202147,51.4174638918036,-1,-0.04873457365154161,0.9995691415707606,0.0,0.5997414849424564,3.0,0.16666666666666666,1.6666666666666667,O2,de-protonated,,0.0,,C12 H20 O2,12.0,20.0,2.0,,,,,,,
44,151,196.02536035059364,196.02515767860024,196.02514587556908,6028523.025815365,56.46279630841978,994113.6205917365,31.056821965769988,-1,0.06021182182606058,0.9993423807392937,0.0,0.5996054284435762,6.0,0.625,0.875,N1 O5,de-protonated,,0.0,,C8 H7 O5 N1,8.0,7.0,5.0,1.0,,,,,,
45,153,197.08212695341416,197.08192320993487,197.08193247717907,3437019.9136644187,45.92192283695683,957772.741876853,17.765554938046392,-1,-0.047022292092739996,0.9995988800140417,0.0,0.599759328008425,4.0,0.4,1.4,O4,de-protonated,,0.0,,C10 H14 O4,10.0,14.0,4.0,,,,,,,
46,154,197.1184896489703,197.11828586862222,197.1183179865291,1673168.7267957386,49.2660509969636,949879.543310373,8.669590809766639,-1,-0.1629372003437242,0.99519438796096,0.0,0.597116632776576,3.0,0.2727272727272727,1.6363636363636365,O3,de-protonated,,0.0,,C11 H18 O3,11.0,18.0,3.0,,,,,,,
47,155,197.15491192139703,197.1547081041198,197.15470349587906,11360843.988728847,58.25869787921046,973199.9929534999,58.113104152898416,-1,0.023373729674983912,0.9999008738277309,0.0,0.5999405242966385,2.0,0.16666666666666666,1.8333333333333333,O2,de-protonated,,0.0,,C12 H22 O2,12.0,22.0,2.0,,,,,,,
48,159,199.0614014414952,199.061195691233,199.06119703228907,9249907.064575825,73.39471379956893,980445.0402422176,47.60642336583454,-1,-0.00673690350930569,0.9999917648276213,0.0,0.5999950588965728,4.0,0.5555555555555556,1.3333333333333333,O5,de-protonated,,0.0,,C9 H12 O5,9.0,12.0,5.0,,,,,,,
49,160,199.0977931282996,199.09758734114064,199.0975825416391,10457608.422170456,45.599604991800135,960881.3976366498,53.58617756127771,-1,0.024106277324116153,0.9998945634397896,0.0,0.5999367380638737,3.0,0.4,1.6,O4,de-protonated,,0.0,,C10 H16 O4,10.0,16.0,4.0,,,,,,,
50,161,199.1341680665802,199.13396224254151,199.13396805098907,6000383.167094303,94.7821882572,912923.3441866803,31.246321218442482,-1,-0.029168542217559476,0.999845634673737,0.0,0.5999073808042422,2.0,0.2727272727272727,1.8181818181818181,O3,de-protonated,,0.0,,C11 H20 O3,11.0,20.0,3.0,,,,,,,
51,162,199.17055374374974,199.17034788282047,199.17035356033907,38923870.316621095,67.56203393768712,943973.660637789,204.74341477637108,-1,-0.028505841856191212,0.9998889096203873,0.9854033193810736,0.9940946735246619,1.0,0.16666666666666666,2.0,O2,de-protonated,,0.0,,C12 H24 O2,12.0,24.0,2.0,,,,,,,
52,166,200.1294092607381,200.1292024276572,200.12921702318909,2127764.0066334615,49.022689138414066,1046094.1320545801,10.985692786874909,-1,-0.07293054013452865,0.9990353647318326,0.0,0.5994212188390996,2.0,0.3,1.9,N1 O3,de-protonated,,0.0,,C10 H19 O3 N1,10.0,19.0,3.0,1.0,,,,,,
53,167,200.16582360041298,200.16561673041312,200.16560253253908,1839439.1523787668,90.99051269754565,1002264.5853127597,9.622350941258905,-1,0.07093063871964744,0.9990875200055241,0.0,0.5994525120033145,1.0,0.18181818181818182,2.090909090909091,N1 O2,de-protonated,,0.0,,C11 H23 O2 N1,11.0,23.0,2.0,1.0,,,,,,
54,168,200.17391933657547,200.17371245836773,200.17370839540908,5789251.5535543,75.29752391817631,951169.6906821119,29.603994361947528,-1,0.020297164321694292,0.9999252504932047,0.9854033193810736,0.9941164780483522,1.0,0.16666666666666666,2.0,13C1 O2,de-protonated,,1.0,162.0,C11 H24 O2 13C1,11.0,24.0,2.0,,,,1.0,,,
55,175,201.04068027154688,201.0404725145757,201.04046158739908,1642426.4947582681,33.37305715758987,928955.4614169697,8.40113353514727,-1,0.05435312141391727,0.9994640967235044,0.0,0.5996784580341027,4.0,0.75,1.25,O6,de-protonated,,0.0,,C8 H10 O6,8.0,10.0,6.0,,,,,,,
56,176,201.07704570134908,201.07683790750923,201.07684709674908,8276182.697380599,66.5448033109354,923412.3245413403,42.93210846657966,-1,-0.04570013892674707,0.9996211157238861,0.0,0.5997726694343316,3.0,0.5555555555555556,1.5555555555555556,O5,de-protonated,,0.0,,C9 H14 O5,9.0,14.0,5.0,,,,,,,
57,177,201.11344138003733,201.11323354929814,201.11323260609907,11844130.147501063,104.26549995321969,953881.5327245658,60.70292727275584,-1,0.004689890649400407,0.9999960090306262,0.0,0.5999976054183758,2.0,0.4,1.8,O4,de-protonated,,0.0,,C10 H18 O4,10.0,18.0,4.0,,,,,,,
58,179,201.14983339493853,201.14962552730378,201.14961811544907,3817792.16368038,53.7239135226818,993608.9824089854,19.665811332901132,-1,0.036847470951559366,0.9997536709094738,0.0,0.5998522025456843,1.0,0.2727272727272727,2.0,O3,de-protonated,,0.0,,C11 H22 O3,11.0,22.0,3.0,,,,,,,
59,180,202.07230901371048,202.07210021084464,202.07209606894907,1930468.680343661,60.61108033738102,815932.1887281167,9.982925908149623,-1,0.020497117879011716,0.9999237705349234,0.0,0.5999542623209541,3.0,0.625,1.625,N1 O5,de-protonated,,0.0,,C8 H13 O5 N1,8.0,13.0,5.0,1.0,,,,,,
60,184,203.0563295643916,203.05611976391748,203.05611165185908,2881781.0306655294,101.99978985716288,859296.4896685239,14.923066147958968,-1,0.03994983617922279,0.9997104517452423,0.0,0.5998262710471454,3.0,0.75,1.5,O6,de-protonated,,0.0,,C8 H12 O6,8.0,12.0,6.0,,,,,,,
61,185,203.0927060504246,203.09249621307202,203.09249716120908,8177204.309827318,79.39370499490379,926991.5067663861,42.79524789520509,-1,-0.004668498689608741,0.9999960453554726,0.0,0.5999976272132835,2.0,0.5555555555555556,1.7777777777777777,O5,de-protonated,,0.0,,C9 H16 O5,9.0,16.0,5.0,,,,,,,
62,186,203.1290805243143,203.1288706500854,203.12888267055905,11522651.546473678,55.30474919465683,932465.2510532094,59.52382081168255,-1,-0.0591765853469156,0.9993647924355976,0.0,0.5996188754613585,1.0,0.4,2.0,O4,de-protonated,,0.0,,C10 H20 O4,10.0,20.0,4.0,,,,,,,
63,187,204.08794448707513,204.08773364076194,204.0877461334091,3719229.5792298405,45.16520201716405,994222.0300576629,19.160479992441143,-1,-0.06121213740269245,0.999320356304636,0.0,0.5995922137827816,2.0,0.625,1.875,N1 O5,de-protonated,,0.0,,C8 H15 O5 N1,8.0,15.0,5.0,1.0,,,,,,
64,189,205.07195410139857,205.07174225752783,205.0717617163191,2613827.695380105,111.7391185314618,979062.9978839295,13.712376478106918,-1,-0.09488771683903757,0.9983676280792273,0.0,0.5990205768475364,2.0,0.75,1.75,O6,de-protonated,,0.0,,C8 H14 O6,8.0,14.0,6.0,,,,,,,
65,190,205.10834993579294,205.10813805502565,205.1081472256691,1721316.6172294316,45.166415097349606,887428.1359243405,8.964367425034965,-1,-0.04471125872654059,0.9996373323176222,0.0,0.5997823993905733,1.0,0.5555555555555556,2.0,O5,de-protonated,,0.0,,C9 H18 O5,9.0,18.0,5.0,,,,,,,
66,191,205.16000844246324,205.15979650932675,205.15978887630908,3939969.132093073,47.48537406649966,993466.8832588128,20.39222513481236,-1,0.037205232641990674,0.9997488649451275,0.0,0.5998493189670765,4.0,0.07142857142857142,1.5714285714285714,O1,de-protonated,,0.0,,C14 H22 O1,14.0,22.0,1.0,,,,,,,
67,193,207.01238176701239,207.01216795605475,207.01213883862906,1953063.1044692486,52.65656184750415,1039416.4160512071,10.053988127901809,-1,0.14065564396646504,0.9964166529096317,0.0,0.597849991745779,7.0,0.3,0.8,S1 O3,de-protonated,,0.0,,C10 H8 O3 S1,10.0,8.0,3.0,,,1.0,,,,
68,195,207.10284751428907,207.10263361162467,207.1026679220691,1910066.042086777,87.94323294095793,951426.9883638162,9.853961138969732,-1,-0.16566877077955772,0.9950323136310766,0.0,0.597019388178646,5.0,0.25,1.3333333333333333,O3,de-protonated,,0.0,,C12 H16 O3,12.0,16.0,3.0,,,,,,,
69,196,207.13926641649223,207.13905247690934,207.13905343141906,7445995.520940055,86.8859468845258,891090.6519945727,38.84734679786144,-1,-0.00460806255459482,0.9999961470823777,0.0,0.5999976882494266,4.0,0.15384615384615385,1.5384615384615385,O2,de-protonated,,0.0,,C13 H20 O2,13.0,20.0,2.0,,,,,,,
70,202,209.0127251758163,209.01250933711174,209.0125327617991,2064262.5928883376,74.1345824619402,887020.576207109,10.851464149565224,-1,-0.11207312330285474,0.9977235297457958,0.0,0.5986341178474774,2.0,1.0,1.6666666666666667,S1 O6,de-protonated,,0.0,,C6 H10 O6 S1,6.0,10.0,6.0,,,1.0,,,,
71,204,209.0821297170338,209.08191380797533,209.08193247717907,3997842.240978987,73.3047802119172,883599.707393216,20.70279335447006,-1,-0.08929132957153674,0.9985543661688719,0.0,0.5991326197013231,5.0,0.36363636363636365,1.2727272727272727,O4,de-protonated,,0.0,,C11 H14 O4,11.0,14.0,4.0,,,,,,,
72,205,209.08551130574563,209.08529539325932,209.0853037804991,24955821.88932419,84.1693862278404,927516.5331655776,131.7651470249414,-1,-0.04011396125007216,0.9995569720595632,0.9919280561379262,0.9965054056909084,0.0,0.5,2.25,S1 O4,de-protonated,,0.0,,C8 H18 O4 S1,8.0,18.0,4.0,,,1.0,,,,
73,206,209.1185426477979,209.11832670182847,209.1183179865291,1727459.6802839078,90.1405875272221,877171.3367714541,8.956471622840276,-1,0.04167640337186402,0.9996848873347937,0.0,0.5998109324008761,4.0,0.25,1.5,O3,de-protonated,,0.0,,C12 H18 O3,12.0,18.0,3.0,,,,,,,
74,207,209.15492557405565,209.15470959120566,209.15470349587906,43311269.644686416,116.76699838847382,942900.2295829508,222.76689925277725,-1,0.02914267045088514,0.9998613314399536,0.9984436670487025,0.9992942656834531,3.0,0.15384615384615385,1.6923076923076923,O2,de-protonated,,0.0,,C13 H22 O2,13.0,22.0,2.0,,,,,,,
75,208,210.08886352168076,210.08864659212847,210.0886586155691,2399237.2508117612,26.101107811523054,993807.7917090149,12.333243028101538,-1,-0.05723031748443019,0.999405876002851,0.9919280561379262,0.9964147480568811,0.0,0.5,2.25,13C1 S1 O4,de-protonated,,1.0,205.0,C7 H18 O4 S1 13C1,7.0,18.0,4.0,,,1.0,1.0,,,
76,210,210.15828080818562,210.158063808268,210.15805833094907,6177608.71139483,70.1322234866324,970881.095411776,31.972735020353714,-1,0.026062854622259667,0.9998767545123435,0.9984436670487025,0.9993035195268871,3.0,0.15384615384615385,1.6923076923076923,13C1 O2,de-protonated,,1.0,207.0,C12 H22 O2 13C1,12.0,22.0,2.0,,,,1.0,,,
77,214,211.06142913764737,211.06121122225574,211.06119703228907,2431452.8195745284,89.47972790639227,986023.281799867,12.728033137835903,-1,0.06723152745530173,0.9991801739744893,0.0,0.5995081043846936,5.0,0.5,1.2,O5,de-protonated,,0.0,,C10 H12 O5,10.0,12.0,5.0,,,,,,,
78,215,211.097790956499,211.09757300424965,211.0975825416391,7063067.129772811,96.9267585350661,893237.5717897167,37.27871409518357,-1,-0.045180003155327386,0.9996296895926602,0.0,0.5997778137555961,4.0,0.36363636363636365,1.4545454545454546,O4,de-protonated,,0.0,,C11 H16 O4,11.0,16.0,4.0,,,,,,,
79,216,211.1341859776463,211.1339679885056,211.13396805098907,11558084.709745204,53.37893775240792,914981.5552885528,59.902819317027536,-1,-0.0002959423360456448,0.9999999841083855,0.0,0.5999999904650313,3.0,0.25,1.6666666666666667,O3,de-protonated,,0.0,,C12 H20 O3,12.0,20.0,3.0,,,,,,,
80,217,211.1705659593127,211.17034793329591,211.17035356033907,1625408.6268783729,64.72218547675605,952921.0339266454,8.485355425223936,-1,-0.026646937207627806,0.9998711689790363,0.0,0.5999227013874218,2.0,0.15384615384615385,1.8461538461538463,O2,de-protonated,,0.0,,C13 H24 O2,13.0,24.0,2.0,,,,,,,
81,222,213.0770717578777,213.0768517993938,213.07684709674908,5507749.531805379,95.01492986951192,978995.7734559921,28.49858205469131,-1,0.02207018169542852,0.9999116215351485,0.0,0.599946972921089,4.0,0.5,1.4,O5,de-protonated,,0.0,,C10 H14 O5,10.0,14.0,5.0,,,,,,,
82,223,213.11345207746132,213.11323208210243,213.11323260609907,10702845.827992266,101.76770954279344,920087.0984196762,55.81805764830931,-1,-0.002458771051210084,0.999998903042574,0.0,0.5999993418255444,3.0,0.36363636363636365,1.6363636363636365,O4,de-protonated,,0.0,,C11 H18 O4,11.0,18.0,4.0,,,,,,,
83,224,213.14982786269948,213.14960783047022,213.14961811544907,7112535.264108847,88.9970785013011,855895.7659892553,37.236603150145235,-1,-0.048252391663041294,0.9995776234652428,0.0,0.5997465740791457,2.0,0.25,1.8333333333333333,O3,de-protonated,,0.0,,C12 H22 O3,12.0,22.0,3.0,,,,,,,
84,225,213.18622554429814,213.18600547517633,213.18600362479907,11368333.662362078,73.73303586454873,913729.2223331827,58.57632454832007,-1,0.00867963763077263,0.9998991036512901,0.9759030634088084,0.9903006875542973,1.0,0.15384615384615385,2.0,O2,de-protonated,,0.0,,C13 H26 O2,13.0,26.0,2.0,,,,,,,
85,229,214.14509123324942,214.1448701922344,214.1448670876491,3926738.105527926,43.35670936469718,996435.1697333065,20.271156167827154,-1,0.014497593894903096,0.9999618638008095,0.0,0.5999771182804857,2.0,0.2727272727272727,1.9090909090909092,N1 O3,de-protonated,,0.0,,C11 H21 O3 N1,11.0,21.0,3.0,1.0,,,,,,
86,230,214.18958644301992,214.18936535690563,214.18935845986908,1964903.508552013,56.977461332330904,968526.2179041575,10.280334457482844,-1,0.03220064988979636,0.9998118768472337,0.9759030634088084,0.9902483514718635,1.0,0.15384615384615385,2.0,13C1 O2,de-protonated,,1.0,225.0,C12 H26 O2 13C1,12.0,26.0,2.0,,,,1.0,,,
87,234,215.0563216678806,215.05609970327188,215.05611165185908,2216869.585561357,50.04716967223015,922052.4362599916,11.380482896609273,-1,-0.05556032380931648,0.9994400338932462,0.0,0.5996640203359477,4.0,0.6666666666666666,1.3333333333333333,O6,de-protonated,,0.0,,C9 H12 O6,9.0,12.0,6.0,,,,,,,
88,236,215.0927272725719,215.09250527106397,215.09249716120908,14205242.205394581,45.63378833580937,936796.2504204726,72.91510133387217,-1,0.03770403429224721,0.9997420868649076,0.0,0.5998452521189446,3.0,0.5,1.6,O5,de-protonated,,0.0,,C10 H16 O5,10.0,16.0,5.0,,,,,,,
89,237,215.12909293919247,215.1288709008259,215.12888267055905,9927937.749969402,83.79220446831879,898581.0762439917,51.859628814706085,-1,-0.05471014871218103,0.9994570351833888,0.0,0.5996742211100332,2.0,0.36363636363636365,1.8181818181818181,O4,de-protonated,,0.0,,C11 H20 O4,11.0,20.0,4.0,,,,,,,
90,238,215.16549136642615,215.1652692911677,215.16526817990908,7618107.314292667,61.594374468533495,944440.0871269855,39.373733610840596,-1,0.005164674744450393,0.9999951600739102,0.0,0.5999970960443461,1.0,0.25,2.0,O3,de-protonated,,0.0,,C12 H24 O3,12.0,24.0,3.0,,,,,,,
91,243,217.05422334340577,217.05399935384665,217.05400365157908,8607164.708663942,93.19788540633954,906317.8035092183,44.59549079559378,-1,-0.019800290982734312,0.999928865296378,0.0,0.5999573191778268,3.0,0.4444444444444444,1.5555555555555556,S1 O4,de-protonated,,0.0,,C9 H14 O4 S1,9.0,14.0,4.0,,,1.0,,,,
92,244,217.0719783407084,217.07175433315427,217.0717617163191,3466296.616908757,63.77344629236681,841625.6249730916,17.823457487474098,-1,-0.03401255306249549,0.9997901124334136,0.0,0.5998740674600481,3.0,0.6666666666666666,1.5555555555555556,O6,de-protonated,,0.0,,C9 H14 O6,9.0,14.0,6.0,,,,,,,
93,246,217.10837104178032,217.10814699734155,217.1081472256691,7453289.08743473,47.943139941909884,870047.5169092237,38.73154169900603,-1,-0.0010516765001734134,0.9999997993135161,0.0,0.5999998795881096,2.0,0.5,1.8,O5,de-protonated,,0.0,,C10 H18 O5,10.0,18.0,5.0,,,,,,,
94,247,217.14474201589587,217.1445179345945,217.14453273501908,3534461.2277641087,92.51048750978492,911789.4311962753,18.081387025833884,-1,-0.06815932415117303,0.9991574002098277,0.0,0.5994944401258966,1.0,0.36363636363636365,2.0,O4,de-protonated,,0.0,,C11 H22 O4,11.0,22.0,4.0,,,,,,,
95,250,219.08764001818759,219.08741396776423,219.0874117807791,4115326.6350191934,50.60944801869288,925174.711014815,21.28708271687692,-1,0.00998224920610458,0.9999819196548121,0.0,0.5999891517928873,2.0,0.6666666666666666,1.7777777777777777,O6,de-protonated,,0.0,,C9 H16 O6,9.0,16.0,6.0,,,,,,,
96,257,221.08216226347415,221.0819341916863,221.08193247717907,3941097.943811031,99.21332174523123,905747.5933513667,20.360641926033612,-1,0.007755076144982355,0.9999890875167171,0.0,0.5999934525100302,6.0,0.3333333333333333,1.1666666666666667,O4,de-protonated,,0.0,,C12 H14 O4,12.0,14.0,4.0,,,,,,,
97,258,221.15493962262545,221.15471147708232,221.15470349587906,20759824.237462636,81.98992346295546,908430.497407804,107.5513536279004,-1,0.0360887791563391,0.9998785046677084,0.9870061852982753,0.9947295769199351,4.0,0.14285714285714285,1.5714285714285714,O2,de-protonated,,0.0,,C14 H22 O2,14.0,22.0,2.0,,,,,,,
98,259,221.19127631507249,221.19104813270445,221.1910890052291,1758044.8931831433,55.12643334738453,811062.646007782,9.095964128279752,-1,-0.18478377596372858,0.9938235796372451,0.0,0.596294147782347,3.0,0.06666666666666667,1.7333333333333334,O1,de-protonated,,0.0,,C15 H26 O1,15.0,26.0,1.0,,,,,,,
99,261,222.15828614336093,222.1580569809998,222.15805833094907,2791103.2083453187,29.311067507518082,1067266.8016346965,14.670400477728975,-1,-0.006076526310680079,0.9999933001799406,0.9870061852982753,0.9947984542272744,4.0,0.14285714285714285,1.5714285714285714,13C1 O2,de-protonated,,1.0,258.0,C13 H22 O2 13C1,13.0,22.0,2.0,,,,1.0,,,
100,270,223.0977982825665,223.09756816809707,223.0975825416391,4950409.628760217,88.5829292520425,804363.0618393264,25.508704956969723,-1,-0.06442715275413675,0.9992471158262796,0.0,0.5995482694957677,5.0,0.3333333333333333,1.3333333333333333,O4,de-protonated,,0.0,,C12 H16 O4,12.0,16.0,4.0,,,,,,,
101,272,223.13419066769254,223.1339605163432,223.13396805098907,6727370.43782636,44.04814967676083,818129.863134622,34.66783550280697,-1,-0.03376736379558293,0.9997931272840951,0.0,0.599875876370457,4.0,0.23076923076923078,1.5384615384615385,O3,de-protonated,,0.0,,C13 H20 O3,13.0,20.0,3.0,,,,,,,
102,273,223.2069673322381,223.20673710713714,223.2067390696891,8351937.930148322,44.788594483430884,875185.2258940786,42.858414312762584,-1,-0.00879252999568339,0.9999859725574279,0.0,0.5999915835344567,2.0,0.06666666666666667,1.8666666666666667,O1,de-protonated,,0.0,,C15 H28 O1,15.0,28.0,1.0,,,,,,,
103,278,224.16579130198514,224.16556010522544,224.16560253253908,2409887.212085685,38.46510201070387,767376.290104212,12.451680061021849,-1,-0.18926772513373327,0.9935211745277933,0.0,0.596112704716676,3.0,0.15384615384615385,1.7692307692307692,N1 O2,de-protonated,,0.0,,C13 H23 O2 N1,13.0,23.0,2.0,1.0,,,,,,
104,284,225.077093220635,225.07686110039177,225.07684709674908,2482304.710977035,35.63312896400986,1056607.8625378434,12.706977665316737,-1,0.062217162140477796,0.9992978632369164,0.0,0.5995787179421498,5.0,0.45454545454545453,1.2727272727272727,O5,de-protonated,,0.0,,C11 H14 O5,11.0,14.0,5.0,,,,,,,
105,286,225.11346878547445,225.11323662836978,225.11323260609907,3555627.7344699027,45.931202198370954,896687.3406613874,18.713051201408867,-1,0.017867766611642445,0.9999420728994084,0.0,0.599965243739645,4.0,0.3333333333333333,1.5,O4,de-protonated,,0.0,,C12 H18 O4,12.0,18.0,4.0,,,,,,,
106,287,225.14983929586236,225.14960710190138,225.14961811544907,18843470.68374313,82.04193343480516,873274.9186686554,98.41327855458232,-1,-0.048916572827456754,0.9996246973465222,0.9887434119090418,0.99527218317153,3.0,0.23076923076923078,1.6923076923076923,O3,de-protonated,,0.0,,C13 H22 O3,13.0,22.0,3.0,,,,,,,
107,288,225.1862305846864,225.18599835384808,225.18600362479907,6960783.849983196,53.2884792564259,898826.3453544164,35.85746970013986,-1,-0.02340709861253452,0.9999005906096335,0.0,0.5999403543657801,2.0,0.14285714285714285,1.8571428571428572,O2,de-protonated,,0.0,,C14 H26 O2,14.0,26.0,2.0,,,,,,,
108,296,226.1531967149073,226.15296350419743,226.15297295051909,2929020.026448122,40.101042498445935,942246.7820454504,15.10203766437188,-1,-0.041769610774147925,0.9996834765114079,0.9887434119090418,0.9953074506704614,3.0,0.23076923076923078,1.6923076923076923,13C1 O3,de-protonated,,1.0,287.0,C12 H22 O3 13C1,12.0,22.0,3.0,,,,1.0,,,
109,301,227.0927220627067,227.09248789995027,227.09249716120908,48800199.95448431,151.57312710526946,899801.7175052832,253.00255779029976,-1,-0.04078187930593233,0.9998152991778355,0.9954181097001356,0.9980564233867555,4.0,0.45454545454545453,1.4545454545454546,O5,de-protonated,,0.0,,C11 H16 O5,11.0,16.0,5.0,,,,,,,
110,302,227.12911637286268,227.12888217322723,227.12888267055905,15974268.200551722,99.48795617689592,887731.966786658,83.71655873620439,-1,-0.0021896458946662144,0.9998926548059317,0.9896672601256884,0.9958024969338344,3.0,0.3333333333333333,1.6666666666666667,O4,de-protonated,,0.0,,C12 H20 O4,12.0,20.0,4.0,,,,,,,
111,303,227.16550095321668,227.16526671671213,227.16526817990908,5309865.5112246005,62.235371648610844,899324.2525155927,27.698474098962993,-1,-0.006441112075664202,0.9999924720988872,0.0,0.5999954832593323,2.0,0.23076923076923078,1.8461538461538463,O3,de-protonated,,0.0,,C13 H24 O3,13.0,24.0,3.0,,,,,,,
112,304,227.201882392016,227.20164811864555,227.20165368925908,31557265.678333525,111.34332812694092,880961.609896374,162.5061369029239,-1,-0.024518366982753427,0.9998414505967608,0.9898266810461868,0.9958355427765311,1.0,0.14285714285714285,2.0,O2,de-protonated,,0.0,,C14 H28 O2,14.0,28.0,2.0,,,,,,,
113,308,228.09609158071447,228.09585640123586,228.0958519962791,5527368.662989163,79.56070002968237,872902.9412965555,28.824941878738382,-1,0.019311867053126593,0.9999323313270285,0.9954181097001356,0.9981266426762714,4.0,0.45454545454545453,1.4545454545454546,13C1 O5,de-protonated,,1.0,301.0,C10 H16 O5 13C1,10.0,16.0,5.0,,,,1.0,,,
114,309,228.1324805537078,228.13224533735635,228.13223750562906,2286452.374518312,74.01582438050649,860473.8927220587,11.806856215122387,-1,0.03432977019667394,0.9997861795761286,0.9896672601256884,0.9957386117959525,3.0,0.3333333333333333,1.6666666666666667,13C1 O4,de-protonated,,1.0,302.0,C11 H20 O4 13C1,11.0,20.0,4.0,,,,1.0,,,
115,310,228.16074366147967,228.16050841648928,228.1605171521091,3022827.491280125,34.49701847303202,941054.0550432414,15.802132125634152,-1,-0.03828716696520401,0.9997340484439985,0.0,0.5998404290663991,2.0,0.25,1.9166666666666667,N1 O3,de-protonated,,0.0,,C12 H23 O3 N1,12.0,23.0,3.0,1.0,,,,,,
116,311,228.19712489074482,228.19688960888948,228.19690266145906,1666691.7687898234,92.1281295222917,732634.5517204572,8.62484793066341,-1,-0.05719871493845081,0.9994065317768103,0.0,0.5996439190660862,1.0,0.15384615384615385,2.076923076923077,N1 O2,de-protonated,,0.0,,C13 H27 O2 N1,13.0,27.0,2.0,1.0,,,,,,
117,312,228.2052515417678,228.2050162516778,228.2050085243291,5209079.683311754,78.6288161346463,889920.2341921078,27.308947857358422,-1,0.0338614334199543,0.999791973180489,0.9898266810461868,0.995805856326768,1.0,0.14285714285714285,2.0,13C1 O2,de-protonated,,1.0,304.0,C13 H28 O2 13C1,13.0,28.0,2.0,,,,1.0,,,
118,315,229.07199394275096,229.07175777440222,229.0717617163191,3416236.6635881616,64.69119385126758,908277.4262141644,17.83398522373368,-1,-0.01720821826044133,0.9999462703548516,0.0,0.5999677622129109,4.0,0.6,1.4,O6,de-protonated,,0.0,,C10 H14 O6,10.0,14.0,6.0,,,,,,,
119,316,229.10838647429992,229.10815026907542,229.1081472256691,15202174.006874574,78.85105201576384,870699.7477491816,78.05263662854871,-1,0.013283710660070303,0.9984274428504871,0.9977929452924449,0.9981736438272703,3.0,0.45454545454545453,1.6363636363636365,O5,de-protonated,,0.0,,C11 H18 O5,11.0,18.0,5.0,,,,,,,
120,318,229.14475556547038,229.14451932339392,229.14453273501908,10990805.090394218,110.13683199628801,857079.8794503863,56.78660938419095,-1,-0.05852910825091106,0.9993786122673974,0.0,0.5996271673604384,2.0,0.3333333333333333,1.8333333333333333,O4,de-protonated,,0.0,,C12 H22 O4,12.0,22.0,4.0,,,,,,,
121,319,229.18117401936018,229.18093774038175,229.18091824436908,3701933.636973185,65.30783599793821,782558.607826758,19.044674893585732,-1,0.08506821954680886,0.998687789779675,0.0,0.599212673867805,1.0,0.23076923076923078,2.0,O3,de-protonated,,0.0,,C13 H26 O3,13.0,26.0,3.0,,,,,,,
122,322,230.11170911809484,230.1114718962361,230.1115020607391,1766741.3971996685,57.129168103854674,766828.7043227211,9.040693512916942,-1,-0.1310864633785698,0.9968869030736048,0.9977929452924449,0.9972493199611409,3.0,0.45454545454545453,1.6363636363636365,13C1 O5,de-protonated,,1.0,316.0,C10 H18 O5 13C1,10.0,18.0,5.0,,,,1.0,,,
123,324,230.1763927013739,230.17615541397413,230.1761672165691,2689125.5866756774,135.16099070604557,801981.1671906796,14.067687576867845,-1,-0.051276355461283694,0.9995230371699837,0.0,0.5997138223019902,1.0,0.25,2.0833333333333335,N1 O3,de-protonated,,0.0,,C12 H25 O3 N1,12.0,25.0,3.0,1.0,,,,,,
124,332,231.06989767486178,231.06965948212058,231.06965371603906,2668829.063570594,60.32533613209523,892202.821713921,13.675529401198377,-1,0.02495386752851922,0.9998870191015351,0.0,0.599932211460921,3.0,0.4,1.6,S1 O4,de-protonated,,0.0,,C10 H16 O4 S1,10.0,16.0,4.0,,,1.0,,,,
125,333,231.0876590849619,231.08742087422416,231.0874117807791,4267322.211870425,93.75217707656223,831249.4059210062,21.98717717813919,-1,0.03935067255468214,0.999719070635395,0.0,0.599831442381237,3.0,0.6,1.6,O6,de-protonated,,0.0,,C10 H16 O6,10.0,16.0,6.0,,,,,,,
126,335,231.12404427359223,231.12380602598765,231.12379729012906,6793821.6243807245,61.34061834971986,859627.5913467292,35.48899893105445,-1,0.03779731333716761,0.9997408093078066,0.0,0.599844485584684,2.0,0.45454545454545453,1.8181818181818181,O5,de-protonated,,0.0,,C11 H20 O5,11.0,20.0,5.0,,,,,,,
127,336,231.16043519259242,231.1601969081152,231.16018279947906,3755979.163555436,82.08680099914264,890690.577919717,19.507895289007386,-1,0.06103402402636528,0.9993243044323026,0.0,0.5995945826593815,1.0,0.3333333333333333,2.0,O4,de-protonated,,0.0,,C12 H24 O4,12.0,24.0,4.0,,,,,,,
128,345,232.08290268563934,232.08266346649293,232.08266075297908,6513755.642002417,66.1699370723894,874402.9279818957,33.52031225051242,-1,0.01169201456991862,0.999975195690724,0.0,0.5999851174144344,3.0,0.6666666666666666,1.6666666666666667,N1 O6,de-protonated,,0.0,,C9 H15 O6 N1,9.0,15.0,6.0,1.0,,,,,,
129,350,232.19204797970616,232.1918086499719,232.19181728102907,2338220.575522451,60.54322540863537,829190.2364016098,12.159535379818418,-1,-0.03717209879045294,0.9997493119964247,0.0,0.5998495871978548,0.0,0.25,2.25,N1 O3,de-protonated,,0.0,,C12 H27 O3 N1,12.0,27.0,3.0,1.0,,,,,,
130,359,233.1032939495721,233.1030536965573,233.1030618452391,3440814.047008051,26.00558796243604,882567.6445755138,17.744499465527223,-1,-0.03495742064355306,0.9997782904292822,0.0,0.5998669742575693,2.0,0.6,1.8,O6,de-protonated,,0.0,,C10 H18 O6,10.0,18.0,6.0,,,,,,,
131,360,233.1549377083678,233.1546974030277,233.15470349587906,4046333.5734268604,111.74429545902079,931668.1804187734,20.73437656324881,-1,-0.026132225767713894,0.999876097598228,0.0,0.5999256585589368,5.0,0.13333333333333333,1.4666666666666666,O2,de-protonated,,0.0,,C15 H22 O2,15.0,22.0,2.0,,,,,,,
132,368,235.11312506473047,235.11288277539998,235.1128386829291,1642223.5983483698,42.893636585615624,1038930.6938803353,8.416925139536646,-1,0.1875374868249679,0.9936387128450285,0.0,0.596183227707017,10.0,0.058823529411764705,0.9411764705882353,O1,de-protonated,,0.0,,C17 H16 O1,17.0,16.0,1.0,,,,,,,
133,370,235.1705902057257,235.170347858174,235.17035356033907,5286919.658173568,94.34869348737364,907042.8483495754,27.29842012109884,-1,-0.02424695531759041,0.9998933293139469,0.0,0.5999359975883681,4.0,0.13333333333333333,1.6,O2,de-protonated,,0.0,,C15 H24 O2,15.0,24.0,2.0,,,,,,,
134,380,237.04407795449194,237.04383370883951,237.0438328907191,2531974.6567510203,83.17449869728779,876670.0044751399,13.464974676006717,-1,0.0034513465392788573,0.9999978386231563,0.0,0.5999987031738937,2.0,0.75,1.75,S1 O6,de-protonated,,0.0,,C8 H14 O6 S1,8.0,14.0,6.0,,,1.0,,,,
135,386,237.11348473877698,237.11324042280728,237.11323260609907,3993639.1521437243,89.75435492227207,836106.4260931625,20.592252123744437,-1,0.0329661407726679,0.9998028270987305,0.0,0.5998816962592383,5.0,0.3076923076923077,1.3846153846153846,O4,de-protonated,,0.0,,C13 H18 O4,13.0,18.0,4.0,,,,,,,
136,387,237.1498465232114,237.14960217040297,237.14961811544907,3943093.085860482,44.13102823710372,772944.2676773865,20.418544475461317,-1,-0.06723622929676731,0.9991800593483269,0.0,0.5995080356089961,4.0,0.21428571428571427,1.5714285714285714,O3,de-protonated,,0.0,,C14 H22 O3,14.0,22.0,3.0,,,,,,,
137,388,237.18624132827378,237.18599693859318,237.18600362479907,1662280.5633630066,30.38209592602746,962255.0129893614,8.60642439220914,-1,-0.028189715205641456,0.9998558203739468,0.0,0.5999134922243681,3.0,0.13333333333333333,1.7333333333333334,O2,de-protonated,,0.0,,C15 H26 O2,15.0,26.0,2.0,,,,,,,
138,393,238.14512498069172,238.14487961956,238.1448670876491,6081717.601218886,76.28304848125394,905232.7606009194,31.62531972378747,-1,0.05262305692626374,0.9994976610308159,0.0,0.5996985966184896,4.0,0.23076923076923078,1.6153846153846154,N1 O3,de-protonated,,0.0,,C13 H21 O3 N1,13.0,21.0,3.0,1.0,,,,,,
139,397,239.0927398213039,239.0924935001556,239.09249716120908,9820319.501632499,125.37487098752649,841088.5598356673,50.68052235363279,-1,-0.015312289289509057,0.9999574573203949,0.0,0.599974474392237,5.0,0.4166666666666667,1.3333333333333333,O5,de-protonated,,0.0,,C12 H16 O5,12.0,16.0,5.0,,,,,,,
140,398,239.12912352581532,239.1288771678075,239.12888267055905,133900076.89467384,165.76745740380989,865357.0915622513,686.9137354652746,-1,-0.023011655836773982,0.9998657455178218,0.9930925768143287,0.9971564780364246,4.0,0.3076923076923077,1.5384615384615385,O4,de-protonated,,0.0,,C13 H20 O4,13.0,20.0,4.0,,,,,,,
141,399,239.16554585695906,239.16529946205264,239.16526817990908,2198490.4999964777,56.87857535101455,912148.0123269232,11.454177050426354,-1,0.13079718391023604,0.9969006064849647,0.0,0.5981403638909788,3.0,0.21428571428571427,1.7142857142857142,O3,de-protonated,,0.0,,C14 H24 O3,14.0,24.0,3.0,,,,,,,
142,400,239.2018787048361,239.20163227312173,239.20165368925908,4165088.348101545,141.68750322693867,816743.0645988453,21.481845837679206,-1,-0.08953172778371733,0.9985465772245613,0.0,0.5991279463347368,2.0,0.13333333333333333,1.8666666666666667,O2,de-protonated,,0.0,,C15 H28 O2,15.0,28.0,2.0,,,,,,,
143,406,240.12438078350522,240.124133417235,240.1241316427591,2125354.6104572327,79.07061294523739,831857.1934284858,11.122553358249489,-1,0.007389827413556647,0.9999900912181295,0.0,0.5999940547308777,4.0,0.3333333333333333,1.5833333333333333,N1 O4,de-protonated,,0.0,,C12 H19 O4 N1,12.0,19.0,4.0,1.0,,,,,,
144,407,240.1324922829604,240.13224490847279,240.13223750562906,20039785.461156737,103.65679897207835,848706.0339755964,105.3826399584263,-1,0.030828196155731336,0.9998275700865346,0.9930925768143287,0.9971335727776522,4.0,0.3076923076923077,1.5384615384615385,13C1 O4,de-protonated,,1.0,398.0,C12 H20 O4 13C1,12.0,20.0,4.0,,,,1.0,,,
145,415,241.07199226962814,241.07174394338224,241.0717617163191,3083601.7726114197,92.07864178092028,766375.5454445172,15.854770806932068,-1,-0.07372467317032497,0.9990142531453642,0.0,0.5994085518872185,5.0,0.5454545454545454,1.2727272727272727,O6,de-protonated,,0.0,,C11 H14 O6,11.0,14.0,6.0,,,,,,,
146,416,241.10840428749947,241.10815592436686,241.1081472256691,10719777.376643933,74.65053469578308,846517.3443809215,55.22850441777266,-1,0.036077991844312374,0.9997638503772761,0.0,0.5998583102263656,4.0,0.4166666666666667,1.5,O5,de-protonated,,0.0,,C12 H18 O5,12.0,18.0,5.0,,,,,,,
147,419,241.1447721891531,241.14452378917844,241.14453273501908,39847400.71160653,126.63028622574517,849281.6283862218,204.7855257214094,-1,-0.03709742263840447,0.9997785879126606,0.9988483249686999,0.9994064827350764,3.0,0.3076923076923077,1.6923076923076923,O4,de-protonated,,0.0,,C13 H22 O4,13.0,22.0,4.0,,,,,,,
148,420,241.18117722591856,241.18092878906427,241.18091824436908,5418152.422291104,87.28053362717301,831272.1432794414,28.651234230455263,-1,0.04372110058752684,0.9996532146952817,0.0,0.599791928817169,2.0,0.21428571428571427,1.8571428571428572,O3,de-protonated,,0.0,,C14 H26 O3,14.0,26.0,3.0,,,,,,,
149,421,241.2175487280211,241.21730025432117,241.21730375371908,16198932.951477604,114.62244702982593,850434.5096654205,84.1376681865877,-1,-0.01450724243748132,0.9999784080048355,0.9804552323074989,0.9921691377259009,1.0,0.13333333333333333,2.0,O2,de-protonated,,0.0,,C15 H30 O2,15.0,30.0,2.0,,,,,,,
150,426,242.14001835870098,242.13976895051525,242.13978170721907,2059385.838602762,75.46894324042195,831046.9815643439,10.64354135843846,-1,-0.052683221794009236,0.9994965119975738,0.0,0.5996979071985443,3.0,0.3333333333333333,1.75,N1 O4,de-protonated,,0.0,,C12 H21 O4 N1,12.0,21.0,4.0,1.0,,,,,,
151,427,242.1481448871676,242.14789547074957,242.14788757008907,5543097.354131855,84.46538850729085,815947.6689606316,28.435415637133808,-1,0.032627418663642466,0.999806857736846,0.9988483249686999,0.9994234446295875,3.0,0.3076923076923077,1.6923076923076923,13C1 O4,de-protonated,,1.0,419.0,C12 H22 O4 13C1,12.0,22.0,4.0,,,,1.0,,,
152,428,242.1764219377851,242.17617249272195,242.1761672165691,10861224.25267282,93.94023508938683,865559.0514273398,56.723442966633456,-1,0.02178642476919189,0.9999138793973307,0.0,0.5999483276383983,2.0,0.23076923076923078,1.9230769230769231,N1 O3,de-protonated,,0.0,,C13 H25 O3 N1,13.0,25.0,3.0,1.0,,,,,,
153,429,242.22090935004906,242.22065985991944,242.2206585887891,3065656.1620137948,46.703076367620874,837671.4351291311,16.10217260903227,-1,0.005247819700844441,0.9999950029861365,0.9804552323074989,0.9921790947146815,1.0,0.13333333333333333,2.0,13C1 O2,de-protonated,,1.0,421.0,C14 H30 O2 13C1,14.0,30.0,2.0,,,,1.0,,,
154,432,243.08766355798343,243.0874131898261,243.0874117807791,5184416.924757371,102.9327825022535,806718.6169236583,27.251045307930717,-1,0.005796462233158777,0.9999939035288136,0.0,0.5999963421172881,4.0,0.5454545454545454,1.4545454545454546,O6,de-protonated,,0.0,,C11 H16 O6,11.0,16.0,6.0,,,,,,,
155,433,243.12405219869893,243.12380179368,243.12379729012906,7599169.545198038,114.85545579842533,809590.0927414676,39.594816072291835,-1,0.018523694473219936,0.999937741948104,0.0,0.5999626451688624,3.0,0.4166666666666667,1.6666666666666667,O5,de-protonated,,0.0,,C12 H20 O5,12.0,20.0,5.0,,,,,,,
156,434,243.16043584258648,243.16018540071101,243.16018279947906,8252140.226529782,92.25787724859008,845587.6140452658,42.721553741388,-1,0.010697606512795532,0.9999792354483663,0.0,0.5999875412690198,2.0,0.3076923076923077,1.8461538461538463,O4,de-protonated,,0.0,,C13 H24 O4,13.0,24.0,4.0,,,,,,,
157,436,243.1968238059033,243.196573327167,243.1965683088291,4979388.577975112,35.91941675782722,820771.2010386309,26.066674978727622,-1,0.02063490425285001,0.9999227422657191,0.0,0.5999536453594314,1.0,0.21428571428571427,2.0,O3,de-protonated,,0.0,,C14 H28 O3,14.0,28.0,3.0,,,,,,,
158,439,244.15567666328067,244.15542521323968,244.1554317716791,3850306.37788396,114.71579740014602,825337.8127892553,19.886893794352375,-1,-0.026861738753680673,0.9998690837247198,0.0,0.5999214502348319,2.0,0.3333333333333333,1.9166666666666667,N1 O4,de-protonated,,0.0,,C12 H23 O4 N1,12.0,23.0,4.0,1.0,,,,,,
159,441,245.0855368135261,245.08528442156722,245.0853037804991,3192176.939856381,101.77173899745422,797062.5842232367,16.702253575828504,-1,-0.07898854630178927,0.9988685476651937,0.0,0.5993211285991162,3.0,0.36363636363636365,1.6363636363636365,S1 O4,de-protonated,,0.0,,C11 H18 O4 S1,11.0,18.0,4.0,,,1.0,,,,
160,442,245.1033130175442,245.10306060757878,245.1030618452391,12964560.739352122,149.71527145791023,835487.8238441787,68.19867548957897,-1,-0.005049550603216799,0.999995373439122,0.0,0.5999972240634732,3.0,0.5454545454545454,1.6363636363636365,O6,de-protonated,,0.0,,C11 H18 O6,11.0,18.0,6.0,,,,,,,
161,443,245.13970035006983,245.13944790324558,245.13944735458907,9323445.057184761,129.6372377522049,819265.6706670965,49.04872323339741,-1,0.0022381404612602882,0.9999990910744578,0.0,0.5999994546446746,2.0,0.4166666666666667,1.8333333333333333,O5,de-protonated,,0.0,,C12 H22 O5,12.0,22.0,5.0,,,,,,,
162,444,245.1760992674007,245.17584678370596,245.1758328639391,3344327.4484744705,87.48142347263997,811923.8689858335,17.391820300831192,-1,0.05677462867769654,0.9994152968472015,0.0,0.5996491781083209,1.0,0.3076923076923077,2.0,O4,de-protonated,,0.0,,C13 H26 O4,13.0,26.0,4.0,,,,,,,
163,447,246.0985316634499,246.0982782453801,246.09831081743908,1622520.1937334123,43.23206724962377,823674.1228000829,8.43271674392602,-1,-0.13235385028049837,0.9968265112682383,0.0,0.5980959067609429,3.0,0.6,1.7,N1 O6,de-protonated,,0.0,,C10 H17 O6 N1,10.0,17.0,6.0,1.0,,,,,,
164,451,247.0648329965904,247.0645785997269,247.06456833560907,3327502.2138046664,82.76676536549215,803528.029662279,17.17073783937995,-1,0.041544272827743346,0.9996868819165939,0.0,0.5998121291499563,3.0,0.5,1.6,S1 O5,de-protonated,,0.0,,C10 H16 O5 S1,10.0,16.0,5.0,,,1.0,,,,
165,452,247.0825880509646,247.08233363611666,247.08232640034907,5508463.455649753,114.46275682120708,827929.5047242382,29.224995856602536,-1,0.029284844807557782,0.9998444013258828,0.0,0.5999066407955297,3.0,0.7,1.6,O7,de-protonated,,0.0,,C10 H16 O7,10.0,16.0,7.0,,,,,,,
166,454,247.1189692343113,247.11871478261222,247.11871190969907,2325200.1157589243,53.90764386780373,701098.966443099,11.988459665600194,-1,0.01162563984222715,0.9999754765124669,0.0,0.5999852859074801,2.0,0.5454545454545454,1.8181818181818181,O6,de-protonated,,0.0,,C11 H20 O6,11.0,20.0,6.0,,,,,,,
167,455,247.17061314737106,247.17035864336097,247.17035356033907,7042995.366301459,139.38017134136027,821069.5419640706,36.4470229306765,-1,0.020564852663804832,0.9999232659059829,0.0,0.5999539595435898,5.0,0.125,1.5,O2,de-protonated,,0.0,,C16 H24 O2,16.0,24.0,2.0,,,,,,,
168,457,249.14987975424893,249.1496232454467,249.14961811544907,7281073.7047735825,102.72983599886331,806925.1921444846,37.77351769938397,-1,0.020590028018574753,0.9999230779234889,0.0,0.5999538467540934,5.0,0.2,1.4666666666666666,O3,de-protonated,,0.0,,C15 H22 O3,15.0,22.0,3.0,,,,,,,
169,458,249.1532313129174,249.15297480072044,249.15298941876907,2321942.8638171474,46.50689419991506,792851.3456575886,11.883182303004364,-1,-0.05867097424003174,0.9993755972527125,0.0,0.5996253583516274,0.0,0.25,2.1666666666666665,S1 O3,de-protonated,,0.0,,C12 H26 O3 S1,12.0,26.0,3.0,,,1.0,,,,
170,459,249.18625468950032,249.18599814385476,249.18600362479907,41650505.13192108,113.37158886190937,816966.1178023765,219.2716908145957,-1,-0.021995393923562416,0.999408893010767,0.9966793389209214,0.9983170713748288,4.0,0.125,1.625,O2,de-protonated,,0.0,,C16 H26 O2,16.0,26.0,2.0,,,,,,,
171,462,250.1451328417122,250.14487532485123,250.1448670876491,4505293.346949817,136.01999867212083,841340.1348971856,23.15575590295291,-1,0.03292972681816146,0.9998032624043853,0.0,0.5998819574426312,5.0,0.21428571428571427,1.5,N1 O3,de-protonated,,0.0,,C14 H21 O3 N1,14.0,21.0,3.0,1.0,,,,,,
172,463,250.1895965858287,250.18933902393235,250.18935845986908,7398750.655978248,61.78011644691499,855994.6905560456,38.163043940988544,-1,-0.07768490576591666,0.9989055665628942,0.9966793389209214,0.998015075506105,4.0,0.125,1.625,13C1 O2,de-protonated,,1.0,459.0,C15 H26 O2 13C1,15.0,26.0,2.0,,,,1.0,,,
173,465,251.05971727176032,251.0594588285647,251.05948295517908,4163894.1072974317,122.97012858671508,770365.7997884889,21.429207156381292,-1,-0.09609919572713019,0.9983257145085265,0.0,0.5989954287051159,2.0,0.6666666666666666,1.7777777777777777,S1 O6,de-protonated,,0.0,,C9 H16 O6 S1,9.0,16.0,6.0,,,1.0,,,,
174,467,251.09277101001558,251.09251253334185,251.09249716120908,2187899.265894306,125.36194129528323,915212.6293446071,11.209407182391049,-1,0.06122099600233886,0.9993201596416817,0.0,0.599592095785009,6.0,0.38461538461538464,1.2307692307692308,O5,de-protonated,,0.0,,C13 H16 O5,13.0,16.0,5.0,,,,,,,
175,468,251.12913276627538,251.12887425277313,251.12888267055905,6695723.025424941,84.1632040935532,855770.0805104212,34.53097493143239,-1,-0.03351978406959463,0.9997961494049625,0.0,0.5998776896429775,5.0,0.2857142857142857,1.4285714285714286,O4,de-protonated,,0.0,,C14 H20 O4,14.0,20.0,4.0,,,,,,,
176,470,251.16553034058018,251.1652717902131,251.16526817990908,6808125.795103888,82.71252608307589,849909.0307692576,36.13119084288901,-1,0.01437421681089715,0.9999625101183303,0.0,0.5999775060709981,4.0,0.2,1.6,O3,de-protonated,,0.0,,C15 H24 O3,15.0,24.0,3.0,,,,,,,
177,476,253.07201538464503,253.07175490335692,253.0717617163191,1598222.6538032095,42.55857163175831,795185.9018480763,8.319543579135502,-1,-0.026921068250871916,0.9998685048148215,0.0,0.5999211028888929,6.0,0.5,1.1666666666666667,O6,de-protonated,,0.0,,C12 H14 O6,12.0,14.0,6.0,,,,,,,
178,478,253.08324814281556,253.08298765015093,253.0829951056091,1933176.9466791055,67.0179791818235,834779.6128811018,9.97239817189004,-1,-0.029458550374176374,0.9998425501033609,0.0,0.5999055300620165,6.0,0.45454545454545453,1.2727272727272727,N2 O5,de-protonated,,0.0,,C11 H14 O5 N2,11.0,14.0,5.0,2.0,,,,,,
179,479,253.1084089307484,253.108148412601,253.1081472256691,6194414.263922133,50.15943958604008,798824.670147015,32.05695691043038,-1,0.00468942593902726,0.9999960098214973,0.0,0.5999976058928983,5.0,0.38461538461538464,1.3846153846153846,O5,de-protonated,,0.0,,C13 H18 O5,13.0,18.0,5.0,,,,,,,
180,481,253.1447897899637,253.14452923496987,253.14453273501908,29605471.56273328,74.5615230212791,824043.1106387866,152.5679538738775,-1,-0.013826288009260645,0.9998413268393354,0.9937669419730327,0.9974115728928142,4.0,0.2857142857142857,1.5714285714285714,O4,de-protonated,,0.0,,C14 H22 O4,14.0,22.0,4.0,,,,,,,
181,482,253.1811681187617,253.180907526924,253.18091824436908,5081843.142292946,91.47154874646213,787942.4076617435,26.05614724246804,-1,-0.042331172378613176,0.99967490984358,0.0,0.599804945906148,3.0,0.2,1.7333333333333334,O3,de-protonated,,0.0,,C15 H26 O3,15.0,26.0,3.0,,,,,,,
182,483,253.21755927496426,253.21729864626977,253.21730375371908,20029496.457436167,34.62437914602867,829135.9233520244,102.81387231108803,-1,-0.020170222318016014,0.9999575030031289,0.9975853499578655,0.9990086417850235,2.0,0.125,1.875,O2,de-protonated,,0.0,,C16 H30 O2,16.0,30.0,2.0,,,,,,,
183,484,254.1400610011061,254.1397994381147,254.13978170721907,4123570.43182063,96.64867109602855,845263.7015399827,21.360776870694,-1,0.06976828067593806,0.9991171679434976,0.0,0.5994703007660985,4.0,0.3076923076923077,1.6153846153846154,N1 O4,de-protonated,,0.0,,C13 H21 O4 N1,13.0,21.0,4.0,1.0,,,,,,
184,485,254.14815917293524,254.1478976017422,254.14788757008907,4729282.336914251,85.55830212015972,823362.4381559904,24.655958319943494,-1,0.03947171552268635,0.9997173399402245,0.9937669419730327,0.9973371807533478,4.0,0.2857142857142857,1.5714285714285714,13C1 O4,de-protonated,,1.0,481.0,C13 H22 O4 13C1,13.0,22.0,4.0,,,,1.0,,,
185,486,254.22091823846142,254.22065659357975,254.2206585887891,3532878.107643396,125.2648050383712,767025.9909853509,18.123497970872215,-1,-0.00784833678101297,0.9999888234783694,0.9975853499578655,0.9990274340701679,2.0,0.125,1.875,13C1 O2,de-protonated,,1.0,483.0,C15 H30 O2 13C1,15.0,30.0,2.0,,,,1.0,,,
186,487,254.24919213610875,254.24893046259194,254.2489382352691,4776139.768165394,65.65000691079996,818444.3948001016,24.977054275860777,-1,-0.030571129243436364,0.9998304335347866,0.0,0.599898260120872,1.0,0.0625,2.0625,N1 O1,de-protonated,,0.0,,C16 H33 O1 N1,16.0,33.0,1.0,1.0,,,,,,
187,490,255.08766395978924,255.08740143709645,255.08741178077906,9962133.656040475,96.2411283228678,791025.4533257252,51.00688217767986,-1,-0.04054956121031648,0.9997016944304026,0.0,0.5998210166582415,5.0,0.5,1.3333333333333333,O6,de-protonated,,0.0,,C12 H16 O6,12.0,16.0,6.0,,,,,,,
188,491,255.12406089878672,255.12379833923265,255.12379729012906,49627243.55351447,72.99086125590357,812947.7571486342,259.90875277658625,-1,0.0041121353599531275,0.9999751658603528,0.9997552602077769,0.9998872035993225,4.0,0.38461538461538464,1.5384615384615385,O5,de-protonated,,0.0,,C13 H20 O5,13.0,20.0,5.0,,,,,,,
189,493,255.16044629299446,255.16018369659085,255.16018279947906,8490113.746758368,82.55724413289069,834146.5472925723,44.92185061964086,-1,0.003515876887440348,0.9999977570444868,0.0,0.5999986542266921,3.0,0.2857142857142857,1.7142857142857142,O4,de-protonated,,0.0,,C14 H24 O4,14.0,24.0,4.0,,,,,,,
190,494,255.19683970318647,255.1965770699252,255.19656830882906,3588657.0470923497,212.05027577074134,859346.5232800923,19.00782781667719,-1,0.034330775732564614,0.9997861670514733,0.0,0.599871700230884,2.0,0.2,1.8666666666666667,O3,de-protonated,,0.0,,C15 H28 O3,15.0,28.0,3.0,,,,,,,
191,495,255.23321739919763,255.23295472909464,255.2329538181791,192180916.11682928,131.16129911774038,826915.6420892135,994.4920780252529,-1,0.003568957369423286,0.9999846738720817,0.9881653692231863,0.9952569520125236,1.0,0.125,2.0,O2,de-protonated,,0.0,,C16 H32 O2,16.0,32.0,2.0,,,,,,,
192,497,256.11932645178234,256.1190628842759,256.11904626232905,3332967.334317217,61.9182674628194,830384.9517521256,17.354973223922652,-1,0.06489930003065704,0.9992360447668919,0.0,0.5995416268601351,4.0,0.4166666666666667,1.5833333333333333,N1 O5,de-protonated,,0.0,,C12 H19 O5 N1,12.0,19.0,5.0,1.0,,,,,,
193,498,256.1274198055598,256.12715622985684,256.1271521251991,6962015.203322761,55.959936983203605,789193.1998390572,36.94182653487691,-1,0.01602585953136626,0.9999533999510869,0.9997552602077769,0.9998741440537628,4.0,0.38461538461538464,1.5384615384615385,13C1 O5,de-protonated,,1.0,491.0,C12 H20 O5 13C1,12.0,20.0,5.0,,,,1.0,,,
194,499,256.1920694456109,256.1918058044349,256.19181728102905,2875311.160138858,62.23417106823469,762508.4565331327,14.828316521622721,-1,-0.044796880113567174,0.9996359422344725,0.0,0.5997815653406835,2.0,0.21428571428571427,1.9285714285714286,N1 O3,de-protonated,,0.0,,C14 H27 O3 N1,14.0,27.0,3.0,1.0,,,,,,
195,500,256.2284450643655,256.2281813863506,256.2282027903791,2748645.181251958,45.519678076751696,872890.4799107948,14.296665840513777,-1,-0.0835350216723863,0.9987346342013188,0.0,0.5992407805207912,1.0,0.13333333333333333,2.066666666666667,N1 O2,de-protonated,,0.0,,C15 H31 O2 N1,15.0,31.0,2.0,1.0,,,,,,
196,501,256.2365719457073,256.2363082594621,256.23630865324907,30811564.51636163,116.02971000852133,813393.7659860138,160.99014288154393,-1,-0.0015368118306142717,0.9999853014215501,0.9881653692231863,0.9952573285422046,1.0,0.125,2.0,13C1 O2,de-protonated,,1.0,495.0,C15 H32 O2 13C1,15.0,32.0,2.0,,,,1.0,,,
197,502,257.10333029062446,257.1030657265903,257.1030618452391,6385566.01893901,139.15084211569294,806467.770045599,32.75178750356286,-1,0.015096479787535562,0.9999586480276874,0.0,0.5999751888166124,4.0,0.5,1.5,O6,de-protonated,,0.0,,C12 H18 O6,12.0,18.0,6.0,,,,,,,
198,504,257.1397110334163,257.1394464325387,257.1394473545891,36305812.88281857,78.97379208161962,806879.515461539,189.41503078241817,-1,-0.003585799064685147,0.9999664702300757,0.9891182776603407,0.9956271932021817,3.0,0.38461538461538464,1.6923076923076923,O5,de-protonated,,0.0,,C13 H22 O5,13.0,22.0,5.0,,,,,,,
199,505,257.17611034348516,257.17584570574536,257.1758328639391,4728839.332750624,143.3765090503885,815999.7313993081,24.60331963864558,-1,0.04993395422988634,0.999547678212914,0.0,0.5997286069277484,2.0,0.2857142857142857,1.8571428571428572,O4,de-protonated,,0.0,,C14 H26 O4,14.0,26.0,4.0,,,,,,,
200,506,257.2124802080776,257.21221553350546,257.2122183732891,2486329.597661336,91.84467366339534,793688.9966310255,13.120191313505371,-1,-0.011040624940350772,0.9999778824845665,0.0,0.59998672949074,1.0,0.2,2.0,O3,de-protonated,,0.0,,C15 H30 O3,15.0,30.0,3.0,,,,,,,
201,507,257.23993216170936,257.23966745933626,257.2396634883191,1982794.6467894465,44.39442404454461,861733.4063368159,10.346132809105239,-1,0.015437033019067492,0.9999710313868104,0.9881653692231863,0.9952487665213607,1.0,0.125,2.0,13C2 O2,de-protonated,,1.0,495.0,C14 H32 O2 13C2,14.0,32.0,2.0,,,,2.0,,,
202,508,258.13498013463794,258.1347145258444,258.1346963267891,7138262.100001763,100.56096544700674,809698.4305750483,37.00499295243441,-1,0.07050216641821279,0.9990985058300382,0.0,0.5994591034980229,3.0,0.4166666666666667,1.75,N1 O5,de-protonated,,0.0,,C12 H21 O5 N1,12.0,21.0,5.0,1.0,,,,,,
203,509,258.14306293100356,258.1427973140246,258.1428021896591,5625196.329800408,84.22614192137772,819920.8980992539,29.677688515764608,-1,-0.018887354002463445,0.9999352735164608,0.9891182776603407,0.9956084751740127,3.0,0.38461538461538464,1.6923076923076923,13C1 O5,de-protonated,,1.0,504.0,C12 H22 O5 13C1,12.0,22.0,5.0,,,,1.0,,,
204,510,259.0825936486222,259.08232708019233,259.0823264003491,1833918.1536023458,92.79463012271417,661203.517863099,9.388108809483182,-1,0.0026240433422772013,0.9999987506170778,0.0,0.5999992503702466,4.0,0.6363636363636364,1.4545454545454546,O7,de-protonated,,0.0,,C11 H16 O7,11.0,16.0,7.0,,,,,,,
205,511,259.1189469286442,259.11868032340016,259.1187119096991,3693028.429936257,38.481526808821066,756656.6443751027,19.218382541868852,-1,-0.12189895003750707,0.9973074212439839,0.0,0.5983844527463903,3.0,0.5,1.6666666666666667,O6,de-protonated,,0.0,,C12 H20 O6,12.0,20.0,6.0,,,,,,,
206,513,259.15536653200843,259.1550998898831,259.15509741904907,4157739.5314886607,164.18813564671618,797306.6199386216,21.934538496841277,-1,0.009534190367011244,0.9999835063078263,0.0,0.5999901037846957,2.0,0.38461538461538464,1.8461538461538463,O5,de-protonated,,0.0,,C13 H24 O5,13.0,24.0,5.0,,,,,,,
207,514,259.191743270311,259.1914765913478,259.19148292839907,3015759.8057906157,30.974944996378056,838016.6655164756,15.61789674109145,-1,-0.024449303670179723,0.9998915415820764,0.0,0.5999349249492458,1.0,0.2857142857142857,2.0,O4,de-protonated,,0.0,,C14 H28 O4,14.0,28.0,4.0,,,,,,,
208,517,260.15059730567225,260.1503296557099,260.1503463912491,1795796.8483660999,34.226535575769226,934311.3611054653,9.548656787441823,-1,-0.06433025910999532,0.9992493778374827,0.0,0.5995496267024896,2.0,0.4166666666666667,1.9166666666666667,N1 O5,de-protonated,,0.0,,C12 H23 O5 N1,12.0,23.0,5.0,1.0,,,,,,
209,520,261.0982775426477,261.0980089330197,261.0979764648091,2059948.5457699324,61.860046417540275,776873.6126259959,10.809353204526893,-1,0.12435259367620598,0.9971980886829231,0.0,0.5983188532097539,3.0,0.6363636363636364,1.6363636363636365,O7,de-protonated,,0.0,,C11 H18 O7,11.0,18.0,7.0,,,,,,,
210,522,261.13464002679046,261.13437138034044,261.13436197415905,2045982.1798606918,90.1688627182223,870835.1385684118,10.698811973801272,-1,0.03602046593946428,0.9997646027635341,0.0,0.5998587616581205,2.0,0.5,1.8333333333333333,O6,de-protonated,,0.0,,C12 H22 O6,12.0,22.0,6.0,,,,,,,
211,524,262.97626886174527,262.97599835042763,262.9759678045391,44318070.789353766,151.71893787386844,790587.5088476964,235.2738499291619,-1,0.11615467675631856,0.33251830165828017,0.8201616446269085,0.5275756388457316,9.0,0.08333333333333333,0.75,S2 P1 O1,de-protonated,,0.0,,C12 H9 O1 P1 S2,12.0,9.0,1.0,,1.0,2.0,,,,
212,526,263.11388747713255,263.11361682646253,263.1136265292691,1772489.3516332544,74.0491315510209,877588.755047998,9.145970875512772,-1,-0.03687686829106379,0.9997532777527863,0.0,0.5998519666516717,2.0,0.6363636363636364,1.8181818181818181,O7,de-protonated,,0.0,,C11 H20 O7,11.0,20.0,7.0,,,,,,,
213,527,263.12914819884475,263.12887753272173,263.12888267055905,2558247.8666508533,74.81361885103026,774429.2410012255,13.085976170661727,-1,-0.019525934469412372,0.9999308228825946,0.0,0.5999584937295568,6.0,0.26666666666666666,1.3333333333333333,O4,de-protonated,,0.0,,C15 H20 O4,15.0,20.0,4.0,,,,,,,
214,528,263.1655322572807,263.16526155431535,263.1652681799091,17701893.351256095,56.43228431704786,807550.6967974341,91.5913054583725,-1,-0.025176550846696674,0.999827745739486,0.9970179511874377,0.9987038279186666,5.0,0.1875,1.5,O3,de-protonated,,0.0,,C16 H24 O3,16.0,24.0,3.0,,,,,,,
215,531,264.16890412950715,264.16863241054114,264.1686230149791,2990956.2988246414,48.68779832319595,796380.0728397244,15.5863135323127,-1,0.03556653288364394,0.9997704976959468,0.9970179511874377,0.9986694790925432,5.0,0.1875,1.5,13C1 O3,de-protonated,,1.0,528.0,C15 H24 O3 13C1,15.0,24.0,3.0,,,,1.0,,,
216,534,265.1084189306952,265.10814626040764,265.1081472256691,2059863.7234624233,72.69498577954458,799463.4671548534,10.638277490308669,-1,-0.003641010129407416,0.999997594545867,0.0,0.5999985567275202,6.0,0.35714285714285715,1.2857142857142858,O5,de-protonated,,0.0,,C14 H18 O5,14.0,18.0,5.0,,,,,,,
217,535,265.14481211071524,265.1445394035775,265.1445327350191,2450802.884085682,174.89373181203587,794973.8664567842,12.601700302720907,-1,0.02515065398493086,0.999885230240953,0.0,0.5999311381445718,5.0,0.26666666666666666,1.4666666666666666,O4,de-protonated,,0.0,,C15 H22 O4,15.0,22.0,4.0,,,,,,,
218,536,265.1481689023234,265.1478961917867,265.14790403833905,5846915.691886773,107.86092663045025,810806.5461159373,29.96193739477335,-1,-0.029593114804197792,0.9998411084941284,0.0,0.599904665096477,0.0,0.3333333333333333,2.1666666666666665,S1 O4,de-protonated,,0.0,,C12 H26 O4 S1,12.0,26.0,4.0,,,1.0,,,,
219,537,265.18118872327955,265.1809159793084,265.1809182443691,20047046.170890056,100.17979538452467,799399.5246197425,105.21419617827297,-1,-0.008541567400716524,0.999576591648296,0.9937218454891165,0.9972346931846243,4.0,0.1875,1.625,O3,de-protonated,,0.0,,C16 H26 O3,16.0,26.0,3.0,,,,,,,
220,540,266.1845287938229,266.1842550339237,266.1842730794391,3643646.9385148827,39.56730892004225,773047.0774234751,18.849911772783443,-1,-0.06779331919487776,0.9991664214100237,0.9937218454891165,0.9969885910416607,4.0,0.1875,1.625,13C1 O3,de-protonated,,1.0,537.0,C15 H26 O3 13C1,15.0,26.0,3.0,,,,1.0,,,
221,543,267.08769041253913,267.0874157381645,267.08741178077906,5248362.359632361,110.27315114552665,799821.1478300928,27.045754450868845,-1,0.014816817530761429,0.9999601658968719,0.0,0.5999760995381231,6.0,0.46153846153846156,1.2307692307692308,O6,de-protonated,,0.0,,C13 H16 O6,13.0,16.0,6.0,,,,,,,
222,544,267.1240807555095,267.12380604428904,267.12379729012906,5389765.790185005,41.65136294268133,752250.2028994397,27.78269598903966,-1,0.032771920985925816,0.9998051433147435,0.0,0.5998830859888461,5.0,0.35714285714285715,1.4285714285714286,O5,de-protonated,,0.0,,C14 H20 O5,14.0,20.0,5.0,,,,,,,
223,546,267.16044524074226,267.16017049270215,267.16018279947906,7562795.590820731,153.0674469725813,791092.4010301201,39.78431532496433,-1,-0.04606516128487306,0.9996150401698746,0.0,0.5997690241019247,4.0,0.26666666666666666,1.6,O4,de-protonated,,0.0,,C15 H24 O4,15.0,24.0,4.0,,,,,,,
224,547,267.19683449462985,267.19655970974503,267.19656830882906,18635975.456069045,179.9965586829278,785493.7783662956,96.91834000572153,-1,-0.03218261402307385,0.999671032098832,0.9808303741687235,0.9921347689267886,3.0,0.1875,1.75,O3,de-protonated,,0.0,,C16 H28 O3,16.0,28.0,3.0,,,,,,,
225,548,267.2332306052189,267.23295578348245,267.2329538181791,3156657.3691054042,110.22284152142358,828652.9700844206,16.254824784796224,-1,0.007354270169274096,0.9999901863433853,0.0,0.5999941118060311,2.0,0.11764705882352941,1.8823529411764706,O2,de-protonated,,0.0,,C17 H32 O2,17.0,32.0,2.0,,,,,,,
226,552,268.20021259659035,268.1999367957795,268.19992314389907,3727881.5379552576,64.1100704542844,811052.3375668245,19.334187640724263,-1,0.050901880389562996,0.9995299766903853,0.9808303741687235,0.9920501356817206,3.0,0.1875,1.75,13C1 O3,de-protonated,,1.0,547.0,C15 H28 O3 13C1,15.0,28.0,3.0,,,,1.0,,,
227,555,269.10334812548336,269.1030714102598,269.1030618452391,8501602.455842633,111.43253444492419,773924.113394243,44.89026741086211,-1,0.03554407985176886,0.9997707873393369,0.0,0.5998624724036021,5.0,0.46153846153846156,1.3846153846153846,O6,de-protonated,,0.0,,C13 H18 O6,13.0,18.0,6.0,,,,,,,
228,556,269.1397276158496,269.13945086379266,269.1394473545891,98468884.66853169,131.12657800370974,779761.7134210103,517.1224050707192,-1,0.01303860731099434,0.999932013787903,0.9968617587441952,0.9987039117704198,4.0,0.35714285714285715,1.5714285714285714,O5,de-protonated,,0.0,,C14 H22 O5,14.0,22.0,5.0,,,,,,,
229,558,269.17609537356407,269.1758185846856,269.1758328639391,3399329.7033587554,43.33097302083726,789040.9101501819,17.491833795297232,-1,-0.053048051675724836,0.9994895163575029,0.0,0.5996937098145018,3.0,0.26666666666666666,1.7333333333333334,O4,de-protonated,,0.0,,C15 H26 O4,15.0,26.0,4.0,,,,,,,
230,559,269.2124936465082,269.21221682077737,269.2122183732891,15985432.297939276,116.17785797008261,786359.8837249354,81.9057880995561,-1,-0.0057668694554943774,0.9999195919404892,0.9900759382482922,0.9959821304636103,2.0,0.1875,1.875,O3,de-protonated,,0.0,,C16 H30 O3,16.0,30.0,3.0,,,,,,,
231,560,269.2488777954927,269.24860093292386,269.2486038826391,9025738.747666856,91.32413779965563,773290.6347224851,46.78525993758706,-1,-0.010955359402205963,0.4999891113920038,0.8446892076502734,0.6378691498953117,1.0,0.11764705882352941,2.0,O2,de-protonated,,0.0,,C17 H34 O2,17.0,34.0,2.0,,,,,,,
232,563,270.1349698539798,270.13469209427296,270.1346963267891,2107174.8368900856,102.13138579647114,820822.314296485,10.883047358343974,-1,-0.015668169163275854,0.9999554568773754,0.0,0.5999732741264252,4.0,0.38461538461538464,1.6153846153846154,N1 O5,de-protonated,,0.0,,C13 H21 O5 N1,13.0,21.0,5.0,1.0,,,,,,
233,564,270.14307345504176,270.1427956871304,270.1428021896591,14501965.075696675,55.51442243769408,796271.5065099379,75.10487047586545,-1,-0.02407070877777928,0.9998948743348677,0.9968617587441952,0.9986816280985987,4.0,0.35714285714285715,1.5714285714285714,13C1 O5,de-protonated,,1.0,556.0,C13 H22 O5 13C1,13.0,22.0,5.0,,,,1.0,,,
234,566,270.1713826908734,270.17110489430013,270.1710818361391,1675231.6135864758,66.74639996354267,777381.1183859411,8.5695773153006,-1,0.08534651781151383,0.9986791957005546,0.0,0.5992075174203327,3.0,0.2857142857142857,1.7857142857142858,N1 O4,de-protonated,,0.0,,C14 H25 O4 N1,14.0,25.0,4.0,1.0,,,,,,
235,567,270.20774305084535,270.20746521745883,270.2074673454891,4685840.484660026,107.86143646653214,775413.2299857913,24.271695946468714,-1,-0.007875541957244185,0.9999887458607735,0.0,0.5999932475164641,2.0,0.2,1.9333333333333333,N1 O3,de-protonated,,0.0,,C15 H29 O3 N1,15.0,29.0,3.0,1.0,,,,,,
236,568,270.21584315752773,270.21556531594024,270.2155732083591,2987173.878291713,124.19544919755003,714406.9241308529,15.415237818094475,-1,-0.02920786085909526,0.9998452182624151,0.9900759382482922,0.9959375062567659,2.0,0.1875,1.875,13C1 O3,de-protonated,,1.0,559.0,C15 H30 O3 13C1,15.0,30.0,3.0,,,,1.0,,,
237,572,271.0826325814389,271.0823538622733,271.0823264003491,3159760.954340194,75.62126272697765,797912.9088809775,16.59171234510288,-1,0.10130473861486376,0.9981395883426244,0.0,0.5988837530055746,5.0,0.5833333333333334,1.3333333333333333,O7,de-protonated,,0.0,,C12 H16 O7,12.0,16.0,7.0,,,,,,,
238,573,271.11898695912276,271.1187082031506,271.1187119096991,4971820.833359903,90.97921213176365,776385.2982355532,26.377243198385322,-1,-0.013671311835030587,0.9999660869505702,0.0,0.5999796521703421,4.0,0.46153846153846156,1.5384615384615385,O6,de-protonated,,0.0,,C13 H20 O6,13.0,20.0,6.0,,,,,,,
239,574,271.1553796110917,271.1551008182743,271.15509741904907,11865890.29763158,124.56057851090156,787709.1085213466,60.945065206726255,-1,0.01253609200814531,0.9991303917431551,0.9923156591453411,0.9964044987040295,3.0,0.35714285714285715,1.7142857142857142,O5,de-protonated,,0.0,,C14 H24 O5,14.0,24.0,5.0,,,,,,,
240,576,271.1917524366429,271.1914736070003,271.19148292839907,4588088.0670043025,83.38632176750845,825619.9822660425,23.655823375283106,-1,-0.03437201880054279,0.9997856530241475,0.0,0.5998713918144885,2.0,0.26666666666666666,1.8666666666666667,O4,de-protonated,,0.0,,C15 H28 O4,15.0,28.0,4.0,,,,,,,
241,577,271.2281385223485,271.2278596558674,271.2278684377491,14242266.252039967,111.86742646397263,793012.1927764764,72.91510133387217,-1,-0.03237824257664253,0.9997591646745423,0.9877682897108813,0.9949628146890779,1.0,0.1875,2.0,O3,de-protonated,,0.0,,C16 H32 O3,16.0,32.0,3.0,,,,,,,
242,581,272.15875850013344,272.15847869146864,272.1584522541191,1676910.0216521341,65.23056842233375,812230.9748813519,8.630111798793202,-1,0.09713954992809683,0.9982892983945363,0.9923156591453411,0.9958998426948582,3.0,0.35714285714285715,1.7142857142857142,13C1 O5,de-protonated,,1.0,574.0,C13 H24 O5 13C1,13.0,24.0,5.0,,,,1.0,,,
243,582,272.1869960608052,272.18671622355225,272.18673190059906,5056490.996390911,58.85788948240169,797865.5958582592,26.050883374338248,-1,-0.0575966605512405,0.9993982477341654,0.0,0.5996389486404993,2.0,0.2857142857142857,1.9285714285714286,N1 O4,de-protonated,,0.0,,C14 H27 O4 N1,14.0,27.0,4.0,1.0,,,,,,
244,583,272.231514066714,272.23123418439036,272.2312232728191,2707855.311206608,35.26166847358597,774747.8977749102,14.149277532879614,-1,0.04008199775588579,0.9997085330958341,0.9877682897108813,0.994932435741853,1.0,0.1875,2.0,13C1 O3,de-protonated,,1.0,577.0,C15 H32 O3 13C1,15.0,32.0,3.0,,,,1.0,,,
245,586,273.09825597539174,273.09797521557306,273.0979764648091,2594833.03514356,81.2536929027529,816936.8932163565,13.380752785930053,-1,-0.004574314558779778,0.9999962033107198,0.0,0.5999977219864319,4.0,0.5833333333333334,1.5,O7,de-protonated,,0.0,,C12 H18 O7,12.0,18.0,7.0,,,,,,,
246,587,273.13464376140365,273.13436296474606,273.13436197415905,8187727.849909764,24.075363064299772,787761.8625408793,42.26886108222593,-1,0.0036267388854673128,0.9999976133656467,0.0,0.599998568019388,3.0,0.46153846153846156,1.6923076923076923,O6,de-protonated,,0.0,,C13 H22 O6,13.0,22.0,6.0,,,,,,,
247,588,273.17102882551484,273.1707479920212,273.17074748350905,4563911.22118374,97.68503673595623,726060.8589824205,23.718989792840603,-1,0.001861517511908807,0.9999993712356007,0.0,0.5999996227413604,2.0,0.35714285714285715,1.8571428571428572,O5,de-protonated,,0.0,,C14 H26 O5,14.0,26.0,5.0,,,,,,,
248,589,273.20739022206834,273.20710935176254,273.2071329928591,3111378.9122599587,62.302502803704115,711305.8539442997,15.99689524643644,-1,-0.08653176914636258,0.9986422806664443,0.0,0.5991853683998666,1.0,0.26666666666666666,2.0,O4,de-protonated,,0.0,,C15 H30 O4,15.0,30.0,4.0,,,,,,,
249,595,275.11390213309045,275.1136193326768,275.1136265292691,2296350.7781047565,67.90294081241113,787014.4724093657,11.925293248042696,-1,-0.02615861800495054,0.9998758472169703,0.0,0.5999255083301822,3.0,0.5833333333333334,1.6666666666666667,O7,de-protonated,,0.0,,C12 H20 O7,12.0,20.0,7.0,,,,,,,
250,596,275.150285050878,275.15000221363186,275.1500120386191,2260397.739897354,66.68839842442614,774824.2499940932,11.777904940408533,-1,-0.035707747726029165,0.999768671838207,0.0,0.5998612031029241,2.0,0.46153846153846156,1.8461538461538463,O6,de-protonated,,0.0,,C13 H24 O6,13.0,24.0,6.0,,,,,,,
251,599,276.1091815721411,276.1088977641588,276.1088755014691,3004219.883641888,86.53809028598582,807225.4747288598,15.48103616971687,-1,0.08063011271724699,0.9988210585630308,0.0,0.5992926351378185,3.0,0.6363636363636364,1.7272727272727273,N1 O7,de-protonated,,0.0,,C11 H19 O7 N1,11.0,19.0,7.0,1.0,,,,,,
252,604,277.1117770621315,277.1114922391944,277.11151852898905,2172080.9560972983,59.72408590324406,690685.0442912073,11.259413929624069,-1,-0.09487081163210116,0.9983682091997866,0.0,0.599020925519872,2.0,0.4166666666666667,1.8333333333333333,S1 O5,de-protonated,,0.0,,C12 H22 O5 S1,12.0,22.0,5.0,,,1.0,,,,
253,606,277.1448196900652,277.1445348336784,277.1445327350191,16964200.93802736,65.04805037730493,766151.0367122425,87.69604304232678,-1,0.00757243625860979,0.9998012398790569,0.9794902064476227,0.9916768265064833,6.0,0.25,1.375,O4,de-protonated,,0.0,,C16 H22 O4,16.0,22.0,4.0,,,,,,,
254,607,277.1812074636598,277.1809225704371,277.1809182443691,6152789.20321871,98.68731386501422,773127.4412115294,31.535833965581016,-1,0.01560738026953176,0.9999558018334092,0.0,0.5999734811000454,5.0,0.17647058823529413,1.5294117647058822,O3,de-protonated,,0.0,,C17 H26 O3,17.0,26.0,3.0,,,,,,,
255,612,278.1481605934027,278.1478747213271,278.1478875700891,2468158.9447145923,77.05221547703464,757001.1827729237,12.851734038886004,-1,-0.04619399442972747,0.9996128842966141,0.9794902064476227,0.9915638131570175,6.0,0.25,1.375,13C1 O4,de-protonated,,1.0,606.0,C15 H22 O4 13C1,15.0,22.0,4.0,,,,1.0,,,
256,613,278.17644877766344,278.1761628769519,278.1761672165691,7878625.272736972,63.34654330816152,755049.543130961,40.33175761046265,-1,-0.015600248188344658,0.999955842217628,0.0,0.5999735053305768,5.0,0.1875,1.5625,N1 O3,de-protonated,,0.0,,C16 H25 O3 N1,16.0,25.0,3.0,1.0,,,,,,
257,615,278.1975733961675,278.1972874740716,278.1972965846291,4348004.790495272,57.85305554465954,791826.6146631796,22.513563991118346,-1,-0.03274854802615098,0.9998054211324773,0.0,0.5998832526794864,0.0,0.38461538461538464,2.230769230769231,N1 O5,de-protonated,,0.0,,C13 H29 O5 N1,13.0,29.0,5.0,1.0,,,,,,
258,622,279.0910581971428,279.090771370584,279.0907830840991,1758859.428306582,90.17219999612685,704354.4880937077,9.095964128279752,-1,-0.04197026851894912,0.9996804285887848,0.0,0.5998082571532709,2.0,0.5454545454545454,1.8181818181818181,S1 O6,de-protonated,,0.0,,C11 H20 O6 S1,11.0,20.0,6.0,,,1.0,,,,
259,624,279.1604846558161,279.1601977589785,279.16018279947906,18031394.7134626,108.9179735317393,760449.6626420976,94.91807011640074,-1,0.05358751120620832,0.999545886243983,0.9813370851785388,0.9922623658178054,5.0,0.25,1.5,O4,de-protonated,,0.0,,C16 H24 O4,16.0,24.0,4.0,,,,,,,
260,626,279.2332342260504,279.2329472555702,279.2329538181791,7032950.275669222,65.31511160934242,787940.7707637778,35.96274706273569,-1,-0.02350227230347355,0.9998997806059421,0.0,0.5999398683635653,3.0,0.1111111111111111,1.7777777777777777,O2,de-protonated,,0.0,,C18 H32 O2,18.0,32.0,2.0,,,,,,,
261,627,280.163812601879,280.1635246894062,280.1635376345491,2667216.993004004,117.99888111823218,774072.1898344881,13.817653840702748,-1,-0.04620566614072358,0.9996126886868487,0.9813370851785388,0.9923024472835248,5.0,0.25,1.5,13C1 O4,de-protonated,,1.0,624.0,C15 H24 O4 13C1,15.0,24.0,4.0,,,,1.0,,,
262,629,280.26486170557297,280.26457369081265,280.2645882997291,2148642.8495733044,98.78677052701333,664563.515749834,11.1778239736123,-1,-0.05212544522012501,0.9995071141704732,0.0,0.5997042685022839,2.0,0.05555555555555555,1.9444444444444444,N1 O1,de-protonated,,0.0,,C18 H35 O1 N1,18.0,35.0,1.0,1.0,,,,,,
263,630,281.1033453100108,281.10305644649884,281.1030618452391,2144115.2697592615,81.1305311381826,768640.2627322347,11.427857709777397,-1,-0.019205554792554477,0.9999330742865681,0.0,0.5999598445719408,6.0,0.42857142857142855,1.2857142857142858,O6,de-protonated,,0.0,,C14 H18 O6,14.0,18.0,6.0,,,,,,,
264,632,281.139732444239,281.1394435438946,281.1394473545891,3708051.8127708943,27.260952903984574,749999.2252012492,19.29207669568593,-1,-0.013554464015833443,0.999966664168883,0.0,0.5999799985013298,5.0,0.3333333333333333,1.4666666666666666,O5,de-protonated,,0.0,,C15 H22 O5,15.0,22.0,5.0,,,,,,,
265,634,281.1761285307557,281.17583959356983,281.1758328639391,21870784.34116809,114.73438695511724,760170.7576598728,112.81522175769193,-1,0.02393388746152121,0.9999209282593144,0.9652496030714466,0.9860523981841673,4.0,0.25,1.625,O4,de-protonated,,0.0,,C16 H26 O4,16.0,26.0,4.0,,,,,,,
266,635,281.24888943869473,281.2486004278577,281.2486038826391,20146856.420208722,49.417126809688156,747777.2374274377,105.1931407057538,-1,-0.012283728149497658,0.9998860800548751,0.9981466724130726,0.9991903169981542,2.0,0.1111111111111111,1.8888888888888888,O2,de-protonated,,0.0,,C18 H34 O2,18.0,34.0,2.0,,,,,,,
267,638,282.0985971724756,282.09830730154215,282.0983108174391,4521830.591053226,66.48678213297995,730147.2926478083,23.561073748946857,-1,-0.0124633746482946,0.9999718149371207,0.0,0.5999830889622724,6.0,0.46153846153846156,1.3076923076923077,N1 O6,de-protonated,,0.0,,C13 H17 O6 N1,13.0,17.0,6.0,1.0,,,,,,
268,640,282.13502499523406,282.13473508742777,282.1346963267891,1682786.451344025,25.40509020908824,706590.8937511699,8.861721996504029,-1,0.1373834526297415,0.9965811564360211,0.0,0.5979486938616126,5.0,0.35714285714285715,1.5,N1 O5,de-protonated,,0.0,,C14 H21 O5 N1,14.0,21.0,5.0,1.0,,,,,,
269,641,282.1794727743714,282.1791828215743,282.1791876990091,2779914.0466216323,116.70076646444825,687451.3817350763,14.346672587746797,-1,-0.017284885085532033,0.9999457905439212,0.9652496030714466,0.9860673155549313,4.0,0.25,1.625,13C1 O4,de-protonated,,1.0,634.0,C15 H26 O4 13C1,15.0,26.0,4.0,,,,1.0,,,
270,642,282.25223936212166,282.2519493356691,282.2519587177091,3869078.0288611623,60.159649533483574,789570.8315458859,20.00269889320779,-1,-0.03323994644269973,0.9997995385231043,0.9981466724130726,0.9991383920790917,2.0,0.1111111111111111,1.8888888888888888,13C1 O2,de-protonated,,1.0,635.0,C17 H34 O2 13C1,17.0,34.0,2.0,,,,1.0,,,
271,643,282.2805352339598,282.2802451788658,282.2802383641891,62656914.63361265,139.57370233883,753531.5299250863,321.7276200928579,-1,0.0241415296269675,0.9999365259630831,0.9832044844548539,0.9932437093597914,1.0,0.05555555555555555,2.0555555555555554,N1 O1,de-protonated,,0.0,,C18 H37 O1 N1,18.0,37.0,1.0,1.0,,,,,,
272,645,283.0826194844933,283.08232861752475,283.0823264003491,3197568.140532606,130.47082427689912,781495.5210658566,16.481171114377258,-1,0.007832264574855,0.9999888692068943,0.0,0.5999933215241365,6.0,0.5384615384615384,1.2307692307692308,O7,de-protonated,,0.0,,C13 H16 O7,13.0,16.0,7.0,,,,,,,
273,647,283.11904805386143,283.1187571500199,283.1187119096991,3652059.496575085,172.97708497358207,746162.5181798539,18.93413366286011,-1,0.15979276162649375,0.9953776549114796,0.0,0.5972265929468877,5.0,0.42857142857142855,1.4285714285714286,O6,de-protonated,,0.0,,C14 H20 O6,14.0,20.0,6.0,,,,,,,
274,648,283.1553866779132,283.15509573728986,283.15509741904907,8788062.182965552,62.58222918888004,732536.3705621348,46.37467822346332,-1,-0.005939357019432385,0.9999935992435571,0.0,0.5999961595461343,4.0,0.3333333333333333,1.6,O5,de-protonated,,0.0,,C15 H24 O5,15.0,24.0,5.0,,,,,,,
275,649,283.1917664155909,283.19147543814415,283.19148292839907,7156736.1786337,89.15905261077843,748847.9625855236,37.28924183144315,-1,-0.026449435690687365,0.9998730715180778,0.0,0.5999238429108467,3.0,0.25,1.75,O4,de-protonated,,0.0,,C16 H28 O4,16.0,28.0,4.0,,,,,,,
276,650,283.2281658988215,283.22787488453133,283.2278684377491,3434477.63698793,26.663309955425206,800102.1493808447,17.633958234801604,-1,0.022761821582293947,0.9999059957596277,0.0,0.5999435974557766,2.0,0.17647058823529413,1.8823529411764706,O3,de-protonated,,0.0,,C17 H32 O3,17.0,32.0,3.0,,,,,,,
277,651,283.2645492711431,283.2642582200259,283.26425394709906,135918547.57752544,178.6466330203548,755543.7248619228,697.6941373950876,-1,0.015084596043484071,0.9999652531393509,0.997568638452434,0.9990066072645841,1.0,0.1111111111111111,2.0,O2,de-protonated,,0.0,,C18 H36 O2,18.0,36.0,2.0,,,,,,,
278,652,283.28388733222914,283.28359626153804,283.2835931992591,10725795.489946116,126.36636120476336,732183.0673614495,55.50222556052182,-1,0.010809941073340892,0.9999787970701168,0.9832044844548539,0.9932690720240116,1.0,0.05555555555555555,2.0555555555555554,13C1 N1 O1,de-protonated,,1.0,643.0,C17 H37 O1 N1 13C1,17.0,37.0,1.0,1.0,,,1.0,,,
279,657,284.22339013861307,284.2230981169717,284.2231174099491,2159752.3175156424,129.689869582482,612918.4076437446,11.101497885730323,-1,-0.06787969109902044,0.9991642969079846,0.0,0.5994985781447907,2.0,0.1875,1.9375,N1 O3,de-protonated,,0.0,,C16 H31 O3 N1,16.0,31.0,3.0,1.0,,,,,,
280,658,284.2597946221107,284.2595025636216,284.2595029192991,143457009.6669763,200.54007184868354,746550.3208437727,746.2059460792464,-1,-0.0012512422995715536,0.9997329946141423,0.9931307617160507,0.9970921014549057,1.0,0.11764705882352941,2.0588235294117645,N1 O2,de-protonated,,0.0,,C17 H35 O2 N1,17.0,35.0,2.0,1.0,,,,,,
281,659,284.26790214608627,284.267610079391,284.2676087821691,26712353.85629948,55.777097134131864,744812.9965597145,138.75556390130455,-1,0.004563382740770021,0.9999777559165897,0.997568638452434,0.9990141089309273,1.0,0.1111111111111111,2.0,13C1 O2,de-protonated,,1.0,651.0,C17 H36 O2 13C1,17.0,36.0,2.0,,,,1.0,,,
282,660,284.29618666469617,284.295894569372,284.2958884286491,3450761.021570691,90.22787305572251,725812.6368683893,18.04453994892534,-1,0.021599759851491793,0.9999153487664459,0.0,0.5999492092598675,0.0,0.05555555555555555,2.1666666666666665,N1 O1,de-protonated,,0.0,,C18 H39 O1 N1,18.0,39.0,1.0,1.0,,,,,,
283,664,285.09827037351255,285.0979774663468,285.0979764648091,11855740.47999775,63.38480555307849,737337.678338109,62.68214168955746,-1,0.0035129595839922443,0.9998157429780644,0.9690850887974181,0.9875234813058059,5.0,0.5384615384615384,1.3846153846153846,O7,de-protonated,,0.0,,C13 H18 O7,13.0,18.0,7.0,,,,,,,
284,665,285.11690295906584,285.11661003304096,285.11660390941904,2595109.57143831,54.773336934627764,847066.0022051171,13.420231796903488,-1,0.021477605412510547,0.9999163034856462,0.0,0.5999497820913877,4.0,0.2857142857142857,1.5714285714285714,S1 O4,de-protonated,,0.0,,C14 H22 O4 S1,14.0,22.0,4.0,,,1.0,,,,
285,666,285.1264491253504,285.1261561896633,285.1261197656691,1752065.7933768563,80.61815416135286,756266.4869741425,9.011742238203087,-1,0.12774695704665257,0.9970432669394488,0.0,0.5982259601636692,4.0,0.2857142857142857,1.6428571428571428,P1 O4,de-protonated,,0.0,,C14 H23 O4 P1,14.0,23.0,4.0,,1.0,,,,,
286,667,285.134642773677,285.13434982969665,285.13436197415905,8674418.735273656,110.31924651296,757525.2230114635,44.563907586815034,-1,-0.042592068941626114,0.9996708909485115,0.0,0.5998025345691068,4.0,0.42857142857142855,1.5714285714285714,O6,de-protonated,,0.0,,C14 H22 O6,14.0,22.0,6.0,,,,,,,
287,669,285.1710459085932,285.1707529277672,285.17074748350905,4007623.0622907695,131.0492762253193,675867.6203827763,20.84491779397443,-1,0.01909122230772272,0.999933868718704,0.0,0.5999603212312224,3.0,0.3333333333333333,1.7333333333333334,O5,de-protonated,,0.0,,C15 H26 O5,15.0,26.0,5.0,,,,,,,
288,670,285.2074252416065,285.2071322239588,285.2071329928591,6078579.41848843,94.93229028993768,770173.1678982762,31.30948763599998,-1,-0.002695936404887724,0.9999986812185537,0.0,0.5999992087311322,2.0,0.25,1.875,O4,de-protonated,,0.0,,C16 H30 O4,16.0,30.0,4.0,,,,,,,
289,671,285.24383264467934,285.2435395901818,285.24351850220904,2799514.88275982,52.64353176107367,750916.5429296559,14.673032411793871,-1,0.07392971754596418,0.999008765089206,0.0,0.5994052590535236,1.0,0.17647058823529413,2.0,O3,de-protonated,,0.0,,C17 H34 O3,17.0,34.0,3.0,,,,,,,
290,672,285.2631487812412,285.2628557071928,285.26285775436907,25023017.150829624,101.12015099931058,746975.6601494774,130.27020847608063,-1,-0.0071764557680413866,0.9997299743602542,0.9931307617160507,0.9970902893025728,1.0,0.11764705882352941,2.0588235294117645,13C1 N1 O2,de-protonated,,1.0,658.0,C16 H35 O2 N1 13C1,16.0,35.0,2.0,1.0,,,1.0,,,
291,673,285.27126185127156,285.2709687690114,285.2709636172391,2668693.2108193296,73.65137376155826,754853.7565092484,13.92819507142837,-1,0.018059224283866717,0.9999592903973205,0.997568638452434,0.9990030296193658,1.0,0.1111111111111111,2.0,13C2 O2,de-protonated,,1.0,651.0,C16 H36 O2 13C2,16.0,36.0,2.0,,,,2.0,,,
292,674,286.1016123671554,286.1013184444593,286.1013312998791,2161232.1665121913,114.07613862374382,753238.9901022405,11.262045863688964,-1,-0.04493310028626239,0.9996337251909999,0.9690850887974181,0.9874142706335671,5.0,0.5384615384615384,1.3846153846153846,13C1 O7,de-protonated,,1.0,664.0,C12 H18 O7 13C1,12.0,18.0,7.0,,,,1.0,,,
293,675,286.1299076610879,286.12961370975313,286.1296109463591,9938282.803505464,72.39362243591255,748571.1887114838,51.02793765019903,-1,0.009657840120513966,0.9999830757209873,0.0,0.5999898454325924,4.0,0.46153846153846156,1.6153846153846154,N1 O6,de-protonated,,0.0,,C13 H21 O6 N1,13.0,21.0,6.0,1.0,,,,,,
294,676,286.1662913073432,286.1659973191832,286.1659964557091,1802141.9935063561,61.34049423637822,778737.3136191308,9.367053336964016,-1,0.0030173888932558918,0.9999983479771715,0.0,0.5999990087863029,3.0,0.35714285714285715,1.7857142857142858,N1 O5,de-protonated,,0.0,,C14 H25 O5 N1,14.0,25.0,5.0,1.0,,,,,,
295,677,286.20265438419614,286.20236035923176,286.2023819650591,1926365.15038726,47.28618977628447,816486.0795591943,9.922391424657022,-1,-0.07549143085317957,0.9989664663606358,0.0,0.5993798798163814,2.0,0.26666666666666666,1.9333333333333333,N1 O4,de-protonated,,0.0,,C15 H29 O4 N1,15.0,29.0,4.0,1.0,,,,,,
296,679,286.23906454379056,286.23877048197414,286.2387674744091,8354477.825471201,124.74848263410826,766182.1193669362,42.942636202839246,-1,0.010507189791952714,0.9999799680774517,0.0,0.599987980846471,1.0,0.1875,2.0625,N1 O3,de-protonated,,0.0,,C16 H33 O3 N1,16.0,33.0,3.0,1.0,,,,,,
297,680,286.2664877697898,286.26619368021744,286.2662125894391,2463119.894385542,91.01663835825781,675314.6709289933,12.762248280679549,-1,-0.06605467500457687,0.9994692935595187,0.9931307617160507,0.9969338808221315,1.0,0.11764705882352941,2.0588235294117645,13C2 N1 O2,de-protonated,,1.0,658.0,C15 H35 O2 N1 13C2,15.0,35.0,2.0,1.0,,,2.0,,,
298,681,287.1139283918904,287.1136334446015,287.1136265292691,7282198.2048834395,119.33623129140763,735561.7447249624,37.62612939174981,-1,0.024085699016272867,0.9998947433651872,0.0,0.5999368460191123,4.0,0.5384615384615384,1.5384615384615385,O7,de-protonated,,0.0,,C13 H20 O7,13.0,20.0,7.0,,,,,,,
299,682,287.15030285072044,287.15000786661625,287.1500120386191,4715315.683798401,82.28145490528676,742896.5759892653,24.49804227604975,-1,-0.014529001069765953,0.9999616983906444,0.0,0.5999770190343866,3.0,0.42857142857142855,1.7142857142857142,O6,de-protonated,,0.0,,C14 H24 O6,14.0,24.0,6.0,,,,,,,
300,683,287.1866791323402,287.18638411141904,287.1863975479691,4267601.236690859,100.55917629464399,742196.864031971,22.629369089973757,-1,-0.04678686089977637,0.9996028858178702,0.0,0.5997617314907221,2.0,0.3333333333333333,1.8666666666666667,O5,de-protonated,,0.0,,C15 H28 O5,15.0,28.0,5.0,,,,,,,
301,684,287.2230688046233,287.22277374687155,287.2227830573191,4104634.270615728,88.7466476941774,717568.4072905292,21.439734892640875,-1,-0.03241542131495864,0.9998093592362747,0.0,0.5998856155417648,1.0,0.25,2.0,O4,de-protonated,,0.0,,C16 H32 O4,16.0,32.0,4.0,,,,,,,
302,685,288.1455888635516,288.1452928721118,288.14526101081907,2322760.207709763,67.38558970704958,742081.8321602545,12.180590852337584,-1,0.11057371757543434,0.9977839681375178,0.0,0.5986703808825107,3.0,0.46153846153846156,1.7692307692307692,N1 O6,de-protonated,,0.0,,C13 H23 O6 N1,13.0,23.0,6.0,1.0,,,,,,
303,690,289.12956363688966,289.12926664958184,289.12927659372906,1665424.5068673077,94.54474367273562,689666.8317071804,8.719597556999657,-1,-0.03439342891923247,0.999785385938826,0.0,0.5998712315632956,3.0,0.5384615384615384,1.6923076923076923,O7,de-protonated,,0.0,,C13 H22 O7,13.0,22.0,7.0,,,,,,,
304,693,289.9871721810478,289.9868743257814,289.98686684119906,1755995.7637190032,130.13655219168896,709965.2311850865,9.189397787583552,-1,0.02581007347710463,0.999879133467509,0.0,0.5999274800805053,10.0,0.07692307692307693,0.7692307692307693,N1 S2 P1 O1,de-protonated,,0.0,,C13 H10 O1 N1 P1 S2,13.0,10.0,1.0,1.0,1.0,2.0,,,,
305,694,290.1976112910258,290.19731322278284,290.1972965846291,1739593.1983756528,113.4727959462043,664192.8446605295,9.055169150273867,-1,0.0573339377524525,0.9994037232751142,0.0,0.5996422339650684,1.0,0.35714285714285715,2.0714285714285716,N1 O5,de-protonated,,0.0,,C14 H29 O5 N1,14.0,29.0,5.0,1.0,,,,,,
306,695,291.0182941875557,291.0179952887426,291.0180120653991,2513471.0339133134,112.26405736624207,580051.6658980572,12.930692060832877,-1,-0.0576481722246903,0.9993971712211152,0.0,0.599638302732669,5.0,0.8,1.2,S1 O8,de-protonated,,0.0,,C10 H12 O8 S1,10.0,12.0,8.0,,,1.0,,,,
307,698,291.10878721396625,291.1084882235708,291.10854114883904,1578650.6535284012,67.78951333362178,577935.0118744924,8.189262842923162,-1,-0.18180596148931152,0.9940204516932275,0.0,0.5964122710159365,3.0,0.6666666666666666,1.6666666666666667,O8,de-protonated,,0.0,,C12 H20 O8,12.0,20.0,8.0,,,,,,,
308,700,291.1240387306928,291.1237397248622,291.12379729012906,1571462.593320157,55.533660966660854,763615.0953327355,8.27743263409717,-1,-0.1977346660730598,0.9929306444340419,0.0,0.5957583866604251,7.0,0.3125,1.25,O5,de-protonated,,0.0,,C16 H20 O5,16.0,20.0,5.0,,,,,,,
309,701,291.14523100591214,291.1449319786342,291.1449266581891,1628349.3140061656,59.172109557305205,576983.4744063218,8.37086629340097,-1,0.01827421538438531,0.9999394076007967,0.0,0.599963644560478,2.0,0.5384615384615384,1.8461538461538463,O7,de-protonated,,0.0,,C13 H24 O7,13.0,24.0,7.0,,,,,,,
310,702,291.160490703874,291.1601916611527,291.16018279947906,11931326.6908985,93.4201702155636,701985.2193722947,62.734780370855376,-1,0.03043573312628708,0.9998752866152394,0.9790258647387146,0.9915355178646295,6.0,0.23529411764705882,1.411764705882353,O4,de-protonated,,0.0,,C17 H24 O4,17.0,24.0,4.0,,,,,,,
311,704,292.1638315059602,292.1635314478315,292.1635376345491,2553447.341819571,54.67649144589008,777450.533257632,13.11492744537558,-1,-0.021175529461191382,0.9999186411658187,0.9790258647387146,0.9915615305949771,6.0,0.23529411764705882,1.411764705882353,13C1 O4,de-protonated,,1.0,702.0,C16 H24 O4 13C1,16.0,24.0,4.0,,,,1.0,,,
312,706,292.2132673173445,292.21296720918593,292.2129466490891,2978303.877997228,129.2555330986841,626264.3197209031,15.341543664277394,-1,0.07035997923019915,0.9991021367584947,0.0,0.5994612820550967,0.0,0.35714285714285715,2.2142857142857144,N1 O5,de-protonated,,0.0,,C14 H31 O5 N1,14.0,31.0,5.0,1.0,,,,,,
313,711,293.13973976002626,293.1394387142719,293.1394473545891,3719760.00851795,131.95096141486286,791996.3852745641,19.21311867373906,-1,-0.029475109191228942,0.9998423730606207,0.0,0.5999054238363725,6.0,0.3125,1.375,O5,de-protonated,,0.0,,C16 H22 O5,16.0,22.0,5.0,,,,,,,
314,712,293.1761399348636,293.1758388522724,293.1758328639391,4592104752.582754,107.56638862555384,745113.1280637836,23765.396054272846,-1,0.020425739971059523,0.8571135356745714,0.9886703748917773,0.9097362713614537,5.0,0.23529411764705882,1.5294117647058822,O4,de-protonated,,0.0,,C17 H26 O4,17.0,26.0,4.0,,,,,,,
315,713,293.17951895978655,293.17921787377577,293.17920416725906,3546006.6476899697,64.0629125775633,838393.9787025169,18.407746849880958,-1,0.046751326547480626,0.9996034886811254,0.0,0.5997620932086752,0.0,0.2857142857142857,2.142857142857143,S1 O4,de-protonated,,0.0,,C14 H30 O4 S1,14.0,30.0,4.0,,,1.0,,,,
316,716,293.2085289778203,293.20822786245157,293.2081956212891,1639318.683542297,119.8175706076417,618362.27619232,8.618268095501172,-1,0.10995996334791273,0.9978084737242878,0.0,0.5986850842345727,0.0,0.38461538461538464,2.3076923076923075,N2 O5,de-protonated,,0.0,,C13 H30 O5 N2,13.0,30.0,5.0,2.0,,,,,,
317,717,293.21252880072205,293.2122276813055,293.2122183732891,1612574.4985180192,125.24788417870046,588109.1483343821,8.4761436559968,-1,0.03174498129551563,0.9998171629212921,0.0,0.5998902977527752,4.0,0.16666666666666666,1.6666666666666667,O3,de-protonated,,0.0,,C18 H30 O3,18.0,30.0,3.0,,,,,,,
318,719,294.17949595551164,294.17919385753805,294.1791876990091,791363513.6882197,155.53248623736457,735262.8556394828,4086.446106519755,-1,0.020934618099341367,0.8571129901426638,0.9886703748917773,0.9097359440423093,5.0,0.23529411764705882,1.5294117647058822,13C1 O4,de-protonated,,1.0,712.0,C16 H26 O4 13C1,16.0,26.0,4.0,,,,1.0,,,
319,725,295.11903635490614,295.118733306149,295.1187119096991,2104100.3581918553,20.072423932091517,705769.9170081184,10.883047358343974,-1,0.07250116334400732,0.9990466844289695,0.0,0.5994280106573817,6.0,0.4,1.3333333333333333,O6,de-protonated,,0.0,,C15 H20 O6,15.0,20.0,6.0,,,,,,,
320,726,295.1554075522353,295.15510446667207,295.15509741904907,47110856.73606161,77.03392527781149,724858.9998908913,243.90659366202001,-1,0.02387769366807996,0.9999400099553735,0.9998032021562133,0.9998852868357094,5.0,0.3125,1.5,O5,de-protonated,,0.0,,C16 H24 O5,16.0,24.0,5.0,,,,,,,
321,727,295.1803792007467,295.18007608991326,295.18007785722904,32856284.8206632,740.1474694008807,731541.0899662424,170.54932740524535,-1,-0.005987246133861398,0.8571234206895578,0.9886703748917773,0.9097422023704457,5.0,0.23529411764705882,1.5294117647058822,O3 18O1,de-protonated,,1.0,712.0,C17 H26 O3 18O1,17.0,26.0,3.0,,,,,,1.0,
322,728,295.1828431056699,295.1825399923431,295.1825425340791,64524979.26541753,286.17410531247225,726641.2968058265,337.3928916471175,-1,-0.008610726100572137,0.8571224279810591,0.9886703748917773,0.9097416067453464,5.0,0.23529411764705882,1.5294117647058822,13C2 O4,de-protonated,,1.0,712.0,C15 H26 O4 13C2,15.0,26.0,4.0,,,,2.0,,,
323,730,295.1877684453089,295.1874653269978,295.1874601763991,2494228.8711740775,59.883222903714376,752799.4016423796,12.996490412455271,-1,0.01744856885632876,0.9999447590096664,0.0,0.5999668554057999,0.0,0.5,2.3333333333333335,N2 O6,de-protonated,,0.0,,C12 H28 O6 N2,12.0,28.0,6.0,2.0,,,,,,
324,731,295.1917612059492,295.19145808359764,295.19148292839907,3668425.2085124487,68.98766875896479,745945.4247841678,18.855175640913235,-1,-0.08416503479003375,0.9987154880019469,0.0,0.5992292928011681,4.0,0.23529411764705882,1.6470588235294117,O4,de-protonated,,0.0,,C17 H28 O4,17.0,28.0,4.0,,,,,,,
325,732,295.2281761222703,295.2278729630685,295.2278684377491,2983945.0453550913,151.45486330762387,703304.6070084285,15.378390741185935,-1,0.0153282255457263,0.9999573687236646,0.0,0.5999744212341988,3.0,0.16666666666666666,1.7777777777777777,O3,de-protonated,,0.0,,C18 H32 O3,18.0,32.0,3.0,,,,,,,
326,733,296.1587535279771,296.1584494270814,296.1584522541191,8139856.767322688,33.87266746271395,740005.7576249959,41.99513993947677,-1,-0.009545693086421189,0.9999834664858417,0.9998032021562133,0.9999113607539903,5.0,0.3125,1.5,13C1 O5,de-protonated,,1.0,726.0,C15 H24 O5 13C1,15.0,24.0,5.0,,,,1.0,,,
327,735,296.1837335882848,296.18342946211084,296.18343269229905,5839101.135042666,219.734162101275,717154.6396379302,30.609393174737708,-1,-0.01090603948893466,0.8571212668051518,0.9886703748917773,0.9097409100398021,5.0,0.23529411764705882,1.5294117647058822,13C1 O3 18O1,de-protonated,,1.0,712.0,C16 H26 O3 13C1 18O1,16.0,26.0,3.0,,,,1.0,,1.0,
328,736,296.1861994714189,296.18589534274963,296.18589736914913,3070764.806439873,66.85587160351935,746803.6496203302,15.823187598153318,-1,-0.006841647484752888,0.8571231365683438,0.9886703748917773,0.9097420318977173,5.0,0.23529411764705882,1.5294117647058822,13C3 O4,de-protonated,,1.0,712.0,C14 H26 O4 13C3,14.0,26.0,4.0,,,,3.0,,,
329,737,296.18703691601223,296.1867327864955,296.18673190059906,8368363.198890265,87.93977434236825,697837.0084820907,43.87960472994214,-1,0.0029910065010854943,0.999998376739616,0.0,0.5999990260437695,4.0,0.25,1.6875,N1 O4,de-protonated,,0.0,,C16 H27 O4 N1,16.0,27.0,4.0,1.0,,,,,,
330,739,296.2597827509189,296.2594785477881,296.2595029192991,2375022.504478563,235.80259320016472,644424.2272807753,12.256916940219561,-1,-0.0822640650414709,0.9987728220424287,0.0,0.5992636932254571,2.0,0.1111111111111111,1.9444444444444444,N1 O2,de-protonated,,0.0,,C18 H35 O2 N1,18.0,35.0,2.0,1.0,,,,,,
331,740,296.2962019154722,296.2958976754876,296.2958884286491,4413861.708546328,99.12222970520514,718093.1375852028,23.129436562303955,-1,0.031208122855961373,0.9998232942229218,0.0,0.5998939765337531,1.0,0.05263157894736842,2.0526315789473686,N1 O1,de-protonated,,0.0,,C19 H39 O1 N1,19.0,39.0,1.0,1.0,,,,,,
332,744,297.0474552473082,297.04715024711066,297.0472041940391,84018353.98793507,139.65768689347425,725104.1999917041,436.94316571773476,-1,-0.18161062517575993,0.6630726198842742,0.9121878087235373,0.7627186954199795,2.0,0.6,1.8,S2 O6,de-protonated,,0.0,,C10 H18 O6 S2,10.0,18.0,6.0,,,2.0,,,,
333,745,297.09826598999786,297.097960938384,297.0979764648091,1843490.917213759,72.3550408233933,645543.959248144,9.522337446792866,-1,-0.05226028560275867,0.9995045614675502,0.0,0.5997027368805301,6.0,0.5,1.2857142857142858,O7,de-protonated,,0.0,,C14 H18 O7,14.0,18.0,7.0,,,,,,,
334,746,297.13466629514795,297.1343612067,297.13436197415905,6286662.018428654,161.1684931857589,721210.7478707164,32.4148999432562,-1,-0.0025828686483276263,0.9999987895183595,0.0,0.5999992737110157,5.0,0.4,1.4666666666666666,O6,de-protonated,,0.0,,C15 H22 O6,15.0,22.0,6.0,,,,,,,
335,747,297.1532827424265,297.1529776351402,297.1529894187691,16186938.300700983,68.40877881876604,723152.0976262081,83.12700550566774,-1,-0.03965509123587531,0.999675827770073,0.9786182309669499,0.9912527890488237,4.0,0.1875,1.625,S1 O3,de-protonated,,0.0,,C16 H26 O3 S1,16.0,26.0,3.0,,,1.0,,,,
336,748,297.1710436954356,297.17073857017675,297.17074748350905,112812007.87467982,143.35199150024587,717788.7770241551,587.7003489549639,-1,-0.029993976089331034,0.666553563226942,0.9881747750482659,0.7952020479554716,4.0,0.3125,1.625,O5,de-protonated,,0.0,,C16 H26 O5,16.0,26.0,5.0,,,,,,,
337,750,297.20742756725565,297.2071224051794,297.2071329928591,2015198.2931480992,46.04751632280645,742329.6239269152,10.406667292597842,-1,-0.03562390845034671,0.9997697567224785,0.0,0.599861854033487,3.0,0.23529411764705882,1.7647058823529411,O4,de-protonated,,0.0,,C17 H30 O4,17.0,30.0,4.0,,,,,,,
338,751,297.2438302221311,297.24352502321847,297.24351850220904,16970987.516585846,111.08818551150186,715256.9172408566,89.46470273393673,-1,0.021938272894042626,0.9998150304167266,0.9911739226567351,0.99635858731273,2.0,0.16666666666666666,1.8888888888888888,O3,de-protonated,,0.0,,C18 H34 O3,18.0,34.0,3.0,,,,,,,
339,753,298.05081643156296,298.05051041605554,298.0505590291091,7030089.447453651,122.84421125437613,732909.0766897536,36.41017585376797,-1,-0.1631033798251672,0.6634564027574201,0.9121878087235373,0.762948965143867,2.0,0.6,1.8,13C1 S2 O6,de-protonated,,1.0,744.0,C9 H18 O6 S2 13C1,9.0,18.0,6.0,,,2.0,1.0,,,
340,754,298.1299091223401,298.1296030267989,298.1296109463591,1966674.9171108333,96.65487958480274,747431.7573491477,10.464569842025549,-1,-0.026564151579951283,0.9998719681784175,0.0,0.5999231809070504,5.0,0.42857142857142855,1.5,N1 O6,de-protonated,,0.0,,C14 H21 O6 N1,14.0,21.0,6.0,1.0,,,,,,
341,755,298.1566370384117,298.15633091582464,298.1563442538391,3289687.5875151157,116.66867561806936,694543.7733908235,17.173369773444843,-1,-0.044734967831321554,0.9996369476608425,0.9786182309669499,0.9912294609832855,4.0,0.1875,1.625,13C1 S1 O3,de-protonated,,1.0,747.0,C15 H26 O3 S1 13C1,15.0,26.0,3.0,,,1.0,1.0,,,
342,756,298.16632847299053,298.1660223405967,298.1659964557091,2182042.8990256595,26.014493475243214,695549.1516269451,11.3015248746624,-1,0.08681368077484643,0.9986334256924726,0.0,0.5991800554154836,4.0,0.3333333333333333,1.6666666666666667,N1 O5,de-protonated,,0.0,,C15 H25 O5 N1,15.0,25.0,5.0,1.0,,,,,,
343,757,298.1743991700361,298.1740930294756,298.17410231857906,20143729.491508227,149.83403677248168,726347.169792055,103.90875688208467,-1,-0.031153287201410113,0.6665492764004087,0.9881747750482659,0.7951994758595516,4.0,0.3125,1.625,13C1 O5,de-protonated,,1.0,748.0,C15 H26 O5 13C1,15.0,26.0,5.0,,,,1.0,,,
344,760,298.2471913228527,298.24688510863416,298.24687333727906,3092408.8323592287,99.50389103251484,658366.855200625,15.907409488229984,-1,0.03946849458358546,0.9997173860626198,0.9911739226567351,0.9963000007002659,2.0,0.16666666666666666,1.8888888888888888,13C1 O3,de-protonated,,1.0,751.0,C17 H34 O3 13C1,17.0,34.0,3.0,,,,1.0,,,
345,761,298.27546157872445,298.27515533589934,298.2751529837591,5029636.243098548,127.58682320865496,717309.9872489175,26.64570047300469,-1,0.007885806890919602,0.9999887165046664,0.0,0.5999932299027998,1.0,0.1111111111111111,2.0555555555555554,N1 O2,de-protonated,,0.0,,C18 H37 O2 N1,18.0,37.0,2.0,1.0,,,,,,
346,762,299.02671780690196,299.0264108038907,299.0264687491491,7699407.727132411,171.39527691845043,697497.0840920409,39.779051456834544,-1,-0.19377969660356625,0.9932096575298067,0.0,0.595925794517884,2.0,0.7777777777777778,1.7777777777777777,S2 O7,de-protonated,,0.0,,C9 H16 O7 S2,9.0,16.0,7.0,,,2.0,,,,
347,764,299.077531390419,299.0772243359906,299.0772410199191,1742867.7326427992,24.489363042423793,696335.4687353523,9.055169150273867,-1,-0.05578468102778618,0.9994355036619996,0.0,0.5996613021971997,6.0,0.6153846153846154,1.2307692307692308,O8,de-protonated,,0.0,,C13 H16 O8,13.0,16.0,8.0,,,,,,,
348,765,299.1139343605643,299.1136272693006,299.1136265292691,3250014.5069421576,48.784253011694545,733068.583912419,17.010189861421306,-1,0.0024740815670493874,0.9999988893387645,0.0,0.5999993336032586,5.0,0.5,1.4285714285714286,O7,de-protonated,,0.0,,C14 H20 O7,14.0,20.0,7.0,,,,,,,
349,766,299.15031187950933,299.150004751436,299.1500120386191,5221820.101552654,76.88402897257266,683472.7716343852,27.098393132166763,-1,-0.024359628334037074,0.9998923356894223,0.0,0.5999354014136533,4.0,0.4,1.6,O6,de-protonated,,0.0,,C15 H24 O6,15.0,24.0,6.0,,,,,,,
350,768,299.1867009840693,299.1863938191747,299.1863975479691,80401591.78670664,96.92991258993985,725437.2159044564,414.6243648474187,-1,-0.01246311458252819,0.9999198158998097,0.9900407747487062,0.9959681994393683,3.0,0.3125,1.75,O5,de-protonated,,0.0,,C16 H28 O5,16.0,28.0,5.0,,,,,,,
351,769,299.22307889273844,299.2227716910339,299.2227830573191,2988821.2987135802,49.00306760103849,777668.3366198629,15.712646367427697,-1,-0.037986028451044145,0.99973821500228,0.0,0.5998429290013679,2.0,0.23529411764705882,1.8823529411764706,O4,de-protonated,,0.0,,C17 H32 O4,17.0,32.0,4.0,,,,,,,
352,770,299.2594701699537,299.2591629314258,299.2591685666691,12578358.547780344,108.34282842526773,733900.0384386071,64.73505026017615,-1,-0.018830645344446714,0.9999503088407384,0.9922236325239496,0.9968596383140229,1.0,0.16666666666666666,2.0,O3,de-protonated,,0.0,,C18 H36 O3,18.0,36.0,3.0,,,,,,,
353,773,300.1455628563945,300.14525472125985,300.14526101081907,2959774.5694738072,107.87857172466255,613338.2197723101,15.244162103876251,-1,-0.020955050905945575,0.9999203264869077,0.0,0.5999521958921445,4.0,0.42857142857142855,1.6428571428571428,N1 O6,de-protonated,,0.0,,C14 H23 O6 N1,14.0,23.0,6.0,1.0,,,,,,
354,774,300.18190393236534,300.1815957604587,300.18164652016907,2798272.9851106144,121.50142228264372,673471.7987845028,14.37562386246065,-1,-0.169096648433624,0.9948251508645253,0.0,0.5968950905187151,3.0,0.3333333333333333,1.8,N1 O5,de-protonated,,0.0,,C15 H27 O5 N1,15.0,27.0,5.0,1.0,,,,,,
355,775,300.19005246061204,300.18974428046033,300.1897523830391,12824497.245437149,58.072001213089095,704464.1536247677,67.440678478889,-1,-0.026991523516392606,0.999867815686286,0.9900407747487062,0.9959369993112541,3.0,0.3125,1.75,13C1 O5,de-protonated,,1.0,768.0,C15 H28 O5 13C1,15.0,28.0,5.0,,,,1.0,,,
356,776,300.2183513807295,300.21804317194335,300.21803202951907,5034558.452295798,118.54512942219705,673735.2597830492,26.2667019676597,-1,0.0371144404926213,0.9997500889893328,0.0,0.5998500533935996,2.0,0.25,1.9375,N1 O4,de-protonated,,0.0,,C16 H31 O4 N1,16.0,31.0,4.0,1.0,,,,,,
357,777,300.2547280151376,300.2544197695435,300.25441753886906,4406459.389645695,77.0329153526005,674456.0218634149,23.2873526061977,-1,0.007429281048800415,0.9999899851320002,0.0,0.5999939910792002,1.0,0.17647058823529413,2.0588235294117645,N1 O3,de-protonated,,0.0,,C17 H35 O3 N1,17.0,35.0,3.0,1.0,,,,,,
358,778,300.26283582840216,300.2625275746042,300.2625234017391,2310472.3224543603,185.0668329659441,591304.0153600948,12.070049621611963,-1,0.013897389000258211,0.99996495608273,0.9922236325239496,0.9968684266592178,1.0,0.16666666666666666,2.0,13C1 O3,de-protonated,,1.0,770.0,C17 H36 O3 13C1,17.0,36.0,3.0,,,,1.0,,,
359,779,300.2911219146051,300.29081363218575,300.2908030482191,2451428.3252192265,114.38126347111917,706125.5672683954,12.954379467416938,-1,0.03524572354573478,0.999774618770532,0.0,0.5998647712623192,0.0,0.1111111111111111,2.1666666666666665,N1 O2,de-protonated,,0.0,,C18 H39 O2 N1,18.0,39.0,2.0,1.0,,,,,,
360,781,301.09318195622785,301.0928728622474,301.0928910843791,2389600.566642467,45.13942985267941,747110.2599056411,12.362194302815393,-1,-0.06051996656186044,0.9993356347902753,0.0,0.5996013808741651,5.0,0.6153846153846154,1.3846153846153846,O8,de-protonated,,0.0,,C13 H18 O8,13.0,18.0,8.0,,,,,,,
361,782,301.11185047883714,301.1115413659671,301.11151852898905,2301590.0127916317,122.68045480784485,767727.0980000516,11.870022632679884,-1,0.0758422599947915,0.9989568428411222,0.0,0.5993741057046733,4.0,0.35714285714285715,1.5714285714285714,S1 O5,de-protonated,,0.0,,C14 H22 O5 S1,14.0,22.0,5.0,,,1.0,,,,
362,783,301.12959603863345,301.1292869078078,301.12927659372906,4045611.330141099,90.21873974500497,648350.0125781866,21.208124694930046,-1,0.03425133169595056,0.9997871554527453,0.0,0.5998722932716472,4.0,0.5,1.5714285714285714,O7,de-protonated,,0.0,,C14 H22 O7,14.0,22.0,7.0,,,,,,,
363,784,301.1659796829931,301.1656705153532,301.1656621030791,3515561.1313557806,36.44366457718414,684204.6829374087,18.220879531273358,-1,0.027932381267843944,0.9998584405032732,0.0,0.599915064301964,3.0,0.4,1.7333333333333334,O6,de-protonated,,0.0,,C15 H26 O6,15.0,26.0,6.0,,,,,,,
364,785,301.2023776970094,301.2020684925407,301.2020476124291,2549896.8936014515,76.23906620206084,699324.3638818305,13.143878720089434,-1,0.06932260843330995,0.9991284058900358,0.0,0.5994770435340214,2.0,0.3125,1.875,O5,de-protonated,,0.0,,C16 H30 O5,16.0,30.0,5.0,,,,,,,
365,786,301.238730158554,301.23842091730256,301.23843312177905,6413551.023499592,110.15031304829043,703425.8368191684,33.50452064612305,-1,-0.040514340631354985,0.9997022123333271,0.0,0.5998213273999963,1.0,0.23529411764705882,2.0,O4,de-protonated,,0.0,,C17 H34 O4,17.0,34.0,4.0,,,,,,,
366,788,302.16122579750896,302.1609156228527,302.1609110752791,1592156.6115120999,135.7384450262885,623217.1661428126,8.17215527150134,-1,0.015050171757631126,0.9999589013254246,0.0,0.5999753407952547,3.0,0.42857142857142855,1.7857142857142858,N1 O6,de-protonated,,0.0,,C14 H25 O6 N1,14.0,25.0,6.0,1.0,,,,,,
367,789,302.2339812172703,302.233670968999,302.2336820939791,3433444.7676120624,60.583953904008396,720435.2098934887,17.976109663238052,-1,-0.0368092002263624,0.9997541822682643,0.0,0.5998525093609586,1.0,0.25,2.0625,N1 O4,de-protonated,,0.0,,C16 H33 O4 N1,16.0,33.0,4.0,1.0,,,,,,
368,792,303.1452170798167,303.1449059095516,303.1449266581891,2977480.19048641,111.01611660484123,632694.8066210196,15.74159764214155,-1,-0.06844461401632308,0.9991503348259074,0.0,0.5994902008955444,3.0,0.5,1.7142857142857142,O7,de-protonated,,0.0,,C14 H24 O7,14.0,24.0,7.0,,,,,,,
369,796,305.0369056651782,305.0365925809445,305.03665331065906,1876874.2940992364,107.83818367039036,628316.1434185499,9.732892171984526,-1,-0.19908989265040455,0.9928337582155843,0.0,0.5957002549293505,5.0,0.5,1.5,N2 S1 P1 O5,de-protonated,,0.0,,C10 H15 O5 N2 P1 S1,10.0,15.0,5.0,2.0,1.0,1.0,,,,
370,798,305.17616919625647,305.17585597112185,305.1758328639391,4837128.4629573915,124.25084946025598,701200.9093694135,24.99284588025015,-1,0.07571760364775788,0.9989602673626502,0.0,0.5993761604175901,6.0,0.2222222222222222,1.4444444444444444,O4,de-protonated,,0.0,,C18 H26 O4,18.0,26.0,4.0,,,,,,,
371,801,306.2289196869004,306.22860539665004,306.22859671354905,1814973.2382536475,74.87501928017265,619260.811889541,9.523653413825313,-1,0.028354964493388268,0.9998541251691064,0.0,0.5999124751014638,0.0,0.3333333333333333,2.2,N1 O5,de-protonated,,0.0,,C15 H33 O5 N1,15.0,33.0,5.0,1.0,,,,,,
372,802,307.155402389942,307.15508716234524,307.15509741904907,106365195.90287934,158.71596870658854,708305.4852391252,552.7482645731483,-1,-0.0333925886867284,0.6665894787752412,0.9850834892477237,0.7939870829642343,6.0,0.29411764705882354,1.411764705882353,O5,de-protonated,,0.0,,C17 H24 O5,17.0,24.0,5.0,,,,,,,
373,804,307.191817440282,307.1915021758435,307.19148292839907,2552655.4879448772,114.93143270209254,671878.0717783617,13.275475423334221,-1,0.06265617858253325,0.9992879229906676,0.0,0.5995727537944006,5.0,0.2222222222222222,1.5555555555555556,O4,de-protonated,,0.0,,C18 H28 O4,18.0,28.0,4.0,,,,,,,
374,806,308.1587724098849,308.15845616717206,308.1584522541191,21503384.36876383,118.7424536002479,694426.896637117,111.06761753860114,-1,0.012698184813394811,0.6666471619564062,0.9850834892477237,0.7940216928729332,6.0,0.29411764705882354,1.411764705882353,13C1 O5,de-protonated,,1.0,802.0,C16 H24 O5 13C1,16.0,24.0,5.0,,,,1.0,,,
375,810,309.1016673946598,309.10135019803226,309.1013477681291,7062344.907242329,101.67015067970362,676633.4218349467,36.95761813926629,-1,0.007861186009716685,0.9999887868524092,0.0,0.5999932721114455,2.0,0.5833333333333334,1.8333333333333333,S1 O7,de-protonated,,0.0,,C12 H22 O7 S1,12.0,22.0,7.0,,,1.0,,,,
376,811,309.134689424809,309.13437219477385,309.13436197415905,4023352.256705388,56.73221161084935,748858.5648255108,20.987042233478803,-1,0.033062046974956495,0.9998016782998312,0.0,0.5998810069798988,6.0,0.375,1.375,O6,de-protonated,,0.0,,C16 H22 O6,16.0,22.0,6.0,,,,,,,
377,813,309.17106558352475,309.17074831668873,309.17074748350905,2450909061.6661,413.5025777176149,696521.285175569,13009.250028801885,-1,0.0026948852381728948,0.8570407045946901,0.9948808261963656,0.9121767532353603,5.0,0.29411764705882354,1.5294117647058822,O5,de-protonated,,0.0,,C17 H26 O5,17.0,26.0,5.0,,,,,,,
378,814,309.17442764149786,309.1741103712605,309.17411878682907,3995245.0128195733,109.49689532462197,776644.5030099798,20.813334585195683,-1,-0.027219511793854876,0.9998655733737274,0.0,0.5999193440242364,0.0,0.35714285714285715,2.142857142857143,S1 O5,de-protonated,,0.0,,C14 H30 O5 S1,14.0,30.0,5.0,,,1.0,,,,
379,816,309.20749095584335,309.20717365215665,309.2071329928591,1864232.634939693,78.26685672585873,636534.5011518924,9.636826578615832,-1,0.13149534152124925,0.9968674828595401,0.0,0.5981204897157241,4.0,0.2222222222222222,1.6666666666666667,O4,de-protonated,,0.0,,C18 H30 O4,18.0,30.0,4.0,,,,,,,
380,817,310.16630137932714,310.1659831056446,310.1659964557091,3126280.676900094,46.17631273347969,723852.0575550153,16.165339026589766,-1,-0.04304167649079131,0.9996639072112583,0.0,0.5997983443267549,5.0,0.3125,1.5625,N1 O5,de-protonated,,0.0,,C16 H25 O5 N1,16.0,25.0,5.0,1.0,,,,,,
381,818,310.1744189555231,310.17410067362835,310.17410231857906,441655938.27594274,116.31933188685228,705876.0121425114,2270.285268906565,-1,-0.005303314177462823,0.8570401638084514,0.9948808261963656,0.912176428763617,5.0,0.29411764705882354,1.5294117647058822,13C1 O5,de-protonated,,1.0,813.0,C16 H26 O5 13C1,16.0,26.0,5.0,,,,1.0,,,
382,821,310.27549408196427,310.27517569781634,310.2751529837591,3737554.7013410167,91.7237485688002,668761.4282541389,19.234174146258226,-1,0.07320617533673127,0.9990280629790125,0.0,0.5994168377874075,2.0,0.10526315789473684,1.9473684210526316,N1 O2,de-protonated,,0.0,,C19 H37 O2 N1,19.0,37.0,2.0,1.0,,,,,,
383,822,310.3118601164026,310.3115416954648,310.3115384931091,14231451.187037198,129.5421447030295,687374.1131139069,74.52584498158839,-1,0.010319808789292102,0.9999514065139874,0.9989968285537184,0.9995695753298798,1.0,0.05,2.05,N1 O1,de-protonated,,0.0,,C20 H41 O1 N1,20.0,41.0,1.0,1.0,,,,,,
384,823,311.0995034557071,311.09918423795347,311.09923976784904,11007384.602105867,123.24835827203438,699381.3165604492,57.47091224106385,-1,-0.17849576108716567,0.994235589514999,0.0,0.5965413537089994,1.0,0.4166666666666667,2.0,S2 O5,de-protonated,,0.0,,C12 H24 O5 S2,12.0,24.0,5.0,,,2.0,,,,
385,824,311.15032395155976,311.1500046823942,311.1500120386191,22286367.726543717,154.6327279474179,701469.6470287801,114.96287995464687,-1,-0.023642052431111924,0.9999334599602978,0.9937668097441823,0.9974667998738516,5.0,0.375,1.5,O6,de-protonated,,0.0,,C16 H24 O6,16.0,24.0,6.0,,,,,,,
386,825,311.16895236118427,311.16863307317357,311.16863948322913,52995277.00413122,136.39387364467746,696624.6429194554,275.1529148804625,-1,-0.020599940831267934,0.9982616570340458,0.9968825073730292,0.9977099971696392,4.0,0.17647058823529413,1.6470588235294117,S1 O3,de-protonated,,0.0,,C17 H28 O3 S1,17.0,28.0,3.0,,,1.0,,,,
387,826,311.1753140539207,311.17499475947426,311.1749924767991,22837309.00164897,135.8950444288729,682062.2621792533,120.16358166688089,-1,0.007335663886437472,0.8570394979790638,0.9948808261963656,0.9121760292659845,5.0,0.29411764705882354,1.5294117647058822,O4 18O1,de-protonated,,1.0,813.0,C17 H26 O4 18O1,17.0,26.0,4.0,,,,,,1.0,
388,827,311.1777712556767,311.1774519587444,311.1774571536491,36688126.025929965,224.4359123881766,687760.7427377098,193.20501583586807,-1,-0.016694347632507524,0.8570336687457598,0.9948808261963656,0.9121725317260021,5.0,0.29411764705882354,1.5294117647058822,13C2 O5,de-protonated,,1.0,813.0,C15 H26 O5 13C2,15.0,26.0,5.0,,,,2.0,,,
389,830,311.18672070820895,311.1864014022231,311.1863975479691,1886838151.592631,105.71786352770714,702620.8425624627,9771.086799134293,-1,0.012385676439414156,0.7141154133902592,0.9934134725062215,0.8258346370366441,4.0,0.29411764705882354,1.6470588235294117,O5,de-protonated,,0.0,,C17 H28 O5,17.0,28.0,5.0,,,,,,,
390,831,311.2231099472349,311.22279060443645,311.2227830573191,3803001.3541810736,81.94366806261237,689604.439116537,19.973747618493935,-1,0.02424988718091768,0.9998933035172156,0.0,0.5999359821103294,3.0,0.2222222222222222,1.7777777777777777,O4,de-protonated,,0.0,,C18 H32 O4,18.0,32.0,4.0,,,,,,,
391,832,311.29581278206666,311.2954933657195,311.2955540760191,1904228.686800454,108.18467486154537,634829.9440525377,9.894756116975616,-1,-0.1950246278295174,0.9931224302884696,0.0,0.5958734581730817,1.0,0.1,2.0,O2,de-protonated,,0.0,,C20 H40 O2,20.0,40.0,2.0,,,,,,,
392,833,311.30708986570636,311.3067704379509,311.30678746530907,1638348.5644874612,119.80919102291222,669576.2200475652,8.487987359288832,-1,-0.0546963923325428,0.9994573081223016,0.0,0.599674384873381,1.0,0.05263157894736842,2.1052631578947367,N2 O1,de-protonated,,0.0,,C19 H40 O1 N2,19.0,40.0,1.0,2.0,,,,,,
393,834,311.3152192132336,311.3148997772542,311.3148933281791,3099617.069953501,107.83911168573033,713002.3237678043,15.973207839852376,-1,0.020715600954887916,0.9999221368457397,0.9989968285537184,0.9995520135289312,1.0,0.05,2.05,13C1 N1 O1,de-protonated,,1.0,822.0,C19 H41 O1 N1 13C1,19.0,41.0,1.0,1.0,,,1.0,,,
394,836,312.1456048625565,312.1452845865382,312.14526101081907,1584760.349250668,102.21968592439295,598249.7699817679,8.176103172598683,-1,0.0755280379715241,0.9989654642792337,0.0,0.5993792785675403,5.0,0.4,1.5333333333333334,N1 O6,de-protonated,,0.0,,C15 H23 O6 N1,15.0,23.0,6.0,1.0,,,,,,
395,837,312.1536912815672,312.15337099736854,312.1533668736891,3666926.068941787,93.71627213436483,665244.2509231432,18.92623786066542,-1,0.01321042757670971,0.9999683349118663,0.9937668097441823,0.9974877248447928,5.0,0.375,1.5,13C1 O6,de-protonated,,1.0,824.0,C15 H24 O6 13C1,15.0,24.0,6.0,,,,1.0,,,
396,838,312.17230691081187,312.1719866077813,312.17199431829914,9589742.723869776,45.66558468858988,701358.313030302,49.51194362881907,-1,-0.02469958215664754,0.9982504257009629,0.9968825073730292,0.9977032583697893,4.0,0.17647058823529413,1.6470588235294117,13C1 S1 O3,de-protonated,,1.0,825.0,C16 H28 O3 S1 13C1,16.0,28.0,3.0,,,1.0,1.0,,,
397,839,312.1786834926958,312.1783631832146,312.1783473118691,4589570.221958011,45.481399694946006,692591.763591469,23.62950403463415,-1,0.05084063532079676,0.8569739081033837,0.9948808261963656,0.9121366753405765,5.0,0.29411764705882354,1.5294117647058822,13C1 O4 18O1,de-protonated,,1.0,813.0,C16 H26 O4 13C1 18O1,16.0,26.0,4.0,,,,1.0,,1.0,
398,840,312.1811421178337,312.1808218058653,312.1808119887191,2291317.8119753497,108.32322940445928,717165.7175081649,11.814752017317074,-1,0.03144698795852318,0.8570152612914033,0.9948808261963656,0.9121614872533882,5.0,0.29411764705882354,1.5294117647058822,13C3 O5,de-protonated,,1.0,813.0,C14 H26 O5 13C3,14.0,26.0,5.0,,,,3.0,,,
399,841,312.1900811999626,312.1897608789513,312.1897523830391,334806250.57427883,179.0959566818462,686746.6289397863,1764.617040886272,-1,0.027213936821779545,0.7141001938437596,0.9934134725062215,0.8258255053087444,4.0,0.29411764705882354,1.6470588235294117,13C1 O5,de-protonated,,1.0,830.0,C16 H28 O5 13C1,16.0,28.0,5.0,,,,1.0,,,
400,844,312.2183384424888,312.218018092892,312.21803202951907,2157176.01590046,252.58658538304363,630659.5566640758,11.067282742886677,-1,-0.04463748286850143,0.9996385279543966,0.0,0.599783116772638,3.0,0.23529411764705882,1.8235294117647058,N1 O4,de-protonated,,0.0,,C17 H31 O4 N1,17.0,31.0,4.0,1.0,,,,,,
401,845,312.2911185402006,312.2907981169784,312.2908030482191,1448026959.5042107,69.29837449590151,702152.6787998478,7495.074441702515,-1,-0.015790540937678156,0.833177641072691,0.9930814264471359,0.897139155222469,1.0,0.10526315789473684,2.0526315789473686,N1 O2,de-protonated,,0.0,,C19 H39 O2 N1,19.0,39.0,2.0,1.0,,,,,,
402,848,313.0787762231542,313.0784550031328,313.0785043229591,52317546.500235006,133.22276836355252,687594.2470090985,269.46793730028764,-1,-0.15753181908677535,0.6640646174637467,0.9089853768852052,0.76203292123233,1.0,0.5454545454545454,2.0,S2 O6,de-protonated,,0.0,,C11 H22 O6 S2,11.0,22.0,6.0,,,2.0,,,,
403,849,313.1295922641277,313.1292709927009,313.12927659372906,2200512.8697694987,111.81996937095774,577265.0587306867,11.547610709730154,-1,-0.017887270703156707,0.9999419463699631,0.0,0.5999651678219778,5.0,0.4666666666666667,1.4666666666666666,O7,de-protonated,,0.0,,C15 H22 O7,15.0,22.0,7.0,,,,,,,
404,851,313.1648088128189,313.16448750576717,313.1644353128291,2277017.758543399,152.7715361210361,676387.2547745638,12.025306742508734,-1,0.1666630440748804,0.9966115415590157,0.9968825073730292,0.996719927884621,4.0,0.17647058823529413,1.6470588235294117,34S1 O3,de-protonated,,1.0,825.0,C17 H28 O3 34S1,17.0,28.0,3.0,,,,,,,1.0
405,852,313.1659871979113,313.16566588966754,313.1656621030791,27066126.693727385,160.25887304964115,690665.6166438375,140.50316812039534,-1,0.012091326989501303,0.9999779824121164,0.9967903115820045,0.9987029140800716,4.0,0.375,1.625,O6,de-protonated,,0.0,,C16 H26 O6,16.0,26.0,6.0,,,,,,,
406,853,313.19097733684447,313.1906560033208,313.1906425412591,20068928.641283,103.00484799463156,692495.6298218926,103.00337156376052,-1,0.042983601274282926,0.7140715059842585,0.9934134725062215,0.8258082925930437,4.0,0.29411764705882354,1.6470588235294117,O4 18O1,de-protonated,,1.0,830.0,C17 H28 O4 18O1,17.0,28.0,4.0,,,,,,1.0,
407,855,313.19344576260653,313.19312442658577,313.1931072181091,31434090.447961617,101.27944143751279,692457.8715138425,163.1799120235372,-1,0.05494525986236226,0.7140411554634886,0.9934134725062215,0.8257900822805817,4.0,0.29411764705882354,1.6470588235294117,13C2 O5,de-protonated,,1.0,830.0,C15 H28 O5 13C2,15.0,28.0,5.0,,,,2.0,,,
408,857,313.20239358057336,313.202072235501,313.2020476124291,2103373.9009701475,38.144433373572234,764184.5385608743,10.759346457293873,-1,0.07861721242322725,0.9988791548742479,0.0,0.5993274929245488,3.0,0.29411764705882354,1.7647058823529411,O5,de-protonated,,0.0,,C17 H30 O5,17.0,30.0,5.0,,,,,,,
409,858,313.23876382659114,313.23844244472684,313.23843312177905,5718052.354751999,56.44830754389115,674460.400971366,29.78822974649023,-1,0.029763103131552393,0.9998392779940963,0.0,0.5999035667964577,2.0,0.2222222222222222,1.8888888888888888,O4,de-protonated,,0.0,,C18 H34 O4,18.0,34.0,4.0,,,,,,,
410,859,313.28813930814744,313.28781787633517,313.2878379426691,4105466.3442564267,211.1393740230552,724443.7718621836,21.071264123555466,-1,-0.06405079136602408,0.833061161849438,0.9930814264471359,0.8970692676885172,1.0,0.10526315789473684,2.0526315789473686,15N1 O2,de-protonated,,1.0,845.0,C19 H39 O2 15N1,19.0,39.0,2.0,,,,,1.0,,
411,860,313.29447124339504,313.2941498051774,313.29415788328913,286143615.5021988,149.17219666783262,692562.3432991031,1482.9790404699063,-1,-0.025784431345506793,0.8331650769227852,0.9930814264471359,0.8971316167325255,1.0,0.10526315789473684,2.0526315789473686,13C1 N1 O2,de-protonated,,1.0,845.0,C18 H39 O2 N1 13C1,18.0,39.0,2.0,1.0,,,1.0,,,
412,864,314.0821389151962,314.0818166801851,314.0818591580291,4641182.60699534,62.530279798580565,706492.5026992406,23.88216970486414,-1,-0.13524449992227172,0.6644577399641065,0.9089853768852052,0.7622687947325459,1.0,0.5454545454545454,2.0,13C1 S2 O6,de-protonated,,1.0,848.0,C10 H22 O6 S2 13C1,10.0,22.0,6.0,,,2.0,1.0,,,
413,865,314.1248189908838,314.1244967126985,314.1245255659291,2057118.077786297,127.25158605050022,574370.6208659118,10.573795105718721,-1,-0.09185284264323255,0.9984702986550371,0.0,0.5990821791930222,5.0,0.5,1.5,N1 O7,de-protonated,,0.0,,C14 H21 O7 N1,14.0,21.0,7.0,1.0,,,,,,
414,866,314.16127471049555,314.16095239543245,314.1609110752791,1920497.5790928549,97.36569537814567,656068.6319358967,9.923707391689469,-1,0.13152544408507988,0.9968660507227458,0.0,0.5981196304336475,4.0,0.4,1.6666666666666667,N1 O6,de-protonated,,0.0,,C15 H25 O6 N1,15.0,25.0,6.0,1.0,,,,,,
415,867,314.16934234742234,314.16902002419823,314.1690169381491,4564743.60780338,73.22927152838385,705594.8421676556,23.508435067648943,-1,0.009822894489170531,0.9999824923044908,0.9967903115820045,0.9987056200154962,4.0,0.375,1.625,13C1 O6,de-protonated,,1.0,852.0,C15 H26 O6 13C1,15.0,26.0,6.0,,,,1.0,,,
416,868,314.194328670308,314.19400632180833,314.1939973763291,3554755.550485176,144.05394224856795,681395.9024961613,18.307733355414918,-1,0.02847119713315181,0.7140983793346874,0.9934134725062215,0.8258244166033011,4.0,0.29411764705882354,1.6470588235294117,13C1 O4 18O1,de-protonated,,1.0,830.0,C16 H28 O4 13C1 18O1,16.0,28.0,4.0,,,,1.0,,1.0,
417,869,314.1976311995336,314.19730884769314,314.1972965846291,2909031.3783773435,73.84856443258212,647383.6914249404,15.159940213799587,-1,0.039029820337521774,0.9997236325361284,0.0,0.5998341795216771,3.0,0.3125,1.8125,N1 O5,de-protonated,,0.0,,C16 H29 O5 N1,16.0,29.0,5.0,1.0,,,,,,
418,871,314.2339584693782,314.23363608079,314.2336820939791,1887331.780396406,50.736014005278385,705272.0210024907,9.726312336822287,-1,-0.14642984413761168,0.9961169902929514,0.0,0.5976701941757708,2.0,0.23529411764705882,1.9411764705882353,N1 O4,de-protonated,,0.0,,C17 H33 O4 N1,17.0,33.0,4.0,1.0,,,,,,
419,874,314.29537344232284,314.29505099160883,314.2950480415091,6117776.83671696,82.25399267972843,716917.1027113711,31.5463617018406,-1,0.00938640214456084,0.8331825169527708,0.9930814264471359,0.8971420807505168,1.0,0.10526315789473684,2.0526315789473686,N1 O1 18O1,de-protonated,,1.0,845.0,C19 H39 O1 N1 18O1,19.0,39.0,1.0,1.0,,,,,1.0,
420,875,314.29783306099296,314.29751060779085,314.2975127183591,28309482.746699955,158.10437587389742,682477.070363071,148.35685937004428,-1,-0.0067151922836704535,0.8331838176440317,0.9930814264471359,0.8971428611652734,1.0,0.10526315789473684,2.0526315789473686,13C2 N1 O2,de-protonated,,1.0,845.0,C17 H39 O2 N1 13C2,17.0,39.0,2.0,1.0,,,2.0,,,
421,877,315.05806582676604,315.05774260453825,315.05776887806906,4472803.400496157,63.02485540963851,700329.5826275848,23.11890882604437,-1,-0.08339274064098127,0.9987389382824697,0.0,0.5992433629694818,1.0,0.7,2.0,S2 O7,de-protonated,,0.0,,C10 H20 O7 S2,10.0,20.0,7.0,,,2.0,,,,
422,879,315.1452627058955,315.14493939546304,315.1449266581891,2692720.9924306357,62.58956560338369,644319.7543743212,13.865028653870873,-1,0.04041719498240552,0.9997036384856903,0.0,0.5998221830914142,4.0,0.4666666666666667,1.6,O7,de-protonated,,0.0,,C15 H24 O7,15.0,24.0,7.0,,,,,,,
423,880,315.1816373551281,315.1813140079006,315.1813121675391,5343272.436069751,124.34191491188905,669427.4566776211,27.51423871442029,-1,0.0058390565519243435,0.9999938136021275,0.0,0.5999962881612765,3.0,0.375,1.75,O6,de-protonated,,0.0,,C16 H28 O6,16.0,28.0,6.0,,,,,,,
424,881,315.2180220070366,315.217698623004,315.2176976768891,2211906.2048863173,209.92606380991953,678641.0758649982,11.554190544892393,-1,0.003001465160358581,0.9999983653676612,0.0,0.5999990192205967,2.0,0.29411764705882354,1.8823529411764706,O5,de-protonated,,0.0,,C17 H32 O5,17.0,32.0,5.0,,,,,,,
425,882,315.25442265522196,315.2540992343681,315.2540831862391,7045823.515543519,51.007195720850056,670768.5908259252,36.715480205295876,-1,0.05090538030765382,0.9995299120675111,0.0,0.5997179472405066,1.0,0.2222222222222222,2.0,O4,de-protonated,,0.0,,C18 H36 O4,18.0,36.0,4.0,,,,,,,
426,884,316.1405115137714,316.1401871965981,316.1401756303891,1575095.4672559653,74.05286725105736,640102.6785134664,8.1655754363391,-1,0.036585698107307045,0.9997571580099066,0.0,0.599854294805944,4.0,0.5,1.6428571428571428,N1 O7,de-protonated,,0.0,,C14 H23 O7 N1,14.0,23.0,7.0,1.0,,,,,,
427,887,316.2496257865934,316.24930135904714,316.2493321584391,1584045.370507673,131.9756367131334,630706.0930465274,8.366918392303626,-1,-0.09738958727972177,0.9982804879488518,0.0,0.5989682927693111,1.0,0.23529411764705882,2.0588235294117645,N1 O4,de-protonated,,0.0,,C17 H35 O4 N1,17.0,35.0,4.0,1.0,,,,,,
428,889,317.1609070670285,317.16058171769794,317.16057672264907,2446539.8527540346,83.77664640286915,645396.9711968995,12.756984412549757,-1,0.01574927413856387,0.9999549945466901,0.0,0.5999729967280141,3.0,0.4666666666666667,1.7333333333333334,O7,de-protonated,,0.0,,C15 H26 O7,15.0,26.0,7.0,,,,,,,
429,890,317.19731417292104,317.1969887867641,317.19696223199907,2108551.8622725205,75.66095288333187,741683.369852996,10.811985138591789,-1,0.08371695887633405,0.998729119836112,0.0,0.5992374719016672,2.0,0.375,1.875,O6,de-protonated,,0.0,,C16 H30 O6,16.0,30.0,6.0,,,,,,,
430,896,319.10373343565976,319.1034061211661,319.1034557684091,1665774.1333441618,59.20979803624169,623580.7341898187,8.58800085375487,-1,-0.15558353296991725,0.995617441884686,0.0,0.5973704651308116,4.0,0.6923076923076923,1.5384615384615385,O9,de-protonated,,0.0,,C13 H20 O9,13.0,20.0,9.0,,,,,,,
431,901,320.24464671012,320.2443182416311,320.2442467780091,2688534.892103844,39.24167550968631,733551.3000458353,13.965042148336911,-1,0.22315349218581482,0.9910050116280246,0.0,0.5946030069768147,0.0,0.3125,2.1875,N1 O5,de-protonated,,0.0,,C16 H35 O5 N1,16.0,35.0,5.0,1.0,,,,,,
432,904,321.1016840769414,321.10135474160535,321.1013477681291,1963321.9550158472,75.0308427799527,665290.72073497,10.146105820173162,-1,0.02171736843561206,0.9999144244609375,0.0,0.5999486546765624,3.0,0.5384615384615384,1.6923076923076923,S1 O7,de-protonated,,0.0,,C13 H22 O7 S1,13.0,22.0,7.0,,,1.0,,,,
433,905,321.13469375422517,321.1343643855019,321.13436197415905,2666510.818683556,102.55162228436605,691812.2174116996,13.722904214366501,-1,0.007508828495460879,0.9999897695208007,0.0,0.5999938617124804,7.0,0.35294117647058826,1.2941176470588236,O6,de-protonated,,0.0,,C17 H22 O6,17.0,22.0,6.0,,,,,,,
434,906,321.1710843026564,321.1707548971264,321.17074748350905,4383586.264551036,115.79086292630583,636178.4329259358,22.56093880428647,-1,0.023083102761039552,0.9999033234365305,0.0,0.5999419940619183,6.0,0.2777777777777778,1.4444444444444444,O5,de-protonated,,0.0,,C18 H26 O5,18.0,26.0,5.0,,,,,,,
435,909,322.16632731835597,322.165996906211,322.1659964557091,114912078.29929279,174.42460071640306,679159.3671378361,591.4903340084139,-1,0.001398353306736831,0.9994096113454107,0.9962236753468968,0.9981352369460053,6.0,0.29411764705882354,1.4705882352941178,N1 O5,de-protonated,,0.0,,C17 H25 O5 N1,17.0,25.0,5.0,1.0,,,,,,
436,913,323.15035534454285,323.15002393714553,323.1500120386191,40321302.495811895,147.96555419561213,678861.978011073,206.93318391836436,-1,0.03682044254633152,0.9998719861243264,0.9857715003808084,0.9942317918269192,6.0,0.35294117647058826,1.411764705882353,O6,de-protonated,,0.0,,C17 H24 O6,17.0,24.0,6.0,,,,,,,
437,914,323.1696859231997,323.1693544962515,323.1693512907791,21699435.959648017,62.367318135767654,684022.8387295087,112.22566852715528,-1,0.009918862656280987,0.9994037791269815,0.9962236753468968,0.9981317376149477,6.0,0.29411764705882354,1.4705882352941178,13C1 N1 O5,de-protonated,,1.0,909.0,C16 H25 O5 N1 13C1,16.0,25.0,5.0,1.0,,,1.0,,,
438,916,323.1867585603495,323.1864271161341,323.1863975479691,4918196.264452814,128.1118398788081,657075.5206704746,25.556079770137845,-1,0.09148950959254577,0.9984823673221315,0.0,0.5990894203932788,5.0,0.2777777777777778,1.5555555555555556,O5,de-protonated,,0.0,,C18 H28 O5,18.0,28.0,5.0,,,,,,,
439,918,324.12441213548095,324.12407974293535,324.12413164275904,2761159.476229933,135.58324506951507,659198.5745968575,14.44405414814794,-1,-0.16012329420036914,0.995358556913136,0.0,0.5972151341478816,11.0,0.21052631578947367,1.0,N1 O4,de-protonated,,0.0,,C19 H19 O4 N1,19.0,19.0,4.0,1.0,,,,,,
440,919,324.1536968822228,324.15336446005927,324.1533668736891,6623011.440845652,126.69924797140614,686593.3824823566,34.3993782281876,-1,-0.007445950207497753,0.9999899401408728,0.9857715003808084,0.994302564236847,6.0,0.35294117647058826,1.411764705882353,13C1 O6,de-protonated,,1.0,913.0,C16 H24 O6 13C1,16.0,24.0,6.0,,,,1.0,,,
441,921,324.173070444498,324.1727380027405,324.1727061258491,1884806.6888538084,79.60705897155637,559990.9999652663,9.678937523654163,-1,0.09833305147572073,0.9988254097124919,0.9962236753468968,0.9977847159662538,6.0,0.29411764705882354,1.4705882352941178,13C2 N1 O5,de-protonated,,1.0,909.0,C15 H25 O5 N1 13C2,15.0,25.0,5.0,1.0,,,2.0,,,
442,925,324.2547668477957,324.25443432341245,324.25441753886906,2809507.9811849017,76.30998519519741,664769.7142255784,14.467741554732001,-1,0.05176349953258918,0.9995139336925701,0.0,0.5997083602155421,3.0,0.15789473684210525,1.8421052631578947,N1 O3,de-protonated,,0.0,,C19 H35 O3 N1,19.0,35.0,3.0,1.0,,,,,,
443,928,325.0237536853025,325.0234203831914,325.0234913689991,1603979.4194009132,103.57525121360341,547859.6003299743,8.243217491253525,-1,-0.21840208339563266,0.9913823405678673,0.0,0.5948294043407204,4.0,1.0,1.4,S1 O10,de-protonated,,0.0,,C10 H14 O10 S1,10.0,14.0,10.0,,,1.0,,,,
444,929,325.1296097966764,325.1292763875069,325.12927659372906,2210085.797435599,89.65205400907261,600971.6435334149,11.421277874615157,-1,-0.0006342774929475054,0.9999999270017558,0.0,0.5999999562010534,6.0,0.4375,1.375,O7,de-protonated,,0.0,,C16 H22 O7,16.0,22.0,7.0,,,,,,,
445,930,325.14821078531605,325.1478773573343,325.14790403833905,3186180.1366027724,205.5484390860204,609311.172727117,16.354838279262264,-1,-0.08205805541137307,0.9987789569133708,0.0,0.5992673741480224,5.0,0.23529411764705882,1.5294117647058822,S1 O4,de-protonated,,0.0,,C17 H26 O4 S1,17.0,26.0,4.0,,,1.0,,,,
446,931,325.1660019248523,325.1656684788774,325.1656621030791,400859709.79104346,163.7522066161354,667435.3422770035,2089.7135365821964,-1,0.01960784624628922,0.9998519557981219,0.995822631053357,0.9982402259002159,5.0,0.35294117647058826,1.5294117647058822,O6,de-protonated,,0.0,,C17 H26 O6,17.0,26.0,6.0,,,,,,,
447,932,325.1846272171465,325.1842937523348,325.18428954768905,53147514.201990664,125.40211920397606,658124.5666435015,280.9642252957523,-1,0.012930039577421802,0.9998728649430962,0.9969105935047482,0.9986879563677571,4.0,0.16666666666666666,1.6666666666666667,S1 O3,de-protonated,,0.0,,C18 H30 O3 S1,18.0,30.0,3.0,,,1.0,,,,
448,933,325.2023861928899,325.2020527101175,325.2020476124291,40164993.19826786,104.97965987410745,672864.9189610245,205.96463218248272,-1,0.01567544993279089,0.9994402548717167,0.9994014529795706,0.9994247341148583,4.0,0.2777777777777778,1.6666666666666667,O5,de-protonated,,0.0,,C18 H30 O5,18.0,30.0,5.0,,,,,,,
449,935,325.2387616863772,325.2384281668163,325.23843312177905,1619503.5096767484,88.86129703483905,533672.1160268222,8.340599051654669,-1,-0.015234862400862852,0.9999578864593844,0.0,0.5999747318756307,3.0,0.21052631578947367,1.7894736842105263,O4,de-protonated,,0.0,,C19 H34 O4,19.0,34.0,4.0,,,,,,,
450,937,326.16123620425617,326.16090175175464,326.1609110752791,6132349.834456029,60.58512799287643,681551.2274076028,31.72006935012372,-1,-0.028585658641669134,0.9998517420335439,0.0,0.5999110452201263,5.0,0.375,1.5625,N1 O6,de-protonated,,0.0,,C16 H25 O6 N1,16.0,25.0,6.0,1.0,,,,,,
451,938,326.1693474663779,326.16901300567315,326.1690169381491,71449647.55341893,113.30447436088306,676868.9913032323,366.7863312838733,-1,-0.012056558939192621,0.9998628016904769,0.995822631053357,0.9982467334356289,5.0,0.35294117647058826,1.5294117647058822,13C1 O6,de-protonated,,1.0,931.0,C16 H26 O6 13C1,16.0,26.0,6.0,,,,1.0,,,
452,939,326.18796894360446,326.1876344640671,326.1876443827591,10139974.56922491,101.87108235951973,663703.8317887372,52.64920903417482,-1,-0.03040793289345533,0.9998270563210457,0.9969105935047482,0.9986604711945268,4.0,0.16666666666666666,1.6666666666666667,13C1 S1 O3,de-protonated,,1.0,932.0,C17 H30 O3 S1 13C1,17.0,30.0,3.0,,,1.0,1.0,,,
453,940,326.19761613732965,326.19728164803576,326.1972965846291,1699128.214515352,134.0226782884383,617865.4724591293,8.972263227229652,-1,-0.04579005865981349,0.9996196235532133,0.0,0.599771774131928,4.0,0.29411764705882354,1.7058823529411764,N1 O5,de-protonated,,0.0,,C17 H29 O5 N1,17.0,29.0,5.0,1.0,,,,,,
454,941,326.2057118309635,326.20537733348215,326.20540244749907,7853782.738538481,128.38075166830066,635928.4189530117,40.60547875321181,-1,-0.07698835375732745,0.9989250942718313,0.9994014529795706,0.9991156377549271,4.0,0.2777777777777778,1.6666666666666667,13C1 O5,de-protonated,,1.0,933.0,C17 H30 O5 13C1,17.0,30.0,5.0,,,,1.0,,,
455,943,326.2339466628944,326.2336121368582,326.23368209397904,2411256.6770554837,93.95697479173948,583600.8003846843,12.633283511499656,-1,-0.21443868209398403,0.9916909852553363,0.0,0.5950145911532018,3.0,0.2222222222222222,1.8333333333333333,N1 O4,de-protonated,,0.0,,C18 H33 O4 N1,18.0,33.0,4.0,1.0,,,,,,
456,944,326.27040998380244,326.2700754208896,326.2700676033291,23550062.0765422,136.792795973792,658597.4838577616,123.09029234704498,-1,0.023960397509960374,0.9999228603835957,0.9960699666598148,0.9983817028940833,2.0,0.15789473684210525,1.9473684210526316,N1 O3,de-protonated,,0.0,,C19 H37 O3 N1,19.0,37.0,3.0,1.0,,,,,,
457,945,326.3067956468664,326.30646104715555,326.3064531126791,7251735.245099936,187.12404685391786,637768.7256335258,38.352543193661035,-1,0.024316026794769956,0.997482053500767,0.9779258390845753,0.9896595677342903,1.0,0.1,2.05,N1 O2,de-protonated,,0.0,,C20 H41 O2 N1,20.0,41.0,2.0,1.0,,,,,,
458,947,327.1452574404497,327.14492199278135,327.1449266581891,10866878.271523353,109.48331003594332,673520.7059493613,56.64974881281637,-1,-0.01426098149020515,0.9991875737218328,0.9893712152252171,0.9952610303231865,5.0,0.4375,1.5,O7,de-protonated,,0.0,,C16 H24 O7,16.0,24.0,7.0,,,,,,,
459,948,327.1638439619936,327.16350849552833,327.1635541027991,1817944.031161705,125.91527258988347,614534.1010759767,9.447327325943336,-1,-0.13940205190149182,0.9964801293236684,0.0,0.597888077594201,4.0,0.23529411764705882,1.6470588235294117,S1 O4,de-protonated,,0.0,,C17 H28 O4 S1,17.0,28.0,4.0,,,1.0,,,,
460,949,327.1702347776327,327.1698993047043,327.16990709636906,5311559.946369598,206.49008881999634,673668.2286517275,27.351058802396754,-1,-0.023815346668347035,0.9998436687041493,0.995822631053357,0.9982352536438324,5.0,0.35294117647058826,1.5294117647058822,O5 18O1,de-protonated,,1.0,931.0,C17 H26 O5 18O1,17.0,26.0,5.0,,,,,,1.0,
461,950,327.1726920181476,327.1723565427342,327.172371773219,6285205.273824861,111.27472791715013,673588.6513007643,32.514913437722235,-1,-0.046551867340966856,0.9997711115118039,0.995822631053357,0.9981917193284251,5.0,0.35294117647058826,1.5294117647058822,13C2 O6,de-protonated,,1.0,931.0,C15 H26 O6 13C2,15.0,26.0,6.0,,,,2.0,,,
462,951,327.1804312602486,327.1800957770084,327.18008537728906,2562496.297142851,128.04377621774867,610174.3360300205,13.147826621186777,-1,0.03178591784721176,0.9998218737143053,0.9969105935047482,0.9986573616304826,4.0,0.16666666666666666,1.6666666666666667,34S1 O3,de-protonated,,1.0,932.0,C18 H30 O3 34S1,18.0,30.0,3.0,,,,,,,1.0
463,952,327.1816566433687,327.1813211588892,327.1813121675391,64426108.80798939,138.75936549955492,656828.5255269181,338.52988716315247,-1,0.02748124596317088,0.9999208657776268,0.9901031332604906,0.9959937727707724,4.0,0.35294117647058826,1.6470588235294117,O6,de-protonated,,0.0,,C17 H28 O6,17.0,28.0,6.0,,,,,,,
464,953,327.21805138846287,327.2177158671768,327.2176976768891,2764779.7944753636,92.71624899495055,704945.7454353623,14.212443950437113,-1,0.055590782106594926,0.9994394199477104,0.0,0.5996636519686261,3.0,0.2777777777777778,1.7777777777777777,O5,de-protonated,,0.0,,C18 H32 O5,18.0,32.0,5.0,,,,,,,
465,955,327.2544297271807,327.2540941691047,327.2540831862391,2957119.693211691,63.468499081883294,650671.8058022982,15.333647862082707,-1,0.03356066789665304,0.9997956518824894,0.0,0.5998773911294937,2.0,0.21052631578947367,1.894736842105263,O4,de-protonated,,0.0,,C19 H36 O4,19.0,36.0,4.0,,,,,,,
466,956,327.2737634550704,327.2734278774419,327.27342243839905,4974650.503571286,155.22999046072437,690904.0470897246,25.650829396474094,-1,0.016619262344461386,0.9999498851502471,0.9960699666598148,0.9983979177540742,2.0,0.15789473684210525,1.9473684210526316,13C1 N1 O3,de-protonated,,1.0,944.0,C18 H37 O3 N1 13C1,18.0,37.0,3.0,1.0,,,1.0,,,
467,957,327.3100895513015,327.30975393693586,327.3098079477491,1812009.5645544096,165.30156622944253,620413.2915392731,9.330206260055474,-1,-0.16501434400248272,0.9950713862588753,0.9779258390845753,0.9882131673891552,1.0,0.1,2.05,13C1 N1 O2,de-protonated,,1.0,945.0,C19 H41 O2 N1 13C1,19.0,41.0,2.0,1.0,,,1.0,,,
468,958,328.1486486659804,328.14831220357564,328.1482814932591,2041474.0467974867,66.03689386019897,585615.1346648,10.776454028715696,-1,0.09358670536730515,0.9984120489969759,0.9893712152252171,0.9947957154882724,5.0,0.4375,1.5,13C1 O7,de-protonated,,1.0,947.0,C15 H24 O7 13C1,15.0,24.0,7.0,,,,1.0,,,
469,959,328.1850070529042,328.18467055373037,328.1846670026091,10962562.665498922,52.079101490203,661970.0553386129,56.23916709869263,-1,0.010820497190492762,0.9999787556401933,0.9901031332604906,0.9960285066883122,4.0,0.35294117647058826,1.6470588235294117,13C1 O6,de-protonated,,1.0,952.0,C16 H28 O6 13C1,16.0,28.0,6.0,,,,1.0,,,
470,960,328.2132627422596,328.2129262145109,328.2129466490891,2491251.0423121857,179.09526803265493,528451.4385659304,13.057024895947873,-1,-0.06226012222851862,0.9992968936118279,0.0,0.5995781361670968,3.0,0.29411764705882354,1.8235294117647058,N1 O5,de-protonated,,0.0,,C17 H31 O5 N1,17.0,31.0,5.0,1.0,,,,,,
471,961,328.2496555443392,328.24931897978666,328.2493321584391,2688810.676507722,226.58278454635118,550787.5714715801,13.89792782968207,-1,-0.04014829922941103,0.9997075681818554,0.0,0.5998245409091132,2.0,0.2222222222222222,1.9444444444444444,N1 O4,de-protonated,,0.0,,C18 H35 O4 N1,18.0,35.0,4.0,1.0,,,,,,
472,962,328.2860544837418,328.28571788237923,328.28571766778913,47792996.52971967,165.16532337372908,664074.0478611711,247.31758021012493,-1,0.000653668711684137,0.9999511671351475,0.9914454261418871,0.9965488707378434,1.0,0.15789473684210525,2.0526315789473686,N1 O3,de-protonated,,0.0,,C19 H39 O3 N1,19.0,39.0,3.0,1.0,,,,,,
473,966,329.1245970913062,329.1242596419376,329.12419121329907,1804355.9374360396,157.38118386638786,608834.7056700712,9.443379424845993,-1,0.20791130025998472,0.9921871778969101,0.0,0.5953123067381461,5.0,0.5333333333333333,1.4666666666666666,O8,de-protonated,,0.0,,C15 H22 O8,15.0,22.0,8.0,,,,,,,
474,968,329.1609259068001,329.16058842069305,329.16057672264907,9223257.422674652,91.9505174742226,655676.016894178,47.44850732194079,-1,0.03553901896005437,0.4998854262997145,0.8524773804394659,0.640922207955615,4.0,0.4375,1.625,O7,de-protonated,,0.0,,C16 H26 O7,16.0,26.0,7.0,,,,,,,
475,969,329.19730067159117,329.1969631486992,329.19696223199907,2040697.6154193117,151.23497301739442,694736.8915346083,10.598798479335231,-1,0.002784655455168714,0.9999985929923522,0.0,0.5999991557954113,3.0,0.35294117647058826,1.7647058823529411,O6,de-protonated,,0.0,,C17 H30 O6,17.0,30.0,6.0,,,,,,,
476,970,329.2336962921419,329.2333587324439,329.23334774134906,3717591.024664668,92.05901724914793,678311.0694677654,19.631596190057486,-1,0.033383905065474395,0.9997977985849925,0.0,0.5998786791509955,2.0,0.2777777777777778,1.8888888888888888,O5,de-protonated,,0.0,,C18 H34 O5,18.0,34.0,5.0,,,,,,,
477,971,329.2700753743407,329.26973777785344,329.26973325069906,4968924.8365524635,102.55712189038675,657054.9576609299,25.650829396474094,-1,0.013749075353362693,0.9999657000596832,0.0,0.59997942003581,1.0,0.21052631578947367,2.0,O4,de-protonated,,0.0,,C19 H38 O4,19.0,38.0,4.0,,,,,,,
478,972,329.2894177556758,329.2890801396281,329.2890725028591,10421746.446416829,76.61576874817396,656956.8870300635,53.54406661623938,-1,0.02319168668569396,0.9999024118001919,0.9914454261418871,0.99651961753687,1.0,0.15789473684210525,2.0526315789473686,13C1 N1 O3,de-protonated,,1.0,962.0,C18 H39 O3 N1 13C1,18.0,39.0,3.0,1.0,,,1.0,,,
479,974,330.1562022265894,330.1558637339927,330.1558256948491,150234922.84730422,120.62953859635712,665761.1301889254,772.3147320030123,-1,0.11521572733005049,0.24939855705163763,0.8411109619311036,0.486083519003424,4.0,0.4666666666666667,1.6666666666666667,N1 O7,de-protonated,,0.0,,C15 H25 O7 N1,15.0,25.0,7.0,1.0,,,,,,
480,982,331.17656645039506,331.1762269259588,331.1762267871091,14399972.05582134,203.388015136842,649622.189136587,75.54703539876795,-1,0.0004192623223465465,0.9999986841574249,0.9819988443154664,0.9927987482206415,3.0,0.4375,1.75,O7,de-protonated,,0.0,,C16 H28 O7,16.0,28.0,7.0,,,,,,,
481,983,331.2128998250645,331.2125602638866,331.2126122964591,1720631.2667275504,104.41470200483712,677904.9562904168,8.999898534911058,-1,-0.15709719551799262,0.9955319435103793,0.0,0.5973191661062276,2.0,0.35294117647058826,1.8823529411764706,O6,de-protonated,,0.0,,C17 H32 O6,17.0,32.0,6.0,,,,,,,
482,984,332.1354171299007,332.13507663584915,332.1350902499591,1851950.015582265,113.84789318535857,596818.265437631,9.594715633577499,-1,-0.04098967662766873,0.99969518480388,0.0,0.5998171108823279,4.0,0.5714285714285714,1.6428571428571428,N1 O8,de-protonated,,0.0,,C14 H23 O8 N1,14.0,23.0,8.0,1.0,,,,,,
483,988,332.17992341861293,332.1795828795559,332.1795816221791,2856327.918513224,104.82071043827311,642273.4281322842,15.030975444619694,-1,0.0037852319523110425,0.9999974002100617,0.9819988443154664,0.9927979778522236,3.0,0.4375,1.75,13C1 O7,de-protonated,,1.0,982.0,C15 H28 O7 13C1,15.0,28.0,7.0,,,,1.0,,,
484,989,332.2081539928538,332.2078134252496,332.2078612686591,2524340.7719635773,161.35039806634714,605500.4365710974,13.088608104726623,-1,-0.14401648811578058,0.9962436910137119,0.0,0.5977462146082271,2.0,0.375,1.9375,N1 O6,de-protonated,,0.0,,C16 H31 O6 N1,16.0,31.0,6.0,1.0,,,,,,
485,993,333.1016792439824,333.10133777283954,333.1013477681291,1696413.777968495,79.72665670407984,709491.5935698553,8.6932782163507,-1,-0.030006751993448495,0.9998366360109769,0.0,0.5999019816065861,4.0,0.5,1.5714285714285714,S1 O7,de-protonated,,0.0,,C14 H22 O7 S1,14.0,22.0,7.0,,,1.0,,,,
486,1000,333.2762389927081,333.27589734505113,333.27588125955907,2808453.7752906443,123.3095144402858,706694.8820989899,14.459845752537314,-1,0.04826479492867664,0.9995774063396559,0.0,0.5997464438037935,0.0,0.23529411764705882,2.235294117647059,N2 O4,de-protonated,,0.0,,C17 H38 O4 N2,17.0,38.0,4.0,2.0,,,,,,
487,1002,334.02373849761983,334.0233960941013,334.0234455991091,5287597.679285726,117.20529786638296,653742.3535529515,27.47212776938196,-1,-0.148208182486811,0.9960222910030659,0.0,0.5976133746018395,11.0,0.46153846153846156,0.7692307692307693,N3 P1 O6,de-protonated,,0.0,,C13 H10 O6 N3 P1,13.0,10.0,6.0,3.0,1.0,,,,,
488,1003,334.0274921368737,334.0271497295596,334.0271970249491,1772937.0715768654,54.088603094767635,580280.7953883742,9.285463380952248,-1,-0.1415914330150833,0.9963689008827781,0.0,0.5978213405296668,1.0,1.125,2.125,N1 S2 O9,de-protonated,,0.0,,C8 H17 O9 N1 S2,8.0,17.0,9.0,1.0,,2.0,,,,
489,1005,334.1511296822997,334.15078714996605,334.1507403144191,5078370.11581323,71.46930452773971,662443.3201218414,26.98785190144114,-1,0.140162930302428,0.996441669072377,0.0,0.5978650014434261,3.0,0.5714285714285714,1.7857142857142858,N1 O8,de-protonated,,0.0,,C14 H25 O8 N1,14.0,25.0,8.0,1.0,,,,,,
490,1008,334.260258729228,334.25991608654573,334.25989684246906,2862269.5211208095,176.55832656190103,637088.7861615723,15.007288038035632,-1,0.05757219711364466,0.9993987586449452,0.0,0.5996392551869671,0.0,0.29411764705882354,2.176470588235294,N1 O5,de-protonated,,0.0,,C17 H37 O5 N1,17.0,37.0,5.0,1.0,,,,,,
491,1014,335.1503988819856,335.15005533922425,335.1500120386191,1595793.5163781496,29.88336748529688,691810.5599200011,8.206370414344985,-1,0.12919768347130844,0.99697583304661,0.0,0.598185499827966,7.0,0.3333333333333333,1.3333333333333333,O6,de-protonated,,0.0,,C18 H24 O6,18.0,24.0,6.0,,,,,,,
492,1015,335.15372296392536,335.15337941780285,335.1533833419391,1718049.2947634903,71.73327364380054,704230.0486503824,8.889357304185435,-1,-0.011708478704196699,0.9999751257859313,0.0,0.5999850754715588,2.0,0.4,1.8666666666666667,S1 O6,de-protonated,,0.0,,C15 H28 O6 S1,15.0,28.0,6.0,,,1.0,,,,
493,1017,335.1867332984148,335.1863897189137,335.1863975479691,1944821.5834009126,73.09418773021947,739974.7882892594,10.069779732291185,-1,-0.02335731834230836,0.9999010129703508,0.0,0.5999406077822105,6.0,0.2631578947368421,1.4736842105263157,O5,de-protonated,,0.0,,C19 H28 O5,19.0,28.0,5.0,,,,,,,
494,1022,336.1819901141717,336.18164552832064,336.18164652016907,1658391.4048042751,174.92830402915484,541927.5477942098,8.593264721884662,-1,-0.002950334838631418,0.9999984205855738,0.0,0.5999990523513442,6.0,0.2777777777777778,1.5,N1 O5,de-protonated,,0.0,,C18 H27 O5 N1,18.0,27.0,5.0,1.0,,,,,,
495,1025,336.327565290256,336.3272205572089,336.3271885575691,3691784.096747069,122.43550158500045,678964.4022513574,19.07625810236448,-1,0.09514437383592164,0.9983587927558026,0.0,0.5990152756534816,2.0,0.045454545454545456,1.9545454545454546,N1 O1,de-protonated,,0.0,,C22 H43 O1 N1,22.0,43.0,1.0,1.0,,,,,,
496,1026,337.1296055031485,337.1292599591384,337.12927659372906,2362076.4336577724,86.46337547219304,681245.8920686005,12.312187555582373,-1,-0.0493418751619672,0.9995583388434044,0.0,0.5997350033060426,7.0,0.4117647058823529,1.2941176470588236,O7,de-protonated,,0.0,,C17 H22 O7,17.0,22.0,7.0,,,,,,,
497,1027,337.16603479302086,337.16568921217646,337.1656621030791,4417832.358288377,154.5862968498343,640098.7865436677,22.879402826138854,-1,0.08040290098495655,0.9988276897096969,0.0,0.5992966138258181,6.0,0.3333333333333333,1.4444444444444444,O6,de-protonated,,0.0,,C18 H26 O6,18.0,26.0,6.0,,,,,,,
498,1028,337.20578958743295,337.20544396639184,337.2054189157491,1959779.7072094325,79.59538738604977,664484.4060967951,10.097415039972589,-1,0.07428896855357066,0.9989991129854248,0.0,0.5993994677912549,0.0,0.3125,2.125,S1 O5,de-protonated,,0.0,,C16 H34 O5 S1,16.0,34.0,5.0,,,1.0,,,,
499,1030,338.1400723882251,338.13972582252484,338.1397817072191,9271952.168625083,88.18851532601832,657490.172115188,48.17492112385202,-1,-0.16527098335444557,0.49752804091270825,0.8221557383861047,0.6273791199020669,11.0,0.2,1.05,N1 O4,de-protonated,,0.0,,C20 H21 O4 N1,20.0,21.0,4.0,1.0,,,,,,
500,1031,338.1459459170109,338.1455993453719,338.1456549339891,3333621.344299194,94.40377268528096,661433.442242598,17.589215355698375,-1,-0.16439252241498103,0.9951083703184376,0.0,0.5970650221910625,2.0,0.6923076923076923,1.9230769230769231,N1 O9,de-protonated,,0.0,,C13 H25 O9 N1,13.0,25.0,9.0,1.0,,,,,,
501,1032,338.1612626716197,338.16091608449403,338.1609110752791,10733843.850277707,139.79125087640918,642960.4886256832,56.2602225712118,-1,0.01481311046543768,0.9992230946619878,0.9892580825954059,0.9952370898353551,6.0,0.35294117647058826,1.4705882352941178,N1 O6,de-protonated,,0.0,,C17 H25 O6 N1,17.0,25.0,6.0,1.0,,,,,,
502,1038,339.1452758716099,339.1449282895617,339.1449266581891,24511047.343597285,89.55761588369433,651221.42037375,126.14333586232407,-1,0.0048102520646940376,0.9999728925444162,0.9939051506492148,0.9975457957863356,6.0,0.4117647058823529,1.411764705882353,O7,de-protonated,,0.0,,C17 H24 O7,17.0,24.0,7.0,,,,,,,
503,1039,339.1646445047292,339.1642969030978,339.1642659103491,2137285.987095511,54.83989968899437,608903.4818827991,11.044911303335063,-1,0.09137975844188084,0.9984860034975594,0.9892580825954059,0.994794835136698,6.0,0.35294117647058826,1.4705882352941178,13C1 N1 O6,de-protonated,,1.0,1032.0,C16 H25 O6 N1 13C1,16.0,25.0,6.0,1.0,,,1.0,,,
504,1040,339.1816695371256,339.18132191828056,339.1813121675391,35287025.64340629,140.12598915143408,648019.7833606063,182.21405918086336,-1,0.02874787354010988,0.9998863535823378,0.99813807938634,0.9991870439039386,5.0,0.3333333333333333,1.5555555555555556,O6,de-protonated,,0.0,,C18 H28 O6,18.0,28.0,6.0,,,,,,,
505,1041,339.20029879367166,339.199951155991,339.1999396121491,32888467.218600452,62.87052125451588,650075.2867092126,170.69671571287952,-1,0.03403255893527027,0.999894832923157,0.9954182779649604,0.9981042109398783,4.0,0.15789473684210525,1.6842105263157894,S1 O3,de-protonated,,0.0,,C19 H32 O3 S1,19.0,32.0,3.0,,,1.0,,,,
506,1042,339.3020300046657,339.30168226412724,339.3017020848791,4435779.151426566,117.48535907058393,659090.4776280848,23.139964298563537,-1,-0.05841630538059341,0.9993810044137353,0.0,0.5996286026482411,2.0,0.1,2.0,N2 O2,de-protonated,,0.0,,C20 H40 O2 N2,20.0,40.0,2.0,2.0,,,,,,
507,1044,339.9921393955322,339.9917909572471,339.9917515470191,1560057.354404647,104.89180926601504,612659.3536761086,8.033978733094312,-1,0.1159152474112587,0.9975649624522055,0.0,0.5985389774713232,19.0,0.16666666666666666,0.2222222222222222,N3 P1 O3,de-protonated,,0.0,,C18 H4 O3 N3 P1,18.0,4.0,3.0,3.0,1.0,,,,,
508,1045,340.14863573723284,340.1482871407208,340.1482814932591,4298904.067571185,76.99908193854141,640909.4181602083,22.74780612289407,-1,0.016602940578153622,0.9999499835349699,0.9939051506492148,0.997532050380668,6.0,0.4117647058823529,1.411764705882353,13C1 O7,de-protonated,,1.0,1038.0,C16 H24 O7 13C1,16.0,24.0,7.0,,,,1.0,,,
509,1046,340.1768824089023,340.1765337838313,340.1765611397391,3157475.5622761175,149.43304004643738,606565.3542332266,16.59960814729757,-1,-0.08041679204416209,0.9988272848366139,0.0,0.5992963709019683,5.0,0.35294117647058826,1.588235294117647,N1 O6,de-protonated,,0.0,,C17 H27 O6 N1,17.0,27.0,6.0,1.0,,,,,,
510,1047,340.1850086121373,340.1846599788502,340.1846670026091,6776222.165836213,218.6614740871173,622289.6731953125,34.86786249173905,-1,-0.020646900240502315,0.9999226524163695,0.99813807938634,0.9992088232043577,5.0,0.3333333333333333,1.5555555555555556,13C1 O6,de-protonated,,1.0,1040.0,C17 H28 O6 13C1,17.0,28.0,6.0,,,,1.0,,,
511,1048,340.20364345619015,340.20329480406224,340.20329444721915,6978738.750066835,130.96394462175317,658363.8397021209,35.87326130452923,-1,0.0010489113251868107,0.9999998003674593,0.9954182779649604,0.9981671914064598,4.0,0.15789473684210525,1.6842105263157894,13C1 S1 O3,de-protonated,,1.0,1041.0,C18 H32 O3 S1 13C1,18.0,32.0,3.0,,,1.0,1.0,,,
512,1051,340.2497178984204,340.24936919970867,340.2493321584391,2734289.6610728586,35.616200242515546,626628.0267014814,14.080847247192324,-1,0.10886507655412678,0.997851852439996,0.0,0.5987111114639976,3.0,0.21052631578947367,1.8421052631578947,N1 O4,de-protonated,,0.0,,C19 H35 O4 N1,19.0,35.0,4.0,1.0,,,,,,
513,1052,340.286103929645,340.285755194145,340.28571766778913,3908692.7368122377,126.36530747286874,605439.1087887271,20.62383533252319,-1,0.11027896241211937,0.9977957538816944,0.0,0.5986774523290166,2.0,0.15,1.95,N1 O3,de-protonated,,0.0,,C20 H39 O3 N1,20.0,39.0,3.0,1.0,,,,,,
514,1053,340.32245647215046,340.3221076998961,340.3221031771391,8277092.603739624,168.2955935751286,639958.6218658295,43.753271894827144,-1,0.013289636273810601,0.9999140352064528,0.985370588690983,0.9940966566002649,1.0,0.09523809523809523,2.0476190476190474,N1 O2,de-protonated,,0.0,,C21 H43 O2 N1,21.0,43.0,2.0,1.0,,,,,,
515,1057,341.0915174072191,341.0911678574091,341.0911770072691,2107214.5791941434,71.73509592675896,608609.1810178673,10.880415424279079,-1,-0.026825261378857546,0.9998694390202623,0.0,0.5999216634121574,2.0,0.75,1.8333333333333333,S1 O9,de-protonated,,0.0,,C12 H22 O9 S1,12.0,22.0,9.0,,,1.0,,,,
516,1058,341.1609299140484,341.1605802940598,341.16057672264907,63095701.82095007,125.0930622145004,645222.8570846607,324.2542767951578,-1,0.01046841567723829,0.9999606444092255,0.99875121919897,0.9994768743251233,5.0,0.4117647058823529,1.5294117647058822,O7,de-protonated,,0.0,,C17 H26 O7,17.0,26.0,7.0,,,,,,,
517,1060,341.1973106964791,341.19696103970824,341.19696223199907,5357796.92477903,110.40580195911951,662094.4588692369,27.68268249457362,-1,-0.00349443563768185,0.9999977843179529,0.0,0.5999986705907717,4.0,0.3333333333333333,1.6666666666666667,O6,de-protonated,,0.0,,C18 H30 O6,18.0,30.0,6.0,,,,,,,
518,1062,341.27003731715763,341.26968758685763,341.26973325069906,1684062.0373028126,34.94258412093107,651399.7180142897,8.676170644928877,-1,-0.1338057172503694,0.996756619329144,0.0,0.5980539715974863,2.0,0.2,1.9,O4,de-protonated,,0.0,,C20 H38 O4,20.0,38.0,4.0,,,,,,,
519,1063,341.32581727633107,341.3254674896356,341.32545801220914,1700852.473983121,82.25403702145165,612098.3921934807,8.752496732810854,-1,0.027766538550160102,0.999860116356146,0.985370588690983,0.9940643052900808,1.0,0.09523809523809523,2.0476190476190474,13C1 N1 O2,de-protonated,,1.0,1053.0,C20 H43 O2 N1 13C1,20.0,43.0,2.0,1.0,,,1.0,,,
520,1065,342.15616813505187,342.15581750885104,342.1558256948491,1914315.5428601527,211.9289062274711,541364.2616215058,9.86712080929421,-1,-0.023924766012669036,0.9998961451761349,0.0,0.599937687105681,5.0,0.4375,1.5625,N1 O7,de-protonated,,0.0,,C16 H25 O7 N1,16.0,25.0,7.0,1.0,,,,,,
521,1066,342.16427603111407,342.163925396716,342.1639315577191,11490973.186354188,104.08406452040089,652046.7603726407,59.72384780061462,-1,-0.018005997970069045,0.9999411731698168,0.99875121919897,0.9994651915814781,5.0,0.4117647058823529,1.5294117647058822,13C1 O7,de-protonated,,1.0,1058.0,C16 H26 O7 13C1,16.0,26.0,7.0,,,,1.0,,,
522,1067,342.1925724930977,342.1922218300915,342.19221120419905,11912180.020258043,101.7427842260995,643599.677911649,61.450396547186244,-1,0.031052408878886672,0.9985411109711153,0.9723019840466192,0.9880454602013169,4.0,0.35294117647058826,1.7058823529411764,N1 O6,de-protonated,,0.0,,C17 H29 O6 N1,17.0,29.0,6.0,1.0,,,,,,
523,1068,342.2289361177376,342.22858541796717,342.22859671354905,1593497.489256553,60.758040086670036,605100.7302566583,8.207686381377432,-1,-0.0330059556490131,0.9998023505868407,0.0,0.5998814103521044,3.0,0.2777777777777778,1.8333333333333333,N1 O5,de-protonated,,0.0,,C18 H33 O5 N1,18.0,33.0,5.0,1.0,,,,,,
524,1069,342.2653625644848,342.2650118278867,342.26498222289905,2870270.030098465,42.305662836368654,610846.1706052439,14.97833676332178,-1,0.08649727319902195,0.9986433622276297,0.0,0.5991860173365778,2.0,0.21052631578947367,1.9473684210526316,N1 O4,de-protonated,,0.0,,C19 H37 O4 N1,19.0,37.0,4.0,1.0,,,,,,
525,1074,343.05298572520223,343.05263419231204,343.05268349763907,25041966.056564048,122.05605219598894,646024.9561747232,128.62788161958565,-1,-0.14372523345989052,0.6634215296072806,0.90430031225159,0.7597730426650044,2.0,0.7272727272727273,1.8181818181818181,S2 O8,de-protonated,,0.0,,C11 H20 O8 S2,11.0,20.0,8.0,,,2.0,,,,
526,1076,343.140252872483,343.1399012513659,343.1398412777591,1708230.4661383163,56.178337696445524,681668.547313859,9.105175897506887,-1,0.17477890821577158,0.9944724991586312,0.0,0.5966834994951787,5.0,0.5,1.5,O8,de-protonated,,0.0,,C16 H24 O8,16.0,24.0,8.0,,,,,,,
527,1079,343.17657825627714,343.17622659843516,343.1762267871091,222836904.70685294,225.87049332619017,636311.2905540753,1161.7567517175085,-1,-0.0005497873168102449,0.9994958254916073,0.997943800176755,0.9988750153656665,4.0,0.4117647058823529,1.6470588235294117,O7,de-protonated,,0.0,,C17 H28 O7,17.0,28.0,7.0,,,,,,,
528,1080,343.1959599410026,343.19560826356593,343.1955660392691,1742513.3291599476,81.96823128836901,618404.527588722,8.943311952515797,-1,0.12303275736621655,0.9972571689135309,0.9723019840466192,0.9872750949667661,4.0,0.35294117647058826,1.7058823529411764,13C1 N1 O6,de-protonated,,1.0,1067.0,C16 H29 O6 N1 13C1,16.0,29.0,6.0,1.0,,,1.0,,,
529,1081,343.21299781307795,343.212646118416,343.2126122964591,2761518.4064991553,111.07776970828132,635366.2245484313,14.646713071144914,-1,0.09854520398878595,0.9982394748239374,0.0,0.5989436848943624,3.0,0.3333333333333333,1.7777777777777777,O6,de-protonated,,0.0,,C18 H32 O6,18.0,32.0,6.0,,,,,,,
530,1083,343.2493698989477,343.2490181675138,343.2489978058091,1685235.4905283467,99.01029345636073,622173.1976173162,8.665642908669295,-1,0.05932050731440392,0.9993616999193934,0.0,0.599617019951636,2.0,0.2631578947368421,1.894736842105263,O5,de-protonated,,0.0,,C19 H36 O5,19.0,36.0,5.0,,,,,,,
531,1086,344.0563282514388,344.05597570418075,344.0560383327091,2083160.622750309,95.656475762604,555950.2847594378,10.702759874898614,-1,-0.18203002228810047,0.6626704988690811,0.90430031225159,0.7593224242220847,2.0,0.7272727272727273,1.8181818181818181,13C1 S2 O8,de-protonated,,1.0,1074.0,C10 H20 O8 S2 13C1,10.0,20.0,8.0,,,2.0,1.0,,,
532,1087,344.1354992701959,344.1351466428977,344.1350902499591,3622771.224516261,119.92332438196789,616902.5874474,18.66567638824074,-1,0.16386860924507335,0.9951394237616505,0.0,0.5970836542569903,5.0,0.5333333333333333,1.5333333333333334,N1 O8,de-protonated,,0.0,,C15 H23 O8 N1,15.0,23.0,8.0,1.0,,,,,,
533,1088,344.17187246586604,344.1715198017954,344.1714757593091,1653908.3953233138,88.1876476921788,586822.5615912683,8.495883161483519,-1,0.1279666951232961,0.9970331015305371,0.0,0.5982198609183222,4.0,0.4375,1.6875,N1 O7,de-protonated,,0.0,,C16 H27 O7 N1,16.0,27.0,7.0,1.0,,,,,,
534,1089,344.17994153690296,344.17958886467466,344.1795816221791,41528077.94387692,186.25039908126809,637405.7032714617,216.11336993672077,-1,0.021042780945412436,0.9994757537025265,0.997943800176755,0.998862972292218,4.0,0.4117647058823529,1.6470588235294117,13C1 O7,de-protonated,,1.0,1079.0,C16 H28 O7 13C1,16.0,28.0,7.0,,,,1.0,,,
535,1090,344.28096826308166,344.2806154887179,344.2806322873591,9435083.087192195,105.49109585518707,624105.0310572966,48.64866925553326,-1,-0.048793453968816555,0.9995713716112209,0.9689186906024554,0.9873102992077147,1.0,0.21052631578947367,2.0526315789473686,N1 O4,de-protonated,,0.0,,C19 H39 O4 N1,19.0,39.0,4.0,1.0,,,,,,
536,1097,345.1557947423402,345.1554410835572,345.1554913422191,3174282.9334025066,107.08603732326269,635830.2009166952,16.415372762754863,-1,-0.14561165368340565,0.9961601792350445,0.0,0.5976961075410266,4.0,0.5,1.625,O8,de-protonated,,0.0,,C16 H26 O8,16.0,26.0,8.0,,,,,,,
537,1098,345.18078982920815,345.18043614515625,345.1804717803991,2705472.316708245,98.66155310941697,624093.6050678386,14.172964939463677,-1,-0.10323655526845837,0.9990128460368863,0.997943800176755,0.9985852276928338,4.0,0.4117647058823529,1.6470588235294117,O6 18O1,de-protonated,,1.0,1079.0,C17 H28 O6 18O1,17.0,28.0,6.0,,,,,,1.0,
538,1099,345.18329182977243,345.1829381431911,345.18293645724907,3557113.5795212644,76.45938175435639,637548.7854838116,18.560399025644912,-1,0.004884198667883939,0.9994947570728006,0.997943800176755,0.9988743743143824,4.0,0.4117647058823529,1.6470588235294117,13C2 O7,de-protonated,,1.0,1079.0,C15 H28 O7 13C2,15.0,28.0,7.0,,,,2.0,,,
539,1100,345.19225616827674,345.1919024726328,345.1918768515691,1559093.898269289,76.65260380262954,589354.385715845,8.031346799029416,-1,0.07422267283748031,0.999000897685668,0.0,0.5994005386114007,3.0,0.4117647058823529,1.7647058823529411,O7,de-protonated,,0.0,,C17 H30 O7,17.0,30.0,7.0,,,,,,,
540,1101,345.2286218649751,345.22826813256705,345.2282623609191,1686421.8458774285,94.92423064600418,486028.02955370053,8.791975743784292,-1,0.016718353062566582,0.9999492857741205,0.0,0.5999695714644723,2.0,0.3333333333333333,1.8888888888888888,O6,de-protonated,,0.0,,C18 H34 O6,18.0,34.0,6.0,,,,,,,
541,1102,345.2649797057989,345.2646259366348,345.2646478702691,1771979.6546491776,54.496355529385724,642066.4919078725,9.348629798509744,-1,-0.06352702027819149,0.9992679987910084,0.0,0.599560799274605,1.0,0.2631578947368421,2.0,O5,de-protonated,,0.0,,C19 H38 O5,19.0,38.0,5.0,,,,,,,
542,1103,345.2843241916829,345.2839704029624,345.2839871224291,2381653.804357634,74.11071442100456,623902.1484572208,12.327979159971747,-1,-0.0484223634393242,0.9995746431678706,0.9689186906024554,0.9873122621417045,1.0,0.21052631578947367,2.0526315789473686,13C1 N1 O4,de-protonated,,1.0,1090.0,C18 H39 O4 N1 13C1,18.0,39.0,4.0,1.0,,,1.0,,,
543,1104,346.1250539243308,346.1246992856783,346.12474004118906,2148504.922020363,95.78230380125503,573509.4522406898,11.190983643936779,-1,-0.11774804302188753,0.9974874480029391,0.0,0.5984924688017634,4.0,0.26666666666666666,1.7333333333333334,N1 S1 P1 O4,de-protonated,,0.0,,C15 H26 O4 N1 P1 S1,15.0,26.0,4.0,1.0,1.0,1.0,,,,
544,1105,346.1511446404863,346.1507899754577,346.1507403144191,61596095.598847784,193.79387401121366,640066.6299114203,315.5794221172614,-1,0.14346650983021791,0.49813613620198927,0.8604105061749869,0.6430458841911884,4.0,0.5333333333333333,1.6666666666666667,N1 O8,de-protonated,,0.0,,C15 H25 O8 N1,15.0,25.0,8.0,1.0,,,,,,
545,1121,347.2919311873873,347.2915753691088,347.29153132401905,15023933.407339793,149.9063991504414,621899.1811095366,78.11580304610621,-1,0.12682454296910756,0.49854287485292414,0.8370420509349353,0.6339425452857286,0.0,0.2222222222222222,2.2222222222222223,N2 O4,de-protonated,,0.0,,C18 H40 O4 N2,18.0,40.0,4.0,2.0,,,,,,
546,1127,348.0757828739689,348.07542626329,348.07548117291907,2785398.818346904,81.71790369575116,635533.5675601659,14.42563060969367,-1,-0.15775207398100735,0.9954946988256815,0.0,0.5972968192954089,10.0,0.3333333333333333,1.0666666666666667,N3 P1 O5,de-protonated,,0.0,,C15 H16 O5 N3 P1,15.0,16.0,5.0,3.0,1.0,,,,,
547,1133,348.1667948312699,348.1664381285873,348.16639037887904,34420221.55841749,171.87686486114333,614501.9515714042,182.71939052132336,-1,0.13714623112334462,0.9960599395626573,0.9546230517188741,0.979485184425144,3.0,0.5333333333333333,1.8,N1 O8,de-protonated,,0.0,,C15 H27 O8 N1,15.0,27.0,8.0,1.0,,,,,,
548,1137,348.2871890359664,348.28683221157786,348.2867802962191,5915009.262271707,80.21576930549298,662580.9285035242,30.430421658324796,-1,0.1490592284993403,0.9959765702620825,0.0,0.5975859421572495,0.0,0.23529411764705882,2.2941176470588234,N3 O4,de-protonated,,0.0,,C17 H39 O4 N3,17.0,39.0,4.0,3.0,,,,,,
549,1144,349.1515797478411,349.1512220496527,349.1512753416591,1732989.224423083,91.43219562792814,538397.9802094462,8.93541615032111,-1,-0.15263299935696986,0.9957817422968942,0.0,0.5974690453781365,2.0,0.25,1.875,S2 O4,de-protonated,,0.0,,C16 H30 O4 S2,16.0,30.0,4.0,,,2.0,,,,
550,1147,349.17015781524054,349.16980009827205,349.16974521394906,3580107.7562398603,48.61258945540567,603892.5800993093,18.92097399253563,-1,0.15718521935093835,0.995526946292384,0.9546230517188741,0.9791653884629801,3.0,0.5333333333333333,1.8,13C1 N1 O8,de-protonated,,1.0,1133.0,C14 H27 O8 N1 13C1,14.0,27.0,8.0,1.0,,,1.0,,,
551,1151,350.05507015561767,350.0547115441201,350.0547457280291,13541392.616504055,74.53860589247411,625270.9349516929,70.62005482928308,-1,-0.09765303691923889,0.49913559024069665,0.8684926696514793,0.6468784220050097,10.0,0.42857142857142855,1.0,N3 P1 O6,de-protonated,,0.0,,C14 H14 O6 N3 P1,14.0,14.0,6.0,3.0,1.0,,,,,
552,1152,350.05886793543067,350.05850932009406,350.0584971538691,5923732.969710312,141.09589051602484,596415.6201113638,30.71993440546333,-1,0.034754834010604065,0.9997808524226564,0.0,0.5998685114535938,0.0,1.0,2.3333333333333335,N1 S2 O9,de-protonated,,0.0,,C9 H21 O9 N1 S2,9.0,21.0,9.0,1.0,,2.0,,,,
553,1162,351.1816714407651,351.1813116904457,351.1813121675391,3895411.19424678,109.0640243074518,584944.382232372,20.242204893113303,-1,-0.0013585387143486187,0.999999665113382,0.0,0.5999997990680291,6.0,0.3157894736842105,1.4736842105263157,O6,de-protonated,,0.0,,C19 H28 O6,19.0,28.0,6.0,,,,,,,
554,1170,352.2133248233666,352.21296403022535,352.2129466490891,2855484.7057011668,126.5749576466137,583924.8194951343,14.799365246908868,-1,0.04934837415720985,0.999558222515899,0.0,0.5997349335095393,5.0,0.2631578947368421,1.631578947368421,N1 O5,de-protonated,,0.0,,C19 H31 O5 N1,19.0,31.0,5.0,1.0,,,,,,
555,1172,352.28608291227874,352.2857220455926,352.28571766778913,2224979.4543878837,173.28804786378058,639541.6940759807,11.422593841647606,-1,0.01242685480615531,0.9999719798670281,0.0,0.5999831879202169,3.0,0.14285714285714285,1.8571428571428572,N1 O3,de-protonated,,0.0,,C21 H39 O3 N1,21.0,39.0,3.0,1.0,,,,,,
556,1179,353.1609353782475,353.16057362725587,353.16057672264907,16353260.17185688,124.43872511701412,622425.8538603502,85.41152427399726,-1,-0.00876483220635184,0.9996710133998452,0.9992347456975165,0.9994965063189137,6.0,0.3888888888888889,1.4444444444444444,O7,de-protonated,,0.0,,C18 H26 O7,18.0,26.0,7.0,,,,,,,
557,1180,353.1973182385642,353.19695645079696,353.19696223199907,3323360.1316461465,82.5400286576655,649303.3957915113,17.491833795297232,-1,-0.016368210159418327,0.9999513877573459,0.0,0.5999708326544075,5.0,0.3157894736842105,1.5789473684210527,O6,de-protonated,,0.0,,C19 H30 O6,19.0,30.0,6.0,,,,,,,
558,1181,353.20067480022885,353.2003130090688,353.2003335353191,2915723.799541362,131.0595304057451,600278.5621848762,15.233634367616668,-1,-0.05811503655860292,0.9993873706571347,0.0,0.5996324223942808,0.0,0.375,2.125,S1 O6,de-protonated,,0.0,,C16 H34 O6 S1,16.0,34.0,6.0,,,1.0,,,,
559,1183,354.15616872160797,354.155805964648,354.1558256948491,2230568.4570649136,50.84685089187164,727157.2924510179,11.496287995464687,-1,-0.05571050848264614,0.9994370033752853,0.0,0.5996622020251712,6.0,0.4117647058823529,1.4705882352941178,N1 O7,de-protonated,,0.0,,C17 H25 O7 N1,17.0,25.0,7.0,1.0,,,,,,
560,1184,354.16427321950374,354.1639104543519,354.1639315577191,3201581.2845948,75.92112841642049,596646.7028089392,16.739100652737044,-1,-0.059586438150969,0.9993559660049786,0.9992347456975165,0.9993074778819937,6.0,0.3888888888888889,1.4444444444444444,13C1 O7,de-protonated,,1.0,1179.0,C17 H26 O7 13C1,17.0,26.0,7.0,,,,1.0,,,
561,1185,354.22895050664056,354.2285876761145,354.22859671354905,10333027.965205131,135.40466073929176,620955.8647107501,53.796732286469364,-1,-0.025513001027234132,0.9986825549329024,0.9739200684762535,0.9887775603502429,4.0,0.2631578947368421,1.736842105263158,N1 O5,de-protonated,,0.0,,C19 H33 O5 N1,19.0,33.0,5.0,1.0,,,,,,
562,1186,354.2653432789749,354.26498041166394,354.26498222289905,5359244.930428575,195.35040929017856,595548.3015069343,27.724793439611954,-1,-0.005112656343274575,0.9999952570777878,0.0,0.5999971542466727,3.0,0.2,1.85,N1 O4,de-protonated,,0.0,,C20 H37 O4 N1,20.0,37.0,4.0,1.0,,,,,,
563,1187,354.3017395852386,354.3013766811391,354.30136773224905,2526334.0642327904,174.65271682895184,598062.3320999169,13.138614851959641,-1,0.025257847936456693,0.9998842498984312,0.0,0.5999305499390587,2.0,0.14285714285714285,1.9523809523809523,N1 O3,de-protonated,,0.0,,C21 H41 O3 N1,21.0,41.0,3.0,1.0,,,,,,
564,1190,355.1328547273931,355.1324909832313,355.1324684491391,3720670.683219043,153.94946867838996,540325.1730426474,19.14995225618156,-1,0.06345263877675927,0.9992697113095295,0.0,0.5995618267857177,5.0,0.05555555555555555,1.6111111111111112,S2 P1 O1,de-protonated,,0.0,,C18 H29 O1 P1 S2,18.0,29.0,1.0,,1.0,2.0,,,,
565,1192,355.14020229545497,355.1398385438666,355.1398412777591,6453885.17143358,106.96438500201334,600960.5057693416,34.07301840414053,-1,-0.0076980732981504745,0.999989247348327,0.0,0.5999935484089961,6.0,0.47058823529411764,1.411764705882353,O8,de-protonated,,0.0,,C17 H24 O8,17.0,24.0,8.0,,,,,,,
566,1193,355.17658640668895,355.1762226183251,355.1762267871091,17794769.69053199,99.14585128397987,609890.1188248585,92.67566229310955,-1,-0.011737227050262965,0.9999660793475897,0.9755156301559093,0.9901858996709175,5.0,0.3888888888888889,1.5555555555555556,O7,de-protonated,,0.0,,C18 H28 O7,18.0,28.0,7.0,,,,,,,
567,1194,355.23235725652455,355.23199341179,355.23195154861907,1743739.7833570263,36.5003466883916,718572.4738848405,9.110439765636679,-1,0.11784742539123459,0.9974832102403349,0.9739200684762535,0.9880579535347023,4.0,0.2631578947368421,1.736842105263158,13C1 N1 O5,de-protonated,,1.0,1185.0,C18 H33 O5 N1 13C1,18.0,33.0,5.0,1.0,,,1.0,,,
568,1195,356.13147286572655,356.13110811221446,356.13106749795907,1908904.0513186578,33.42091189222329,618572.965701607,10.151369688302953,-1,0.11404300018634006,0.9976428959493582,0.0,0.5985857375696149,2.0,0.9090909090909091,2.090909090909091,N3 O10,de-protonated,,0.0,,C11 H23 O10 N3,11.0,23.0,10.0,3.0,,,,,,
569,1196,356.17184006533654,356.1714752710238,356.1714757593091,36286035.99725963,211.73069342835186,607059.0073202938,192.97340563815723,-1,-0.001370927607366357,0.9999672458661427,0.9840736027399812,0.9936097886156782,5.0,0.4117647058823529,1.588235294117647,N1 O7,de-protonated,,0.0,,C17 H27 O7 N1,17.0,27.0,7.0,1.0,,,,,,
570,1197,356.1799409514235,356.1795761489229,356.1795816221791,4104930.607227573,124.48371306110312,569663.544574834,21.081791859815052,-1,-0.01536656372225905,0.999957155207197,0.9755156301559093,0.9901805451866819,5.0,0.3888888888888889,1.5555555555555556,13C1 O7,de-protonated,,1.0,1193.0,C17 H28 O7 13C1,17.0,28.0,7.0,,,,1.0,,,
571,1198,356.24462931456605,356.2442644466827,356.2442467780091,2562427.8838478746,60.36461589210523,592506.711851552,13.246524148620368,-1,0.04959707771410675,0.9995537593936014,0.0,0.5997322556361608,3.0,0.2631578947368421,1.8421052631578947,N1 O5,de-protonated,,0.0,,C19 H35 O5 N1,19.0,35.0,5.0,1.0,,,,,,
572,1199,356.31738518758846,356.31702024616817,356.3170177967091,5057763.740590438,58.61455554084577,628824.4541342725,26.319340648957617,-1,0.006874381425955328,0.9999914252944221,0.0,0.5999948551766532,1.0,0.14285714285714285,2.0476190476190474,N1 O3,de-protonated,,0.0,,C21 H43 O3 N1,21.0,43.0,3.0,1.0,,,,,,
573,1203,357.10501860608156,357.10465286858016,357.1047190714491,4660427.833966868,89.87543061705878,635238.9196967619,23.984815133395074,-1,-0.18538782995743658,0.9937832584623927,0.0,0.5962699550774356,1.0,0.5384615384615384,2.0,S2 O7,de-protonated,,0.0,,C13 H26 O7 S2,13.0,26.0,7.0,,,2.0,,,,
574,1204,357.155861612338,357.15549582344875,357.1554913422191,14747079.87137576,175.18099591322857,606584.9531369436,76.91564111251374,-1,0.012546999206458576,0.9999855495253624,0.9932907815701538,0.997307642343279,5.0,0.47058823529411764,1.5294117647058822,O8,de-protonated,,0.0,,C17 H26 O8,17.0,26.0,8.0,,,,,,,
575,1205,357.17520317183556,357.17483736339744,357.1748305943791,7497342.723816137,170.328120283006,574805.2701268751,38.57362565511228,-1,0.018951554705400504,0.9999348327546007,0.9840736027399812,0.993590340748753,5.0,0.4117647058823529,1.588235294117647,13C1 N1 O7,de-protonated,,1.0,1196.0,C16 H27 O7 N1 13C1,16.0,27.0,7.0,1.0,,,1.0,,,
576,1206,357.19226384761123,357.19189802192966,357.1918768515691,3813560.5566906314,114.77234087271269,635390.039171491,19.910581200936438,-1,0.059268874671519964,0.9993628102362472,0.0,0.5996176861417483,4.0,0.3888888888888889,1.6666666666666667,O7,de-protonated,,0.0,,C18 H30 O7,18.0,30.0,7.0,,,,,,,
577,1207,357.22866491232594,357.2282990498532,357.2282623609191,1718330.7372603344,35.07103784608795,578475.0987280353,8.819611051465698,-1,0.10270445537624254,0.9980878724814032,0.0,0.5988527234888419,3.0,0.3157894736842105,1.7894736842105263,O6,de-protonated,,0.0,,C19 H34 O6,19.0,34.0,6.0,,,,,,,
578,1208,357.30140207072776,357.3010361347385,357.30103337961907,1638467.5245647072,89.12160179265527,665193.508141968,8.470879787867009,-1,0.0077109193539355286,0.9999892114318937,0.0,0.5999935268591362,1.0,0.19047619047619047,2.0,O4,de-protonated,,0.0,,C21 H42 O4,21.0,42.0,4.0,,,,,,,
579,1209,357.31264571772533,357.31227977037196,357.31226676890907,2025435.2902738887,52.86891448050005,628152.7502884115,10.530368193647941,-1,0.03638683610550271,0.9997597904600695,0.0,0.5998558742760417,1.0,0.15,2.1,N2 O3,de-protonated,,0.0,,C20 H42 O3 N2,20.0,42.0,3.0,2.0,,,,,,
580,1210,358.1592134679439,358.1588466649603,358.15884617728904,2573929.2116126167,144.81606960088143,605418.0407770906,13.333377972761928,-1,0.0013616061467400466,0.9999996635994,0.9932907815701538,0.9973161107877015,5.0,0.47058823529411764,1.5294117647058822,13C1 O8,de-protonated,,1.0,1204.0,C16 H26 O8 13C1,16.0,26.0,8.0,,,,1.0,,,
581,1215,359.1715020096328,359.17113418354296,359.17114140667906,6198052.923810931,113.34760460695925,608899.8484492524,32.00958209726225,-1,-0.020110569201889604,0.9999266184942629,0.0,0.5999559710965577,4.0,0.47058823529411764,1.6470588235294117,O8,de-protonated,,0.0,,C17 H28 O8,17.0,28.0,8.0,,,,,,,
582,1216,359.2442978086753,359.2439299090126,359.2439124253791,2225251.9026393075,153.0273512396758,545246.1064461865,11.458124951523699,-1,0.04866786292058086,0.9995703200785163,0.0,0.5997421920471098,2.0,0.3157894736842105,1.894736842105263,O6,de-protonated,,0.0,,C19 H36 O6,19.0,36.0,6.0,,,,,,,
583,1217,360.1304149310008,360.1300461357697,360.1300048695291,1642070.7635816643,82.7962179062094,626618.9126030435,8.703805952610283,-1,0.1145870659002297,0.997620379041965,0.0,0.598572227425179,5.0,0.6,1.5333333333333334,N1 O9,de-protonated,,0.0,,C15 H23 O9 N1,15.0,23.0,9.0,1.0,,,,,,
584,1218,360.1667224856167,360.16635365369115,360.16639037887904,1750900.9650783967,77.8305026692642,604849.1819277537,9.015690139300432,-1,-0.10196728200640184,0.998115197223142,0.0,0.5988691183338852,4.0,0.5,1.6875,N1 O8,de-protonated,,0.0,,C16 H27 O8 N1,16.0,27.0,8.0,1.0,,,,,,
585,1228,362.14602932949634,362.14565849721095,362.1456549339891,2748170.927840061,103.62375257822396,700869.8582566091,14.367728060265962,-1,0.009839195413092673,0.9999824341493502,0.0,0.5999894604896101,4.0,0.6,1.6666666666666667,N1 O9,de-protonated,,0.0,,C15 H25 O9 N1,15.0,25.0,9.0,1.0,,,,,,
586,1229,362.18244683332153,362.182075964232,362.1820404433391,5561599.474416995,171.1312045745033,592707.2939577977,28.630178757936093,-1,0.09807469440744974,0.998256231510732,0.0,0.5989537389064391,3.0,0.5,1.8125,N1 O8,de-protonated,,0.0,,C16 H29 O8 N1,16.0,29.0,8.0,1.0,,,,,,
587,1237,363.2868734244646,363.2865014392361,363.28644594358906,2021170.3704744626,67.39194977776158,556627.4271851679,10.571163171653826,-1,0.1527600262489579,0.9957747330518086,0.0,0.5974648398310851,0.0,0.2777777777777778,2.2222222222222223,N2 O5,de-protonated,,0.0,,C18 H40 O5 N2,18.0,40.0,5.0,2.0,,,,,,
588,1239,364.16170777323725,364.1613349039141,364.1613049984491,2623729.650659735,108.69386415825237,641493.3859110435,13.486030148525883,-1,0.08212147910311143,0.9987770698202157,0.0,0.5992662418921294,3.0,0.6,1.8,N1 O9,de-protonated,,0.0,,C15 H27 O9 N1,15.0,27.0,9.0,1.0,,,,,,
589,1244,365.10281952675047,365.10244570637076,365.10241039655904,1939406.487461039,52.76534607365775,555744.0607163755,10.051356193836913,-1,0.09671207506755622,0.9983043088383782,0.0,0.5989825853030268,4.0,0.6153846153846154,1.6923076923076923,N2 S1 O8,de-protonated,,0.0,,C13 H22 O8 N2 S1,13.0,22.0,8.0,2.0,,1.0,,,,
590,1246,365.15853259792726,365.15815872124637,365.1580747991991,2126433.533552111,120.67720904998883,519686.93603912956,10.977796984680221,-1,0.22982388470362425,0.9904618381754354,0.0,0.5942771029052613,11.0,0.08695652173913043,1.1304347826086956,S1 O2,de-protonated,,0.0,,C23 H26 O2 S1,23.0,26.0,2.0,,,1.0,,,,
591,1247,365.1973120569149,365.1969381410451,365.19696223199907,3164732.030959182,77.93544303213352,625733.7937331225,16.583816542908195,-1,-0.06596701629120436,0.999210710977888,0.0,0.5995264265867328,6.0,0.3,1.5,O6,de-protonated,,0.0,,C20 H30 O6,20.0,30.0,6.0,,,,,,,
592,1248,365.2367350076627,365.23636105195385,365.2363389221491,1657031.4205882596,172.38393341729218,485380.3288988439,8.53799410652185,-1,0.060590369509513534,0.9993340886926317,0.0,0.599600453215579,5.0,0.1,1.75,N2 P1 O2,de-protonated,,0.0,,C20 H35 O2 N2 P1,20.0,35.0,2.0,2.0,1.0,,,,,
593,1250,366.192563394423,366.19218847280627,366.1922112041991,2174452.8870862215,218.51813339988928,525181.4500266047,11.355479522992763,-1,-0.06207503095574558,0.9993010664269922,0.0,0.5995806398561954,6.0,0.3157894736842105,1.5263157894736843,N1 O6,de-protonated,,0.0,,C19 H29 O6 N1,19.0,29.0,6.0,1.0,,,,,,
594,1251,366.250127912022,366.24975293223423,366.2497260816091,1629678.1440977396,137.53057361176943,660774.9956992641,8.491935260386175,-1,0.07331234192188044,0.9990252432247182,0.0,0.5994151459348309,0.0,0.4117647058823529,2.176470588235294,N1 O7,de-protonated,,0.0,,C17 H37 O7 N1,17.0,37.0,7.0,1.0,,,,,,
595,1255,367.1766064874396,367.17623057142174,367.1762267871091,3165834.797459319,128.50070995660778,577757.1416281533,16.62329555388163,-1,0.010306529571285836,0.9999807258803695,0.0,0.5999884355282217,6.0,0.3684210526315789,1.4736842105263157,O7,de-protonated,,0.0,,C19 H28 O7,19.0,28.0,7.0,,,,,,,
596,1256,367.2130133443439,367.2126373915363,367.2126122964591,2448077.4377632462,153.10391524955685,515788.91614872444,12.585908698331531,-1,0.06833936625615121,0.9991529447827919,0.0,0.5994917668696751,5.0,0.3,1.6,O6,de-protonated,,0.0,,C20 H32 O6,20.0,32.0,6.0,,,,,,,
597,1259,368.2082176615619,368.2078407030949,368.2078612686591,3138837.0441699037,160.4184050121906,594979.946065852,16.383789553976115,-1,-0.055853137138027094,0.9994341177621145,0.0,0.5996604706572687,5.0,0.3157894736842105,1.631578947368421,N1 O6,de-protonated,,0.0,,C19 H31 O6 N1,19.0,31.0,6.0,1.0,,,,,,
598,1263,369.15585843442807,369.15548051838334,369.1554913422191,6227685.349022633,131.12886750343375,590981.1022752002,32.27803937188162,-1,-0.02932053292143562,0.9998440218822843,0.0,0.5999064131293705,6.0,0.4444444444444444,1.4444444444444444,O8,de-protonated,,0.0,,C18 H26 O8,18.0,26.0,8.0,,,,,,,
599,1264,369.1922531988368,369.19187524601597,369.1918768515691,7829175.98600014,73.02543117449665,597333.5007925268,41.00553273107597,-1,-0.004348831081609057,0.49999828419406606,0.8295321147073624,0.6318118163993847,5.0,0.3684210526315789,1.5789473684210527,O7,de-protonated,,0.0,,C19 H30 O7,19.0,30.0,7.0,,,,,,,
600,1266,370.15104038606637,370.15066146442354,370.1507403144191,2394528.191258049,69.95033346488017,606487.6277642008,12.545113720325647,-1,-0.21302130997184437,0.9918000120955497,0.0,0.5950800072573298,6.0,0.47058823529411764,1.4705882352941178,N1 O8,de-protonated,,0.0,,C17 H25 O8 N1,17.0,25.0,8.0,1.0,,,,,,
601,1267,370.1874638869108,370.18708492846355,370.18712582376907,2086432.1408917224,156.14646803577176,511251.3828978794,10.886995259441317,-1,-0.1104719820444686,0.9977880395580481,0.0,0.5986728237348288,5.0,0.3888888888888889,1.6111111111111112,N1 O7,de-protonated,,0.0,,C18 H29 O7 N1,18.0,29.0,7.0,1.0,,,,,,
602,1268,370.2239339203738,370.2235549250752,370.22351133311906,1575819.7124945042,152.4723940149699,601008.0585186271,8.261641029707796,-1,0.1177449696729787,0.9974875789968743,0.0,0.5984925473981246,4.0,0.3157894736842105,1.736842105263158,N1 O6,de-protonated,,0.0,,C19 H33 O6 N1,19.0,33.0,6.0,1.0,,,,,,
603,1269,370.26027635304575,370.25989732102477,370.25989684246906,2139985.7233563196,117.3623829138735,622746.4312614641,11.334424050473597,-1,0.0012924859250667115,0.9999996968864107,0.0,0.5999998181318463,3.0,0.25,1.85,N1 O5,de-protonated,,0.0,,C20 H37 O5 N1,20.0,37.0,5.0,1.0,,,,,,
604,1270,370.29668736729195,370.29630829847935,370.29628235181906,3902946.3465287993,131.36093526461264,581417.4963101594,20.107976255803617,-1,0.07006999941289904,0.9991095190794411,0.0,0.5994657114476647,2.0,0.19047619047619047,1.9523809523809523,N1 O4,de-protonated,,0.0,,C21 H41 O4 N1,21.0,41.0,4.0,1.0,,,,,,
605,1273,371.135130398842,371.1347504828285,371.13475589732906,2173815.761665013,35.68999982484955,613493.4203350643,11.346267753765629,-1,-0.014589042021027935,0.9999613811806417,0.0,0.599976828708385,6.0,0.5294117647058824,1.411764705882353,O9,de-protonated,,0.0,,C17 H24 O9,17.0,24.0,9.0,,,,,,,
606,1275,371.1715351364765,371.1711551836783,371.17114140667906,6737607.399019187,103.66831412694165,577895.038765691,34.64678003028781,-1,0.03711764659615107,0.9997500458161085,0.0,0.5998500274896651,5.0,0.4444444444444444,1.5555555555555556,O8,de-protonated,,0.0,,C18 H28 O8,18.0,28.0,8.0,,,,,,,
607,1276,371.20793457830587,371.2075545887284,371.2075269160291,2740977.8769738534,76.98406323815277,600615.6719347591,14.212443950437113,-1,0.07454778599204362,0.9989921303215124,0.0,0.5993952781929074,4.0,0.3684210526315789,1.6842105263157894,O7,de-protonated,,0.0,,C19 H32 O7,19.0,32.0,7.0,,,,,,,
608,1278,372.0696937990113,372.06931293868917,372.0693366199891,5852405.067972359,135.2648256575082,585584.4360187249,30.072478625498974,-1,-0.06364754520500843,0.9992652196387366,0.0,0.5995591317832419,7.0,0.35714285714285715,1.3571428571428572,N3 S2 O5,de-protonated,,0.0,,C14 H19 O5 N3 S2,14.0,19.0,5.0,3.0,,2.0,,,,
609,1279,372.16677261613347,372.1663916577212,372.16639037887904,19324399.17240135,92.85577467353423,588052.8995462062,99.65555143321312,-1,0.003436210742512652,0.9999989188819114,0.9965209466742275,0.9986077299988378,5.0,0.47058823529411764,1.588235294117647,N1 O8,de-protonated,,0.0,,C17 H27 O8 N1,17.0,27.0,8.0,1.0,,,,,,
610,1282,373.04558296879367,373.04520112242477,373.0451099944091,11999878.87934468,215.17366821297696,579512.6492533857,63.64016568917952,-1,0.24428149104638017,0.4946153698314366,0.8684926696514794,0.6441662897594538,7.0,0.2857142857142857,1.3571428571428572,N2 S2 P1 O4,de-protonated,,0.0,,C14 H19 O4 N2 P1 S2,14.0,19.0,4.0,2.0,1.0,2.0,,,,
611,1283,373.0631646885459,373.06278282441247,373.0628680591491,11236310.77865179,95.83925298709254,597109.1672672088,59.12376683381839,-1,-0.22847284978987406,0.49528656064945387,0.8684926696514794,0.6445690042502641,7.0,0.42857142857142855,1.3571428571428572,N2 S1 P1 O6,de-protonated,,0.0,,C14 H19 O6 N2 P1 S1,14.0,19.0,6.0,2.0,1.0,1.0,,,,
612,1285,373.1508031860826,373.15042123339947,373.1504059617891,2112766.1697031595,101.01409679758403,619059.0734361899,10.881731391311526,-1,0.040926152392836944,0.9996961287102282,0.0,0.5998176772261369,5.0,0.5294117647058824,1.5294117647058822,O9,de-protonated,,0.0,,C17 H26 O9,17.0,26.0,9.0,,,,,,,
613,1286,373.1701270629633,373.1697450907553,373.16974521394906,3647742.893476361,110.53750561077536,558552.5844778579,18.97098073976865,-1,-0.0003301278589056008,0.9999999802249234,0.9965209466742275,0.998608366804645,5.0,0.47058823529411764,1.588235294117647,13C1 N1 O8,de-protonated,,1.0,1279.0,C16 H27 O8 N1 13C1,16.0,27.0,8.0,1.0,,,1.0,,,
614,1287,373.1871379381956,373.1867559487999,373.1867914711391,1827010.4884089518,164.35858894546234,500839.419592541,9.589451765447707,-1,-0.0951864857365948,0.9983573407972747,0.0,0.5990144044783647,4.0,0.4444444444444444,1.6666666666666667,O8,de-protonated,,0.0,,C18 H30 O8,18.0,30.0,8.0,,,,,,,
615,1288,373.19844531373826,373.19806331291767,373.1980248604291,1623422.6069799904,162.30135193975434,497038.0323021517,8.478775590061696,-1,0.10303508062798016,0.9980755535311112,0.0,0.5988453321186668,4.0,0.4117647058823529,1.7647058823529411,N2 O7,de-protonated,,0.0,,C17 H30 O7 N2,17.0,30.0,7.0,2.0,,,,,,
616,1289,373.30758999716346,373.3072078860637,373.3071813884791,2900657.707504025,66.4368503474496,648504.8552384435,14.944121620478134,-1,0.07098064521777474,0.999086233533179,0.0,0.5994517401199074,1.0,0.2,2.1,N2 O4,de-protonated,,0.0,,C20 H42 O4 N2,20.0,42.0,4.0,2.0,,,,,,
617,1295,374.1824210447541,374.18203804973837,374.1820404433391,9262581.990996541,124.60573342708577,583720.5242166778,47.60642336583454,-1,-0.006396888281442185,0.49999628755735853,0.8446892076502734,0.6378734555945245,4.0,0.47058823529411764,1.7058823529411764,N1 O8,de-protonated,,0.0,,C17 H29 O8 N1,17.0,29.0,8.0,1.0,,,,,,
618,1296,374.2453272105406,374.24494415196597,374.24491548326904,3222955.328981941,60.46776432518385,603519.4840920132,16.568024938518818,-1,0.07660410533702179,0.9989357914951256,0.0,0.5993614748970754,7.0,0.14285714285714285,1.5714285714285714,N3 O3,de-protonated,,0.0,,C21 H33 O3 N3,21.0,33.0,3.0,3.0,,,,,,
619,1299,375.04245670403384,375.04207284006606,375.0421326142591,2173378.500410453,156.09833743768016,556859.2979895015,11.354163555960316,-1,-0.15937994124887186,0.9954014525451582,0.0,0.5972408715270949,7.0,0.5384615384615384,1.3076923076923077,N2 S1 P1 O7,de-protonated,,0.0,,C13 H17 O7 N2 P1 S1,13.0,17.0,7.0,2.0,1.0,1.0,,,,
620,1301,375.2755522400983,375.27516814062096,375.27521255429906,1790546.43215482,172.76890474479504,493744.5559027777,9.247300337011259,-1,-0.11834961812357274,0.9974617418427522,0.0,0.5984770451056513,1.0,0.3,2.0,O6,de-protonated,,0.0,,C20 H40 O6,20.0,40.0,6.0,,,,,,,
621,1303,376.2821201421703,376.28173502571303,376.2816949157891,9622019.466327962,111.15660485594395,586749.902087114,50.57524499103695,-1,0.10659546948929555,0.4989701980627248,0.8370420509349353,0.634198939211609,1.0,0.2777777777777778,2.1666666666666665,N3 O5,de-protonated,,0.0,,C18 H39 O5 N3,18.0,39.0,5.0,3.0,,,,,,
622,1311,379.1766281333572,379.1762400925638,379.1762267871091,1702325.5524113725,85.38320771929247,600051.0867665901,8.888041337152988,-1,0.03509042427318031,0.9997766003174798,0.0,0.5998659601904879,7.0,0.35,1.4,O7,de-protonated,,0.0,,C20 H28 O7,20.0,28.0,7.0,,,,,,,
623,1314,380.99249770095116,380.992107825661,380.9921912400791,2793613.2638798147,101.84006641963371,540011.4170143028,14.542751675581531,-1,-0.21893996784655623,0.9913400254099775,0.0,0.5948040152459865,11.0,0.6666666666666666,0.6666666666666666,S1 O10,de-protonated,,0.0,,C15 H10 O10 S1,15.0,10.0,10.0,,,1.0,,,,
624,1317,381.19224386579697,381.19185378871566,381.1918768515691,3341059.634082783,120.74694689664601,566953.7685492539,17.141786564666095,-1,-0.06050195404465007,0.9993360300692713,0.0,0.5996016180415628,6.0,0.35,1.5,O7,de-protonated,,0.0,,C20 H30 O7,20.0,30.0,7.0,,,,,,,
625,1318,381.2286697016908,381.2282795878108,381.2282623609191,1781175.4079393407,47.40445312493027,652462.3746009378,9.168342315064386,-1,0.04518786620732776,0.999629560708918,0.0,0.5997777364253507,5.0,0.2857142857142857,1.619047619047619,O6,de-protonated,,0.0,,C21 H34 O6,21.0,34.0,6.0,,,,,,,
626,1319,381.26497579134974,381.26458564079206,381.2646478702691,1572831.4905762041,140.23975938708256,504595.1351215873,8.180051073696028,-1,-0.16321858676705248,0.9951778155246545,0.0,0.5971066893147926,4.0,0.22727272727272727,1.7272727272727273,O5,de-protonated,,0.0,,C22 H38 O5,22.0,38.0,5.0,,,,,,,
627,1320,382.223905189573,382.22351407028106,382.22351133311906,8592192.7782738,106.38233623942001,558054.8245847699,44.97448930093877,-1,0.007161155478441552,0.9999643466264662,0.9669657207948974,0.9867648962938387,5.0,0.3,1.65,N1 O6,de-protonated,,0.0,,C20 H33 O6 N1,20.0,33.0,6.0,1.0,,,,,,
628,1321,382.26027497480067,382.2598838187675,382.25989684246906,2708723.710079633,109.22788439954608,540628.0777306915,13.976885851628943,-1,-0.03407027961137063,0.9997893994560821,0.0,0.5998736396736493,4.0,0.23809523809523808,1.7619047619047619,N1 O5,de-protonated,,0.0,,C21 H37 O5 N1,21.0,37.0,5.0,1.0,,,,,,
629,1322,382.3330378113186,382.3326465817794,382.3326678611691,2098338.5478650974,74.37257933758349,560159.1731614755,10.81066917155934,-1,-0.05565673957881908,0.9994380892961056,0.0,0.5996628535776634,2.0,0.13043478260869565,1.9565217391304348,N1 O3,de-protonated,,0.0,,C23 H45 O3 N1,23.0,45.0,3.0,1.0,,,,,,
630,1325,383.17155079542823,383.17115871881936,383.17114140667906,2616993.796319958,94.83870190785234,631161.7621906004,13.833445445092122,-1,0.04518122173115152,0.9996296696203806,0.0,0.5997778017722283,6.0,0.42105263157894735,1.4736842105263157,O8,de-protonated,,0.0,,C19 H28 O8,19.0,28.0,8.0,,,,,,,
631,1326,383.2079167430698,383.20752462972416,383.2075269160291,102530963.58113721,217.53142591697534,576403.585054704,531.4401263837522,-1,-0.005966231838995879,0.9999777732679447,0.9953874473194422,0.9981416428885437,5.0,0.35,1.6,O7,de-protonated,,0.0,,C20 H32 O7,20.0,32.0,7.0,,,,,,,
632,1327,383.22725121691866,383.22685908404145,383.22686616818913,2296109.242040409,131.42355064603765,515734.8388544075,12.170063116078001,-1,-0.01848551943532289,0.9999379982879872,0.9669657207948974,0.9867490872907514,5.0,0.3,1.65,13C1 N1 O6,de-protonated,,1.0,1320.0,C19 H33 O6 N1 13C1,19.0,33.0,6.0,1.0,,,1.0,,,
633,1328,384.20311628248083,384.20272316379896,384.2027758882291,1787699.2367078685,173.4348471292189,431776.32730779005,9.401926463323884,-1,-0.13723073710732336,0.9965887400166427,0.0,0.5979532440099856,5.0,0.3684210526315789,1.631578947368421,N1 O7,de-protonated,,0.0,,C19 H31 O7 N1,19.0,31.0,7.0,1.0,,,,,,
634,1329,384.211279682289,384.2108865553606,384.2108817510991,21501092.608043816,231.50563121728032,571241.3836348105,112.22566852715528,-1,0.012504230675670292,0.9999704694890061,0.9953874473194422,0.9981372606211805,5.0,0.35,1.6,13C1 O7,de-protonated,,1.0,1326.0,C19 H32 O7 13C1,19.0,32.0,7.0,,,,1.0,,,
635,1330,384.31232219217765,384.31192896317873,384.3119324162791,7133071.931588774,87.44205711974915,568733.8973107899,37.73140675434564,-1,-0.008985150006619595,0.9985098573344745,0.993906952138859,0.9966686952562284,2.0,0.18181818181818182,1.9545454545454546,N1 O4,de-protonated,,0.0,,C22 H43 O4 N1,22.0,43.0,4.0,1.0,,,,,,
636,1334,385.1508211984365,385.15042712241524,385.1504059617891,2024514.9357974331,168.98771790792745,544876.5699076372,10.415879061824976,-1,0.054941201722165864,0.9994524406376997,0.0,0.5996714643826198,6.0,0.5,1.4444444444444444,O9,de-protonated,,0.0,,C18 H26 O9,18.0,26.0,9.0,,,,,,,
637,1335,385.2146358304338,385.2142416899498,385.2142365861691,2415050.6209820374,132.9730330248005,579279.8582745697,12.4503640939894,-1,0.01324920067265293,0.9999693091273194,0.9953874473194422,0.9981365644041684,5.0,0.35,1.6,13C2 O7,de-protonated,,1.0,1326.0,C18 H32 O7 13C2,18.0,32.0,7.0,,,,2.0,,,
638,1336,385.22358062626154,385.2231864767419,385.2231769804891,8170390.732459589,89.61664509264797,556320.7876496797,42.31097202726426,-1,0.024651301812717907,0.9994487998692525,0.9861191947790905,0.9941169578331877,4.0,0.35,1.7,O7,de-protonated,,0.0,,C20 H34 O7,20.0,34.0,7.0,,,,,,,
639,1337,385.3075895217579,385.3071952873763,385.3071813884791,3882352.61778407,172.64716450084293,532108.6085551947,20.234309090918615,-1,0.036072250682171195,0.999763925520337,0.0,0.5998583553122022,2.0,0.19047619047619047,2.0,N2 O4,de-protonated,,0.0,,C21 H42 O4 N2,21.0,42.0,4.0,2.0,,,,,,
640,1338,385.3157307909758,385.3153365483703,385.3152872513491,1764398.5066007914,60.9950380364758,572047.3564485365,9.069644787630795,-1,0.12793943767381735,0.9970343634440472,0.993906952138859,0.9957833989219719,2.0,0.18181818181818182,1.9545454545454546,13C1 N1 O4,de-protonated,,1.0,1330.0,C21 H43 O4 N1 13C1,21.0,43.0,4.0,1.0,,,1.0,,,
641,1339,386.22695554532544,386.2265603822515,386.2265318155591,1602376.7319972613,110.91091878090862,584382.0763493796,8.285328436291858,-1,0.07396356807605199,0.9990078576096267,0.9861191947790905,0.9938523924774123,4.0,0.35,1.7,13C1 O7,de-protonated,,1.0,1336.0,C19 H34 O7 13C1,19.0,34.0,7.0,,,,1.0,,,
642,1345,387.16644984256857,387.16605373048725,387.1660560262491,8902712.342330335,56.47072900324957,575850.711791657,46.49048332231873,-1,-0.005929656895806666,0.9989497473365432,0.987797390056798,0.9944888044246452,5.0,0.5,1.5555555555555556,O9,de-protonated,,0.0,,C18 H28 O9,18.0,28.0,9.0,,,,,,,
643,1346,387.20290518238284,387.2025090334774,387.2024415355991,2697001.445284476,143.01709131702088,497665.0956879708,13.893979928584725,-1,0.17432193349548142,0.9945012861291704,0.0,0.5967007716775022,4.0,0.42105263157894735,1.6842105263157894,O8,de-protonated,,0.0,,C19 H32 O8,19.0,32.0,8.0,,,,,,,
644,1348,388.16169796003095,388.16130084264313,388.1613049984491,2024840.0427129918,146.05151679997675,546924.6426187122,10.427722765117007,-1,-0.010706389144135957,0.9999792013397336,0.0,0.5999875208038401,5.0,0.5294117647058824,1.588235294117647,N1 O9,de-protonated,,0.0,,C17 H27 O9 N1,17.0,27.0,9.0,1.0,,,,,,
645,1349,388.16976626407,388.1693691385324,388.16941086131914,1890554.6862519693,105.47069127253843,545967.8728523182,9.73684007308187,-1,-0.10748602438541285,0.9979058745393117,0.987797390056798,0.9938624807463061,5.0,0.5,1.5555555555555556,13C1 O9,de-protonated,,1.0,1345.0,C17 H28 O9 13C1,17.0,28.0,9.0,,,,1.0,,,
646,1351,388.27085288821166,388.27045566056694,388.2704615264991,2004951.4044695206,146.26483886243352,562539.679024855,10.298757995937114,-1,-0.015107850706975885,0.999958585711532,0.0,0.5999751514269192,2.0,0.3,1.95,N1 O6,de-protonated,,0.0,,C20 H39 O6 N1,20.0,39.0,6.0,1.0,,,,,,
647,1355,389.0944734566854,389.0940753971131,389.0941681880691,1847004.3393214375,49.34995639675061,548260.014039115,9.689465259913746,-1,-0.2384794313963602,0.9897336332491444,0.0,0.5938401799494867,6.0,0.4,1.5333333333333334,N2 S1 P1 O6,de-protonated,,0.0,,C15 H23 O6 N2 P1 S1,15.0,23.0,6.0,2.0,1.0,1.0,,,,
648,1361,390.32293415312495,390.32253485272685,390.3224971003091,2017926.9569968672,125.05462196146595,555365.3731384417,10.435618567311694,-1,0.09672109101677366,0.998303992931485,0.0,0.598982395758891,0.0,0.23809523809523808,2.142857142857143,N1 O5,de-protonated,,0.0,,C21 H45 O5 N1,21.0,45.0,5.0,1.0,,,,,,
649,1365,391.1436109240316,391.14321079471296,391.1432125810791,5099992.661597671,165.09469408581703,531887.0522763417,26.693075286172814,-1,-0.0045670386502833235,0.9999962153791255,0.0,0.5999977292274753,4.0,0.47058823529411764,1.6470588235294117,S1 O8,de-protonated,,0.0,,C17 H28 O8 S1,17.0,28.0,8.0,,,1.0,,,,
650,1366,391.1532006083891,391.1528004693846,391.152728437329,2905436.74751076,158.5913113543288,504476.01146034896,14.95991322486751,-1,0.18415327402171025,0.9938655276112008,0.0,0.5963193165667204,4.0,0.47058823529411764,1.7058823529411764,P1 O8,de-protonated,,0.0,,C17 H29 O8 P1,17.0,29.0,8.0,,1.0,,,,,
651,1371,393.19224728864634,393.1918450901716,393.1918768515691,4022761.9106887,133.79696738796346,588960.8904682815,20.76069590389777,-1,-0.08077836629274057,0.9988167217360427,0.0,0.5992900330416256,7.0,0.3333333333333333,1.4285714285714286,O7,de-protonated,,0.0,,C21 H30 O7,21.0,30.0,7.0,,,,,,,
652,1375,394.2814698701094,394.28106657153626,394.2810262105291,8361218.615558055,98.19276711233047,576243.0303258413,43.0321219610457,-1,0.1023660903839834,0.4990502194865994,0.8295321147073625,0.6312429775749047,0.0,0.3684210526315789,2.1578947368421053,N1 O7,de-protonated,,0.0,,C19 H41 O7 N1,19.0,41.0,7.0,1.0,,,,,,
653,1378,395.2443193357482,395.24391506473137,395.2439124253791,3320267.0530819437,177.18104773198553,557903.830633102,17.260223597586403,-1,0.006677780928001737,0.9999919087353542,0.0,0.5999951452412124,5.0,0.2727272727272727,1.6363636363636365,O6,de-protonated,,0.0,,C22 H36 O6,22.0,36.0,6.0,,,,,,,
654,1380,396.0040063927657,396.00360135450507,396.0035795340891,1656759.9441938745,153.39838480519558,559381.2494782083,8.586684886722422,-1,0.055101562410133455,0.9994492404557789,0.0,0.5996695442734673,15.0,0.1111111111111111,0.6666666666666666,N3 S2 P1 O2,de-protonated,,0.0,,C18 H12 O2 N3 P1 S2,18.0,12.0,2.0,3.0,1.0,2.0,,,,
655,1381,396.20317056356754,396.2027653241635,396.2027758882291,1673507.1320559804,153.25353451178808,609887.760105982,8.968315326132307,-1,-0.026663280065132546,0.9998710109138286,0.0,0.5999226065482971,6.0,0.35,1.55,N1 O7,de-protonated,,0.0,,C20 H31 O7 N1,20.0,31.0,7.0,1.0,,,,,,
656,1382,396.2395515196206,396.2391462434741,396.2391613975791,4969311.883584834,142.83831717492936,537752.6397561852,26.314076780827826,-1,-0.038244844144936424,0.9997346360093331,0.0,0.5998407816055998,5.0,0.2857142857142857,1.6666666666666667,N1 O6,de-protonated,,0.0,,C21 H35 O6 N1,21.0,35.0,6.0,1.0,,,,,,
657,1384,397.1871793786111,397.18677314543123,397.1867914711391,3340176.2768258643,288.71031043107024,518680.2937178537,17.533944740335563,-1,-0.0461387645551259,0.9996138092412635,0.0,0.5997682855447581,6.0,0.4,1.5,O8,de-protonated,,0.0,,C20 H30 O8,20.0,30.0,8.0,,,,,,,
658,1385,397.22364314726985,397.22323687726464,397.2231769804891,2621014.1793801053,167.23476569469688,520077.48918811826,13.522877225434422,-1,0.15078872287597428,0.9958828566326717,0.0,0.597529713979603,5.0,0.3333333333333333,1.619047619047619,O7,de-protonated,,0.0,,C21 H34 O7,21.0,34.0,7.0,,,,,,,
659,1386,397.2269585843192,397.2265523109657,397.2265482838091,1948842.7316243206,94.48744834491788,510537.67237560486,10.085571336680559,-1,0.010138185903233987,0.9999813503674382,0.0,0.5999888102204629,0.0,0.3888888888888889,2.111111111111111,S1 O7,de-protonated,,0.0,,C18 H38 O7 S1,18.0,38.0,7.0,,,1.0,,,,
660,1387,397.31157815332455,397.3111717945125,397.3112041404791,3403899.0350434245,118.56658660353726,587849.9956854681,17.786610410565558,-1,-0.0814121682217091,0.9987980916592885,0.0,0.5992788549955731,7.0,0.07407407407407407,1.5555555555555556,O2,de-protonated,,0.0,,C27 H42 O2,27.0,42.0,2.0,,,,,,,
661,1388,398.18250237814715,398.1820951397846,398.1820404433391,1656262.1064651755,211.3276745996094,423504.0782663826,8.527466370262268,-1,0.13736542583470893,0.9965820520505777,0.0,0.5979492312303466,6.0,0.42105263157894735,1.5263157894736843,N1 O8,de-protonated,,0.0,,C19 H29 O8 N1,19.0,29.0,8.0,1.0,,,,,,
662,1389,398.21885196592876,398.218444690857,398.2184259526891,1746500.9237542676,106.39424401773243,481988.47610379464,9.161762479902146,-1,0.04705499969000935,0.9995983219128931,0.0,0.5997589931477358,5.0,0.35,1.65,N1 O7,de-protonated,,0.0,,C20 H33 O7 N1,20.0,33.0,7.0,1.0,,,,,,
663,1390,398.25521339425256,398.2548060824595,398.2548114620391,25173240.345694914,99.94039038680394,553803.4117308917,131.38614851959642,-1,-0.013507883485278562,0.9997066492176485,0.9888071709340218,0.9953468579041979,4.0,0.2857142857142857,1.7619047619047619,N1 O6,de-protonated,,0.0,,C21 H37 O6 N1,21.0,37.0,6.0,1.0,,,,,,
664,1391,398.29156600354503,398.29115865503974,398.29119697138907,3267559.6599156107,165.60665588395725,516207.9881004672,16.82332254281371,-1,-0.09620184835579604,0.9983221386771951,0.0,0.5989932832063171,3.0,0.22727272727272727,1.8636363636363635,N1 O5,de-protonated,,0.0,,C22 H41 O5 N1,22.0,41.0,5.0,1.0,,,,,,
665,1394,399.20284660204766,399.20243833325395,399.2024415355991,12568316.092839945,148.49626313131026,545577.6370883038,66.65636212755005,-1,-0.008021857674932237,0.9994085292744654,0.9874447785467535,0.9946230289833806,5.0,0.4,1.6,O8,de-protonated,,0.0,,C20 H32 O8,20.0,32.0,8.0,,,,,,,
666,1395,399.25859667851455,399.2581883534202,399.2581662971091,6147801.866634834,153.68729737234213,545560.5858875045,31.577944910619347,-1,0.05524323107262905,0.999446405543699,0.9888071709340218,0.9951907116998281,4.0,0.2857142857142857,1.7619047619047619,13C1 N1 O6,de-protonated,,1.0,1390.0,C20 H37 O6 N1 13C1,20.0,37.0,6.0,1.0,,,1.0,,,
667,1397,400.20623781610635,400.20582853402243,400.2057963706691,2488771.566891813,55.00542143678813,573356.9984970071,12.89779288502168,-1,0.08036703527229508,0.9988287347401186,0.9874447785467535,0.9942751522627725,5.0,0.4,1.6,13C1 O8,de-protonated,,1.0,1394.0,C19 H32 O8 13C1,19.0,32.0,8.0,,,,1.0,,,
668,1400,401.1820517024952,401.18164143498973,401.18170609070904,1756417.6929846636,83.22004960753256,585659.858518825,9.073592688728137,-1,-0.16116317950689096,0.9952982179139588,0.0,0.5971789307483752,5.0,0.47368421052631576,1.5789473684210527,O9,de-protonated,,0.0,,C19 H30 O9,19.0,30.0,9.0,,,,,,,
669,1401,401.21848392771636,401.2180736234203,401.21809160005904,4786551.831043945,76.50109566763555,532182.9544872901,24.87704078139474,-1,-0.04480515486925616,0.9996358077510618,0.0,0.5997814846506371,4.0,0.4,1.7,O8,de-protonated,,0.0,,C20 H34 O8,20.0,34.0,8.0,,,,,,,
670,1404,403.11053803182267,403.11012581689937,403.11019837504915,3804848.9586031693,109.32133776504268,569728.9591775337,19.565797838435092,-1,-0.17999581770514061,0.9941385812907558,0.0,0.5964831487744535,1.0,0.6428571428571429,2.0,S2 O9,de-protonated,,0.0,,C14 H28 O9 S2,14.0,28.0,9.0,,,2.0,,,,
671,1406,403.306914877352,403.3065024641283,403.30651268321907,5421491.164777095,157.03624338107605,550614.7715673498,28.140639021865482,-1,-0.025338273612969045,0.9998835116282198,0.0,0.5999301069769318,1.0,0.2727272727272727,2.0,O6,de-protonated,,0.0,,C22 H44 O6,22.0,44.0,6.0,,,,,,,
672,1412,405.1898810858189,405.1894667712235,405.1893749281191,6549946.7029441325,114.14131369481336,542704.1959875631,33.94668556902553,-1,0.22666710953274194,0.9921748478867161,0.9840493290130753,0.9889246403372597,12.0,0.07692307692307693,1.1538461538461537,S1 O2,de-protonated,,0.0,,C26 H30 O2 S1,26.0,30.0,2.0,,,1.0,,,,
673,1415,406.19322132652866,406.1928059988146,406.1927297631891,1673841.0448289034,155.34003687402318,543227.9622407106,8.67485467789643,-1,0.18768338257547493,0.9936288430120661,0.9840493290130753,0.9897970374124697,12.0,0.07692307692307693,1.1538461538461537,13C1 S1 O2,de-protonated,,1.0,1412.0,C25 H30 O2 S1 13C1,25.0,30.0,2.0,,,1.0,1.0,,,
674,1420,407.1385561510166,407.13813986877307,407.1381272006491,3304142.118282127,97.78321279508194,535947.7178914925,17.24969586132682,-1,0.031115051968630673,0.9998243465257337,0.0,0.5998946079154402,4.0,0.5294117647058824,1.6470588235294117,S1 O9,de-protonated,,0.0,,C17 H28 O9 S1,17.0,28.0,9.0,,,1.0,,,,
675,1421,407.16911036298524,407.16869404989063,407.16863948322913,30893728.490095165,160.42763882262372,550116.0978538968,158.86354015710816,-1,0.1340148926331749,0.9960176456359642,0.9580799246309385,0.9808425572339539,12.0,0.12,1.12,S1 O3,de-protonated,,0.0,,C25 H28 O3 S1,25.0,28.0,3.0,,,1.0,,,,
676,1425,408.17247749277396,408.17206016657326,408.17199431829914,6369027.06777384,89.37149601062603,536069.0002016254,33.236063371503676,-1,0.16132482148532132,0.9952888039459432,0.9580799246309385,0.9804052522199413,12.0,0.12,1.12,13C1 S1 O3,de-protonated,,1.0,1421.0,C24 H28 O3 S1 13C1,24.0,28.0,3.0,,,1.0,1.0,,,
677,1426,408.2395453860294,408.2391279921106,408.2391613975791,1667843.0225621385,206.30720484277322,499087.4202898882,8.671564760315311,-1,-0.08182818228336028,0.9987857843139902,0.0,0.5992714705883941,6.0,0.2727272727272727,1.5909090909090908,N1 O6,de-protonated,,0.0,,C22 H35 O6 N1,22.0,35.0,6.0,1.0,,,,,,
678,1427,408.2790532146625,408.2786357808528,408.2785380877291,1679976.6316526076,85.0235772762424,516980.2944411534,8.623531963630963,-1,0.23928057593282456,0.9896648982796665,0.0,0.5937989389677999,5.0,0.09090909090909091,1.8181818181818181,N3 P1 O2,de-protonated,,0.0,,C22 H40 O2 N3 P1,22.0,40.0,2.0,3.0,1.0,,,,,
679,1429,408.98742949281376,408.98701134376574,408.9871058596491,11548566.416783212,118.41440906467247,529481.3269762959,60.034416020272324,-1,-0.23109746491579417,0.49517817283900056,0.8524773804394659,0.6380978558791867,12.0,0.6875,0.625,S1 O11,de-protonated,,0.0,,C16 H10 O11 S1,16.0,10.0,11.0,,,1.0,,,,
680,1433,409.04212139480535,409.04170319053605,409.04173869108905,1598169.579529402,105.88441515536361,603474.9183969545,8.509042831807998,-1,-0.08678956115929988,0.9986341844243027,0.0,0.5991805106545817,15.0,0.2,0.75,N2 S1 P1 O4,de-protonated,,0.0,,C20 H15 O4 N2 P1 S1,20.0,15.0,4.0,2.0,1.0,1.0,,,,
681,1435,409.1542446459581,409.1538263284804,409.1537772651091,1856025.892676429,77.73678132444988,603966.694907152,9.715784600562705,-1,0.11991425726290228,0.9973942722982669,0.0,0.5984365633789601,3.0,0.5294117647058824,1.7647058823529411,S1 O9,de-protonated,,0.0,,C17 H30 O9 S1,17.0,30.0,9.0,,,1.0,,,,
682,1436,409.1872447384823,409.18682638768524,409.1867914711391,2233160.4546145266,120.41740931213312,559063.489582585,11.845019259063376,-1,0.08533155733153827,0.9986796584044921,0.0,0.5992077950426953,7.0,0.38095238095238093,1.4285714285714286,O8,de-protonated,,0.0,,C21 H30 O8,21.0,30.0,8.0,,,,,,,
683,1437,409.2235204503503,409.22310206292656,409.2231769804891,2038796.9022227684,122.22575295704817,473310.30563634774,10.533000127712837,-1,-0.18307262819653392,0.9939370947703223,0.0,0.5963622568621934,6.0,0.3181818181818182,1.5454545454545454,O7,de-protonated,,0.0,,C22 H34 O7,22.0,34.0,7.0,,,,,,,
684,1442,410.2188293126992,410.2184099203467,410.2184259526891,2872984.661965985,58.544432011968674,523742.5968261905,15.153360378637348,-1,-0.039082453085263945,0.999722886759196,0.0,0.5998337320555176,6.0,0.3333333333333333,1.5714285714285714,N1 O7,de-protonated,,0.0,,C21 H33 O7 N1,21.0,33.0,7.0,1.0,,,,,,
685,1444,410.29162806699003,410.2912086011359,410.29119697138907,3475449.091569562,105.53658981058219,520422.7996992649,18.168240849975444,-1,0.028345104458753597,0.9998542265958589,0.0,0.5999125359575153,4.0,0.21739130434782608,1.7826086956521738,N1 O5,de-protonated,,0.0,,C23 H41 O5 N1,23.0,41.0,5.0,1.0,,,,,,
686,1447,410.9844738837946,410.98405371841085,410.9841284794991,3498277.5399272633,89.26703969352194,521724.2955283629,17.968213861043363,-1,-0.18190748266888151,0.9940137918546471,0.0,0.5964082751127883,12.0,0.9333333333333333,0.5333333333333333,O14,de-protonated,,0.0,,C15 H8 O14,15.0,8.0,14.0,,,,,,,
687,1450,411.09057002434685,411.0901497518443,411.090131635419,5136650.964720732,92.06562599905294,535473.5252654607,26.716762692756877,-1,0.044069229316576794,0.9996476711380362,0.0,0.5997886026828217,4.0,0.5714285714285714,1.7142857142857142,N2 S2 O8,de-protonated,,0.0,,C14 H24 O8 N2 S2,14.0,24.0,8.0,2.0,,2.0,,,,
688,1451,411.2028614250421,411.202441039166,411.2024415355991,10429962.13226515,119.71285935845205,547235.8208363756,54.544201560899765,-1,-0.001207271846912287,0.9981344954643916,0.9972343643295644,0.9977744430104607,6.0,0.38095238095238093,1.5238095238095237,O8,de-protonated,,0.0,,C21 H32 O8,21.0,32.0,8.0,,,,,,,
689,1453,411.23924493413836,411.2388245115282,411.2388270449491,2907755.1811328745,103.19948297845698,556006.1026573789,15.2454780709087,-1,-0.006160461378322517,0.9999931138130128,0.0,0.5999958682878077,5.0,0.3181818181818182,1.6363636363636365,O7,de-protonated,,0.0,,C22 H36 O7,22.0,36.0,7.0,,,,,,,
690,1455,412.1981764319634,412.1977550411918,412.1976905077991,1767677.1201734198,107.91037480645696,466201.31930146413,9.122941452444934,-1,0.1565593261684521,0.9955624187264851,0.0,0.597337451235891,6.0,0.4,1.55,N1 O8,de-protonated,,0.0,,C20 H31 O8 N1,20.0,31.0,8.0,1.0,,,,,,
691,1456,412.20627693131735,412.2058555323673,412.2057963706691,2412545.2082767305,226.42599272383748,573136.4641842154,12.430624588502683,-1,0.1435246635366242,0.9962692553911725,0.9972343643295644,0.9966552989665293,6.0,0.38095238095238093,1.5238095238095237,13C1 O8,de-protonated,,1.0,1451.0,C20 H32 O8 13C1,20.0,32.0,8.0,,,,1.0,,,
692,1458,412.2345038401224,412.23408241267407,412.2340760171491,5882174.9522245545,176.22958646496002,537746.087211524,30.71467053733354,-1,0.015514304457180082,0.9999563274083876,0.0,0.5999737964450326,5.0,0.3333333333333333,1.6666666666666667,N1 O7,de-protonated,,0.0,,C21 H35 O7 N1,21.0,35.0,7.0,1.0,,,,,,
693,1461,413.12557064302473,413.12514831594996,413.12506059316905,16621408.585681286,193.43744529420314,526850.5075964921,85.51680163659309,-1,0.21233952928983227,0.9906069870786098,0.9530959657399304,0.975602578543138,11.0,0.13043478260869565,1.1304347826086956,S2 O3,de-protonated,,0.0,,C23 H26 O3 S2,23.0,26.0,3.0,,,2.0,,,,
694,1462,413.2184896448,413.2180672239145,413.21809160005904,1884213.3531864188,109.44541997790921,461614.9395958281,9.713152666497809,-1,-0.05899099058650363,0.9993687693182431,0.0,0.5996212615909459,5.0,0.38095238095238093,1.619047619047619,O8,de-protonated,,0.0,,C21 H34 O8,21.0,34.0,8.0,,,,,,,
695,1464,414.12893931156054,414.1285159714976,414.12841542823907,2986308.2178752194,64.27867929858435,551555.5246451508,15.478404235651974,-1,0.24278280554688333,0.9893617715493958,0.9530959657399304,0.9748554492256096,11.0,0.13043478260869565,1.1304347826086956,13C1 S2 O3,de-protonated,,1.0,1461.0,C22 H26 O3 S2 13C1,22.0,26.0,3.0,,,2.0,1.0,,,
696,1469,415.19779946472323,415.19737504557503,415.1973561551691,2069464.2159768706,78.86545524434491,492060.01011375955,10.836988512208299,-1,0.045497413878264246,0.9996244690869449,0.0,0.599774681452167,5.0,0.45,1.6,O9,de-protonated,,0.0,,C20 H32 O9,20.0,32.0,9.0,,,,,,,
697,1470,415.2341919069655,415.23376745107714,415.2337416645191,3756129.73614984,160.3712677724843,481508.8797429554,19.276285091296558,-1,0.06210130700341519,0.9993004747986924,0.0,0.5995802848792154,4.0,0.38095238095238093,1.7142857142857142,O8,de-protonated,,0.0,,C21 H36 O8,21.0,36.0,8.0,,,,,,,
698,1475,417.0718430421216,417.07141673105707,417.0713247428991,24692585.606932625,91.01768145632447,536011.7073870025,127.21716496080153,-1,0.22055737836419345,0.33040405609039153,0.7920574028670164,0.5150653948010415,7.0,0.3125,1.4375,N2 S2 P1 O5,de-protonated,,0.0,,C16 H23 O5 N2 P1 S2,16.0,23.0,5.0,2.0,1.0,2.0,,,,
699,1477,417.21087322138777,417.21044676996996,417.21050429617907,2320970.5637744786,57.16199127269756,509337.1548725199,12.195066489694511,-1,-0.13788293562203774,0.9965562944984534,0.0,0.597933776699072,8.0,0.16666666666666666,1.4166666666666667,S1 O4,de-protonated,,0.0,,C24 H34 O4 S1,24.0,34.0,4.0,,,1.0,,,,
700,1479,418.0751743772586,418.0747470533229,418.07481592358914,1919590.4086698373,111.32806195524883,526119.5691610472,9.900019985105407,-1,-0.1647319179207467,0.9950882012412936,0.0,0.5970529207447761,7.0,0.4666666666666667,1.4,N3 S2 O7,de-protonated,,0.0,,C15 H21 O7 N3 S2,15.0,21.0,7.0,3.0,,2.0,,,,
701,1483,419.0686950830881,419.0682667562049,419.0683473627491,4263867.616982204,283.56799239511304,540832.9901713594,21.89505948586784,-1,-0.19234701143458507,0.9933093579907976,0.0,0.5959856147944785,7.0,0.5333333333333333,1.4,N2 S1 P1 O8,de-protonated,,0.0,,C15 H21 O8 N2 P1 S1,15.0,21.0,8.0,2.0,1.0,1.0,,,,
702,1484,420.25085629473256,420.25042677449727,420.2503947868691,3338588.0909735193,107.12717534936323,524173.8870687616,17.343129520630622,-1,0.07611564099229219,0.9989493129182578,0.0,0.5993695877509547,7.0,0.22727272727272727,1.5909090909090908,N3 O5,de-protonated,,0.0,,C22 H35 O5 N3,22.0,35.0,5.0,3.0,,,,,,
703,1491,421.2269835099811,421.2265530043992,421.2265482838091,19087411.98974984,79.63479066438245,527586.6966641846,98.08691873053525,-1,0.01120677246815229,0.999926574010652,0.9874243524384233,0.9949256853817605,2.0,0.35,1.9,S1 O7,de-protonated,,0.0,,C20 H38 O7 S1,20.0,38.0,7.0,,,1.0,,,,
704,1493,422.2303235962669,422.2298920778883,422.2299031188791,3779120.0600540084,184.01233514481376,501088.25131492777,19.83425511305446,-1,-0.02614923945470664,0.9998759362195443,0.9874243524384233,0.9948953027070959,2.0,0.35,1.9,13C1 S1 O7,de-protonated,,1.0,1491.0,C19 H38 O7 S1 13C1,19.0,38.0,7.0,,,1.0,1.0,,,
705,1494,422.97317474394697,422.97274247572875,422.9727328988791,6542027.081505653,56.05261181065574,495806.21362569096,34.22040671177469,-1,0.022641766049271327,0.9999069847352042,0.0,0.5999441908411225,8.0,0.75,1.0833333333333333,N2 S2 P1 O9,de-protonated,,0.0,,C12 H13 O9 N2 P1 S2,12.0,13.0,9.0,2.0,1.0,2.0,,,,
706,1500,423.1640400839919,423.16360762311456,423.1635541027991,14467635.47894032,237.3437601569779,540037.9978127257,74.38898441021381,-1,0.1264766659523116,0.9947760416855467,0.9660673076406092,0.9832925480675717,12.0,0.16,1.12,S1 O4,de-protonated,,0.0,,C25 H28 O4 S1,25.0,28.0,4.0,,,1.0,,,,
707,1501,423.2392793528243,423.2388468160008,423.2388270449491,3304984.3946099905,92.74592083757695,554874.8585073443,17.057564674589432,-1,0.04671370014078604,0.999604126538542,0.0,0.5997624759231251,6.0,0.30434782608695654,1.565217391304348,O7,de-protonated,,0.0,,C23 H36 O7,23.0,36.0,7.0,,,,,,,
708,1505,424.1674290966368,424.16699562295224,424.1669089378691,3152388.787091174,175.7623975818782,506481.05493815383,16.32588700454841,-1,0.20436550169411846,0.9924503912979987,0.9660673076406092,0.9818971578350429,12.0,0.16,1.12,13C1 S1 O4,de-protonated,,1.0,1500.0,C24 H28 O4 S1 13C1,24.0,28.0,4.0,,,1.0,1.0,,,
709,1506,424.23458399136257,424.2341504498935,424.2340760171491,2426576.3703616727,138.4012618501521,504828.27999591356,12.559589357682574,-1,0.17545206430094312,0.994429958163678,0.0,0.5966579748982067,6.0,0.3181818181818182,1.5909090909090908,N1 O7,de-protonated,,0.0,,C22 H35 O7 N1,22.0,35.0,7.0,1.0,,,,,,
710,1511,425.17969901048355,425.179264515048,425.17920416725906,6862151.287888471,69.84363168424971,508367.6738989055,35.24686099708404,-1,0.14193494960640185,0.49817564641464007,0.7871578612348821,0.6137685323427369,11.0,0.16,1.2,S1 O4,de-protonated,,0.0,,C25 H30 O4 S1,25.0,30.0,4.0,,,1.0,,,,
711,1512,425.2185215635563,425.2180870289349,425.21809160005904,1901023.0539378703,60.80107297365303,518432.2116767498,10.019772985058164,-1,-0.010750069700881342,0.9999790312841205,0.0,0.5999874187704722,6.0,0.36363636363636365,1.5454545454545454,O8,de-protonated,,0.0,,C22 H34 O8,22.0,34.0,8.0,,,,,,,
712,1513,425.25490192839067,425.2544673570486,425.2544771094091,11554262.374692235,77.77353828616978,527771.8133977131,59.39222410843776,-1,-0.02293299896548264,0.9994028347294572,0.9898032631777599,0.9955630061087783,5.0,0.30434782608695654,1.6521739130434783,O7,de-protonated,,0.0,,C23 H38 O7,23.0,38.0,7.0,,,,,,,
713,1516,426.07465462961187,426.07421923085536,426.07416101897905,2034522.7997719012,48.07862512478833,495607.9942770088,10.44483033653883,-1,0.13662381255062847,0.9966187960056543,0.0,0.5979712776033925,5.0,0.6923076923076923,1.6923076923076923,N3 S1 P1 O9,de-protonated,,0.0,,C13 H22 O9 N3 P1 S1,13.0,22.0,9.0,3.0,1.0,1.0,,,,
714,1517,426.21377436143445,426.2133388222593,426.213340572259,2860805.678561166,95.72243976128468,511644.25851790473,14.742778664513608,-1,-0.00410592436509997,0.9999969410311534,0.0,0.599998164618692,6.0,0.38095238095238093,1.5714285714285714,N1 O8,de-protonated,,0.0,,C21 H33 O8 N1,21.0,33.0,8.0,1.0,,,,,,
715,1518,426.2501566113081,426.24972103541114,426.2497260816091,54044429.2155432,165.71673110388087,512098.39094962535,284.75421034920225,-1,-0.011838595153294924,0.9999825016980634,0.9922629991819485,0.9968947006916173,5.0,0.3181818181818182,1.6818181818181819,N1 O7,de-protonated,,0.0,,C22 H37 O7 N1,22.0,37.0,7.0,1.0,,,,,,
716,1519,426.2583007100436,426.25786512592646,426.2578319444791,2692845.905186105,195.64356861498524,434762.87679615716,13.875556390130455,-1,0.07784360746733102,0.998901092841935,0.9898032631777599,0.995261960976265,5.0,0.30434782608695654,1.6521739130434783,13C1 O7,de-protonated,,1.0,1513.0,C22 H38 O7 13C1,22.0,38.0,7.0,,,,1.0,,,
717,1522,427.0506798201574,427.05024343627093,427.05031451591907,2035556.6860777317,83.70808408170167,467134.9380780232,10.616564034273278,-1,-0.16644326375851282,0.9949858746185364,0.0,0.5969915247711218,0.0,1.0,2.272727272727273,S2 P1 O11,de-protonated,,0.0,,C11 H25 O11 P1 S2,11.0,25.0,11.0,,1.0,2.0,,,,
718,1524,427.1978427497399,427.1974062173194,427.1973561551691,5474416.684636495,45.60318677189107,523148.23873086594,28.443311439328497,-1,0.11718740667887179,0.9975112874543656,0.0,0.5985067724726193,6.0,0.42857142857142855,1.5238095238095237,O9,de-protonated,,0.0,,C21 H32 O9,21.0,32.0,9.0,,,,,,,
719,1525,427.2453990383717,427.24496245795194,427.2449750538091,2976938.8441474927,190.91795614150087,537710.3281699779,15.45603279610036,-1,-0.029481580641478704,0.9998423038424592,0.0,0.5999053823054755,5.0,0.3333333333333333,1.7142857142857142,N2 O7,de-protonated,,0.0,,C21 H36 O7 N2,21.0,36.0,7.0,2.0,,,,,,
720,1526,427.25352060760605,427.25308401898906,427.2530809166791,13506660.588194266,187.10193173537235,522037.5515091929,69.59886441210352,-1,0.007261059310015519,0.9999904335298816,0.9922629991819485,0.9968994597907084,5.0,0.3181818181818182,1.6818181818181819,13C1 N1 O7,de-protonated,,1.0,1518.0,C21 H37 O7 N1 13C1,21.0,37.0,7.0,1.0,,,1.0,,,
721,1527,428.22947057053955,428.2290329968915,428.22899063671906,2118729.39462161,137.07372846880006,487416.1354128801,10.964637314355743,-1,0.09891944109649692,0.9982260897167486,0.0,0.5989356538300492,5.0,0.38095238095238093,1.6666666666666667,N1 O8,de-protonated,,0.0,,C21 H35 O8 N1,21.0,35.0,8.0,1.0,,,,,,
722,1530,429.1205197119333,429.1200812389617,429.11997521273906,4633028.1233773455,172.42479484943297,487585.44970131374,23.816371353241745,-1,0.24707827355767945,0.9889841041713231,0.0,0.5933904625027938,11.0,0.17391304347826086,1.1304347826086956,S2 O4,de-protonated,,0.0,,C23 H26 O4 S2,23.0,26.0,4.0,,,2.0,,,,
723,1531,429.21344867420373,429.2130101074411,429.2130062196291,5009809.744107551,140.444959534896,488445.78711588465,25.727155484356068,-1,0.009058001372536404,0.9999851127198919,0.0,0.5999910676319351,5.0,0.42857142857142855,1.619047619047619,O9,de-protonated,,0.0,,C21 H34 O9,21.0,34.0,9.0,,,,,,,
724,1533,429.333853167013,429.3334144787292,429.3333961369691,1990601.7304339572,202.73799384909205,467913.54001501104,10.292178160774876,-1,0.04272148465866613,0.999668888250371,0.0,0.5998013329502226,2.0,0.21739130434782608,2.0,N2 O5,de-protonated,,0.0,,C23 H46 O5 N2,23.0,46.0,5.0,2.0,,,,,,
725,1535,431.0331378199138,431.03269741661677,431.0326133020791,12160461.317592429,162.49394481899552,518567.80151980504,62.42947601932747,-1,0.19514657380776773,0.496556928203873,0.8007932653391598,0.6182514630579877,18.0,0.30434782608695654,0.5652173913043478,P1 O7,de-protonated,,0.0,,C23 H13 O7 P1,23.0,13.0,7.0,,1.0,,,,,
726,1536,431.12379116874456,431.12335067395674,431.123360316709,1988303.5606359032,349.51232488198326,508060.78116318583,10.240855446509409,-1,-0.022366573381228355,0.9999092319457654,0.0,0.5999455391674592,6.0,0.2222222222222222,1.6111111111111112,N2 S2 P1 O4,de-protonated,,0.0,,C18 H29 O4 N2 P1 S2,18.0,29.0,4.0,2.0,1.0,2.0,,,,
727,1537,431.1361559299382,431.13571542267135,431.1356252771991,5459409.794402697,106.9397920947966,531464.603213953,28.153798692189962,-1,0.20908843290008683,0.9920988110665714,0.0,0.5952592866399428,10.0,0.17391304347826086,1.2173913043478262,S2 O4,de-protonated,,0.0,,C23 H28 O4 S2,23.0,28.0,4.0,,,2.0,,,,
728,1538,431.2443710764204,431.243930459939,431.2439124253791,2284393.2136879344,88.71999196237087,527422.398900239,11.847651193128272,-1,0.04181985966860713,0.9996827146179198,0.0,0.5998096287707518,8.0,0.24,1.44,O6,de-protonated,,0.0,,C25 H36 O6,25.0,36.0,6.0,,,,,,,
729,1551,437.0252199921745,437.0247735417935,437.0247684726891,2150237.8959456026,88.51209349523259,553233.5647991674,11.05938694069199,-1,0.011599123726718074,0.9999755882513706,0.0,0.5999853529508223,7.0,0.5714285714285714,1.3571428571428572,N2 S2 P1 O8,de-protonated,,0.0,,C14 H19 O8 N2 P1 S2,14.0,19.0,8.0,2.0,1.0,2.0,,,,
730,1553,437.2185099936737,437.2180633482404,437.21809160005904,1861802.949580712,133.34771694586104,550605.1612170141,9.707888798368018,-1,-0.06461722240013536,0.99924266871896,0.0,0.5995456012313759,7.0,0.34782608695652173,1.4782608695652173,O8,de-protonated,,0.0,,C23 H34 O8,23.0,34.0,8.0,,,,,,,
731,1556,438.32289450621766,438.3224467463452,438.3224971003091,2101074.267553611,123.39087207819635,523801.76387176034,10.808037237494444,-1,-0.11487880323954355,0.9976082611627848,0.0,0.5985649566976708,4.0,0.2,1.8,N1 O5,de-protonated,,0.0,,C25 H45 O5 N1,25.0,45.0,5.0,1.0,,,,,,
732,1559,439.2341248514129,439.2336761720324,439.2337416645191,2575188.088963384,115.24487841711229,473589.0266932245,13.417599862838593,-1,-0.14910622854527786,0.9959740377121963,0.0,0.5975844226273177,6.0,0.34782608695652173,1.565217391304348,O8,de-protonated,,0.0,,C23 H36 O8,23.0,36.0,8.0,,,,,,,
733,1560,439.2705776660947,439.2701289499306,439.27012717386907,1711868.0355882258,217.4997818585587,376742.1587597186,8.882119485506971,-1,0.0040432103800591,0.9999970337628952,0.0,0.5999982202577371,5.0,0.2916666666666667,1.6666666666666667,O7,de-protonated,,0.0,,C24 H40 O7,24.0,40.0,7.0,,,,,,,
734,1562,440.22945081518424,440.2290011314551,440.22899063671906,3273021.9568099403,226.64677169658603,477689.1411361728,17.006241960323962,-1,0.02383926608366011,0.9998968861034723,0.0,0.5999381316620833,6.0,0.36363636363636365,1.5909090909090908,N1 O8,de-protonated,,0.0,,C22 H35 O8 N1,22.0,35.0,8.0,1.0,,,,,,
735,1563,440.26580582145516,440.2653561010418,440.2653761460691,7809148.070809292,82.86097761769615,503362.3101981551,41.179240379359086,-1,-0.045529420238207934,0.9964678253022194,0.974393994691836,0.987638293058066,5.0,0.30434782608695654,1.6956521739130435,N1 O7,de-protonated,,0.0,,C23 H39 O7 N1,23.0,39.0,7.0,1.0,,,,,,
736,1564,441.2497401554127,441.24928944216583,441.2493917289791,1826615.1384777033,149.4143416165617,487328.40864141815,9.388766792999405,-1,-0.23181179439777663,0.9902969264875048,0.0,0.5941781558925029,5.0,0.34782608695652173,1.6521739130434783,O8,de-protonated,,0.0,,C23 H38 O8,23.0,38.0,8.0,,,,,,,
737,1565,441.2692665758406,441.2688158428909,441.26873098113913,1640458.6122802696,82.69226027070897,458658.4144196566,8.587342870238647,-1,0.19231308679033216,0.9933117099582622,0.974393994691836,0.9857446238516918,5.0,0.30434782608695654,1.6956521739130435,13C1 N1 O7,de-protonated,,1.0,1563.0,C22 H39 O7 N1 13C1,22.0,39.0,7.0,1.0,,,1.0,,,
738,1572,445.0851883516988,445.0847337684988,445.08464887588906,40246294.510451384,82.93567249656817,485551.54444685637,213.73410154205501,-1,0.1907336277154484,0.49671037968671344,0.7871578612348822,0.612889372305981,17.0,0.24,0.76,P1 O6,de-protonated,,0.0,,C25 H19 O6 P1,25.0,19.0,6.0,,1.0,,,,,
739,1574,446.0885565304758,446.0881009349295,446.0881400565791,5045797.458729636,197.9736088853066,503212.62723225297,26.082466583116997,-1,-0.08769937167076854,0.9986054188639621,0.0,0.5991632513183772,17.0,0.3333333333333333,0.7083333333333334,N1 O8,de-protonated,,0.0,,C24 H17 O8 N1,24.0,17.0,8.0,1.0,,,,,,
740,1575,447.06443811121073,447.06398153107006,447.0639134309991,7784741.770351623,113.381243984482,481057.53173144377,40.82392928059816,-1,0.15232737180526004,0.497899291448626,0.7939170211058516,0.6163063833115162,17.0,0.2916666666666667,0.7083333333333334,P1 O7,de-protonated,,0.0,,C24 H17 O7 P1,24.0,17.0,7.0,,1.0,,,,,
741,1576,447.0820325926311,447.08157599473907,447.0815385540091,7564599.494549265,154.3731560576478,507117.2866878346,38.96841576484665,-1,0.08374474615008842,0.4993641382867881,0.7253996187124198,0.5897783304570408,30.0,0.02857142857142857,0.34285714285714286,O1,de-protonated,,0.0,,C35 H12 O1,35.0,12.0,1.0,,,,,,,
742,1581,448.2449251161483,448.2444673450065,448.2444612532691,5177234.989845311,170.5371085667793,514571.69843856076,26.611485330161045,-1,0.013590212361952682,0.9999664881010842,0.0,0.5999798928606506,7.0,0.08,1.6,N1 S1 P1 O2,de-protonated,,0.0,,C25 H40 O2 N1 P1 S1,25.0,40.0,2.0,1.0,1.0,1.0,,,,
743,1584,449.08597938254496,449.08552076287503,449.0854367222291,2011337.4138103563,145.05626211065112,486901.15613358153,10.409299226662737,-1,0.18713732195857247,0.9936657450635504,0.0,0.5961994470381302,7.0,0.7058823529411765,1.3529411764705883,P1 O12,de-protonated,,0.0,,C17 H23 O12 P1,17.0,23.0,12.0,,1.0,,,,,
744,1587,450.1616522578674,450.1611925529864,450.1611858573691,1897097.96301911,82.49749952075662,509245.7790126161,9.782898919217546,-1,0.014873821861219553,0.9999598588081543,0.0,0.5999759152848926,23.0,0.03225806451612903,0.6774193548387096,N3 O1,de-protonated,,0.0,,C31 H21 O1 N3,31.0,21.0,1.0,3.0,,,,,,
745,1588,450.257214167519,450.2567543662298,450.2567400144091,1824774.3452607652,46.94106366062152,525221.009203527,9.540760985247136,-1,0.03187474930231057,0.9998156651912182,0.0,0.5998893991147309,11.0,0.07142857142857142,1.3571428571428572,N1 P1 O2,de-protonated,,0.0,,C28 H38 O2 N1 P1,28.0,38.0,2.0,1.0,1.0,,,,,
746,1590,451.30694337886825,451.306482518566,451.30651268321907,7248219.611334879,215.34631532506933,517121.4593158706,37.28924183144315,-1,-0.06683850606005642,0.9987796521613345,0.9927525855169027,0.9963688255035618,5.0,0.23076923076923078,1.6923076923076923,O6,de-protonated,,0.0,,C26 H44 O6,26.0,44.0,6.0,,,,,,,
747,1592,452.31037228387305,452.3099104112881,452.3098675182891,1952828.2320770775,115.10986664432218,504888.95989795786,10.102678908102382,-1,0.09483100439268943,0.9983695771755986,0.9927525855169027,0.9961227805121202,5.0,0.23076923076923078,1.6923076923076923,13C1 O6,de-protonated,,1.0,1590.0,C25 H44 O6 13C1,25.0,44.0,6.0,,,,1.0,,,
748,1593,453.1181403301729,453.1176776427072,453.11760623101907,2784184.43024247,126.91464197530861,516911.3722884847,14.321669214130287,-1,0.157600779862221,0.9955033169642267,0.0,0.597301990178536,4.0,0.3888888888888889,1.7222222222222223,S2 P1 O7,de-protonated,,0.0,,C18 H31 O7 P1 S2,18.0,31.0,7.0,,1.0,2.0,,,,
749,1595,454.24506629904715,454.2446024747543,454.2446407011791,3347204.55480898,249.7061730563619,483497.99729444756,17.743183498494776,-1,-0.08415382677270852,0.998715829869014,0.0,0.5992294979214083,6.0,0.34782608695652173,1.608695652173913,N1 O8,de-protonated,,0.0,,C23 H37 O8 N1,23.0,37.0,8.0,1.0,,,,,,
750,1596,454.9631284723681,454.96266392371746,454.96256213801905,2024960.6303459394,60.135829760030376,562455.1119380995,10.447462270603726,-1,0.223723239834473,0.9909592301371677,0.0,0.5945755380823006,8.0,0.9166666666666666,1.0833333333333333,N2 S2 P1 O11,de-protonated,,0.0,,C12 H13 O11 N2 P1 S2,12.0,13.0,11.0,2.0,1.0,2.0,,,,
751,1598,456.2607194868024,456.26025362921007,456.2602907656391,2838654.7080311654,192.8393585953972,448862.20877551823,14.583546653587415,-1,-0.0813930771729217,0.9987986549464272,0.0,0.5992791929678563,5.0,0.34782608695652173,1.6956521739130435,N1 O8,de-protonated,,0.0,,C23 H39 O8 N1,23.0,39.0,8.0,1.0,,,,,,
752,1606,459.2244443121386,459.22397546502276,459.2240601610091,2309961.279811502,135.74833711759652,483406.19320637954,11.921345346945353,-1,-0.18443281546594126,0.993846946891096,0.0,0.5963081681346576,9.0,0.08,1.48,N2 S1 P1 O2,de-protonated,,0.0,,C25 H37 O2 N2 P1 S1,25.0,37.0,2.0,2.0,1.0,1.0,,,,
753,1608,461.2549407965341,461.2544699013481,461.2544771094091,2017258.2694815886,164.24697876643404,433877.7912142329,10.680388435347,-1,-0.01562708082032424,0.9999556901864256,0.0,0.5999734141118553,8.0,0.2692307692307692,1.4615384615384615,O7,de-protonated,,0.0,,C26 H38 O7,26.0,38.0,7.0,,,,,,,
754,1610,463.23023161426715,463.2297587267735,463.2297189125191,4933868.728458882,96.66852778373465,490519.6967810136,25.903495066704085,-1,0.08594926619736837,0.9986604863594463,0.0,0.5991962918156677,4.0,0.5,1.8,N2 O10,de-protonated,,0.0,,C20 H36 O10 N2,20.0,36.0,10.0,2.0,,,,,,
755,1612,464.2771760421783,464.2767020987527,464.2766095353591,2424677.1227114773,167.07119641579467,443503.2433940399,12.67078857192442,-1,0.19937121899415225,0.9928135642184056,0.0,0.5956881385310433,7.0,0.25,1.625,N3 O6,de-protonated,,0.0,,C24 H39 O6 N3,24.0,39.0,6.0,3.0,,,,,,
756,1615,465.24987162591225,465.24939670146046,465.2493917289791,2257771.4671001676,109.54756476831281,493665.97313316923,11.712106588786138,-1,0.01068777614273134,0.9999792735928474,0.0,0.5999875641557084,7.0,0.32,1.52,O8,de-protonated,,0.0,,C25 H38 O8,25.0,38.0,8.0,,,,,,,
757,1616,465.28622589569574,465.2857509345787,465.2857772383291,3157332.2791586095,233.29326848631393,454045.74898711895,16.428532433079344,-1,-0.056532461776555125,0.9994202727601492,0.0,0.5996521636560895,6.0,0.2692307692307692,1.6153846153846154,O7,de-protonated,,0.0,,C26 H42 O7,26.0,42.0,7.0,,,,,,,
758,1617,466.35426808470316,466.35379204641936,466.3537972292291,3759442.3259141278,156.50527351554294,466338.42712873255,19.91584506906623,-1,-0.011113471704581565,0.9999775896593517,0.0,0.5999865537956109,4.0,0.18518518518518517,1.8148148148148149,N1 O5,de-protonated,,0.0,,C27 H49 O5 N1,27.0,49.0,5.0,1.0,,,,,,
759,1624,467.26559606174106,467.26511910436164,467.265041793439,2268389.627637085,154.40438947945592,494906.49784301553,11.679207412974941,-1,0.16545411213188066,0.9950451467257179,0.0,0.5970270880354307,6.0,0.32,1.6,O8,de-protonated,,0.0,,C25 H40 O8,25.0,40.0,8.0,,,,,,,
760,1625,467.30193151680885,467.3014545227846,467.3014273027891,2008659.3907841733,64.76189116513196,527941.5154706117,10.327709270650969,-1,0.05824933097069196,0.9993845368843496,0.0,0.5996307221306098,5.0,0.2692307692307692,1.6923076923076923,O7,de-protonated,,0.0,,C26 H44 O7,26.0,44.0,7.0,,,,,,,
761,1630,468.9787628467922,468.9782841616888,468.9782122024791,3341253.659617465,60.1242286121311,469538.87575897254,17.153630267958125,-1,0.15343827889543696,0.9957372097516688,0.0,0.5974423258510012,8.0,0.8461538461538461,1.1538461538461537,N2 S2 P1 O11,de-protonated,,0.0,,C13 H15 O11 N2 P1 S2,13.0,15.0,11.0,2.0,1.0,2.0,,,,
762,1635,470.23999215413363,470.2395121971215,470.23955532074905,1649779.7929386345,56.17202563099444,428852.8888076989,8.618926079017395,-1,-0.09170565741471143,0.9984751933853689,0.0,0.5990851160312214,6.0,0.391304347826087,1.608695652173913,N1 O9,de-protonated,,0.0,,C23 H37 O9 N1,23.0,37.0,9.0,1.0,,,,,,
763,1636,470.27641236352366,470.2759323697834,470.27594083009905,3558016.903909648,99.55513833580054,455584.85370218847,18.303785454317573,-1,-0.017990109466844123,0.9999412769386247,0.0,0.5999647661631747,5.0,0.3333333333333333,1.7083333333333333,N1 O8,de-protonated,,0.0,,C24 H41 O8 N1,24.0,41.0,8.0,1.0,,,,,,
764,1643,473.01002785857423,473.0095451081828,473.0095123313991,2477753.5884421337,190.1070955255472,445380.4411681804,12.758300379582204,-1,0.06929413226913675,0.9991291214935446,0.0,0.5994774728961267,6.0,0.8461538461538461,1.4615384615384615,N2 S2 P1 O11,de-protonated,,0.0,,C13 H19 O11 N2 P1 S2,13.0,19.0,11.0,2.0,1.0,2.0,,,,
765,1646,473.28310410964764,473.282621083887,473.2826204102691,6420575.798710579,63.14507182501964,460002.2058784053,33.004453173792854,-1,0.001423288969295374,0.999807931792785,0.9770437540119066,0.9907022606804337,8.0,0.14285714285714285,1.5357142857142858,P1 O4,de-protonated,,0.0,,C28 H43 O4 P1,28.0,43.0,4.0,,1.0,,,,,
766,1647,474.2267139028887,474.2262299256065,474.22622773182906,1556529.5858369633,137.8396854535853,429444.05474490835,8.188604859406938,-1,0.004626014588424573,0.9999961170036609,0.0,0.5999976702021965,5.0,0.36363636363636365,1.7272727272727273,N1 P1 O8,de-protonated,,0.0,,C22 H38 O8 N1 P1,22.0,38.0,8.0,1.0,1.0,,,,,
767,1648,474.2864374686144,474.2859534311085,474.2859752453391,2202305.6291054115,133.48437407466054,406166.56290039903,11.349557671346748,-1,-0.04599383437654857,0.9996162311554492,0.9770437540119066,0.990587240298032,8.0,0.14285714285714285,1.5357142857142858,13C1 P1 O4,de-protonated,,1.0,1646.0,C27 H43 O4 P1 13C1,27.0,43.0,4.0,,1.0,,1.0,,,
768,1649,475.2706163040554,475.2701312741389,475.27012717386907,2003214.8819683748,238.96961394985686,433459.16837368044,10.370478199205525,-1,0.008627240833495906,0.9999864949953161,0.0,0.5999918969971897,8.0,0.25925925925925924,1.4814814814814814,O7,de-protonated,,0.0,,C27 H40 O7,27.0,40.0,7.0,,,,,,,
769,1651,476.27622434478553,476.27573830086993,476.2757613821891,37683516.81061028,115.98755790138087,459561.8530952642,199.92171156948206,-1,-0.04846209075101987,0.6664624070822452,0.9590061963247007,0.7834799227792275,7.0,0.07407407407407407,1.6296296296296295,N1 S1 P1 O2,de-protonated,,0.0,,C27 H44 O2 N1 P1 S1,27.0,44.0,2.0,1.0,1.0,1.0,,,,
770,1654,477.2795879614635,477.2791009058322,477.2791162172591,10073492.690338103,108.05526619941156,472309.4115509511,51.82278173779755,-1,-0.03208065553416457,0.6665421841133966,0.9590061963247007,0.7835277889979183,7.0,0.07407407407407407,1.6296296296296295,13C1 N1 S1 P1 O2,de-protonated,,1.0,1651.0,C26 H44 O2 N1 P1 S1 13C1,26.0,44.0,2.0,1.0,1.0,1.0,1.0,,,
771,1656,478.03347689072837,478.03298907494593,478.0330702517191,3152260.97337184,110.08739989335763,497723.83091389353,16.345626510035128,-1,-0.16981413675423146,0.9947812582723962,0.0,0.5968687549634377,4.0,1.0769230769230769,1.6153846153846154,N1 S2 O14,de-protonated,,0.0,,C13 H21 O14 N1 S2,13.0,21.0,14.0,1.0,,2.0,,,,
772,1661,478.2919804210131,478.2914923445824,478.29141144664914,2046744.7341583825,152.86488457715367,427354.0150693221,10.701443907866167,-1,0.16913942285243028,0.9948225392802009,0.0,0.5968935235681205,6.0,0.07407407407407407,1.7037037037037037,N1 S1 P1 O2,de-protonated,,0.0,,C27 H46 O2 N1 P1 S1,27.0,46.0,2.0,1.0,1.0,1.0,,,,
773,1663,481.1571888647703,481.15669789944974,481.1567684459091,1577206.0102267698,44.6022884353312,503113.6368455111,8.114910705589857,-1,-0.14661844952775666,0.9961070005274107,0.0,0.5976642003164464,9.0,0.2727272727272727,1.4090909090909092,N2 S1 P1 O6,de-protonated,,0.0,,C22 H31 O6 N2 P1 S1,22.0,31.0,6.0,2.0,1.0,1.0,,,,
774,1664,481.28126781729867,481.2807767268773,481.28069185789906,2673428.8131357543,54.77722609257923,488715.1374647836,13.772910961599521,-1,0.1763398775364406,0.9943736043613628,0.0,0.5966241626168176,6.0,0.3076923076923077,1.6153846153846154,O8,de-protonated,,0.0,,C26 H42 O8,26.0,42.0,8.0,,,,,,,
775,1665,481.33282370332597,481.33233256092427,481.3323335085391,6646691.734499725,57.22675459497471,482043.7542184091,34.280941195267296,-1,-0.0019687329148414183,0.9997137896149408,0.9632879826210262,0.9851434668173751,9.0,0.12903225806451613,1.4838709677419355,O4,de-protonated,,0.0,,C31 H46 O4,31.0,46.0,4.0,,,,,,,
776,1666,482.0614625225109,482.0609706454768,482.0609990773191,20149262.770459186,191.8845984654884,457368.18887580396,104.54042105765966,-1,-0.058979760519573696,0.49968450477663895,0.8524773804394659,0.6408016550417697,7.0,0.875,1.3125,N1 S1 O14,de-protonated,,0.0,,C16 H21 O14 N1 S1,16.0,21.0,14.0,1.0,,1.0,,,,
777,1667,482.06523518557583,482.06474330473804,482.06464170679914,7654930.371091528,149.39102183203897,460739.7272133174,40.13962642372526,-1,0.2107558408522835,0.4959863996242441,0.8007932653391598,0.6179091459102104,16.0,0.391304347826087,0.782608695652174,N1 P1 O9,de-protonated,,0.0,,C23 H18 O9 N1 P1,23.0,18.0,9.0,1.0,1.0,,,,,
778,1668,482.33615341904675,482.33566126506497,482.3356883436091,1813810.0566462437,50.124948004337995,453092.1468274598,9.353235683123312,-1,-0.056140453165804245,0.9994282825082834,0.9632879826210262,0.9849721625533805,9.0,0.12903225806451613,1.4838709677419355,13C1 O4,de-protonated,,1.0,1665.0,C30 H46 O4 13C1,30.0,46.0,4.0,,,,1.0,,,
779,1674,483.99956545862125,483.99907162759354,483.9991456023391,1691143.015474406,91.34057977147296,429344.4228375735,8.76499841961911,-1,-0.15284065325674248,0.9957702811167778,0.0,0.5974621686700666,30.0,0.03125,0.25,N1 S1 P1 O1,de-protonated,,0.0,,C32 H8 O1 N1 P1 S1,32.0,8.0,1.0,1.0,1.0,1.0,,,,
780,1675,484.0407276625244,484.0402337899978,484.04026363242906,1833672.3288195408,148.84819152341043,496372.7370262428,9.47825255120586,-1,-0.06165278700293314,0.9993105393286766,0.0,0.599586323597206,7.0,1.0,1.2666666666666666,N1 S1 O15,de-protonated,,0.0,,C15 H19 O15 N1 S1,15.0,19.0,15.0,1.0,,1.0,,,,
781,1676,484.05851155075703,484.0580176603011,484.05802169716907,7971557.236376818,213.99335605343893,431473.1607863966,41.74773813737657,-1,-0.008339636507002387,0.999987380407493,0.0,0.5999924282444958,7.0,1.1333333333333333,1.2666666666666666,N1 O17,de-protonated,,0.0,,C15 H19 O17 N1,15.0,19.0,17.0,1.0,,,,,,
782,1677,484.06227304551123,484.0617791512631,484.06188225783904,2693279.4297868805,124.96028076008163,467655.9700652768,13.880820258260247,-1,-0.2130028818625281,0.9918014249365448,0.0,0.5950808549619269,6.0,0.6,1.6,N3 S2 P1 O9,de-protonated,,0.0,,C15 H24 O9 N3 P1 S2,15.0,24.0,9.0,3.0,1.0,2.0,,,,
783,1680,485.0557816812307,485.0552867853585,485.0552807552691,5437442.842502912,104.28202883139856,431973.6110963099,27.943243966998303,-1,0.012431756968226543,0.9999719577561398,0.0,0.5999831746536839,19.0,0.07692307692307693,0.7307692307692307,N2 S2 P1 O2,de-protonated,,0.0,,C26 H19 O2 N2 P1 S2,26.0,19.0,2.0,2.0,1.0,2.0,,,,
784,1681,485.2831363016897,485.2826411766084,485.2826204102691,2059432.2096546309,162.6879216893066,467577.59443353314,10.598140495819008,-1,0.04279225848848883,0.9996677904626206,0.0,0.5998006742775723,9.0,0.13793103448275862,1.4827586206896552,P1 O4,de-protonated,,0.0,,C29 H43 O4 P1,29.0,43.0,4.0,,1.0,,,,,
785,1695,491.0907272709585,491.0902262912684,491.0901281794891,10657134.263731772,122.55340561013554,453800.3104590464,54.75475628609142,-1,0.19978365199464965,0.49639195420097565,0.7805128205128199,0.6100403007257134,17.0,0.3076923076923077,0.8076923076923077,P1 O8,de-protonated,,0.0,,C26 H21 O8 P1,26.0,21.0,8.0,,1.0,,,,,
786,1697,492.0901847171273,492.0896827299562,492.0895966081791,2931842.49302884,94.9705661066985,428149.059399206,15.33233189505026,-1,0.17501239151977532,0.9944577621878764,0.0,0.5966746573127258,13.0,0.6,0.95,N3 O12,de-protonated,,0.0,,C20 H19 O12 N3,20.0,19.0,12.0,3.0,,,,,,
787,1701,494.3492141748663,494.3487099106042,494.3487118487991,6575907.003055046,182.63197783881313,445662.1560876108,33.82298466797543,-1,-0.003920703823297082,0.9955964149232899,0.9800796000891434,0.9893896889896313,5.0,0.21428571428571427,1.75,N1 O6,de-protonated,,0.0,,C28 H49 O6 N1,28.0,49.0,6.0,1.0,,,,,,
788,1702,494.3855637850887,494.38505948418725,494.3850973581491,1830815.1279507275,185.98948781386568,386431.0680075633,9.444037408362217,-1,-0.07660821907144437,0.9989356772543009,0.0,0.5993614063525805,4.0,0.1724137931034483,1.8275862068965518,N1 O5,de-protonated,,0.0,,C29 H53 O5 N1,29.0,53.0,5.0,1.0,,,,,,
789,1704,495.1728821774645,495.1723770829743,495.1724185103691,2086898.397281427,200.68776908062236,462101.6923173244,11.048859204432407,-1,-0.08366256522783747,0.9987307697163432,0.0,0.5992384618298059,9.0,0.2608695652173913,1.434782608695652,N2 S1 P1 O6,de-protonated,,0.0,,C23 H33 O6 N2 P1 S1,23.0,33.0,6.0,2.0,1.0,1.0,,,,
790,1705,495.35268131642215,495.35217604070266,495.3520666838691,1774725.4432770016,249.0537846523714,415833.59293086064,9.39271469409675,-1,0.2207658772473168,0.9911956190571024,0.9800796000891434,0.9867492114699188,5.0,0.21428571428571427,1.75,13C1 N1 O6,de-protonated,,1.0,1701.0,C27 H49 O6 N1 13C1,27.0,49.0,6.0,1.0,,,1.0,,,
791,1706,496.1135294230963,496.11302338048375,496.1130346511291,3063735.9586070543,58.44936302839505,460570.1606637107,16.229821411179714,-1,-0.022717898083737698,0.999906358192669,0.0,0.5999438149156014,6.0,0.7222222222222222,1.5,N1 S1 O13,de-protonated,,0.0,,C18 H27 O13 N1 S1,18.0,27.0,13.0,1.0,,1.0,,,,
792,1707,496.117128513529,496.11662246728883,496.11667728060905,1605556.859882965,58.96709143722656,462709.7714211706,8.420873040633989,-1,-0.110484736209995,0.9977875293453407,0.0,0.5986725176072044,15.0,0.32,0.96,N1 P1 O8,de-protonated,,0.0,,C25 H24 O8 N1 P1,25.0,24.0,8.0,1.0,1.0,,,,,
793,1713,497.32775750465584,497.32725023819216,497.3272481281091,3705902.337340569,221.18008615169953,451714.3206078047,19.6539676296091,-1,0.0042428462979764514,0.999996733612406,0.0,0.5999980401674436,9.0,0.16129032258064516,1.4838709677419355,O5,de-protonated,,0.0,,C31 H46 O5,31.0,46.0,5.0,,,,,,,
794,1714,498.0564739287456,498.0559659278044,498.0560520813191,2499672.0158908255,97.44880633794821,453968.68630787794,13.304426698048076,-1,-0.17297955589728528,0.9945854176788183,0.0,0.596751250607291,34.0,0.05405405405405406,0.24324324324324326,N1 O2,de-protonated,,0.0,,C37 H9 O2 N1,37.0,9.0,2.0,1.0,,,,,,
795,1714,498.0564739287456,498.0559659278044,498.0559136968891,2499672.0158908255,97.44880633794821,453968.68630787794,13.304426698048076,-1,0.10486958160854591,0.9980064843359002,0.0,0.5988038906015402,7.0,0.9375,1.3125,N1 S1 O15,de-protonated,,0.0,,C16 H21 O15 N1 S1,16.0,21.0,15.0,1.0,,1.0,,,,
796,1715,498.09280240651316,498.0922943689565,498.09229920623915,11010464.55201838,147.79275997386574,438893.18324893556,58.09204868037925,-1,-0.00971161898919384,0.4999914433574934,0.8446892076502734,0.6378705490746055,6.0,0.8235294117647058,1.4705882352941178,N1 S1 O14,de-protonated,,0.0,,C17 H25 O14 N1 S1,17.0,25.0,14.0,1.0,,1.0,,,,
797,1716,498.0965642961028,498.0960562547546,498.0959418357191,4095155.989874987,166.4107406808817,472742.6383739551,21.24497177183859,-1,0.22971284428565528,0.9904710087152839,0.0,0.5942826052291703,15.0,0.375,0.9166666666666666,N1 P1 O9,de-protonated,,0.0,,C24 H22 O9 N1 P1,24.0,22.0,9.0,1.0,1.0,,,,,
798,1717,498.1105588048714,498.1100507494181,498.1100572709791,2065857.3869590845,184.63675549293973,393723.218983586,10.627749754049086,-1,-0.013092610521277333,0.9999688971939901,0.0,0.599981338316394,6.0,0.9411764705882353,1.4705882352941178,N1 O16,de-protonated,,0.0,,C17 H25 O16 N1,17.0,25.0,16.0,1.0,,,,,,
799,1718,498.2712874177894,498.27077920033844,498.2708554496691,2437171.3416985036,152.88217693705468,436188.41702080873,12.532612033517394,-1,-0.15302787598598402,0.9957599343633596,0.0,0.5974559606180158,6.0,0.36,1.64,N1 O9,de-protonated,,0.0,,C25 H41 O9 N1,25.0,41.0,9.0,1.0,,,,,,
800,1723,499.30698799867804,499.30647873736115,499.30651268321907,2141223.2100395584,135.5936193768286,455372.3727829777,11.108735704408787,-1,-0.06798601071617116,0.9991616780412048,0.0,0.5994970068247228,9.0,0.2,1.4666666666666666,O6,de-protonated,,0.0,,C30 H44 O6,30.0,44.0,6.0,,,,,,,
801,1724,500.0898164731265,500.0893064228236,500.08932182608913,4418270.666047022,305.3154401062891,375096.29102877463,23.26892906774343,-1,-0.030801028663651687,0.9998278738358142,0.0,0.5998967243014884,6.0,1.0625,1.4375,N1 O17,de-protonated,,0.0,,C16 H23 O17 N1,16.0,23.0,17.0,1.0,,,,,,
802,1726,500.25401977707844,500.2535095612822,500.2534913080991,1565204.9801470903,178.4566890720495,375703.3985469827,8.183340991277147,-1,0.03648786748571112,0.9997584548419837,0.0,0.5998550729051901,1.0,0.47619047619047616,2.0476190476190474,N1 S1 O10,de-protonated,,0.0,,C21 H43 O10 N1 S1,21.0,43.0,10.0,1.0,,1.0,,,,
803,1731,501.0870679853813,501.08655693000054,501.08658088418906,2843368.7305533364,188.1658641987953,431991.3760232747,14.832264422720064,-1,-0.047804490151141264,0.9995854268507345,0.0,0.5997512561104407,18.0,0.07407407407407407,0.8518518518518519,N2 S2 P1 O2,de-protonated,,0.0,,C27 H23 O2 N2 P1 S2,27.0,23.0,2.0,2.0,1.0,2.0,,,,
804,1733,502.33092052459875,502.33040821563173,502.3302988794491,2093560.8337131448,119.34258958137546,359165.30329295184,10.933054105576995,-1,0.21765794908604458,0.9914407126794167,0.0,0.59486442760765,3.0,0.23076923076923078,1.9230769230769231,N1 P1 O6,de-protonated,,0.0,,C26 H50 O6 N1 P1,26.0,50.0,6.0,1.0,1.0,,,,,
805,1737,506.05152645196677,506.0510103934629,506.0511030985491,3154607.141755683,116.15379661392305,472553.26931313257,16.681198103309338,-1,-0.18319313138487378,0.9939291349026707,0.0,0.5963574809416023,14.0,0.55,0.85,N3 S1 O11,de-protonated,,0.0,,C20 H17 O11 N3 S1,20.0,17.0,11.0,3.0,,1.0,,,,
806,1740,506.2715582165513,506.27104193631345,506.2710699249291,7652245.028275941,160.01171889145604,450955.8814429664,39.39478908335976,-1,-0.0552838535186063,0.99969289885337,0.9981266323828957,0.9990663922651802,3.0,0.25,1.9166666666666667,N1 S1 P1 O6,de-protonated,,0.0,,C24 H46 O6 N1 P1 S1,24.0,46.0,6.0,1.0,1.0,1.0,,,,
807,1741,507.0489067491302,507.04838968553764,507.04838596354904,2406654.071891278,194.37529504644084,474295.0634849062,12.387197676431901,-1,0.00734049985830814,0.9999902230594491,0.0,0.5999941338356695,4.0,1.0,1.6,S2 O15,de-protonated,,0.0,,C15 H24 O15 S2,15.0,24.0,15.0,,,2.0,,,,
808,1743,507.2749328426281,507.2744155512654,507.27442475999914,1963660.2863834582,92.76096080715854,446791.0658461946,10.28954622670998,-1,-0.01815335699940847,0.9999402063946279,0.9981266323828957,0.999214776789935,3.0,0.25,1.9166666666666667,13C1 N1 S1 P1 O6,de-protonated,,1.0,1740.0,C23 H46 O6 N1 P1 S1 13C1,23.0,46.0,6.0,1.0,1.0,1.0,1.0,,,
809,1745,509.1884706378295,509.1879514182042,509.1880685748291,1747676.078157499,144.67577934116355,402162.7938326885,8.992002732716369,-1,-0.23008517315021693,0.9904402418924012,0.0,0.5942641451354407,9.0,0.25,1.4583333333333333,N2 S1 P1 O6,de-protonated,,0.0,,C24 H35 O6 N2 P1 S1,24.0,35.0,6.0,2.0,1.0,1.0,,,,
810,1747,511.07680462873367,511.07628350631535,511.0763147891491,1639055.7140379073,110.26443712635538,485224.4845568909,8.472195754899456,-1,-0.06120971139964628,0.9993204101575056,0.0,0.5995922460945033,7.0,0.8333333333333334,1.3333333333333333,S1 O15,de-protonated,,0.0,,C18 H24 O15 S1,18.0,24.0,15.0,,,1.0,,,,
811,1749,513.3226419709849,513.3221185856257,513.322162747679,2423255.9848037013,212.28416929878102,422180.721588843,12.573407011523278,-1,-0.08603184611672358,0.9986579128465837,0.0,0.5991947477079502,9.0,0.1935483870967742,1.4838709677419355,O6,de-protonated,,0.0,,C31 H46 O6,31.0,46.0,6.0,,,,,,,
812,1760,517.3177231304833,517.317195719867,517.317077367249,2216678.9298395896,182.56453775340162,397469.4008481162,11.434437544939636,-1,0.22878157930248835,0.9905477483541616,0.0,0.5943286490124969,8.0,0.23333333333333334,1.5333333333333334,O7,de-protonated,,0.0,,C30 H46 O7,30.0,46.0,7.0,,,,,,,
813,1762,518.31286600199,518.3123375887639,518.312326339449,2008420.0997846143,235.23066322702817,425973.72714012506,10.392849638757138,-1,0.021703737871214254,0.9999145318429177,0.0,0.5999487191057505,8.0,0.2413793103448276,1.5517241379310345,N1 O7,de-protonated,,0.0,,C29 H45 O7 N1,29.0,45.0,7.0,1.0,,,,,,
814,1763,519.1040760910681,519.1035468807092,519.1036702436691,2224917.966537863,263.8686626195281,410853.8535499126,11.589063671252262,-1,-0.23764609438024173,0.9898048906420703,0.0,0.5938829343852422,17.0,0.21428571428571427,0.8928571428571429,S1 P1 O6,de-protonated,,0.0,,C28 H25 O6 P1 S1,28.0,25.0,6.0,,1.0,1.0,,,,
815,1769,521.2760402491217,521.2755088506049,521.2756064774691,1777168.186761007,90.9952368365239,433654.0884601498,9.148602809577667,-1,-0.18728454389639282,0.9936558064521989,0.0,0.5961934838713193,8.0,0.32142857142857145,1.5,O9,de-protonated,,0.0,,C28 H42 O9,28.0,42.0,9.0,,,,,,,
816,1770,522.3805907864715,522.380058275205,522.380011977719,3001928.574191575,254.0112489557484,381531.27780125267,15.420501686224267,-1,0.08862798130837479,0.9985757504609489,0.0,0.5991454502765693,5.0,0.2,1.7666666666666666,N1 O6,de-protonated,,0.0,,C30 H53 O6 N1,30.0,53.0,6.0,1.0,,,,,,
817,1771,522.4169993307819,522.416466782837,522.416397487069,2010320.695993738,166.2716001959374,400228.01850594516,10.50668078706388,-1,0.1326447031350521,0.9968125704840239,0.0,0.5980875422904144,4.0,0.16129032258064516,1.8387096774193548,N1 O5,de-protonated,,0.0,,C31 H57 O5 N1,31.0,57.0,5.0,1.0,,,,,,
818,1776,524.3597296662172,524.3591951611813,524.359276532829,2647156.3899755296,94.31552722933543,444799.5229335498,13.628154588030254,-1,-0.15518300386846914,0.995639928265081,0.0,0.5973839569590486,5.0,0.2413793103448276,1.7586206896551724,N1 O7,de-protonated,,0.0,,C29 H51 O7 N1,29.0,51.0,7.0,1.0,,,,,,
819,1777,525.3186954623416,525.3181599912792,525.3181399956791,3070446.0021096333,226.45599063743418,427188.7767875574,16.12717598264878,-1,0.03806379150615789,0.9997371422204889,0.0,0.5998422853322933,6.0,0.2962962962962963,1.7037037037037037,N2 O8,de-protonated,,0.0,,C27 H46 O8 N2,27.0,46.0,8.0,2.0,,,,,,
820,1780,527.2930800808863,527.29254262096,527.2925336456191,6516654.928323687,120.57771071138819,423858.553126233,33.799297261391374,-1,0.017021558979909562,0.4999737148121697,0.8007932653391598,0.6203015350229657,1.0,0.30434782608695654,2.130434782608696,N2 S1 P1 O7,de-protonated,,0.0,,C23 H49 O7 N2 P1 S1,23.0,49.0,7.0,2.0,1.0,1.0,,,,
821,1781,528.025892241478,528.0253540433854,528.025360350829,2360722.2533205254,106.73721483638528,417746.3312324411,12.204278258921647,-1,-0.011945342240705564,0.9999741092041579,0.0,0.5999844655224947,30.0,0.058823529411764705,0.35294117647058826,N1 S1 P1 O2,de-protonated,,0.0,,C34 H12 O2 N1 P1 S1,34.0,12.0,2.0,1.0,1.0,1.0,,,,
822,1784,529.2901758149951,529.2896363434066,529.2895562654691,1604634.7058094535,179.2110652127756,430121.2871668897,8.359680573625162,-1,0.15129325080066783,0.9958553164955449,0.0,0.5975131898973269,1.0,0.45454545454545453,2.1363636363636362,N2 P1 O10,de-protonated,,0.0,,C22 H47 O10 N2 P1,22.0,47.0,10.0,2.0,1.0,,,,,
823,1785,529.3175481648007,529.3170086656407,529.317077367249,2098803.7291048244,106.29855243207132,441769.5525937473,11.029777682461914,-1,-0.12979291844932153,0.9969479458515705,0.0,0.5981687675109423,9.0,0.22580645161290322,1.4838709677419355,O7,de-protonated,,0.0,,C31 H46 O7,31.0,46.0,7.0,,,,,,,
824,1786,530.3258701588231,530.3253296440175,530.325213499019,3817198.5200252566,152.0672912611329,404981.56402784586,19.898737497644404,-1,0.21900712158949692,0.9913347352698133,0.0,0.5948008411618879,4.0,0.25925925925925924,1.8518518518518519,N1 P1 O7,de-protonated,,0.0,,C27 H50 O7 N1 P1,27.0,50.0,7.0,1.0,1.0,,,,,
825,1787,531.2970137905266,531.296472297543,531.296341922359,1740504.2807053027,120.02029230066827,345466.4380310673,8.966341375583635,-1,0.24539070511888061,0.9891332517333004,0.0,0.5934799510399802,9.0,0.26666666666666666,1.4666666666666666,O8,de-protonated,,0.0,,C30 H44 O8,30.0,44.0,8.0,,,,,,,
826,1788,533.2432679508213,533.2427244975427,533.2425922714391,1927718.4408780674,97.8929154254976,470551.3914039259,9.898046034556735,-1,0.24796613303270618,0.9889052337404665,0.0,0.5933431402442798,5.0,0.4,1.68,S1 O10,de-protonated,,0.0,,C25 H42 O10 S1,25.0,42.0,10.0,,,1.0,,,,
827,1789,533.304375474801,533.3038319599752,533.303749778329,1912587.0033058114,203.5926668655562,429906.79013379395,9.91383763894611,-1,0.15409913444077078,0.9957004903959088,0.0,0.5974202942375453,8.0,0.2,1.5666666666666667,P1 O6,de-protonated,,0.0,,C30 H47 O6 P1,30.0,47.0,6.0,,1.0,,,,,
828,1790,533.3125869896554,533.3120434665591,533.3119919868191,5378846.62452667,104.675520199641,435318.139238916,27.83270273627268,-1,0.0965283751281446,0.4991553695247051,0.7550179348240892,0.6015003956444587,8.0,0.26666666666666666,1.5333333333333334,O8,de-protonated,,0.0,,C30 H46 O8,30.0,46.0,8.0,,,,,,,
829,1793,534.3029041823938,534.3023596618663,534.3023700538491,51979133.51784089,173.67761246116726,422594.55107617634,267.3202791033327,-1,-0.019449628995373013,0.4999061151289308,0.930976585763291,0.672334303382675,3.0,0.23076923076923078,1.9230769230769231,N1 S1 P1 O6,de-protonated,,0.0,,C26 H50 O6 N1 P1 S1,26.0,50.0,6.0,1.0,1.0,1.0,,,,
830,1794,535.3062484029786,535.3057028719194,535.305724888919,12818378.850147404,207.27815144725713,409719.7092323545,67.76703830293607,-1,-0.04112976683661552,0.49984654901652875,0.930976585763291,0.6722985637152337,3.0,0.23076923076923078,1.9230769230769231,13C1 N1 S1 P1 O6,de-protonated,,1.0,1793.0,C25 H50 O6 N1 P1 S1 13C1,25.0,50.0,6.0,1.0,1.0,1.0,1.0,,,
831,1795,535.5578155058163,535.557269721391,535.5571884966689,1893316.1507692074,281.0998982804153,356238.8689573009,9.794742622509578,-1,0.15166395636385666,0.995835023038267,0.0,0.5975010138229602,1.0,0.02857142857142857,2.057142857142857,N2 O1,de-protonated,,0.0,,C35 H72 O1 N2,35.0,72.0,1.0,2.0,,,,,,
832,1798,536.3185950463111,536.3180484956736,536.318020118309,2920146.241862126,343.8598373038442,359113.1262393932,15.232976384100445,-1,0.052911450763576305,0.9994921413384249,0.0,0.5996952848030549,2.0,0.23076923076923078,2.0,N1 S1 P1 O6,de-protonated,,0.0,,C26 H52 O6 N1 P1 S1,26.0,52.0,6.0,1.0,1.0,1.0,,,,
833,1800,537.298424250282,537.2978767128354,537.297880007489,2272837.173308102,212.47597454660834,390450.37822257966,11.82067386896309,-1,-0.006131893798625617,0.9999931775306113,0.0,0.5999959065183668,11.0,0.03125,1.4375,N2 S2 O1,de-protonated,,0.0,,C32 H46 O1 N2 S2,32.0,46.0,1.0,2.0,,2.0,,,,
834,1807,541.0733968800987,541.072845540968,541.072764037919,18492056.732879423,251.1019053566316,406950.2008702789,97.38156040114318,-1,0.15063232611730276,0.4979456875873165,0.7805128205128199,0.6109725407575178,16.0,0.34615384615384615,0.8846153846153846,S1 P1 O9,de-protonated,,0.0,,C26 H23 O9 P1 S1,26.0,23.0,9.0,,1.0,1.0,,,,
835,1808,542.028244633817,542.0276923331272,542.027604748769,1886055.4249349793,178.2916641056754,400221.0440427101,9.873042660940225,-1,0.1615865270157158,0.9952735424949711,0.0,0.5971641254969826,13.0,0.631578947368421,0.9473684210526315,N3 S1 P1 O12,de-protonated,,0.0,,C19 H18 O12 N3 P1 S1,19.0,18.0,12.0,3.0,1.0,1.0,,,,
836,1809,542.0414251332736,542.0408728193108,542.0408720308591,2076779.6404648826,265.4025442894122,356429.80399253115,10.708023743028406,-1,0.0014545983483910552,0.9999996160807176,0.0,0.5999997696484306,3.0,1.0714285714285714,1.8571428571428572,N1 S2 P1 O15,de-protonated,,0.0,,C14 H26 O15 N1 P1 S2,14.0,26.0,15.0,1.0,1.0,2.0,,,,
837,1813,543.0255737339037,543.0250204288944,543.025025998199,1791397.102679548,381.0656463770505,353344.7892189191,9.329548276539251,-1,-0.010256073469498552,0.999980914131366,0.0,0.5999885484788195,30.0,0.08571428571428572,0.37142857142857144,S1 P1 O3,de-protonated,,0.0,,C35 H13 O3 P1 S1,35.0,13.0,3.0,,1.0,1.0,,,,
838,1813,543.0255737339037,543.0250204288944,543.024887613769,1791397.102679548,381.0656463770505,353344.7892189191,9.329548276539251,-1,0.2445838643036349,0.9892042071583702,0.0,0.5935225242950221,3.0,1.1428571428571428,1.7857142857142858,S2 P1 O16,de-protonated,,0.0,,C14 H25 O16 P1 S2,14.0,25.0,16.0,,1.0,2.0,,,,
839,1814,543.0702734793064,543.0697201292845,543.069653716039,3373932.261085869,154.57161404533366,354814.84989933757,17.351025322825308,-1,0.12229231555959474,0.9972900390131898,0.0,0.5983740234079139,29.0,0.1111111111111111,0.4444444444444444,S1 O4,de-protonated,,0.0,,C36 H16 O4 S1,36.0,16.0,4.0,,,1.0,,,,
840,1814,543.0702734793064,543.0697201292845,543.069786657769,3373932.261085869,154.57161404533366,354814.84989933757,17.351025322825308,-1,-0.12250448487778526,0.9972806404475029,0.0,0.5983683842685017,16.0,0.48,0.84,P1 O12,de-protonated,,0.0,,C25 H21 O12 P1,25.0,21.0,12.0,,1.0,,,,,
841,1816,543.511211777964,543.51065798392,543.510632226459,10720892.89371106,219.27682401488616,390025.4093443279,55.386420461666404,-1,0.047390905487315484,0.4997962838976755,0.7428850341668508,0.5970317840053456,0.0,0.125,2.125,N2 O4,de-protonated,,0.0,,C32 H68 O4 N2,32.0,68.0,4.0,2.0,,,,,,
842,1821,547.32809692314,547.3275392856787,547.327642051279,2380225.15614458,123.07380250673913,394719.8464052411,12.236519451216619,-1,-0.18775883481140593,0.9936237357032082,0.0,0.5961742414219249,8.0,0.25806451612903225,1.5483870967741935,O8,de-protonated,,0.0,,C31 H48 O8,31.0,48.0,8.0,,,,,,,
843,1823,549.307476772956,549.3069171424703,549.306906606389,2426162.7844029856,218.34245312826667,343306.1237000644,12.485895203865493,-1,0.0191806823290468,0.9999332475149878,0.0,0.5999599485089927,8.0,0.3,1.5333333333333334,O9,de-protonated,,0.0,,C30 H46 O9,30.0,46.0,9.0,,,,,,,
844,1826,550.2378522420402,550.2372916747927,550.237267872559,3681329.975052732,118.68163755481999,358077.54680725717,18.919658025503182,-1,0.04325812720599524,0.9996605189574317,0.0,0.599796311374459,13.0,0.03125,1.3125,N1 S2 P1 O1,de-protonated,,0.0,,C32 H42 O1 N1 P1 S2,32.0,42.0,1.0,1.0,1.0,2.0,,,,
845,1828,550.4118892695079,550.4113285270306,550.411312106639,4273681.450287528,141.5269105891881,404651.2959567716,22.141145320935596,-1,0.029832947182773146,0.9998385228483886,0.0,0.5999031137090332,5.0,0.1875,1.78125,N1 O6,de-protonated,,0.0,,C32 H57 O6 N1,32.0,57.0,6.0,1.0,,,,,,
846,1830,551.1483094531114,551.1477479691739,551.147643056899,1873957.6784753029,373.44566655140886,325146.76613525074,9.813824144480071,-1,0.19035239685740152,0.9934469474651036,0.0,0.5960681684790622,16.0,0.3103448275862069,1.0,P1 O9,de-protonated,,0.0,,C29 H29 O9 P1,29.0,29.0,9.0,,1.0,,,,,
847,1832,551.3230984805873,551.3225368206661,551.322556670849,1851554.2843282446,266.21069457683456,348086.1239223208,9.550630737990495,-1,-0.036004663222692926,0.9997648092385135,0.0,0.5998588855431081,7.0,0.3,1.6,O9,de-protonated,,0.0,,C30 H48 O9,30.0,48.0,9.0,,,,,,,
848,1834,552.536560523339,552.5359976416785,552.536118699149,1636038.6580198128,112.81189021314277,367055.4941912572,8.578131101011511,-1,-0.21909422109097862,0.9913278714969728,0.0,0.5947967228981836,1.0,0.08571428571428572,2.0285714285714285,N1 O3,de-protonated,,0.0,,C35 H71 O3 N1,35.0,71.0,3.0,1.0,,,,,,
849,1837,556.0570992494858,556.0565328234394,556.056660479749,1958497.2436278851,115.6654108593984,374495.0415659424,10.161239441046312,-1,-0.22957428380944433,0.9904824459687361,0.0,0.5942894675812417,30.0,0.05555555555555555,0.4444444444444444,N1 S1 P1 O2,de-protonated,,0.0,,C36 H16 O2 N1 P1 S1,36.0,16.0,2.0,1.0,1.0,1.0,,,,
850,1837,556.0570992494858,556.0565328234394,556.0565220953191,1958497.2436278851,115.6654108593984,374495.0415659424,10.161239441046312,-1,0.01929321905408926,0.9999324619444876,0.0,0.5999594771666925,3.0,1.0,1.8666666666666667,N1 S2 P1 O15,de-protonated,,0.0,,C15 H28 O15 N1 P1 S2,15.0,28.0,15.0,1.0,1.0,2.0,,,,
851,1838,556.0803211035385,556.0797546541138,556.079640322579,12615923.255872479,219.88638260289588,397046.321451724,66.6932092044586,-1,0.2056028066050884,0.49617952473783666,0.8149093904448103,0.6236714710206261,12.0,0.5238095238095238,1.1428571428571428,N3 S1 P1 O11,de-protonated,,0.0,,C21 H24 O11 N3 P1 S1,21.0,24.0,11.0,3.0,1.0,1.0,,,,
852,1839,556.0840892789508,556.0835228257325,556.083530132849,4719732.5898706205,215.59563360020826,401716.7326840972,24.948103001146926,-1,-0.013140321645874203,0.4999843350497073,0.7141928963326603,0.5856677595628885,29.0,0.02702702702702703,0.5135135135135135,N1 S2 O1,de-protonated,,0.0,,C37 H19 O1 N1 S2,37.0,19.0,1.0,1.0,,2.0,,,,
853,1842,557.0777388690296,557.0771714154764,557.077061572009,16647017.57939925,153.89972212916734,393892.4098292538,85.54838484537183,-1,0.19717822714688066,0.496485117887776,0.7141928963326603,0.5835682292657297,29.0,0.05405405405405406,0.5135135135135135,S1 P1 O2,de-protonated,,0.0,,C37 H19 O2 P1 S1,37.0,19.0,2.0,,1.0,1.0,,,,
854,1843,557.0797656868432,557.0791982312496,557.079292169299,1818323.09951743,133.6042402257846,411150.9350925964,9.355867617188208,-1,-0.16862599406912884,0.9948538434125114,0.0,0.5969123060475068,11.0,0.5217391304347826,1.1304347826086956,S2 O12,de-protonated,,0.0,,C23 H26 O12 S2,23.0,26.0,12.0,,,2.0,,,,
855,1845,558.0773541123266,558.0767856524527,558.076662942429,5821782.717895389,133.45689605403612,380960.69158486923,30.643608317581354,-1,0.21988022761553444,0.9912658099004753,0.0,0.5947594859402852,12.0,0.7,1.1,N3 P1 O14,de-protonated,,0.0,,C20 H22 O14 N3 P1,20.0,22.0,14.0,3.0,1.0,,,,,
856,1846,558.0810477813427,558.0804793177504,558.0805527526991,2476240.6018267027,65.1897904185225,424792.7030041131,12.886607165245874,-1,-0.13158485518849078,0.9968632232691552,0.0,0.5981179339614932,29.0,0.1111111111111111,0.4722222222222222,N1 S1 O4,de-protonated,,0.0,,C36 H17 O4 N1 S1,36.0,17.0,4.0,1.0,,1.0,,,,
857,1846,558.0810477813427,558.0804793177504,558.0804143682691,2476240.6018267027,65.1897904185225,424792.7030041131,12.886607165245874,-1,0.11638014809045164,0.997545414937783,0.0,0.5985272489626698,2.0,1.1333333333333333,1.9333333333333333,N1 S2 O17,de-protonated,,0.0,,C15 H29 O17 N1 S2,15.0,29.0,17.0,1.0,,2.0,,,,
858,1847,558.3570937584793,558.3565250169928,558.356513627939,2232526.608392691,74.81791206051824,395528.6431457933,11.523265319629868,-1,0.02039745854254178,0.9999245099777277,0.0,0.5999547059866366,4.0,0.2413793103448276,1.8620689655172413,N1 P1 O7,de-protonated,,0.0,,C29 H54 O7 N1 P1,29.0,54.0,7.0,1.0,1.0,,,,,
859,1849,559.0569078884762,559.0563384424969,559.056326127119,1738345.7898507046,229.4215796851428,356299.61922068713,8.948575820645589,-1,0.022028867877089606,0.9999119520873707,0.0,0.5999471712524224,29.0,0.08333333333333333,0.4722222222222222,S1 P1 O3,de-protonated,,0.0,,C36 H17 O3 P1 S1,36.0,17.0,3.0,,1.0,1.0,,,,
860,1850,559.0746244333109,559.0740549694967,559.074084191859,3241825.310629693,203.30210543567404,412437.6194241063,16.668038432984858,-1,-0.052269212815792374,0.9995043922313221,0.0,0.5997026353387933,29.0,0.1388888888888889,0.4722222222222222,P1 O5,de-protonated,,0.0,,C36 H17 O5 P1,36.0,17.0,5.0,,1.0,,,,,
861,1856,563.3231189367519,563.3225451962516,563.322556670849,5283266.383238408,146.85681624171053,383092.907553806,27.272100780449883,-1,-0.020369497659637158,0.4999623583959401,0.7489023467070405,0.5995383537203802,8.0,0.2903225806451613,1.5483870967741935,O9,de-protonated,,0.0,,C31 H48 O9,31.0,48.0,9.0,,,,,,,
862,1857,563.589123173339,563.5885491650812,563.588488625589,3113927.313845455,88.66943313144304,425172.5897338968,16.173234828784455,-1,0.10741790052888768,0.9979085254039834,0.0,0.59874511524239,1.0,0.02702702702702703,2.054054054054054,N2 O1,de-protonated,,0.0,,C37 H76 O1 N2,37.0,76.0,1.0,2.0,,,,,,
863,1867,570.1323687719979,570.1317881778165,570.1316758963891,2549264.7027327595,128.67440368354332,359424.93275401526,13.29192501123982,-1,0.19693946528185177,0.9929871902628225,0.0,0.5957923141576934,11.0,0.43478260869565216,1.3043478260869565,N3 S1 P1 O10,de-protonated,,0.0,,C23 H30 O10 N3 P1 S1,23.0,30.0,10.0,3.0,1.0,1.0,,,,
864,1872,571.1297725079155,571.1291909099001,571.129097145819,3129995.248331411,158.3088595367224,398084.4918166727,16.09559277387003,-1,0.1641731819053043,0.995121383039643,0.0,0.5970728298237858,28.0,0.02564102564102564,0.6410256410256411,S1 P1 O1,de-protonated,,0.0,,C39 H25 O1 P1 S1,39.0,25.0,1.0,,1.0,1.0,,,,
865,1876,571.5425648627312,571.5419828492679,571.541932355379,7878852.788509607,123.77260110112982,397675.99875407,41.45032958804335,-1,0.08834677923396622,0.49929238377810664,0.7311359101322888,0.5920297943197794,0.0,0.11764705882352941,2.1176470588235294,N2 O4,de-protonated,,0.0,,C34 H72 O4 N2,34.0,72.0,4.0,2.0,,,,,,
866,1878,572.1153953870195,572.1148127970464,572.1148302617689,3475280.3735398864,156.52741495788894,375984.4185404624,17.947158388524198,-1,-0.030526603416619846,0.9998309270691242,0.0,0.5998985562414745,28.0,0.02631578947368421,0.6052631578947368,N1 S2 O1,de-protonated,,0.0,,C38 H23 O1 N1 S2,38.0,23.0,1.0,1.0,,2.0,,,,
867,1879,572.1697166892881,572.169134044645,572.169106777589,1651088.9125404316,123.02896834062972,370882.8622115181,8.521544518616253,-1,0.047655589361591734,0.9995880049111852,0.0,0.5997528029467111,14.0,0.35714285714285715,1.1428571428571428,N1 P1 O10,de-protonated,,0.0,,C28 H32 O10 N1 P1,28.0,32.0,10.0,1.0,1.0,,,,,
868,1880,572.5377760963945,572.5371930813319,572.5371813275791,33119636.492517453,231.64955910175576,353229.90803973447,170.38088362509203,-1,0.020529239295891337,0.3333078438118718,0.7048783761064149,0.48193605672968903,0.0,0.12121212121212122,2.1515151515151514,N3 O4,de-protonated,,0.0,,C33 H71 O4 N3,33.0,71.0,4.0,3.0,,,,,,
869,1883,573.109068131646,573.1084845416332,573.108361700929,13243407.817241682,109.22494795676191,379087.16070465656,68.19867548957897,-1,0.21434114803171025,0.4958492552662682,0.7087183895694551,0.580996908987543,28.0,0.05263157894736842,0.6052631578947368,S1 P1 O2,de-protonated,,0.0,,C38 H23 O2 P1 S1,38.0,23.0,2.0,,1.0,1.0,,,,
870,1885,574.1085983859165,574.108013789989,574.107963071349,4466783.772426832,110.51788469593322,356376.2907981206,23.270245034775876,-1,0.08834338350439452,0.9985848762699081,0.0,0.5991509257619448,11.0,0.6666666666666666,1.2380952380952381,N3 P1 O14,de-protonated,,0.0,,C21 H26 O14 N3 P1,21.0,26.0,14.0,3.0,1.0,,,,,
871,1887,575.0882005393302,575.0876149575627,575.087626256039,1609229.86503414,88.9113243972697,417459.4734105405,8.410345304374406,-1,-0.019646530086894102,0.9999299657736651,0.0,0.599957979464199,28.0,0.08108108108108109,0.5675675675675675,S1 P1 O3,de-protonated,,0.0,,C37 H21 O3 P1 S1,37.0,21.0,3.0,,1.0,1.0,,,,
872,1887,575.0882005393302,575.0876149575627,575.087487871609,1609229.86503414,88.9113243972697,417459.4734105405,8.410345304374406,-1,0.2209854262462572,0.9911781761574773,0.0,0.5947069056944864,1.0,1.0,2.0625,S2 P1 O16,de-protonated,,0.0,,C16 H33 O16 P1 S2,16.0,33.0,16.0,,1.0,2.0,,,,
873,1888,575.1060760966492,575.1054904968925,575.1053843207791,2526176.476949201,83.97751394369143,328289.24819650006,12.997806379487718,-1,0.18462027355617663,0.9938344712278511,0.0,0.5963006827367107,28.0,0.13513513513513514,0.5675675675675675,P1 O5,de-protonated,,0.0,,C37 H21 O5 P1,37.0,21.0,5.0,,1.0,,,,,
874,1889,576.1431159194391,576.1425292760603,576.1426207029391,3253617.2416405496,152.09271867767418,422114.22162100323,17.339181619533278,-1,-0.15868792822110822,0.9954412078274161,0.0,0.5972647246964496,4.0,0.7,1.75,N1 S2 O14,de-protonated,,0.0,,C20 H35 O14 N1 S2,20.0,35.0,14.0,1.0,,2.0,,,,
875,1891,577.2899058544743,577.2893180570518,577.289423323739,2100476.1344735427,82.49258648087292,415272.8798474099,10.823170858367595,-1,-0.1823464677773767,0.9939849519382676,0.0,0.5963909711629606,18.0,0.05405405405405406,1.135135135135135,N2 S1 O2,de-protonated,,0.0,,C37 H42 O2 N2 S1,37.0,42.0,2.0,2.0,,1.0,,,,
876,1892,578.2691999902935,578.2686112074032,578.2685680014789,23229570.074536555,131.7183092739631,389653.63628166233,121.41638228177128,-1,0.07471601719686627,0.6657959800741131,0.9261823715211607,0.7699505366529322,13.0,0.029411764705882353,1.3529411764705883,N1 S2 P1 O1,de-protonated,,0.0,,C34 H46 O1 N1 P1 S2,34.0,46.0,1.0,1.0,1.0,2.0,,,,
877,1893,578.283601620804,578.2830128234214,578.282954762899,2549569.3786056656,298.81609920444714,372248.6671361458,13.159012340962583,-1,0.10040158010479931,0.9981725824033042,0.0,0.5989035494419825,18.0,0.08108108108108109,1.135135135135135,N1 P1 O3,de-protonated,,0.0,,C37 H42 O3 N1 P1,37.0,42.0,3.0,1.0,1.0,,,,,
878,1895,579.2725670405574,579.2719772479948,579.2719228365489,7333368.99768112,120.69923412670053,364537.78525807575,38.81576358908269,-1,0.0939307494212709,0.665600241083526,0.9261823715211607,0.76983309325858,13.0,0.029411764705882353,1.3529411764705883,13C1 N1 S2 P1 O1,de-protonated,,1.0,1892.0,C33 H46 O1 N1 P1 S2 13C1,33.0,46.0,1.0,1.0,1.0,2.0,1.0,,,
879,1895,579.2725670405574,579.2719772479948,579.272059182169,7333368.99768112,120.69923412670053,364537.78525807575,38.81576358908269,-1,-0.14144333893837574,0.49818823942851703,0.7369636471990488,0.5936984025367298,13.0,0.09090909090909091,1.3333333333333333,N2 S2 O3,de-protonated,,0.0,,C33 H44 O3 N2 S2,33.0,44.0,3.0,2.0,,2.0,,,,
880,1896,579.3180577330576,579.3174678947188,579.317471290419,1825474.2945176137,148.72490068319277,413084.54850141576,9.468382798462502,-1,-0.005861553270998592,0.9999937658405333,0.0,0.59999625950432,8.0,0.3225806451612903,1.5483870967741935,O10,de-protonated,,0.0,,C31 H48 O10,31.0,48.0,10.0,,,,,,,
881,1897,580.2849154166861,580.2843246054335,580.284218065939,2170101.5478348266,284.14358336610235,349536.4033233462,11.450887132845235,-1,0.18359881464719577,0.9939022993670836,0.0,0.5963413796202501,12.0,0.029411764705882353,1.411764705882353,N1 S2 P1 O1,de-protonated,,0.0,,C34 H48 O1 N1 P1 S2,34.0,48.0,1.0,1.0,1.0,2.0,,,,
882,1898,581.5632556818058,581.5626635842347,581.562667800269,5104011.354258959,171.2190372269494,392033.50870834937,27.094445231069418,-1,-0.007249492696501836,0.9971232585184775,0.9607271777495291,0.9825648262108981,1.0,0.08333333333333333,2.0555555555555554,N2 O3,de-protonated,,0.0,,C36 H74 O3 N2,36.0,74.0,3.0,2.0,,,,,,
883,1899,582.2570943877017,582.2565015919752,582.256468688249,1673395.070185016,122.27159842152751,440452.97460382496,8.708411837223851,-1,0.056510709490205716,0.9994207186743713,0.0,0.5996524312046227,8.0,0.2413793103448276,1.5517241379310345,N1 S2 O7,de-protonated,,0.0,,C29 H45 O7 N1 S2,29.0,45.0,7.0,1.0,,2.0,,,,
884,1900,582.5667195429086,582.5661264356336,582.566022635339,2396595.190135701,148.4066751925487,382690.3989786499,12.68921211037869,-1,0.17817773533470727,0.9942560530533894,0.9607271777495291,0.9808445029318452,1.0,0.08333333333333333,2.0555555555555554,13C1 N2 O3,de-protonated,,1.0,1898.0,C35 H74 O3 N2 13C1,35.0,74.0,3.0,2.0,,,1.0,,,
885,1902,584.0882710087113,584.0876763704617,584.087822224239,1647112.08831592,232.13251106485146,434146.9019132866,8.46956382083456,-1,-0.2497120666835756,0.988749332123032,0.0,0.5932495992738192,3.0,0.8823529411764706,1.8823529411764706,N1 S2 P1 O15,de-protonated,,0.0,,C17 H32 O15 N1 P1 S2,17.0,32.0,15.0,1.0,1.0,2.0,,,,
886,1906,586.317350996325,586.3167541152741,586.3167602711991,155135439.76042333,282.8818000296492,367032.70561051904,805.4560457481797,-1,-0.01049931611068259,0.14285428544117104,0.697958584498487,0.3648960050640974,6.0,0.2857142857142857,1.75,N3 S1 O8,de-protonated,,0.0,,C28 H49 O8 N3 S1,28.0,49.0,8.0,3.0,,1.0,,,,
887,1908,586.3884555871326,586.387858634541,586.387813756859,2979653.4987514745,219.40132863626621,324251.3939540278,15.407999999416012,-1,0.07653242596639748,0.9989377810907805,0.0,0.5993626686544683,4.0,0.22580645161290322,1.8709677419354838,N1 P1 O7,de-protonated,,0.0,,C31 H58 O7 N1 P1,31.0,58.0,7.0,1.0,1.0,,,,,
888,1909,587.3595361403585,587.3589382107413,587.358942180199,43699027.65428978,315.29681902404513,379469.334456051,225.6725544604222,-1,-0.006758146524234872,0.9996181672419867,0.9948866471409105,0.9977255592015561,9.0,0.23529411764705882,1.5294117647058822,O8,de-protonated,,0.0,,C34 H52 O8,34.0,52.0,8.0,,,,,,,
889,1910,588.3237649265169,588.3231660267863,588.323165805569,25664344.853996024,345.0680371228324,367386.0465255591,132.3968112005164,-1,0.00037601325030950714,0.333333324781901,0.6696871342203821,0.46787484855729344,19.0,0.07894736842105263,1.131578947368421,N3 O3,de-protonated,,0.0,,C38 H43 O3 N3,38.0,43.0,3.0,3.0,,,,,,
890,1911,588.3628926973183,588.3622937582215,588.3622970152691,16271413.689450094,304.04486018073544,378916.73312352266,83.75340581311292,-1,-0.005535785587643635,0.999619076149806,0.9948866471409105,0.9977261045462478,9.0,0.23529411764705882,1.5294117647058822,13C1 O8,de-protonated,,1.0,1909.0,C33 H52 O8 13C1,33.0,52.0,8.0,,,,1.0,,,
891,1912,589.3662052416336,589.3656052931217,589.3656518503391,3128489.7081127022,177.4708326994119,350395.4606796198,16.35286432871359,-1,-0.0789954712186411,0.9992437127650047,0.9948866471409105,0.997500886515367,9.0,0.23529411764705882,1.5294117647058822,13C2 O8,de-protonated,,1.0,1909.0,C32 H52 O8 13C2,32.0,52.0,8.0,,,,2.0,,,
892,1913,590.1587257486327,590.1581250027941,590.158270767399,4252616.364263044,155.2134903180749,370561.5775590048,21.922694793549248,-1,-0.2469923952861863,0.98899171824681,0.0,0.593395030948086,4.0,0.6666666666666666,1.7619047619047619,N1 S2 O14,de-protonated,,0.0,,C21 H37 O14 N1 S2,21.0,37.0,14.0,1.0,,2.0,,,,
893,1916,590.3301774663669,590.3295765480384,590.3294329555091,1619301.581199692,131.89654282041573,410171.8105497587,8.334677200008652,-1,0.24324135183159257,0.9893217640684001,0.0,0.59359305844104,5.0,0.4074074074074074,1.8148148148148149,N3 O11,de-protonated,,0.0,,C27 H49 O11 N3,27.0,49.0,11.0,3.0,,,,,,
894,1918,591.3544936382432,591.3538916894089,591.353856799769,3144666.5175683256,176.50178456484235,355206.6693315187,16.154811290330183,-1,0.05899959810976201,0.9993685851540755,0.0,0.5996211510924453,8.0,0.2727272727272727,1.5757575757575757,O9,de-protonated,,0.0,,C33 H52 O9,33.0,52.0,9.0,,,,,,,
895,1919,592.3644520967998,592.3638491319246,592.3637104645791,2056777.05966417,412.2732251611775,317731.93219378806,10.56853123758893,-1,0.2340915606950019,0.9901060890496667,0.0,0.5940636534297999,3.0,0.2857142857142857,1.9642857142857142,N3 S1 O8,de-protonated,,0.0,,C28 H55 O8 N3 S1,28.0,55.0,8.0,3.0,,1.0,,,,
896,1920,594.0589550194125,594.058350349875,594.058415620339,3388330.9050764237,145.9235466160288,364965.7512428999,17.92412896545636,-1,-0.1098721309046754,0.9978119695344282,0.0,0.5986871817206569,11.0,1.0,1.05,N1 O20,de-protonated,,0.0,,C20 H21 O20 N1,20.0,21.0,20.0,1.0,,,,,,
897,1922,595.5425045926313,595.541898430697,595.541932355379,1935905.0485797632,75065.12313505173,343729.9617526039,9.956606567500666,-1,-0.05696438856779479,0.9994113829189343,0.0,0.5996468297513605,2.0,0.1111111111111111,2.0,N2 O4,de-protonated,,0.0,,C36 H72 O4 N2,36.0,72.0,4.0,2.0,,,,,,
898,1924,598.1042274705611,598.1036187317302,598.103610673129,3098868.3803932937,247.62557356863346,351815.68720134004,16.152837339781513,-1,0.013473587319558462,0.9999670607915899,0.0,0.5999802364749539,30.0,0.05128205128205128,0.5641025641025641,N1 S1 P1 O2,de-protonated,,0.0,,C39 H22 O2 N1 P1 S1,39.0,22.0,2.0,1.0,1.0,1.0,,,,
899,1924,598.1042274705611,598.1036187317302,598.103472288699,3098868.3803932937,247.62557356863346,351815.68720134004,16.152837339781513,-1,0.24484564627623073,0.9891812105058694,0.0,0.5935087263035216,3.0,0.8333333333333334,1.8888888888888888,N1 S2 P1 O15,de-protonated,,0.0,,C18 H34 O15 N1 P1 S2,18.0,34.0,15.0,1.0,1.0,2.0,,,,
900,1928,598.553430376574,598.5528211858931,598.552831392039,5485786.504619142,229.54894850892285,391179.57888169773,28.426203867906672,-1,-0.01705137022981458,0.4999736226631717,0.7253996187124198,0.590144021082871,1.0,0.11428571428571428,2.085714285714286,N3 O4,de-protonated,,0.0,,C35 H73 O4 N3,35.0,73.0,4.0,3.0,,,,,,
901,1934,600.5691363287201,600.5685251105041,600.5684814564991,84308641.21220562,155.5067293891277,375044.35099229694,433.553234642149,-1,0.07268780559389078,0.333013924053382,0.6905344954903149,0.47602215262815517,0.0,0.11428571428571428,2.142857142857143,N3 O4,de-protonated,,0.0,,C35 H75 O4 N3,35.0,75.0,4.0,3.0,,,,,,
902,1935,601.3388013786365,601.3381893862602,601.3382067353091,4261398.1944957785,229.3484619716496,380604.17810883094,21.979281375944506,-1,-0.02885073442690244,0.4999244899456133,0.7311359101322888,0.5924090580202834,10.0,0.2647058823529412,1.4705882352941178,O9,de-protonated,,0.0,,C34 H50 O9,34.0,50.0,9.0,,,,,,,
903,1940,603.3544935946964,603.353879574911,603.353856799769,35678849.900143825,262.2815403650022,377374.80922382855,183.3615824331579,-1,0.037747570162756955,0.6665730468876957,0.9542154492389617,0.7816300078282021,9.0,0.2647058823529412,1.5294117647058822,O9,de-protonated,,0.0,,C34 H52 O9,34.0,52.0,9.0,,,,,,,
904,1942,604.1743928432478,604.1737779988206,604.173920831859,5668526.603613446,117.62054029724665,383575.30316709104,29.41054720817769,-1,-0.2364104664933245,0.9899100975765102,0.0,0.5939460585459061,4.0,0.6363636363636364,1.7727272727272727,N1 S2 O14,de-protonated,,0.0,,C22 H39 O14 N1 S2,22.0,39.0,14.0,1.0,,2.0,,,,
905,1943,604.3578333712728,604.357218342346,604.357211634839,13506412.12770409,133.3752108205152,357256.1430771056,70.31211854369027,-1,0.011098580130845935,0.6666517664508181,0.9542154492389617,0.7816772395660756,9.0,0.2647058823529412,1.5294117647058822,13C1 O9,de-protonated,,1.0,1940.0,C33 H52 O9 13C1,33.0,52.0,9.0,,,,1.0,,,
906,1945,605.3701184722596,605.3695024252144,605.369506864229,20087066.195462763,329.4415147099556,359192.5139157672,106.32487235365898,-1,-0.007332735831139351,0.9999701580795177,0.9867785068219037,0.9946934975764721,8.0,0.2647058823529412,1.588235294117647,O9,de-protonated,,0.0,,C34 H54 O9,34.0,54.0,9.0,,,,,,,
907,1947,606.3734888140981,606.372871757921,606.372861699299,7892684.205265636,216.3009694442595,358548.7760606442,41.650356576975426,-1,0.01658817956053355,0.9999500724285368,0.9867785068219037,0.9946814461858836,8.0,0.2647058823529412,1.588235294117647,13C1 O9,de-protonated,,1.0,1945.0,C33 H54 O9 13C1,33.0,54.0,9.0,,,,1.0,,,
908,1950,608.2728187866634,608.272199820305,608.272118752709,4120050.461967612,191.11916031920512,348677.67038278317,21.310770123460983,-1,0.13327521259576028,0.9967822453170967,0.0,0.598069347190258,9.0,0.22580645161290322,1.5161290322580645,N1 S2 O7,de-protonated,,0.0,,C31 H47 O7 N1 S2,31.0,47.0,7.0,1.0,,2.0,,,,
909,1951,608.2773277572865,608.2767087863934,608.276609535359,2358961.5245956476,128.8015203862277,346256.62837835884,12.192434555629616,-1,0.16316759997463562,0.9951808205257301,0.0,0.597108492315438,19.0,0.16666666666666666,1.0833333333333333,N3 O6,de-protonated,,0.0,,C36 H39 O6 N3,36.0,39.0,6.0,3.0,,,,,,
910,1953,609.3413853569397,609.3407653159414,609.340790192289,2208966.8541481565,249.84773681751255,373483.9791178096,11.356795490025211,-1,-0.04082501604806114,0.9996976284758228,0.0,0.5998185770854937,16.0,0.075,1.25,S1 O3,de-protonated,,0.0,,C40 H50 O3 S1,40.0,50.0,3.0,,,1.0,,,,
911,1954,609.5946165505026,609.5939962548373,609.593967929189,15350233.356106022,83.25120012000828,359394.5102831625,79.14225733141555,-1,0.04646641822123898,0.9998039617059427,0.9962631865177255,0.9983876516306558,1.0,0.07894736842105263,2.0526315789473686,N2 O3,de-protonated,,0.0,,C38 H78 O3 N2,38.0,78.0,3.0,2.0,,,,,,
912,1955,610.2566024339633,610.2559814725645,610.255874090469,8805197.281806752,329.29745582321937,354212.8048948083,46.2009705751802,-1,0.17596241194258835,0.9923385793456018,0.9488741999467435,0.9749528275860584,19.0,0.2,1.0571428571428572,N3 O7,de-protonated,,0.0,,C35 H37 O7 N3,35.0,37.0,7.0,3.0,,,,,,
913,1956,610.5979449553175,610.5973236506472,610.597322764259,6195308.441265736,399.6437903547958,349521.43035732006,32.21882085542146,-1,0.0014516738937762129,0.9999996176228968,0.9962631865177255,0.9985050451808284,1.0,0.07894736842105263,2.0526315789473686,13C1 N2 O3,de-protonated,,1.0,1954.0,C37 H78 O3 N2 13C1,37.0,78.0,3.0,2.0,,,1.0,,,
914,1957,611.2599927204559,611.2593707500032,611.2595194395891,2534028.8001971403,241.11816299489632,275403.34663471207,13.159341332720697,-1,-0.24325115792909893,0.9893209076942118,0.0,0.593592544616527,4.0,0.3076923076923077,1.8846153846153846,N2 S2 P1 O8,de-protonated,,0.0,,C26 H49 O8 N2 P1 S2,26.0,49.0,8.0,2.0,1.0,2.0,,,,
915,1957,611.2599927204559,611.2593707500032,611.2592289255391,2534028.8001971403,241.11816299489632,275403.34663471207,13.159341332720697,-1,0.23202015999626582,0.9902795603940404,0.9488741999467435,0.9737174162151216,19.0,0.2,1.0571428571428572,13C1 N3 O7,de-protonated,,1.0,1955.0,C34 H37 O7 N3 13C1,34.0,37.0,7.0,3.0,,,1.0,,,
916,1958,612.1197985094277,612.1191756743319,612.1192607375889,1776713.424912304,57.627962788009825,408989.1896458755,9.368369303996463,-1,-0.13896516972590306,0.9965021185365567,0.0,0.597901271121934,30.0,0.05,0.6,N1 S1 P1 O2,de-protonated,,0.0,,C40 H24 O2 N1 P1 S1,40.0,24.0,2.0,1.0,1.0,1.0,,,,
917,1958,612.1197985094277,612.1191756743319,612.119122353159,1776713.424912304,57.627962788009825,408989.1896458755,9.368369303996463,-1,0.08710914422747443,0.9986241142224084,0.0,0.599174468533445,3.0,0.7894736842105263,1.894736842105263,N1 S2 P1 O15,de-protonated,,0.0,,C19 H36 O15 N1 P1 S2,19.0,36.0,15.0,1.0,1.0,2.0,,,,
918,1960,613.2757586267899,613.2751346292541,613.275169504049,2345106.1184114367,180.19858374226953,335345.20565444074,12.395751462142814,-1,-0.056866471408178965,0.9994134041566006,0.0,0.5996480424939603,3.0,0.3076923076923077,1.9615384615384615,N2 S2 P1 O8,de-protonated,,0.0,,C26 H51 O8 N2 P1 S2,26.0,51.0,8.0,2.0,1.0,2.0,,,,
919,1963,614.1168391928711,614.1162143495567,614.116283357439,1784065.8482296823,87.5920256199043,371481.7757013091,9.452591194073127,-1,-0.1123694065322804,0.9977114912105769,0.0,0.5986268947263461,30.0,0.1282051282051282,0.5641025641025641,N1 P1 O5,de-protonated,,0.0,,C39 H22 O5 N1 P1,39.0,22.0,5.0,1.0,1.0,,,,,
920,1963,614.1168391928711,614.1162143495567,614.116144973009,1784065.8482296823,87.5920256199043,371481.7757013091,9.452591194073127,-1,0.11296975051584186,0.9976870011251342,0.0,0.5986122006750805,3.0,1.0,1.8888888888888888,N1 S1 P1 O18,de-protonated,,0.0,,C18 H34 O18 N1 P1 S1,18.0,34.0,18.0,1.0,1.0,1.0,,,,
921,1965,614.2724738705064,614.2718488706894,614.271918078099,2967840.0277607357,173.5851919576824,336680.7321622026,15.807395993763944,-1,-0.11266575534547654,0.9976994183621146,0.0,0.5986196510172688,13.0,0.3225806451612903,1.3225806451612903,N3 O10,de-protonated,,0.0,,C31 H41 O10 N3,31.0,41.0,10.0,3.0,,,,,,
922,1966,615.0475773943882,615.0469516151533,615.047003519429,4727622.069394747,137.3922426652302,340669.5555720917,24.792818891318074,-1,-0.0843907465311065,0.499354296837158,0.7197526373226639,0.5875136330313604,32.0,0.25,0.3333333333333333,N2 O9,de-protonated,,0.0,,C36 H12 O9 N2,36.0,12.0,9.0,2.0,,,,,,
923,1967,615.0922937553942,615.0916679311944,615.091785405699,5653267.064593834,131.4845397424891,345810.8229361661,29.261842933511076,-1,-0.1909869510182684,0.4967016645547202,0.7612342259156645,0.602514689099098,16.0,0.3103448275862069,1.0,S2 P1 O9,de-protonated,,0.0,,C29 H29 O9 P1 S2,29.0,29.0,9.0,,1.0,2.0,,,,
924,1969,615.9428374571057,615.9422107776422,615.9423404936691,1588304.99786037,84.09302913071511,326924.1857147182,8.229399837412823,-1,-0.21059767832574428,0.99198479441931,0.0,0.595190876651586,21.0,0.7727272727272727,0.3181818181818182,N3 S1 O17,de-protonated,,0.0,,C22 H7 O17 N3 S1,22.0,7.0,17.0,3.0,,1.0,,,,
925,1970,616.0918089988457,616.0911821695854,616.091253834389,2054832.2059257054,155.05422399753272,357037.53776075854,10.638935473824892,-1,-0.11632173507930853,0.9975478752857452,0.0,0.5985287251714471,12.0,0.5652173913043478,1.173913043478261,N3 S2 O13,de-protonated,,0.0,,C23 H27 O13 N3 S2,23.0,27.0,13.0,3.0,,2.0,,,,
926,1971,616.2227500461009,616.2221230851746,616.222191179179,2328239.6509210113,108.91766084573217,385987.9335617777,12.035834478768319,-1,-0.11050235674664982,0.9977868243637332,0.0,0.5986720946182399,13.0,0.3225806451612903,1.2580645161290323,N1 S1 O10,de-protonated,,0.0,,C31 H39 O10 N1 S1,31.0,39.0,10.0,1.0,,1.0,,,,
927,1973,617.0445228885782,617.0438951013371,617.0440473659789,1727531.5633613905,112.71189914702134,408698.8193717988,8.961077507453844,-1,-0.24676462326057852,0.9890119002644007,0.0,0.5934071401586404,30.0,0.07894736842105263,0.5,S2 P1 O3,de-protonated,,0.0,,C38 H19 O3 P1 S2,38.0,19.0,3.0,,1.0,2.0,,,,
928,1974,618.0445887301422,618.0439599373262,618.044028858919,1646712.1014969395,94.8392335356886,267307.28357831464,8.566945381235705,-1,-0.11151566801728943,0.9977460944175153,0.0,0.5986476566505091,8.0,0.9473684210526315,1.3157894736842106,N1 S2 O18,de-protonated,,0.0,,C19 H25 O18 N1 S2,19.0,25.0,18.0,1.0,,2.0,,,,
929,1975,618.1901004945415,618.1894715554138,618.1895708963191,8112429.723344812,153.00763870679643,369874.77481282264,41.76879360989574,-1,-0.16069650797249574,0.497662672116619,0.8007932653391598,0.6189149094056354,4.0,0.6086956521739131,1.7826086956521738,N1 S2 O14,de-protonated,,0.0,,C23 H41 O14 N1 S2,23.0,41.0,14.0,1.0,,2.0,,,,
930,1976,618.2817161215128,618.2810870902659,618.281240685789,12828285.973965935,218.29457289985805,347799.69732641435,66.47739061113715,-1,-0.24842339213081488,0.9919929357650306,0.9172221405645795,0.9620846176848501,15.0,0.1111111111111111,1.2777777777777777,N1 S1 P1 O4,de-protonated,,0.0,,C36 H46 O4 N1 P1 S1,36.0,46.0,4.0,1.0,1.0,1.0,,,,
931,1979,619.2851238909052,619.2844938507479,619.284595520859,3156509.6516050464,195.67202306156048,335230.31486363773,16.762130075804883,-1,-0.1641734864011186,0.9951213649868741,0.9172221405645795,0.9639616752179563,15.0,0.1111111111111111,1.2777777777777777,13C1 N1 S1 P1 O4,de-protonated,,1.0,1976.0,C35 H46 O4 N1 P1 S1 13C1,35.0,46.0,4.0,1.0,1.0,1.0,1.0,,,
932,1980,619.3494086613573,619.3487785565634,619.348771419339,11229453.331509065,293.74783202246704,358787.13593859156,58.81319861416069,-1,0.011523756498115342,0.9999766535862584,0.9873870971684469,0.9949408310191339,9.0,0.29411764705882354,1.5294117647058822,O10,de-protonated,,0.0,,C34 H52 O10,34.0,52.0,10.0,,,,,,,
933,1981,620.2929080380109,620.292276984563,620.292378740899,2887247.7768619154,176.44317978118667,294891.62538666767,15.059268735817325,-1,-0.16404576209736996,0.9951289345204768,0.0,0.597077360712286,6.0,0.5,1.6785714285714286,N1 O14,de-protonated,,0.0,,C28 H47 O14 N1,28.0,47.0,14.0,1.0,,,,,,
934,1984,620.3527504450639,620.3521193314473,620.352126254409,3868995.4132487904,109.3026516627813,380851.2123036292,20.41722850842887,-1,-0.011159729120556345,0.9999774027168473,0.9873870971684469,0.9949412804974871,9.0,0.29411764705882354,1.5294117647058822,13C1 O10,de-protonated,,1.0,1980.0,C33 H52 O10 13C1,33.0,52.0,10.0,,,,1.0,,,
935,1985,621.3650547923259,621.3644226608955,621.364421483799,9956513.49369121,152.14026213919246,356204.7941798088,51.19638143035235,-1,0.0018943737749468892,0.9993063197130633,0.9925431391692596,0.9966010474955418,8.0,0.29411764705882354,1.588235294117647,O10,de-protonated,,0.0,,C34 H54 O10,34.0,54.0,10.0,,,,,,,
936,1991,622.3684638860449,622.3678307457646,622.367776318869,3801676.0010863966,241.438923030122,345250.9952636924,19.663179398836235,-1,0.08745133940984248,0.9986132905821055,0.9925431391692596,0.9961852300169671,8.0,0.29411764705882354,1.588235294117647,13C1 O10,de-protonated,,1.0,1985.0,C33 H54 O10 13C1,33.0,54.0,10.0,,,,1.0,,,
937,1993,623.1514414016933,623.1508074742039,623.150881418489,3091159.429179154,175.89994786766485,354568.29634176235,16.27390630676672,-1,-0.11866192808539629,0.9974483449987716,0.0,0.5984690069992629,30.0,0.023255813953488372,0.6511627906976745,S2 O1,de-protonated,,0.0,,C43 H28 O1 S2,43.0,28.0,1.0,,,2.0,,,,
938,1995,623.3807177978874,623.3800836398849,623.380071548259,4109357.4242024785,315.4624932508242,335548.85057468136,21.44368279373822,-1,0.01939687588429521,0.9999317342952857,0.0,0.5999590405771714,7.0,0.29411764705882354,1.6470588235294117,O10,de-protonated,,0.0,,C34 H56 O10,34.0,56.0,10.0,,,,,,,
939,1996,624.3405281455254,624.3398930225462,624.3398043909791,8343588.9619105635,356.6740994159209,341637.2906414014,43.88223666400703,-1,0.14196046205326293,0.4981749917083363,0.7369636471990487,0.5936904539046213,7.0,0.18181818181818182,1.6666666666666667,N1 S2 O6,de-protonated,,0.0,,C33 H55 O6 N1 S2,33.0,55.0,6.0,1.0,,2.0,,,,
940,1999,625.1670832841882,625.1664473302197,625.166531482949,2518760.319589627,285.5834712095863,347625.5513517861,13.089266088242846,-1,-0.13460850039571906,0.9967176486271755,0.0,0.5980305891763052,29.0,0.023255813953488372,0.6976744186046512,S2 O1,de-protonated,,0.0,,C43 H30 O1 S2,43.0,30.0,1.0,,,2.0,,,,
941,2000,625.5896670062499,625.589030627436,625.5888825487591,1573062.832944132,281.6072095105025,303090.77252770454,8.175116197324348,-1,0.2367028588170287,0.9898852505010496,0.0,0.5939311503006297,1.0,0.10526315789473684,2.0526315789473686,N2 O4,de-protonated,,0.0,,C38 H78 O4 N2,38.0,78.0,4.0,2.0,,,,,,
942,2002,626.1355121543123,626.1348752267372,626.1349108020489,2299824.152478542,277.936690503815,335519.65600768855,12.040440363381885,-1,-0.056817326562427425,0.9994144173113131,0.0,0.5996486503867878,30.0,0.04878048780487805,0.6341463414634146,N1 S1 P1 O2,de-protonated,,0.0,,C41 H26 O2 N1 P1 S1,41.0,26.0,2.0,1.0,1.0,1.0,,,,
943,2002,626.1355121543123,626.1348752267372,626.134772417619,2299824.152478542,277.936690503815,335519.65600768855,12.040440363381885,-1,0.16419646808339497,0.9951200023667129,0.0,0.5970720014200277,3.0,0.75,1.9,N1 S2 P1 O15,de-protonated,,0.0,,C20 H38 O15 N1 P1 S2,20.0,38.0,15.0,1.0,1.0,2.0,,,,
944,2004,626.2715954799456,626.2709584155612,626.2710699249291,6269110.642112411,98.63947154190203,355477.23052631534,32.684673184908014,-1,-0.1780528804007957,0.9967573915473256,0.9784849802612062,0.9894484270328778,13.0,0.17647058823529413,1.3529411764705883,N1 S1 P1 O6,de-protonated,,0.0,,C34 H46 O6 N1 P1 S1,34.0,46.0,6.0,1.0,1.0,1.0,,,,
945,2006,626.5847492134368,626.5841118342291,626.5841315209591,11874182.062676387,94.47807333569212,360022.27073764015,61.06613417371146,-1,-0.03141913266884076,0.9995689114386178,0.9855494036355523,0.9939611083173916,1.0,0.10810810810810811,2.081081081081081,N3 O4,de-protonated,,0.0,,C37 H77 O4 N3,37.0,77.0,4.0,3.0,,,,,,
946,2007,627.2668040828131,627.2661660179213,627.266318897129,14135371.53612199,105.95107229558917,357165.94538703415,72.73876175152417,-1,-0.24372296614327268,0.4946398322000305,0.7369636471990488,0.5915693581996379,13.0,0.18181818181818182,1.3636363636363635,N2 S1 P1 O6,de-protonated,,0.0,,C33 H45 O6 N2 P1 S1,33.0,45.0,6.0,2.0,1.0,1.0,,,,
947,2008,627.2750225161574,627.2743844430034,627.274424759999,2060262.7676649638,136.8501134122564,318377.6419115,10.66689977326441,-1,-0.0642732971918181,0.9992507060439404,0.9784849802612062,0.9909444157308467,13.0,0.17647058823529413,1.3529411764705883,13C1 N1 S1 P1 O6,de-protonated,,1.0,2004.0,C33 H46 O6 N1 P1 S1 13C1,33.0,46.0,6.0,1.0,1.0,1.0,1.0,,,
948,2009,627.5881632568143,627.5875248688565,627.5874863560291,5095182.320777066,115.69172801793488,346631.5437951586,26.20485151713465,-1,0.06136646793715544,0.9993169260658518,0.9855494036355523,0.993809917093732,1.0,0.10810810810810811,2.081081081081081,13C1 N3 O4,de-protonated,,1.0,2006.0,C36 H77 O4 N3 13C1,36.0,77.0,4.0,3.0,,,1.0,,,
949,2010,628.1512997953778,628.1506608412975,628.150560866509,1698737.8571939247,167.8913672375612,309277.3598574645,8.833757697064511,-1,0.15915736573804828,0.9954142579282265,0.0,0.5972485547569358,29.0,0.04878048780487805,0.6829268292682927,N1 S1 P1 O2,de-protonated,,0.0,,C41 H28 O2 N1 P1 S1,41.0,28.0,2.0,1.0,1.0,1.0,,,,
950,2013,629.0996414677232,629.0990015602873,629.0990390932391,19857431.742962968,250.55891737084855,350886.3146355585,105.08786334315796,-1,-0.05966143551119833,0.33311811476858794,0.6696871342203821,0.4677457225493056,31.0,0.21052631578947367,0.47368421052631576,N2 O8,de-protonated,,0.0,,C38 H18 O8 N2,38.0,18.0,8.0,2.0,,,,,,
951,2014,629.2638713275687,629.2632312550364,629.2632085752489,4281963.7613111,168.10722181023667,324459.74348314514,22.54777913396199,-1,0.03604181404438282,0.49988216184493606,0.6825582999862008,0.572952617101442,26.0,0.023255813953488372,0.8837209302325582,N2 S1 O1,de-protonated,,0.0,,C43 H38 O1 N2 S1,43.0,38.0,1.0,2.0,,1.0,,,,
952,2014,629.2638713275687,629.2632312550364,629.263341516979,4281963.7613111,168.10722181023667,324459.74348314514,22.54777913396199,-1,-0.175223845621457,0.9944443988655348,0.0,0.5966666393193208,13.0,0.28125,1.34375,N2 P1 O9,de-protonated,,0.0,,C32 H43 O9 N2 P1,32.0,43.0,9.0,2.0,1.0,,,,,
953,2015,630.0992380438262,630.098597131528,630.098661690359,8505830.831415448,191.04416099754206,338651.391482845,45.06397505914523,-1,-0.10245828937382094,0.4990485094510207,0.7939170211058517,0.6169959141129531,12.0,0.4583333333333333,1.25,N3 S2 P1 O11,de-protonated,,0.0,,C24 H30 O11 N3 P1 S2,24.0,30.0,11.0,3.0,1.0,2.0,,,,
954,2018,630.2628799432431,630.262238866443,630.2623419150191,14504769.103088805,118.96167415601637,353859.7284685211,74.80482999246733,-1,-0.16350108395535368,0.9955827708830759,0.9831648768389883,0.9906156132654409,3.0,0.46153846153846156,1.8846153846153846,N1 S2 O12,de-protonated,,0.0,,C26 H49 O12 N1 S2,26.0,49.0,12.0,1.0,,2.0,,,,
955,2019,631.0966043757652,631.0959624608669,631.096082939789,10765744.55036565,281.63013302195014,328524.7718534045,56.33918059315867,-1,-0.19090424636767123,0.4967045111142285,0.6980173569463085,0.5772296494470606,29.0,0.05,0.625,S2 P1 O2,de-protonated,,0.0,,C40 H25 O2 P1 S2,40.0,25.0,2.0,,1.0,2.0,,,,
956,2021,631.2662450660978,631.2656029806706,631.2656967500891,3686497.605717336,141.78332239880092,348732.668520063,19.34471537698385,-1,-0.14854191984379655,0.9960043925835238,0.9831648768389883,0.9908685862857096,3.0,0.46153846153846156,1.8846153846153846,13C1 N1 S2 O12,de-protonated,,1.0,2018.0,C25 H49 O12 N1 S2 13C1,25.0,49.0,12.0,1.0,,2.0,1.0,,,
957,2023,632.0962468468517,632.095603927085,632.095551368479,4276934.996598047,136.9297193648077,331290.6478367305,22.114825980286636,-1,0.08314977985543132,0.4993731355317887,0.7311359101322887,0.5920782453719887,25.0,0.17647058823529413,0.6764705882352942,N3 S2 O6,de-protonated,,0.0,,C34 H23 O6 N3 S2,34.0,23.0,6.0,3.0,,2.0,,,,
958,2023,632.0962468468517,632.095603927085,632.0956843102091,4276934.996598047,136.9297193648077,331290.6478367305,22.114825980286636,-1,-0.12716923417662776,0.9970699103990809,0.0,0.5982419462394485,12.0,0.6086956521739131,1.2173913043478262,N3 S1 P1 O14,de-protonated,,0.0,,C23 H28 O14 N3 P1 S1,23.0,28.0,14.0,3.0,1.0,1.0,,,,
959,2024,632.0999344858199,632.0992915623463,632.0991939979589,1717116.0494323983,159.1372083227343,261742.51098533935,9.051221249176525,-1,0.1543498050635385,0.9956865213667392,0.0,0.5974119128200435,34.0,0.024390243902439025,0.4878048780487805,N3 S1 P1 O1,de-protonated,,0.0,,C41 H20 O1 N3 P1 S1,41.0,20.0,1.0,3.0,1.0,1.0,,,,
960,2025,632.2057793079425,632.205136278072,632.2052209607791,7723464.20475548,341.2790155668214,332825.2232795041,40.45151061041541,-1,-0.13394812995782865,0.9951346668361853,0.969543180825392,0.984898072431868,4.0,0.5833333333333334,1.7916666666666667,N1 S2 O14,de-protonated,,0.0,,C24 H43 O14 N1 S2,24.0,43.0,14.0,1.0,,2.0,,,,
961,2027,632.5589221402588,632.5582787554048,632.5583106956391,1748794.1136679435,312.14870004082167,333010.917768067,9.096293120037863,-1,-0.05049373908113664,0.9995374822145506,0.0,0.5997224893287304,0.0,0.17142857142857143,2.142857142857143,N3 O6,de-protonated,,0.0,,C35 H75 O6 N3,35.0,75.0,6.0,3.0,,,,,,
962,2029,633.2090999738072,633.2084559353932,633.2085757958491,1645421.3995328436,291.9663548962476,339554.49047548743,8.691304265802028,-1,-0.18929063898777637,0.9935196107983895,0.969543180825392,0.9839290388091905,4.0,0.5833333333333334,1.7916666666666667,13C1 N1 S2 O14,de-protonated,,1.0,2025.0,C23 H43 O14 N1 S2 13C1,23.0,43.0,14.0,1.0,,2.0,1.0,,,
963,2030,633.2587844777485,633.2581403893918,633.258123194819,2551873.4880509614,233.4054551817557,326090.0535259467,13.268895588171983,-1,0.02715254994763,0.999866233913249,0.0,0.5999197403479494,25.0,0.047619047619047616,0.9047619047619048,N2 S1 O2,de-protonated,,0.0,,C42 H38 O2 N2 S1,42.0,38.0,2.0,2.0,,1.0,,,,
964,2030,633.2587844777485,633.2581403893918,633.258256136549,2551873.4880509614,233.4054551817557,326090.0535259467,13.268895588171983,-1,-0.1827803366202288,0.9939563806662612,0.0,0.5963738283997567,12.0,0.3225806451612903,1.3870967741935485,N2 P1 O10,de-protonated,,0.0,,C31 H43 O10 N2 P1,31.0,43.0,10.0,2.0,1.0,,,,,
965,2031,633.4855703081295,633.4849259918095,633.4848114011389,1955745.049980954,66.39778448923329,409396.1088433614,10.077675534485872,-1,0.18088937339799135,0.9940804140131028,0.0,0.5964482484078616,6.0,0.16216216216216217,1.7837837837837838,N2 O6,de-protonated,,0.0,,C37 H66 O6 N2,37.0,66.0,6.0,2.0,,,,,,
966,2032,634.1849943826937,634.1843493633245,634.184485515889,1824635.743688084,220.7625705260936,366665.62012016104,9.398636545742765,-1,-0.21468920741561293,0.9916716404516477,0.0,0.5950029842709886,4.0,0.6521739130434783,1.7826086956521738,N1 S2 O15,de-protonated,,0.0,,C23 H41 O15 N1 S2,23.0,41.0,15.0,1.0,,2.0,,,,
967,2035,635.2801642279082,635.2795181077126,635.279646486049,1787279.695473128,82.85509938177515,337583.8876069793,9.48976726273978,-1,-0.20208161415037795,0.9926175688545398,0.0,0.5955705413127238,15.0,0.2,1.2571428571428571,N2 S1 O7,de-protonated,,0.0,,C35 H44 O7 N2 S1,35.0,44.0,7.0,2.0,,1.0,,,,
968,2038,637.9192143811425,637.9185656083646,637.918448220719,2021405.3308592106,166.434928300776,276346.8978533102,10.395152581063922,-1,0.18401669662790282,0.9938745955926052,0.0,0.5963247573555631,24.0,0.625,0.25,N3 S1 P1 O15,de-protonated,,0.0,,C24 H6 O15 N3 P1 S1,24.0,6.0,15.0,3.0,1.0,1.0,,,,
969,2039,638.1719591027646,638.1713100759532,638.1712963113989,1557443.1000711068,82.46391569206816,376478.33831852186,8.011936285300811,-1,0.021568745532612878,0.9999155916769953,0.0,0.5999493550061972,30.0,0.023255813953488372,0.6976744186046512,N1 S1 P1 O1,de-protonated,,0.0,,C43 H30 O1 N1 P1 S1,43.0,30.0,1.0,1.0,1.0,1.0,,,,
970,2039,638.1719591027646,638.1713100759532,638.171157926969,1557443.1000711068,82.46391569206816,376478.33831852186,8.011936285300811,-1,0.23841407164959905,0.9897392308915614,0.0,0.5938435385349368,3.0,0.6363636363636364,1.9090909090909092,N1 S2 P1 O14,de-protonated,,0.0,,C22 H42 O14 N1 P1 S2,22.0,42.0,14.0,1.0,1.0,2.0,,,,
971,2040,638.2081665640289,638.2075175008256,638.207543436319,3812542.98984019,338.34374932224887,357629.56925943133,19.63028022302504,-1,-0.04063802397971303,0.9997003916412652,0.0,0.5998202349847591,2.0,0.5652173913043478,2.0,N1 S2 P1 O13,de-protonated,,0.0,,C23 H46 O13 N1 P1 S2,23.0,46.0,13.0,1.0,1.0,2.0,,,,
972,2041,638.2835020787351,638.2828529398124,638.282954762899,18715618.185365178,180.5666960381608,348766.75551825925,96.4288002696509,-1,-0.15952656385162653,0.663020700747485,0.8647004977339577,0.7436926195420741,23.0,0.07142857142857142,1.0,N1 P1 O3,de-protonated,,0.0,,C42 H42 O3 N1 P1,42.0,42.0,3.0,1.0,1.0,,,,,
973,2042,638.2879516221535,638.2873024787586,638.287174219389,78685148.51337105,261.04015565723665,347228.93910822796,409.8237171130488,-1,0.20094304692886034,0.6624820442029761,0.8946422800052531,0.7553461385238869,19.0,0.1891891891891892,1.1081081081081081,N3 O7,de-protonated,,0.0,,C37 H41 O7 N3,37.0,41.0,7.0,3.0,,,,,,
974,2044,639.2868401427423,639.2861899953807,639.286309597969,5328256.086970192,152.8085410630071,334153.30612715264,27.656363153924662,-1,-0.18708767333309473,0.6624460633247544,0.8647004977339577,0.7433478370884358,23.0,0.07142857142857142,1.0,13C1 N1 P1 O3,de-protonated,,1.0,2041.0,C41 H42 O3 N1 P1 13C1,41.0,42.0,3.0,1.0,1.0,,1.0,,,
975,2045,639.291288134829,639.2906379829967,639.2905290544591,21947313.027212575,80.03167343900235,347243.33041637135,112.91523525215797,-1,0.17038972533763172,0.663163942337193,0.8946422800052531,0.7557552774044171,19.0,0.1891891891891892,1.1081081081081081,13C1 N3 O7,de-protonated,,1.0,2042.0,C36 H41 O7 N3 13C1,36.0,41.0,7.0,3.0,,,1.0,,,
976,2046,639.3114657508156,639.3108155787033,639.310946614969,1769656.7093556945,221.98373692859323,286787.09377005923,9.26440790843308,-1,-0.2049648396458961,0.9924062140471331,0.0,0.5954437284282799,13.0,0.2,1.3714285714285714,N2 S1 O7,de-protonated,,0.0,,C35 H48 O7 N2 S1,35.0,48.0,7.0,2.0,,1.0,,,,
977,2047,639.6051738812566,639.604523413947,639.604532613219,1854593.0834775185,122.73550671995163,325887.4925782416,9.70328291375445,-1,-0.014382749812845952,0.9999624655955317,0.0,0.599977479357319,1.0,0.10256410256410256,2.051282051282051,N2 O4,de-protonated,,0.0,,C39 H80 O4 N2,39.0,80.0,4.0,2.0,,,,,,
978,2048,640.1511044871733,640.1504534711695,640.150560866509,1940392.693871446,173.2658112923201,322077.58939997794,10.053330144385585,-1,-0.1677657507788188,0.9949060819651682,0.0,0.5969436491791009,30.0,0.047619047619047616,0.6666666666666666,N1 S1 P1 O2,de-protonated,,0.0,,C42 H28 O2 N1 P1 S1,42.0,28.0,2.0,1.0,1.0,1.0,,,,
979,2048,640.1511044871733,640.1504534711695,640.1504224820791,1940392.693871446,173.2658112923201,322077.58939997794,10.053330144385585,-1,0.048409075946467026,0.9995748765290126,0.0,0.5997449259174075,3.0,0.7142857142857143,1.9047619047619047,N1 S2 P1 O15,de-protonated,,0.0,,C21 H40 O15 N1 P1 S2,21.0,40.0,15.0,1.0,1.0,2.0,,,,
980,2049,640.2804879371735,640.2798367911322,640.279706056589,5446626.751176319,285.23652643267116,342222.470368021,28.752563691953746,-1,0.2041834872170055,0.4962318911895132,0.7489023467070405,0.5973000733965241,9.0,0.3548387096774194,1.5161290322580645,N1 S1 O11,de-protonated,,0.0,,C31 H47 O11 N1 S1,31.0,47.0,11.0,1.0,,1.0,,,,
981,2052,640.2991927519114,640.2985415870708,640.298604827359,6058286.311980799,124.74515402535191,347917.29576507106,32.047745141203244,-1,-0.0987668686932608,0.995703240829874,0.9790719596164157,0.9890507283444907,22.0,0.07142857142857142,1.0476190476190477,N1 P1 O3,de-protonated,,0.0,,C42 H44 O3 N1 P1,42.0,44.0,3.0,1.0,1.0,,,,,
982,2053,640.3035939799835,640.3029428107193,640.3028242838491,66033382.14881959,205.34237256157132,346228.380628008,342.9304809196582,-1,0.18511064720471368,0.9947327871621333,0.9272964321637001,0.96775824516276,18.0,0.1891891891891892,1.162162162162162,N3 O7,de-protonated,,0.0,,C37 H43 O7 N3,37.0,43.0,7.0,3.0,,,,,,
983,2057,641.3024872458549,641.3018350726595,641.301959662429,2491819.728867135,208.31580742889463,326053.9714240874,12.803043258685433,-1,-0.1942762962239433,0.9931749288761524,0.9790719596164157,0.9875337411722578,22.0,0.07142857142857142,1.0476190476190477,13C1 N1 P1 O3,de-protonated,,1.0,2052.0,C41 H44 O3 N1 P1 13C1,41.0,44.0,3.0,1.0,1.0,,1.0,,,
984,2058,641.3069695921084,641.3063174144082,641.306469632969,19062158.449452303,65.40409426927063,349647.3930493397,98.52908365343774,-1,-0.23735697041990653,0.3299431853694646,0.7182238920063857,0.485255468024233,3.0,0.2857142857142857,1.9642857142857142,N2 S2 P1 O8,de-protonated,,0.0,,C28 H55 O8 N2 P1 S2,28.0,55.0,8.0,2.0,1.0,2.0,,,,
985,2058,641.3069695921084,641.3063174144082,641.3061791189191,19062158.449452303,65.40409426927063,349647.3930493397,98.52908365343774,-1,0.2156465876048633,0.9939980315167762,0.9272964321637001,0.9673173917755458,18.0,0.1891891891891892,1.162162162162162,13C1 N3 O7,de-protonated,,1.0,2053.0,C36 H43 O7 N3 13C1,36.0,43.0,7.0,3.0,,,1.0,,,
986,2060,642.3102394104067,642.3095862243966,642.3095339539891,3036857.287626948,161.54543196306494,338653.4545739447,15.72843797181707,-1,0.08137884426960688,0.9963985531617738,0.9272964321637001,0.9687577047625443,18.0,0.1891891891891892,1.162162162162162,13C2 N3 O7,de-protonated,,1.0,2053.0,C35 H43 O7 N3 13C2,35.0,43.0,7.0,3.0,,,2.0,,,
987,2061,643.1516549987603,643.1510009671233,643.151074667049,5217619.952305927,207.3316948051155,374036.5502876784,26.816776187222914,-1,-0.11459193427748218,0.498810088538011,0.6980173569463086,0.5784929959013301,30.0,0.175,0.6,N2 O7,de-protonated,,0.0,,C40 H24 O7 N2,40.0,24.0,7.0,2.0,,,,,,
988,2061,643.1516549987603,643.1510009671233,643.150936282619,5217619.952305927,207.3316948051155,374036.5502876784,26.816776187222914,-1,0.1005743763402901,0.9981662926084995,0.0,0.5988997755650997,3.0,1.0526315789473684,1.894736842105263,N2 S1 O20,de-protonated,,0.0,,C19 H36 O20 N2 S1,19.0,36.0,20.0,2.0,,1.0,,,,
989,2062,643.5556152548183,643.5549608172042,643.554819514949,2232427.593761133,115.65626501913601,356662.4568899654,11.532477088857004,-1,0.21956521949129554,0.9912907085695734,0.0,0.594774425141744,1.0,0.10810810810810811,2.081081081081081,N2 P1 O4,de-protonated,,0.0,,C37 H77 O4 N2 P1,37.0,77.0,4.0,2.0,1.0,,,,,
990,2063,644.1512929901018,644.1506379538419,644.150697264169,2144128.5101728127,113.09038891039422,383869.3262394828,11.026487764880793,-1,-0.09207523554021052,0.9984628880048667,0.0,0.59907773280292,11.0,0.38461538461538464,1.3846153846153846,N3 S2 P1 O10,de-protonated,,0.0,,C26 H36 O10 N3 P1 S2,26.0,36.0,10.0,3.0,1.0,2.0,,,,
991,2066,644.2422123825935,644.2415572549619,644.241606470129,3401252.195081498,156.04078794551953,331531.8958099505,17.90570542700209,-1,-0.07639240715809421,0.9989416622146445,0.0,0.5993649973287867,4.0,0.5,1.8076923076923077,N1 S2 O13,de-protonated,,0.0,,C26 H47 O13 N1 S2,26.0,47.0,13.0,1.0,,2.0,,,,
992,2067,644.2540474575629,644.2533923180374,644.2534913080991,29422326.891923845,297.40244481966596,340197.2991735977,153.22067352197166,-1,-0.1536507959009307,0.6648150977993799,0.9445911466502294,0.7767255173397196,13.0,0.30303030303030304,1.303030303030303,N1 S1 O10,de-protonated,,0.0,,C33 H43 O10 N1 S1,33.0,43.0,10.0,1.0,,1.0,,,,
993,2068,644.2904530779722,644.28979790186,644.289876817449,5159255.738882197,270.8885030896898,326854.6739312465,27.03127881351192,-1,-0.12248460183582573,0.4986407609520945,0.7311359101322887,0.5916388206241723,12.0,0.2647058823529412,1.3823529411764706,N1 S1 O9,de-protonated,,0.0,,C34 H47 O9 N1 S1,34.0,47.0,9.0,1.0,,1.0,,,,
994,2069,645.1309430163938,645.1302869956181,645.130339222159,16803886.295364194,140.85620480373373,351982.1936423522,86.46956176808536,-1,-0.08095502215060373,0.4994057718430461,0.7033271719038788,0.5809743318673792,30.0,0.20512820512820512,0.5641025641025641,N2 O8,de-protonated,,0.0,,C39 H22 O8 N2,39.0,22.0,8.0,2.0,,,,,,
995,2069,645.1309430163938,645.1302869956181,645.130200837729,16803886.295364194,140.85620480373373,351982.1936423522,86.46956176808536,-1,0.13355116374090145,0.9979222153982343,0.988719258419961,0.994241032606925,3.0,1.1666666666666667,1.8888888888888888,N2 S1 O21,de-protonated,,0.0,,C18 H34 O21 N2 S1,18.0,34.0,21.0,2.0,,1.0,,,,
996,2070,645.1486573433077,645.14800130473,645.148118513599,2575707.767221723,56.30616360302295,335663.26601931814,13.406414143062786,-1,-0.18167745617589892,0.9940288764365233,0.0,0.596417325861914,28.0,0.023809523809523808,0.7380952380952381,S2 P1 O1,de-protonated,,0.0,,C42 H31 O1 P1 S2,42.0,31.0,1.0,,1.0,2.0,,,,
997,2071,645.2574480758843,645.2567919279767,645.256846143169,9276635.489660418,161.90698684001904,346145.3248558019,47.69854105810589,-1,-0.08402110362650186,0.665813249825996,0.9445911466502294,0.7773244085556894,13.0,0.30303030303030304,1.303030303030303,13C1 N1 S1 O10,de-protonated,,1.0,2067.0,C32 H43 O10 N1 S1 13C1,32.0,43.0,10.0,1.0,,1.0,1.0,,,
998,2072,645.4161535494501,645.415497242051,645.415411685759,1665258.4077858669,333.6994549183354,277469.89713969984,8.673538710863982,-1,0.13256003876464167,0.9968166316448401,0.0,0.5980899789869041,4.0,0.24242424242424243,1.878787878787879,N2 S1 O8,de-protonated,,0.0,,C33 H62 O8 N2 S1,33.0,62.0,8.0,2.0,,1.0,,,,
999,2073,646.130487209587,646.1298301843225,646.1299618192791,6915553.754608255,258.41127515662714,325993.5580601174,36.18251355715448,-1,-0.2037282967089944,0.49624860999574855,0.7871578612348821,0.612612310491402,11.0,0.44,1.36,N3 S2 P1 O11,de-protonated,,0.0,,C25 H34 O11 N3 P1 S2,25.0,34.0,11.0,3.0,1.0,2.0,,,,
1000,2074,646.1341665701492,646.1335095411871,646.133555672799,3004477.270521698,143.6758276719612,340986.9700938456,15.656059785032438,-1,-0.07139640334052082,0.9990755026566086,0.988719258419961,0.9949330049619496,3.0,1.1666666666666667,1.8888888888888888,13C1 N2 S1 O21,de-protonated,,1.0,2069.0,C17 H34 O21 N2 S1 13C1,17.0,34.0,21.0,2.0,,1.0,1.0,,,
1001,2075,646.2214608003512,646.2208036836639,646.220871025239,7557180.248095325,169.4781522888602,341918.12542702316,38.96315189671685,-1,-0.10420829493044523,0.9988825829397059,0.9776349853792966,0.9903835439155422,4.0,0.56,1.8,N1 S2 O14,de-protonated,,0.0,,C25 H45 O14 N1 S2,25.0,45.0,14.0,1.0,,2.0,,,,
1002,2076,646.2331509715824,646.2324938431473,646.232375740689,2161224.54949796,238.31538009272572,277873.60113403044,11.115644531329137,-1,0.18275540299866247,0.993958024419883,0.0,0.5963748146519298,18.0,0.23529411764705882,1.1176470588235294,N3 P1 O8,de-protonated,,0.0,,C34 H38 O8 N3 P1,34.0,38.0,8.0,3.0,1.0,,,,,
1003,2077,646.2511402736378,646.2504831271247,646.250513927949,9413795.90795968,551.8581801269144,325350.1266111547,48.390739717173474,-1,-0.04766081213073342,0.9966292794863931,0.9876653946209447,0.9930437255402138,13.0,0.40625,1.28125,N1 O13,de-protonated,,0.0,,C32 H41 O13 N1,32.0,41.0,13.0,1.0,,,,,,
1004,2079,647.110155221222,647.1094972114623,647.1096037772691,1863484.929150865,100.2769719872048,342068.51293832663,9.731576204952079,-1,-0.16467968657830362,0.9950913078472141,0.0,0.5970547847083284,30.0,0.23684210526315788,0.5263157894736842,N2 O9,de-protonated,,0.0,,C38 H20 O9 N2,38.0,20.0,9.0,2.0,,,,,,
1005,2080,647.1279151824726,647.1272571548657,647.127383068709,7816161.771205176,244.52442720222894,321673.6633249794,41.175292478261746,-1,-0.19457350539762203,0.4965770511203649,0.6927871148459376,0.5750610766105939,28.0,0.04878048780487805,0.7073170731707317,S2 P1 O2,de-protonated,,0.0,,C41 H29 O2 P1 S2,41.0,29.0,2.0,,1.0,2.0,,,,
1006,2081,647.2248591861203,647.2242010610927,647.224225860309,1778170.825347948,249.0841665376546,290662.08893987257,9.238746551300347,-1,-0.03831626717813579,0.9997336440705514,0.9776349853792966,0.9908941805940494,4.0,0.56,1.8,13C1 N1 S2 O14,de-protonated,,1.0,2075.0,C24 H45 O14 N1 S2 13C1,24.0,45.0,14.0,1.0,,2.0,1.0,,,
1007,2082,647.2546479963365,647.2539898413737,647.253868763019,3472098.8051267527,194.77411588295718,328159.49003995146,18.30115352025268,-1,0.18706470606474807,0.9936706443523619,0.9876653946209447,0.9912685444597951,13.0,0.40625,1.28125,13C1 N1 O13,de-protonated,,1.0,2077.0,C31 H41 O13 N1 13C1,31.0,41.0,13.0,1.0,,,1.0,,,
1008,2083,648.1275459519153,648.1268869197722,648.1268514973991,3471279.645688518,192.72247576003377,315717.65991237364,17.89057180612894,-1,0.05465345716606446,0.999458159553583,0.0,0.5996748957321497,24.0,0.17142857142857143,0.7714285714285715,N3 S2 O6,de-protonated,,0.0,,C35 H27 O6 N3 S2,35.0,27.0,6.0,3.0,,2.0,,,,
1009,2083,648.1275459519153,648.1268869197722,648.126984439129,3471279.645688518,192.72247576003377,315717.65991237364,17.89057180612894,-1,-0.15046334924348445,0.9959005690707657,0.0,0.5975403414424594,11.0,0.5833333333333334,1.3333333333333333,N3 S1 P1 O14,de-protonated,,0.0,,C24 H32 O14 N3 P1 S1,24.0,32.0,14.0,3.0,1.0,1.0,,,,
1010,2085,648.2490038369483,648.2483446827526,648.2484059276691,610191644.0110774,507.46240928850114,337306.26009250764,3218.286863609499,-1,-0.09447754265748039,0.3067942262570295,0.8798885971816773,0.5360319746268887,12.0,0.34375,1.34375,N1 S1 O11,de-protonated,,0.0,,C32 H43 O11 N1 S1,32.0,43.0,11.0,1.0,,1.0,,,,
1011,2088,649.2459956832703,649.2453355272128,649.2451757284191,2080287.3133611751,150.07114131022306,362879.79786875536,10.775138061683249,-1,0.24613012102168558,0.9890680250912508,0.0,0.5934408150547504,20.0,0.1,1.05,S2 O4,de-protonated,,0.0,,C40 H42 O4 S2,40.0,42.0,4.0,,,2.0,,,,
1012,2088,649.2459956832703,649.2453355272128,649.245308670149,2080287.3133611751,150.07114131022306,362879.79786875536,10.775138061683249,-1,0.04136658884684484,0.9996895541728742,0.0,0.5998137325037245,7.0,0.41379310344827586,1.6206896551724137,S1 P1 O12,de-protonated,,0.0,,C29 H47 O12 P1 S1,29.0,47.0,12.0,,1.0,1.0,,,,
1013,2088,649.2459956832703,649.2453355272128,649.245440822119,2080287.3133611751,150.07114131022306,362879.79786875536,10.775138061683249,-1,-0.1621804322580836,0.3065524661812126,0.8798885971816773,0.5358869185813985,12.0,0.34375,1.34375,15N1 S1 O11,de-protonated,,1.0,2085.0,C32 H43 O11 S1 15N1,32.0,43.0,11.0,,,1.0,,1.0,,
1014,2089,649.2523293297236,649.2516691673015,649.2517607627391,152144937.4931033,372.65697693023833,338957.52101765416,796.6548582351683,-1,-0.14107845842584357,0.3066414122116825,0.8798885971816773,0.5359402861996805,12.0,0.34375,1.34375,13C1 N1 S1 O11,de-protonated,,1.0,2085.0,C31 H43 O11 N1 S1 13C1,31.0,43.0,11.0,1.0,,1.0,1.0,,,
1015,2090,650.246052491026,650.2453913300467,650.245428547519,193571265.0060687,294.8601286654133,344132.549266438,995.6711844863262,-1,-0.05723603847718025,0.5996810294743219,0.922479872536997,0.728800566699392,12.0,0.45161290322580644,1.3225806451612903,N1 O14,de-protonated,,0.0,,C31 H41 O14 N1,31.0,41.0,14.0,1.0,,,,,,
1016,2091,650.2557139738336,650.2550528031459,650.2551155978091,21062478.886718143,345.4199870438901,344716.04962261015,110.288565055392,-1,-0.09656927214542714,0.3067886577770533,0.8798885971816773,0.5360286335389028,12.0,0.34375,1.34375,13C2 N1 S1 O11,de-protonated,,1.0,2085.0,C30 H43 O11 N1 S1 13C2,30.0,43.0,11.0,1.0,,1.0,2.0,,,
1017,2091,650.2557139738336,650.2550528031459,650.2551623349591,21062478.886718143,345.4199870438901,344716.04962261015,110.288565055392,-1,-0.16844435779582095,0.331621631785369,0.7412565550906066,0.4954756011074641,2.0,0.4583333333333333,2.0833333333333335,N3 S2 P1 O11,de-protonated,,0.0,,C24 H50 O11 N3 P1 S2,24.0,50.0,11.0,3.0,1.0,2.0,,,,
1018,2092,650.2889782269277,650.2883170228142,650.2881765409891,14312185.036591727,234.80471108745928,323356.4635113761,75.18382849781233,-1,0.21603010822533045,0.49578386132305213,0.7675537279851047,0.6044918079878732,6.0,0.35714285714285715,1.7857142857142858,N3 S1 P1 O10,de-protonated,,0.0,,C28 H50 O10 N3 P1 S1,28.0,50.0,10.0,3.0,1.0,1.0,,,,
1019,2094,650.3617038598647,650.3610425826728,650.360947559689,2285508.0401552105,129.07591010738193,329122.81567977404,11.935820984302278,-1,0.146108071501955,0.9961340040080211,0.0,0.5976804024048127,4.0,0.26666666666666666,1.9333333333333333,N3 S1 P1 O8,de-protonated,,0.0,,C30 H58 O8 N3 P1 S1,30.0,58.0,8.0,3.0,1.0,1.0,,,,
1020,2095,651.2493974197795,651.2487352505943,651.2487833825891,48889656.41527868,224.56673506273017,338543.73920781165,254.63435691053513,-1,-0.07390723170520999,0.5996017515583981,0.922479872536997,0.7287529999498377,12.0,0.45161290322580644,1.3225806451612903,13C1 N1 O14,de-protonated,,1.0,2090.0,C30 H41 O14 N1 13C1,30.0,41.0,14.0,1.0,,,1.0,,,
1021,2096,651.258976455137,651.2583142763265,651.258456811159,1756787.871500626,140.23103626173258,266182.23322214355,9.031481743689806,-1,-0.21886062446888946,0.9913462737530573,0.0,0.5948077642518343,10.0,0.21212121212121213,1.4848484848484849,S2 P1 O7,de-protonated,,0.0,,C33 H49 O7 P1 S2,33.0,49.0,7.0,,1.0,2.0,,,,
1022,2097,652.2238529641996,652.2231898158572,652.2231935007791,2048564.4553006962,88.82660177675167,356569.2496633159,10.858701968243688,-1,-0.005649786695866666,0.9999942081584282,0.0,0.599996524895057,2.0,0.5416666666666666,2.0,N1 S2 P1 O13,de-protonated,,0.0,,C24 H48 O13 N1 P1 S2,24.0,48.0,13.0,1.0,1.0,2.0,,,,
1023,2098,652.2527965583571,652.2521333809318,652.2521382176591,6424824.307122161,160.0358286666226,340907.0922281653,33.063671690253,-1,-0.007415425703865193,0.5997978825147171,0.922479872536997,0.7288706785236291,12.0,0.45161290322580644,1.3225806451612903,13C2 N1 O14,de-protonated,,1.0,2090.0,C29 H41 O14 N1 13C2,29.0,41.0,14.0,1.0,,,2.0,,,
1024,2098,652.2527965583571,652.2521333809318,652.2520520130792,6424824.307122161,160.0358286666226,340907.0922281653,33.063671690253,-1,0.1247490941687372,0.49859010878137067,0.7311359101322888,0.5916084293217378,15.0,0.17647058823529413,1.2647058823529411,N3 S2 O6,de-protonated,,0.0,,C34 H43 O6 N3 S2,34.0,43.0,6.0,3.0,,2.0,,,,
1025,2098,652.2527965583571,652.2521333809318,652.2521849548091,6424824.307122161,160.0358286666226,340907.0922281653,33.063671690253,-1,-0.07907045535695982,0.4994331006035368,0.8007932653391598,0.619977166497786,2.0,0.6086956521739131,2.0869565217391304,N3 S1 P1 O14,de-protonated,,0.0,,C23 H48 O14 N3 P1 S1,23.0,48.0,14.0,3.0,1.0,1.0,,,,
1026,2102,653.6209147527813,653.6202502006696,653.620182677679,2577098.9718709635,89.450768333696,376721.548267355,13.28666114311003,-1,0.10330615904732367,0.9980654238441932,0.0,0.5988392543065159,1.0,0.1,2.05,N2 O4,de-protonated,,0.0,,C40 H82 O4 N2,40.0,82.0,4.0,2.0,,,,,,
1027,2103,654.1668358055617,654.1661707049184,654.166210930969,3193944.3189602774,166.90511251210413,358342.6486695554,16.61474176817072,-1,-0.06149209471316952,0.9993141274447259,0.0,0.5995884764668356,30.0,0.046511627906976744,0.6976744186046512,N1 S1 P1 O2,de-protonated,,0.0,,C43 H30 O2 N1 P1 S1,43.0,30.0,2.0,1.0,1.0,1.0,,,,
1028,2103,654.1668358055617,654.1661707049184,654.1660725465391,3193944.3189602774,166.90511251210413,358342.6486695554,16.61474176817072,-1,0.15005116191904633,0.9959229529198736,0.0,0.5975537717519241,3.0,0.6818181818181818,1.9090909090909092,N1 S2 P1 O15,de-protonated,,0.0,,C22 H42 O15 N1 P1 S2,22.0,42.0,15.0,1.0,1.0,2.0,,,,
1029,2106,654.3028721684433,654.302206931114,654.3023700538489,30855732.911808763,274.4883652489439,340500.2338242036,158.96355365157422,-1,-0.24930787712393937,0.6605888532947345,0.9204089858694614,0.7645169063246253,13.0,0.16666666666666666,1.3888888888888888,N1 S1 P1 O6,de-protonated,,0.0,,C36 H50 O6 N1 P1 S1,36.0,50.0,6.0,1.0,1.0,1.0,,,,
1030,2107,655.2863116900027,655.2856454645489,655.285734188079,1631570.0731546807,68.86591745312067,391643.657679472,8.575499166946615,-1,-0.13539670630531,0.996679160266212,0.0,0.5980074961597271,4.0,0.32142857142857145,1.8928571428571428,N2 S2 P1 O9,de-protonated,,0.0,,C28 H53 O9 N2 P1 S2,28.0,53.0,9.0,2.0,1.0,2.0,,,,
1031,2108,655.3062620220887,655.3055957765898,655.305724888919,9579604.64559942,370.44756611213745,329459.93611236237,49.64354033206386,-1,-0.19702609682947334,0.6619873605967447,0.9204089858694614,0.7653560107058314,13.0,0.16666666666666666,1.3888888888888888,13C1 N1 S1 P1 O6,de-protonated,,1.0,2106.0,C35 H50 O6 N1 P1 S1 13C1,35.0,50.0,6.0,1.0,1.0,1.0,1.0,,,
1032,2109,656.1824562866045,656.1817891607541,656.1818609954289,1849786.8164081757,77.03296994787459,348623.3750817465,9.564448391831197,-1,-0.109473728393244,0.9978277913926544,0.0,0.5986966748355926,29.0,0.046511627906976744,0.7441860465116279,N1 S1 P1 O2,de-protonated,,0.0,,C43 H32 O2 N1 P1 S1,43.0,32.0,2.0,1.0,1.0,1.0,,,,
1033,2109,656.1824562866045,656.1817891607541,656.1817226109989,1849786.8164081757,77.03296994787459,348623.3750817465,9.564448391831197,-1,0.10141970260317959,0.9981353673739912,0.0,0.5988812204243947,2.0,0.6818181818181818,2.0,N1 S2 P1 O15,de-protonated,,0.0,,C22 H44 O15 N1 P1 S2,22.0,44.0,15.0,1.0,1.0,2.0,,,,
1034,2111,656.298507804433,656.2978405619815,656.297738903419,4744107.393209629,209.16462299917018,310529.36480365007,24.50330614417954,-1,0.1548970176874094,0.49782797442671095,0.7141928963326603,0.5843739431890906,18.0,0.21621621621621623,1.162162162162162,N3 O8,de-protonated,,0.0,,C37 H43 O8 N3,37.0,43.0,8.0,3.0,,,,,,
1035,2113,657.153367962717,657.152699861366,657.152851034339,1864270.6611225621,103.79318672888678,331138.0880055473,9.689136268155634,-1,-0.23004232998083315,0.9904437846600196,0.0,0.5942662707960117,7.0,0.64,1.52,S2 O16,de-protonated,,0.0,,C25 H38 O16 S2,25.0,38.0,16.0,,,2.0,,,,
1036,2114,657.2773935193229,657.2767252933616,657.2768835811589,7180601.1846494535,288.24202126590353,349071.9458445501,37.17606866665263,-1,-0.24082361837161476,0.4947659377257331,0.7311359101322887,0.5893139266883554,13.0,0.20588235294117646,1.3823529411764706,N2 S1 P1 O7,de-protonated,,0.0,,C34 H47 O7 N2 P1 S1,34.0,47.0,7.0,2.0,1.0,1.0,,,,
1037,2115,658.2616335630966,658.260964348265,658.260899164069,33766403.15897521,221.58301386373634,329031.294854099,175.96058384267104,-1,0.09902486404547674,0.3327407699975646,0.6976611809416191,0.4787089343751864,13.0,0.23529411764705882,1.3529411764705883,N1 S1 P1 O8,de-protonated,,0.0,,C34 H46 O8 N1 P1 S1,34.0,46.0,8.0,1.0,1.0,1.0,,,,
1038,2117,658.2777953334356,658.2771261023664,658.2770034585291,75535558.66584024,352.8280242767904,336649.4311569383,394.53744406413426,-1,0.18631037802242478,0.6626450571529172,0.9020976368687338,0.7584260890392438,18.0,0.25,1.1388888888888888,N3 O9,de-protonated,,0.0,,C36 H41 O9 N3,36.0,41.0,9.0,3.0,,,,,,
1039,2119,658.2941888497584,658.2935196022187,658.293642043939,103703601.38062118,153.92750270461224,334471.2299200791,548.4318927067192,-1,-0.18599863727998756,0.4258846988122702,0.895595979325992,0.6137692110177589,3.0,0.42857142857142855,1.8928571428571428,N1 S2 O12,de-protonated,,0.0,,C28 H53 O12 N1 S2,28.0,53.0,12.0,1.0,,2.0,,,,
1040,2120,659.274481243575,659.2738110111512,659.273773259279,1738573.2442628804,107.18985305857284,277741.9933504389,9.093003202456744,-1,0.05726281519588906,0.9994052012763053,0.0,0.5996431207657832,26.0,0.045454545454545456,0.9090909090909091,N2 S1 O2,de-protonated,,0.0,,C44 H40 O2 N2 S1,44.0,40.0,2.0,2.0,,1.0,,,,
1041,2120,659.274481243575,659.2738110111512,659.273906201009,1738573.2442628804,107.18985305857284,277741.9933504389,9.093003202456744,-1,-0.14438590228884599,0.9962244322846243,0.0,0.5977346593707745,13.0,0.30303030303030304,1.3636363636363635,N2 P1 O10,de-protonated,,0.0,,C33 H45 O10 N2 P1,33.0,45.0,10.0,2.0,1.0,,,,,
1042,2121,659.2811464348821,659.2804761957619,659.2803582935991,21131440.052631877,174.36422996459336,336172.63337142626,109.4147629458466,-1,0.17883463593707247,0.6628091631570996,0.9020976368687338,0.7585245526417532,18.0,0.25,1.1388888888888888,13C1 N3 O9,de-protonated,,1.0,2117.0,C35 H41 O9 N3 13C1,35.0,41.0,9.0,3.0,,,1.0,,,
1043,2122,659.2930734454385,659.2924031943357,659.292533645619,74944909.6498259,155.22826009942975,340087.24124208104,385.16775879310535,-1,-0.1978655552046887,0.248230328881486,0.6765432593761751,0.4195555010793617,12.0,0.20588235294117646,1.4411764705882353,N2 S1 P1 O7,de-protonated,,0.0,,C34 H49 O7 N2 P1 S1,34.0,49.0,7.0,2.0,1.0,1.0,,,,
1044,2123,659.297522659064,659.2968524034912,659.296996879009,30397171.2461475,297.52147574290666,341892.26555694774,157.26332424565155,-1,-0.2191357134703592,0.42553930544614244,0.895595979325992,0.6135619749980823,3.0,0.42857142857142855,1.8928571428571428,13C1 N1 S2 O12,de-protonated,,1.0,2119.0,C27 H53 O12 N1 S2 13C1,27.0,53.0,12.0,1.0,,2.0,1.0,,,
1045,2124,660.2370275420317,660.2363563425719,660.2365210896991,10119486.774437943,275.3289051260648,331782.10724562494,53.43878925364354,-1,-0.24952743742335892,0.9932581186256455,0.9651990587729551,0.9820344946845694,4.0,0.5384615384615384,1.8076923076923077,N1 S2 O14,de-protonated,,0.0,,C26 H47 O14 N1 S2,26.0,47.0,14.0,1.0,,2.0,,,,
1046,2125,660.2681192254908,660.2674479947945,660.2673046984389,4425283.010925751,221.29440078599265,324692.57690001436,22.787285133867503,-1,0.21702779239859799,0.495744995466846,0.6775563317581,0.5684695299833475,26.0,0.06818181818181818,0.9090909090909091,N1 P1 O3,de-protonated,,0.0,,C44 H40 O3 N1 P1,44.0,40.0,3.0,1.0,1.0,,,,,
1047,2128,660.3009264017201,660.3002551380639,660.300351714079,4430553.621241798,206.0196309612897,324233.43676553894,22.932699490952995,-1,-0.14626073559146588,0.4262252105510405,0.895595979325992,0.6139735180610211,3.0,0.42857142857142855,1.8928571428571428,13C2 N1 S2 O12,de-protonated,,1.0,2119.0,C26 H53 O12 N1 S2 13C2,26.0,53.0,12.0,1.0,,2.0,2.0,,,
1048,2128,660.3009264017201,660.3002551380639,660.300180520039,4430553.621241798,206.0196309612897,324233.43676553894,22.932699490952995,-1,0.11300621608757337,0.9976855093852645,0.0,0.5986113056311586,3.0,0.5555555555555556,1.9259259259259258,N1 P1 O15,de-protonated,,0.0,,C27 H52 O15 N1 P1,27.0,52.0,15.0,1.0,1.0,,,,,
1049,2129,661.0611782670443,661.0605062396041,661.0603661356989,2102467.459435666,155.7252089736753,337842.9648548449,11.09952393518165,-1,0.2119381411848835,0.9918828520217321,0.0,0.5951297112130393,35.0,0.023809523809523808,0.4523809523809524,N2 S2 P1 O1,de-protonated,,0.0,,C42 H19 O1 N2 P1 S2,42.0,19.0,1.0,2.0,1.0,2.0,,,,
1050,2130,661.2404744637538,661.2398022561861,661.2398759247691,2292283.085601143,170.2167296308619,297224.0320142808,11.928583165623815,-1,-0.11140977078909256,0.9977503682649791,0.9651990587729551,0.9847298444681696,4.0,0.5384615384615384,1.8076923076923077,13C1 N1 S2 O14,de-protonated,,1.0,2124.0,C25 H47 O14 N1 S2 13C1,25.0,47.0,14.0,1.0,,2.0,1.0,,,
1051,2131,661.2901369952694,661.289464737809,661.289423323739,24737017.849357642,86.48135298993009,333661.4629609934,128.4647017075621,-1,0.06262623977107408,0.3330962010284077,0.6302964184076378,0.4519762879800998,25.0,0.045454545454545456,0.9545454545454546,N2 S1 O2,de-protonated,,0.0,,C44 H42 O2 N2 S1,44.0,42.0,2.0,2.0,,1.0,,,,
1052,2131,661.2901369952694,661.289464737809,661.2895562654691,24737017.849357642,86.48135298993009,333661.4629609934,128.4647017075621,-1,-0.13840784145708854,0.498265035285369,0.7369636471990488,0.5937444800508409,12.0,0.30303030303030304,1.4242424242424243,N2 P1 O10,de-protonated,,0.0,,C33 H47 O10 N2 P1,33.0,47.0,10.0,2.0,1.0,,,,,
1053,2132,661.5565341504772,661.5558616253859,661.555868342729,1838890.8915595477,101.76554582845588,364585.50229375076,9.474962633624742,-1,-0.010153856155809247,0.9999812926712042,0.0,0.5999887756027225,0.0,0.13513513513513514,2.108108108108108,N2 S1 O5,de-protonated,,0.0,,C37 H78 O5 N2 S1,37.0,78.0,5.0,2.0,,1.0,,,,
1054,2133,662.2282406343037,662.2275674344014,662.227670482779,5105661.093220411,148.7418916402317,323259.9927041761,27.051018318998636,-1,-0.15560868591764235,0.9975997470590796,0.9471928326859236,0.9774369813098172,13.0,0.375,1.28125,N1 S1 O12,de-protonated,,0.0,,C32 H41 O12 N1 S1,32.0,41.0,12.0,1.0,,1.0,,,,
1055,2136,662.2646989164057,662.2640256798769,662.2640559921291,5770533.860923099,120.17940177076477,338095.16119160433,30.77520502082614,-1,-0.045770643776421004,0.49980997299054153,0.7369636471990488,0.5946714426739445,12.0,0.3333333333333333,1.3636363636363635,N1 S1 O11,de-protonated,,0.0,,C33 H45 O11 N1 S1,33.0,45.0,11.0,1.0,,1.0,,,,
1056,2138,663.2317313061809,663.2310570981668,663.2310253178491,2293012.793403003,504.5524157306395,279878.4494901755,11.80093436347637,-1,0.047917417179843304,0.9995834662797856,0.9471928326859236,0.9786272128422407,13.0,0.375,1.28125,13C1 N1 S1 O12,de-protonated,,1.0,2133.0,C31 H41 O12 N1 S1 13C1,31.0,41.0,12.0,1.0,,1.0,1.0,,,
1057,2139,664.2438956334464,664.2432204086273,664.243320547239,9961434.39417572,201.6623048167809,348367.4884734469,51.44904710058235,-1,-0.15075591826771523,0.49794232207229305,0.7428850341668508,0.5959194069101161,12.0,0.375,1.34375,N1 S1 O12,de-protonated,,0.0,,C32 H43 O12 N1 S1,32.0,43.0,12.0,1.0,,1.0,,,,
1058,2140,664.2602854059944,664.2596101647105,664.259579010129,13588164.02945168,212.46206438122834,337961.6071184328,70.9806297961738,-1,0.046901215264406854,0.9992117176033566,0.9957230533389254,0.9978162518975842,2.0,0.46153846153846156,2.0,N1 S2 P1 O12,de-protonated,,0.0,,C26 H52 O12 N1 P1 S2,26.0,52.0,12.0,1.0,1.0,2.0,,,,
1059,2142,665.2635564867603,665.262880237626,665.262933845199,3726236.07847022,208.17339863089438,329800.4254203042,19.404591876960225,-1,-0.08058103089040039,0.9988224925909542,0.9957230533389254,0.9975827168901428,2.0,0.46153846153846156,2.0,13C1 N1 S2 P1 O12,de-protonated,,1.0,2140.0,C25 H52 O12 N1 P1 S2 13C1,25.0,52.0,12.0,1.0,1.0,2.0,1.0,,,
1060,2144,666.2396025743775,666.2389253447614,666.2388435652391,1472897771.2131033,416.2236633900669,329119.24261980783,7744.708123889749,-1,0.12274805505153356,0.3117066053916419,0.8784354417485986,0.5383981399344245,2.0,0.52,2.0,N1 S2 P1 O13,de-protonated,,0.0,,C25 H50 O13 N1 P1 S2,25.0,50.0,13.0,1.0,1.0,2.0,,,,
1061,2145,666.2573560141594,666.2566787667093,666.2567400144089,4092576.339063656,152.0404546152444,332141.59267543966,21.398281931118767,-1,-0.09192807503879766,0.49923389686786346,0.667769152885588,0.5666479992749534,29.0,0.043478260869565216,0.8260869565217391,N1 P1 O2,de-protonated,,0.0,,C46 H38 O2 N1 P1,46.0,38.0,2.0,1.0,1.0,,,,,
1062,2145,666.2573560141594,666.2566787667093,666.2566016299791,4092576.339063656,152.0404546152444,332141.59267543966,21.398281931118767,-1,0.11577630914948908,0.9975707892285988,0.0,0.5985424735371593,2.0,0.6,2.0,N1 S1 P1 O15,de-protonated,,0.0,,C25 H50 O15 N1 P1 S1,25.0,50.0,15.0,1.0,1.0,1.0,,,,
1063,2146,666.3030354880362,666.3023581946995,666.3023700538489,4225627.245591904,308.91376449188914,313473.9577509782,22.339856342835226,-1,-0.01779844992364631,0.9998057014081818,0.9856939440084055,0.9941609984482713,14.0,0.16216216216216217,1.3513513513513513,N1 S1 P1 O6,de-protonated,,0.0,,C37 H50 O6 N1 P1 S1,37.0,50.0,6.0,1.0,1.0,1.0,,,,
1064,2147,667.2366545608579,667.2359763296781,667.235878459689,5122713.713813644,216.39308091991558,333690.07896848774,26.55358278073334,-1,0.14667974585315088,0.31163372540435924,0.8784354417485986,0.5383544119420549,2.0,0.52,2.0,15N1 S2 P1 O13,de-protonated,,1.0,2144.0,C25 H50 O13 P1 S2 15N1,25.0,50.0,13.0,,1.0,2.0,,1.0,,
1065,2148,667.2429356808109,667.2422574433216,667.2421984003091,390733885.77420574,137.1036939207754,335385.37987699785,2008.776300218522,-1,0.08848812711761499,0.3117885058732648,0.8784354417485986,0.5384472802233983,2.0,0.52,2.0,13C1 N1 S2 P1 O13,de-protonated,,1.0,2144.0,C24 H50 O13 N1 P1 S2 13C1,24.0,50.0,13.0,1.0,1.0,2.0,1.0,,,
1066,2148,667.2429356808109,667.2422574433216,667.242334745929,390733885.77420574,137.1036939207754,335385.37987699785,2008.776300218522,-1,-0.11585387111361402,0.0906879579365092,0.6773636611469139,0.32535823922067114,2.0,0.625,2.0,N2 S2 O15,de-protonated,,0.0,,C24 H48 O15 N2 S2,24.0,48.0,15.0,2.0,,2.0,,,,
1067,2149,667.3063746815454,667.3056963803308,667.305724888919,1574830.300860514,314.14407804763476,272272.7471492848,8.302764999471792,-1,-0.042721929643890634,0.9996688813537845,0.9856939440084055,0.9940789064156329,14.0,0.16216216216216217,1.3513513513513513,13C1 N1 S1 P1 O6,de-protonated,,1.0,2146.0,C36 H50 O6 N1 P1 S1 13C1,36.0,50.0,6.0,1.0,1.0,1.0,1.0,,,
1068,2149,667.3063746815454,667.3056963803308,667.305861234539,1574830.300860514,314.14407804763476,272272.7471492848,8.302764999471792,-1,-0.24704444802293363,0.9889871034947104,0.0,0.5933922620968263,14.0,0.2222222222222222,1.3333333333333333,N2 S1 O8,de-protonated,,0.0,,C36 H48 O8 N2 S1,36.0,48.0,8.0,2.0,,1.0,,,,
1069,2150,668.1826884083422,668.1820092268662,668.1818609954289,3259180.165888412,283.1213924677171,321349.5988851565,16.854905751592458,-1,0.22184295312108337,0.9911098835361853,0.0,0.5946659301217112,30.0,0.045454545454545456,0.7272727272727273,N1 S1 P1 O2,de-protonated,,0.0,,C44 H32 O2 N1 P1 S1,44.0,32.0,2.0,1.0,1.0,1.0,,,,
1070,2151,668.2188997884954,668.2182205706453,668.2182465047789,1738627.564556225,196.47958025116657,295723.06462529284,8.94693086185503,-1,-0.038810873216326355,0.9997267241154543,0.0,0.5998360344692726,29.0,0.022222222222222223,0.8,N1 S1 P1 O1,de-protonated,,0.0,,C45 H36 O1 N1 P1 S1,45.0,36.0,1.0,1.0,1.0,1.0,,,,
1071,2151,668.2188997884954,668.2182205706453,668.218108120349,1738627.564556225,196.47958025116657,295723.06462529284,8.94693086185503,-1,0.16828382059973157,0.9948746536793335,0.0,0.5969247922076001,2.0,0.5833333333333334,2.0,N1 S2 P1 O14,de-protonated,,0.0,,C24 H48 O14 N1 P1 S2,24.0,48.0,14.0,1.0,1.0,2.0,,,,
1072,2152,668.2366607587238,668.2359815230329,668.236004569519,495041385.8569388,389.6168206764084,332470.25343034434,2561.608786681747,-1,-0.034488542786577724,0.33313125378402103,0.6156287832797049,0.4461302655822946,29.0,0.06666666666666667,0.8,N1 P1 O3,de-protonated,,0.0,,C45 H36 O3 N1 P1,45.0,36.0,3.0,1.0,1.0,,,,,
1073,2152,668.2366607587238,668.2359815230329,668.2358661850891,495041385.8569388,389.6168206764084,332470.25343034434,2561.608786681747,-1,0.17260064847712864,0.3985184371557272,0.9205838365488489,0.6073445969129758,2.0,0.6666666666666666,2.0,N1 S1 P1 O16,de-protonated,,0.0,,C24 H48 O16 N1 P1 S1,24.0,48.0,16.0,1.0,1.0,1.0,,,,
1074,2153,668.2463016176067,668.2456223722315,668.2455532353791,53623418.572201006,312.1194778672511,329066.11728529894,278.58495690108657,-1,0.10346025060448077,0.3117559693285325,0.8784354417485986,0.5384277582965589,2.0,0.52,2.0,13C2 N1 S2 P1 O13,de-protonated,,1.0,2144.0,C23 H50 O13 N1 P1 S2 13C2,23.0,50.0,13.0,1.0,1.0,2.0,2.0,,,
1075,2154,668.2823819746441,668.2817026930264,668.2816346089589,1662830.3754344855,64.74587842089025,299285.76296854013,8.564971430687033,-1,0.10187930352595277,0.998118445216265,0.0,0.598871067129759,14.0,0.19444444444444445,1.3333333333333333,N1 S1 P1 O7,de-protonated,,0.0,,C36 H48 O7 N1 P1 S1,36.0,48.0,7.0,1.0,1.0,1.0,,,,
1076,2155,668.3185461181272,668.3178668001829,668.3180201183089,380468308.4374256,232.43947905852323,333598.2534649451,1961.2751542152832,-1,-0.22940893626355052,0.11005512060663707,0.6346275090240724,0.31988407597361124,13.0,0.16216216216216217,1.4054054054054055,N1 S1 P1 O6,de-protonated,,0.0,,C37 H52 O6 N1 P1 S1,37.0,52.0,6.0,1.0,1.0,1.0,,,,
1077,2156,668.484221123878,668.4835416395146,668.483689202169,4383806.709302587,227.08565427105287,307854.7897085625,23.089299567814294,-1,-0.22074234093804357,0.4955987439886674,0.6582606959877633,0.5606635247883058,18.0,0.020833333333333332,1.3125,N1 O1,de-protonated,,0.0,,C48 H63 O1 N1,48.0,63.0,1.0,1.0,,,,,,
1078,2157,669.2336700892893,669.2329898521174,669.2330394639689,1999693.039200426,116.00556273277581,302576.29209329846,10.38297988601378,-1,-0.07413240022146168,0.33300110843141695,0.6156287832797049,0.4460521783707322,29.0,0.06666666666666667,0.8,15N1 P1 O3,de-protonated,,1.0,2152.0,C45 H36 O3 P1 15N1,45.0,36.0,3.0,,1.0,,,1.0,,
1079,2157,669.2336700892893,669.2329898521174,669.232901079539,1999693.039200426,116.00556273277581,302576.29209329846,10.38297988601378,-1,0.1326482577413372,0.39873877227483323,0.9205838365488489,0.6074767979844395,2.0,0.6666666666666666,2.0,15N1 S1 P1 O16,de-protonated,,1.0,2152.0,C24 H48 O16 P1 S1 15N1,24.0,48.0,16.0,,1.0,1.0,,1.0,,
1080,2158,669.2399899257412,669.2393096822211,669.239221020159,128671027.72434033,147.28111978437363,334374.9509594254,661.4366137170837,-1,0.13248186797947162,0.3987395701862445,0.9205838365488489,0.6074772767312863,2.0,0.6666666666666666,2.0,13C1 N1 S1 P1 O16,de-protonated,,1.0,2152.0,C23 H48 O16 N1 P1 S1 13C1,23.0,48.0,16.0,1.0,1.0,1.0,1.0,,,
1081,2158,669.2399899257412,669.2393096822211,669.239357365779,128671027.72434033,147.28111978437363,334374.9509594254,661.4366137170837,-1,-0.07125037908258137,0.19981585574516625,0.7352459360846426,0.4139878878809568,2.0,0.782608695652174,2.0,N2 S1 O18,de-protonated,,0.0,,C23 H46 O18 N2 S1,23.0,46.0,18.0,2.0,,1.0,,,,
1082,2159,669.2496701348317,669.2489898815883,669.248908070449,3673751.629498423,164.192486940159,306436.4787561284,19.50328940439382,-1,0.12224321661574608,0.311708004187779,0.8784354417485986,0.5383989792121069,2.0,0.52,2.0,13C3 N1 S2 P1 O13,de-protonated,,1.0,2144.0,C22 H50 O13 N1 P1 S2 13C3,22.0,50.0,13.0,1.0,1.0,2.0,3.0,,,
1083,2159,669.2496701348317,669.2489898815883,669.248873222029,3673751.629498423,164.192486940159,306436.4787561284,19.50328940439382,-1,0.17431416608563893,0.9945017747903728,0.0,0.5967010648742237,2.0,0.782608695652174,2.0434782608695654,N2 P1 O18,de-protonated,,0.0,,C23 H47 O18 N2 P1,23.0,47.0,18.0,2.0,1.0,,,,,
1084,2161,670.1981658461166,670.1974846401422,670.1975110598889,1957074.4318435276,59.59693059488374,389553.8296289261,10.521156424420807,-1,-0.03942083685763826,0.9997180680601667,0.0,0.5998308408361,29.0,0.045454545454545456,0.7727272727272727,N1 S1 P1 O2,de-protonated,,0.0,,C44 H34 O2 N1 P1 S1,44.0,34.0,2.0,1.0,1.0,1.0,,,,
1085,2161,670.1981658461166,670.1974846401422,670.197372675459,1957074.4318435276,59.59693059488374,389553.8296289261,10.521156424420807,-1,0.1670622533108139,0.9949486055145882,0.0,0.5969691633087529,2.0,0.6521739130434783,2.0,N1 S2 P1 O15,de-protonated,,0.0,,C23 H46 O15 N1 P1 S2,23.0,46.0,15.0,1.0,1.0,2.0,,,,
1086,2162,670.2433441763932,670.2426629250392,670.242575855229,16500569.263509301,189.96137957470796,327941.0209439929,85.34046205424507,-1,0.12990790699192692,0.3987517866697988,0.9205838365488489,0.6074846066214188,2.0,0.6666666666666666,2.0,13C2 N1 S1 P1 O16,de-protonated,,1.0,2152.0,C22 H48 O16 N1 P1 S1 13C2,22.0,48.0,16.0,1.0,1.0,1.0,2.0,,,
1087,2163,670.2576095407975,670.2569282751145,670.2568764120691,1636570.0251183382,274.80265860851716,254758.5789448955,8.436664645023363,-1,0.07737786399993682,0.9989141960528967,0.0,0.599348517631738,10.0,0.3333333333333333,1.5333333333333334,N3 S1 P1 O10,de-protonated,,0.0,,C30 H46 O10 N3 P1 S1,30.0,46.0,10.0,3.0,1.0,1.0,,,,
1088,2164,670.3252206257928,670.3245392921976,670.3244256526789,15925675.323454972,79.6636205894834,322020.1244173888,84.1455639887824,-1,0.1695291330731351,0.33159957182889704,0.6116976458364369,0.44363880143191303,26.0,0.02127659574468085,0.9787234042553191,N1 P1 O1,de-protonated,,0.0,,C47 H46 O1 N1 P1,47.0,46.0,1.0,1.0,1.0,,,,,
1089,2165,671.169187900845,671.1685057195315,671.168639483229,6244517.397254038,273.2963526923349,322224.66611954354,32.379368833380106,-1,-0.19929968357839886,0.49640935089743615,0.6629808336684154,0.563037944005828,34.0,0.06382978723404255,0.5957446808510638,S1 O3,de-protonated,,0.0,,C47 H28 O3 S1,47.0,28.0,3.0,,,1.0,,,,
1090,2165,671.169187900845,671.1685057195315,671.1685010987991,6244517.397254038,273.2963526923349,322224.66611954354,32.379368833380106,-1,0.006884608544699204,0.9994983949643182,0.9838016838670414,0.9932197105254075,7.0,0.6153846153846154,1.5384615384615385,S2 O16,de-protonated,,0.0,,C26 H40 O16 S2,26.0,40.0,16.0,,,2.0,,,,
1091,2168,671.586942661692,671.5862600607721,671.586119643869,5044312.593619879,245.45157453341585,315893.994941717,25.94429004470997,-1,0.20908249745351215,0.9907245470130899,0.9899744908586191,0.9904245245513016,1.0,0.10256410256410256,2.076923076923077,N2 P1 O4,de-protonated,,0.0,,C39 H81 O4 N2 P1,39.0,81.0,4.0,2.0,1.0,,,,,
1092,2169,672.172588901068,672.171905711912,672.1718559338691,1593351.448842411,79.09744612731436,336228.56403270026,8.197158645117849,-1,0.074055529820169,0.9990053901665152,0.9838016838670414,0.9929239076467258,7.0,0.6153846153846154,1.5384615384615385,13C1 S2 O16,de-protonated,,1.0,2165.0,C25 H40 O16 S2 13C1,25.0,40.0,16.0,,,2.0,1.0,,,
1093,2169,672.172588901068,672.171905711912,672.1717505413991,1593351.448842411,79.09744612731436,336228.56403270026,8.197158645117849,-1,0.23084950059404388,0.9903769297430579,0.0,0.5942261578458348,39.0,0.041666666666666664,0.4791666666666667,N3 O2,de-protonated,,0.0,,C48 H23 O2 N3,48.0,23.0,2.0,3.0,,,,,,
1094,2172,672.2934949734218,672.2928116628261,672.2926535229891,2390399.109575124,70.03274988444761,340233.5025527537,12.409569115983516,-1,0.2352246989426244,0.9900105539181246,0.0,0.5940063323508747,18.0,0.24324324324324326,1.162162162162162,N3 O9,de-protonated,,0.0,,C37 H43 O9 N3,37.0,43.0,9.0,3.0,,,,,,
1095,2173,672.5903214728985,672.5896378641669,672.589474478939,2026961.865219417,288.54783899807364,320980.3292610016,10.48661228981905,-1,0.2429196918661381,0.9893498361565939,0.9899744908586191,0.989599698037404,1.0,0.10256410256410256,2.076923076923077,13C1 N2 P1 O4,de-protonated,,1.0,2168.0,C38 H81 O4 N2 P1 13C1,38.0,81.0,4.0,2.0,1.0,,1.0,,,
1096,2173,672.5903214728985,672.5896378641669,672.5896108245591,2026961.865219417,288.54783899807364,320980.3292610016,10.48661228981905,-1,0.04020223819815417,0.999706782008968,0.0,0.5998240692053808,1.0,0.15789473684210525,2.0789473684210527,N3 O6,de-protonated,,0.0,,C38 H79 O6 N3,38.0,79.0,6.0,3.0,,,,,,
1097,2175,673.2724409344769,673.2717566406238,673.2717982007289,2848718.2457772493,195.8234364204563,342705.1985936635,14.978994746838003,-1,-0.06172856958715257,0.9993088439259413,0.0,0.5995853063555647,13.0,0.23529411764705882,1.3823529411764706,N2 S1 P1 O8,de-protonated,,0.0,,C34 H47 O8 N2 P1 S1,34.0,47.0,8.0,2.0,1.0,1.0,,,,
1098,2178,674.2527344712832,674.2520491928386,674.2521711541591,4019908.687090979,251.7388161528476,292503.33585081185,20.667262244593967,-1,-0.18088383796400714,0.9940807752262133,0.0,0.5964484651357279,4.0,0.5185185185185185,1.8148148148148149,N1 S2 O14,de-protonated,,0.0,,C27 H49 O14 N1 S2,27.0,49.0,14.0,1.0,,2.0,,,,
1099,2179,674.2646862008653,674.2640009104166,674.2640559921291,29434667.12222817,176.56092577135573,333524.7371276975,153.08907681872688,-1,-0.08169160437015409,0.3329299439100001,0.6976611809416191,0.47882243872264774,13.0,0.3235294117647059,1.3235294117647058,N1 S1 O11,de-protonated,,0.0,,C34 H45 O11 N1 S1,34.0,45.0,11.0,1.0,,1.0,,,,
1100,2181,674.2802753149505,674.2795900088446,674.279445075149,1563290.1863507964,96.43630435722778,322556.4479271944,8.176103172598683,-1,0.21494603846528604,0.9916517856842684,0.0,0.594991071410561,4.0,0.5925925925925926,1.8518518518518519,N1 P1 O16,de-protonated,,0.0,,C27 H50 O16 N1 P1,27.0,50.0,16.0,1.0,1.0,,,,,
1101,2186,676.2320424868847,676.2313552205126,676.231435709269,2143534.2663957393,371.8570233511741,258350.9692386915,11.06596677585423,-1,-0.11902545815295083,0.9974327067790836,0.0,0.5984596240674501,4.0,0.5769230769230769,1.8076923076923077,N1 S2 O15,de-protonated,,0.0,,C26 H47 O15 N1 S2,26.0,47.0,15.0,1.0,,2.0,,,,
1102,2188,676.2684395239427,676.2677522210157,676.267821218619,174188913.12449875,139.4681448172867,324901.3431744072,922.5665838997816,-1,-0.10202703890733776,0.2850582478542218,0.865237542098998,0.5171299655521323,3.0,0.5185185185185185,1.8888888888888888,N1 S2 O14,de-protonated,,0.0,,C27 H51 O14 N1 S2,27.0,51.0,14.0,1.0,,2.0,,,,
1103,2189,676.2803728090921,676.2796854941801,676.279706056589,5946562044.471413,131.84627592540906,329810.9027546296,30594.780676809405,-1,-0.030405184096070993,0.13621823837034014,0.854573584158985,0.4235603766857981,12.0,0.3235294117647059,1.3823529411764706,N1 S1 O11,de-protonated,,0.0,,C34 H47 O11 N1 S1,34.0,47.0,11.0,1.0,,1.0,,,,
1104,2191,677.2717816112873,677.2710933006796,677.2711760536891,51971094.644133925,173.850218459991,333972.18383747974,267.3202791033327,-1,-0.12218593155997506,0.2849413558448367,0.865237542098998,0.5170598303465013,3.0,0.5185185185185185,1.8888888888888888,13C1 N1 S2 O14,de-protonated,,1.0,2188.0,C26 H51 O14 N1 S2 13C1,26.0,51.0,14.0,1.0,,2.0,1.0,,,
1105,2192,677.2775062301223,677.2768179137652,677.276740951039,20997219.74896156,95.06083778114368,317145.01298944704,109.08050731960483,-1,0.11363556661274497,0.1361194846907192,0.854573584158985,0.42350112447802557,12.0,0.3235294117647059,1.3823529411764706,15N1 S1 O11,de-protonated,,1.0,2189.0,C34 H47 O11 S1 15N1,34.0,47.0,11.0,,,1.0,,1.0,,
1106,2193,677.2837074199246,677.2830190973395,677.283060891659,1606326210.8924742,190.51512417251288,320468.86151153664,8543.468529376834,-1,-0.0617087919357092,0.13619446643109304,0.854573584158985,0.42354611352224986,12.0,0.3235294117647059,1.3823529411764706,13C1 N1 S1 O11,de-protonated,,1.0,2189.0,C33 H47 O11 N1 S1 13C1,33.0,47.0,11.0,1.0,,1.0,1.0,,,
1107,2196,678.2773852831884,678.2766959626487,678.276728676439,1762287035.370042,294.87021787328683,327231.5704737749,9092.932140236991,-1,-0.04823074265086079,0.4534964992694493,0.9351153053104867,0.6461440216858643,12.0,0.42424242424242425,1.3636363636363635,N1 O14,de-protonated,,0.0,,C33 H45 O14 N1,33.0,45.0,14.0,1.0,,,,,,
1108,2197,678.2870287717807,678.2863394415559,678.286462463879,219564240.79704,149.8854894888527,326428.19756768097,1129.3734349830308,-1,-0.1813722224034132,0.12425610797687463,0.6742042975474725,0.34423538380511376,2.0,0.4230769230769231,2.076923076923077,N3 S2 P1 O11,de-protonated,,0.0,,C26 H54 O11 N3 P1 S2,26.0,54.0,11.0,3.0,1.0,2.0,,,,
1109,2198,678.300475757133,678.2997864134036,678.299868130399,4305601.08395839,448.4185524803383,301775.89075011766,22.66095229875251,-1,-0.12047325856247144,0.4986849768054238,0.6876346701883637,0.5742648541585997,19.0,0.023809523809523808,1.1904761904761905,N1 S2 P1 O1,de-protonated,,0.0,,C42 H50 O1 N1 P1 S2,42.0,50.0,1.0,1.0,1.0,2.0,,,,
1110,2199,679.2746001591037,679.2739098370769,679.273763570889,5637809.709358566,216.47323235755002,330606.8832939412,28.97496212043744,-1,0.21532730361466218,0.4527732507216935,0.9351153053104867,0.6457100725572108,12.0,0.42424242424242425,1.3636363636363635,15N1 O14,de-protonated,,1.0,2196.0,C33 H45 O14 15N1,33.0,45.0,14.0,,,,,1.0,,
1111,2200,679.2807552689949,679.2800649407866,679.2800835115091,536273817.70291877,164.62003409583025,328509.01704589365,2758.1826781206814,-1,-0.027338829735031236,0.4535225347268797,0.9351153053104867,0.6461596429603225,12.0,0.42424242424242425,1.3636363636363635,13C1 N1 O14,de-protonated,,1.0,2196.0,C32 H45 O14 N1 13C1,32.0,45.0,14.0,1.0,,,1.0,,,
1112,2201,679.2904027303163,679.2897123924192,679.289756940079,20165572.129855826,206.5457889863002,320560.54349762195,103.88770140956551,-1,-0.06557976075080281,0.3330733157078125,0.6811833218741572,0.4723173181743504,10.0,0.2,1.5142857142857142,S2 P1 O7,de-protonated,,0.0,,C35 H53 O7 P1 S2,35.0,53.0,7.0,,1.0,2.0,,,,
1113,2202,680.2188931746365,680.2182019042895,680.2182465047789,37031052.49246563,111.37947375648457,328873.6369705099,190.48885988089563,-1,-0.06556791099743467,0.24980505722175833,0.601200237010084,0.3903631291370886,30.0,0.021739130434782608,0.782608695652174,N1 S1 P1 O1,de-protonated,,0.0,,C46 H36 O1 N1 P1 S1,46.0,36.0,1.0,1.0,1.0,1.0,,,,
1114,2202,680.2188931746365,680.2182019042895,680.218108120349,37031052.49246563,111.37947375648457,328873.6369705099,190.48885988089563,-1,0.13787333696223858,0.6647347668491382,0.9138980990443788,0.7644000997272344,3.0,0.56,1.92,N1 S2 P1 O14,de-protonated,,0.0,,C25 H48 O14 N1 P1 S2,25.0,48.0,14.0,1.0,1.0,2.0,,,,
1115,2203,680.2388471792817,680.2381558888958,680.2382351668091,1602014.8896751497,284.29394987056895,250343.1584519731,8.247823375867092,-1,-0.11654433579629114,0.9975384927914707,0.0,0.5985230956748824,12.0,0.40625,1.34375,N1 S1 O13,de-protonated,,0.0,,C32 H43 O13 N1 S1,32.0,43.0,13.0,1.0,,1.0,,,,
1116,2204,680.2552786780924,680.254587371205,680.254493629699,19418801.12633182,178.80363247746524,328453.72909012093,100.01875833416874,-1,0.13780358218660244,0.6644064858751243,0.9347168430746717,0.7725306287549433,2.0,0.5,2.0,N1 S2 P1 O13,de-protonated,,0.0,,C26 H52 O13 N1 P1 S2,26.0,52.0,13.0,1.0,1.0,2.0,,,,
1117,2205,680.2778867907955,680.2771954612039,680.277118405959,2258974.263072171,127.68683062585717,276708.3355197818,11.626568731677027,-1,0.11327037587529123,0.4533234707670125,0.9351153053104867,0.6460402045844023,12.0,0.42424242424242425,1.3636363636363635,13C1 15N1 O14,de-protonated,,1.0,2196.0,C32 H45 O14 13C1 15N1,32.0,45.0,14.0,,,,1.0,1.0,,
1118,2205,680.2778867907955,680.2771954612039,680.277122599609,2258974.263072171,127.68683062585717,276708.3355197818,11.626568731677027,-1,0.10710575502850966,0.9979206503403314,0.0,0.5987523902041988,7.0,0.5862068965517241,1.6206896551724137,N1 O17,de-protonated,,0.0,,C29 H47 O17 N1,29.0,47.0,17.0,1.0,,,,,,
1119,2206,680.2841030594758,680.2834117236414,680.2834383465791,71368913.52000512,330.47036449395904,325375.74639483547,367.12321884418,-1,-0.03913506672707598,0.45350960271856294,0.9351153053104867,0.6461518837553324,12.0,0.42424242424242425,1.3636363636363635,13C2 N1 O14,de-protonated,,1.0,2196.0,C31 H45 O14 N1 13C2,31.0,45.0,14.0,1.0,,,2.0,,,
1120,2206,680.2841030594758,680.2834117236414,680.283352141999,71368913.52000512,330.47036449395904,325375.74639483547,367.12321884418,-1,0.08758356678319947,0.19972181937847672,0.6299655435010791,0.3718193090275177,15.0,0.16666666666666666,1.3055555555555556,N3 S2 O6,de-protonated,,0.0,,C36 H47 O6 N3 S2,36.0,47.0,6.0,3.0,,2.0,,,,
1121,2206,680.2841030594758,680.2834117236414,680.283485083729,71368913.52000512,330.47036449395904,325375.74639483547,367.12321884418,-1,-0.10783752545618618,0.19957843403680794,0.7251638645288945,0.4098126062336426,2.0,0.56,2.08,N3 S1 P1 O14,de-protonated,,0.0,,C25 H52 O14 N3 P1 S1,25.0,52.0,14.0,3.0,1.0,1.0,,,,
1122,2207,680.3186557882242,680.3179644176901,680.3180201183089,2255567.755479226,176.30080933311734,289522.44416604977,11.813765042042737,-1,-0.08187438407576983,0.9987844136209899,0.0,0.5992706481725939,14.0,0.15789473684210525,1.368421052631579,N1 S1 P1 O6,de-protonated,,0.0,,C38 H52 O6 N1 P1 S1,38.0,52.0,6.0,1.0,1.0,1.0,,,,
1123,2208,681.2222328454519,681.2215405675057,681.221462955419,8048344.976328374,285.93723944677083,319742.09091593424,42.20437869763599,-1,0.113930771255546,0.6650983516186272,0.9138980990443788,0.7646182505889279,3.0,0.56,1.92,13C1 N1 S2 P1 O14,de-protonated,,1.0,2202.0,C24 H48 O14 N1 P1 S2 13C1,24.0,48.0,14.0,1.0,1.0,2.0,1.0,,,
1124,2208,681.2222328454519,681.2215405675057,681.221599301039,8048344.976328374,285.93723944677083,319742.09091593424,42.20437869763599,-1,-0.0862179550845216,0.4993260519636464,0.7939170211058517,0.6171624396205285,3.0,0.6666666666666666,1.9166666666666667,N2 S2 O16,de-protonated,,0.0,,C24 H46 O16 N2 S2,24.0,46.0,16.0,2.0,,2.0,,,,
1125,2209,681.2586332964947,681.2579409819939,681.2578484647692,5567022.273267762,130.94676889209742,316313.0952902626,29.094715120390198,-1,0.1358035359914752,0.6644394715302578,0.9347168430746717,0.7725504201480233,2.0,0.5,2.0,13C1 N1 S2 P1 O13,de-protonated,,1.0,2204.0,C25 H52 O13 N1 P1 S2 13C1,25.0,52.0,13.0,1.0,1.0,2.0,1.0,,,
1126,2209,681.2586332964947,681.2579409819939,681.2579848103891,5567022.273267762,130.94676889209742,316313.0952902626,29.094715120390198,-1,-0.06433450492359877,0.9992492787889046,0.0,0.5995495672733427,2.0,0.6,2.0,N2 S2 O15,de-protonated,,0.0,,C25 H50 O15 N2 S2,25.0,50.0,15.0,2.0,,2.0,,,,
1127,2210,681.2875202457768,681.2868279022669,681.286779559929,6522586.18190016,134.855163375176,305989.4647225037,34.56255814021114,-1,0.07095739905917194,0.4995434158394131,0.7311359101322888,0.5921804135565634,10.0,0.29411764705882354,1.5,S1 P1 O10,de-protonated,,0.0,,C34 H51 O10 P1 S1,34.0,51.0,10.0,,1.0,1.0,,,,
1128,2212,682.1981834242594,682.1974901662388,682.1975110598889,3256222.0300149503,134.39571253591998,296399.5265420215,17.150340350377007,-1,-0.030626980864007145,0.49991490672303046,0.6726271416916009,0.5689998007104586,30.0,0.044444444444444446,0.7555555555555555,N1 S1 P1 O2,de-protonated,,0.0,,C45 H34 O2 N1 P1 S1,45.0,34.0,2.0,1.0,1.0,1.0,,,,
1129,2212,682.1981834242594,682.1974901662388,682.197372675459,3256222.0300149503,134.39571253591998,296399.5265420215,17.150340350377007,-1,0.172224028671576,0.9946324863142274,0.0,0.5967794917885364,3.0,0.625,1.9166666666666667,N1 S2 P1 O15,de-protonated,,0.0,,C24 H46 O15 N1 P1 S2,24.0,46.0,15.0,1.0,1.0,2.0,,,,
1130,2213,682.2159711735933,682.2152778977099,682.215269124629,10711429.255625583,109.48442184172654,324029.6354685915,55.091643846398085,-1,0.012859695953089714,0.9986047097081734,0.8959548019796284,0.9575447466167554,30.0,0.08888888888888889,0.7555555555555555,N1 P1 O4,de-protonated,,0.0,,C45 H34 O4 N1 P1,45.0,34.0,4.0,1.0,1.0,,,,,
1131,2213,682.2159711735933,682.2152778977099,682.215130740199,10711429.255625583,109.48442184172654,324029.6354685915,55.091643846398085,-1,0.2157054340965285,0.9952289018769607,0.9827553186061209,0.9902394685686247,3.0,0.7083333333333334,1.9166666666666667,N1 S1 P1 O17,de-protonated,,0.0,,C24 H46 O17 N1 P1 S1,24.0,46.0,17.0,1.0,1.0,1.0,,,,
1132,2214,682.2345523517766,682.2338590572338,682.2338965692388,138570577.385514,243.42670934978915,326085.4337124505,712.9172440264448,-1,-0.0549840828101506,0.16657526430147537,0.5865772129805422,0.3345760437731021,29.0,0.021739130434782608,0.8260869565217391,N1 S1 P1 O1,de-protonated,,0.0,,C46 H38 O1 N1 P1 S1,46.0,38.0,1.0,1.0,1.0,1.0,,,,
1133,2214,682.2345523517766,682.2338590572338,682.2337581848091,138570577.385514,243.42670934978915,326085.4337124505,712.9172440264448,-1,0.14785610281759615,0.42758950168702387,0.8918925616689376,0.6133107256797894,2.0,0.56,2.0,N1 S2 P1 O14,de-protonated,,0.0,,C25 H50 O14 N1 P1 S2,25.0,50.0,14.0,1.0,1.0,2.0,,,,
1134,2215,682.2522565212982,682.2515632089766,682.2516546339789,6192682.365073752,183.11794394345756,329616.43837678095,32.04511320713834,-1,-0.13400480849450536,0.49837348807029663,0.667769152885588,0.5661317539964132,29.0,0.06521739130434782,0.8260869565217391,N1 P1 O3,de-protonated,,0.0,,C46 H38 O3 N1 P1,46.0,38.0,3.0,1.0,1.0,,,,,
1135,2215,682.2522565212982,682.2515632089766,682.2515162495491,6192682.365073752,183.11794394345756,329616.43837678095,32.04511320713834,-1,0.06883008145518092,0.49957037084310474,0.7871578612348821,0.6146053669998157,2.0,0.64,2.0,N1 S1 P1 O16,de-protonated,,0.0,,C25 H50 O16 N1 P1 S1,25.0,50.0,16.0,1.0,1.0,1.0,,,,
1136,2217,682.2978874796494,682.2971941215045,682.297284673419,7183018.287825272,169.89581757732577,318046.2052268428,37.734038688410536,-1,-0.13271621696603073,0.9983154649509265,0.9135568132570541,0.9644120042733775,14.0,0.1891891891891892,1.3513513513513513,N1 S1 P1 O7,de-protonated,,0.0,,C37 H50 O7 N1 P1 S1,37.0,50.0,7.0,1.0,1.0,1.0,,,,
1137,2218,683.2192339129685,683.2185396296035,683.218623959699,3080009.8209841186,149.87735563869816,326698.8062883285,15.844243070672485,-1,-0.1234306158955378,0.9972394254583915,0.8959548019796284,0.9567255760668862,30.0,0.08888888888888889,0.7555555555555555,13C1 N1 P1 O4,de-protonated,,1.0,2213.0,C44 H34 O4 N1 P1 13C1,44.0,34.0,4.0,1.0,1.0,,1.0,,,
1138,2218,683.2192339129685,683.2185396296035,683.218485575269,3080009.8209841186,149.87735563869816,326698.8062883285,15.844243070672485,-1,0.07911720127987373,0.9988648609837053,0.9827553186061209,0.9924210440326715,3.0,0.7083333333333334,1.9166666666666667,13C1 N1 S1 P1 O17,de-protonated,,1.0,2213.0,C23 H46 O17 N1 P1 S1 13C1,23.0,46.0,17.0,1.0,1.0,1.0,1.0,,,
1139,2218,683.2192339129685,683.2185396296035,683.218621920889,3080009.8209841186,149.87735563869816,326698.8062883285,15.844243070672485,-1,-0.1204464908300242,0.9973711206739763,0.0,0.5984226724043857,3.0,0.8260869565217391,1.9130434782608696,N2 S1 O19,de-protonated,,0.0,,C23 H44 O19 N2 S1,23.0,44.0,19.0,2.0,,1.0,,,,
1140,2219,683.2378918396282,683.237197537527,683.2371130198791,36332248.44350088,221.89498108082591,326612.37614353735,186.83573539882033,-1,0.12370178126376051,0.4277589545025179,0.8918925616689376,0.6134123973690858,2.0,0.56,2.0,13C1 N1 S2 P1 O14,de-protonated,,1.0,2214.0,C24 H50 O14 N1 P1 S2 13C1,24.0,50.0,14.0,1.0,1.0,2.0,1.0,,,
1141,2219,683.2378918396282,683.237197537527,683.237249365499,36332248.44350088,221.89498108082591,326612.37614353735,186.83573539882033,-1,-0.0758564789369255,0.3329854839551525,0.7412565550906067,0.4962939124093342,2.0,0.6666666666666666,2.0,N2 S2 O16,de-protonated,,0.0,,C24 H48 O16 N2 S2,24.0,48.0,16.0,2.0,,2.0,,,,
1142,2220,683.3013124592748,683.3006180934868,683.3006395084891,1788621.1869184116,81.18992019874597,331023.6723982821,9.493715163837123,-1,-0.03134052718158797,0.999821791783856,0.9135568132570541,0.9653158003731352,14.0,0.1891891891891892,1.3513513513513513,13C1 N1 S1 P1 O7,de-protonated,,1.0,2217.0,C36 H50 O7 N1 P1 S1 13C1,36.0,50.0,7.0,1.0,1.0,1.0,1.0,,,
1143,2220,683.3013124592748,683.3006180934868,683.300775854109,1788621.1869184116,81.18992019874597,331023.6723982821,9.493715163837123,-1,-0.23088020350920951,0.9903743822018831,0.0,0.5942246293211298,14.0,0.25,1.3333333333333333,N2 S1 O9,de-protonated,,0.0,,C36 H48 O9 N2 S1,36.0,48.0,9.0,2.0,,1.0,,,,
1144,2221,684.2138090110344,684.2131137289315,684.213161124349,2628238.961703953,120.9004996494343,340765.6489992014,13.79791433521603,-1,-0.06926995880105183,0.999129728740347,0.0,0.5994778372442082,29.0,0.044444444444444446,0.8,N1 S1 P1 O2,de-protonated,,0.0,,C45 H36 O2 N1 P1 S1,45.0,36.0,2.0,1.0,1.0,1.0,,,,
1145,2221,684.2138090110344,684.2131137289315,684.213022739919,2628238.961703953,120.9004996494343,340765.6489992014,13.79791433521603,-1,0.13298345614857135,0.9967962954813322,0.0,0.5980777772887993,2.0,0.625,2.0,N1 S2 P1 O15,de-protonated,,0.0,,C24 H48 O15 N1 P1 S2,24.0,48.0,15.0,1.0,1.0,2.0,,,,
1146,2222,684.2315738463761,684.2308785464344,684.230919189089,42615311.54080733,158.9540428178222,327099.7943288192,219.7664944187961,-1,-0.05939903256853477,0.33312000314947393,0.6240179704823443,0.44947919008262205,29.0,0.08888888888888889,0.8,N1 P1 O4,de-protonated,,0.0,,C45 H36 O4 N1 P1,45.0,36.0,4.0,1.0,1.0,,,,,
1147,2222,684.2315738463761,684.2308785464344,684.230780804659,42615311.54080733,158.9540428178222,327099.7943288192,219.7664944187961,-1,0.1428491352285855,0.6638764874271712,0.9656973863856383,0.784604847010558,2.0,0.7083333333333334,2.0,N1 S1 P1 O17,de-protonated,,0.0,,C24 H48 O17 N1 P1 S1,24.0,48.0,17.0,1.0,1.0,1.0,,,,
1148,2223,684.2411823011639,684.2404869915734,684.2404678549491,4622242.35107163,150.8494280749286,321116.8277413246,24.226953067365486,-1,0.02796768863994393,0.42813478062945054,0.8918925616689376,0.6136378930452454,2.0,0.56,2.0,13C2 N1 S2 P1 O14,de-protonated,,1.0,2214.0,C23 H50 O14 N1 P1 S2 13C2,23.0,50.0,14.0,1.0,1.0,2.0,2.0,,,
1149,2224,684.2605800432835,684.2598847142144,684.259772258689,5458575.839963841,105.27285646290997,320869.4569511043,28.37224921957631,-1,0.1643462467433934,0.9951111171274395,0.0,0.5970666702764637,2.0,0.782608695652174,2.0869565217391304,N3 P1 O18,de-protonated,,0.0,,C23 H48 O18 N3 P1,23.0,48.0,18.0,3.0,1.0,,,,,
1150,2225,684.293342298025,684.2926469360568,684.2926535229891,2156353.3129827096,265.0249012360481,334739.3366864061,11.140318913187535,-1,-0.0096258994431697,0.9999831874798263,0.0,0.5999899124878958,19.0,0.23684210526315788,1.131578947368421,N3 O9,de-protonated,,0.0,,C38 H43 O9 N3,38.0,43.0,9.0,3.0,,,,,,
1151,2226,684.3135305127561,684.3128351305154,684.312934737879,5688444.815455642,382.9774882966006,320482.30244151695,29.59346662568794,-1,-0.14555820670986608,0.4980814960638364,0.7141928963326603,0.5845260561713659,13.0,0.1891891891891892,1.4054054054054055,N1 S1 P1 O7,de-protonated,,0.0,,C37 H52 O7 N1 P1 S1,37.0,52.0,7.0,1.0,1.0,1.0,,,,
1152,2227,685.2349420632365,685.2342457557475,685.2341356397291,11783166.975996932,242.95167686669183,321062.76549588866,61.229314085735,-1,0.16069838419232194,0.6635501568865386,0.9656973863856383,0.7844090486861786,2.0,0.7083333333333334,2.0,13C1 N1 S1 P1 O17,de-protonated,,1.0,2222.0,C23 H48 O17 N1 P1 S1 13C1,23.0,48.0,17.0,1.0,1.0,1.0,1.0,,,
1153,2227,685.2349420632365,685.2342457557475,685.2344103697791,11783166.975996932,242.95167686669183,321062.76549588866,61.229314085735,-1,-0.24023024696563278,0.49479156398353286,0.6775563317581001,0.5678974710933598,29.0,0.13636363636363635,0.7727272727272727,N2 O6,de-protonated,,0.0,,C44 H34 O6 N2,44.0,34.0,6.0,2.0,,,,,,
1154,2227,685.2349420632365,685.2342457557475,685.234271985349,11783166.975996932,242.95167686669183,321062.76549588866,61.229314085735,-1,-0.03827829780720481,0.4998670858139072,0.80079326533916,0.6202375576240083,2.0,0.8260869565217391,2.0,N2 S1 O19,de-protonated,,0.0,,C23 H46 O19 N2 S1,23.0,46.0,19.0,2.0,,1.0,,,,
1155,2228,685.3087633556149,685.3080669739978,685.308183710079,18070434.682685293,205.77197871156764,318052.623285975,96.0603295005655,-1,-0.170340999775929,0.49737445507367306,0.7197526373226639,0.5863257279732694,13.0,0.19444444444444445,1.4166666666666667,N2 S1 P1 O7,de-protonated,,0.0,,C36 H51 O7 N2 P1 S1,36.0,51.0,7.0,2.0,1.0,1.0,,,,
1156,2232,686.2528034269476,686.2521060973783,686.2521711541591,5395110.964679857,151.0122203845821,323288.06553612166,28.089316307600015,-1,-0.09480010931151339,0.9979374360945255,0.9750842282945015,0.9887961529745158,5.0,0.5,1.75,N1 S2 O14,de-protonated,,0.0,,C28 H49 O14 N1 S2,28.0,49.0,14.0,1.0,,2.0,,,,
1157,2233,686.3091547184391,686.3084573322856,686.308303587449,553332764.6236743,277.01207780255885,318763.6830355605,2910.455855379291,-1,0.22401715926917248,0.22042866679955603,0.8714022286417256,0.48081809153642385,18.0,0.23684210526315788,1.1842105263157894,N3 O9,de-protonated,,0.0,,C38 H45 O9 N3,38.0,45.0,9.0,3.0,,,,,,
1158,2234,687.1458868449444,687.145188618607,687.145277531109,2775853.1809184905,156.78635924847663,251513.56580376733,14.466754579457666,-1,-0.12939403770722133,0.9969666477888075,0.0,0.5981799886732845,12.0,0.42857142857142855,1.3214285714285714,N2 S2 P1 O12,de-protonated,,0.0,,C28 H37 O12 N2 P1 S2,28.0,37.0,12.0,2.0,1.0,2.0,,,,
1159,2235,687.1489831769998,687.1482849475534,687.148297961509,9015406.411040775,236.03906954941644,304174.06001474644,47.569576288925994,-1,-0.018939078556331746,0.4999674592625525,0.6825582999862008,0.5730037955520118,30.0,0.16279069767441862,0.6511627906976745,S1 O7,de-protonated,,0.0,,C43 H28 O7 S1,43.0,28.0,7.0,,,1.0,,,,
1160,2235,687.1489831769998,687.1482849475534,687.148430903239,9015406.411040775,236.03906954941644,304174.06001474644,47.569576288925994,-1,-0.21240779877362875,0.4959234919864133,0.7428850341668508,0.5947081088585883,17.0,0.46875,1.03125,P1 O15,de-protonated,,0.0,,C32 H33 O15 P1,32.0,33.0,15.0,,1.0,,,,,
1161,2235,687.1489831769998,687.1482849475534,687.148159577079,9015406.411040775,236.03906954941644,304174.06001474644,47.569576288925994,-1,0.18245042593180488,0.49698905608147154,0.8077896627745582,0.6213092987587062,3.0,0.9090909090909091,1.8181818181818181,S2 O20,de-protonated,,0.0,,C22 H40 O20 S2,22.0,40.0,20.0,,,2.0,,,,
1162,2236,687.1640154801061,687.1633172355655,687.163415718369,1796866.0439089488,140.92868518397557,361051.5451367006,9.34270794686373,-1,-0.14331787939281654,0.9962799778328245,0.0,0.5977679866996947,7.0,0.6538461538461539,1.5384615384615385,S2 O17,de-protonated,,0.0,,C26 H40 O17 S2,26.0,40.0,17.0,,,2.0,,,,
1163,2236,687.1640154801061,687.1633172355655,687.1631739802789,1796866.0439089488,140.92868518397557,361051.5451367006,9.34270794686373,-1,0.20847346313178067,0.9921450378316314,0.0,0.5952870226989788,39.0,0.02040816326530612,0.5102040816326531,N2 P1 O1,de-protonated,,0.0,,C49 H25 O1 N2 P1,49.0,25.0,1.0,2.0,1.0,,,,,
1164,2237,687.2561436743885,687.2554453373406,687.2555259892291,1869681.9523260926,197.6475813957412,298764.0479943707,9.651960199488983,-1,-0.1173535686340995,0.997504233698375,0.9750842282945015,0.9885362315368257,5.0,0.5,1.75,13C1 N1 S2 O14,de-protonated,,1.0,2232.0,C27 H49 O14 N1 S2 13C1,27.0,49.0,14.0,1.0,,2.0,1.0,,,
1165,2239,687.3124928006732,687.3117944070444,687.311948936569,161365719.2349782,315.9774192695099,322830.3557024972,836.3654794063156,-1,-0.22483171554396092,0.14155283304301663,0.6600481044455622,0.34895094160403484,3.0,0.3448275862068966,1.9655172413793103,N2 S2 P1 O10,de-protonated,,0.0,,C29 H57 O10 N2 P1 S2,29.0,57.0,10.0,2.0,1.0,2.0,,,,
1166,2239,687.3124928006732,687.3117944070444,687.3116584225191,161365719.2349782,315.9774192695099,322830.3557024972,836.3654794063156,-1,0.19784987439105536,0.2206494296602364,0.8714022286417256,0.4809505492528321,18.0,0.23684210526315788,1.1842105263157894,13C1 N3 O9,de-protonated,,1.0,2233.0,C37 H45 O9 N3 13C1,37.0,45.0,9.0,3.0,,,1.0,,,
1167,2240,688.125206281685,688.1245070720063,688.124400982149,7871920.20037297,212.3078663961884,308476.1888588238,41.28320177492247,-1,0.15417249713722742,0.4978482022349176,0.8077896627745583,0.621824786450774,9.0,0.9090909090909091,1.4545454545454546,N3 P1 O20,de-protonated,,0.0,,C22 H32 O20 N3 P1,22.0,32.0,20.0,3.0,1.0,,,,,
1168,2241,688.2440271541068,688.2433278251204,688.243320547239,3539674.25000725,255.95025572101582,283378.45976321405,18.472229234470902,-1,0.01057457617905326,0.9999797103122824,0.0,0.5999878261873695,14.0,0.35294117647058826,1.2647058823529411,N1 S1 O12,de-protonated,,0.0,,C34 H43 O12 N1 S1,34.0,43.0,12.0,1.0,,1.0,,,,
1169,2241,688.2440271541068,688.2433278251204,688.2434534889691,3539674.25000725,255.95025572101582,283378.45976321405,18.472229234470902,-1,-0.18258633334480381,0.9939691645242148,0.0,0.5963814987145288,1.0,0.8695652173913043,2.0869565217391304,N1 P1 O20,de-protonated,,0.0,,C23 H48 O20 N1 P1,23.0,48.0,20.0,1.0,1.0,,,,,
1170,2242,688.2684231636007,688.2677238101185,688.267821218619,8405434.164375255,158.7232263475142,322210.0804636695,43.25846829062674,-1,-0.14152702995541405,0.9980444431266973,0.9607215007128458,0.9831152661611566,4.0,0.5,1.8214285714285714,N1 S2 O14,de-protonated,,0.0,,C28 H51 O14 N1 S2,28.0,51.0,14.0,1.0,,2.0,,,,
1171,2243,688.3077720223438,688.3070726293515,688.307197908769,1594871.405894965,158.09975558853557,271308.46448574215,8.19748763687596,-1,-0.1820109071494266,0.9940070033814741,0.0,0.5964042020288844,3.0,0.35714285714285715,2.0,N3 S2 P1 O10,de-protonated,,0.0,,C28 H56 O10 N3 P1 S2,28.0,56.0,10.0,3.0,1.0,2.0,,,,
1172,2247,689.2718491766612,689.2711488156548,689.2711760536891,2012387.3854559595,104.08900139589505,323925.2388580412,10.724802322692117,-1,-0.039517152768603236,0.9997166888985298,0.9607215007128458,0.9841186136242562,4.0,0.5,1.8214285714285714,13C1 N1 S2 O14,de-protonated,,1.0,2242.0,C27 H51 O14 N1 S2 13C1,27.0,51.0,14.0,1.0,,2.0,1.0,,,
1173,2248,690.1926680531066,690.191966767538,690.192072819769,1750144.344429449,122.34491782955162,370130.79242361756,8.987067856344689,-1,-0.1536561127928379,0.9957251234542789,0.0,0.5974350740725674,6.0,0.76,1.64,N1 S1 O19,de-protonated,,0.0,,C25 H41 O19 N1 S1,25.0,41.0,19.0,1.0,,1.0,,,,
1174,2249,690.2472434977859,690.2465421574207,690.2465727094791,8682882.775119,239.493056502782,294132.5999487475,45.22978690523367,-1,-0.0442625282635709,0.4998222870502318,0.6980173569463086,0.5791003150086625,22.0,0.1,1.025,N3 S2 O4,de-protonated,,0.0,,C40 H41 O4 N3 S2,40.0,41.0,4.0,3.0,,2.0,,,,
1175,2249,690.2472434977859,690.2465421574207,690.246705651209,8682882.775119,239.493056502782,294132.5999487475,45.22978690523367,-1,-0.23686283038384004,0.49493582180786766,0.7612342259156645,0.6014551834509865,9.0,0.41379310344827586,1.5862068965517242,N3 S1 P1 O12,de-protonated,,0.0,,C29 H46 O12 N3 P1 S1,29.0,46.0,12.0,3.0,1.0,1.0,,,,
1176,2250,690.2595954382061,690.2588940854389,690.258970611699,58027340.45395819,156.95176945412365,318761.80696838646,302.0828642324759,-1,-0.11086601321697347,0.4990902151271809,0.9173015985778129,0.6663747685074337,13.0,0.35294117647058826,1.3235294117647058,N1 S1 O12,de-protonated,,0.0,,C34 H45 O12 N1 S1,34.0,45.0,12.0,1.0,,1.0,,,,
1177,2252,690.284067153216,690.2833657758778,690.283471283079,11551372.055354321,138.86679049505125,320376.7295460608,59.41064764689202,-1,-0.1528461938790208,0.99534367309978,0.955020143794748,0.9792142613777672,3.0,0.5,1.8928571428571428,N1 S2 O14,de-protonated,,0.0,,C28 H53 O14 N1 S2,28.0,53.0,14.0,1.0,,2.0,,,,
1178,2253,690.2960017606707,690.2953003713495,690.2953561210489,9119699.232085947,171.65255844143496,315999.7673387713,47.885408376713485,-1,-0.0807620954117765,0.49940859904628687,0.7253996187124198,0.5898050069127401,12.0,0.3142857142857143,1.4,N1 S1 O11,de-protonated,,0.0,,C35 H49 O11 N1 S1,35.0,49.0,11.0,1.0,,1.0,,,,
1179,2254,691.0636649919932,691.0629628319027,691.063047507059,2146057.4265585924,272.0061449499633,249301.14616728335,11.071888627500245,-1,-0.12252884385924209,0.9972795603691395,0.0,0.5983677362214836,32.0,0.3157894736842105,0.42105263157894735,N2 O12,de-protonated,,0.0,,C38 H16 O12 N2,38.0,16.0,12.0,2.0,,,,,,
1180,2255,691.2629668192014,691.2622644590047,691.2623254467691,18400684.310832694,169.8927944705513,322009.92590172397,94.59171029235367,-1,-0.08822665747673998,0.49929430535006314,0.9173015985778129,0.6664972226411631,13.0,0.35294117647058826,1.3235294117647058,13C1 N1 S1 O12,de-protonated,,1.0,2250.0,C33 H45 O12 N1 S1 13C1,33.0,45.0,12.0,1.0,,1.0,1.0,,,
1181,2256,691.2828710433605,691.2821686631792,691.282229943029,3415323.7141699614,244.97717373625088,316558.80692832905,17.951106289621542,-1,-0.08864664421194036,0.49928757550027253,0.672627141691601,0.5686234019768039,25.0,0.022222222222222223,0.9777777777777777,N2 S2 O1,de-protonated,,0.0,,C45 H44 O1 N2 S2,45.0,44.0,1.0,2.0,,2.0,,,,
1182,2257,691.2874126575475,691.2867102728063,691.2868261181491,2665113.6138067925,164.58533478403828,343577.977618911,13.7696210440184,-1,-0.16757927154261956,0.9949173711016605,0.955020143794748,0.9789584801788955,3.0,0.5,1.8928571428571428,13C1 N1 S2 O14,de-protonated,,1.0,2252.0,C27 H53 O14 N1 S2 13C1,27.0,53.0,14.0,1.0,,2.0,1.0,,,
1183,2259,692.2633573194126,692.2626539547994,692.262735838189,11266610.43651794,191.95659711879944,323792.62070326984,58.58948421864455,-1,-0.11828368821955876,0.9975683776031476,0.9794260524347554,0.9903114475357908,3.0,0.5555555555555556,1.8888888888888888,N1 S2 O15,de-protonated,,0.0,,C27 H51 O15 N1 S2,27.0,51.0,15.0,1.0,,2.0,,,,
1184,2260,692.2752670600574,692.2745636834867,692.2746206761591,77594931.93450327,358.7556899706235,322130.6344007552,404.7072372908915,-1,-0.08232668177647655,0.39916212544285734,0.8790384999586077,0.5911126752491576,12.0,0.35294117647058826,1.3823529411764706,N1 S1 O12,de-protonated,,0.0,,C34 H47 O12 N1 S1,34.0,47.0,12.0,1.0,,1.0,,,,
1185,2261,692.2857031176363,692.2849997305876,692.285005912279,1659948.6463589815,160.2099158545284,305939.7051670816,8.659392065265168,-1,-0.008929402312988501,0.9999855324341549,0.0,0.5999913194604929,11.0,0.2,1.4857142857142858,N1 S2 P1 O7,de-protonated,,0.0,,C35 H52 O7 N1 P1 S2,35.0,52.0,7.0,1.0,1.0,2.0,,,,
1186,2262,692.2929452201763,692.2922418258564,692.292378740899,2823861.430884656,246.38757031068656,326970.05974441994,14.521696203062366,-1,-0.19777054727391388,0.9929280876657873,0.0,0.5957568525994724,12.0,0.4117647058823529,1.3823529411764706,N1 O14,de-protonated,,0.0,,C34 H47 O14 N1,34.0,47.0,14.0,1.0,,,,,,
1187,2263,693.2585292514642,693.2578248876939,693.2579848103891,34403053.76811787,175.1288484547862,326397.0564112151,178.92940546787347,-1,-0.23068280303316718,0.3301302518312746,0.7295584795690508,0.4899015429263851,3.0,0.5769230769230769,1.9230769230769231,N2 S2 O15,de-protonated,,0.0,,C26 H50 O15 N2 S2,26.0,50.0,15.0,2.0,,2.0,,,,
1188,2264,693.2667164765038,693.2660121045136,693.2660906732591,2913199.735848,116.2794278401798,295975.7383785057,15.231660417067996,-1,-0.11333129739161343,0.9976721897256244,0.9794260524347554,0.9903737348092769,3.0,0.5555555555555556,1.8888888888888888,13C1 N1 S2 O15,de-protonated,,1.0,2259.0,C26 H51 O15 N1 S2 13C1,26.0,51.0,15.0,1.0,,2.0,1.0,,,
1189,2265,693.2785912770997,693.2778868931872,693.2779755112291,21075781.75021591,161.56761516715432,327636.28966455214,108.45673894622455,-1,-0.1278246894181841,0.3988158691639741,0.8790384999586077,0.5909049214818276,12.0,0.35294117647058826,1.3823529411764706,13C1 N1 S1 O12,de-protonated,,1.0,2260.0,C33 H47 O12 N1 S1 13C1,33.0,47.0,12.0,1.0,,1.0,1.0,,,
1190,2266,694.1981592398201,694.1974539326753,694.1975110598889,2650892.961860975,409.05964331252085,286725.72442488413,13.626838620997805,-1,-0.08229244948068032,0.9987719755642663,0.0,0.5992631853385598,31.0,0.043478260869565216,0.7391304347826086,N1 S1 P1 O2,de-protonated,,0.0,,C46 H34 O2 N1 P1 S1,46.0,34.0,2.0,1.0,1.0,1.0,,,,
1191,2266,694.1981592398201,694.1974539326753,694.197372675459,2650892.961860975,409.05964331252085,286725.72442488413,13.626838620997805,-1,0.11705203675196686,0.9975170267040392,0.0,0.5985102160224235,4.0,0.6,1.84,N1 S2 P1 O15,de-protonated,,0.0,,C25 H46 O15 N1 P1 S2,25.0,46.0,15.0,1.0,1.0,2.0,,,,
1192,2268,694.2405444305209,694.2398390808223,694.239769796009,3222966.8841756363,261.04206818598357,326014.7475390043,16.854905751592458,-1,0.09979954525164221,0.998194412334276,0.0,0.5989166474005656,21.0,0.15,1.05,N1 S1 P1 O6,de-protonated,,0.0,,C40 H42 O6 N1 P1 S1,40.0,42.0,6.0,1.0,1.0,1.0,,,,
1193,2272,695.2498001730858,695.24909381013,695.249134203469,2891515.685131377,222.89222786985064,305173.0363416126,14.871085450177278,-1,-0.058099085602915636,0.9993877068073338,0.0,0.5996326240844002,12.0,0.40625,1.375,N2 S1 O13,de-protonated,,0.0,,C32 H44 O13 N2 S1,32.0,44.0,13.0,2.0,,1.0,,,,
1194,2274,695.2743325298093,695.2736261422242,695.273773259279,6656024589.585773,646.0005624802334,317976.2905922832,34617.218146870895,-1,-0.21159586401563854,0.04723375917839202,0.5666173180667289,0.2549871827337268,29.0,0.0425531914893617,0.851063829787234,N2 S1 O2,de-protonated,,0.0,,C47 H40 O2 N2 S1,47.0,40.0,2.0,2.0,,1.0,,,,
1195,2274,695.2743325298093,695.2736261422242,695.273634874849,6656024589.585773,646.0005624802334,317976.2905922832,34617.218146870895,-1,-0.012559982651644243,0.035713263439473515,0.6543571840805881,0.28317083169591933,2.0,0.5769230769230769,2.0,N2 S2 O15,de-protonated,,0.0,,C26 H52 O15 N2 S2,26.0,52.0,15.0,2.0,,2.0,,,,
1196,2275,695.2985931424034,695.2978867304618,695.297917615039,4083594.28889096,263.1379937048638,327945.20694139024,20.99362206864104,-1,-0.04441919991019647,0.9996420539675316,0.0,0.599785232380519,2.0,0.7407407407407407,1.9259259259259258,O20,de-protonated,,0.0,,C27 H52 O20,27.0,52.0,20.0,,,,,,,
1197,2276,696.213805115916,696.2130977851523,696.213161124349,12108577.952339966,347.4830334425123,324219.4948527652,62.268928041368824,-1,-0.09097672986170612,0.49924965947258654,0.667769152885588,0.5666574568377871,30.0,0.043478260869565216,0.782608695652174,N1 S1 P1 O2,de-protonated,,0.0,,C46 H36 O2 N1 P1 S1,46.0,36.0,2.0,1.0,1.0,1.0,,,,
1198,2276,696.213805115916,696.2130977851523,696.213022739919,12108577.952339966,347.4830334425123,324219.4948527652,62.268928041368824,-1,0.10779061989809476,0.9977326302355659,0.9809748570153025,0.9910295209474606,3.0,0.6,1.92,N1 S2 P1 O15,de-protonated,,0.0,,C25 H48 O15 N1 P1 S2,25.0,48.0,15.0,1.0,1.0,2.0,,,,
1199,2277,696.2434066308753,696.2426992703936,696.242532700899,3092296.6156442915,169.1980181353784,330683.2272766216,15.889643933291937,-1,0.2392406191204901,0.9896683317615564,0.0,0.5938009990569338,25.0,0.13953488372093023,0.9069767441860465,N1 S1 O6,de-protonated,,0.0,,C43 H39 O6 N1 S1,43.0,39.0,6.0,1.0,,1.0,,,,
1200,2277,696.2434066308753,696.2426992703936,696.242665642629,3092296.6156442915,169.1980181353784,330683.2272766216,15.889643933291937,-1,0.048298913865578184,0.9995768087823537,0.0,0.5997460852694122,12.0,0.4375,1.375,N1 P1 O14,de-protonated,,0.0,,C32 H44 O14 N1 P1,32.0,44.0,14.0,1.0,1.0,,,,,
1201,2278,696.268013010608,696.2673056254231,696.2673046984389,7110789762.455414,222.4141019523328,318875.3834251679,36788.121585486995,-1,0.0013313624881505402,0.21353298986066688,0.6000351246124579,0.3681338437613833,29.0,0.06382978723404255,0.851063829787234,N1 P1 O3,de-protonated,,0.0,,C47 H40 O3 N1 P1,47.0,40.0,3.0,1.0,1.0,,,,,
1202,2278,696.268013010608,696.2673056254231,696.267166314009,7110789762.455414,222.4141019523328,318875.3834251679,36788.121585486995,-1,0.20008327375690577,0.17321392273482333,0.9114657245234272,0.4685146434502649,2.0,0.6153846153846154,2.0,N1 S1 P1 O16,de-protonated,,0.0,,C26 H52 O16 N1 P1 S1,26.0,52.0,16.0,1.0,1.0,1.0,,,,
1203,2280,696.2923833687586,696.2916759591075,696.2918053698189,4220272.23477274,334.47201589254826,302290.9457783523,21.731879573844303,-1,-0.1858570077283179,0.4968759253682327,0.6927871148459376,0.5752404011593146,19.0,0.12195121951219512,1.170731707317073,N1 S1 P1 O5,de-protonated,,0.0,,C41 H48 O5 N1 P1 S1,41.0,48.0,5.0,1.0,1.0,1.0,,,,
1204,2281,696.3499922833331,696.3492848158464,696.349320247229,1580037.9634357553,208.38030981158224,270583.5171792723,8.202751505005754,-1,-0.050881621537916734,0.9995303506648474,0.0,0.5997182103989084,13.0,0.15384615384615385,1.435897435897436,N1 S1 P1 O6,de-protonated,,0.0,,C39 H56 O6 N1 P1 S1,39.0,56.0,6.0,1.0,1.0,1.0,,,,
1205,2282,697.2171666263775,697.2164582883138,697.2163775749891,2911061.3714406164,291.7013823109125,261249.7929652954,14.95991322486751,-1,0.1157651014435488,0.9975712589529299,0.9809748570153025,0.990932698177879,3.0,0.6,1.92,13C1 N1 S2 P1 O15,de-protonated,,1.0,2276.0,C24 H48 O15 N1 P1 S2 13C1,24.0,48.0,15.0,1.0,1.0,2.0,1.0,,,
1206,2282,697.2171666263775,697.2164582883138,697.216513920609,2911061.3714406164,291.7013823109125,261249.7929652954,14.95991322486751,-1,-0.07979199306479381,0.9988454264040786,0.0,0.5993072558424472,3.0,0.7083333333333334,1.9166666666666667,N2 S2 O17,de-protonated,,0.0,,C24 H46 O17 N2 S2,24.0,46.0,17.0,2.0,,2.0,,,,
1207,2283,697.265161386112,697.2644529998656,697.2643395928889,29465083.838078465,166.9305294939374,363892.8716931632,151.54676345669796,-1,0.1626455998482409,0.21319097941091528,0.6000351246124579,0.3679286374915324,29.0,0.06382978723404255,0.851063829787234,15N1 P1 O3,de-protonated,,1.0,2278.0,C47 H40 O3 P1 15N1,47.0,40.0,3.0,,1.0,,,1.0,,
1208,2284,697.2713239400498,697.2706155476168,697.270521149079,2012984113.2283185,490.11038456952684,313032.1434627376,10660.133070783562,-1,0.13538294675689658,0.17338424915704256,0.9114657245234272,0.46861683930359643,2.0,0.6153846153846154,2.0,13C1 N1 S1 P1 O16,de-protonated,,1.0,2278.0,C25 H52 O16 N1 P1 S1 13C1,25.0,52.0,16.0,1.0,1.0,1.0,1.0,,,
1209,2284,697.2713239400498,697.2706155476168,697.2706574946991,2012984113.2283185,490.11038456952684,313032.1434627376,10660.133070783562,-1,-0.060158966762915135,0.058784913787920515,0.6921493313059937,0.3121306807951498,2.0,0.72,2.0,N2 S1 O18,de-protonated,,0.0,,C25 H50 O18 N2 S1,25.0,50.0,18.0,2.0,,1.0,,,,
1210,2285,697.280914861102,697.2802064590404,697.280040409219,79487089.28873067,165.14685488662272,299609.5223099353,411.9713753100038,-1,0.2381393582729569,0.19795254837914306,0.6542982089216054,0.380490812596128,15.0,0.2777777777777778,1.2777777777777777,N2 S1 O10,de-protonated,,0.0,,C36 H46 O10 N2 S1,36.0,46.0,10.0,2.0,,1.0,,,,
1211,2285,697.280914861102,697.2802064590404,697.280173350949,79487089.28873067,165.14685488662272,299609.5223099353,411.9713753100038,-1,0.04748176227384111,0.24989775109444173,0.74489167093581,0.447895319030989,2.0,0.72,2.04,N2 P1 O18,de-protonated,,0.0,,C25 H51 O18 N2 P1,25.0,51.0,18.0,2.0,1.0,,,,,
1212,2287,698.2108237149971,698.2101143793956,698.210183744199,3798653.108959021,289.958171475638,301879.4188415349,19.7171340471666,-1,-0.099346593612104,0.49910537511732295,0.6726271416916009,0.5685140817470341,30.0,0.1111111111111111,0.7555555555555555,N1 P1 O5,de-protonated,,0.0,,C45 H34 O5 N1 P1,45.0,34.0,5.0,1.0,1.0,,,,,
1213,2287,698.2108237149971,698.2101143793956,698.2100453597691,3798653.108959021,289.958171475638,301879.4188415349,19.7171340471666,-1,0.09885223931219488,0.9982284970054436,0.0,0.5989370982032661,3.0,0.75,1.9166666666666667,N1 S1 P1 O18,de-protonated,,0.0,,C24 H46 O18 N1 P1 S1,24.0,46.0,18.0,1.0,1.0,1.0,,,,
1214,2288,698.2294535596179,698.2287442053141,698.2288111888089,44464664.026746936,182.09527035493548,319922.09024851705,229.9362876455533,-1,-0.0959334443127523,0.24958287007733668,0.6012002370100838,0.39022981685043556,29.0,0.043478260869565216,0.8260869565217391,N1 S1 P1 O2,de-protonated,,0.0,,C46 H38 O2 N1 P1 S1,46.0,38.0,2.0,1.0,1.0,1.0,,,,
1215,2288,698.2294535596179,698.2287442053141,698.228672804379,44464664.026746936,182.09527035493548,319922.09024851705,229.9362876455533,-1,0.1022601017111383,0.4992911056635103,0.9106955204376406,0.6638528715731624,2.0,0.6,2.0,N1 S2 P1 O15,de-protonated,,0.0,,C25 H50 O15 N1 P1 S2,25.0,50.0,15.0,1.0,1.0,2.0,,,,
1216,2289,698.247269638525,698.2465602663357,698.246569253549,1623671.0279906977,132.91376986391742,337556.8424002695,8.378762095595658,-1,-0.012871116985488063,0.999969940636787,0.0,0.5999819643820722,29.0,0.08695652173913043,0.8260869565217391,N1 P1 O4,de-protonated,,0.0,,C46 H38 O4 N1 P1,46.0,38.0,4.0,1.0,1.0,,,,,
1217,2289,698.247269638525,698.2465602663357,698.2464308691191,1623671.0279906977,132.91376986391742,337556.8424002695,8.378762095595658,-1,0.18531740496791185,0.9937879660893726,0.0,0.5962727796536236,2.0,0.68,2.0,N1 S1 P1 O17,de-protonated,,0.0,,C25 H50 O17 N1 P1 S1,25.0,50.0,17.0,1.0,1.0,1.0,,,,
1218,2290,698.2685282959435,698.2678189024126,698.2676944279589,7985407.598997225,292.3670547664334,326551.716756727,42.34781910417281,-1,0.17826179663605085,0.21312234480447315,0.6000351246124579,0.3678874567276671,29.0,0.06382978723404255,0.851063829787234,13C1 15N1 P1 O3,de-protonated,,1.0,2278.0,C46 H40 O3 P1 13C1 15N1,46.0,40.0,3.0,,1.0,,1.0,1.0,,
1219,2290,698.2685282959435,698.2678189024126,698.2676986216089,7985407.598997225,292.3670547664334,326551.716756727,42.34781910417281,-1,0.1722560042839261,0.4973152491969871,0.6825582999862008,0.5714124695126725,24.0,0.13953488372093023,0.9767441860465116,N1 P1 O6,de-protonated,,0.0,,C43 H42 O6 N1 P1,43.0,42.0,6.0,1.0,1.0,,,,,
1220,2291,698.2746908756691,698.2739814759516,698.273875984149,302610118.67183256,319.1672933379818,313090.0123296834,1560.7158450106674,-1,0.15107511000571355,0.1733489187679054,0.9114657245234272,0.46859564107011414,2.0,0.6153846153846154,2.0,13C2 N1 S1 P1 O16,de-protonated,,1.0,2278.0,C24 H52 O16 N1 P1 S1 13C2,24.0,52.0,16.0,1.0,1.0,1.0,2.0,,,
1221,2293,698.3089529951103,698.3082435609973,698.308303587449,2083308.855483743,111.2899171396696,283081.633188548,10.782046888603599,-1,-0.0859598137351816,0.9986601577942711,0.0,0.5991960946765627,19.0,0.23076923076923078,1.1538461538461537,N3 O9,de-protonated,,0.0,,C39 H45 O9 N3,39.0,45.0,9.0,3.0,,,,,,
1222,2295,699.2327883391658,699.2320779776292,699.2320276394491,11389732.992805466,114.84280539097031,321515.89368354226,60.42657419594179,-1,0.07199066694233687,0.4995300279393351,0.9106955204376406,0.6639962249386573,2.0,0.6,2.0,13C1 N1 S2 P1 O15,de-protonated,,1.0,2288.0,C24 H50 O15 N1 P1 S2 13C1,24.0,50.0,15.0,1.0,1.0,2.0,1.0,,,
1223,2295,699.2327883391658,699.2320779776292,699.2321639850691,11389732.992805466,114.84280539097031,321515.89368354226,60.42657419594179,-1,-0.12300269400381197,0.4986292536730994,0.7939170211058517,0.6167443606462003,2.0,0.7083333333333334,2.0,N2 S2 O17,de-protonated,,0.0,,C24 H48 O17 N2 S2,24.0,48.0,17.0,2.0,,2.0,,,,
1224,2296,699.2780024332018,699.2772920262759,699.277230819219,25519501.956456635,330.95687985165154,290338.4649886521,131.62302258543704,-1,0.08752902881739605,0.17346820538774946,0.9114657245234272,0.4686672130420206,2.0,0.6153846153846154,2.0,13C3 N1 S1 P1 O16,de-protonated,,1.0,2278.0,C23 H52 O16 N1 P1 S1 13C3,23.0,52.0,16.0,1.0,1.0,1.0,3.0,,,
1225,2297,699.2880242497519,699.2873138327652,699.2874482651889,8484696.685178502,300.5658654448886,300105.40866147674,44.278342740773844,-1,-0.1922420086703847,0.4966583182091416,0.7197526373226639,0.5858960458545506,14.0,0.2222222222222222,1.3611111111111112,N2 S1 P1 O8,de-protonated,,0.0,,C36 H49 O8 N2 P1 S1,36.0,49.0,8.0,2.0,1.0,1.0,,,,
1226,2298,700.2264844504658,700.2257730913923,700.225833808659,14182973.07621865,77.34105780192813,314702.9567487349,73.99156236641454,-1,-0.08671097776516755,0.6658184213999648,0.8564333318647398,0.7420643855858748,29.0,0.1111111111111111,0.8,N1 P1 O5,de-protonated,,0.0,,C45 H36 O5 N1 P1,45.0,36.0,5.0,1.0,1.0,,,,,
1227,2298,700.2264844504658,700.2257730913923,700.225695424229,14182973.07621865,77.34105780192813,314702.9567487349,73.99156236641454,-1,0.110917328212304,0.9976524984368798,0.9736676175117528,0.988058546066829,2.0,0.75,2.0,N1 S1 P1 O18,de-protonated,,0.0,,C24 H48 O18 N1 P1 S1,24.0,48.0,18.0,1.0,1.0,1.0,,,,
1228,2299,700.231889760552,700.2311783960523,700.231055586749,2829188.8868164048,376.38253750039223,237169.39560479327,14.747713540885288,-1,0.17538397124879088,0.9944342687462117,0.0,0.5966605612477269,11.0,0.4,1.4666666666666666,N3 S1 P1 O12,de-protonated,,0.0,,C30 H44 O12 N3 P1 S1,30.0,44.0,12.0,3.0,1.0,1.0,,,,
1229,2300,700.2358934657851,700.2351820972663,700.235078338749,2222365.192962261,220.85594652348755,289622.81857594935,11.426541742744948,-1,0.14817669166789782,0.9960239778017148,0.0,0.5976143866810288,15.0,0.2857142857142857,1.2571428571428571,N1 S1 P1 O10,de-protonated,,0.0,,C35 H44 O10 N1 P1 S1,35.0,44.0,10.0,1.0,1.0,1.0,,,,
1230,2301,700.2884057747311,700.2876943534977,700.287568142559,3662423.134685449,191.80908974869078,281091.01069760456,19.262467437455854,-1,0.18022730149149657,0.9941235398432878,0.0,0.5964741239059727,19.0,0.2631578947368421,1.131578947368421,N3 O10,de-protonated,,0.0,,C38 H43 O10 N3,38.0,43.0,10.0,3.0,,,,,,
1231,2303,700.3247960349767,700.3240845772127,700.323953651909,12900503.062341038,496.16799948752026,310191.33846862084,68.41975795103022,-1,0.18694962950001212,0.9933313824007843,0.9583765372667395,0.9793494443471664,18.0,0.23076923076923078,1.205128205128205,N3 O9,de-protonated,,0.0,,C39 H47 O9 N3,39.0,47.0,9.0,3.0,,,,,,
1232,2304,701.2298444110947,701.2291320448032,701.229188643729,4294433.013827308,134.28480884933197,300446.81085725554,22.616867403165504,-1,-0.08071387598120837,0.6658790728217753,0.8564333318647398,0.7421007764389611,29.0,0.1111111111111111,0.8,13C1 N1 P1 O5,de-protonated,,1.0,2298.0,C44 H36 O5 N1 P1 13C1,44.0,36.0,5.0,1.0,1.0,,1.0,,,
1233,2304,701.2298444110947,701.2291320448032,701.2290502592991,4294433.013827308,134.28480884933197,300446.81085725554,22.616867403165504,-1,0.1166316542041633,0.9975348074958856,0.9736676175117528,0.9879879315022325,2.0,0.75,2.0,13C1 N1 S1 P1 O18,de-protonated,,1.0,2298.0,C23 H48 O18 N1 P1 S1 13C1,23.0,48.0,18.0,1.0,1.0,1.0,1.0,,,
1234,2304,701.2298444110947,701.2291320448032,701.229186604919,4294433.013827308,134.28480884933197,300446.81085725554,22.616867403165504,-1,-0.07780639604846995,0.998902142630673,0.0,0.5993412855784038,2.0,0.8695652173913043,2.0,N2 S1 O20,de-protonated,,0.0,,C23 H46 O20 N2 S1,23.0,46.0,20.0,2.0,,1.0,,,,
1235,2306,701.3001373881999,701.2994249513459,701.299455700169,5151091.282742292,155.69356202660788,299371.6537256156,26.877310670715516,-1,-0.04384549683407649,0.49982561943504794,0.7612342259156645,0.6043890620272946,4.0,0.4482758620689655,1.8620689655172413,N2 S2 O13,de-protonated,,0.0,,C29 H54 O13 N2 S2,29.0,54.0,13.0,2.0,,2.0,,,,
1236,2308,701.3281590989518,701.3274466339686,701.327599001029,4416755.910966358,379.555010353023,286646.3400471947,22.924803688758306,-1,-0.21725518933836388,0.9914722246865829,0.0,0.5948833348119498,3.0,0.3333333333333333,1.9666666666666666,N2 S2 P1 O10,de-protonated,,0.0,,C30 H59 O10 N2 P1 S2,30.0,59.0,10.0,2.0,1.0,2.0,,,,
1237,2308,701.3281590989518,701.3274466339686,701.3273084869791,4416755.910966358,379.555010353023,286646.3400471947,22.924803688758306,-1,0.19697933888888575,0.9929843602455072,0.9583765372667395,0.9791412310540002,18.0,0.23076923076923078,1.205128205128205,13C1 N3 O9,de-protonated,,1.0,2303.0,C38 H47 O9 N3 13C1,38.0,47.0,9.0,3.0,,,1.0,,,
1238,2309,702.2477592963905,702.2470459082907,702.247085773729,4851673.150566269,120.71527208065669,303899.61809671833,25.611350385500657,-1,-0.05676839270179333,0.9994154252471127,0.0,0.5996492551482676,5.0,0.5357142857142857,1.75,N1 S2 O15,de-protonated,,0.0,,C28 H49 O15 N1 S2,28.0,49.0,15.0,1.0,,2.0,,,,
1239,2310,702.2840692697995,702.2833558452512,702.283471283079,3284068.461901585,155.93506009870237,318241.33133451873,16.876619207627847,-1,-0.164374974728343,0.9951094119956905,0.0,0.5970656471974143,4.0,0.4827586206896552,1.8275862068965518,N1 S2 O14,de-protonated,,0.0,,C29 H53 O14 N1 S2,29.0,53.0,14.0,1.0,,2.0,,,,
1240,2311,702.3040902548496,702.303376810204,702.303218207019,29262097.72245381,191.34959558293238,308371.9207250497,154.7577230158708,-1,0.22583291789368576,0.662207998365771,0.917741460472122,0.7644213832083114,18.0,0.2631578947368421,1.1842105263157894,N3 O10,de-protonated,,0.0,,C38 H45 O10 N3,38.0,45.0,10.0,3.0,,,,,,
1241,2313,703.1184921600656,703.1177778979188,703.117922076589,15441016.977758508,202.48628497432605,302135.70066795876,79.71865089162772,-1,-0.20505617291882045,0.9910869784697647,0.9972526502860346,0.9935532471962726,4.0,1.05,1.8,N2 S2 O21,de-protonated,,0.0,,C20 H36 O21 N2 S2,20.0,36.0,21.0,2.0,,2.0,,,,
1242,2315,703.3073941567659,703.3066797050003,703.306512683219,9653077.594121404,171.70106516681014,316745.95963284397,50.42522474933789,-1,0.23748078296209574,0.4949094985660864,0.6629808336684155,0.562138032607018,26.0,0.1276595744680851,0.9361702127659575,O6,de-protonated,,0.0,,C47 H44 O6,47.0,44.0,6.0,,,,,,,
1243,2315,703.3073941567659,703.3066797050003,703.3065730420891,9653077.594121404,171.70106516681014,316745.95963284397,50.42522474933789,-1,0.1516591985569844,0.6638901892039214,0.917741460472122,0.7654306977112016,18.0,0.2631578947368421,1.1842105263157894,13C1 N3 O10,de-protonated,,1.0,2311.0,C37 H45 O10 N3 13C1,37.0,45.0,10.0,3.0,,,1.0,,,
1244,2317,704.1180927462959,704.1173774807629,704.117332185219,6257660.8910821285,99.19963753002844,329135.4997382955,32.83732536067197,-1,0.0643295397953329,0.49962469730869385,0.6726271416916009,0.5688256750618567,35.0,0.13333333333333333,0.5111111111111111,N1 S1 O6,de-protonated,,0.0,,C45 H23 O6 N1 S1,45.0,23.0,6.0,1.0,,1.0,,,,
1245,2317,704.1180927462959,704.1173774807629,704.117465126949,6257660.8910821285,99.19963753002844,329135.4997382955,32.83732536067197,-1,-0.12447665402927108,0.49859625155009635,0.7311359101322888,0.5916121149829734,22.0,0.4117647058823529,0.8235294117647058,N1 P1 O14,de-protonated,,0.0,,C34 H28 O14 N1 P1,34.0,28.0,14.0,1.0,1.0,,,,,
1246,2318,704.1218245986552,704.1211093293762,704.1212769116592,3403087.123715061,252.85551318436333,266583.0270364818,17.84582892702571,-1,-0.23800201538986204,0.9897744862619753,0.9972526502860346,0.992765751871599,4.0,1.05,1.8,13C1 N2 S2 O21,de-protonated,,1.0,2313.0,C19 H36 O21 N2 S2 13C1,19.0,36.0,21.0,2.0,,2.0,1.0,,,
1247,2319,704.2634287994416,704.2627133880237,704.262874222619,3269347.210403415,150.01372178863804,327987.6006262327,16.804241020843214,-1,-0.22837295722368392,0.49529066188755577,0.6536072938689123,0.5586173146800983,31.0,0.04081632653061224,0.7959183673469388,N1 S1 O2,de-protonated,,0.0,,C49 H39 O2 N1 S1,49.0,39.0,2.0,1.0,,1.0,,,,
1248,2319,704.2634287994416,704.2627133880237,704.262735838189,3269347.210403415,150.01372178863804,327987.6006262327,16.804241020843214,-1,-0.031877542454826706,0.99981563288663,0.0,0.599889379731978,4.0,0.5357142857142857,1.8214285714285714,N1 S2 O15,de-protonated,,0.0,,C28 H51 O15 N1 S2,28.0,51.0,15.0,1.0,,2.0,,,,
1249,2320,704.2745404500137,704.2738250274422,704.273969227479,2160667.0425338894,156.36096116985448,270200.56573861855,11.140318913187535,-1,-0.20474991715961655,0.9924220706531318,0.0,0.595453242391879,4.0,0.5185185185185185,1.8888888888888888,N3 S2 O14,de-protonated,,0.0,,C27 H51 O14 N3 S2,27.0,51.0,14.0,3.0,,2.0,,,,
1250,2321,704.2997413525778,704.2990259047103,704.2991213475391,2112188880.1891465,195.63687718171647,317819.48447469407,10861.254944286637,-1,-0.13551462135688985,0.14942696525946075,0.8695133437354434,0.4374615166498539,3.0,0.4827586206896552,1.896551724137931,N1 S2 O14,de-protonated,,0.0,,C29 H55 O14 N1 S2,29.0,55.0,14.0,1.0,,2.0,,,,
1251,2322,704.3116169724244,704.3109015126365,704.311006185509,21075900.45539218,172.52810894157,321709.96726208006,111.51504632963342,-1,-0.14861740272964477,0.9968501557449322,0.9720358373707169,0.9869244283952461,12.0,0.3055555555555556,1.4166666666666667,N1 S1 O11,de-protonated,,0.0,,C36 H51 O11 N1 S1,36.0,51.0,11.0,1.0,,1.0,,,,
1252,2325,705.2950945009069,705.29437805394,705.294508704169,16052487.178624379,172.95853513931914,269011.59489366773,82.55061194545556,-1,-0.18524209009563328,0.3312643328769048,0.5996860735531719,0.43863302914741165,30.0,0.02040816326530612,0.8571428571428571,N2 S1 O1,de-protonated,,0.0,,C49 H42 O1 N2 S1,49.0,42.0,1.0,2.0,,1.0,,,,
1253,2325,705.2950945009069,705.29437805394,705.2943703197391,16052487.178624379,172.95853513931914,269011.59489366773,82.55061194545556,-1,0.010965919018339015,0.997260558097602,0.9899084131793595,0.9943197001303049,3.0,0.5,1.9285714285714286,N2 S2 O14,de-protonated,,0.0,,C28 H54 O14 N2 S2,28.0,54.0,14.0,2.0,,2.0,,,,
1254,2326,705.3030968679664,705.3023804129672,705.3024761826091,623297496.5661043,275.250101931601,309061.2578380722,3305.7091855090766,-1,-0.13578520585199408,0.14942630147630895,0.8695133437354434,0.43746111837996277,3.0,0.4827586206896552,1.896551724137931,13C1 N1 S2 O14,de-protonated,,1.0,2321.0,C28 H55 O14 N1 S2 13C1,28.0,55.0,14.0,1.0,,2.0,1.0,,,
1255,2327,705.3149980323328,705.3142815653877,705.3143610205791,7111108.926698271,140.25596746345505,333173.1176944964,36.553616260304786,-1,-0.11265216736069573,0.9976999726105277,0.9720358373707169,0.9874343185146034,12.0,0.3055555555555556,1.4166666666666667,13C1 N1 S1 O11,de-protonated,,1.0,2322.0,C35 H51 O11 N1 S1 13C1,35.0,51.0,11.0,1.0,,1.0,1.0,,,
1256,2328,706.115090307151,706.1143730371169,706.1143548050691,3602711.705168802,133.3620260427246,310302.0258599906,18.647910833302696,-1,0.02582024815139708,0.49993951908005047,0.6775563317581001,0.5709862441512703,35.0,0.20454545454545456,0.4772727272727273,N1 O9,de-protonated,,0.0,,C44 H21 O9 N1,44.0,21.0,9.0,1.0,,,,,,
1257,2328,706.115090307151,706.1143730371169,706.1142164206391,3602711.705168802,133.3620260427246,310302.0258599906,18.647910833302696,-1,0.22180048809422234,0.9911132715240497,0.0,0.5946679629144298,8.0,0.9565217391304348,1.434782608695652,N1 S1 O22,de-protonated,,0.0,,C23 H33 O22 N1 S1,23.0,33.0,22.0,1.0,,1.0,,,,
1258,2329,706.2345189183494,706.2338015284405,706.2338965692388,8515021.930744123,314.89499399670854,313619.682254214,44.123058630944996,-1,-0.13457411034774622,0.9964127884401475,0.978551825051773,0.9892684030847977,31.0,0.020833333333333332,0.7916666666666666,N1 S1 P1 O1,de-protonated,,0.0,,C48 H38 O1 N1 P1 S1,48.0,38.0,1.0,1.0,1.0,1.0,,,,
1259,2329,706.2345189183494,706.2338015284405,706.2337581848091,8515021.930744123,314.89499399670854,313619.682254214,44.123058630944996,-1,0.06137292494179114,0.4996583911803878,0.7739790330151771,0.6093866479143035,4.0,0.5185185185185185,1.8518518518518519,N1 S2 P1 O14,de-protonated,,0.0,,C27 H50 O14 N1 P1 S2,27.0,50.0,14.0,1.0,1.0,2.0,,,,
1260,2330,706.2789932229731,706.2782757884239,706.278385902649,1962196.071908463,264.162695003029,263801.6302465166,10.11912849600798,-1,-0.1559076807282141,0.9955992016185914,0.0,0.5973595209711549,3.0,0.5357142857142857,1.8928571428571428,N1 S2 O15,de-protonated,,0.0,,C28 H53 O15 N1 S2,28.0,53.0,15.0,1.0,,2.0,,,,
1261,2332,706.2983199540316,706.2976025000835,706.2977251548091,4589940.510449107,127.70847041158315,254428.64628241898,23.623582182988134,-1,-0.17365867286934783,0.9945429354120745,0.9899084131793595,0.9926891265189884,3.0,0.5,1.9285714285714286,13C1 N2 S2 O14,de-protonated,,1.0,2325.0,C27 H54 O14 N2 S2 13C1,27.0,54.0,14.0,2.0,,2.0,1.0,,,
1262,2333,706.3064335335059,706.3057160714138,706.3058310176791,86978891.5024021,253.4884937435778,290996.51546847646,450.41866813000104,-1,-0.16274290857704404,0.14935358681611147,0.8695133437354434,0.4374174895838443,3.0,0.4827586206896552,1.896551724137931,13C2 N1 S2 O14,de-protonated,,1.0,2321.0,C27 H55 O14 N1 S2 13C2,27.0,55.0,14.0,1.0,,2.0,2.0,,,
1263,2333,706.3064335335059,706.3057160714138,706.3056598236391,86978891.5024021,253.4884937435778,290996.51546847646,450.41866813000104,-1,0.0796365907145889,0.24971247917990483,0.7235922917200879,0.43926440419597806,3.0,0.6071428571428571,1.9285714285714286,N1 P1 O17,de-protonated,,0.0,,C28 H54 O17 N1 P1,28.0,54.0,17.0,1.0,1.0,,,,,
1264,2334,706.5383508025327,706.537633107658,706.537575250749,1671935.3681687033,185.81105575764647,314778.80459202867,8.611030276822708,-1,0.08188794351326725,0.9987840111994921,0.0,0.5992704067196952,6.0,0.175,1.825,N3 O7,de-protonated,,0.0,,C40 H73 O7 N3,40.0,73.0,7.0,3.0,,,,,,
1265,2335,707.2378660973127,707.2371477003193,707.237251404309,4012432.5351929576,198.08468607722705,297014.8904585551,20.89953042582102,-1,-0.14663253310562088,0.9961062540577983,0.978551825051773,0.9890844824553882,31.0,0.020833333333333332,0.7916666666666666,13C1 N1 S1 P1 O1,de-protonated,,1.0,2329.0,C47 H38 O1 N1 P1 S1 13C1,47.0,38.0,1.0,1.0,1.0,1.0,1.0,,,
1266,2335,707.2378660973127,707.2371477003193,707.237249365499,4012432.5351929576,198.08468607722705,297014.8904585551,20.89953042582102,-1,-0.14374975274339055,0.9962575663300293,0.0,0.5977545397980175,4.0,0.6153846153846154,1.8461538461538463,N2 S2 O16,de-protonated,,0.0,,C26 H48 O16 N2 S2,26.0,48.0,16.0,2.0,,2.0,,,,
1267,2336,707.2956836201248,707.294965165099,707.2949026273391,2914020.030523266,301.15653274539847,306159.97506714857,15.450110944454345,-1,0.08841822516564042,0.9985824792609586,0.0,0.5991494875565752,25.0,0.08888888888888889,0.9777777777777777,N2 S1 O4,de-protonated,,0.0,,C45 H44 O4 N2 S1,45.0,44.0,4.0,2.0,,1.0,,,,
1268,2336,707.2956836201248,707.294965165099,707.295035569069,2914020.030523266,301.15653274539847,306159.97506714857,15.450110944454345,-1,-0.09953974852180554,0.9982037922211073,0.0,0.5989222753326644,12.0,0.35294117647058826,1.4411764705882353,N2 P1 O12,de-protonated,,0.0,,C34 H49 O12 N2 P1,34.0,49.0,12.0,2.0,1.0,,,,,
1269,2337,707.3026097357024,707.3018912737248,707.301778175709,3022175.9399509686,116.75461327937602,347035.9530078623,15.534990818047232,-1,0.15990065233971862,0.9953714253409117,0.0,0.597222855204547,2.0,0.42857142857142855,2.0357142857142856,N2 S2 P1 O12,de-protonated,,0.0,,C28 H57 O12 N2 P1 S2,28.0,57.0,12.0,2.0,1.0,2.0,,,,
1270,2338,708.2316790061731,708.2309596116846,708.230919189089,2760460.4166594204,224.185802952487,294777.0814067035,14.576308834908952,-1,0.05707544600748308,0.9994090862316996,0.0,0.5996454517390197,31.0,0.0851063829787234,0.7659574468085106,N1 P1 O4,de-protonated,,0.0,,C47 H36 O4 N1 P1,47.0,36.0,4.0,1.0,1.0,,,,,
1271,2339,708.250206995157,708.2494875820721,708.2495466336989,466807883.2525759,162.01548483614818,314764.02367190074,2405.8825119299945,-1,-0.08337686487767328,0.09987394180793632,0.5673717910733607,0.28687308151410607,30.0,0.020833333333333332,0.8333333333333334,N1 S1 P1 O1,de-protonated,,0.0,,C48 H40 O1 N1 P1 S1,48.0,40.0,1.0,1.0,1.0,1.0,,,,
1272,2339,708.250206995157,708.2494875820721,708.249408249269,466807883.2525759,162.01548483614818,314764.02367190074,2405.8825119299945,-1,0.11201252299116249,0.23013223080273695,0.8755120836302925,0.4882841719337592,3.0,0.5185185185185185,1.9259259259259258,N1 S2 P1 O14,de-protonated,,0.0,,C27 H52 O14 N1 P1 S2,27.0,52.0,14.0,1.0,1.0,2.0,,,,
1273,2340,708.258220179152,708.2575007580243,708.257650457759,4035427.899176366,324.3105750917141,312778.32117491553,20.99625400270594,-1,-0.21136338537760907,0.9919266402122716,0.0,0.5951559841273629,3.0,0.5925925925925926,1.8888888888888888,N1 S2 O16,de-protonated,,0.0,,C27 H51 O16 N1 S2,27.0,51.0,16.0,1.0,,2.0,,,,
1274,2341,708.2701929264304,708.2694734932858,708.269535295729,9187541.464036236,266.01916381151295,290938.17972005514,47.4708787614924,-1,-0.08725836731618504,0.9985770351718433,0.9658692897844126,0.9854939370168709,12.0,0.38235294117647056,1.3823529411764706,N1 S1 O13,de-protonated,,0.0,,C34 H47 O13 N1 S1,34.0,47.0,13.0,1.0,,1.0,,,,
1275,2342,708.2865199403032,708.2858004907712,708.2857937586191,9033412.070843207,387.6222897250026,321644.25820613507,46.5747052123954,-1,0.009504852626828621,0.49999180382829556,0.7675537279851047,0.6070165734910191,2.0,0.4642857142857143,2.0,N1 S2 P1 O13,de-protonated,,0.0,,C28 H56 O13 N1 P1 S2,28.0,56.0,13.0,1.0,1.0,2.0,,,,
1276,2343,709.2535563493842,709.252835929253,709.2527630843391,139778230.2218068,379.0354510630604,314351.6937672901,720.0129382654037,-1,0.1027065634531093,0.23016006202652825,0.8755120836302925,0.488300870668034,3.0,0.5185185185185185,1.9259259259259258,13C1 N1 S2 P1 O14,de-protonated,,1.0,2339.0,C26 H52 O14 N1 P1 S2 13C1,26.0,52.0,14.0,1.0,1.0,2.0,1.0,,,
1277,2343,709.2535563493842,709.252835929253,709.252899429959,139778230.2218068,379.0354510630604,314351.6937672901,720.0129382654037,-1,-0.08953182434151094,0.1426495105845538,0.6745157754057317,0.35539601651302494,3.0,0.6153846153846154,1.9230769230769231,N2 S2 O16,de-protonated,,0.0,,C26 H50 O16 N2 S2,26.0,50.0,16.0,2.0,,2.0,,,,
1278,2344,709.2735468088027,709.2728263686076,709.272890130799,2818132.4014457674,85.63138215257595,315795.7360148538,14.494718878897183,-1,-0.08989796776923682,0.9985346708471503,0.9658692897844126,0.9854685184220552,12.0,0.38235294117647056,1.3823529411764706,13C1 N1 S1 O13,de-protonated,,1.0,2341.0,C33 H47 O13 N1 S1 13C1,33.0,47.0,13.0,1.0,,1.0,1.0,,,
1279,2345,709.2902121681773,709.2894917112556,709.289423323739,2440280.059011597,158.96120556506855,327067.07419585716,12.59577845107489,-1,0.09641694107685309,0.9983146337365699,0.0,0.5989887802419419,29.0,0.041666666666666664,0.875,N2 S1 O2,de-protonated,,0.0,,C48 H42 O2 N2 S1,48.0,42.0,2.0,2.0,,1.0,,,,
1280,2345,709.2902121681773,709.2894917112556,709.289556265469,2440280.059011597,158.96120556506855,327067.07419585716,12.59577845107489,-1,-0.09101249669476223,0.998498139636448,0.0,0.5990988837818687,16.0,0.2702702702702703,1.2702702702702702,N2 P1 O10,de-protonated,,0.0,,C37 H47 O10 N2 P1,37.0,47.0,10.0,2.0,1.0,,,,,
1281,2346,710.2293990956357,710.2286776960855,710.2288111888089,2236510.694273887,172.3089592057283,301246.48690143385,11.52030439380686,-1,-0.18795734743239753,0.9936102888435862,0.0,0.5961661733061516,30.0,0.0425531914893617,0.8085106382978723,N1 S1 P1 O2,de-protonated,,0.0,,C47 H38 O2 N1 P1 S1,47.0,38.0,2.0,1.0,1.0,1.0,,,,
1282,2346,710.2293990956357,710.2286776960855,710.228672804379,2236510.694273887,172.3089592057283,301246.48690143385,11.52030439380686,-1,0.006887509108750742,0.9999913925138695,0.0,0.5999948355083217,3.0,0.5769230769230769,1.9230769230769231,N1 S2 P1 O15,de-protonated,,0.0,,C26 H50 O15 N1 P1 S2,26.0,50.0,15.0,1.0,1.0,2.0,,,,
1283,2347,710.239930097162,710.2392086870423,710.2390368137991,2767016.623409242,126.78922447603392,319881.83477528446,14.234815389988727,-1,0.2419935180506394,0.9894304626782237,0.0,0.5936582776069341,4.0,0.7916666666666666,1.9166666666666667,N3 P1 O19,de-protonated,,0.0,,C24 H46 O19 N3 P1,24.0,46.0,19.0,3.0,1.0,,,,,
1284,2348,710.2472293817435,710.2465079642978,710.246569253549,144571925.95208332,260.92151620253867,314373.6515187132,743.5319010693122,-1,-0.08629292102258014,0.24966244012969865,0.604116380795546,0.3914440163960376,30.0,0.0851063829787234,0.8085106382978723,N1 P1 O4,de-protonated,,0.0,,C47 H38 O4 N1 P1,47.0,38.0,4.0,1.0,1.0,,,,,
1285,2348,710.2472293817435,710.2465079642978,710.2464308691191,144571925.95208332,260.92151620253867,314373.6515187132,743.5319010693122,-1,0.10854708368313008,0.49913260628570266,0.9346375422360468,0.6733345806658404,3.0,0.6538461538461539,1.9230769230769231,N1 S1 P1 O17,de-protonated,,0.0,,C26 H50 O17 N1 P1 S1,26.0,50.0,17.0,1.0,1.0,1.0,,,,
1286,2349,710.2569461533806,710.2562247261826,710.2561179194091,18459460.80864341,341.1387528730188,300260.19233563816,96.376161588353,-1,0.15037782962096533,0.22999217157759527,0.8755120836302925,0.4882001363986742,3.0,0.5185185185185185,1.9259259259259258,13C2 N1 S2 P1 O14,de-protonated,,1.0,2339.0,C25 H52 O14 N1 P1 S2 13C2,25.0,52.0,14.0,1.0,1.0,2.0,2.0,,,
1287,2350,710.2658310435625,710.2651096074471,710.2651966981589,1134101130.601918,175.8782502721635,312044.4007872641,5880.540808932859,-1,-0.12261717477300287,0.153625556451612,0.5673155610681714,0.3191015582982358,29.0,0.020833333333333332,0.875,N1 S1 P1 O1,de-protonated,,0.0,,C48 H42 O1 N1 P1 S1,48.0,42.0,1.0,1.0,1.0,1.0,,,,
1288,2350,710.2658310435625,710.2651096074471,710.265058313729,1134101130.601918,175.8782502721635,312044.4007872641,5880.540808932859,-1,0.07221771297240634,0.24930123826273842,0.8743891348017475,0.4993363968783421,2.0,0.5185185185185185,2.0,N1 S2 P1 O14,de-protonated,,0.0,,C27 H54 O14 N1 P1 S2,27.0,54.0,14.0,1.0,1.0,2.0,,,,
1289,2351,710.2833885804217,710.2826671266847,710.282683436739,2558416.4789344785,283.1784111435311,308945.74101623695,13.438655335357758,-1,-0.022962764967800385,0.9999043287575505,0.0,0.5999425972545303,15.0,0.21052631578947367,1.2894736842105263,N1 S2 O8,de-protonated,,0.0,,C38 H49 O8 N1 S2,38.0,49.0,8.0,1.0,,2.0,,,,
1290,2351,710.2833885804217,710.2826671266847,710.282816378469,2558416.4789344785,283.1784111435311,308945.74101623695,13.438655335357758,-1,-0.210130078905371,0.9920202057073769,0.0,0.5952121234244261,2.0,0.5925925925925926,2.0,N1 S1 P1 O16,de-protonated,,0.0,,C27 H54 O16 N1 P1 S1,27.0,54.0,16.0,1.0,1.0,1.0,,,,
1291,2352,710.2914456770419,710.2907242152183,710.2906784644391,1626582.6702850473,122.06070478618356,293423.748123898,8.359022590108939,-1,0.06441134682366124,0.9992474850525026,0.0,0.5995484910315015,7.0,0.5172413793103449,1.7241379310344827,N3 P1 O15,de-protonated,,0.0,,C29 H50 O15 N3 P1,29.0,50.0,15.0,3.0,1.0,,,,,
1292,2353,711.2505787322309,711.2498563077789,711.2497857041891,40336170.337770924,263.09707312208064,316745.3984785577,207.88068018172683,-1,0.09926694006318522,0.4991908138774705,0.9346375422360468,0.673369505220901,3.0,0.6538461538461539,1.9230769230769231,13C1 N1 S1 P1 O17,de-protonated,,1.0,2348.0,C25 H50 O17 N1 P1 S1 13C1,25.0,50.0,17.0,1.0,1.0,1.0,1.0,,,
1293,2353,711.2505787322309,711.2498563077789,711.249922049809,40336170.337770924,263.09707312208064,316745.3984785577,207.88068018172683,-1,-0.09243168685989703,0.24961274323743604,0.7384544648675491,0.44514943188948125,3.0,0.76,1.92,N2 S1 O19,de-protonated,,0.0,,C25 H48 O19 N2 S1,25.0,48.0,19.0,2.0,,1.0,,,,
1294,2354,711.2629740260597,711.2622515891675,711.2622315926088,5033361.892459262,183.84571801993968,323845.6876448311,26.110101890798404,-1,0.028114185965072435,0.15382409106000355,0.5673155610681714,0.3192206790632707,29.0,0.020833333333333332,0.875,15N1 S1 P1 O1,de-protonated,,1.0,2350.0,C48 H42 O1 P1 S1 15N1,48.0,42.0,1.0,,1.0,1.0,,1.0,,
1295,2354,711.2629740260597,711.2622515891675,711.262093208179,5033361.892459262,183.84571801993968,323845.6876448311,26.110101890798404,-1,0.2226759868628628,0.2488005615307054,0.8743891348017475,0.49903599083912226,2.0,0.5185185185185185,2.0,15N1 S2 P1 O14,de-protonated,,1.0,2350.0,C27 H54 O14 P1 S2 15N1,27.0,54.0,14.0,,1.0,2.0,,1.0,,
1296,2355,711.2691810382535,711.2684585951316,711.268413148799,324922505.94860196,329.27191039973263,310942.88306623796,1690.6702213989606,-1,0.06389477130173656,0.24931407463516952,0.8743891348017475,0.49934409870180074,2.0,0.5185185185185185,2.0,13C1 N1 S2 P1 O14,de-protonated,,1.0,2350.0,C26 H54 O14 N1 P1 S2 13C1,26.0,54.0,14.0,1.0,1.0,2.0,1.0,,,
1297,2355,711.2691810382535,711.2684585951316,711.2685494944191,324922505.94860196,329.27191039973263,310942.88306623796,1690.6702213989606,-1,-0.1277988285964466,0.0997040868850664,0.664366831541394,0.32556918474759744,2.0,0.6153846153846154,2.0,N2 S2 O16,de-protonated,,0.0,,C26 H52 O16 N2 S2,26.0,52.0,16.0,2.0,,2.0,,,,
1298,2357,712.2087354964,712.2080121103179,712.2080757439189,2444661.3095708876,167.39245065711393,342526.1870480805,12.593146517009995,-1,-0.08934692430125298,0.9985525667459846,0.0,0.5991315400475907,30.0,0.06521739130434782,0.782608695652174,N1 S1 P1 O3,de-protonated,,0.0,,C46 H36 O3 N1 P1 S1,46.0,36.0,3.0,1.0,1.0,1.0,,,,
1299,2357,712.2087354964,712.2080121103179,712.207937359489,2444661.3095708876,167.39245065711393,342526.1870480805,12.593146517009995,-1,0.10495646695718594,0.9980031829794106,0.0,0.5988019097876464,3.0,0.64,1.92,N1 S2 P1 O16,de-protonated,,0.0,,C25 H48 O16 N1 P1 S2,25.0,48.0,16.0,1.0,1.0,2.0,,,,
1300,2358,712.2451062056224,712.2443827830381,712.2444612532689,5164537.9029229395,288.42070856624366,307220.8684082947,27.357638637558995,-1,-0.1101731710323575,0.997484842016216,0.9190019151867832,0.966091671284443,29.0,0.0425531914893617,0.851063829787234,N1 S1 P1 O2,de-protonated,,0.0,,C47 H40 O2 N1 P1 S1,47.0,40.0,2.0,1.0,1.0,1.0,,,,
1301,2358,712.2451062056224,712.2443827830381,712.244322868839,5164537.9029229395,288.42070856624366,307220.8684082947,27.357638637558995,-1,0.08412029005231861,0.9987168525351944,0.0,0.5992301115211166,2.0,0.5769230769230769,2.0,N1 S2 P1 O15,de-protonated,,0.0,,C26 H52 O15 N1 P1 S2,26.0,52.0,15.0,1.0,1.0,2.0,,,,
1302,2359,712.2539238669556,712.2532004355218,712.2531405392591,5637508.617658433,277.11714402772014,282548.6533943159,29.168409274207278,-1,0.08409406606492206,0.49927481991978273,0.9346375422360468,0.6734199088462884,3.0,0.6538461538461539,1.9230769230769231,13C2 N1 S1 P1 O17,de-protonated,,1.0,2348.0,C24 H50 O17 N1 P1 S1 13C2,24.0,50.0,17.0,1.0,1.0,1.0,2.0,,,
1303,2360,712.2629041229559,712.2621806825093,712.262219318009,376734746.3648449,354.87391567206123,311953.55886443844,1946.030992111407,-1,-0.05424336517600967,0.16657770971324365,0.5996251030115285,0.33979666703255756,29.0,0.0851063829787234,0.851063829787234,N1 P1 O4,de-protonated,,0.0,,C47 H40 O4 N1 P1,47.0,40.0,4.0,1.0,1.0,,,,,
1304,2360,712.2629041229559,712.2621806825093,712.2620809335791,376734746.3648449,354.87391567206123,311953.55886443844,1946.030992111407,-1,0.140045262665204,0.33263625121928664,0.9188862406164817,0.5671362469781647,2.0,0.6538461538461539,2.0,N1 S1 P1 O17,de-protonated,,0.0,,C26 H52 O17 N1 P1 S1,26.0,52.0,17.0,1.0,1.0,1.0,,,,
1305,2361,712.2725301915118,712.2718067414044,712.271767983869,47785578.575758636,413.06635498694277,299675.750721159,248.66513045135156,-1,0.05441397099209887,0.24932678676046316,0.8743891348017475,0.4993517259769769,2.0,0.5185185185185185,2.0,13C2 N1 S2 P1 O14,de-protonated,,1.0,2350.0,C25 H54 O14 N1 P1 S2 13C2,25.0,54.0,14.0,1.0,1.0,2.0,2.0,,,
1306,2363,712.3448249085028,712.3441013858394,712.344234866799,7307997.3793212855,253.5500074400155,311581.05595499126,37.82484041364944,-1,-0.18738266280326268,0.9931213282674516,0.9570151516380826,0.978678857615704,13.0,0.1794871794871795,1.435897435897436,N1 S1 P1 O7,de-protonated,,0.0,,C39 H56 O7 N1 P1 S1,39.0,56.0,7.0,1.0,1.0,1.0,,,,
1307,2364,713.2484513749691,713.2477269454229,713.2478160883389,1777241.9978612307,161.81182771819957,271384.7489344317,9.254867147447834,-1,-0.12498168807065775,0.9971697077350532,0.9190019151867832,0.9659025907157452,29.0,0.0425531914893617,0.851063829787234,13C1 N1 S1 P1 O2,de-protonated,,1.0,2358.0,C46 H40 O2 N1 P1 S1 13C1,46.0,40.0,2.0,1.0,1.0,1.0,1.0,,,
1308,2364,713.2484513749691,713.2477269454229,713.2478140495291,1777241.9978612307,161.81182771819957,271384.7489344317,9.254867147447834,-1,-0.12212320109852348,0.9972975187524292,0.0,0.5983785112514575,2.0,0.68,2.0,N2 S2 O17,de-protonated,,0.0,,C25 H50 O17 N2 S2,25.0,50.0,17.0,2.0,,2.0,,,,
1309,2365,713.2662430255907,713.2655185781888,713.2654357686491,109069680.74326691,298.8601565105876,311571.1791124267,563.7813321731913,-1,0.11609919044168514,0.3327595409023385,0.9188862406164817,0.5672102207879958,2.0,0.6538461538461539,2.0,13C1 N1 S1 P1 O17,de-protonated,,1.0,2360.0,C25 H52 O17 N1 P1 S1 13C1,25.0,52.0,17.0,1.0,1.0,1.0,1.0,,,
1310,2365,713.2662430255907,713.2655185781888,713.265572114269,109069680.74326691,298.8601565105876,311571.1791124267,563.7813321731913,-1,-0.07505770971114878,0.19979566042431265,0.7198006045791214,0.4077976380862362,2.0,0.76,2.0,N2 S1 O19,de-protonated,,0.0,,C25 H50 O19 N2 S1,25.0,50.0,19.0,2.0,,1.0,,,,
1311,2366,713.3481698411704,713.3474453115473,713.347589701869,2484150.1151255686,108.64445495255578,311390.4463943353,13.067552632207457,-1,-0.20241229347941234,0.9925934781473887,0.9570151516380826,0.9783621475436662,13.0,0.1794871794871795,1.435897435897436,13C1 N1 S1 P1 O7,de-protonated,,1.0,2363.0,C38 H56 O7 N1 P1 S1 13C1,38.0,56.0,7.0,1.0,1.0,1.0,1.0,,,
1312,2367,714.2242879076682,714.2235624987871,714.2237258083788,3612500.2392158983,200.74998362808833,316137.87709915056,18.617643591556394,-1,-0.2286532717935076,0.49527914869635076,0.667769152885588,0.5642751503720457,29.0,0.06521739130434782,0.8260869565217391,N1 S1 P1 O3,de-protonated,,0.0,,C46 H38 O3 N1 P1 S1,46.0,38.0,3.0,1.0,1.0,1.0,,,,
1313,2367,714.2242879076682,714.2235624987871,714.2235874239491,3612500.2392158983,200.74998362808833,316137.87709915056,18.617643591556394,-1,-0.03489826208046658,0.999779040111227,0.0,0.5998674240667362,2.0,0.64,2.0,N1 S2 P1 O16,de-protonated,,0.0,,C25 H50 O16 N1 P1 S2,25.0,50.0,16.0,1.0,1.0,2.0,,,,
1314,2368,714.2695440485433,714.2688185942442,714.2687906037191,14386101.88698287,400.500850238093,299481.75756067084,74.12842293778913,-1,0.03918766353660652,0.33300000261358753,0.9188862406164817,0.5673544978147452,2.0,0.6538461538461539,2.0,13C2 N1 S1 P1 O17,de-protonated,,1.0,2360.0,C24 H52 O17 N1 P1 S1 13C2,24.0,52.0,17.0,1.0,1.0,1.0,2.0,,,
1315,2370,714.340473647712,714.3397481222298,714.3396037163691,4190518.577634017,82.67536925406776,319630.5372059999,22.326038688994522,-1,0.2021529535620473,0.49630618745312105,0.6980173569463085,0.5769906552503961,18.0,0.225,1.225,N3 O9,de-protonated,,0.0,,C40 H49 O9 N3,40.0,49.0,9.0,3.0,,,,,,
1316,2372,716.2271606963384,716.2264332774639,716.226488713269,1669073.6307868578,208.03416146833553,284379.25870686275,8.583723960899414,-1,-0.07739982523095021,0.9989135799589831,0.0,0.5993481479753898,33.0,0.061224489795918366,0.7142857142857143,N1 S1 O3,de-protonated,,0.0,,C49 H35 O3 N1 S1,49.0,35.0,3.0,1.0,,1.0,,,,
1317,2372,716.2271606963384,716.2264332774639,716.226350328839,1669073.6307868578,208.03416146833553,284379.25870686275,8.583723960899414,-1,0.11581342252734553,0.997569233452855,0.0,0.598541540071713,6.0,0.5714285714285714,1.6785714285714286,N1 S2 O16,de-protonated,,0.0,,C28 H47 O16 N1 S2,28.0,47.0,16.0,1.0,,2.0,,,,
1318,2373,716.3197416480006,716.3190141362179,716.318868271479,4485391.883832369,299.5508263991901,319920.2059343474,23.366968611660795,-1,0.20363101595969016,0.9908870736688091,0.9991505526064344,0.9941924652438592,18.0,0.2564102564102564,1.205128205128205,N3 O10,de-protonated,,0.0,,C39 H47 O10 N3,39.0,47.0,10.0,3.0,,,,,,
1319,2374,717.1706024425789,717.1698740769365,717.169957650399,4855548.878705996,360.06313212788706,279134.4041467084,25.311967885618763,-1,-0.11653229709881284,0.9975390006723216,0.0,0.5985234004033929,3.0,0.9090909090909091,1.9090909090909092,N2 S2 O20,de-protonated,,0.0,,C22 H42 O20 N2 S2,22.0,42.0,20.0,2.0,,2.0,,,,
1320,2376,717.2985567542821,717.2978282602355,717.297880007489,2400219.277733939,72.04773660967602,292406.5640375189,12.556957423617678,-1,-0.07214193000347299,0.9990561036718664,0.0,0.5994336622031198,26.0,0.02127659574468085,0.9787234042553191,N2 S2 O1,de-protonated,,0.0,,C47 H46 O1 N2 S2,47.0,46.0,1.0,2.0,,2.0,,,,
1321,2377,717.3231265340785,717.3223980153758,717.3225136205989,1899710.0593773893,202.3232606324199,277918.25761368725,9.884886364232257,-1,-0.16116212843945343,0.9952982790971403,0.0,0.5971789674582841,3.0,0.36666666666666664,1.9666666666666666,N2 S2 P1 O11,de-protonated,,0.0,,C30 H59 O11 N2 P1 S2,30.0,59.0,11.0,2.0,1.0,2.0,,,,
1322,2377,717.3231265340785,717.3223980153758,717.322223106549,1899710.0593773893,202.3232606324199,277918.25761368725,9.884886364232257,-1,0.2438357842164057,0.9892697907808058,0.9991505526064344,0.9932220955110571,18.0,0.2564102564102564,1.205128205128205,13C1 N3 O10,de-protonated,,1.0,2373.0,C38 H47 O10 N3 13C1,38.0,47.0,10.0,3.0,,,1.0,,,
1323,2378,718.1700792132724,718.1693498446488,718.169367759029,1976087.8041059186,151.56126791378017,291178.8647634098,10.278689498692286,-1,-0.024944506186495,0.9998871038495006,0.0,0.5999322623097003,34.0,0.10638297872340426,0.6170212765957447,N1 S1 O5,de-protonated,,0.0,,C47 H29 O5 N1 S1,47.0,29.0,5.0,1.0,,1.0,,,,
1324,2378,718.1700792132724,718.1693498446488,718.169500700759,1976087.8041059186,151.56126791378017,291178.8647634098,10.278689498692286,-1,-0.21005641444503648,0.9920257772526726,0.0,0.5952154663516035,21.0,0.3611111111111111,0.9444444444444444,N1 P1 O13,de-protonated,,0.0,,C36 H34 O13 N1 P1,36.0,34.0,13.0,1.0,1.0,,,,,
1325,2378,718.1700792132724,718.1693498446488,718.169229374599,1976087.8041059186,151.56126791378017,291178.8647634098,10.278689498692286,-1,0.16774604762157358,0.9949072753480247,0.0,0.5969443652088148,7.0,0.6923076923076923,1.5769230769230769,N1 S2 O18,de-protonated,,0.0,,C26 H41 O18 N1 S2,26.0,41.0,18.0,1.0,,2.0,,,,
1326,2379,718.2789811523206,718.2782516744144,718.278385902649,21969418.446239326,232.3956557620709,306131.5066023602,114.58388144930187,-1,-0.18687494606972732,0.6613639273196928,0.9362264970177705,0.7713089551989238,4.0,0.5172413793103449,1.8275862068965518,N1 S2 O15,de-protonated,,0.0,,C29 H53 O15 N1 S2,29.0,53.0,15.0,1.0,,2.0,,,,
1327,2380,718.3153562257613,718.3146267113528,718.3147714119991,74471962.38786574,92.8519063959834,307398.5852763794,386.77850244082157,-1,-0.20144462014834008,0.49733718288014406,0.9030361376324648,0.6596167647810723,3.0,0.4666666666666667,1.9,N1 S2 O14,de-protonated,,0.0,,C30 H57 O14 N1 S2,30.0,57.0,14.0,1.0,,2.0,,,,
1328,2381,719.1498046964846,719.1490743447196,719.1492222055091,10964279.216871623,180.20887706343464,320117.9121063094,56.37865960413211,-1,-0.20560515809451557,0.4961794376821436,0.8149093904448101,0.6236714187872102,3.0,1.0,1.9047619047619047,N2 S2 O21,de-protonated,,0.0,,C21 H40 O21 N2 S2,21.0,40.0,21.0,2.0,,2.0,,,,
1329,2382,719.1675397799532,719.1668094103915,719.166980270249,2463671.0129990513,143.22102049167836,278845.2519142848,12.678026390602884,-1,-0.23758023138357598,0.9898105120698348,0.0,0.5938863072419008,3.0,1.0952380952380953,1.9047619047619047,N2 S1 O23,de-protonated,,0.0,,C21 H40 O23 N2 S1,21.0,40.0,23.0,2.0,,1.0,,,,
1330,2383,719.2742743302964,719.2735438536292,719.273634874849,2074470.8818349899,259.7143560643598,299373.05192079913,10.667228765022521,-1,-0.12654602552671865,0.9970985169652512,0.0,0.5982591101791507,4.0,0.5357142857142857,1.8571428571428572,N2 S2 O15,de-protonated,,0.0,,C28 H52 O15 N2 S2,28.0,52.0,15.0,2.0,,2.0,,,,
1331,2384,719.2823054491715,719.2815749644453,719.281740737719,6417081.002105658,195.66427347294828,288446.0788571167,32.98602963533858,-1,-0.23047057127159362,0.660272229092404,0.9362264970177705,0.7706539362625506,4.0,0.5172413793103449,1.8275862068965518,13C1 N1 S2 O15,de-protonated,,1.0,2379.0,C28 H53 O15 N1 S2 13C1,28.0,53.0,15.0,1.0,,2.0,1.0,,,
1332,2386,719.3187394384793,719.3180089171925,719.3181262470691,22821503.895860586,193.15928344478075,298899.95067727455,121.14266113902211,-1,-0.1631126372809738,0.49775721503658793,0.9030361376324648,0.6598687840749387,3.0,0.4666666666666667,1.9,13C1 N1 S2 O14,de-protonated,,1.0,2380.0,C29 H57 O14 N1 S2 13C1,29.0,57.0,14.0,1.0,,2.0,1.0,,,
1333,2387,720.1492779380752,720.1485465833722,720.148632314139,5764690.211007181,281.1638958263428,312741.29379537684,30.13564504305647,-1,-0.11904593440060196,0.49871591226133205,0.667769152885588,0.5663372085110345,34.0,0.13043478260869565,0.5869565217391305,N1 S1 O6,de-protonated,,0.0,,C46 H27 O6 N1 S1,46.0,27.0,6.0,1.0,,1.0,,,,
1334,2387,720.1492779380752,720.1485465833722,720.1484939297089,5764690.211007181,281.1638958263428,312741.29379537684,30.13564504305647,-1,0.0731150085078294,0.49951524054462787,0.7871578612348822,0.6145722888207297,7.0,0.76,1.56,N1 S2 O19,de-protonated,,0.0,,C25 H39 O19 N1 S2,25.0,39.0,19.0,1.0,,2.0,,,,
1335,2388,720.1529806005992,720.1522492421807,720.1521365591891,2374789.939647755,185.50085860809799,272922.50683679286,12.274353503399496,-1,0.15647109251542496,0.9955674080792698,0.0,0.5973404448475619,16.0,0.4375,1.125,N1 S1 P1 O14,de-protonated,,0.0,,C32 H36 O14 N1 P1 S1,32.0,36.0,14.0,1.0,1.0,1.0,,,,
1336,2389,720.2137671228004,720.2130357033852,720.213161124349,3090746.610054823,199.21167098086192,276671.6129302879,16.31075338367526,-1,-0.17414422633586524,0.4972562303023914,0.6582606959877633,0.5616580165765401,32.0,0.041666666666666664,0.75,N1 S1 P1 O2,de-protonated,,0.0,,C48 H36 O2 N1 P1 S1,48.0,36.0,2.0,1.0,1.0,1.0,,,,
1337,2389,720.2137671228004,720.2130357033852,720.213022739919,3090746.610054823,199.21167098086192,276671.6129302879,16.31075338367526,-1,0.01799948881486733,0.9999412156925921,0.0,0.5999647294155552,5.0,0.5555555555555556,1.7777777777777777,N1 S2 P1 O15,de-protonated,,0.0,,C27 H48 O15 N1 P1 S2,27.0,48.0,15.0,1.0,1.0,2.0,,,,
1338,2390,720.2299336865505,720.229202250913,720.2292654188091,6344773.045399639,69.4521030508898,315348.3684712398,33.486097107668776,-1,-0.08770526153286452,0.49930261583455676,0.649019221937938,0.5591892582759093,37.0,0.06,0.62,N3 O3,de-protonated,,0.0,,C50 H31 O3 N3,50.0,31.0,3.0,3.0,,,,,,
1339,2390,720.2299336865505,720.229202250913,720.2291270343791,6344773.045399639,69.4521030508898,315348.3684712398,33.486097107668776,-1,0.10443417390042138,0.998489705058466,0.9621130951986332,0.9839390611145329,10.0,0.5517241379310345,1.4827586206896552,N3 S1 O16,de-protonated,,0.0,,C29 H43 O16 N3 S1,29.0,43.0,16.0,3.0,,1.0,,,,
1340,2391,720.2946621316332,720.2939306310436,720.294035967109,124681609.80582325,447.6724432206307,309731.26984491583,641.7286914391442,-1,-0.14624036873416515,0.2838514920173453,0.861235357055292,0.514805038032524,3.0,0.5172413793103449,1.896551724137931,N1 S2 O15,de-protonated,,0.0,,C29 H55 O15 N1 S2,29.0,55.0,15.0,1.0,,2.0,,,,
1341,2392,720.322107928438,720.3213764003077,720.3214810821391,3339739.0239598723,456.7194795195313,261249.65287026085,17.247063927261927,-1,-0.14532654402238485,0.4979224006669067,0.9030361376324648,0.65996789545313,3.0,0.4666666666666667,1.9,13C2 N1 S2 O14,de-protonated,,1.0,2380.0,C28 H57 O14 N1 S2 13C2,28.0,57.0,14.0,1.0,,2.0,2.0,,,
1342,2392,720.322107928438,720.3213764003077,720.3213098880991,3339739.0239598723,456.7194795195313,261249.65287026085,17.247063927261927,-1,0.09233686091432687,0.9984541471658473,0.0,0.5990724882995084,3.0,0.5862068965517241,1.9310344827586208,N1 P1 O17,de-protonated,,0.0,,C29 H56 O17 N1 P1,29.0,56.0,17.0,1.0,1.0,,,,,
1343,2394,721.2174493744658,721.2167169479104,721.216652305039,1600112.7725941313,256.36404178736734,246801.33263645257,8.228412862138487,-1,0.08963030898817322,0.9985433771391442,0.0,0.5991260262834865,32.0,0.0851063829787234,0.723404255319149,N2 S1 O4,de-protonated,,0.0,,C47 H34 O4 N2 S1,47.0,34.0,4.0,2.0,,1.0,,,,
1344,2394,721.2174493744658,721.2167169479104,721.2167852467691,1600112.7725941313,256.36404178736734,246801.33263645257,8.228412862138487,-1,-0.09469948571299794,0.998374092746595,0.0,0.599024455647957,19.0,0.3333333333333333,1.0833333333333333,N2 P1 O12,de-protonated,,0.0,,C36 H39 O12 N2 P1,36.0,39.0,12.0,2.0,1.0,,,,,
1345,2395,721.2331596008484,721.2324271585287,721.232421510579,2426632.9724254934,177.35169548428536,267386.89326963376,12.556299440101455,-1,0.00783097034700031,0.9999888728851439,0.0,0.5999933237310864,18.0,0.3157894736842105,1.105263157894737,S1 O12,de-protonated,,0.0,,C38 H42 O12 S1,38.0,42.0,12.0,,,1.0,,,,
1346,2395,721.2331596008484,721.2324271585287,721.232554452309,2426632.9724254934,177.35169548428536,267386.89326963376,12.556299440101455,-1,-0.17649477904458608,0.9943637431981982,0.0,0.5966182459189189,5.0,0.7407407407407407,1.7407407407407407,P1 O20,de-protonated,,0.0,,C27 H47 O20 P1,27.0,47.0,20.0,,1.0,,,,,
1347,2395,721.2331596008484,721.2324271585287,721.2324818694491,2426632.9724254934,177.35169548428536,267386.89326963376,12.556299440101455,-1,-0.0758575379730169,0.998956422742408,0.9621130951986332,0.9842190917248981,10.0,0.5517241379310345,1.4827586206896552,13C1 N3 S1 O16,de-protonated,,1.0,2390.0,C28 H43 O16 N3 S1 13C1,28.0,43.0,16.0,3.0,,1.0,1.0,,,
1348,2396,721.2899009897004,721.2891684904446,721.289284939309,535995313.0622143,480.4076650380708,303642.8239264673,2821.1806518980266,-1,-0.1614454378815316,0.30601826539074606,0.8763303383933672,0.5341430945917945,3.0,0.5357142857142857,1.9285714285714286,N2 S2 O15,de-protonated,,0.0,,C28 H54 O15 N2 S2,28.0,54.0,15.0,2.0,,2.0,,,,
1349,2397,721.2979608145505,721.2972283072072,721.297390802179,34638023.71411339,413.34744627026225,302406.8297479081,182.60884929059773,-1,-0.2252815189937898,0.2830952659510265,0.861235357055292,0.5143513023927327,3.0,0.5172413793103449,1.896551724137931,13C1 N1 S2 O15,de-protonated,,1.0,2391.0,C28 H55 O15 N1 S2 13C1,28.0,55.0,15.0,1.0,,2.0,1.0,,,
1350,2398,722.1464735097109,722.1457401509484,722.145654933989,2586385.135721138,278.6501130208269,277505.2981226692,13.573870947941778,-1,0.11800522349363535,0.9974764742649618,0.0,0.598485884558977,34.0,0.2,0.5555555555555556,N1 O9,de-protonated,,0.0,,C45 H25 O9 N1,45.0,25.0,9.0,1.0,,,,,,
1351,2399,722.2108538937565,722.2101204703938,722.210183744199,1623103.5990989339,185.5513537296377,238230.158640605,8.349317333244636,-1,-0.08761134442268727,0.9986082151007398,0.0,0.5991649290604438,32.0,0.10638297872340426,0.723404255319149,N1 P1 O5,de-protonated,,0.0,,C47 H34 O5 N1 P1,47.0,34.0,5.0,1.0,1.0,,,,,
1352,2399,722.2108538937565,722.2101204703938,722.2100453597691,1623103.5990989339,185.5513537296377,238230.158640605,8.349317333244636,-1,0.10400108002284583,0.9980393348671313,0.0,0.5988236009202788,5.0,0.6923076923076923,1.7692307692307692,N1 S1 P1 O18,de-protonated,,0.0,,C26 H46 O18 N1 P1 S1,26.0,46.0,18.0,1.0,1.0,1.0,,,,
1353,2400,722.2294765429527,722.2287431009038,722.2288111888089,24441491.60467095,241.71000654978997,309715.4861772316,125.89593406022387,-1,-0.09427470083056577,0.6656307165576981,0.8470026356603362,0.7381794841987533,31.0,0.041666666666666664,0.7916666666666666,N1 S1 P1 O2,de-protonated,,0.0,,C48 H38 O2 N1 P1 S1,48.0,38.0,2.0,1.0,1.0,1.0,,,,
1354,2400,722.2294765429527,722.2287431009038,722.228672804379,24441491.60467095,241.71000654978997,309715.4861772316,125.89593406022387,-1,0.09733278034414171,0.6654839243166543,0.9352279403729018,0.7733815307391534,4.0,0.5555555555555556,1.8518518518518519,N1 S2 P1 O15,de-protonated,,0.0,,C27 H50 O15 N1 P1 S2,27.0,50.0,15.0,1.0,1.0,2.0,,,,
1355,2401,722.2871413745316,722.286407874621,722.2863260662189,3610655.636345759,197.36408711738179,304294.14695476287,18.67883605856522,-1,0.11326311901867889,0.49883749318788334,0.667769152885588,0.5664101570669653,25.0,0.06521739130434782,1.0,N1 S1 P1 O3,de-protonated,,0.0,,C46 H46 O3 N1 P1 S1,46.0,46.0,3.0,1.0,1.0,1.0,,,,
1356,2401,722.2871413745316,722.286407874621,722.286319833759,3610655.636345759,197.36408711738179,304294.14695476287,18.67883605856522,-1,0.1218919140415028,0.3061741083480443,0.8763303383933672,0.5342366003661735,3.0,0.5357142857142857,1.9285714285714286,N1 15N1 S2 O15,de-protonated,,1.0,2396.0,C28 H54 O15 N1 S2 15N1,28.0,54.0,15.0,1.0,,2.0,,1.0,,
1357,2402,722.2932328692846,722.2924993632615,722.292639774379,152722800.95384273,312.20362689403544,304905.2303762145,796.5706363450917,-1,-0.19439643958888292,0.30585555312374496,0.8763303383933672,0.5340454672315939,3.0,0.5357142857142857,1.9285714285714286,13C1 N2 S2 O15,de-protonated,,1.0,2396.0,C27 H54 O15 N2 S2 13C1,27.0,54.0,15.0,2.0,,2.0,1.0,,,
1358,2403,722.3022447853326,722.3015112702669,722.3014438230789,127934812.67457119,230.66414107798983,310534.3405519795,658.5099030369196,-1,0.0933781714088908,0.42756541571622114,0.894783433533194,0.6144526228430103,2.0,0.4482758620689655,2.0,N1 S2 P1 O13,de-protonated,,0.0,,C29 H58 O13 N1 P1 S2,29.0,58.0,13.0,1.0,1.0,2.0,,,,
1359,2404,723.2328347675266,723.2321003187029,723.2321660238789,7775545.605560207,334.84431283555597,305724.35228628654,40.731811588326806,-1,-0.0908493552571151,0.6656690100025539,0.8470026356603362,0.7382024602656667,31.0,0.041666666666666664,0.7916666666666666,13C1 N1 S1 P1 O2,de-protonated,,1.0,2400.0,C47 H38 O2 N1 P1 S1 13C1,47.0,38.0,2.0,1.0,1.0,1.0,1.0,,,
1360,2404,723.2328347675266,723.2321003187029,723.2320276394491,7775545.605560207,334.84431283555597,305724.35228628654,40.731811588326806,-1,0.10049230537176827,0.6654461875606729,0.9352279403729018,0.7733588886855645,4.0,0.5555555555555556,1.8518518518518519,13C1 N1 S2 P1 O15,de-protonated,,1.0,2400.0,C26 H50 O15 N1 P1 S2 13C1,26.0,50.0,15.0,1.0,1.0,2.0,1.0,,,
1361,2404,723.2328347675266,723.2321003187029,723.2321639850691,7775545.605560207,334.84431283555597,305724.35228628654,40.731811588326806,-1,-0.08803033011487152,0.49929744036041074,0.7805128205128198,0.6117835924213744,4.0,0.6538461538461539,1.8461538461538463,N2 S2 O17,de-protonated,,0.0,,C26 H48 O17 N2 S2,26.0,48.0,17.0,2.0,,2.0,,,,
1362,2405,723.2965816108263,723.2958470980393,723.295690473679,22467805.429530956,453.1176941220397,274241.91721796186,116.54204039358433,-1,0.2165426427837401,0.3305092779849869,0.669687134220382,0.46618042047914493,16.0,0.2631578947368421,1.263157894736842,N2 S1 O10,de-protonated,,0.0,,C38 H48 O10 N2 S1,38.0,48.0,10.0,2.0,,1.0,,,,
1363,2405,723.2965816108263,723.2958470980393,723.295994609449,22467805.429530956,453.1176941220397,274241.91721796186,116.54204039358433,-1,-0.2039433521678398,0.30580285449053624,0.8763303383933672,0.5340138480516686,3.0,0.5357142857142857,1.9285714285714286,13C2 N2 S2 O15,de-protonated,,1.0,2396.0,C26 H54 O15 N2 S2 13C2,26.0,54.0,15.0,2.0,,2.0,2.0,,,
1364,2405,723.2965816108263,723.2958470980393,723.295823415409,22467805.429530956,453.1176941220397,274241.91721796186,116.54204039358433,-1,0.03274266146521307,0.49990274553530123,0.7739790330151771,0.6095332605272517,3.0,0.6666666666666666,1.962962962962963,N2 P1 O18,de-protonated,,0.0,,C27 H53 O18 N2 P1,27.0,53.0,18.0,2.0,1.0,,,,,
1365,2406,723.3056032419614,723.3048687201223,723.3047986581491,42307445.33666714,258.0218823747839,306721.73713660956,218.65055437528028,-1,0.096863691853397,0.4275482557561426,0.894783433533194,0.6144423268669632,2.0,0.4482758620689655,2.0,13C1 N1 S2 P1 O13,de-protonated,,1.0,2403.0,C28 H58 O13 N1 P1 S2 13C1,28.0,58.0,13.0,1.0,1.0,2.0,1.0,,,
1366,2406,723.3056032419614,723.3048687201223,723.3049350037691,42307445.33666714,258.0218823747839,306721.73713660956,218.65055437528028,-1,-0.09163997586693293,0.24961934378452902,0.6961161249933476,0.4282180562680565,2.0,0.5357142857142857,2.0,N2 S2 O15,de-protonated,,0.0,,C28 H56 O15 N2 S2,28.0,56.0,15.0,2.0,,2.0,,,,
1367,2407,724.2265932623212,724.2258578163751,724.225833808659,9851640.202505985,414.7771990821821,305270.8418008698,51.39772438631688,-1,0.033149488697745796,0.49990031399210116,0.6629808336684154,0.5651325218626269,31.0,0.10638297872340426,0.7659574468085106,N1 P1 O5,de-protonated,,0.0,,C47 H36 O5 N1 P1,47.0,36.0,5.0,1.0,1.0,,,,,
1368,2407,724.2265932623212,724.2258578163751,724.225695424229,9851640.202505985,414.7771990821821,305270.8418008698,51.39772438631688,-1,0.22422864461522307,0.9952268499552119,0.9910603980756778,0.9935602692033982,4.0,0.6923076923076923,1.8461538461538463,N1 S1 P1 O18,de-protonated,,0.0,,C26 H48 O18 N1 P1 S1,26.0,48.0,18.0,1.0,1.0,1.0,,,,
1369,2408,724.2451289691611,724.2443935046167,724.2444612532689,75087202.48504034,111.20621258495038,308057.6553720239,388.1681636270865,-1,-0.09354390104186561,0.16640225001566009,0.5743953950528551,0.3295995080305381,30.0,0.041666666666666664,0.8333333333333334,N1 S1 P1 O2,de-protonated,,0.0,,C48 H40 O2 N1 P1 S1,48.0,40.0,2.0,1.0,1.0,1.0,,,,
1370,2408,724.2451289691611,724.2443935046167,724.244322868839,75087202.48504034,111.20621258495038,308057.6553720239,388.1681636270865,-1,0.09753031598640069,0.3328848278447985,0.8732705490942172,0.549039116344566,3.0,0.5555555555555556,1.9259259259259258,N1 S2 P1 O15,de-protonated,,0.0,,C27 H52 O15 N1 P1 S2,27.0,52.0,15.0,1.0,1.0,2.0,,,,
1371,2409,724.2815433601522,724.2808078590706,724.2808467626189,1751408.6650706972,202.4390982302721,295103.0925653243,9.06207797719422,-1,-0.05371334683688314,0.9994766351109844,0.0,0.5996859810665907,29.0,0.02040816326530612,0.8979591836734694,N1 S1 P1 O1,de-protonated,,0.0,,C49 H44 O1 N1 P1 S1,49.0,44.0,1.0,1.0,1.0,1.0,,,,
1372,2409,724.2815433601522,724.2808078590706,724.280708378189,1751408.6650706972,202.4390982302721,295103.0925653243,9.06207797719422,-1,0.13735127885379633,0.9965827548248899,0.0,0.597949652894934,2.0,0.5,2.0,N1 S2 P1 O14,de-protonated,,0.0,,C28 H56 O14 N1 P1 S2,28.0,56.0,14.0,1.0,1.0,2.0,,,,
1373,2410,724.2992903778213,724.2985548589328,724.298604827359,43234569.73921828,122.22955330181247,305996.3715394156,224.99877933980886,-1,-0.06898870971685245,0.33304559275984413,0.599686073553172,0.4397017850771753,29.0,0.061224489795918366,0.8979591836734694,N1 P1 O3,de-protonated,,0.0,,C49 H44 O3 N1 P1,49.0,44.0,3.0,1.0,1.0,,,,,
1374,2410,724.2992903778213,724.2985548589328,724.298466442929,43234569.73921828,122.22955330181247,305996.3715394156,224.99877933980886,-1,0.12207122876498233,0.7470006243161339,0.9672188562243351,0.8350879170794143,2.0,0.5714285714285714,2.0,N1 S1 P1 O16,de-protonated,,0.0,,C28 H56 O16 N1 P1 S1,28.0,56.0,16.0,1.0,1.0,1.0,,,,
1375,2411,724.3089933882004,724.3082578595761,724.3081534932192,6706317.004943245,272.1950007338791,305304.9040634256,34.478336250134475,-1,0.14409109773634804,0.42725408616183796,0.894783433533194,0.6142658251103803,2.0,0.4482758620689655,2.0,13C2 N1 S2 P1 O13,de-protonated,,1.0,2403.0,C27 H58 O13 N1 P1 S2 13C2,27.0,58.0,13.0,1.0,1.0,2.0,2.0,,,
1376,2412,725.2297500010864,725.2290135486077,725.2290502592991,2627440.1353473016,213.30161811933505,270217.2314590798,13.646578126484524,-1,-0.050619444226363844,0.9995351769899291,0.9910603980756778,0.9961452654242287,4.0,0.6923076923076923,1.8461538461538463,13C1 N1 S1 P1 O18,de-protonated,,1.0,2407.0,C25 H48 O18 N1 P1 S1 13C1,25.0,48.0,18.0,1.0,1.0,1.0,1.0,,,
1377,2412,725.2297500010864,725.2290135486077,725.229186604919,2627440.1353473016,213.30161811933505,270217.2314590798,13.646578126484524,-1,-0.2386229271777778,0.9897213384862813,0.0,0.5938328030917688,4.0,0.8,1.84,N2 S1 O20,de-protonated,,0.0,,C25 H46 O20 N2 S1,25.0,46.0,20.0,2.0,,1.0,,,,
1378,2413,725.2484671204253,725.2477306491667,725.2476777039091,22275396.72543329,251.14728535456103,305924.0786417127,115.27871204243436,-1,0.07300300191940408,0.333011149278797,0.8732705490942172,0.5491149092049651,3.0,0.5555555555555556,1.9259259259259258,13C1 N1 S2 P1 O15,de-protonated,,1.0,2408.0,C26 H52 O15 N1 P1 S2 13C1,26.0,52.0,15.0,1.0,1.0,2.0,1.0,,,
1379,2413,725.2484671204253,725.2477306491667,725.2478140495291,22275396.72543329,251.14728535456103,305924.0786417127,115.27871204243436,-1,-0.11499567570156725,0.33253446601138303,0.7295584795690508,0.49134407143445014,3.0,0.6538461538461539,1.9230769230769231,N2 S2 O17,de-protonated,,0.0,,C26 H50 O17 N2 S2,26.0,50.0,17.0,2.0,,2.0,,,,
1380,2414,725.3026405594592,725.3019040338454,725.301821277999,13050985.641633602,352.8730650467853,305650.5037577912,68.20130742364387,-1,0.11409849522600644,0.7470858214997209,0.9672188562243351,0.8351390353895666,2.0,0.5714285714285714,2.0,13C1 N1 S1 P1 O16,de-protonated,,1.0,2410.0,C27 H56 O16 N1 P1 S1 13C1,27.0,56.0,16.0,1.0,1.0,1.0,1.0,,,
1381,2414,725.3026405594592,725.3019040338454,725.301957623619,13050985.641633602,352.8730650467853,305650.5037577912,68.20130742364387,-1,-0.0738861560752602,0.4995049661469009,0.773979033015177,0.6092945928942113,2.0,0.6666666666666666,2.0,N2 S1 O18,de-protonated,,0.0,,C27 H54 O18 N2 S1,27.0,54.0,18.0,2.0,,1.0,,,,
1382,2417,726.2421585707556,726.2414211024819,726.2414838731189,22426981.92211356,193.8184554932409,305908.272908966,115.64191894338997,-1,-0.08643218320734768,0.6657929685727824,0.8432586201972738,0.736779229222579,30.0,0.10638297872340426,0.8085106382978723,N1 P1 O5,de-protonated,,0.0,,C47 H38 O5 N1 P1,47.0,38.0,5.0,1.0,1.0,,,,,
1383,2417,726.2421585707556,726.2414211024819,726.241345488689,22426981.92211356,193.8184554932409,305908.272908966,115.64191894338997,-1,0.10411661819745562,0.9979854076283807,0.9879262051263434,0.9939617266275658,3.0,0.6923076923076923,1.9230769230769231,N1 S1 P1 O18,de-protonated,,0.0,,C26 H50 O18 N1 P1 S1,26.0,50.0,18.0,1.0,1.0,1.0,,,,
1384,2419,726.2607602086445,726.2600227217072,726.260111317729,370688064.60944587,186.62202239266063,307724.70343206456,1907.7100321265248,-1,-0.12198938149330027,0.24950027180383,0.805722579436853,0.4719891948570392,29.0,0.041666666666666664,0.875,N1 S1 P1 O2,de-protonated,,0.0,,C48 H42 O2 N1 P1 S1,48.0,42.0,2.0,1.0,1.0,1.0,,,,
1385,2419,726.2607602086445,726.2600227217072,726.2599729332991,370688064.60944587,186.62202239266063,307724.70343206456,1907.7100321265248,-1,0.06855452585436266,0.29971124615405986,0.8801318471335023,0.5318794865458368,2.0,0.5555555555555556,2.0,N1 S2 P1 O15,de-protonated,,0.0,,C27 H54 O15 N1 P1 S2,27.0,54.0,15.0,1.0,1.0,2.0,,,,
1386,2420,726.3057713754729,726.3050338433743,726.3048719772991,1808830.0784953306,176.75600062362102,318742.79837636783,9.313098688633653,-1,0.22286243902637243,0.9910283546717417,0.0,0.594617012803045,15.0,0.2894736842105263,1.3157894736842106,N1 P1 O11,de-protonated,,0.0,,C38 H50 O11 N1 P1,38.0,50.0,11.0,1.0,1.0,,,,,
1387,2420,726.3057713754729,726.3050338433743,726.305176113069,1808830.0784953306,176.75600062362102,318742.79837636783,9.313098688633653,-1,-0.1958814275310222,0.7459411899277092,0.9672188562243351,0.8344522564463596,2.0,0.5714285714285714,2.0,13C2 N1 S1 P1 O16,de-protonated,,1.0,2410.0,C26 H56 O16 N1 P1 S1 13C2,26.0,56.0,16.0,1.0,1.0,1.0,2.0,,,
1388,2421,726.3241121018877,726.3233745513872,726.3234994219089,6435295.0275222715,312.40227983488535,285699.32824443403,33.35713233848888,-1,-0.1719213569857282,0.4973256426478288,0.7033271719038787,0.5797262543502488,14.0,0.20512820512820512,1.3846153846153846,N1 S1 P1 O8,de-protonated,,0.0,,C39 H54 O8 N1 P1 S1,39.0,54.0,8.0,1.0,1.0,1.0,,,,
1389,2422,726.9955218495237,726.99478362538,726.9946501132791,3107819.5852970527,374.9322183673785,261971.8774660695,15.988999444241752,-1,0.18364935817210248,0.9938989518564729,0.0,0.5963393711138837,18.0,0.6538461538461539,0.8076923076923077,N2 S2 P1 O17,de-protonated,,0.0,,C26 H21 O17 N2 P1 S2,26.0,21.0,17.0,2.0,1.0,2.0,,,,
1390,2423,727.2455164055983,727.2447779306309,727.2448387081889,6758133.843525108,332.1644341227779,289897.1965198746,35.242913095986694,-1,-0.08357234700656446,0.6658223359181266,0.8432586201972738,0.7367968496297854,30.0,0.10638297872340426,0.8085106382978723,13C1 N1 P1 O5,de-protonated,,1.0,2417.0,C46 H38 O5 N1 P1 13C1,46.0,38.0,5.0,1.0,1.0,,1.0,,,
1391,2423,727.2455164055983,727.2447779306309,727.2447003237592,6758133.843525108,332.1644341227779,289897.1965198746,35.242913095986694,-1,0.10671356107079175,0.9979358348571425,0.9879262051263434,0.9939319829648229,3.0,0.6923076923076923,1.9230769230769231,13C1 N1 S1 P1 O18,de-protonated,,1.0,2417.0,C25 H50 O18 N1 P1 S1 13C1,25.0,50.0,18.0,1.0,1.0,1.0,1.0,,,
1392,2423,727.2455164055983,727.2447779306309,727.244836669379,6758133.843525108,332.1644341227779,289897.1965198746,35.242913095986694,-1,-0.08076887604372655,0.4994084997950843,0.7871578612348821,0.6145082443710035,3.0,0.8,1.92,N2 S1 O20,de-protonated,,0.0,,C25 H48 O20 N2 S1,25.0,48.0,20.0,2.0,,1.0,,,,
1393,2424,727.2641430383937,727.2634045447379,727.263466152799,114406818.35927172,235.28774330756272,306465.1753279259,588.711011635884,-1,-0.08471216268530492,0.24967468607153875,0.805722579436853,0.47209384341766447,29.0,0.041666666666666664,0.875,13C1 N1 S1 P1 O2,de-protonated,,1.0,2419.0,C47 H42 O2 N1 P1 S1 13C1,47.0,42.0,2.0,1.0,1.0,1.0,1.0,,,
1394,2424,727.2641430383937,727.2634045447379,727.2633277683691,114406818.35927172,235.28774330756272,306465.1753279259,588.711011635884,-1,0.10556887152570424,0.2995944693001099,0.8801318471335023,0.5318094204334669,2.0,0.5555555555555556,2.0,13C1 N1 S2 P1 O15,de-protonated,,1.0,2419.0,C26 H54 O15 N1 P1 S2 13C1,26.0,54.0,15.0,1.0,1.0,2.0,1.0,,,
1395,2424,727.2641430383937,727.2634045447379,727.263464113989,114406818.35927172,235.28774330756272,306465.1753279259,588.711011635884,-1,-0.08190876353113952,0.14268334188095289,0.673582105988181,0.3550428475238442,2.0,0.6538461538461539,2.0,N2 S2 O17,de-protonated,,0.0,,C26 H52 O17 N2 S2,26.0,52.0,17.0,2.0,,2.0,,,,
1396,2427,728.25784524098,728.2571057503384,728.2571339375789,128523572.03897099,314.85142808751806,307048.0331327271,660.5522838712786,-1,-0.038705066172183326,0.24993205297586177,0.6041163807955461,0.3916057841037355,29.0,0.10638297872340426,0.851063829787234,N1 P1 O5,de-protonated,,0.0,,C47 H40 O5 N1 P1,47.0,40.0,5.0,1.0,1.0,,,,,
1397,2427,728.25784524098,728.2571057503384,728.2569955531491,128523572.03897099,314.85142808751806,307048.0331327271,660.5522838712786,-1,0.1513163484701313,0.4985703466431037,0.933278773896764,0.6724537175445678,2.0,0.6923076923076923,2.0,N1 S1 P1 O18,de-protonated,,0.0,,C26 H52 O18 N1 P1 S1,26.0,52.0,18.0,1.0,1.0,1.0,,,,
1398,2428,728.2674287207977,728.2666892205409,728.2666826034391,15817314.339470306,418.4973669154347,274559.43286494416,82.4611261872491,-1,0.009086097114494505,0.29979498768362944,0.8801318471335023,0.5319297314635786,2.0,0.5555555555555556,2.0,13C2 N1 S2 P1 O15,de-protonated,,1.0,2419.0,C25 H54 O15 N1 P1 S2 13C2,25.0,54.0,15.0,1.0,1.0,2.0,2.0,,,
1399,2430,728.3196081558198,728.3188686032117,728.318868271479,2130660.5701715667,266.3848034650929,301149.84287833516,10.955754536886719,-1,0.00045547733273856693,0.9999999623567287,0.0,0.5999999774140372,19.0,0.25,1.175,N3 O10,de-protonated,,0.0,,C40 H47 O10 N3,40.0,47.0,10.0,3.0,,,,,,
1400,2431,728.3563604234524,728.3556208339711,728.3557668450791,2139951.3228672314,111.11508959837909,312068.87875464227,11.364033308703675,-1,-0.2004667425161689,0.9927346582230019,0.0,0.5956407949338011,0.0,0.7142857142857143,2.107142857142857,N1 O20,de-protonated,,0.0,,C28 H59 O20 N1,28.0,59.0,20.0,1.0,,,,,,
1401,2432,729.2353201387965,729.2345796674691,729.2346248450389,2600216.9169481075,386.57574543581165,258927.503689605,13.396544390319427,-1,-0.06195203602029603,0.9993038324416844,0.0,0.5995822994650106,29.0,0.06521739130434782,0.8478260869565217,N2 S1 P1 O3,de-protonated,,0.0,,C46 H39 O3 N2 P1 S1,46.0,39.0,3.0,2.0,1.0,1.0,,,,
1402,2432,729.2353201387965,729.2345796674691,729.234486460609,2600216.9169481075,386.57574543581165,258927.503689605,13.396544390319427,-1,0.12781466299144587,0.9970401366133161,0.0,0.5982240819679897,2.0,0.64,2.04,N2 S2 P1 O16,de-protonated,,0.0,,C25 H51 O16 N2 P1 S2,25.0,51.0,16.0,2.0,1.0,2.0,,,,
1403,2433,729.2611720940406,729.2604315967767,729.2603503882191,34077287.05647009,451.53953907699395,302817.31463315,177.3449811608062,-1,0.11135742889894241,0.4988867509274694,0.933278773896764,0.6726435601151872,2.0,0.6923076923076923,2.0,13C1 N1 S1 P1 O18,de-protonated,,1.0,2427.0,C25 H52 O18 N1 P1 S1 13C1,25.0,52.0,18.0,1.0,1.0,1.0,1.0,,,
1404,2433,729.2611720940406,729.2604315967767,729.260486733839,34077287.05647009,451.53953907699395,302817.31463315,177.3449811608062,-1,-0.07560681444740724,0.49948165310590725,0.7871578612348821,0.6145521363574973,2.0,0.8,2.0,N2 S1 O20,de-protonated,,0.0,,C25 H50 O20 N2 S1,25.0,50.0,20.0,2.0,,1.0,,,,
1405,2435,730.2643665570876,730.2636250533543,730.2637052232891,5074809.914750749,461.55275646426924,240023.78188036723,26.660834093877842,-1,-0.10978217076502024,0.49889726225015923,0.933278773896764,0.6726498669088011,2.0,0.6923076923076923,2.0,13C2 N1 S1 P1 O18,de-protonated,,1.0,2427.0,C24 H52 O18 N1 P1 S1 13C2,24.0,52.0,18.0,1.0,1.0,1.0,2.0,,,
1406,2436,730.2990317990955,730.2982902605842,730.298132826589,1895061.5101560268,311.374674558272,301834.40123099094,9.753947644503693,-1,0.21557496596387862,0.991603066805281,0.0,0.5949618400831685,19.0,0.28205128205128205,1.1538461538461537,N3 O11,de-protonated,,0.0,,C39 H45 O11 N3,39.0,45.0,11.0,3.0,,,,,,
1407,2437,730.31510428567,730.314362731034,730.314258347749,1606581.469332367,152.8266246261331,313208.7039166066,8.344546952752012,-1,0.14292927149268178,0.9963000869225324,0.0,0.5977800521535194,22.0,0.06818181818181818,1.1136363636363635,N3 S2 O3,de-protonated,,0.0,,C44 H49 O3 N3 S2,44.0,49.0,3.0,3.0,,2.0,,,,
1408,2437,730.31510428567,730.314362731034,730.314391289479,1606581.469332367,152.8266246261331,313208.7039166066,8.344546952752012,-1,-0.03910431639378525,0.999722576672918,0.0,0.5998335460037507,9.0,0.3333333333333333,1.6363636363636365,N3 S1 P1 O11,de-protonated,,0.0,,C33 H54 O11 N3 P1 S1,33.0,54.0,11.0,3.0,1.0,1.0,,,,
1409,2438,730.3353718240197,730.3346302490502,730.334518335939,168466289.05363476,307.7775490754525,298173.15846730367,893.9943076912731,-1,0.15323541244618477,0.3314072638437336,0.8920494084927532,0.5556641217033415,18.0,0.25,1.225,N3 O10,de-protonated,,0.0,,C40 H49 O10 N3,40.0,49.0,10.0,3.0,,,,,,
1410,2439,731.2321783698254,731.2314358951401,731.2313761387289,2093698.016374411,238.3768652985726,292682.63550168293,10.779085962780592,-1,0.0817202503654014,0.9987889833796744,0.0,0.5992733900278046,15.0,0.3142857142857143,1.2571428571428571,N2 S2 O11,de-protonated,,0.0,,C35 H44 O11 N2 S2,35.0,44.0,11.0,2.0,,2.0,,,,
1411,2439,731.2321783698254,731.2314358951401,731.231509080459,2093698.016374411,238.3768652985726,292682.63550168293,10.779085962780592,-1,-0.10008501822207526,0.9981840773227688,0.0,0.5989104463936613,2.0,0.7916666666666666,2.0416666666666665,N2 S1 P1 O19,de-protonated,,0.0,,C24 H49 O19 N2 P1 S1,24.0,49.0,19.0,2.0,1.0,1.0,,,,
1412,2440,731.3141854850772,731.3134429281196,731.313530071949,3676415.036402958,166.11683759688137,306921.0398616907,18.997300080417606,-1,-0.11916069626656697,0.4987134385021248,0.6582606959877633,0.5625323414963802,26.0,0.020833333333333332,1.0,N2 S2 O1,de-protonated,,0.0,,C48 H48 O1 N2 S2,48.0,48.0,1.0,2.0,,2.0,,,,
1413,2441,731.3304744781174,731.329731904818,731.329570603649,2003317.0509083748,284.19692753045473,257616.51312034574,10.46160891620254,-1,0.22055879520063443,0.9912120558642338,0.0,0.5947272335185403,26.0,0.08163265306122448,1.0,P1 O4,de-protonated,,0.0,,C49 H49 O4 P1,49.0,49.0,4.0,,1.0,,,,,
1414,2442,731.3387627612617,731.3380201796473,731.3381636850589,57434638.10356577,286.88971610129295,302928.12205949565,301.21958985919014,-1,-0.19622305900142023,0.1986075881466313,0.6626163388096722,0.38421108841184765,3.0,0.3548387096774194,1.967741935483871,N2 S2 P1 O11,de-protonated,,0.0,,C31 H61 O11 N2 P1 S2,31.0,61.0,11.0,2.0,1.0,2.0,,,,
1415,2442,731.3387627612617,731.3380201796473,731.337873171009,57434638.10356577,286.88971610129295,302928.12205949565,301.21958985919014,-1,0.20101329854489391,0.33089837758516016,0.8920494084927532,0.5553587899481974,18.0,0.25,1.225,13C1 N3 O10,de-protonated,,1.0,2438.0,C39 H49 O10 N3 13C1,39.0,49.0,10.0,3.0,,,1.0,,,
1416,2443,732.3310715120873,732.3303279349659,732.330421476459,23197615.713691264,427.3956473879091,298131.3308496945,122.77446025925748,-1,-0.1277312677254803,0.6649463433250838,0.9371947326643106,0.7738456990607745,3.0,0.45161290322580644,1.903225806451613,N1 S2 O14,de-protonated,,0.0,,C31 H59 O14 N1 S2,31.0,59.0,14.0,1.0,,2.0,,,,
1417,2446,733.3344400107968,733.3336954270932,733.333776311529,7761737.047016823,221.19655994262988,298679.12623565877,40.477829951064365,-1,-0.1102968913844693,0.6651966919258908,0.9371947326643106,0.7739959082212587,3.0,0.45161290322580644,1.903225806451613,13C1 N1 S2 O14,de-protonated,,1.0,2443.0,C30 H59 O14 N1 S2 13C1,30.0,59.0,14.0,1.0,,2.0,1.0,,,
1418,2447,734.2738240248433,734.273078498765,734.272920399699,4778371.98276824,131.7112134603407,301988.3374103875,25.320521671329676,-1,0.21531376355859308,0.4958116587151197,0.7489023467070405,0.5970479339118879,9.0,0.41935483870967744,1.6129032258064515,N3 S1 P1 O13,de-protonated,,0.0,,C31 H50 O13 N3 P1 S1,31.0,50.0,13.0,3.0,1.0,1.0,,,,
1419,2448,734.3104637726882,734.3097182098538,734.309824415999,10427527.896131398,123.07336536284433,311882.7851047071,53.83357936337791,-1,-0.1446339700055422,0.4981057361252365,0.6444951140065157,0.5566614872777482,30.0,0.0392156862745098,0.8823529411764706,N1 S1 O2,de-protonated,,0.0,,C51 H45 O2 N1 S1,51.0,45.0,2.0,1.0,,1.0,,,,
1420,2448,734.3104637726882,734.3097182098538,734.3096860315691,10427527.896131398,123.07336536284433,311882.7851047071,53.83357936337791,-1,0.04382113618695722,0.99855506586004,0.9635153223922586,0.9845391684729274,3.0,0.5,1.9,N1 S2 O15,de-protonated,,0.0,,C30 H57 O15 N1 S2,30.0,57.0,15.0,1.0,,2.0,,,,
1421,2449,735.2691996641468,735.2684531395432,735.2685494944191,20088960.814992722,147.01970294461086,299691.1484268695,103.61924413494613,-1,-0.13104718800038917,0.6650135899835364,0.9357310971464967,0.7733005928487205,4.0,0.5714285714285714,1.8571428571428572,N2 S2 O16,de-protonated,,0.0,,C28 H52 O16 N2 S2,28.0,52.0,16.0,2.0,,2.0,,,,
1422,2450,735.3137003563339,735.3129537870893,735.3130408666391,2746816.3604132854,221.62825550274349,284194.00614741526,14.423656659144998,-1,-0.11842513993086043,0.997458505480354,0.9635153223922586,0.9838812322451158,3.0,0.5,1.9,13C1 N1 S2 O15,de-protonated,,1.0,2448.0,C29 H57 O15 N1 S2 13C1,29.0,57.0,15.0,1.0,,2.0,1.0,,,
1423,2451,736.2725775223374,736.2718299912011,736.2719043294891,5869256.14022555,201.21139334227314,287209.6465892262,30.842319339480984,-1,-0.10096580831344748,0.6654346697362028,0.9357310971464967,0.7735532407003204,4.0,0.5714285714285714,1.8571428571428572,13C1 N2 S2 O16,de-protonated,,1.0,2449.0,C27 H52 O16 N2 S2 13C1,27.0,52.0,16.0,2.0,,2.0,1.0,,,
1424,2452,736.2896226140003,736.2888750657655,736.2889505866791,36087106.43183223,117.89357754517202,299917.87388310937,185.58819865205973,-1,-0.1025696685017875,0.4992184800098427,0.9055743487409732,0.6617608275022949,3.0,0.5517241379310345,1.896551724137931,N1 S2 O16,de-protonated,,0.0,,C29 H55 O16 N1 S2,29.0,55.0,16.0,1.0,,2.0,,,,
1425,2453,736.3015361464477,736.300788586262,736.300835424649,1595225.2533864505,214.4082282899186,296441.4639694174,8.273813724757938,-1,-0.06361311129834309,0.9992660141777556,0.0,0.5995596085066534,12.0,0.3611111111111111,1.4166666666666667,N1 S1 O13,de-protonated,,0.0,,C36 H51 O13 N1 S1,36.0,51.0,13.0,1.0,,1.0,,,,
1426,2454,736.3059523303466,736.3052047657309,736.3053474339989,2748971.913057676,88.65580225928626,318557.5826734473,14.169675021882556,-1,-0.1937623684759578,0.993210867753116,0.0,0.5959265206518696,20.0,0.06818181818181818,1.1818181818181819,N1 S2 P1 O3,de-protonated,,0.0,,C44 H52 O3 N1 P1 S2,44.0,52.0,3.0,1.0,1.0,2.0,,,,
1427,2456,737.2848249821376,737.2840764355915,737.2841995588791,41505469.3034878,243.59460174496704,301920.5514933042,214.81845837679205,-1,-0.16699569539352807,0.7473229938024342,0.9170770422995868,0.8152246132012952,3.0,0.5714285714285714,1.9285714285714286,N2 S2 O16,de-protonated,,0.0,,C28 H54 O16 N2 S2,28.0,54.0,16.0,2.0,,2.0,,,,
1428,2457,737.2929935272965,737.2922449725565,737.292305421749,10714705.940199176,451.91965367192364,291697.85525847453,55.554864241819736,-1,-0.08198809619467214,0.4993905183879938,0.9055743487409732,0.6618640505291855,3.0,0.5517241379310345,1.896551724137931,13C1 N1 S2 O16,de-protonated,,1.0,2452.0,C28 H55 O16 N1 S2 13C1,28.0,55.0,16.0,1.0,,2.0,1.0,,,
1429,2458,738.2204289236425,738.2196794385878,738.2197030563789,12114924.396476286,281.7323828316038,301531.3164263126,63.576999271622014,-1,-0.0319929025816832,0.4999071481007325,0.6825582999862008,0.5729676088549198,27.0,0.11627906976744186,0.8837209302325582,N3 S1 P1 O5,de-protonated,,0.0,,C43 H38 O5 N3 P1 S1,43.0,38.0,5.0,3.0,1.0,1.0,,,,
1430,2458,738.2204289236425,738.2196794385878,738.2195646719491,12114924.396476286,281.7323828316038,301531.3164263126,63.576999271622014,-1,0.1554640979583103,0.49781207658994586,0.8077896627745582,0.6218031110637908,0.0,0.8181818181818182,2.272727272727273,N3 S2 P1 O18,de-protonated,,0.0,,C22 H50 O18 N3 P1 S2,22.0,50.0,18.0,3.0,1.0,2.0,,,,
1431,2459,738.224360786694,738.2236112976952,738.2237258083788,6965839.79261913,125.5846519898628,290171.8725810264,35.86536550233454,-1,-0.15511650411482988,0.4978218280559973,0.6582606959877633,0.5619973752287037,31.0,0.0625,0.7916666666666666,N1 S1 P1 O3,de-protonated,,0.0,,C48 H38 O3 N1 P1 S1,48.0,38.0,3.0,1.0,1.0,1.0,,,,
1432,2459,738.224360786694,738.2236112976952,738.2235874239491,6965839.79261913,125.5846519898628,290171.8725810264,35.86536550233454,-1,0.03233945184811899,0.9968820199431794,0.998668823550702,0.9975967413861884,4.0,0.5925925925925926,1.8518518518518519,N1 S2 P1 O16,de-protonated,,0.0,,C27 H50 O16 N1 P1 S2,27.0,50.0,16.0,1.0,1.0,2.0,,,,
1433,2460,738.2608454139454,738.260095888349,738.260111317729,3080559.485777163,269.46580966374125,263623.1370130512,15.981103642047064,-1,-0.02089965268017373,0.4999603735871239,0.6536072938689124,0.5614191416998393,30.0,0.04081632653061224,0.8571428571428571,N1 S1 P1 O2,de-protonated,,0.0,,C49 H42 O2 N1 P1 S1,49.0,42.0,2.0,1.0,1.0,1.0,,,,
1434,2460,738.2608454139454,738.260095888349,738.2599729332991,3080559.485777163,269.46580966374125,263623.1370130512,15.981103642047064,-1,0.16654708973540902,0.9949796328586205,0.0,0.5969877797151723,3.0,0.5357142857142857,1.9285714285714286,N1 S2 P1 O15,de-protonated,,0.0,,C28 H54 O15 N1 P1 S2,28.0,54.0,15.0,1.0,1.0,2.0,,,,
1435,2461,738.2710421103203,738.2702925744957,738.2702040009889,20677940.75908399,175.9782791944036,305550.35895419837,106.54069094698043,-1,0.11997437565108177,0.6636676803290453,0.8965643640868758,0.7568263538321776,17.0,0.2972972972972973,1.2162162162162162,N3 S1 O11,de-protonated,,0.0,,C37 H45 O11 N3 S1,37.0,45.0,11.0,3.0,,1.0,,,,
1436,2461,738.2710421103203,738.2702925744957,738.270336942719,20677940.75908399,175.9782791944036,305550.35895419837,106.54069094698043,-1,-0.060097529523634535,0.9996664644418223,0.999471324357718,0.9995884084081805,4.0,0.7307692307692307,1.9230769230769231,N3 P1 O19,de-protonated,,0.0,,C26 H50 O19 N3 P1,26.0,50.0,19.0,3.0,1.0,,,,,
1437,2462,738.2881955094779,738.2874459564468,738.2875543939491,10191803.350149227,61.92857357248978,290049.62847258494,54.13361984677602,-1,-0.14687705571831586,0.7476081595061919,0.9170770422995868,0.8153957126235498,3.0,0.5714285714285714,1.9285714285714286,13C1 N2 S2 O16,de-protonated,,1.0,2456.0,C27 H54 O16 N2 S2 13C1,27.0,54.0,16.0,2.0,,2.0,1.0,,,
1438,2464,739.2278278997948,739.227077404233,739.2269422590191,2049702.9716869711,118.17701479428638,262793.4107142151,10.559319468361796,-1,0.18281965412455015,0.9939537882024234,0.998668823550702,0.9958398023417347,4.0,0.5925925925925926,1.8518518518518519,13C1 N1 S2 P1 O16,de-protonated,,1.0,2459.0,C26 H50 O16 N1 P1 S2 13C1,26.0,50.0,16.0,1.0,1.0,2.0,1.0,,,
1439,2464,739.2278278997948,739.227077404233,739.227216989069,2049702.9716869711,118.17701479428638,262793.4107142151,10.559319468361796,-1,-0.18882534733328568,0.9935513274627638,0.0,0.5961307964776582,31.0,0.10638297872340426,0.7659574468085106,N2 S1 O5,de-protonated,,0.0,,C47 H36 O5 N2 S1,47.0,36.0,5.0,2.0,,1.0,,,,
1440,2464,739.2278278997948,739.227077404233,739.2270786046391,2049702.9716869711,118.17701479428638,262793.4107142151,10.559319468361796,-1,-0.0016238665581559157,0.9999995215303441,0.0,0.5999997129182064,4.0,0.6923076923076923,1.8461538461538463,N2 S2 O18,de-protonated,,0.0,,C26 H48 O18 N2 S2,26.0,48.0,18.0,2.0,,2.0,,,,
1441,2465,739.2744483183933,739.2736977760677,739.2736314189191,5832778.587033139,158.96115365407977,279903.95048400044,29.99154665300343,-1,0.08975992894311964,0.49926958207412875,0.7253996187124198,0.5897215967294451,12.0,0.42857142857142855,1.4,P1 O15,de-protonated,,0.0,,C35 H49 O15 P1,35.0,49.0,15.0,,1.0,,,,,
1442,2465,739.2744483183933,739.2736977760677,739.2735588360589,5832778.587033139,158.96115365407977,279903.95048400044,29.99154665300343,-1,0.18794126632751235,0.6624075857790389,0.8965643640868758,0.7560702971021738,17.0,0.2972972972972973,1.2162162162162162,13C1 N3 S1 O11,de-protonated,,1.0,2461.0,C36 H45 O11 N3 S1 13C1,36.0,45.0,11.0,3.0,,1.0,1.0,,,
1443,2465,739.2744483183933,739.2736977760677,739.273691777789,5832778.587033139,158.96115365407977,279903.95048400044,29.99154665300343,-1,0.00811374558455744,0.9999880547840369,0.999471324357718,0.9997813626135093,4.0,0.7307692307692307,1.9230769230769231,13C1 N3 P1 O19,de-protonated,,1.0,2461.0,C25 H50 O19 N3 P1 13C1,25.0,50.0,19.0,3.0,1.0,,1.0,,,
1444,2466,739.2915870717407,739.2908365122237,739.2909092290191,1580502.7821860646,192.3903314428961,270591.9401686458,8.252100268722549,-1,-0.09836019155108093,0.7481463572685143,0.9170770422995868,0.8157186312809432,3.0,0.5714285714285714,1.9285714285714286,13C2 N2 S2 O16,de-protonated,,1.0,2456.0,C26 H54 O16 N2 S2 13C2,26.0,54.0,16.0,2.0,,2.0,2.0,,,
1445,2466,739.2915870717407,739.2908365122237,739.290738034979,1580502.7821860646,192.3903314428961,270591.9401686458,8.252100268722549,-1,0.13320502968455214,0.9967856279218308,0.0,0.5980713767530984,3.0,0.7037037037037037,1.962962962962963,N2 P1 O19,de-protonated,,0.0,,C27 H53 O19 N2 P1,27.0,53.0,19.0,2.0,1.0,,,,,
1446,2467,740.218388775907,740.2176372867481,740.217595056099,13493463.720753657,516.8473659127523,288391.3486497551,70.7911305435013,-1,0.057051668856062956,0.4997047891616152,0.6825582999862008,0.5728461934914495,26.0,0.06976744186046512,0.9302325581395349,N3 S2 P1 O3,de-protonated,,0.0,,C43 H40 O3 N3 P1 S2,43.0,40.0,3.0,3.0,1.0,2.0,,,,
1447,2468,740.2400277002497,740.2392761893857,740.2393758728389,20517525.660874844,263.60117036810004,300155.25054486404,106.32750428772387,-1,-0.13466380799937455,0.33223831840684787,0.6056537631733613,0.4416044963134532,30.0,0.0625,0.8333333333333334,N1 S1 P1 O3,de-protonated,,0.0,,C48 H40 O3 N1 P1 S1,48.0,40.0,3.0,1.0,1.0,1.0,,,,
1448,2468,740.2400277002497,740.2392761893857,740.239237488409,20517525.660874844,263.60117036810004,300155.25054486404,106.32750428772387,-1,0.052281714786618444,0.6664342995135382,0.9352279403729019,0.7739517558572837,3.0,0.5925925925925926,1.9259259259259258,N1 S2 P1 O16,de-protonated,,0.0,,C27 H52 O16 N1 P1 S2,27.0,52.0,16.0,1.0,1.0,2.0,,,,
1449,2469,740.2663933042454,740.2656417669353,740.265727018989,1884725.4306817192,93.01112747308906,271206.90529859136,9.844749369742596,-1,-0.1151641235182649,0.9975963801680632,0.0,0.5985578281008379,7.0,0.4,1.7333333333333334,N3 S2 P1 O12,de-protonated,,0.0,,C30 H52 O12 N3 P1 S2,30.0,52.0,12.0,3.0,1.0,2.0,,,,
1450,2470,740.2765115471789,740.2757599997198,740.275761382189,5149295.116867079,124.84474935912252,329780.5378483075,26.81414425315802,-1,-0.0018675057432602923,0.499999683591904,0.6536072938689123,0.5614427277027073,29.0,0.04081632653061224,0.8979591836734694,N1 S1 P1 O2,de-protonated,,0.0,,C49 H44 O2 N1 P1 S1,49.0,44.0,2.0,1.0,1.0,1.0,,,,
1451,2470,740.2765115471789,740.2757599997198,740.2756229977591,5149295.116867079,124.84474935912252,329780.5378483075,26.81414425315802,-1,0.1850688532516852,0.4969022833262545,0.7675537279851047,0.6051628611897946,2.0,0.5357142857142857,2.0,N1 S2 P1 O15,de-protonated,,0.0,,C28 H56 O15 N1 P1 S2,28.0,56.0,15.0,1.0,1.0,2.0,,,,
1452,2472,741.2433695284274,741.2426170111665,741.242592323479,5921562.448810985,181.84827977562665,305217.15977223864,30.755465515339424,-1,0.03330581348634104,0.666532495574643,0.9352279403729019,0.7740106734939465,3.0,0.5925925925925926,1.9259259259259258,13C1 N1 S2 P1 O16,de-protonated,,1.0,2468.0,C26 H52 O16 N1 P1 S2 13C1,26.0,52.0,16.0,1.0,1.0,2.0,1.0,,,
1453,2472,741.2433695284274,741.2426170111665,741.2427286690992,5921562.448810985,181.84827977562665,305217.15977223864,30.755465515339424,-1,-0.1506361253907784,0.4979455841707846,0.7805128205128198,0.6109724787075987,3.0,0.6923076923076923,1.9230769230769231,N2 S2 O18,de-protonated,,0.0,,C26 H50 O18 N2 S2,26.0,50.0,18.0,2.0,,2.0,,,,
1454,2474,742.2370050692743,742.2362515553724,742.2363984926889,6282646.61612645,252.87873710968694,272839.31926885474,32.30699064659547,-1,-0.1979656572442452,0.4964570884053077,0.6629808336684155,0.5630665865105509,30.0,0.1276595744680851,0.8085106382978723,N1 P1 O6,de-protonated,,0.0,,C47 H38 O6 N1 P1,47.0,38.0,6.0,1.0,1.0,,,,,
1455,2474,742.2370050692743,742.2362515553724,742.236127166529,6282646.61612645,252.87873710968694,272839.31926885474,32.30699064659547,-1,0.16758661955052256,0.49745846325046345,0.7141928963326603,0.5841522364833422,16.0,0.2972972972972973,1.2162162162162162,N1 S2 O11,de-protonated,,0.0,,C37 H45 O11 N1 S2,37.0,45.0,11.0,1.0,,2.0,,,,
1456,2474,742.2370050692743,742.2362515553724,742.236260108259,6282646.61612645,252.87873710968694,272839.31926885474,32.30699064659547,-1,-0.011523132247149185,0.4999879535330583,0.7805128205128198,0.6121979003249629,3.0,0.7307692307692307,1.9230769230769231,N1 S1 P1 O19,de-protonated,,0.0,,C26 H50 O19 N1 P1 S1,26.0,50.0,19.0,1.0,1.0,1.0,,,,
1457,2475,742.2557096040363,742.2549560713735,742.2550259372989,29670857.368418332,559.2418266026752,290661.15788996825,156.96854763038323,-1,-0.09412657775274096,0.6642801625461658,0.8560879277179493,0.7410032686148793,29.0,0.0625,0.875,N1 S1 P1 O3,de-protonated,,0.0,,C48 H42 O3 N1 P1 S1,48.0,42.0,3.0,1.0,1.0,1.0,,,,
1458,2475,742.2557096040363,742.2549560713735,742.254887552869,29670857.368418332,559.2418266026752,290661.15788996825,156.96854763038323,-1,0.09231128768851576,0.6661443488534061,0.9352279403729018,0.7737777854612045,2.0,0.5925925925925926,2.0,N1 S2 P1 O16,de-protonated,,0.0,,C27 H54 O16 N1 P1 S2,27.0,54.0,16.0,1.0,1.0,2.0,,,,
1459,2476,743.2590051029463,743.2582505639735,743.2583807723689,9913200.448719611,132.0150031497145,281315.9492129688,52.37417192439321,-1,-0.17518590942859208,0.6629645316693211,0.8560879277179493,0.7402138900887725,29.0,0.0625,0.875,13C1 N1 S1 P1 O3,de-protonated,,1.0,2475.0,C47 H42 O3 N1 P1 S1 13C1,47.0,42.0,3.0,1.0,1.0,1.0,1.0,,,
1460,2476,743.2590051029463,743.2582505639735,743.258242387939,9913200.448719611,132.0150031497145,281315.9492129688,52.37417192439321,-1,0.011000260786952787,0.6666520292726364,0.9352279403729018,0.7740823937127426,2.0,0.5925925925925926,2.0,13C1 N1 S2 P1 O16,de-protonated,,1.0,2475.0,C26 H54 O16 N1 P1 S2 13C1,26.0,54.0,16.0,1.0,1.0,2.0,1.0,,,
1461,2476,743.2590051029463,743.2582505639735,743.258378733559,9913200.448719611,132.0150031497145,281315.9492129688,52.37417192439321,-1,-0.1724428396509359,0.49730943778073894,0.7805128205128198,0.6105907908735713,2.0,0.6923076923076923,2.0,N2 S2 O18,de-protonated,,0.0,,C26 H52 O18 N2 S2,26.0,52.0,18.0,2.0,,2.0,,,,
1462,2477,744.2527979008149,744.2520423650833,744.2520485571489,9936105.881924191,290.23443479727194,284290.7251620348,51.843837210316714,-1,-0.008319850257781996,0.9977140875594785,0.9081824129448142,0.9619014177136127,29.0,0.1276595744680851,0.851063829787234,N1 P1 O6,de-protonated,,0.0,,C47 H40 O6 N1 P1,47.0,40.0,6.0,1.0,1.0,,,,,
1463,2477,744.2527979008149,744.2520423650833,744.251910172719,9936105.881924191,290.23443479727194,284290.7251620348,51.843837210316714,-1,0.17761776956088537,0.9970799083451378,0.9742856002107815,0.9879621850913953,2.0,0.7307692307692307,2.0,N1 S1 P1 O19,de-protonated,,0.0,,C26 H52 O19 N1 P1 S1,26.0,52.0,19.0,1.0,1.0,1.0,,,,
1464,2478,744.3147119154754,744.3139563176456,744.3137828910491,3434455.780498578,261.667005271408,276437.37696442916,18.175478668653906,-1,0.2330019953433275,0.9901975241134477,0.0,0.5941185144680686,19.0,0.275,1.175,N3 O11,de-protonated,,0.0,,C40 H47 O11 N3,40.0,47.0,11.0,3.0,,,,,,
1465,2479,744.3309639495657,744.3302083354356,744.330041353939,2771448.8958508084,192.26120795209738,275222.41431869625,14.263108681186356,-1,0.22433797819988435,0.990909704914595,0.0,0.5945458229487569,9.0,0.3235294117647059,1.6470588235294117,N3 S1 P1 O11,de-protonated,,0.0,,C34 H56 O11 N3 P1 S1,34.0,56.0,11.0,3.0,1.0,1.0,,,,
1466,2480,744.3346003495325,744.3338447317551,744.333931164209,1787175.1441616672,163.61406097138905,229116.84176176458,9.215881624111566,-1,-0.11612053450996036,0.9975563404176845,0.0,0.5985338042506106,26.0,0.02,1.02,N1 S2 O1,de-protonated,,0.0,,C50 H51 O1 N1 S2,50.0,51.0,1.0,1.0,,2.0,,,,
1467,2481,744.3510552207955,744.3502995865144,744.3501684003991,3637261.81963306,164.39244140044852,293221.7362252751,19.095339624334976,-1,0.17624247422423098,0.4971899003779645,0.6927871148459377,0.5754287861651538,18.0,0.24390243902439024,1.2439024390243902,N3 O10,de-protonated,,0.0,,C41 H51 O10 N3,41.0,51.0,10.0,3.0,,,,,,
1468,2482,745.2560416649844,745.2552851230348,745.2554033922189,3227813.9264913625,298.7183153457433,291378.8403870662,16.687119954955353,-1,-0.15869617792931848,0.9954407349015122,0.9081824129448142,0.960537406118833,29.0,0.1276595744680851,0.851063829787234,13C1 N1 P1 O6,de-protonated,,1.0,2477.0,C46 H40 O6 N1 P1 13C1,46.0,40.0,6.0,1.0,1.0,,1.0,,,
1469,2482,745.2560416649844,745.2552851230348,745.255265007789,3227813.9264913625,298.7183153457433,291378.8403870662,16.687119954955353,-1,0.026991081739787388,0.999867820012948,0.9742856002107815,0.9896349320920814,2.0,0.7307692307692307,2.0,13C1 N1 S1 P1 O19,de-protonated,,1.0,2477.0,C25 H52 O19 N1 P1 S1 13C1,25.0,52.0,19.0,1.0,1.0,1.0,1.0,,,
1470,2482,745.2560416649844,745.2552851230348,745.2554013534091,3227813.9264913625,298.7183153457433,291378.8403870662,16.687119954955353,-1,-0.15596045872228714,0.9955962281619587,0.0,0.5973577368971752,2.0,0.84,2.0,N2 S1 O21,de-protonated,,0.0,,C25 H50 O21 N2 S1,25.0,50.0,21.0,2.0,,1.0,,,,
1471,2483,746.3103887679032,746.3096311685025,746.3096860315691,2714270.892330146,233.48367861254292,290359.05211985024,14.125919118053664,-1,-0.07351246753602012,0.9990199168556448,0.0,0.5994119501133869,4.0,0.4838709677419355,1.8387096774193548,N1 S2 O15,de-protonated,,0.0,,C31 H57 O15 N1 S2,31.0,57.0,15.0,1.0,,2.0,,,,
1472,2484,746.330243219518,746.3294856002047,746.3294329555091,4051402.455759938,122.51530555034063,279465.11752297956,21.4239432882515,-1,0.07053814752332034,0.4995487929236256,0.6980173569463085,0.5789362185326987,18.0,0.275,1.225,N3 O11,de-protonated,,0.0,,C40 H49 O11 N3,40.0,49.0,11.0,3.0,,,,,,
1473,2485,746.3467436626258,746.3459860267636,746.3460715409191,8496614.275253715,224.00240274856188,288797.95092599926,43.819070246449535,-1,-0.11457708254206354,0.4988103965887793,0.7428850341668507,0.5964402516200078,3.0,0.4375,1.90625,N1 S2 O14,de-protonated,,0.0,,C32 H61 O14 N1 S2,32.0,61.0,14.0,1.0,,2.0,,,,
1474,2486,747.349896500655,747.349137858708,747.348985894599,2568062.901800511,210.91305816237013,263558.0578658283,13.203097236549588,-1,0.20333754630137502,0.9925258652995024,0.0,0.5955155191797014,16.0,0.16279069767441862,1.3255813953488371,S1 P1 O7,de-protonated,,0.0,,C43 H57 O7 P1 S1,43.0,57.0,7.0,,1.0,1.0,,,,
1475,2487,748.3016832883052,748.3009236918082,748.300835424649,2289642.3324493775,173.20987096488147,294784.1322768937,11.830214629948337,-1,0.11795678289630211,0.9974785430173401,0.0,0.598487125810404,13.0,0.35135135135135137,1.3783783783783783,N1 S1 O13,de-protonated,,0.0,,C37 H51 O13 N1 S1,37.0,51.0,13.0,1.0,,1.0,,,,
1476,2487,748.3016832883052,748.3009236918082,748.300968366379,2289642.3324493775,173.20987096488147,294784.1322768937,11.830214629948337,-1,-0.05970134043283388,0.99935348059463,0.0,0.599612088356778,0.0,0.8076923076923077,2.1538461538461537,N1 P1 O21,de-protonated,,0.0,,C26 H56 O21 N1 P1,26.0,56.0,21.0,1.0,1.0,,,,,
1477,2488,748.3259561771064,748.3251965562664,748.325336096029,301376227.63585675,202.59463373603944,298745.8645423839,1550.903994816736,-1,-0.18646938150403763,0.27092851457677836,0.8779816591618326,0.5137497724108001,3.0,0.4838709677419355,1.903225806451613,N1 S2 O15,de-protonated,,0.0,,C31 H59 O15 N1 S2,31.0,59.0,15.0,1.0,,2.0,,,,
1478,2489,749.249123187659,749.2483626409896,749.248465498209,1651763.793431064,157.0259823105871,251842.6153497766,8.557733612008569,-1,-0.1372805206199248,0.9965862687764347,0.0,0.5979517612658608,14.0,0.4166666666666667,1.2777777777777777,S1 O15,de-protonated,,0.0,,C36 H46 O15 S1,36.0,46.0,15.0,,,1.0,,,,
1479,2491,749.3293400354775,749.3285794083607,749.328690931099,100369741.67114697,433.29048547516624,291188.81981394737,529.3556346043547,-1,-0.1488301991228576,0.27113562009469133,0.8779816591618326,0.5138740357215479,3.0,0.4838709677419355,1.903225806451613,13C1 N1 S2 O15,de-protonated,,1.0,2488.0,C30 H59 O15 N1 S2 13C1,30.0,59.0,15.0,1.0,,2.0,1.0,,,
1480,2492,750.2852326096279,750.2844710238813,750.2846119891091,3651567.294369171,214.1685517341535,282835.1273705706,18.830172267296728,-1,-0.1878823388835948,0.49680768571293993,0.6775563317581001,0.569107144131004,21.0,0.09090909090909091,1.1363636363636365,N1 S2 P1 O4,de-protonated,,0.0,,C44 H50 O4 N1 P1 S2,44.0,50.0,4.0,1.0,1.0,2.0,,,,
1481,2493,750.3052324574754,750.3044708516719,750.3046006511391,2018589.3470664672,269.04607504426724,294643.6103981149,10.400087457435601,-1,-0.1729956968392656,0.994584409889833,0.0,0.5967506459338998,3.0,0.5333333333333333,1.9,N1 S2 O16,de-protonated,,0.0,,C30 H57 O16 N1 S2,30.0,57.0,16.0,1.0,,2.0,,,,
1482,2494,750.3326354298549,750.3318737965702,750.3317416303989,16460630.485480664,401.5747095546795,266270.6548626599,85.15359473563747,-1,0.1761436494695781,0.33146202803909786,0.6496170588361012,0.4587240403578992,16.0,0.24390243902439024,1.2926829268292683,N1 S1 O10,de-protonated,,0.0,,C41 H53 O10 N1 S1,41.0,53.0,10.0,1.0,,1.0,,,,
1483,2494,750.3326354298549,750.3318737965702,750.332045766169,16460630.485480664,401.5747095546795,266270.6548626599,85.15359473563747,-1,-0.22919132904718337,0.2706379038406597,0.8779816591618326,0.5135754059691289,3.0,0.4838709677419355,1.903225806451613,13C2 N1 S2 O15,de-protonated,,1.0,2488.0,C29 H59 O15 N1 S2 13C2,29.0,59.0,15.0,1.0,,2.0,2.0,,,
1484,2494,750.3326354298549,750.3318737965702,750.3318745721291,16460630.485480664,401.5747095546795,266270.6548626599,85.15359473563747,-1,-0.00103362112192461,0.4999999030726049,0.7550179348240891,0.6020071157731985,3.0,0.6,1.9333333333333333,N1 P1 O18,de-protonated,,0.0,,C30 H58 O18 N1 P1,30.0,58.0,18.0,1.0,1.0,,,,,
1485,2496,752.2844650197599,752.283701429115,752.2838652062491,4295032.975068551,151.78601004469132,285195.5498810851,22.08521672205656,-1,-0.21770656214121756,0.991436905304155,0.0,0.594862143182493,3.0,0.5862068965517241,1.896551724137931,N1 S2 O17,de-protonated,,0.0,,C29 H55 O17 N1 S2,29.0,55.0,17.0,1.0,,2.0,,,,
1486,2496,752.2844650197599,752.283701429115,752.2836234681589,4295032.975068551,151.78601004469132,285195.5498810851,22.08521672205656,-1,0.10363239830424979,0.499026598873906,0.6400336417157229,0.5554294160106328,35.0,0.019230769230769232,0.7692307692307693,N3 P1 O1,de-protonated,,0.0,,C52 H40 O1 N3 P1,52.0,40.0,1.0,3.0,1.0,,,,,
1487,2497,752.2993855908412,752.2986219852338,752.298608283289,2701726.656784096,245.61922242999873,335126.40906771336,13.95319844504488,-1,0.018213438977432453,0.9999398099550222,0.0,0.5999638859730133,25.0,0.06521739130434782,1.0217391304347827,N3 S2 O3,de-protonated,,0.0,,C46 H47 O3 N3 S2,46.0,47.0,3.0,3.0,,2.0,,,,
1488,2497,752.2993855908412,752.2986219852338,752.298741225019,2701726.656784096,245.61922242999873,335126.40906771336,13.95319844504488,-1,-0.15850057776427906,0.9954519413922149,0.0,0.5972711648353289,12.0,0.3142857142857143,1.4857142857142858,N3 S1 P1 O11,de-protonated,,0.0,,C35 H52 O11 N3 P1 S1,35.0,52.0,11.0,3.0,1.0,1.0,,,,
1489,2499,753.279731886974,753.2789672982715,753.279114178449,17838488.04110888,224.55167442064962,295652.0007237743,91.80449211762907,-1,-0.19498772075666393,0.3310416747133978,0.7182238920063857,0.485914561630593,3.0,0.6071428571428571,1.9285714285714286,N2 S2 O17,de-protonated,,0.0,,C28 H54 O17 N2 S2,28.0,54.0,17.0,2.0,,2.0,,,,
1490,2501,754.2151667731539,754.2144012464117,754.2144792915191,1575946.8394667283,138.81095370661654,254783.04545855068,8.172319767380396,-1,-0.10347866485271458,0.9980589638249638,0.0,0.5988353782949782,0.0,0.8636363636363636,2.272727272727273,N3 S2 P1 O19,de-protonated,,0.0,,C22 H50 O19 N3 P1 S2,22.0,50.0,19.0,3.0,1.0,2.0,,,,
1491,2502,754.2193542599742,754.2185887290328,754.2186404279489,2769716.075562209,198.08425199516984,289370.6860534492,14.49603484592963,-1,-0.06854632504460913,0.9991478087639103,0.0,0.5994886852583462,31.0,0.08333333333333333,0.7916666666666666,N1 S1 P1 O4,de-protonated,,0.0,,C48 H38 O4 N1 P1 S1,48.0,38.0,4.0,1.0,1.0,1.0,,,,
1492,2502,754.2193542599742,754.2185887290328,754.2185020435192,2769716.075562209,198.08425199516984,289370.6860534492,14.49603484592963,-1,0.11493421792798142,0.9976059559400648,0.0,0.5985635735640389,4.0,0.6296296296296297,1.8518518518518519,N1 S2 P1 O17,de-protonated,,0.0,,C27 H50 O17 N1 P1 S2,27.0,50.0,17.0,1.0,1.0,2.0,,,,
1493,2504,754.2556918226883,754.2549262553085,754.2550259372989,2207564.256715563,78.5079071185498,262650.25169045536,11.349228679588636,-1,-0.13215953086120028,0.9968358081923121,0.0,0.5981014849153873,30.0,0.061224489795918366,0.8571428571428571,N1 S1 P1 O3,de-protonated,,0.0,,C49 H42 O3 N1 P1 S1,49.0,42.0,3.0,1.0,1.0,1.0,,,,
1494,2504,754.2556918226883,754.2549262553085,754.254887552869,2207564.256715563,78.5079071185498,262650.25169045536,11.349228679588636,-1,0.05131214942781667,0.9995223711994407,0.0,0.5997134227196643,3.0,0.5714285714285714,1.9285714285714286,N1 S2 P1 O16,de-protonated,,0.0,,C28 H54 O16 N1 P1 S2,28.0,54.0,16.0,1.0,1.0,2.0,,,,
1495,2505,754.292113261794,754.2913476578918,754.2914114466489,3687315.0375667196,151.49137041426565,307744.07347171573,19.31510611875377,-1,-0.08456778919482841,0.49935158652375244,0.6490192219379382,0.5592186406894267,29.0,0.04,0.92,N1 S1 P1 O2,de-protonated,,0.0,,C50 H46 O2 N1 P1 S1,50.0,46.0,2.0,1.0,1.0,1.0,,,,
1496,2505,754.292113261794,754.2913476578918,754.2912730622189,3687315.0375667196,151.49137041426565,307744.07347171573,19.31510611875377,-1,0.0988950496676284,0.9982269636500319,0.0,0.5989361781900191,2.0,0.5172413793103449,2.0,N1 S2 P1 O15,de-protonated,,0.0,,C29 H58 O15 N1 P1 S2,29.0,58.0,15.0,1.0,1.0,2.0,,,,
1497,2506,754.2965831116754,754.295817503291,754.2956309031389,44654589.65248896,153.28042327430938,294792.0538769373,231.17856052418412,-1,0.24738331295374522,0.4954667832904617,0.849791823676219,0.6371967994447646,25.0,0.13333333333333333,1.0,N3 S1 O6,de-protonated,,0.0,,C45 H45 O6 N3 S1,45.0,45.0,6.0,3.0,,1.0,,,,
1498,2506,754.2965831116754,754.295817503291,754.295763844869,44654589.65248896,153.28042327430938,294792.0538769373,231.17856052418412,-1,0.07113711163932157,0.6663314329384434,0.9403841136538621,0.7759525052246109,12.0,0.4117647058823529,1.4705882352941178,N3 P1 O14,de-protonated,,0.0,,C34 H50 O14 N3 P1,34.0,50.0,14.0,3.0,1.0,,,,,
1499,2507,755.2999019191582,755.2991353046821,755.299058321069,14312717.798696155,297.4887864761338,289165.6021474147,73.652042872043,-1,0.10192467771589155,0.499058385219429,0.6825582999862008,0.5724583511261377,20.0,0.23255813953488372,1.1395348837209303,P1 O10,de-protonated,,0.0,,C43 H49 O10 P1,43.0,49.0,10.0,,1.0,,,,,
1500,2507,755.2999019191582,755.2991353046821,755.2989857382089,14312717.798696155,297.4887864761338,289165.6021474147,73.652042872043,-1,0.19802287040414024,0.49645504754541897,0.849791823676219,0.637789757997739,25.0,0.13333333333333333,1.0,13C1 N3 S1 O6,de-protonated,,1.0,2506.0,C44 H45 O6 N3 S1 13C1,44.0,45.0,6.0,3.0,,1.0,1.0,,,
1501,2507,755.2999019191582,755.2991353046821,755.299118679939,14312717.798696155,297.4887864761338,289165.6021474147,73.652042872043,-1,0.022010806845130987,0.6666080642662111,0.9403841136538621,0.7761184840212715,12.0,0.4117647058823529,1.4705882352941178,13C1 N3 P1 O14,de-protonated,,1.0,2506.0,C33 H50 O14 N3 P1 13C1,33.0,50.0,14.0,3.0,1.0,,1.0,,,
1502,2508,756.234953952372,756.2341864002778,756.234290492409,3476554.377724691,228.30602498010558,295801.4158207573,17.989927317078756,-1,-0.1376453466930066,0.49828406587162233,0.6582606959877634,0.5622747179180787,30.0,0.08333333333333333,0.8333333333333334,N1 S1 P1 O4,de-protonated,,0.0,,C48 H40 O4 N1 P1 S1,48.0,40.0,4.0,1.0,1.0,1.0,,,,
1503,2508,756.234953952372,756.2341864002778,756.234152107979,3476554.377724691,228.30602498010558,295801.4158207573,17.989927317078756,-1,0.04534613888632294,0.9996269616864076,0.0,0.5997761770118446,3.0,0.6296296296296297,1.9259259259259258,N1 S2 P1 O17,de-protonated,,0.0,,C27 H52 O17 N1 P1 S2,27.0,52.0,17.0,1.0,1.0,2.0,,,,
1504,2510,756.2711656774927,756.2703980890876,756.2705376173291,7156220.433304812,270.76048521412866,298720.5672771391,37.302401501767626,-1,-0.184495143612757,0.4969214001165677,0.7675537279851046,0.6051743312639826,2.0,0.5714285714285714,2.0,N1 S2 P1 O16,de-protonated,,0.0,,C28 H56 O16 N1 P1 S2,28.0,56.0,16.0,1.0,1.0,2.0,,,,
1505,2511,756.3510449011346,756.350277232632,756.3501684003991,3017669.2123816004,299.8638841391229,311252.9540237082,15.656717768548662,-1,0.1438913317068985,0.9962502047082213,0.0,0.5977501228249328,19.0,0.23809523809523808,1.2142857142857142,N3 O10,de-protonated,,0.0,,C42 H51 O10 N3,42.0,51.0,10.0,3.0,,,,,,
1506,2512,756.3874481855577,756.3866804805523,756.3865539097491,2621416.3333738293,190.36369607425866,314543.44022587134,13.800546269280925,-1,0.1673361359527497,0.994932071452935,0.0,0.596959242871761,18.0,0.20930232558139536,1.2790697674418605,N3 O9,de-protonated,,0.0,,C43 H55 O9 N3,43.0,55.0,9.0,3.0,,,,,,
1507,2515,758.2505209421639,758.2497513690308,758.249940556869,3417994.8500837153,230.9393240422159,248633.94049430388,17.572765767792777,-1,-0.2495059056737373,0.49438389838123215,0.6582606959877633,0.5599346174238446,29.0,0.08333333333333333,0.875,N1 S1 P1 O4,de-protonated,,0.0,,C48 H42 O4 N1 P1 S1,48.0,42.0,4.0,1.0,1.0,1.0,,,,
1508,2515,758.2505209421639,758.2497513690308,758.249802172439,3417994.8500837153,230.9393240422159,248633.94049430388,17.572765767792777,-1,-0.06700088547614144,0.9991857869688943,0.0,0.5995114721813365,2.0,0.6296296296296297,2.0,N1 S2 P1 O17,de-protonated,,0.0,,C27 H54 O17 N1 P1 S2,27.0,54.0,17.0,1.0,1.0,2.0,,,,
1509,2517,758.2682141260273,758.2674445351532,758.267427295449,3084492.2268789364,227.75131812485117,237731.92245223277,15.92846496074915,-1,0.022735651829484768,0.9999062117826054,0.0,0.5999437270695632,15.0,0.2894736842105263,1.2894736842105263,N1 S2 O11,de-protonated,,0.0,,C38 H49 O11 N1 S2,38.0,49.0,11.0,1.0,,2.0,,,,
1510,2517,758.2682141260273,758.2674445351532,758.267560237179,3084492.2268789364,227.75131812485117,237731.92245223277,15.92846496074915,-1,-0.15258733445902425,0.9957842606376329,0.0,0.5974705563825797,2.0,0.7037037037037037,2.0,N1 S1 P1 O19,de-protonated,,0.0,,C27 H54 O19 N1 P1 S1,27.0,54.0,19.0,1.0,1.0,1.0,,,,
1511,2518,758.3302983105236,758.3295286573982,758.3294329555091,13001007.27371594,360.82327071810016,287165.45098159445,67.07747157793338,-1,0.12620094242627522,0.49855714844596205,0.6927871148459376,0.5762491350059522,19.0,0.2682926829268293,1.1951219512195121,N3 O11,de-protonated,,0.0,,C41 H49 O11 N3,41.0,49.0,11.0,3.0,,,,,,
1512,2520,759.333769568722,759.332998909433,759.333078304629,3983649.761849003,302.8299289370589,300579.24952209275,20.75082615115441,-1,-0.10455911683766274,0.9980182587220253,0.0,0.5988109552332151,4.0,0.375,1.90625,N2 S2 P1 O12,de-protonated,,0.0,,C32 H61 O12 N2 P1 S2,32.0,61.0,12.0,2.0,1.0,2.0,,,,
1513,2521,760.3263709514811,760.3255992969472,760.325474480459,1918176.741614436,172.7712905029437,243343.3339157409,9.879622496102465,-1,0.164161918019692,0.9951220508229773,0.0,0.5970732304937864,31.0,0.03773584905660377,0.8867924528301887,N1 S1 O2,de-protonated,,0.0,,C53 H47 O2 N1 S1,53.0,47.0,2.0,1.0,,1.0,,,,
1514,2521,760.3263709514811,760.3255992969472,760.3256074221889,1918176.741614436,172.7712905029437,243343.3339157409,9.879622496102465,-1,-0.010686529088351715,0.9999792784292476,0.0,0.5999875670575485,18.0,0.23809523809523808,1.2380952380952381,N1 P1 O10,de-protonated,,0.0,,C42 H52 O10 N1 P1,42.0,52.0,10.0,1.0,1.0,,,,,
1515,2522,760.3623976429435,760.3616259522875,760.3617216053791,4513124.8161462825,402.06574711233657,275197.56400043465,23.543308194008812,-1,-0.12579945692994327,0.4985663010326793,0.7369636471990488,0.5939252394992272,3.0,0.42424242424242425,1.9090909090909092,N1 S2 O14,de-protonated,,0.0,,C33 H63 O14 N1 S2,33.0,63.0,14.0,1.0,,2.0,,,,
1516,2523,762.3052505519516,762.3044769133272,762.3046006511391,9781729.096877726,106.33966900309909,295386.15135250427,50.3291591559692,-1,-0.16232069413309547,0.4976152992483262,0.7489023467070406,0.598130118231812,4.0,0.5161290322580645,1.8387096774193548,N1 S2 O16,de-protonated,,0.0,,C31 H57 O16 N1 S2,31.0,57.0,16.0,1.0,,2.0,,,,
1517,2526,764.3209303175396,764.3201546580078,764.320250715599,30473640.912618145,320.17136657766025,292150.50704507204,157.04224178420031,-1,-0.12567715042517197,0.4987463644945118,0.9027298102826937,0.6603397428097846,3.0,0.5161290322580645,1.903225806451613,N1 S2 O16,de-protonated,,0.0,,C31 H59 O16 N1 S2,31.0,59.0,16.0,1.0,,2.0,,,,
1518,2527,765.3242988106217,765.3235221451496,765.323605550669,9984166.890956001,161.0908618187435,289550.13674133964,51.90437169380932,-1,-0.10898072236559826,0.4989236455208262,0.9027298102826937,0.6604461114255732,3.0,0.5161290322580645,1.903225806451613,13C1 N1 S2 O16,de-protonated,,1.0,2526.0,C30 H59 O16 N1 S2 13C1,30.0,59.0,16.0,1.0,,2.0,1.0,,,
1519,2528,766.2920852359877,766.2913076002676,766.2914114466489,7986381.576362098,223.7900216106978,297427.44525075785,41.12133782993138,-1,-0.13551813286201583,0.9983036642295016,0.897532234756836,0.9579950924404353,30.0,0.0392156862745098,0.9019607843137255,N1 S1 P1 O2,de-protonated,,0.0,,C51 H46 O2 N1 P1 S1,51.0,46.0,2.0,1.0,1.0,1.0,,,,
1520,2528,766.2920852359877,766.2913076002676,766.2912730622189,7986381.576362098,223.7900216106978,297427.44525075785,41.12133782993138,-1,0.045071697792627284,0.9962211559464638,0.9919449444255907,0.9945106713381145,3.0,0.5,1.9333333333333333,N1 S2 P1 O15,de-protonated,,0.0,,C30 H58 O15 N1 P1 S2,30.0,58.0,15.0,1.0,1.0,2.0,,,,
1521,2529,766.3269374998156,766.3261598291549,766.326276127449,1751949.7592262132,197.7378700406582,215205.65784188922,9.139720032108643,-1,-0.15176080697873828,0.9958297130511098,0.0,0.5974978278306659,21.0,0.18604651162790697,1.1627906976744187,N3 P1 O8,de-protonated,,0.0,,C43 H50 O8 N3 P1,43.0,50.0,8.0,3.0,1.0,,,,,
1522,2529,766.3269374998156,766.3261598291549,766.3260048012891,1751949.7592262132,197.7378700406582,215205.65784188922,9.139720032108643,-1,0.20230015016181419,0.9926016523799894,0.0,0.5955609914279937,7.0,0.3939393939393939,1.7272727272727273,N3 S2 O13,de-protonated,,0.0,,C33 H57 O13 N3 S2,33.0,57.0,13.0,3.0,,2.0,,,,
1523,2531,767.2955595444788,767.2947809027518,767.2947662817189,2705423.5965862237,219.40707513537552,279250.77955138957,13.904507664844308,-1,0.019055301155663083,0.9999341173354522,0.897532234756836,0.9589733643040057,30.0,0.0392156862745098,0.9019607843137255,13C1 N1 S1 P1 O2,de-protonated,,1.0,2528.0,C50 H46 O2 N1 P1 S1 13C1,50.0,46.0,2.0,1.0,1.0,1.0,1.0,,,
1524,2531,767.2955595444788,767.2947809027518,767.2946278972892,2705423.5965862237,219.40707513537552,279250.77955138957,13.904507664844308,-1,0.19940901062558547,0.9928108493411694,0.9919449444255907,0.9924644873749379,3.0,0.5,1.9333333333333333,13C1 N1 S2 P1 O15,de-protonated,,1.0,2528.0,C29 H58 O15 N1 P1 S2 13C1,29.0,58.0,15.0,1.0,1.0,2.0,1.0,,,
1525,2531,767.2955595444788,767.2947809027518,767.2949026273391,2705423.5965862237,219.40707513537552,279250.77955138957,13.904507664844308,-1,-0.15864120416464694,0.9954438858887052,0.0,0.5972663315332232,30.0,0.08,0.88,N2 S1 O4,de-protonated,,0.0,,C50 H44 O4 N2 S1,50.0,44.0,4.0,2.0,,1.0,,,,
1526,2531,767.2955595444788,767.2947809027518,767.2947642429091,2705423.5965862237,219.40707513537552,279250.77955138957,13.904507664844308,-1,0.021712441505160367,0.9999144632832169,0.0,0.5999486779699301,3.0,0.5862068965517241,1.9310344827586208,N2 S2 O17,de-protonated,,0.0,,C29 H56 O17 N2 S2,29.0,56.0,17.0,2.0,,2.0,,,,
1527,2532,768.2161163240306,768.2153367594412,768.2153917216391,1965351.0824078969,227.051803815812,312283.2476119839,10.28954622670998,-1,-0.07154529633616473,0.9990716444586268,0.0,0.599442986675176,18.0,0.3157894736842105,1.131578947368421,N1 S2 O12,de-protonated,,0.0,,C38 H43 O12 N1 S2,38.0,43.0,12.0,1.0,,2.0,,,,
1528,2532,768.2161163240306,768.2153367594412,768.215524663369,1965351.0824078969,227.051803815812,312283.2476119839,10.28954622670998,-1,-0.24459793085195353,0.989202972071967,0.0,0.5935217832431802,5.0,0.7407407407407407,1.7777777777777777,N1 S1 P1 O20,de-protonated,,0.0,,C27 H48 O20 N1 P1 S1,27.0,48.0,20.0,1.0,1.0,1.0,,,,
1529,2533,768.2892645604273,768.2884849225073,768.288434066499,2139531.720688016,240.02758093310234,241187.69002766573,11.007735234668411,-1,0.0661939007200912,0.9992052745020501,0.0,0.59952316470123,30.0,0.1,0.88,N1 P1 O5,de-protonated,,0.0,,C50 H44 O5 N1 P1,50.0,44.0,5.0,1.0,1.0,,,,,
1530,2533,768.2892645604273,768.2884849225073,768.2882956820691,2139531.720688016,240.02758093310234,241187.69002766573,11.007735234668411,-1,0.24631435786137867,0.9890517430007775,0.0,0.5934310458004665,3.0,0.6206896551724138,1.9310344827586208,N1 S1 P1 O18,de-protonated,,0.0,,C29 H56 O18 N1 P1 S1,29.0,56.0,18.0,1.0,1.0,1.0,,,,
1531,2534,770.240881219709,770.2400996253432,770.2400445780988,3553451.810836964,139.09766017692073,264397.84233106987,18.344580432323458,-1,0.0714676479712011,0.49953682876358385,0.6444951140065156,0.5575201428607566,35.0,0.0196078431372549,0.7450980392156863,N3 S1 P1 O1,de-protonated,,0.0,,C51 H38 O1 N3 P1 S1,51.0,38.0,1.0,3.0,1.0,1.0,,,,
1532,2535,770.3103448282023,770.3095631642026,770.3096860315691,5300234.706992893,305.0335525013448,291068.65860145516,27.491867274868678,-1,-0.15950385762180871,0.4976971578055044,0.7369636471990488,0.5934037535629222,6.0,0.45454545454545453,1.7272727272727273,N1 S2 O15,de-protonated,,0.0,,C33 H57 O15 N1 S2,33.0,57.0,15.0,1.0,,2.0,,,,
1533,2536,770.366686602249,770.3659048817692,770.365818464859,4266307.891038713,1043.8425422489422,299195.4780830298,22.41947234829832,-1,0.11217645974180686,0.4988596672941722,0.6825582999862008,0.5723391203709836,19.0,0.23255813953488372,1.2325581395348837,N3 O10,de-protonated,,0.0,,C43 H53 O10 N3,43.0,53.0,10.0,3.0,,,,,,
1534,2537,770.4031435027813,770.4023617457552,770.4022039742091,8716975.135768676,179.12369983709078,281430.4001377047,45.14030114702721,-1,0.2047911406719472,0.9958470764886861,0.9296999205179313,0.9693882141003841,18.0,0.20454545454545456,1.2954545454545454,N3 O9,de-protonated,,0.0,,C44 H57 O9 N3,44.0,57.0,9.0,3.0,,,,,,
1535,2538,771.3135388142744,771.3127561446294,771.3126003852489,2315709.5677184104,209.71105485958145,274034.17873004795,12.156903445753523,-1,0.20194066637418856,0.9926278254109652,0.0,0.5955766952465791,19.0,0.18181818181818182,1.2045454545454546,S1 P1 O8,de-protonated,,0.0,,C44 H53 O8 P1 S1,44.0,53.0,8.0,,1.0,1.0,,,,
1536,2539,771.4063903379753,771.4056075752528,771.405498450409,2938972.456247463,236.2575900599408,297136.8310039879,15.146122559958885,-1,0.14146236189395314,0.49818775294651235,0.6356335132356776,0.5531660570621784,26.0,0.09433962264150944,1.0566037735849056,O5,de-protonated,,0.0,,C53 H56 O5,53.0,56.0,5.0,,,,,,,
1537,2539,771.4063903379753,771.4056075752528,771.4055588092791,2938972.456247463,236.2575900599408,297136.8310039879,15.146122559958885,-1,0.06321703693336277,0.999275122453272,0.9296999205179313,0.9714450416791357,18.0,0.20454545454545456,1.2954545454545454,13C1 N3 O9,de-protonated,,1.0,2537.0,C43 H57 O9 N3 13C1,43.0,57.0,9.0,3.0,,,1.0,,,
1538,2541,772.25657968747,772.2557960724981,772.2556946425589,4426656.672347505,243.5666331453449,313087.53935538884,22.822158260227372,-1,0.13134242967363324,0.9946879491381188,0.9093575581609589,0.9605557927472548,34.0,0.0196078431372549,0.7843137254901961,N3 S1 P1 O1,de-protonated,,0.0,,C51 H40 O1 N3 P1 S1,51.0,40.0,1.0,3.0,1.0,1.0,,,,
1539,2543,772.3822147640741,772.381431023164,772.381468529319,2735527.0579669666,247.96307004616273,265017.83680435095,14.072293461481413,-1,-0.048559107767013394,0.9995722378824176,0.0,0.5997433427294505,18.0,0.23255813953488372,1.2790697674418605,N3 O10,de-protonated,,0.0,,C43 H55 O10 N3,43.0,55.0,10.0,3.0,,,,,,
1540,2544,773.2596766047344,773.2588919842538,773.258850734329,1594878.531708225,86.53336481379469,306872.54416132974,8.198145620392186,-1,0.05334555780546078,0.9994837759557894,0.0,0.5996902655734736,15.0,0.2564102564102564,1.3076923076923077,S2 P1 O10,de-protonated,,0.0,,C39 H51 O10 P1 S2,39.0,51.0,10.0,,1.0,2.0,,,,
1541,2544,773.2596766047344,773.2588919842538,773.2590494776289,1594878.531708225,86.53336481379469,306872.54416132974,8.198145620392186,-1,-0.20367479078784004,0.9925011456285785,0.9093575581609589,0.9592437106415307,34.0,0.0196078431372549,0.7843137254901961,13C1 N3 S1 P1 O1,de-protonated,,1.0,2541.0,C50 H40 O1 N3 P1 S1 13C1,50.0,40.0,1.0,3.0,1.0,1.0,1.0,,,
1542,2546,774.3415216671585,774.340735962254,774.3406060379689,6430676.291464523,276.67693498943515,274775.0335457763,33.57426689884278,-1,0.16778699726484828,0.9922874594864574,0.976574493690735,0.9860022731681684,9.0,0.34285714285714286,1.6571428571428573,N3 S1 P1 O12,de-protonated,,0.0,,C35 H58 O12 N3 P1 S1,35.0,58.0,12.0,3.0,1.0,1.0,,,,
1543,2547,774.378021054991,774.3772353135005,774.377371669839,8436822.980488796,55.86303208556408,285980.93385238,43.730900455275524,-1,-0.17608512791364947,0.9960618612464955,0.9478090709775594,0.9767607451389211,3.0,0.4117647058823529,1.911764705882353,N1 S2 O14,de-protonated,,0.0,,C34 H65 O14 N1 S2,34.0,65.0,14.0,1.0,,2.0,,,,
1544,2548,775.3449330613215,775.3441463506348,775.3439608730391,2730169.0699827746,157.24600721214867,289999.0163860761,14.572360933811607,-1,0.23921975926091366,0.9896701240225583,0.976574493690735,0.984431871889829,9.0,0.34285714285714286,1.6571428571428573,13C1 N3 S1 P1 O12,de-protonated,,1.0,2546.0,C34 H58 O12 N3 P1 S1 13C1,34.0,58.0,12.0,3.0,1.0,1.0,1.0,,,
1545,2549,775.3814265515847,775.3806398043187,775.3807265049091,3989549.1339311525,222.17078315965944,253512.2425212424,20.66594627756152,-1,-0.11181679853889782,0.9977339191684624,0.9478090709775594,0.9777639798921012,3.0,0.4117647058823529,1.911764705882353,13C1 N1 S2 O14,de-protonated,,1.0,2547.0,C33 H65 O14 N1 S2 13C1,33.0,65.0,14.0,1.0,,2.0,1.0,,,
1546,2550,776.3573915099593,776.3566037844421,776.356774609379,5304766.245143784,144.11441404430335,288549.0059220298,27.672154758314036,-1,-0.2200340649367999,0.4956268188223442,0.6312934720183802,0.5498934801007587,30.0,0.037037037037037035,0.9444444444444444,N1 S1 O2,de-protonated,,0.0,,C54 H51 O2 N1 S1,54.0,51.0,2.0,1.0,,1.0,,,,
1547,2550,776.3573915099593,776.3566037844421,776.356636224949,5304766.245143784,144.11441404430335,288549.0059220298,27.672154758314036,-1,-0.04178557309464208,0.4998416172918209,0.7369636471990488,0.5946904292547122,3.0,0.45454545454545453,1.9090909090909092,N1 S2 O15,de-protonated,,0.0,,C33 H63 O15 N1 S2,33.0,63.0,15.0,1.0,,2.0,,,,
1548,2552,778.1368611665022,778.1360716573964,778.1359734304789,4025344.891714002,169.3377535213999,269440.17204676726,21.054156552133644,-1,0.12623361584320025,0.49855640232057874,0.6490192219379382,0.5587415301675225,40.0,0.06,0.52,N3 S1 P1 O3,de-protonated,,0.0,,C50 H26 O3 N3 P1 S1,50.0,26.0,3.0,3.0,1.0,1.0,,,,
1549,2553,778.3002343089572,778.2994446361033,778.2995152707091,1574978.7252188048,285.44320016092666,252180.99458249428,8.106356919878946,-1,-0.09075504274503272,0.9985066181324431,0.0,0.5991039708794659,4.0,0.5483870967741935,1.8387096774193548,N1 S2 O17,de-protonated,,0.0,,C31 H57 O17 N1 S2,31.0,57.0,17.0,1.0,,2.0,,,,
1550,2553,778.3002343089572,778.2994446361033,778.2992735326189,1574978.7252188048,285.44320016092666,252180.99458249428,8.106356919878946,-1,0.21984279080709385,0.9912687707928504,0.0,0.5947612624757102,36.0,0.018518518518518517,0.7777777777777778,N3 P1 O1,de-protonated,,0.0,,C54 H42 O1 N3 P1,54.0,42.0,1.0,3.0,1.0,,,,,
1551,2555,780.3158936510282,780.3151019579324,780.315165335169,11791684.685268201,251.4724741614213,285121.84072768636,60.65292052552282,-1,-0.08122004986986776,0.4994018770795509,0.7489023467070405,0.5992020649305467,3.0,0.5483870967741935,1.903225806451613,N1 S2 O17,de-protonated,,0.0,,C31 H59 O17 N1 S2,31.0,59.0,17.0,1.0,,2.0,,,,
1552,2555,780.3158936510282,780.3151019579324,780.314923597079,11791684.685268201,251.4724741614213,285121.84072768636,60.65292052552282,-1,0.2285754738288853,0.3301882302895282,0.5709562512810179,0.42649543868612405,35.0,0.018518518518518517,0.8148148148148148,N3 P1 O1,de-protonated,,0.0,,C54 H44 O1 N3 P1,54.0,44.0,1.0,3.0,1.0,,,,,
1553,2556,780.3310802623109,780.3302885539943,780.330421476459,29216291.14710063,272.00925983593606,278996.30064964533,154.28923875231933,-1,-0.17034125689298632,0.4975634126423669,0.8965385044038888,0.6571534493469757,7.0,0.4,1.6857142857142857,N1 S2 O14,de-protonated,,0.0,,C35 H59 O14 N1 S2,35.0,59.0,14.0,1.0,,2.0,,,,
1554,2557,780.4438992778654,780.4431074564757,780.443220633989,1632492.505520243,253.36802619867936,275489.64162292215,8.685711405914125,-1,-0.14501697280045506,0.9961914193182672,0.0,0.5977148515909603,13.0,0.13333333333333333,1.511111111111111,N1 S1 P1 O6,de-protonated,,0.0,,C45 H68 O6 N1 P1 S1,45.0,68.0,6.0,1.0,1.0,1.0,,,,
1555,2558,780.9397662985415,780.9389739801711,780.938835512329,1658871.6768988443,79.71236699496872,244658.51076496532,8.558720587282904,-1,0.17730945861300262,0.9943117390955354,0.0,0.5965870434573212,35.0,0.38461538461538464,0.2564102564102564,S2 O15,de-protonated,,0.0,,C39 H10 O15 S2,39.0,10.0,15.0,,,2.0,,,,
1556,2558,780.9397662985415,780.9389739801711,780.9389684540591,1658871.6768988443,79.71236699496872,244658.51076496532,8.558720587282904,-1,0.007076240525997975,0.9999909143285478,0.0,0.5999945485971286,22.0,0.8214285714285714,0.5357142857142857,S1 P1 O23,de-protonated,,0.0,,C28 H15 O23 P1 S1,28.0,15.0,23.0,,1.0,1.0,,,,
1557,2559,781.1317940309773,781.1310015201492,781.131127068499,1856396.5877854552,156.4405087469385,245781.6670058204,9.550959729748607,-1,-0.1607263434933698,0.9953236123090127,0.0,0.5971941673854075,31.0,0.3333333333333333,0.6190476190476191,N2 O14,de-protonated,,0.0,,C42 H26 O14 N2,42.0,26.0,14.0,2.0,,,,,,
1558,2560,781.3190511588427,781.318258460339,781.3180796888489,3669441.790382694,402.55782415338695,257718.12925446278,18.99927403096628,-1,0.22880756863108823,0.4952728054432539,0.6876346701883637,0.5722175513412978,16.0,0.23809523809523808,1.3095238095238095,S1 P1 O10,de-protonated,,0.0,,C42 H55 O10 P1 S1,42.0,55.0,10.0,,1.0,1.0,,,,
1559,2561,781.3344459064022,781.3336531924693,781.333776311529,10168018.483731914,338.42238913937797,284527.5407948132,54.15730725336009,-1,-0.1575754990260377,0.497752378116349,0.8965385044038888,0.657266828631365,7.0,0.4,1.6857142857142857,13C1 N1 S2 O14,de-protonated,,1.0,2556.0,C34 H59 O14 N1 S2 13C1,34.0,59.0,14.0,1.0,,2.0,1.0,,,
1560,2564,784.4187228768559,784.417927071854,784.417854038669,4521215.519409761,330.4466485196786,270236.25102474605,23.626214117053028,-1,0.09310494990342658,0.49921417133019724,0.672627141691601,0.5685793594747588,18.0,0.2,1.3111111111111111,N3 O9,de-protonated,,0.0,,C45 H59 O9 N3,45.0,59.0,9.0,3.0,,,,,,
1561,2565,785.4222921600929,785.4214953493527,785.421499387789,1790632.4859904633,134.35402893046927,277901.95440674253,9.406861339695563,-1,-0.005141744115757086,0.999995202955955,0.0,0.599997121773573,3.0,0.2777777777777778,1.9722222222222223,N2 S2 P1 O10,de-protonated,,0.0,,C36 H71 O10 N2 P1 S2,36.0,71.0,10.0,2.0,1.0,2.0,,,,
1562,2567,786.377709815221,786.3769120470171,786.3768586055891,1799914.8865032888,303.7089642014798,241374.68669127827,9.433016184465465,-1,0.06795905477558206,0.9991623424076355,0.0,0.5994974054445813,22.0,0.0625,1.1875,N3 S2 O3,de-protonated,,0.0,,C48 H57 O3 N3 S2,48.0,57.0,3.0,3.0,,2.0,,,,
1563,2567,786.377709815221,786.3769120470171,786.3769915473189,1799914.8865032888,303.7089642014798,241374.68669127827,9.433016184465465,-1,-0.10109693272171788,0.9981472059523804,0.0,0.5988883235714282,9.0,0.2972972972972973,1.6756756756756757,N3 S1 P1 O11,de-protonated,,0.0,,C37 H62 O11 N3 P1 S1,37.0,62.0,11.0,3.0,1.0,1.0,,,,
1564,2568,786.3977938809671,786.3969960926363,786.397118593779,1738680.6277817823,118.37683988797389,284307.2254172405,8.958445573388948,-1,-0.15577516735320876,0.9956066628861548,0.0,0.5973639977316929,18.0,0.22727272727272727,1.2954545454545454,N3 O10,de-protonated,,0.0,,C44 H57 O10 N3,44.0,57.0,10.0,3.0,,,,,,
1565,2569,788.2516406104003,788.2508409643052,788.2509893846491,1979736.3945637029,68.18822341134361,247315.74095879728,10.20960122948877,-1,-0.18829071686679874,0.9935876754876474,0.0,0.5961526052925884,29.0,0.10204081632653061,0.8775510204081632,N1 S2 O5,de-protonated,,0.0,,C49 H43 O5 N1 S2,49.0,43.0,5.0,1.0,,2.0,,,,
1566,2571,788.3573025961663,788.356502844188,788.356636224949,9139248.219803944,107.97073846494203,273650.4478722144,47.20768535500283,-1,-0.16918835330381443,0.9974059383486519,0.9943656765815767,0.9961898336418218,4.0,0.4411764705882353,1.8529411764705883,N1 S2 O15,de-protonated,,0.0,,C34 H63 O15 N1 S2,34.0,63.0,15.0,1.0,,2.0,,,,
1567,2572,788.3937370223749,788.392937233886,788.393021734299,29015288.451662086,180.58754138730336,279481.9944875983,149.16749506203217,-1,-0.10718056954547034,0.4971660250075012,0.8965385044038887,0.6569150167660562,3.0,0.4,1.9142857142857144,N1 S2 O14,de-protonated,,0.0,,C35 H67 O14 N1 S2,35.0,67.0,14.0,1.0,,2.0,,,,
1568,2573,789.2851693397724,789.2843686579944,789.284277636479,1613013.2884171745,160.340811856824,243688.0107722224,8.297665627221056,-1,0.1153215868152238,0.9975898106939073,0.0,0.5985538864163443,23.0,0.10638297872340426,1.0851063829787233,S2 P1 O5,de-protonated,,0.0,,C47 H51 O5 P1 S2,47.0,51.0,5.0,,1.0,2.0,,,,
1569,2574,789.360786684,789.3599859264478,789.3599910600191,3265227.156134118,341.1171168635093,293096.1082258771,17.179949608607085,-1,-0.006503460119071575,0.9999923256584361,0.9943656765815767,0.9977416660276923,4.0,0.4411764705882353,1.8529411764705883,13C1 N1 S2 O15,de-protonated,,1.0,2571.0,C33 H63 O15 N1 S2 13C1,33.0,63.0,15.0,1.0,,2.0,1.0,,,
1570,2575,789.3969986801874,789.3961978863482,789.3963765693691,9748091.907377824,246.9900111376257,275701.8394539756,50.44891215592196,-1,-0.22635399169112963,0.4953731762863583,0.8965385044038887,0.6558393075333704,3.0,0.4,1.9142857142857144,13C1 N1 S2 O14,de-protonated,,1.0,2572.0,C34 H67 O14 N1 S2 13C1,34.0,67.0,14.0,1.0,,2.0,1.0,,,
1571,2576,790.3365662941721,790.3357645588276,790.335900780059,3399182.8973608417,287.69892392381126,258758.448850738,17.497097663427024,-1,-0.17235865315775029,0.9946241142578193,0.0,0.5967744685546915,4.0,0.48484848484848486,1.8484848484848484,N1 S2 O16,de-protonated,,0.0,,C33 H61 O16 N1 S2,33.0,61.0,16.0,1.0,,2.0,,,,
1572,2577,790.3730039059594,790.3722021341025,790.372286289409,7140486.039979861,163.23481807318038,278344.7385792775,37.96696485315381,-1,-0.10647552795977239,0.9986440910326084,0.9838663155559717,0.9927329808419537,3.0,0.4411764705882353,1.911764705882353,N1 S2 O15,de-protonated,,0.0,,C34 H65 O15 N1 S2,34.0,65.0,15.0,1.0,,2.0,,,,
1573,2578,791.18946318489,791.188660594905,791.1887610869891,2841832.2690732772,277.0149396570927,280473.2723758956,14.623025664560851,-1,-0.12701404402104044,0.9970770470119346,0.0,0.5982462282071607,13.0,0.71875,1.25,O23,de-protonated,,0.0,,C32 H40 O23,32.0,40.0,23.0,,,,,,,
1574,2579,791.3763962797989,791.3755935025005,791.3756411244791,2414948.9620669363,181.44635843098504,224319.51140598863,12.437533415423033,-1,-0.06017619972503608,0.9993431583658995,0.9838663155559717,0.9931524212419284,3.0,0.4411764705882353,1.911764705882353,13C1 N1 S2 O15,de-protonated,,1.0,2577.0,C33 H65 O15 N1 S2 13C1,33.0,65.0,15.0,1.0,,2.0,1.0,,,
1575,2581,792.3159593368039,792.3151556180419,792.315303719599,1781174.0676149074,192.06465987531482,275271.3046294345,9.414428150132139,-1,-0.18692249967453292,0.9936802333727269,0.0,0.5962081400236361,31.0,0.07547169811320754,0.8867924528301887,N1 S1 O4,de-protonated,,0.0,,C53 H47 O4 N1 S1,53.0,47.0,4.0,1.0,,1.0,,,,
1576,2581,792.3159593368039,792.3151556180419,792.315165335169,1781174.0676149074,192.06465987531482,275271.3046294345,9.414428150132139,-1,-0.012264219516115183,0.999972708479486,0.0,0.5999836250876917,4.0,0.53125,1.84375,N1 S2 O17,de-protonated,,0.0,,C32 H59 O17 N1 S2,32.0,59.0,17.0,1.0,,2.0,,,,
1577,2584,794.1682061251934,794.1674005504897,794.167273559399,3616468.4420795795,209.51706186968673,282525.8509665226,18.591324250907437,-1,0.1599047139714533,0.4976855953712043,0.6444951140065156,0.5564094028253288,39.0,0.058823529411764705,0.5882352941176471,N3 S1 P1 O3,de-protonated,,0.0,,C51 H30 O3 N3 P1 S1,51.0,30.0,3.0,3.0,1.0,1.0,,,,
1578,2585,794.3470415978818,794.3462358439896,794.346209925349,3379980.7726360923,416.9896152013034,269206.7391623256,17.60171704250663,-1,0.0326288969560233,0.9952675321362593,0.9657059133727851,0.9834428846308696,34.0,0.017543859649122806,0.8596491228070176,N1 S1 O1,de-protonated,,0.0,,C57 H49 O1 N1 S1,57.0,49.0,1.0,1.0,,1.0,,,,
1579,2585,794.3470415978818,794.3462358439896,794.346342867079,3379980.7726360923,416.9896152013034,269206.7391623256,17.60171704250663,-1,-0.13473101547446034,0.498355840413348,0.667769152885588,0.566121165402244,21.0,0.1956521739130435,1.173913043478261,N1 P1 O9,de-protonated,,0.0,,C46 H54 O9 N1 P1,46.0,54.0,9.0,1.0,1.0,,,,,
1580,2585,794.3470415978818,794.3462358439896,794.3460715409191,3379980.7726360923,416.9896152013034,269206.7391623256,17.60171704250663,-1,0.2068406660420525,0.9922671234861453,0.0,0.5953602740916871,7.0,0.3888888888888889,1.6944444444444444,N1 S2 O14,de-protonated,,0.0,,C36 H61 O14 N1 S2,36.0,61.0,14.0,1.0,,2.0,,,,
1581,2587,795.3501913117981,795.3493845527872,795.349564760419,1796766.7769469651,148.94571234876918,241735.3670677827,9.445353375394664,-1,-0.2265766396480945,0.990728224036268,0.9657059133727851,0.9807192997708749,34.0,0.017543859649122806,0.8596491228070176,13C1 N1 S1 O1,de-protonated,,1.0,2585.0,C56 H49 O1 N1 S1 13C1,56.0,49.0,1.0,1.0,,1.0,1.0,,,
1582,2588,796.1650409212739,796.164233345829,796.1642961792489,2270213.595406254,74.77385736378906,273850.2463926165,11.670982619022142,-1,-0.07892016795544504,0.9988705046492301,0.0,0.599322302789538,39.0,0.12,0.56,N3 P1 O6,de-protonated,,0.0,,C50 H28 O6 N3 P1,50.0,28.0,6.0,3.0,1.0,,,,,
1583,2588,796.1650409212739,796.164233345829,796.1641577948191,2270213.595406254,74.77385736378906,273850.2463926165,11.670982619022142,-1,0.09489375923303635,0.9983674203454423,0.0,0.5990204522072654,12.0,0.6551724137931034,1.3793103448275863,N3 S1 P1 O19,de-protonated,,0.0,,C29 H40 O19 N3 P1 S1,29.0,40.0,19.0,3.0,1.0,1.0,,,,
1584,2589,796.3104467379197,796.3096390167876,796.3095668904891,1608848.191704391,39.692470253201535,254162.32560186216,8.290592304421649,-1,0.09057570259632554,0.9985125100278621,0.0,0.5991075060167173,21.0,0.1590909090909091,1.1590909090909092,N3 S2 O7,de-protonated,,0.0,,C44 H51 O7 N3 S2,44.0,51.0,7.0,3.0,,2.0,,,,
1585,2589,796.3104467379197,796.3096390167876,796.3096998322189,1608848.191704391,39.692470253201535,254162.32560186216,8.290592304421649,-1,-0.07637158171516126,0.9989422388606886,0.0,0.5993653433164131,8.0,0.45454545454545453,1.696969696969697,N3 S1 P1 O15,de-protonated,,0.0,,C33 H56 O15 N3 P1 S1,33.0,56.0,15.0,3.0,1.0,1.0,,,,
1586,2590,796.3259915314537,796.3251837947469,796.325336096029,2094272.4596189645,297.5560222261845,243345.52823326067,10.76526830893989,-1,-0.19125510042757002,0.99338485384307,0.0,0.5960309123058419,7.0,0.42857142857142855,1.6857142857142857,N1 S2 O15,de-protonated,,0.0,,C35 H59 O15 N1 S2,35.0,59.0,15.0,1.0,,2.0,,,,
1587,2592,798.4344160871289,798.4336062379659,798.433504103129,45239107.40245637,415.0768618883376,274712.4587926222,238.8164331805116,-1,0.12791902688779694,0.6635607120626451,0.8984139948528117,0.7575020251787118,18.0,0.1956521739130435,1.326086956521739,N3 O9,de-protonated,,0.0,,C46 H61 O9 N3,46.0,61.0,9.0,3.0,,,,,,
1588,2593,799.4378196210664,799.4370087666126,799.437149452249,17644977.366136223,429.11710431042957,268977.5225122699,90.73855882134627,-1,-0.17598085905943586,0.3314654756237706,0.671291844960781,0.4673960233585748,3.0,0.2702702702702703,1.972972972972973,N2 S2 P1 O10,de-protonated,,0.0,,C37 H73 O10 N2 P1 S2,37.0,73.0,10.0,2.0,1.0,2.0,,,,
1589,2593,799.4378196210664,799.4370087666126,799.4368589381991,17644977.366136223,429.11710431042957,268977.5225122699,90.73855882134627,-1,0.18741744501753657,0.6624312186527602,0.8984139948528117,0.7568243291327809,18.0,0.1956521739130435,1.326086956521739,13C1 N3 O9,de-protonated,,1.0,2592.0,C45 H61 O9 N3 13C1,45.0,61.0,9.0,3.0,,,1.0,,,
1590,0,150.2913247895519,150.29116851000444,,17598561.500383414,24.17476471466598,1482737.5490954446,90.45430994233753,-1,,,,,,,,unassigned,,,,,,,,,,,,,,,
1591,1,150.5142996389545,150.51414313312063,,5027455.662087954,14.970002921373382,1611672.2069378518,25.561343638267637,-1,,,,,,,,unassigned,,,,,,,,,,,,,,,
1592,2,150.73513559624072,150.73497886629212,,6141328.648334662,14.38882367152844,1438746.9042998631,31.351598581038314,-1,,,,,,,,unassigned,,,,,,,,,,,,,,,
1593,3,150.88680659008173,150.88664970621082,,2806173.905889411,30.92648523386096,1193461.838129268,14.349304521811693,-1,,,,,,,,unassigned,,,,,,,,,,,,,,,
1594,4,150.95813088742258,150.95797393116882,,1936550.421221183,23.840081137136877,1538508.7503564039,9.990821710344312,-1,,,,,,,,unassigned,,,,,,,,,,,,,,,
1595,5,152.09621649281402,152.09605838159783,,1725119.3038948348,14.25504212361767,1434523.2817343702,8.964367425034965,-1,,,,,,,,unassigned,,,,,,,,,,,,,,,
1596,6,153.00065794510257,153.00049891605133,,2120504.9150004177,22.27838862704466,1267299.6805285795,10.859359951759913,-1,,,,,,,,unassigned,,,,,,,,,,,,,,,
1597,7,154.08849941184968,154.0883392788691,,1560270.6313781128,28.615345332622184,1382201.935617765,8.243217491253525,-1,,,,,,,,unassigned,,,,,,,,,,,,,,,
1598,8,154.28961704980642,154.28945671273655,,79910800.24940364,28.68812036490293,1338707.9247034271,418.75123746117526,-1,,,,,,,,unassigned,,,,,,,,,,,,,,,
1599,9,154.2908246335906,154.2906642952953,,3373315.074119413,59.11407078624732,1178903.6789038456,17.433931245869523,-1,,,,,,,,unassigned,,,,,,,,,,,,,,,
1600,10,154.51259714384696,154.51243658050316,,24561885.55360641,36.334122497550744,1414979.837900635,127.34349779591653,-1,,,,,,,,unassigned,,,,,,,,,,,,,,,
1601,11,154.51382302798595,154.5136624633982,,1639860.558417555,19.28525392212903,1101925.116091425,8.690646282285805,-1,,,,,,,,unassigned,,,,,,,,,,,,,,,
1602,12,154.58546789037777,154.58530725308702,,2607100.215863983,39.96796459809508,1421065.9300097383,13.896611862649621,-1,,,,,,,,unassigned,,,,,,,,,,,,,,,
1603,13,154.73342892503447,154.73326813759783,,17210315.79013805,40.26732819395568,1436423.308916266,91.38075073318085,-1,,,,,,,,unassigned,,,,,,,,,,,,,,,
1604,14,154.7355762602177,154.73541547060202,,2065835.0085986406,31.622013772347618,1336612.9395761467,10.775138061683249,-1,,,,,,,,unassigned,,,,,,,,,,,,,,,
1605,15,154.93327032236098,154.93310933213272,,2329445.644426916,17.417746432573846,1496058.438262512,12.001619335924673,-1,,,,,,,,unassigned,,,,,,,,,,,,,,,
1606,16,154.95640864764667,154.95624763393852,,4750750.017196561,19.271080368536726,1389417.597616585,24.971790407730985,-1,,,,,,,,unassigned,,,,,,,,,,,,,,,
1607,19,155.59329486247572,155.5931332024846,,2559558.896348541,47.7038101179696,1211975.5822098593,13.191253533257557,-1,,,,,,,,unassigned,,,,,,,,,,,,,,,
1608,20,155.68971805566719,155.68955629783096,,1677776.4331301611,15.238946222434965,1308816.158301808,8.959103556905173,-1,,,,,,,,unassigned,,,,,,,,,,,,,,,
1609,21,156.14547909208704,156.14531687177129,,1591501.52060899,10.4671569368959,1272037.4759454974,8.180051073696028,-1,,,,,,,,unassigned,,,,,,,,,,,,,,,
1610,22,156.51842724509513,156.51826464633652,,5356942.637494333,11.574974746544532,1310855.5601301868,28.151166758125065,-1,,,,,,,,unassigned,,,,,,,,,,,,,,,
1611,23,156.66621638152708,156.66605363280274,,1615298.7676081816,20.76719391749942,1308983.6203601754,8.448508348315395,-1,,,,,,,,unassigned,,,,,,,,,,,,,,,
1612,24,156.74142096169936,156.741258136663,,2266607.9387439303,49.21821176334006,1346784.3307177848,11.822647819511761,-1,,,,,,,,unassigned,,,,,,,,,,,,,,,
1613,25,156.9159620412995,156.9157990391523,,2359628.1523861834,43.51809696605315,1476488.282286055,12.222701797375917,-1,,,,,,,,unassigned,,,,,,,,,,,,,,,
1614,27,157.124834133557,157.12467091946323,,2174694.2805315293,56.10577964308146,1220424.4183331023,11.222566852715527,-1,,,,,,,,unassigned,,,,,,,,,,,,,,,
1615,28,157.3963818634144,157.39621837377723,,2074772.6786273124,34.62805627893384,1339557.2244544483,10.569847204621379,-1,,,,,,,,unassigned,,,,,,,,,,,,,,,
1616,29,157.8443483859441,157.84418444175205,,3574767.3733995087,37.75830483718401,1332805.2862462013,18.676204124500323,-1,,,,,,,,unassigned,,,,,,,,,,,,,,,
1617,30,158.05105245385127,158.05088829991647,,2182455.1491660574,52.54635469226821,1167854.1687084194,11.185719775806987,-1,,,,,,,,unassigned,,,,,,,,,,,,,,,
1618,31,158.28817970736276,158.28801531281582,,1788341.017659819,30.640997821367392,1351177.7406391138,9.359157534769329,-1,,,,,,,,unassigned,,,,,,,,,,,,,,,
1619,32,158.76381603113617,158.76365115396618,,2673324.9530089656,23.08292828494553,1420697.3630987655,13.791334500053791,-1,,,,,,,,unassigned,,,,,,,,,,,,,,,
1620,33,158.94619237478418,158.9460273125601,,2014280.7045438057,37.029761916443775,1245537.3386544127,10.348764743170134,-1,,,,,,,,unassigned,,,,,,,,,,,,,,,
1621,34,159.00479012205096,159.00462500036892,,1870329.585838106,22.997843250756464,1507032.7216334816,9.67498962255682,-1,,,,,,,,unassigned,,,,,,,,,,,,,,,
1622,35,159.0506366906612,159.05047152245962,,1580741.9165626497,21.56911515605775,1436329.7296189882,8.22742588686415,-1,,,,,,,,unassigned,,,,,,,,,,,,,,,
1623,37,159.12783027820325,159.12766503167504,,1938193.1584770067,20.717513374088583,1484848.403513138,10.443514369506381,-1,,,,,,,,unassigned,,,,,,,,,,,,,,,
1624,39,160.3591343853369,160.3589678894477,,4242059.185756149,24.09475511603808,1336816.3588969645,22.066135200086066,-1,,,,,,,,unassigned,,,,,,,,,,,,,,,
1625,40,161.02486709311745,161.02469992174537,,1813242.308475368,22.471643737004786,1444848.0377634212,9.464434897365159,-1,,,,,,,,unassigned,,,,,,,,,,,,,,,
1626,42,161.44058233014226,161.44041473697095,,14048775.134414505,37.783273008447,1320150.798775285,72.22027074073969,-1,,,,,,,,unassigned,,,,,,,,,,,,,,,
1627,43,161.7750543066146,161.7748863740788,,3500013.941219464,31.302590123697332,1479257.6647083112,18.423538454270332,-1,,,,,,,,unassigned,,,,,,,,,,,,,,,
1628,44,162.0675038620973,162.06733563283598,,3844585.802586198,34.16955612231888,1342840.0084526325,19.97111568442904,-1,,,,,,,,unassigned,,,,,,,,,,,,,,,
1629,45,162.1452915003428,162.14512319215677,,1593273.1053637143,26.3013958742639,1211810.9985771663,8.306383908811023,-1,,,,,,,,unassigned,,,,,,,,,,,,,,,
1630,46,162.98256043633845,162.98239127865233,,41164935.89371965,81.84115062012188,1080471.4001771114,211.8180535428109,-1,,,,,,,,unassigned,,,,,,,,,,,,,,,
1631,47,163.06179229970402,163.06162306162932,,5611233.518059863,56.481911218212076,1111304.131281688,29.309217746679202,-1,,,,,,,,unassigned,,,,,,,,,,,,,,,
1632,48,163.29573399174618,163.29556451631512,,3330365.89030671,45.26247179169056,1250162.6950122782,17.21284878441828,-1,,,,,,,,unassigned,,,,,,,,,,,,,,,
1633,49,163.98595521269624,163.9857850369758,,1903169.5097677927,41.35846633575147,1093200.6899759027,9.727628303854734,-1,,,,,,,,unassigned,,,,,,,,,,,,,,,
1634,50,164.57786471992213,164.5776939436657,,1876474.343719422,43.95534705532896,1269953.9268392061,9.790794721412233,-1,,,,,,,,unassigned,,,,,,,,,,,,,,,
1635,51,165.43299543913494,165.43282379529745,,1638500.5000748644,50.47047634703811,1381329.1253734136,8.390605798887687,-1,,,,,,,,unassigned,,,,,,,,,,,,,,,
1636,52,165.7032590818166,165.7030871637836,,2424485.541810302,38.9360665162031,1188009.8562450006,12.564853225812366,-1,,,,,,,,unassigned,,,,,,,,,,,,,,,
1637,53,166.56544912979007,166.56527633703337,,6598595.334028321,25.3597041973539,1316291.5915352574,34.2151428436449,-1,,,,,,,,unassigned,,,,,,,,,,,,,,,
1638,54,166.81629452124463,166.81612147399878,,2126443.4814754664,32.18361204497796,1328671.2060577406,11.054123072562199,-1,,,,,,,,unassigned,,,,,,,,,,,,,,,
1639,55,167.0378816837994,167.0377084117487,,1574014.1615170399,50.854137428305556,1227652.389734415,8.143203996787486,-1,,,,,,,,unassigned,,,,,,,,,,,,,,,
1640,56,167.06474827365528,167.06457497434792,,3198512.5388455736,57.22160708664402,1287067.4826607278,16.581184608843298,-1,,,,,,,,unassigned,,,,,,,,,,,,,,,
1641,57,167.08522983986146,167.08505651977518,,2864868.8319474147,50.31902371800204,1377146.579474599,14.82305265349293,-1,,,,,,,,unassigned,,,,,,,,,,,,,,,
1642,58,168.04348396094977,168.04330966870666,,2374860.6299969014,39.00910153629361,1043303.9756844267,12.37009010501008,-1,,,,,,,,unassigned,,,,,,,,,,,,,,,
1643,59,168.98954303547143,168.98936778346146,,9507093.6039468,71.71836932338333,1009872.9937022879,49.85935892538531,-1,,,,,,,,unassigned,,,,,,,,,,,,,,,
1644,61,169.07580470800875,169.07562936848814,,16324474.4000536,49.61553519965218,1340360.5751356592,84.17977913162603,-1,,,,,,,,unassigned,,,,,,,,,,,,,,,
1645,62,169.07871373431598,169.0785383918442,,2792828.540980101,20.035707872610892,1369166.927367829,14.58091471952252,-1,,,,,,,,unassigned,,,,,,,,,,,,,,,
1646,64,169.3266659382557,169.32649034424244,,7087956.203611989,53.348774566628805,1259772.5413989928,36.615466710829836,-1,,,,,,,,unassigned,,,,,,,,,,,,,,,
1647,65,169.57509895576308,169.57492310972185,,5417562.538865015,66.91432007653748,1240671.3410011414,28.214333175682565,-1,,,,,,,,unassigned,,,,,,,,,,,,,,,
1648,66,169.57752473778083,169.5773488892787,,1895178.2962268542,51.27626355479438,1219342.2585469356,9.864488875229315,-1,,,,,,,,unassigned,,,,,,,,,,,,,,,
1649,67,169.82595866431066,169.82578256378085,,3641034.602097778,28.946704568497733,1272338.7267391635,18.634093179461992,-1,,,,,,,,unassigned,,,,,,,,,,,,,,,
1650,71,171.58318734563224,171.58300946248954,,2407893.221489395,20.029493310454917,1215267.08497552,12.491159071995284,-1,,,,,,,,unassigned,,,,,,,,,,,,,,,
1651,72,172.0667156741816,172.06653730053657,,5288290.785502232,67.8815015141471,1010294.2634306247,27.172087285983842,-1,,,,,,,,unassigned,,,,,,,,,,,,,,,
1652,74,172.10219751572632,172.10201910608788,,5889188.047316691,28.77512156886297,1214660.7882012432,31.20421027340415,-1,,,,,,,,unassigned,,,,,,,,,,,,,,,
1653,75,172.10621546785632,172.106037054142,,1775424.6001488275,43.94956279949188,974220.2157631493,9.15913054583725,-1,,,,,,,,unassigned,,,,,,,,,,,,,,,
1654,77,172.4366873056209,172.4365085566712,,2199094.8198852465,55.70260098679932,1141036.4839072612,11.322580347181566,-1,,,,,,,,unassigned,,,,,,,,,,,,,,,
1655,80,173.32081714388528,173.32063749807244,,2017274.7657423315,22.833629735650277,1232816.185655567,10.43825050137659,-1,,,,,,,,unassigned,,,,,,,,,,,,,,,
1656,81,173.57362342903056,173.5734435267734,,2611314.890919577,13.983072775571268,1384905.0676760722,14.117694324100865,-1,,,,,,,,unassigned,,,,,,,,,,,,,,,
1657,82,173.57381326247915,173.57363336002942,,14369179.294176448,30.419376543579464,1354972.2793638585,74.5784836628863,-1,,,,,,,,unassigned,,,,,,,,,,,,,,,
1658,83,173.5753070688842,173.57512716491917,,10611742.371147722,14.623478954877374,1421821.98402979,54.154675319295194,-1,,,,,,,,unassigned,,,,,,,,,,,,,,,
1659,84,173.57684869234853,173.57666878681968,,13369934.189169357,46.26937476638379,1153928.8662923991,69.23039364301812,-1,,,,,,,,unassigned,,,,,,,,,,,,,,,
1660,85,173.82462878084735,173.82444862397395,,12785029.090167752,72.91237690211052,1255114.1515835077,66.45107127048819,-1,,,,,,,,unassigned,,,,,,,,,,,,,,,
1661,86,173.82616438096363,173.82598422253253,,8085155.13903139,28.64594421627211,1349485.4235463412,41.90039031314053,-1,,,,,,,,unassigned,,,,,,,,,,,,,,,
1662,87,173.82769551029787,173.82751535031363,,4517901.166809611,19.439926179606104,1241179.457711503,23.792683946657686,-1,,,,,,,,unassigned,,,,,,,,,,,,,,,
1663,88,173.83211142903227,173.83193126456857,,2225759.0853618216,26.455340861819106,1267996.1926770778,11.459440918556146,-1,,,,,,,,unassigned,,,,,,,,,,,,,,,
1664,89,174.0637699659643,174.06358956651064,,3937280.373252191,36.36557472253835,1139974.7912364188,20.62383533252319,-1,,,,,,,,unassigned,,,,,,,,,,,,,,,
1665,90,174.07308218326236,174.0729017743626,,7645645.578736105,37.80985452382591,1052721.5129455214,40.13173062153057,-1,,,,,,,,unassigned,,,,,,,,,,,,,,,
1666,91,174.0746007638921,174.07442035345196,,7279849.70399239,20.169325105350236,1340942.762333931,37.62612939174981,-1,,,,,,,,unassigned,,,,,,,,,,,,,,,
1667,92,174.07547638202547,174.07529597069708,,3032242.322899891,14.191887232465273,1352275.1264337644,15.623160609221241,-1,,,,,,,,unassigned,,,,,,,,,,,,,,,
1668,93,174.07614196695437,174.07596155495085,,4504046.076931563,57.638132212475355,1211502.261530354,23.308408078716866,-1,,,,,,,,unassigned,,,,,,,,,,,,,,,
1669,95,174.32392207611494,174.3237414127693,,5707132.950196375,40.042268732238895,1138868.006334008,29.393439636755865,-1,,,,,,,,unassigned,,,,,,,,,,,,,,,
1670,96,174.325455919848,174.32527525494646,,3183881.1385985943,21.306836487930767,1300318.8909221312,16.718045180217878,-1,,,,,,,,unassigned,,,,,,,,,,,,,,,
1671,97,174.3269893442369,174.32680867777987,,1682228.310930321,21.720496241116933,970685.0831000669,8.666958875701743,-1,,,,,,,,unassigned,,,,,,,,,,,,,,,
1672,98,174.57478424699454,174.57460332918168,,1789006.063622665,48.688248577954695,1033087.0345780395,9.217033095264958,-1,,,,,,,,unassigned,,,,,,,,,,,,,,,
1673,99,174.978121503973,174.97794017702927,,1652371.9258074472,39.33272738023279,1167149.7608380106,8.553785710911225,-1,,,,,,,,unassigned,,,,,,,,,,,,,,,
1674,102,175.83103738892228,175.830855196822,,2253278.549254451,11.339490197050806,1249044.3699486544,11.54366280863281,-1,,,,,,,,unassigned,,,,,,,,,,,,,,,
1675,104,176.08114815914485,176.08096571334704,,9886803.331854718,41.92860410984202,1194171.2672764533,51.164798221573605,-1,,,,,,,,unassigned,,,,,,,,,,,,,,,
1676,105,176.08271942744804,176.08253698005646,,4286222.5112118535,19.23053628107413,1279480.9316366406,22.18194029894148,-1,,,,,,,,unassigned,,,,,,,,,,,,,,,
1677,106,176.3320072980152,176.33182459776208,,4190083.230488732,48.00666979171325,1278349.5956939452,21.392360079472752,-1,,,,,,,,unassigned,,,,,,,,,,,,,,,
1678,107,177.0688339582796,177.06865051064426,,3811621.0711244904,60.71949687869541,1158390.153669026,19.876366058092792,-1,,,,,,,,unassigned,,,,,,,,,,,,,,,
1679,108,177.57277874500463,177.57259478621143,,5065699.232567381,61.275240768179245,1250575.5017289128,26.445673484072614,-1,,,,,,,,unassigned,,,,,,,,,,,,,,,
1680,109,177.57437634464299,177.5741923842293,,2405418.9284323794,30.588210549177834,1167776.177284648,12.40693718191862,-1,,,,,,,,unassigned,,,,,,,,,,,,,,,
1681,110,177.8236404929644,177.8234562797207,,1871288.3428590596,37.16984927620687,1252617.0269293245,9.88554434774848,-1,,,,,,,,unassigned,,,,,,,,,,,,,,,
1682,111,178.0720774543114,178.0718929890779,,2191056.90352074,13.76213354550622,1256513.6889304698,11.406802237258232,-1,,,,,,,,unassigned,,,,,,,,,,,,,,,
1683,112,178.10734827170506,178.10716377069645,,2962256.157690093,44.965792014714495,1318291.2543719746,15.244162103876251,-1,,,,,,,,unassigned,,,,,,,,,,,,,,,
1684,114,179.0567000364105,179.05651457248572,,3363179.869142041,38.46577642469972,1180227.7941604515,17.549736344724938,-1,,,,,,,,unassigned,,,,,,,,,,,,,,,
1685,115,180.3289901121056,180.3288033577405,,2834639.905062114,14.127060345617553,1149022.0737243767,14.99676030177605,-1,,,,,,,,unassigned,,,,,,,,,,,,,,,
1686,116,180.84253128129973,180.84234400607656,,1776174.2683841358,77.75573693865158,1068940.4699588493,9.427587820456617,-1,,,,,,,,unassigned,,,,,,,,,,,,,,,
1687,119,181.57179917634892,181.57161116147634,,2158509.7312671435,89.546936782301,951135.6945895836,11.080442413211156,-1,,,,,,,,unassigned,,,,,,,,,,,,,,,
1688,124,184.9127300262231,184.91253862299573,,1807624.658899042,40.21321768377878,1033117.9270913912,9.280199512822456,-1,,,,,,,,unassigned,,,,,,,,,,,,,,,
1689,125,185.0338301318141,185.0336386057718,,2440903.5603230945,58.46652061522358,1083101.9939812224,12.522742280774034,-1,,,,,,,,unassigned,,,,,,,,,,,,,,,
1690,137,190.5187820004655,190.51858491211078,,5050675.569486303,28.10124587096803,1182772.139243596,26.29828517643845,-1,,,,,,,,unassigned,,,,,,,,,,,,,,,
1691,138,190.8532812209478,190.85308379339548,,1992696.3412148783,111.9709976844647,1058647.4806827346,10.385611820078676,-1,,,,,,,,unassigned,,,,,,,,,,,,,,,
1692,140,191.18453405491545,191.18433629145974,,1618281.8849140275,22.97608842502655,1248677.4857844121,8.548521842781433,-1,,,,,,,,unassigned,,,,,,,,,,,,,,,
1693,141,192.7638939220028,192.76369455704432,,1711354.6750108164,36.60599027264675,1166834.5735640698,8.922256479996632,-1,,,,,,,,unassigned,,,,,,,,,,,,,,,
1694,143,193.10025674735004,193.1000570413193,,2357641.6736747758,45.67214428641374,1026112.7187575327,12.343770764361121,-1,,,,,,,,unassigned,,,,,,,,,,,,,,,
1695,145,193.72616480309694,193.72596446240078,,1950640.8741545232,86.73227374663284,1138744.2677740443,9.98555784221452,-1,,,,,,,,unassigned,,,,,,,,,,,,,,,
1696,150,195.7942244209254,195.79402198329026,,2293290.1858031526,41.38138916815019,1159132.4994645843,12.048994149092797,-1,,,,,,,,unassigned,,,,,,,,,,,,,,,
1697,152,196.03838860601067,196.0381859208074,,1623362.9069375542,54.68445911464586,1006088.0170439538,8.398501601082375,-1,,,,,,,,unassigned,,,,,,,,,,,,,,,
1698,156,198.05407271473172,198.05386798578854,,4505256.228242098,61.56997636802601,922676.132421851,23.63476790276394,-1,,,,,,,,unassigned,,,,,,,,,,,,,,,
1699,157,198.15824895112166,198.15804411655444,,2247616.280013026,49.13562190794688,1002445.6310304337,11.591037621800934,-1,,,,,,,,unassigned,,,,,,,,,,,,,,,
1700,158,198.37103376965098,198.37082871934243,,2704377.5085483612,32.38857789055602,925179.5963968503,13.970306016466703,-1,,,,,,,,unassigned,,,,,,,,,,,,,,,
1701,163,199.43316614578225,199.43296001859719,,2994081.932299209,69.13867769791403,941500.5102549341,15.5863135323127,-1,,,,,,,,unassigned,,,,,,,,,,,,,,,
1702,164,199.8633037128062,199.86309714951898,,12687221.143845418,52.29036780855104,1075857.6976752083,66.09312823766237,-1,,,,,,,,unassigned,,,,,,,,,,,,,,,
1703,165,200.05113300027554,200.0509262465556,,1695940.9421692041,38.70570754603485,1042635.2226922922,8.856458128374237,-1,,,,,,,,unassigned,,,,,,,,,,,,,,,
1704,169,200.19777298954023,200.19756608714832,,5349882.886702842,67.93791673334057,1069067.0665123933,27.866917879116325,-1,,,,,,,,unassigned,,,,,,,,,,,,,,,
1705,170,200.52904639867762,200.52883916042336,,4246008.568149993,50.07891801196864,1073396.3460705196,21.834525002375237,-1,,,,,,,,unassigned,,,,,,,,,,,,,,,
1706,171,200.5322652272744,200.5320579857567,,1591904.5072344746,62.59576879471501,969107.0691115905,8.282696502226962,-1,,,,,,,,unassigned,,,,,,,,,,,,,,,
1707,172,200.86352101456544,200.8633134372055,,1627579.989732246,48.142063117599584,1047117.4834049048,8.498515095548415,-1,,,,,,,,unassigned,,,,,,,,,,,,,,,
1708,173,200.98943082769298,200.98922312268053,,4072972.660342101,62.52827861999866,971053.7212322858,21.15022214550234,-1,,,,,,,,unassigned,,,,,,,,,,,,,,,
1709,174,201.01776020679887,201.01755247306494,,14167724.121796628,53.6060068544179,954752.1878253655,75.33648067357628,-1,,,,,,,,unassigned,,,,,,,,,,,,,,,
1710,178,201.1263186866324,201.12611084283773,,2334071.17392351,48.81910787392169,978638.4043016295,12.017410940314047,-1,,,,,,,,unassigned,,,,,,,,,,,,,,,
1711,181,202.11680658501058,202.1165977370323,,1876341.3356383056,53.47208817904712,1007750.875012472,9.701308963205777,-1,,,,,,,,unassigned,,,,,,,,,,,,,,,
1712,182,202.94160727565745,202.94139759148874,,2595566.604310205,72.02192261902539,1060034.7494097797,13.643946192419628,-1,,,,,,,,unassigned,,,,,,,,,,,,,,,
1713,183,203.03388425788734,203.03367448016823,,2905024.4375891523,40.792836557239944,894835.3709122434,14.923066147958968,-1,,,,,,,,unassigned,,,,,,,,,,,,,,,
1714,188,204.97625898370683,204.97604723684788,,1699811.6995876043,63.8019960411509,911724.3550567571,8.861721996504029,-1,,,,,,,,unassigned,,,,,,,,,,,,,,,
1715,192,206.13550966219785,206.1352967401502,,3354535.6709561776,52.13826556258562,977263.290995968,17.233904256937446,-1,,,,,,,,unassigned,,,,,,,,,,,,,,,
1716,194,207.07954946693064,207.0793355878839,,2147650.5089777373,49.5387269341258,893017.9712069774,11.096234017600532,-1,,,,,,,,unassigned,,,,,,,,,,,,,,,
1717,197,208.14260661484275,208.142391658167,,1942920.0705611124,28.8645778908111,977629.2393478296,9.975030105954936,-1,,,,,,,,unassigned,,,,,,,,,,,,,,,
1718,198,208.76325952420052,208.76304393837478,,3100798.80051244,73.10268298723962,1039291.6159442556,16.23903318040685,-1,,,,,,,,unassigned,,,,,,,,,,,,,,,
1719,199,208.8454638442369,208.84524817508196,,3211851.3312747474,52.10088789614463,957802.3604897718,16.539073663804967,-1,,,,,,,,unassigned,,,,,,,,,,,,,,,
1720,200,208.93481915012987,208.9346033903971,,6221467.592965029,69.28261590406832,913248.8554144887,32.36226126195829,-1,,,,,,,,unassigned,,,,,,,,,,,,,,,
1721,201,208.97398695278898,208.97377115335254,,1986316.4263984156,31.70783667322102,1015147.3518793241,10.338237006910552,-1,,,,,,,,unassigned,,,,,,,,,,,,,,,
1722,203,209.0672923691607,209.0670764751425,,2361770.577827666,28.736570710036915,989537.6841046273,12.449048126956953,-1,,,,,,,,unassigned,,,,,,,,,,,,,,,
1723,209,210.0950166271335,210.0947996913441,,1882856.5827554178,47.06731757153547,1153680.8283111772,9.84869727083994,-1,,,,,,,,unassigned,,,,,,,,,,,,,,,
1724,211,210.8425292065958,210.84231151309,,3563580.693484267,72.38147439201649,943308.6148008266,18.691995728889697,-1,,,,,,,,unassigned,,,,,,,,,,,,,,,
1725,212,210.93185266657704,210.93163488252927,,1817234.751541006,33.75398664217756,782879.6325224069,9.311782721601205,-1,,,,,,,,unassigned,,,,,,,,,,,,,,,
1726,213,211.04657378498104,211.04635588464737,,5695158.8033341775,115.94968411881999,969951.8183507379,29.309217746679202,-1,,,,,,,,unassigned,,,,,,,,,,,,,,,
1727,218,212.77175732405868,212.77153767504188,,5050138.136950614,69.85745917659848,1036577.626899835,26.108785923765954,-1,,,,,,,,unassigned,,,,,,,,,,,,,,,
1728,219,212.83958788638225,212.83936816861217,,1960761.5929579681,24.173436532231943,952245.7773570612,10.311917666261595,-1,,,,,,,,unassigned,,,,,,,,,,,,,,,
1729,220,212.87757128468908,212.87735152841893,,4747101.477180033,78.98456490300416,965045.5870214844,25.18234513292265,-1,,,,,,,,unassigned,,,,,,,,,,,,,,,
1730,221,212.97942121910788,212.9792013596025,,50417855.41434822,75.93293247882525,926564.364467218,264.2882910605728,-1,,,,,,,,unassigned,,,,,,,,,,,,,,,
1731,226,213.43823487461358,213.43801455005678,,3535224.2183144474,45.69782500227915,1044474.5594567372,18.502496476217203,-1,,,,,,,,unassigned,,,,,,,,,,,,,,,
1732,227,213.44370770671011,213.44348737660607,,3945159.6925648768,54.84854536616058,955816.6210370453,20.62383533252319,-1,,,,,,,,unassigned,,,,,,,,,,,,,,,
1733,228,213.9827913966512,213.9825705201398,,1726553.693671106,44.5240576293206,987797.7516241557,8.98542289755413,-1,,,,,,,,unassigned,,,,,,,,,,,,,,,
1734,231,214.76062520575474,214.7604035408526,,1852091.1871901832,63.67053852824152,1017338.646909243,9.875016611488897,-1,,,,,,,,unassigned,,,,,,,,,,,,,,,
1735,232,214.87462400458196,214.8744022241348,,2620145.9006681712,31.076896866007335,936164.1543154818,13.622890719900463,-1,,,,,,,,unassigned,,,,,,,,,,,,,,,
1736,233,215.00511201594333,215.00489010323864,,4857286.98681753,50.857049021519906,892016.7849610618,25.466594011931388,-1,,,,,,,,unassigned,,,,,,,,,,,,,,,
1737,235,215.082274583948,215.0820525930345,,4166019.8503991254,63.65640510070197,892203.462263673,21.29234658500671,-1,,,,,,,,unassigned,,,,,,,,,,,,,,,
1738,239,216.0923987392653,216.09217572454253,,35127738.84291786,84.04448712584049,1004789.3300557246,186.2988208495816,-1,,,,,,,,unassigned,,,,,,,,,,,,,,,
1739,240,216.42687447694132,216.42665112321586,,8079770.62415719,76.08087682564363,965104.3539348147,41.458225390238034,-1,,,,,,,,unassigned,,,,,,,,,,,,,,,
1740,241,216.75814077195153,216.75791708247849,,10858257.071717769,70.23767169469231,1065840.9736126054,55.94439048342431,-1,,,,,,,,unassigned,,,,,,,,,,,,,,,
1741,242,216.90966665091844,216.90944280787042,,3122395.9619533913,112.05733701736662,932280.173912134,16.20218610349831,-1,,,,,,,,unassigned,,,,,,,,,,,,,,,
1742,245,217.09260479472908,217.09238076626966,,2354996.994646578,31.403486332341416,1022064.162127471,12.333243028101538,-1,,,,,,,,unassigned,,,,,,,,,,,,,,,
1743,248,218.1105200148938,218.11029495476956,,1832207.716132774,63.671194167338214,924219.3307950989,9.41969201826193,-1,,,,,,,,unassigned,,,,,,,,,,,,,,,
1744,249,218.98639440149296,218.98616845367988,,17971282.240169514,58.6737720966383,927370.0929637724,92.55985719425415,-1,,,,,,,,unassigned,,,,,,,,,,,,,,,
1745,251,219.43564056715417,219.43541416404113,,3875352.864994387,58.41090217086648,989602.7804354087,19.855310585573626,-1,,,,,,,,unassigned,,,,,,,,,,,,,,,
1746,252,219.4395997873267,219.43937338020112,,14853105.535132254,92.38680057115886,1013461.2213579069,76.85247469495624,-1,,,,,,,,unassigned,,,,,,,,,,,,,,,
1747,253,219.44108884518255,219.44086243654786,,6560724.819528512,90.71640825523748,974992.0869925389,33.64664508562742,-1,,,,,,,,unassigned,,,,,,,,,,,,,,,
1748,254,219.77407841093734,219.77385166482853,,4034249.1871819375,100.4864585211898,993119.4985687153,21.171277618021506,-1,,,,,,,,unassigned,,,,,,,,,,,,,,,
1749,255,220.10533658158602,220.10510949976003,,4812317.624812602,73.41004032009289,1017631.6390048267,24.803346627577657,-1,,,,,,,,unassigned,,,,,,,,,,,,,,,
1750,256,220.14710717695556,220.14688005279683,,2596770.5635637287,51.24538280874151,901801.3395989934,13.633418456160046,-1,,,,,,,,unassigned,,,,,,,,,,,,,,,
1751,260,222.0897966796535,222.08956758670075,,82305281.83052975,117.6583044709537,976388.6115837765,437.2800532780414,-1,,,,,,,,unassigned,,,,,,,,,,,,,,,
1752,262,222.42426995007878,222.42404051816595,,20309374.47553489,93.63356671207941,985375.4354313952,106.66702378209543,-1,,,,,,,,unassigned,,,,,,,,,,,,,,,
1753,263,222.75554112457252,222.7553113569469,,28280958.427293967,71.39925281747828,978778.6911298241,145.70386983262935,-1,,,,,,,,unassigned,,,,,,,,,,,,,,,
1754,264,222.75876752569602,222.75853775480073,,3126164.193504727,48.30997121710427,1015673.4923358127,16.286407993574972,-1,,,,,,,,unassigned,,,,,,,,,,,,,,,
1755,265,222.78284326585728,222.78261347056358,,21359339.45670003,68.89727453139574,989500.6154236577,110.79389639585197,-1,,,,,,,,unassigned,,,,,,,,,,,,,,,
1756,266,222.95047768016286,222.95024771498802,,5802056.906413926,66.95279809813562,843131.7296853403,29.930354185994602,-1,,,,,,,,unassigned,,,,,,,,,,,,,,,
1757,267,223.02858581015496,223.02835576582535,,36180740.64528766,97.92120547900994,892820.5558008646,191.3942451992198,-1,,,,,,,,unassigned,,,,,,,,,,,,,,,
1758,268,223.0744682878467,223.07423819701987,,2377684.7089184304,143.98049965606015,901855.0166559594,12.243757269895083,-1,,,,,,,,unassigned,,,,,,,,,,,,,,,
1759,269,223.09001540238833,223.08978529580608,,6550438.617423461,62.77376644539923,985163.5501003903,34.12039321730865,-1,,,,,,,,unassigned,,,,,,,,,,,,,,,
1760,271,223.11730951822287,223.1170793839808,,5520120.085106655,56.32210016943526,968519.5210981327,28.88810829629588,-1,,,,,,,,unassigned,,,,,,,,,,,,,,,
1761,274,223.7661410803745,223.76591028861247,,1980198.3970537058,54.954384603417196,929655.8831518841,10.201376435535972,-1,,,,,,,,unassigned,,,,,,,,,,,,,,,
1762,275,224.02814626794202,224.02791521066874,,6231809.753892099,40.118598938954754,908669.8777886352,32.193817481804956,-1,,,,,,,,unassigned,,,,,,,,,,,,,,,
1763,276,224.0319390790567,224.03170801793988,,2234572.663025155,86.39141140947046,813608.8600053506,11.638412434969057,-1,,,,,,,,unassigned,,,,,,,,,,,,,,,
1764,277,224.1012546069511,224.1010234755914,,2832364.862729823,51.22433477097452,974568.4770187172,14.938857752348342,-1,,,,,,,,unassigned,,,,,,,,,,,,,,,
1765,279,224.76505700424542,224.76482520020764,,2182910.8081602845,73.94040297853854,874242.5222525396,11.248886193364486,-1,,,,,,,,unassigned,,,,,,,,,,,,,,,
1766,280,224.9475539098132,224.94732192083987,,2487133.8559983745,93.24873918285563,792508.1317950301,12.849102104821108,-1,,,,,,,,unassigned,,,,,,,,,,,,,,,
1767,281,224.98724210451908,224.9870100753273,,1647581.3988166964,55.579458829868024,825634.380146968,8.45114028238029,-1,,,,,,,,unassigned,,,,,,,,,,,,,,,
1768,282,225.00788196311453,225.00764991300716,,2242324.89283764,53.97089442567367,861564.3051016756,11.609461160255204,-1,,,,,,,,unassigned,,,,,,,,,,,,,,,
1769,283,225.02541153372164,225.0251794658505,,4604915.55629876,104.27064961721754,860154.4626552651,23.70846205658102,-1,,,,,,,,unassigned,,,,,,,,,,,,,,,
1770,285,225.09952955573354,225.0992974127543,,2284953.8176944163,68.89020320578759,962979.2436213758,12.022674808443838,-1,,,,,,,,unassigned,,,,,,,,,,,,,,,
1771,289,225.43303608891037,225.4328036079708,,9516675.67185307,134.58640524611585,951767.0884576493,49.501415892559486,-1,,,,,,,,unassigned,,,,,,,,,,,,,,,
1772,290,225.4370247424499,225.43679225746845,,327758138.1267265,109.90083626116301,981605.0185358663,1695.2182034631005,-1,,,,,,,,unassigned,,,,,,,,,,,,,,,
1773,291,225.7675158191432,225.76728299925938,,2277681.892372862,53.651880734251165,947680.2788710197,11.764745270084054,-1,,,,,,,,unassigned,,,,,,,,,,,,,,,
1774,292,225.76934449856674,225.76911167682985,,1585709.5832136138,121.01869408511644,869105.3008114714,8.174787205566236,-1,,,,,,,,unassigned,,,,,,,,,,,,,,,
1775,293,225.77149365354884,225.77126082963412,,86605744.02616102,32.916525398335864,978635.558182398,445.8706860658612,-1,,,,,,,,unassigned,,,,,,,,,,,,,,,
1776,294,226.1027485303575,226.10251537076866,,85267757.1360605,51.56882555951337,994507.4248814472,436.94316571773476,-1,,,,,,,,unassigned,,,,,,,,,,,,,,,
1777,295,226.10596461103037,226.10573144818255,,10521610.74539873,117.44132060156093,973497.9972661133,54.63895118723601,-1,,,,,,,,unassigned,,,,,,,,,,,,,,,
1778,297,226.3168902154047,226.3166568388185,,2148532.558368725,77.62824329188894,797403.456267312,11.00938019345897,-1,,,,,,,,unassigned,,,,,,,,,,,,,,,
1779,298,226.43723777224517,226.43700427370692,,27393454.251882628,84.7136171108053,974928.4057755675,141.36644249368115,-1,,,,,,,,unassigned,,,,,,,,,,,,,,,
1780,299,226.74999186356644,226.74975804810578,,2447418.597728489,77.21036881904386,901292.7356491458,12.617491907110281,-1,,,,,,,,unassigned,,,,,,,,,,,,,,,
1781,300,226.77171576753574,226.7714819300617,,3684601.556756213,35.90733650602756,1003484.4728925001,19.002563948547397,-1,,,,,,,,unassigned,,,,,,,,,,,,,,,
1782,305,227.4219206439043,227.4216861475661,,6673862.364645188,50.154423409171244,984099.6894343323,34.84680701921988,-1,,,,,,,,unassigned,,,,,,,,,,,,,,,
1783,306,227.75638545593253,227.7561506206785,,2153572.176795022,35.079385752627175,933073.5082784925,11.36995516034969,-1,,,,,,,,unassigned,,,,,,,,,,,,,,,
1784,307,228.0876477980811,228.08741262715853,,2096287.872819477,43.87732935250309,997108.4435000208,10.811985138591789,-1,,,,,,,,unassigned,,,,,,,,,,,,,,,
1785,313,228.7802511677892,228.78001529505792,,28328958.47966332,108.04556712212488,949737.2610889071,150.63085040211422,-1,,,,,,,,unassigned,,,,,,,,,,,,,,,
1786,314,229.02515069980822,229.02491457892472,,2135848.9861354074,48.64787575753669,736161.9251457402,11.3015248746624,-1,,,,,,,,unassigned,,,,,,,,,,,,,,,
1787,317,229.1147320109168,229.11449579926253,,7942255.669497883,25.629000631757016,986332.8333407467,40.82656121466305,-1,,,,,,,,unassigned,,,,,,,,,,,,,,,
1788,320,229.40020621233086,229.3999697114128,,1566042.282610882,58.09610669631298,1023304.2881292828,8.143203996787486,-1,,,,,,,,unassigned,,,,,,,,,,,,,,,
1789,321,230.09720007586827,230.09696286871096,,3165874.2000979627,69.56562455044717,933007.5210669343,16.249560916666432,-1,,,,,,,,unassigned,,,,,,,,,,,,,,,
1790,323,230.14811992034097,230.14788266158877,,2019934.0679393737,96.37511099346405,947910.125277243,10.406667292597842,-1,,,,,,,,unassigned,,,,,,,,,,,,,,,
1791,325,230.52634483465158,230.5261071926619,,12685909.005734302,252.71831882376136,931069.0958242852,65.54568595216405,-1,,,,,,,,unassigned,,,,,,,,,,,,,,,
1792,326,230.762485815346,230.7622479340872,,1560102.8804424962,115.7910989821389,804117.8199763367,7.98528795289374,-1,,,,,,,,unassigned,,,,,,,,,,,,,,,
1793,327,230.762946660865,230.76270877913925,,1601233.3157147095,61.400044294566,898145.4219736309,8.29585617255144,-1,,,,,,,,unassigned,,,,,,,,,,,,,,,
1794,328,230.76913568718498,230.76889779918824,,4041927.2150266753,15.396104853384376,917786.5177581287,20.97651449721922,-1,,,,,,,,unassigned,,,,,,,,,,,,,,,
1795,329,230.85892446602978,230.85868648705514,,1945634.678678864,55.353991404308275,743084.5351543977,10.185584831146597,-1,,,,,,,,unassigned,,,,,,,,,,,,,,,
1796,330,230.98641829735405,230.9861801891974,,2753445.6502734344,49.19364155609769,911106.4263017545,14.48090122505648,-1,,,,,,,,unassigned,,,,,,,,,,,,,,,
1797,331,231.02221002600123,231.02197188157902,,1577795.9517594555,102.34096406321592,881929.6964572807,8.34586291978446,-1,,,,,,,,unassigned,,,,,,,,,,,,,,,
1798,334,231.0969303624716,231.09669214233986,,2027876.886067249,89.25348875999548,952180.721881622,10.627749754049086,-1,,,,,,,,unassigned,,,,,,,,,,,,,,,
1799,337,231.1882292480997,231.18799093546056,,1809978.5635727942,51.25049011637116,938544.5935533384,9.46969876549495,-1,,,,,,,,unassigned,,,,,,,,,,,,,,,
1800,338,231.43446696913858,231.43422840700313,,1156188590.041656,124.96373185391016,914119.8773408859,5961.562267186611,-1,,,,,,,,unassigned,,,,,,,,,,,,,,,
1801,339,231.54585809560152,231.54561942060124,,2326925.6653640824,65.23752514216802,835020.9916509549,12.204278258921647,-1,,,,,,,,unassigned,,,,,,,,,,,,,,,
1802,340,231.6559918689218,231.65575308233096,,2233728.8344640876,79.77946966169043,842788.9708080711,11.47523252294552,-1,,,,,,,,unassigned,,,,,,,,,,,,,,,
1803,341,231.76681377723256,231.76657487835413,,4544212.8763635345,151.50080896860902,945045.0888837681,23.87690583673435,-1,,,,,,,,unassigned,,,,,,,,,,,,,,,
1804,342,231.7689302411236,231.76869134010073,,406262616.92920583,72.4978788531704,951110.073665453,2096.114400228023,-1,,,,,,,,unassigned,,,,,,,,,,,,,,,
1805,343,231.7698814551043,231.76964255311762,,6827979.2096945625,46.95299187656946,1024764.763347562,35.20475005204571,-1,,,,,,,,unassigned,,,,,,,,,,,,,,,
1806,344,232.02410430449413,232.02386514492335,,2247018.790576069,91.38474339738093,771135.0949444385,11.585773753671143,-1,,,,,,,,unassigned,,,,,,,,,,,,,,,
1807,346,232.10018587522407,232.09994663856602,,414794617.3501999,43.1303965745912,953113.5275963946,2145.973759153408,-1,,,,,,,,unassigned,,,,,,,,,,,,,,,
1808,347,232.10124207180067,232.1010028340725,,1773177.7876212776,81.26615108215407,1103742.1843864343,9.132811205188293,-1,,,,,,,,unassigned,,,,,,,,,,,,,,,
1809,348,232.10256539353395,232.10232615446495,,4183381.3334322,29.72668015478595,957369.2425473859,21.508165178328163,-1,,,,,,,,unassigned,,,,,,,,,,,,,,,
1810,349,232.10338903794784,232.10314979804429,,48836232.93628105,104.53284705320792,960388.4879232424,251.7392294391498,-1,,,,,,,,unassigned,,,,,,,,,,,,,,,
1811,351,232.43465538332913,232.4344158077818,,116864196.13671353,30.958941146340976,953423.1294847,602.8602891687635,-1,,,,,,,,unassigned,,,,,,,,,,,,,,,
1812,352,232.43788154416106,232.43764196534497,,4134317.7268513213,42.976117807262625,908052.1983819206,21.097583464204426,-1,,,,,,,,unassigned,,,,,,,,,,,,,,,
1813,353,232.68612068750042,232.6858808571663,,3169920.774968358,58.82321591934855,871686.9175603321,16.33904667487289,-1,,,,,,,,unassigned,,,,,,,,,,,,,,,
1814,354,232.75406838408742,232.75382848490835,,2506121.2526972624,49.620866970881,869469.6562725415,13.328114104632137,-1,,,,,,,,unassigned,,,,,,,,,,,,,,,
1815,355,232.76832835856735,232.76808844494,,1682193.3861526414,843.0931230958018,1043427.9101968025,8.701174018545387,-1,,,,,,,,unassigned,,,,,,,,,,,,,,,
1816,356,232.76914154364067,232.7689016291894,,17433328.175245013,93.0417775544146,915407.9911145973,91.780804711045,-1,,,,,,,,unassigned,,,,,,,,,,,,,,,
1817,357,233.01934820954173,233.0191080415806,,2321799.4160454962,55.21934723554228,978324.6602514922,12.201646324856751,-1,,,,,,,,unassigned,,,,,,,,,,,,,,,
1818,358,233.02366113891142,233.02342096658046,,1621406.9693855827,49.787359355157704,851870.3887227507,8.348494853849356,-1,,,,,,,,unassigned,,,,,,,,,,,,,,,
1819,361,234.11238981427124,234.11214853885312,,1979477.6763556928,93.51333534257877,805094.4199376751,10.251383182768992,-1,,,,,,,,unassigned,,,,,,,,,,,,,,,
1820,362,234.4441692630167,234.44392765144823,,23728831.26434558,136.57079679173592,933540.7473996693,126.45916795011155,-1,,,,,,,,unassigned,,,,,,,,,,,,,,,
1821,363,234.7761841875057,234.7759422395505,,2060433.232047732,59.15275290398038,738674.3733141152,10.640909424373564,-1,,,,,,,,unassigned,,,,,,,,,,,,,,,
1822,364,234.77768404630424,234.77744209682945,,119883276.51030427,186.22463011763057,929357.7467247823,622.2313238863964,-1,,,,,,,,unassigned,,,,,,,,,,,,,,,
1823,365,234.77864575330736,234.77840380285818,,6994152.17622913,69.10203628999913,921982.0592200486,37.28924183144315,-1,,,,,,,,unassigned,,,,,,,,,,,,,,,
1824,366,234.8595368239476,234.85929479154257,,7379592.632559354,44.74678336226784,845911.8975641186,38.76312490778478,-1,,,,,,,,unassigned,,,,,,,,,,,,,,,
1825,367,235.11216603737788,235.11192374901904,,37522854.71652701,113.2330172169545,936324.9524176655,194.21567851678805,-1,,,,,,,,unassigned,,,,,,,,,,,,,,,
1826,369,235.14728026970286,235.1470379457678,,1593710.7012798036,27.62793728281788,1075379.7019992697,8.232689754993942,-1,,,,,,,,unassigned,,,,,,,,,,,,,,,
1827,371,235.4466364100472,235.44639378281835,,4767443.96492388,82.52869013489352,977335.286921061,24.57173642986683,-1,,,,,,,,unassigned,,,,,,,,,,,,,,,
1828,372,236.09462519296395,236.09438190922899,,25549453.830167092,62.784582081941025,920091.6159186262,133.1969191562447,-1,,,,,,,,unassigned,,,,,,,,,,,,,,,
1829,373,236.10565551354176,236.10541221863153,,32566676.03342884,104.78567775711953,861566.7728630435,168.1490035380604,-1,,,,,,,,unassigned,,,,,,,,,,,,,,,
1830,374,236.17398311896008,236.17373975482465,,1557034.5125008516,64.96626760711679,835689.2328848905,8.093197249554468,-1,,,,,,,,unassigned,,,,,,,,,,,,,,,
1831,375,236.4291101062088,236.42886648359564,,7771757.796758705,56.132373408647574,936937.013195045,40.04750873145391,-1,,,,,,,,unassigned,,,,,,,,,,,,,,,
1832,376,236.7603723122608,236.7601283540367,,7944137.904048246,60.60911980463436,915472.093748777,40.82656121466305,-1,,,,,,,,unassigned,,,,,,,,,,,,,,,
1833,377,236.76657051757087,236.7663265530672,,61964545.995568246,59.965599566216454,919936.3579101476,329.6444777600644,-1,,,,,,,,unassigned,,,,,,,,,,,,,,,
1834,378,236.8565857388655,236.8563416831653,,4511948.985561841,56.359156340902786,896192.2662091705,23.208394584250826,-1,,,,,,,,unassigned,,,,,,,,,,,,,,,
1835,379,236.96615347467412,236.9659093079685,,13236321.060091946,37.56511043394464,851820.9722186454,70.00944612622726,-1,,,,,,,,unassigned,,,,,,,,,,,,,,,
1836,381,237.0806427075081,237.08039842481125,,2603349.4743161215,53.68615275414599,912770.7238158444,13.54393269795359,-1,,,,,,,,unassigned,,,,,,,,,,,,,,,
1837,382,237.09012554887292,237.08988125656884,,1960328.3436049938,51.74156174133731,929619.6701402083,10.398771490403155,-1,,,,,,,,unassigned,,,,,,,,,,,,,,,
1838,383,237.0948534766746,237.09460917958054,,2040835.5302227982,57.011967786124785,890459.2387770675,10.630381688113982,-1,,,,,,,,unassigned,,,,,,,,,,,,,,,
1839,384,237.10104943590468,237.1008051325334,,17651808.595545743,70.40878681850492,937286.3640188881,92.39141341410081,-1,,,,,,,,unassigned,,,,,,,,,,,,,,,
1840,385,237.10899793073764,237.1087536193136,,4712267.928179062,40.09978598779607,868487.1889056972,24.32959849589642,-1,,,,,,,,unassigned,,,,,,,,,,,,,,,
1841,389,237.43232372438405,237.43207908539404,,21432347.921032466,59.93557760857096,919741.6149187866,112.47833419738527,-1,,,,,,,,unassigned,,,,,,,,,,,,,,,
1842,390,237.43554241530958,237.4352977730587,,2836400.026517041,56.55282875261442,943655.2705746979,14.680928213988558,-1,,,,,,,,unassigned,,,,,,,,,,,,,,,
1843,391,237.7667921891519,237.7665472113093,,6352291.15168779,40.521895345544436,924046.1116244475,32.75178750356286,-1,,,,,,,,unassigned,,,,,,,,,,,,,,,
1844,392,237.96573375547692,237.9654885760862,,1571787.906490221,71.444238050208,943073.3736222213,8.074773711100196,-1,,,,,,,,unassigned,,,,,,,,,,,,,,,
1845,394,238.89159437159628,238.8913482542244,,3787113.106043158,113.37106764664986,816072.4491370218,19.581589442824466,-1,,,,,,,,unassigned,,,,,,,,,,,,,,,
1846,395,238.96320616650095,238.9629599765805,,4120586.05774405,37.68812407351024,873623.6213275237,21.77662245294753,-1,,,,,,,,unassigned,,,,,,,,,,,,,,,
1847,396,239.05990409005685,239.0596578021737,,78032751.3572876,157.0929241918323,861349.3884306496,403.0859659069157,-1,,,,,,,,unassigned,,,,,,,,,,,,,,,
1848,401,239.44999523350938,239.4497485504348,,3632922.802366169,30.86942385080269,879385.6210979372,19.28154895942635,-1,,,,,,,,unassigned,,,,,,,,,,,,,,,
1849,402,239.78449985711734,239.78425283516708,,1860236.6753791904,47.764098603429844,867144.3667649966,9.688149292881299,-1,,,,,,,,unassigned,,,,,,,,,,,,,,,
1850,403,240.05948067366063,240.05923337313797,,13358482.475373102,84.37820906487777,868438.0147727237,69.44094836820977,-1,,,,,,,,unassigned,,,,,,,,,,,,,,,
1851,404,240.06327216341924,240.0630248590556,,5346534.3353405055,52.92098803364592,897358.5530628932,27.835334670337573,-1,,,,,,,,unassigned,,,,,,,,,,,,,,,
1852,405,240.10983656933735,240.10958921780124,,7284132.21155408,30.132737834032028,949152.035469644,37.56296297419231,-1,,,,,,,,unassigned,,,,,,,,,,,,,,,
1853,408,240.4416103107728,240.44136262313194,,30238357.661683466,116.1072480399665,904922.6329249564,160.48481154108396,-1,,,,,,,,unassigned,,,,,,,,,,,,,,,
1854,409,240.4443165803018,240.44406888991932,,1935527.1832170652,105.80490155658507,716933.2189470178,10.009245248798582,-1,,,,,,,,unassigned,,,,,,,,,,,,,,,
1855,410,240.75482053571793,240.75457253078014,,1592965.216637266,53.33662670341864,806295.6674569512,8.25374522751311,-1,,,,,,,,unassigned,,,,,,,,,,,,,,,
1856,411,240.7760900807562,240.7758420542714,,8540055.79997875,47.99988729676713,928051.0166683345,44.26913097154671,-1,,,,,,,,unassigned,,,,,,,,,,,,,,,
1857,412,240.77908209757723,240.7788340680614,,6711923.024191152,117.88696136080607,936856.6290948886,35.04683400815196,-1,,,,,,,,unassigned,,,,,,,,,,,,,,,
1858,413,241.03918161680505,241.03893332379764,,2990097.7070412915,117.49969172352138,831129.6640969805,15.459980697197704,-1,,,,,,,,unassigned,,,,,,,,,,,,,,,
1859,414,241.05675265802404,241.05650434721647,,6972781.33260197,140.10503797644031,830886.6087990392,37.036576161213155,-1,,,,,,,,unassigned,,,,,,,,,,,,,,,
1860,417,241.11359192132875,241.11334355294085,,2580001.673953881,64.50590115975771,734545.7378928389,13.509717555109944,-1,,,,,,,,unassigned,,,,,,,,,,,,,,,
1861,418,241.13669267166065,241.13644427987086,,2712066.811812542,71.21538866235763,798223.3188894526,14.144013664749822,-1,,,,,,,,unassigned,,,,,,,,,,,,,,,
1862,422,241.42679356967838,241.4265448840065,,4438468.88717795,76.7601498147087,858615.800743813,23.582129221466023,-1,,,,,,,,unassigned,,,,,,,,,,,,,,,
1863,423,241.4448612823814,241.44461257840632,,2223845.298247108,109.80707436918976,935961.8605798797,11.391010632868856,-1,,,,,,,,unassigned,,,,,,,,,,,,,,,
1864,424,242.09251480437666,242.09226544431286,,1780955.2017326308,117.9962139383824,878167.6862139406,9.185449886486207,-1,,,,,,,,unassigned,,,,,,,,,,,,,,,
1865,425,242.09872368011006,242.09847431375653,,18536964.505162038,86.72997131365044,898114.3260274351,97.57105965381568,-1,,,,,,,,unassigned,,,,,,,,,,,,,,,
1866,430,242.433219828903,242.43297012370007,,5992891.689370454,72.76872865272607,906220.3379326527,30.88837818561666,-1,,,,,,,,unassigned,,,,,,,,,,,,,,,
1867,431,242.76448797954643,242.76423793876634,,7009377.433302694,104.92392267664407,889904.2819037251,36.05749668907193,-1,,,,,,,,unassigned,,,,,,,,,,,,,,,
1868,435,243.17978587265858,243.17953541118163,,2257303.80547048,45.005094469888974,950339.0076039191,11.659467907488224,-1,,,,,,,,unassigned,,,,,,,,,,,,,,,
1869,437,243.45705978142178,243.4568090390682,,8598427.902910167,75.69354689930638,901851.0271863762,44.81657325704503,-1,,,,,,,,unassigned,,,,,,,,,,,,,,,
1870,438,243.7915667781032,243.79131569689832,,3578144.2182666776,59.01887077595666,855525.537025926,18.502496476217203,-1,,,,,,,,unassigned,,,,,,,,,,,,,,,
1871,440,244.98566479305077,244.98541250225816,,1599646.2644474786,98.89676281399224,753734.1608438103,8.403765469212166,-1,,,,,,,,unassigned,,,,,,,,,,,,,,,
1872,445,245.44197685679904,245.44172410378266,,2330479.0472343434,48.97402017103505,889510.8517417165,12.085841226001337,-1,,,,,,,,unassigned,,,,,,,,,,,,,,,
1873,446,245.77377458240485,245.7735214932948,,2883951.944379751,58.99381389745539,854403.0207561598,15.012551906165424,-1,,,,,,,,unassigned,,,,,,,,,,,,,,,
1874,448,246.1066806173133,246.1064271909891,,1705676.9093840441,55.73192155597203,1013479.4904840144,8.932784216256215,-1,,,,,,,,unassigned,,,,,,,,,,,,,,,
1875,449,246.94060575476828,246.94035148373698,,1686520.4487534564,42.776085348219695,887908.0364662247,8.67485467789643,-1,,,,,,,,unassigned,,,,,,,,,,,,,,,
1876,450,246.9949570649487,246.99470273886382,,1677125.2647063215,142.2083760623267,715825.7828753307,8.756444633908199,-1,,,,,,,,unassigned,,,,,,,,,,,,,,,
1877,453,247.11090464307995,247.11065019954964,,2690570.823196517,94.84438276773639,799616.9343508949,14.007153093375242,-1,,,,,,,,unassigned,,,,,,,,,,,,,,,
1878,456,249.0901584557748,249.0899020074629,,1727698.7828177873,26.576043470428544,839425.5186197783,9.082804457955273,-1,,,,,,,,unassigned,,,,,,,,,,,,,,,
1879,460,249.45452154596626,249.4542647286004,,16598805.495428352,36.57746494665529,876112.9803280593,88.07504154767176,-1,,,,,,,,unassigned,,,,,,,,,,,,,,,
1880,461,249.78902697983662,249.78876982366117,,6039114.985490814,26.18543836343232,867964.4495816153,31.646375196306636,-1,,,,,,,,unassigned,,,,,,,,,,,,,,,
1881,464,250.9818136411714,250.98155527687962,,8817834.867574971,49.70787467213044,815753.5520526614,45.921985564301245,-1,,,,,,,,unassigned,,,,,,,,,,,,,,,
1882,466,251.06942464493886,251.06916619191122,,1798909.4409183417,79.29613855367698,863372.5956376123,9.217033095264958,-1,,,,,,,,unassigned,,,,,,,,,,,,,,,
1883,469,251.14221676430097,251.14195823754676,,3506414.3217087127,102.12600695064006,780141.3336603687,18.070859289574297,-1,,,,,,,,unassigned,,,,,,,,,,,,,,,
1884,471,251.44493792132363,251.44467908796318,,2653843.4139467664,59.4091308117934,837017.9625906606,13.722904214366501,-1,,,,,,,,unassigned,,,,,,,,,,,,,,,
1885,472,252.10003037334707,252.09977087649312,,3567868.846782861,62.61461094936779,835848.1701592059,18.513024212476786,-1,,,,,,,,unassigned,,,,,,,,,,,,,,,
1886,473,252.1324873828185,252.13222785309154,,1584717.5953486154,47.36470680935641,759477.8744571655,8.214266216539672,-1,,,,,,,,unassigned,,,,,,,,,,,,,,,
1887,474,252.97888126106122,252.97862087409928,,2370731.6646701414,30.778611080659463,825185.0624058055,12.249021138024874,-1,,,,,,,,unassigned,,,,,,,,,,,,,,,
1888,475,253.03662120872772,253.03636076328678,,2130466.6078350903,68.25458062419949,834260.2766830776,11.106761753860114,-1,,,,,,,,unassigned,,,,,,,,,,,,,,,
1889,477,253.0755830755865,253.07532259068503,,8593298.332400953,93.58274857111843,895442.7611494546,43.911187938720886,-1,,,,,,,,unassigned,,,,,,,,,,,,,,,
1890,480,253.11154870755806,253.1112881862307,,2345957.016489384,30.200092285428582,789553.8039840087,12.177958918272688,-1,,,,,,,,unassigned,,,,,,,,,,,,,,,
1891,488,254.78670250305834,254.78644028516754,,1727810.7916470154,126.10327281361356,808730.5234134604,8.888041337152988,-1,,,,,,,,unassigned,,,,,,,,,,,,,,,
1892,489,255.07283897780462,255.07257647012594,,1653969.6258221732,32.13684394967991,706091.6952045992,8.644587436150129,-1,,,,,,,,unassigned,,,,,,,,,,,,,,,
1893,492,255.1411894275957,255.14092685069457,,3340104.1569290664,89.47217719504329,764857.0576703544,17.391820300831192,-1,,,,,,,,unassigned,,,,,,,,,,,,,,,
1894,496,256.0910259149009,256.09076237605547,,1745576.8196009207,47.61684547590262,949399.4609457907,8.977527095359443,-1,,,,,,,,unassigned,,,,,,,,,,,,,,,
1895,503,257.1316538070881,257.13138921437024,,3892275.5334413154,82.39303768871443,839195.3313932532,20.639626936912563,-1,,,,,,,,unassigned,,,,,,,,,,,,,,,
1896,512,259.1286912579148,259.12842464280294,,1949853.4121135422,89.31808230995331,858069.5744339032,10.10925874326462,-1,,,,,,,,unassigned,,,,,,,,,,,,,,,
1897,515,259.30632929428026,259.3060624992787,,4086598.0506963166,50.14259346874564,816537.474400392,21.22918016744921,-1,,,,,,,,unassigned,,,,,,,,,,,,,,,
1898,516,260.1239994792856,260.1237318562578,,1690377.8246570774,64.22454317498985,703072.0783741656,8.735389161389033,-1,,,,,,,,unassigned,,,,,,,,,,,,,,,
1899,518,260.8735813328812,260.8733129507895,,3412739.8359487797,113.32810318692407,725314.1434916494,18.091914762093467,-1,,,,,,,,unassigned,,,,,,,,,,,,,,,
1900,519,260.95625377805095,260.95598531224175,,1592453.3395950147,75.05726753709533,765678.1038354794,8.311647776940815,-1,,,,,,,,unassigned,,,,,,,,,,,,,,,
1901,521,261.12653837349757,261.1262697352515,,3646977.66915108,96.74699783343289,840269.67630092,18.928869794730318,-1,,,,,,,,unassigned,,,,,,,,,,,,,,,
1902,523,262.13595674672706,262.1356870863167,,2500057.4434448355,69.07829094739688,783411.1204557766,12.985962676195689,-1,,,,,,,,unassigned,,,,,,,,,,,,,,,
1903,525,263.06942507757424,263.0691544719267,,2128166.478089151,98.7056561606426,770125.4415778128,10.896207028668453,-1,,,,,,,,unassigned,,,,,,,,,,,,,,,
1904,529,263.17860054322597,263.1783298270277,,2052698.3629446584,67.19401692643825,864683.5988440702,10.5566875342969,-1,,,,,,,,unassigned,,,,,,,,,,,,,,,
1905,530,263.9796610892576,263.97938956191496,,2088923.1717841355,115.93150290743215,652697.3241074919,10.759346457293873,-1,,,,,,,,unassigned,,,,,,,,,,,,,,,
1906,532,264.1738566213415,264.1735848973607,,2979958.6994851045,68.43067000427138,775907.7500928476,15.475772301587078,-1,,,,,,,,unassigned,,,,,,,,,,,,,,,
1907,533,264.9974746049279,264.9972020469779,,2771579.033568455,134.68905062358823,882211.5253202083,14.244027159215861,-1,,,,,,,,unassigned,,,,,,,,,,,,,,,
1908,538,266.1531118393366,266.15283811124823,,4182345.446544201,69.16722867478285,802203.0471001238,21.46605423328983,-1,,,,,,,,unassigned,,,,,,,,,,,,,,,
1909,539,266.1590575388275,266.1587838047189,,2488605.6422767476,99.88969477663326,759545.5300201225,12.846470170756213,-1,,,,,,,,unassigned,,,,,,,,,,,,,,,
1910,541,266.50295381853874,266.5026797362238,,6247958.182333725,62.43095341381828,815421.5937144447,32.32015031691995,-1,,,,,,,,unassigned,,,,,,,,,,,,,,,
1911,542,266.8041512776283,266.80387689034296,,4733157.977563201,44.613240318102285,808749.1319497378,24.29801528711767,-1,,,,,,,,unassigned,,,,,,,,,,,,,,,
1912,545,267.1272058463671,267.1269311319824,,3393160.4909348786,107.71606537491884,764878.3332918454,17.823457487474098,-1,,,,,,,,unassigned,,,,,,,,,,,,,,,
1913,549,267.30181594578266,267.3015410546026,,3451630.4172040196,88.56146839987557,816005.0194575152,17.82872135560389,-1,,,,,,,,unassigned,,,,,,,,,,,,,,,
1914,550,267.3345910360916,267.3343161117263,,3391008.982115383,78.66715563237342,746760.4783185524,17.91294324568055,-1,,,,,,,,unassigned,,,,,,,,,,,,,,,
1915,551,268.168777693048,268.16850192406486,,91110837.61761083,195.1971184657058,789256.1481483442,474.2534630216971,-1,,,,,,,,unassigned,,,,,,,,,,,,,,,
1916,553,268.80120801795306,268.8009316086405,,7647176.891936705,96.25880261579783,773710.6067275219,39.87906495130058,-1,,,,,,,,unassigned,,,,,,,,,,,,,,,
1917,554,268.9832521112221,268.9829755175932,,121911023.71865658,145.2712222814965,793944.7805936085,632.843282036056,-1,,,,,,,,unassigned,,,,,,,,,,,,,,,
1918,557,269.17212641828064,269.17184963342066,,11324684.146183582,122.5944123583374,788085.2174651006,58.98690626244381,-1,,,,,,,,unassigned,,,,,,,,,,,,,,,
1919,561,269.9866215757174,269.986343966207,,7433300.43722016,64.4783075230066,771210.1517790267,38.22621035854604,-1,,,,,,,,unassigned,,,,,,,,,,,,,,,
1920,562,270.10668353753783,270.1064058064697,,1601487.3216823055,63.9575017500164,744323.1583402714,8.493251227418623,-1,,,,,,,,unassigned,,,,,,,,,,,,,,,
1921,565,270.1658207138889,270.1655429229469,,29265618.600951523,114.99171000748561,777666.2056942101,152.61006481891584,-1,,,,,,,,unassigned,,,,,,,,,,,,,,,
1922,569,270.51949230648546,270.5192141574677,,27813095.97101814,31.096758325404373,819285.7996143338,144.27209770132606,-1,,,,,,,,unassigned,,,,,,,,,,,,,,,
1923,570,270.79828055318916,270.7980021219132,,4706996.606866683,132.11224768385972,797725.3912770743,24.42961199036246,-1,,,,,,,,unassigned,,,,,,,,,,,,,,,
1924,571,270.920832472155,270.92055391680225,,7481234.796127703,97.57527399830947,808948.4402165551,39.23687303946601,-1,,,,,,,,unassigned,,,,,,,,,,,,,,,
1925,575,271.16919485621423,271.1689160494098,,3223004.519034127,94.87833053567925,781372.5814804342,16.886488960371207,-1,,,,,,,,unassigned,,,,,,,,,,,,,,,
1926,578,271.31832966087154,271.31805070307786,,9495167.972567014,80.90108623792236,815190.8941962976,49.32244437614657,-1,,,,,,,,unassigned,,,,,,,,,,,,,,,
1927,579,271.719689102635,271.71940973849325,,3004207.399310348,111.1514977609842,850916.2611832194,15.565258059793534,-1,,,,,,,,unassigned,,,,,,,,,,,,,,,
1928,580,272.1566049137844,272.15632510729995,,9433163.393948305,64.5577250451633,832511.6727257296,48.680252464312005,-1,,,,,,,,unassigned,,,,,,,,,,,,,,,
1929,584,272.4910545733419,272.4907744282562,,3167375.2707689744,186.97992121016497,733510.6322874147,16.360102147392055,-1,,,,,,,,unassigned,,,,,,,,,,,,,,,
1930,585,272.795348305128,272.7950678519732,,2071062.4823381149,88.18496494513421,809316.1140880486,10.97253311655043,-1,,,,,,,,unassigned,,,,,,,,,,,,,,,
1931,590,274.86836194898,274.8680793971414,,2580621.394277381,90.03141936546554,695394.3745181705,13.293898961788491,-1,,,,,,,,unassigned,,,,,,,,,,,,,,,
1932,591,274.9719137118058,274.9716310551354,,4345258.061129213,43.00917686378839,804857.8065178747,22.713590980050423,-1,,,,,,,,unassigned,,,,,,,,,,,,,,,
1933,592,275.03661996767664,275.03633724550025,,59681500.081517965,142.99040189434612,771432.843841072,309.1785584714349,-1,,,,,,,,unassigned,,,,,,,,,,,,,,,
1934,593,275.0694121769835,275.06912942160966,,1785144.9482225706,60.90951401778919,659501.0850383741,9.143338941447876,-1,,,,,,,,unassigned,,,,,,,,,,,,,,,
1935,594,275.1058485181461,275.1055657258856,,18575778.905698065,95.0210834954715,767757.8970607773,96.6867298080107,-1,,,,,,,,unassigned,,,,,,,,,,,,,,,
1936,597,276.0361887504821,276.03590501639326,,10187862.568789566,94.63504617400574,763847.867960828,53.24929000097105,-1,,,,,,,,unassigned,,,,,,,,,,,,,,,
1937,598,276.0399819179638,276.0396981800351,,3991020.3084883634,109.40014223984822,754423.7268589553,20.70805722259985,-1,,,,,,,,unassigned,,,,,,,,,,,,,,,
1938,600,277.0158933466194,277.0156086207471,,5809081.24173641,96.10760534567801,766526.4266044559,30.51464354840146,-1,,,,,,,,unassigned,,,,,,,,,,,,,,,
1939,601,277.0337053889746,277.03342064507086,,18299224.148148358,39.932109747915334,846203.9076430773,95.19179125914991,-1,,,,,,,,unassigned,,,,,,,,,,,,,,,
1940,602,277.0730283480505,277.07274356433936,,6198400.495725016,95.36772694793115,736704.2410806065,32.23592842684329,-1,,,,,,,,unassigned,,,,,,,,,,,,,,,
1941,603,277.1028854390155,277.1026006250795,,5057656.600481622,88.83702611683088,740179.7114182633,26.50883990163011,-1,,,,,,,,unassigned,,,,,,,,,,,,,,,
1942,605,277.12150387313403,277.12121904035024,,4356685.944446504,129.6664078669023,764900.460550365,22.39775889226293,-1,,,,,,,,unassigned,,,,,,,,,,,,,,,
1943,608,277.716148094358,277.7158626596091,,132347274.79121491,99.08979707111271,796457.0954060594,681.0182031599081,-1,,,,,,,,unassigned,,,,,,,,,,,,,,,
1944,609,277.72010747285606,277.7198220340991,,3091924.11744778,98.10447545148375,679403.5801580354,15.91004142229488,-1,,,,,,,,unassigned,,,,,,,,,,,,,,,
1945,610,278.0332478886346,278.0329621328849,,3163668.058189468,135.49111318424463,821485.4422423433,16.55486526819434,-1,,,,,,,,unassigned,,,,,,,,,,,,,,,
1946,611,278.11750074676473,278.1172149057261,,35463791.783932485,76.60984020689347,795841.4129205624,183.51949847705166,-1,,,,,,,,unassigned,,,,,,,,,,,,,,,
1947,614,278.18950928043256,278.1892233664999,,2593469.3203557106,107.70366366785318,859036.0189635386,13.438655335357758,-1,,,,,,,,unassigned,,,,,,,,,,,,,,,
1948,616,278.51498070343604,278.514694460031,,23659240.84965028,74.4445016498965,793641.9836942428,125.55378263178741,-1,,,,,,,,unassigned,,,,,,,,,,,,,,,
1949,617,278.5187852335926,278.5184989863363,,1996539.9014387035,68.32759857825123,878116.7324277292,10.448778237636173,-1,,,,,,,,unassigned,,,,,,,,,,,,,,,
1950,618,278.91633910290426,278.91605245321,,7373362.2954455735,49.16381585379196,794155.6776906905,38.33148772114187,-1,,,,,,,,unassigned,,,,,,,,,,,,,,,
1951,619,278.99514119841405,278.99485446895,,2529287.5132838143,47.04758510115082,725822.8543879454,12.99122654432548,-1,,,,,,,,unassigned,,,,,,,,,,,,,,,
1952,620,279.01299890602115,279.0127121584801,,1732843.155323346,75.11205509590764,817344.269601653,8.943311952515797,-1,,,,,,,,unassigned,,,,,,,,,,,,,,,
1953,621,279.0305166371351,279.0302298718612,,1824884.6988630341,104.91157046461629,800397.581509189,9.501281974273699,-1,,,,,,,,unassigned,,,,,,,,,,,,,,,
1954,623,279.1239944229014,279.123707563002,,1813859.2667633472,102.33666394452128,636295.9018273196,9.306518853471413,-1,,,,,,,,unassigned,,,,,,,,,,,,,,,
1955,625,279.17351349101733,279.17322658099096,,1692808.5288744958,118.21856461224876,662443.8730991265,8.694594183383149,-1,,,,,,,,unassigned,,,,,,,,,,,,,,,
1956,628,280.1687461081365,280.16845819066964,,1999122.572282164,69.46665787161513,720123.0794219497,10.296126061872219,-1,,,,,,,,unassigned,,,,,,,,,,,,,,,
1957,631,281.1163944317692,281.1161055550484,,3765694.5172574776,162.73119569746413,717386.7347521523,19.86583832183321,-1,,,,,,,,unassigned,,,,,,,,,,,,,,,
1958,633,281.14282157789853,281.1425326744272,,1848974.8168127213,59.14100865185562,851524.4573507467,9.51970551272797,-1,,,,,,,,unassigned,,,,,,,,,,,,,,,
1959,636,281.32763661302687,281.3273475224793,,1612096.8199588528,90.7637777318497,714224.0919327792,8.323491480232846,-1,,,,,,,,unassigned,,,,,,,,,,,,,,,
1960,637,281.7278546527846,281.7275651571246,,7306405.541641645,75.74981797717604,813969.250259393,37.75246222686481,-1,,,,,,,,unassigned,,,,,,,,,,,,,,,
1961,639,282.12924641604104,282.1289565140839,,3932456.0790510424,100.84092556299916,771925.9646118457,20.14482333271216,-1,,,,,,,,unassigned,,,,,,,,,,,,,,,
1962,644,282.91731637743226,282.91702567778344,,1810074.5616642528,55.76881358189285,772273.1483640532,9.60655933686953,-1,,,,,,,,unassigned,,,,,,,,,,,,,,,
1963,646,283.0861841879363,283.08589331735953,,2911600.480666796,72.98289185438108,779121.6726734835,14.95991322486751,-1,,,,,,,,unassigned,,,,,,,,,,,,,,,
1964,653,283.3081400286111,283.3078489333716,,2953496.055511741,117.49355893772925,783419.9006105349,15.370494938991248,-1,,,,,,,,unassigned,,,,,,,,,,,,,,,
1965,654,284.11441005791596,284.11411814658163,,6847851.580665778,179.5765135450777,708674.2025235586,35.18895844765633,-1,,,,,,,,unassigned,,,,,,,,,,,,,,,
1966,655,284.1554307981918,284.1551388453372,,1639656.5401029072,100.00662970826747,808376.5607058664,8.485355425223936,-1,,,,,,,,unassigned,,,,,,,,,,,,,,,
1967,656,284.16371861394396,284.1634266527007,,2169257.402934473,41.27877828561247,783604.7725928471,11.36995516034969,-1,,,,,,,,unassigned,,,,,,,,,,,,,,,
1968,661,284.5158118901164,284.5155195724939,,1567602.9575396902,93.00585769645883,748748.3507959913,8.0721417770353,-1,,,,,,,,unassigned,,,,,,,,,,,,,,,
1969,662,284.9132985763647,284.9130058564199,,2677171.835608868,117.37394153313886,660030.9658011865,13.759751291275041,-1,,,,,,,,unassigned,,,,,,,,,,,,,,,
1970,663,285.06543460980305,285.0651417358722,,2657467.0866538454,71.67847857693752,805645.4396731564,13.691321005587751,-1,,,,,,,,unassigned,,,,,,,,,,,,,,,
1971,668,285.15179045872304,285.1514974973865,,3801563.6484921286,71.57069835225985,835616.8664806999,19.59211717908405,-1,,,,,,,,unassigned,,,,,,,,,,,,,,,
1972,678,286.2074766353566,286.20718260551143,,2399386.238309469,95.27558433188531,760016.9773149171,12.385881709399454,-1,,,,,,,,unassigned,,,,,,,,,,,,,,,
1973,686,288.5243111544787,288.5240147797367,,2319862.6571868747,86.13766449659298,771648.5870185726,12.277972412738729,-1,,,,,,,,unassigned,,,,,,,,,,,,,,,
1974,687,288.9875887804819,288.98729193686376,,6668962.687116631,145.03815076313964,716131.5118167512,34.204615107385315,-1,,,,,,,,unassigned,,,,,,,,,,,,,,,
1975,688,289.05227696322146,289.05198005413376,,2555619.75623508,188.8980707015197,662095.2427189428,13.501821752915257,-1,,,,,,,,unassigned,,,,,,,,,,,,,,,
1976,689,289.12151524424183,289.12121826507956,,5956760.5064754225,67.41485768581703,763737.3813796357,31.31475150412977,-1,,,,,,,,unassigned,,,,,,,,,,,,,,,
1977,691,289.16586821525357,289.16557119120273,,1840459.8169516274,91.29646872130643,668603.0517067164,9.41969201826193,-1,,,,,,,,unassigned,,,,,,,,,,,,,,,
1978,692,289.1942545290487,289.19395747626874,,2594522.135895243,89.70325659049881,765596.1118718301,13.414967928773697,-1,,,,,,,,unassigned,,,,,,,,,,,,,,,
1979,696,291.02121695674276,291.0209180549718,,1899858.6558431233,74.00141242884247,616117.7850741321,9.83027373238567,-1,,,,,,,,unassigned,,,,,,,,,,,,,,,
1980,697,291.031556353763,291.0312574415281,,6959015.838993232,109.78174109077949,738042.3006942907,36.18382952418693,-1,,,,,,,,unassigned,,,,,,,,,,,,,,,
1981,699,291.1185626210793,291.1182636207908,,2021527.2864586457,73.81992888038054,790008.835667718,10.596166545270336,-1,,,,,,,,unassigned,,,,,,,,,,,,,,,
1982,703,291.209933061784,291.2096339690252,,16302230.627856676,153.993572040128,723169.5539602907,84.5166666919327,-1,,,,,,,,unassigned,,,,,,,,,,,,,,,
1983,705,292.20517320249866,292.20487310253145,,7089031.652024512,91.06331277248032,759829.392662916,37.21554767762607,-1,,,,,,,,unassigned,,,,,,,,,,,,,,,
1984,707,292.81821003918714,292.81790931882085,,6620503.810446264,123.72869795434336,707314.0768091637,34.22567057990448,-1,,,,,,,,unassigned,,,,,,,,,,,,,,,
1985,708,292.9832781906688,292.9829773032533,,25918464.89219095,126.90562588133058,740843.659142562,133.21797462876387,-1,,,,,,,,unassigned,,,,,,,,,,,,,,,
1986,709,293.0286798483559,293.028378914994,,1602357.2727040981,62.06220256148478,887522.9929836111,8.232689754993942,-1,,,,,,,,unassigned,,,,,,,,,,,,,,,
1987,710,293.11641401478136,293.11611299263257,,1833088.9714616619,62.22628510613741,745128.0530875665,9.477594567689637,-1,,,,,,,,unassigned,,,,,,,,,,,,,,,
1988,714,293.18052267334633,293.1802215863198,,3176910.2797899074,72.40908014649598,700546.5016513206,16.481171114377258,-1,,,,,,,,unassigned,,,,,,,,,,,,,,,
1989,715,293.20699713443463,293.20669602061605,,5534965.9054977195,106.62620527318576,712145.6849235278,29.41449510927503,-1,,,,,,,,unassigned,,,,,,,,,,,,,,,
1990,718,293.9866761497354,293.9863742468912,,2238821.6448763134,30.383583871797637,726837.5626020556,11.714738522851034,-1,,,,,,,,unassigned,,,,,,,,,,,,,,,
1991,720,294.18241270969565,294.18211060877036,,15307946.895868057,136.846856581708,727952.048606289,80.07396199038865,-1,,,,,,,,unassigned,,,,,,,,,,,,,,,
1992,721,294.18445745133954,294.1841553483451,,10394495.122633096,54.01027453502952,720671.4268409928,54.070453429218524,-1,,,,,,,,unassigned,,,,,,,,,,,,,,,
1993,722,294.2022223918592,294.20192027088706,,3240336.11239297,82.89198200584877,670074.6239135559,16.74173258680194,-1,,,,,,,,unassigned,,,,,,,,,,,,,,,
1994,723,294.81526824197823,294.81496550062235,,6169218.575236278,125.24086014922545,705303.6390643677,32.07274851481975,-1,,,,,,,,unassigned,,,,,,,,,,,,,,,
1995,724,294.98254245256516,294.9822395419342,,22337444.398803215,110.25707969680676,720080.7606791541,115.44715582258769,-1,,,,,,,,unassigned,,,,,,,,,,,,,,,
1996,729,295.1857471641346,295.18544404786905,,2686297.563261669,92.90314290162033,740847.2815781957,13.938722807687954,-1,,,,,,,,unassigned,,,,,,,,,,,,,,,
1997,734,296.18149066179643,296.1811865378922,,3230245.1380497306,61.52550122075758,727679.6563475722,17.010189861421306,-1,,,,,,,,unassigned,,,,,,,,,,,,,,,
1998,738,296.2000982894414,296.1997941467074,,39692733.57944637,124.34538537052846,723132.7810768997,203.98541776568112,-1,,,,,,,,unassigned,,,,,,,,,,,,,,,
1999,741,296.8123391526133,296.8120343903347,,2170278.4238115265,63.08142686244901,751534.9705561752,11.201511380196362,-1,,,,,,,,unassigned,,,,,,,,,,,,,,,
2000,742,296.85029817166225,296.849993370972,,1948958.3549509926,90.42492615413444,703780.5774783364,10.327709270650969,-1,,,,,,,,unassigned,,,,,,,,,,,,,,,
2001,743,296.93295839967413,296.93265351533825,,2057204.362110304,78.26959624457653,627114.2773022141,10.594850578237889,-1,,,,,,,,unassigned,,,,,,,,,,,,,,,
2002,749,297.2034530662972,297.2031479082428,,6125222.674739313,68.98744506542148,690769.7393921067,31.835874448979133,-1,,,,,,,,unassigned,,,,,,,,,,,,,,,
2003,752,298.04702264559603,298.04671663392753,,17729849.12560298,128.49319309219266,723570.5353132115,91.75974923852583,-1,,,,,,,,unassigned,,,,,,,,,,,,,,,
2004,758,298.178877106332,298.17857096124027,,2675218.3645215807,75.01081698097839,707236.4857461028,13.899243796714517,-1,,,,,,,,unassigned,,,,,,,,,,,,,,,
2005,759,298.1971404293123,298.19683426574,,13014223.830017857,77.46556582257872,704220.2999644983,68.70400683003896,-1,,,,,,,,unassigned,,,,,,,,,,,,,,,
2006,763,299.044304909952,299.0439978891448,,11271804.75062934,104.87278439642063,718925.6109146354,58.94479531740548,-1,,,,,,,,unassigned,,,,,,,,,,,,,,,
2007,767,299.1752454565535,299.1749383032505,,1612967.3060443616,115.60526507206374,662279.3335756586,8.548521842781433,-1,,,,,,,,unassigned,,,,,,,,,,,,,,,
2008,771,300.02627607973284,300.0259680652994,,1916529.4618457397,84.37905145745464,757701.4478948064,10.04082845757733,-1,,,,,,,,unassigned,,,,,,,,,,,,,,,
2009,772,300.0438805869639,300.04357255471723,,1655002.1926933145,166.2629781319213,675796.9370592065,8.539310073554299,-1,,,,,,,,unassigned,,,,,,,,,,,,,,,
2010,780,300.9278724300662,300.9275635033524,,2748321.086989608,114.65195680462286,611093.2273484991,14.157173335074301,-1,,,,,,,,unassigned,,,,,,,,,,,,,,,
2011,787,302.00362663991746,302.0033166247229,,1593930.6779942128,112.42643604577646,644828.0656927543,8.420873040633989,-1,,,,,,,,unassigned,,,,,,,,,,,,,,,
2012,790,302.9876199575031,302.9873089466945,,4957924.835990926,153.34246223974765,760636.3039119379,25.598190715176177,-1,,,,,,,,unassigned,,,,,,,,,,,,,,,
2013,791,303.00322151664943,303.0029104900552,,1588616.9165549038,107.41551189263026,671843.1924639387,8.309015842875919,-1,,,,,,,,unassigned,,,,,,,,,,,,,,,
2014,793,304.1454919410126,304.1451797586826,,5206638.961674409,84.19079282662237,747914.9501009582,26.735186231211145,-1,,,,,,,,unassigned,,,,,,,,,,,,,,,
2015,794,304.86363281364066,304.8633199047176,,2893613.295055786,164.18791753594942,692714.5265158919,15.312592389563541,-1,,,,,,,,unassigned,,,,,,,,,,,,,,,
2016,795,305.00326066439874,305.00294761420565,,4152693.3971527005,43.22462312907817,748748.4739503515,21.80820566172628,-1,,,,,,,,unassigned,,,,,,,,,,,,,,,
2017,797,305.11642648728986,305.1161133226003,,3786652.595120908,59.24698874347559,732860.0672724802,19.713186146069255,-1,,,,,,,,unassigned,,,,,,,,,,,,,,,
2018,799,305.1892118167745,305.1888985784439,,5958484.011512172,55.61401597288457,713493.5340977558,30.704142801073957,-1,,,,,,,,unassigned,,,,,,,,,,,,,,,
2019,800,306.1425445214293,306.1422303185678,,3144529.6169401994,84.93063205784799,710355.0766251353,16.42063663088466,-1,,,,,,,,unassigned,,,,,,,,,,,,,,,
2020,803,307.1862263876231,307.1859111288411,,1767896.5500528566,73.29271017643634,627010.9797793749,9.114387666734022,-1,,,,,,,,unassigned,,,,,,,,,,,,,,,
2021,805,307.204873601208,307.2045583235604,,3345013.9377096007,108.61208963242937,699263.5056179829,17.160210103120367,-1,,,,,,,,unassigned,,,,,,,,,,,,,,,
2022,807,308.1808631975855,308.1805469325235,,1921537.2132882858,81.46410794741882,638082.4354565515,10.061883930096496,-1,,,,,,,,unassigned,,,,,,,,,,,,,,,
2023,808,308.20011266146145,308.19979637692484,,2359951.503415996,132.22948514739332,671356.857620429,12.372722039074976,-1,,,,,,,,unassigned,,,,,,,,,,,,,,,
2024,809,308.2364964921946,308.2361801708486,,2953158.774731706,60.42798228742405,722137.5052617295,15.346807532407185,-1,,,,,,,,unassigned,,,,,,,,,,,,,,,
2025,812,309.15969159376243,309.15937433843317,,1621046.6695331999,56.264945630005435,627035.986980383,8.368234359336075,-1,,,,,,,,unassigned,,,,,,,,,,,,,,,
2026,815,309.20191348218555,309.2015961841414,,1745807.6282923978,70.75233508743835,560642.6798408485,9.198609556810688,-1,,,,,,,,unassigned,,,,,,,,,,,,,,,
2027,819,310.17733861255704,310.1770203277086,,8221634.744322368,111.6860254356989,694072.9464234398,42.626804115051755,-1,,,,,,,,unassigned,,,,,,,,,,,,,,,
2028,820,310.1793582952787,310.179040008387,,1624864.1983595954,104.2400435962036,644350.1944059059,8.382709996693,-1,,,,,,,,unassigned,,,,,,,,,,,,,,,
2029,828,311.17858776893286,311.1782684711746,,1746918.943921503,73.08332693954281,651049.0735250544,8.959103556905173,-1,,,,,,,,unassigned,,,,,,,,,,,,,,,
2030,829,311.1806783956436,311.1803590957704,,1909793.851684218,127.84596738936405,607191.030128964,10.143473886108266,-1,,,,,,,,unassigned,,,,,,,,,,,,,,,
2031,835,312.0990602879356,312.0987400590026,,1683740.4015185924,30.635140994698006,814137.5125138147,8.703805952610283,-1,,,,,,,,unassigned,,,,,,,,,,,,,,,
2032,842,312.1930028042293,312.1926824802625,,6643115.393299697,68.49245506375411,707386.9464016868,34.983667590594465,-1,,,,,,,,unassigned,,,,,,,,,,,,,,,
2033,843,312.19501693741563,312.19469661141125,,1662886.7489696348,37.19256644972942,789676.0268081301,8.666958875701743,-1,,,,,,,,unassigned,,,,,,,,,,,,,,,
2034,846,312.9731280014193,312.9728068882716,,293699493.8117401,136.47973483879673,697624.6813123785,1515.657133819652,-1,,,,,,,,unassigned,,,,,,,,,,,,,,,
2035,847,312.98952490804356,312.9892037783087,,15620831.130510114,169.03126170312015,687058.5668836968,81.2214852426832,-1,,,,,,,,unassigned,,,,,,,,,,,,,,,
2036,850,313.1430783577609,313.1427570726916,,2192866.7573014167,94.00303444383749,585194.2862262782,11.447597215264116,-1,,,,,,,,unassigned,,,,,,,,,,,,,,,
2037,854,313.19193466350407,313.19161332901194,,4593742.335685538,81.34843825642771,694579.8445897546,23.661087243412897,-1,,,,,,,,unassigned,,,,,,,,,,,,,,,
2038,856,313.1963664895201,313.1960451505447,,1719639.4905792882,115.64118466570645,553939.72560648,8.965683392067412,-1,,,,,,,,unassigned,,,,,,,,,,,,,,,
2039,861,313.2973977554175,313.29707631423946,,6189248.6502936855,113.15313081991087,711659.2606303644,31.82534671271955,-1,,,,,,,,unassigned,,,,,,,,,,,,,,,
2040,862,313.97648896173564,313.97616683359786,,19344266.765264086,103.50995637783728,685623.0540888127,100.16088277367311,-1,,,,,,,,unassigned,,,,,,,,,,,,,,,
2041,863,314.07834745890585,314.0780252277301,,9840403.315353638,95.04158600836571,679840.4089079826,51.048993122718194,-1,,,,,,,,unassigned,,,,,,,,,,,,,,,
2042,870,314.20858994356763,314.2082675806416,,2005522.0470508889,95.12455687306709,748403.3843936155,10.585638809010753,-1,,,,,,,,unassigned,,,,,,,,,,,,,,,
2043,872,314.23708374061965,314.23676134887,,19529873.446362108,169.34331046394036,600563.8474987249,102.01376435535973,-1,,,,,,,,unassigned,,,,,,,,,,,,,,,
2044,873,314.2421724004161,314.2418500035189,,1739189.486249686,98.44788411395486,567374.1269774218,8.973579194262099,-1,,,,,,,,unassigned,,,,,,,,,,,,,,,
2045,876,314.9435644562347,314.94324134983185,,1749602.5349870748,65.52152912842504,764155.6453884002,9.024901908527566,-1,,,,,,,,unassigned,,,,,,,,,,,,,,,
2046,878,315.0756225594736,315.0752993194861,,6745607.330812416,99.04072947558369,694397.7121127374,35.28370807399258,-1,,,,,,,,unassigned,,,,,,,,,,,,,,,
2047,883,316.07516133342995,316.07483708236083,,1594113.6031190562,109.01630022468353,534283.6855480744,8.368892342852298,-1,,,,,,,,unassigned,,,,,,,,,,,,,,,
2048,885,316.24159502825955,316.2412706088367,,1726459.1062787895,48.89415578986974,743245.9665591063,8.869617798698716,-1,,,,,,,,unassigned,,,,,,,,,,,,,,,
2049,886,316.2437213960995,316.2433969745257,,1889426.616357861,195.27279217383526,641106.4507218386,9.771055215925514,-1,,,,,,,,unassigned,,,,,,,,,,,,,,,
2050,888,317.15283524154165,317.15250990037583,,2513948.2801835095,92.46639785874174,665395.8242108438,13.117559379440475,-1,,,,,,,,unassigned,,,,,,,,,,,,,,,
2051,891,317.2256616355534,317.2253362207226,,2346386.0569936717,70.77141535938715,714894.217899417,12.101632830390711,-1,,,,,,,,unassigned,,,,,,,,,,,,,,,
2052,892,317.5128437197293,317.51251801441026,,1898533.4343907011,51.79704895730889,552134.5926571754,9.8421174356777,-1,,,,,,,,unassigned,,,,,,,,,,,,,,,
2053,893,318.25727030983194,318.25694385152394,,2851369.342187502,447.2663763328851,639150.7736739155,14.786205576584388,-1,,,,,,,,unassigned,,,,,,,,,,,,,,,
2054,894,318.8322805864071,318.8319535464826,,2291520.8793065655,124.35726378575794,676520.8127401723,11.793696544797907,-1,,,,,,,,unassigned,,,,,,,,,,,,,,,
2055,895,318.980120356042,318.97979316658035,,44413540.13442982,146.85024151327926,686978.010146476,228.78876439325876,-1,,,,,,,,unassigned,,,,,,,,,,,,,,,
2056,897,319.1684593986322,319.1681320186697,,2234500.3634108948,178.63976844906057,564508.1936137663,11.512079599854061,-1,,,,,,,,unassigned,,,,,,,,,,,,,,,
2057,898,319.2412556241908,319.2409281705967,,12703413.878517427,133.43508880526375,656751.8650252976,67.43015074262941,-1,,,,,,,,unassigned,,,,,,,,,,,,,,,
2058,899,319.25241478843793,319.2520873235566,,2037109.8201681385,170.0853991260138,522358.553891538,10.498784984869193,-1,,,,,,,,unassigned,,,,,,,,,,,,,,,
2059,900,319.9835225889142,319.98319438454126,,2425662.893369696,45.50780561087199,637259.3655676919,12.554325489552783,-1,,,,,,,,unassigned,,,,,,,,,,,,,,,
2060,902,320.9230538404631,320.92272468580074,,1577817.6832645647,80.34431057218949,635396.0062917828,8.089249348457123,-1,,,,,,,,unassigned,,,,,,,,,,,,,,,
2061,903,320.9982062716601,320.9978770409855,,1989834.3802984026,74.98596719275257,663866.5355378832,10.293494127807323,-1,,,,,,,,unassigned,,,,,,,,,,,,,,,
2062,907,321.1882252280588,321.18789580519183,,1848486.5028346262,130.37786591031514,720110.9899359475,9.524969380857762,-1,,,,,,,,unassigned,,,,,,,,,,,,,,,
2063,908,321.23831223601434,321.2379827624876,,4353476.946382491,154.61303455420486,635157.3278025105,22.618841353714174,-1,,,,,,,,unassigned,,,,,,,,,,,,,,,
2064,910,322.2157854174852,322.21545495531757,,6665330.349840856,187.10673753200172,654122.1949151438,34.42569756883656,-1,,,,,,,,unassigned,,,,,,,,,,,,,,,
2065,911,322.8452723902267,322.84494129139017,,1977101.9120442239,115.15971315096549,616550.8138927275,10.200060468503525,-1,,,,,,,,unassigned,,,,,,,,,,,,,,,
2066,912,322.99387193828125,322.99354068915096,,3186504.8679332742,78.20305708551786,653746.1751975762,16.373261817716532,-1,,,,,,,,unassigned,,,,,,,,,,,,,,,
2067,915,323.1718660449567,323.1715346158035,,2849057.780672766,70.28601090109984,695766.2911983541,14.875691334790844,-1,,,,,,,,unassigned,,,,,,,,,,,,,,,
2068,917,323.8853088882493,323.88497673752784,,2599813.3982107774,78.10486783802529,773589.493455008,13.757119357210145,-1,,,,,,,,unassigned,,,,,,,,,,,,,,,
2069,920,324.17055249897055,324.17022005975963,,1685386.940517848,185.75760795123512,643979.9080675789,8.838034589919967,-1,,,,,,,,unassigned,,,,,,,,,,,,,,,
2070,922,324.2128582902498,324.2125258082519,,2228406.509056598,130.2998866161221,682432.9308538816,11.764745270084054,-1,,,,,,,,unassigned,,,,,,,,,,,,,,,
2071,923,324.2197937609828,324.2194612719705,,1759951.5176936393,82.82340070027396,599566.8167225708,9.032797710722253,-1,,,,,,,,unassigned,,,,,,,,,,,,,,,
2072,924,324.23144043392,324.2311079331285,,50530928.93502007,124.59724318508383,675083.9109183539,261.25630301781285,-1,,,,,,,,unassigned,,,,,,,,,,,,,,,
2073,926,324.7628831515268,324.7625501132502,,2155613.3243258973,149.96099612383068,634648.1626711251,11.125185292314384,-1,,,,,,,,unassigned,,,,,,,,,,,,,,,
2074,927,325.0095466694673,325.0092133817246,,2944600.02270059,68.99534841185296,678844.123370325,15.41786975215937,-1,,,,,,,,unassigned,,,,,,,,,,,,,,,
2075,934,325.2347681446279,325.23443462910586,,8838080.447413918,69.5870083487316,701972.2416366437,45.500876113917926,-1,,,,,,,,unassigned,,,,,,,,,,,,,,,
2076,936,325.95427320776565,325.95393896457375,,2372698.5239039697,89.74801392830429,660376.1252948054,12.420096852243098,-1,,,,,,,,unassigned,,,,,,,,,,,,,,,
2077,942,326.2284874258301,326.228152905315,,16387516.760453539,90.04215423808024,671757.9652203373,84.75880462590311,-1,,,,,,,,unassigned,,,,,,,,,,,,,,,
2078,946,326.7598575081033,326.75952245019784,,3178019.037888168,78.66608773737192,640613.0725126464,16.720677114282772,-1,,,,,,,,unassigned,,,,,,,,,,,,,,,
2079,954,327.2318413639591,327.231505828727,,2966215.9477975513,65.13497839338044,671808.1777668687,15.228370499486877,-1,,,,,,,,unassigned,,,,,,,,,,,,,,,
2080,963,328.7569568355019,328.7566197579209,,2746521.90594663,83.32765731929481,663064.8335659385,14.5309079722895,-1,,,,,,,,unassigned,,,,,,,,,,,,,,,
2081,964,328.9591898466271,328.95885256453136,,2343000.9667173834,69.67189769620957,753678.0038957665,12.075313489741754,-1,,,,,,,,unassigned,,,,,,,,,,,,,,,
2082,965,329.0916916798075,329.09135426371546,,4243105.446827048,145.92667080059377,693904.3922044542,22.25037058462877,-1,,,,,,,,unassigned,,,,,,,,,,,,,,,
2083,967,329.1528570418682,329.152519563921,,841499799.7010814,172.94613573217032,667124.9007701819,4350.565953800175,-1,,,,,,,,unassigned,,,,,,,,,,,,,,,
2084,973,330.0279107005371,330.02757233767625,,2991157.215628512,82.81239375677681,515799.72927299514,15.396814279640205,-1,,,,,,,,unassigned,,,,,,,,,,,,,,,
2085,975,330.22090392710624,330.22056536907957,,1890322.0977256016,109.84402489673128,554289.1150249168,9.760527479665932,-1,,,,,,,,unassigned,,,,,,,,,,,,,,,
2086,976,331.0709966035196,331.0706571858394,,1682401.116790901,68.5404014237844,600090.5050665578,8.73670512842148,-1,,,,,,,,unassigned,,,,,,,,,,,,,,,
2087,977,331.1321107284439,331.1317712489629,,3933411.2464929773,59.309673084491585,679914.4762597285,20.165878805231326,-1,,,,,,,,unassigned,,,,,,,,,,,,,,,
2088,978,331.1498924019896,331.14955290452707,,256466930.02765918,180.6923105773043,657692.6293068563,1329.5267567502237,-1,,,,,,,,unassigned,,,,,,,,,,,,,,,
2089,979,331.1570800530663,331.1567405483354,,6317785.897167265,122.76047990677642,657660.7744929789,33.162369217686596,-1,,,,,,,,unassigned,,,,,,,,,,,,,,,
2090,980,331.15955437240234,331.15921486516925,,13171953.142674826,128.48537016284888,645344.7455518723,68.4302856872898,-1,,,,,,,,unassigned,,,,,,,,,,,,,,,
2091,981,331.1684748167589,331.1681353005052,,1860997.5659754183,172.07536229432452,546482.812761008,9.598663534674843,-1,,,,,,,,unassigned,,,,,,,,,,,,,,,
2092,985,332.1532532875508,332.152912775463,,45396209.152119055,144.1709352275914,650272.8853230907,239.31650065284182,-1,,,,,,,,unassigned,,,,,,,,,,,,,,,
2093,986,332.16377046503493,332.163429942312,,2758365.7417162866,59.42770458379612,618408.9362380388,14.554595378873561,-1,,,,,,,,unassigned,,,,,,,,,,,,,,,
2094,987,332.1768322094989,332.17649167356774,,2867209.5800311286,92.131031508867,675111.4521087096,14.944121620478134,-1,,,,,,,,unassigned,,,,,,,,,,,,,,,
2095,990,332.27291490044934,332.27257426735787,,11276682.492837843,146.52909937897692,642238.8016440854,58.839517954809644,-1,,,,,,,,unassigned,,,,,,,,,,,,,,,
2096,991,332.2973741121716,332.2970334543467,,8208730.929981173,106.64371772468688,678250.9876889094,42.353082972302595,-1,,,,,,,,unassigned,,,,,,,,,,,,,,,
2097,992,333.0241774968929,333.02383610411965,,26477608.926780812,169.7512650077284,654835.5302480509,136.2920736165621,-1,,,,,,,,unassigned,,,,,,,,,,,,,,,
2098,994,333.1197139059323,333.11937241655284,,4199791.597250916,53.849040315111246,643875.8623141728,22.284585727472415,-1,,,,,,,,unassigned,,,,,,,,,,,,,,,
2099,995,333.1477664791178,333.14742496137166,,30117831.996586975,126.60509700076653,652061.8778986689,159.2846496074915,-1,,,,,,,,unassigned,,,,,,,,,,,,,,,
2100,996,333.1541052010727,333.15376367691687,,2635056.075520086,111.46789956932949,563240.2098158725,13.571568005634994,-1,,,,,,,,unassigned,,,,,,,,,,,,,,,
2101,997,333.1565965418245,333.15625501514944,,4397957.557113376,92.00085786955692,652185.560275113,22.72148678224511,-1,,,,,,,,unassigned,,,,,,,,,,,,,,,
2102,998,333.16869501272316,333.16835347381414,,2984244.287418967,118.95152109147173,627731.3331695868,15.799500191569257,-1,,,,,,,,unassigned,,,,,,,,,,,,,,,
2103,999,333.22054909441465,333.220207503071,,4505659.342534841,82.5551325090842,643344.5296147749,23.468956056675506,-1,,,,,,,,unassigned,,,,,,,,,,,,,,,
2104,1001,333.30073711817846,333.3003954457492,,1610139.8891080436,52.20945467169734,717587.3712319477,8.335335183524878,-1,,,,,,,,unassigned,,,,,,,,,,,,,,,
2105,1004,334.1182467261068,334.11790422702364,,1663720.1987182414,96.01598274749655,679151.0608289251,8.593264721884662,-1,,,,,,,,unassigned,,,,,,,,,,,,,,,
2106,1006,334.1592639716333,334.1589214310745,,1631507.073435799,107.48717256032319,570539.1029513545,8.456404150510082,-1,,,,,,,,unassigned,,,,,,,,,,,,,,,
2107,1007,334.17379132902073,334.1734487737722,,1780938.8651889614,59.68913178951823,515171.1783960151,9.37626510619115,-1,,,,,,,,unassigned,,,,,,,,,,,,,,,
2108,1009,334.26995752868504,334.2696148761956,,4246847.049781509,65.49954481193171,679773.3824118882,21.84505273863482,-1,,,,,,,,unassigned,,,,,,,,,,,,,,,
2109,1010,334.93871551978106,334.9383721910652,,2240150.249324685,84.76472989181494,573560.6624257754,11.797644445895251,-1,,,,,,,,unassigned,,,,,,,,,,,,,,,
2110,1011,335.00344256162157,335.0030991674563,,3405023.515693829,128.04960808912185,652579.1789548533,17.649749839190978,-1,,,,,,,,unassigned,,,,,,,,,,,,,,,
2111,1012,335.0212775913075,335.0209341791082,,7482334.83222567,134.59767651463852,661041.9950801504,38.51572310568458,-1,,,,,,,,unassigned,,,,,,,,,,,,,,,
2112,1013,335.14480713872064,335.14446360161344,,9013565.07227429,148.9041826269313,631139.3013391764,46.65892710247206,-1,,,,,,,,unassigned,,,,,,,,,,,,,,,
2113,1016,335.16344058551806,335.1630970295695,,3508693.81640838,151.79638919140982,587149.7819196446,18.1313937730669,-1,,,,,,,,unassigned,,,,,,,,,,,,,,,
2114,1018,335.21764084455657,335.2172972338031,,1743776.26238806,74.39686611732817,707293.5921136411,9.045957381046733,-1,,,,,,,,unassigned,,,,,,,,,,,,,,,
2115,1019,335.2362225360819,335.2358789065395,,3853505.4124085847,127.0056858234124,660038.035990725,19.823727376794878,-1,,,,,,,,unassigned,,,,,,,,,,,,,,,
2116,1020,336.020810345583,336.0204659227069,,1718625.6492658823,76.21937783261811,751897.751507171,8.807767348173666,-1,,,,,,,,unassigned,,,,,,,,,,,,,,,
2117,1021,336.1481875197546,336.14784296808256,,2107565.4988047443,50.4501515185958,616848.2426110805,10.830408677046059,-1,,,,,,,,unassigned,,,,,,,,,,,,,,,
2118,1023,336.1950328801655,336.19468828112645,,2815303.2658633143,147.45485678896284,641628.0560498227,14.56249118106825,-1,,,,,,,,unassigned,,,,,,,,,,,,,,,
2119,1024,336.2314941449618,336.23114950905546,,1918287.6735252845,60.878091566359686,631948.9436408939,10.014509116928373,-1,,,,,,,,unassigned,,,,,,,,,,,,,,,
2120,1029,338.0048066706252,338.0044602416919,,4622925.9577939985,48.87259623750768,646393.1494976785,23.84005875982581,-1,,,,,,,,unassigned,,,,,,,,,,,,,,,
2121,1033,338.2107019084273,338.2103552713138,,2148521.421730969,101.39924353740327,629884.1202836254,11.14624076483355,-1,,,,,,,,unassigned,,,,,,,,,,,,,,,
2122,1034,338.2470827151398,338.2467360412419,,7369696.336616299,33.79772138476978,659993.5560963161,37.741934490605225,-1,,,,,,,,unassigned,,,,,,,,,,,,,,,
2123,1035,338.6417547211952,338.641407648248,,4121254.8499338944,122.71930857917161,651047.5848584039,21.371304606953583,-1,,,,,,,,unassigned,,,,,,,,,,,,,,,
2124,1036,338.98881929305065,338.98847186919227,,13657245.514767805,136.57233100794363,627264.5574148614,71.45174599379014,-1,,,,,,,,unassigned,,,,,,,,,,,,,,,
2125,1037,339.1385888066445,339.1382412313574,,4622414.027040743,93.55164414133712,608302.8724088813,24.48488260572527,-1,,,,,,,,unassigned,,,,,,,,,,,,,,,
2126,1043,339.6403632078453,339.6400151252282,,2279883.8504637564,66.046812246265,636017.7248519525,11.722634325045723,-1,,,,,,,,unassigned,,,,,,,,,,,,,,,
2127,1049,340.22633956561776,340.22599089054285,,2767812.517784062,128.74173539897038,597239.3606903427,14.225603620761591,-1,,,,,,,,unassigned,,,,,,,,,,,,,,,
2128,1050,340.2441351844515,340.24378649138424,,2405715.299042915,106.14433247954196,634199.9707412095,12.693817994992258,-1,,,,,,,,unassigned,,,,,,,,,,,,,,,
2129,1054,340.9680773801717,340.9677279551644,,2869568.963597192,131.45800099464302,594687.1620920317,14.741462697481161,-1,,,,,,,,unassigned,,,,,,,,,,,,,,,
2130,1055,340.98444782506704,340.9840983835086,,4034743.5499005727,39.30025997992317,709632.1877822389,20.729112695119017,-1,,,,,,,,unassigned,,,,,,,,,,,,,,,
2131,1056,341.00447887955323,341.00412941774255,,3872445.0234472584,134.83491097094407,613748.5985658504,20.207989750269657,-1,,,,,,,,unassigned,,,,,,,,,,,,,,,
2132,1059,341.19611403981787,341.19576438425685,,1630306.0629384152,128.8440720774784,744913.6986733432,8.566945381235705,-1,,,,,,,,unassigned,,,,,,,,,,,,,,,
2133,1061,341.2232106575913,341.2228609746346,,3385238.451192189,91.84290407757015,585336.9416480599,17.805033949019826,-1,,,,,,,,unassigned,,,,,,,,,,,,,,,
2134,1064,342.1210026354173,342.12065204476943,,9002919.685265204,168.28141726494945,569625.8012629948,46.40626143224207,-1,,,,,,,,unassigned,,,,,,,,,,,,,,,
2135,1070,342.5906732651468,342.590322199656,,2756153.547547996,29.37768050111776,669238.3404727976,14.570386983262937,-1,,,,,,,,unassigned,,,,,,,,,,,,,,,
2136,1071,342.97486848387086,342.9745170299571,,5900222.741466218,163.43345718122623,622344.2599350112,30.504115812141876,-1,,,,,,,,unassigned,,,,,,,,,,,,,,,
2137,1072,342.98371563105025,342.98336416819205,,2335523.7673536474,57.192207432542645,645752.0328462983,11.998987401859777,-1,,,,,,,,unassigned,,,,,,,,,,,,,,,
2138,1073,343.0001274412935,342.99977596184294,,3044642.7582572307,74.02153279096744,626466.8485271474,15.702118631168114,-1,,,,,,,,unassigned,,,,,,,,,,,,,,,
2139,1075,343.13212809768817,343.13177648478523,,15473542.944031617,65.3553866117854,631072.5292780354,80.3476831331378,-1,,,,,,,,unassigned,,,,,,,,,,,,,,,
2140,1077,343.1544671770466,343.15411554155895,,1817780.128044373,96.47193300168105,738822.182819207,9.584187897317916,-1,,,,,,,,unassigned,,,,,,,,,,,,,,,
2141,1078,343.1685174061681,343.1681657564757,,1579314.7838398514,143.4985177112079,531314.7199467954,8.130044326463008,-1,,,,,,,,unassigned,,,,,,,,,,,,,,,
2142,1082,343.2202536231024,343.21990192110485,,1612435.8392442528,85.5242693982664,660848.934006198,8.303751974746127,-1,,,,,,,,unassigned,,,,,,,,,,,,,,,
2143,1084,343.97449812114377,343.9741456566143,,1762118.702746603,90.96541886693899,559722.523028939,9.215717128232509,-1,,,,,,,,unassigned,,,,,,,,,,,,,,,
2144,1085,344.05254381722295,344.0521912737909,,5247861.883797501,84.48251330898981,647232.7958481542,26.966796428921974,-1,,,,,,,,unassigned,,,,,,,,,,,,,,,
2145,1091,344.9719475312152,344.97159405829416,,2022175.189271158,81.22634113603479,592588.961988605,10.489573215642057,-1,,,,,,,,unassigned,,,,,,,,,,,,,,,
2146,1092,344.97938864415033,344.97903516370656,,5797188.430119341,117.41254962508887,621007.2702731914,29.85666003217752,-1,,,,,,,,unassigned,,,,,,,,,,,,,,,
2147,1093,345.01579228963476,345.0154387723884,,10504891.871138979,226.12141177355912,639490.0049905282,53.97570380288228,-1,,,,,,,,unassigned,,,,,,,,,,,,,,,
2148,1094,345.0498257105915,345.0494721589387,,3426501.482818101,103.16735983976015,597453.5031175333,17.699756586423998,-1,,,,,,,,unassigned,,,,,,,,,,,,,,,
2149,1095,345.1291967127829,345.1288430808894,,4818572.077728069,155.03304937340337,644304.9712439606,24.824402100096822,-1,,,,,,,,unassigned,,,,,,,,,,,,,,,
2150,1096,345.14777325312696,345.14741960245334,,305700268.2138045,279.66528160791137,625171.5683518591,1621.7767153162492,-1,,,,,,,,unassigned,,,,,,,,,,,,,,,
2151,1106,346.2158669080694,346.2155121776108,,1797099.9120739377,76.18956093770191,664866.7609810604,9.257828073270842,-1,,,,,,,,unassigned,,,,,,,,,,,,,,,
2152,1107,346.2885655139119,346.28821070995974,,62708531.29521077,134.35455888247157,637022.6361398337,322.6961718287395,-1,,,,,,,,unassigned,,,,,,,,,,,,,,,
2153,1108,346.87902513781444,346.87866973695003,,3345330.852360831,102.82527840535222,616122.7244134721,17.286542938235364,-1,,,,,,,,unassigned,,,,,,,,,,,,,,,
2154,1109,347.07623209736727,347.0758764971424,,13212069.187588539,121.21444276391033,645874.2279553427,67.94600981934899,-1,,,,,,,,unassigned,,,,,,,,,,,,,,,
2155,1110,347.12705784343933,347.12670219183383,,3170596.6969517884,79.77741446809739,653500.6158046006,16.69172583956892,-1,,,,,,,,unassigned,,,,,,,,,,,,,,,
2156,1111,347.1354428024972,347.1350871424152,,6137697.436583593,92.86788585662434,651158.439703441,31.68322227321518,-1,,,,,,,,unassigned,,,,,,,,,,,,,,,
2157,1112,347.1416147088453,347.14125904252404,,11020328.279518325,141.26185722327165,647588.0101324598,57.68146696625551,-1,,,,,,,,unassigned,,,,,,,,,,,,,,,
2158,1113,347.14482363079156,347.1444679612264,,101782784.14598809,263.3212661551063,626516.303350025,531.2716826035988,-1,,,,,,,,unassigned,,,,,,,,,,,,,,,
2159,1114,347.1476660200674,347.1473103476288,,9957441.578601887,113.82094697646272,614197.3188892694,52.14387769371483,-1,,,,,,,,unassigned,,,,,,,,,,,,,,,
2160,1115,347.15202475040337,347.1516690735584,,3217605.1927724844,111.97003515880147,667720.7963334682,16.62329555388163,-1,,,,,,,,unassigned,,,,,,,,,,,,,,,
2161,1116,347.15448704720797,347.15413136787384,,5515708.548770717,75.04252972770702,623021.8144972799,28.93021924133421,-1,,,,,,,,unassigned,,,,,,,,,,,,,,,
2162,1117,347.16342658537945,347.1630708970082,,167992710.93723074,232.98031117891492,621169.1725229848,888.3724965286558,-1,,,,,,,,unassigned,,,,,,,,,,,,,,,
2163,1118,347.19984349871527,347.19948777352954,,2010272.5930261612,81.8332252629001,632160.0905638016,10.319813468456282,-1,,,,,,,,unassigned,,,,,,,,,,,,,,,
2164,1119,347.24741399017717,347.24705821690173,,3534513.0108977575,108.90887415956979,612349.4282820706,18.26825434444148,-1,,,,,,,,unassigned,,,,,,,,,,,,,,,
2165,1120,347.28383619456275,347.28348038446757,,29823137.793252926,156.26466090695624,630496.6347647271,153.62072749983582,-1,,,,,,,,unassigned,,,,,,,,,,,,,,,
2166,1122,347.3983363441269,347.39798041828203,,3652330.558071469,67.47509631474449,618667.50678391,18.74726634425251,-1,,,,,,,,unassigned,,,,,,,,,,,,,,,
2167,1123,347.6370618820566,347.63670571488194,,6155589.440232786,214.21236840455236,569223.7777905299,32.09906785546871,-1,,,,,,,,unassigned,,,,,,,,,,,,,,,
2168,1124,347.6432521426064,347.64289596917394,,7926959.051652492,86.92068797125454,639007.7445280561,41.00553273107597,-1,,,,,,,,unassigned,,,,,,,,,,,,,,,
2169,1125,347.6462446983862,347.64588852192855,,4516496.693385377,65.4265326654785,624199.4555516168,23.31104001278176,-1,,,,,,,,unassigned,,,,,,,,,,,,,,,
2170,1126,347.6493364387805,347.64898025919734,,1631370.0905814373,87.59637333790303,568610.4981555283,8.45114028238029,-1,,,,,,,,unassigned,,,,,,,,,,,,,,,
2171,1128,348.13386711002715,348.133510440631,,6397883.440149577,211.3082050727847,578811.0883771117,33.715075371314704,-1,,,,,,,,unassigned,,,,,,,,,,,,,,,
2172,1129,348.13872864861935,348.13837197430877,,2750256.0328152017,130.63497229156405,584472.0208136257,14.286138104254194,-1,,,,,,,,unassigned,,,,,,,,,,,,,,,
2173,1130,348.14008770182954,348.13973102614506,,7833485.626452716,112.45895455164786,630433.4614436382,40.531784599394726,-1,,,,,,,,unassigned,,,,,,,,,,,,,,,
2174,1131,348.1462065876153,348.1458499057453,,2102913.934026918,90.99107086966374,593676.7558951369,11.031751633010584,-1,,,,,,,,unassigned,,,,,,,,,,,,,,,
2175,1132,348.1481904884631,348.1478338045876,,20288779.04759347,130.16487955131032,636073.2456306305,104.39303275002548,-1,,,,,,,,unassigned,,,,,,,,,,,,,,,
2176,1134,348.231524758928,348.2311679908102,,1885625.835934272,127.55330627608913,589374.6199961831,9.696045095075986,-1,,,,,,,,unassigned,,,,,,,,,,,,,,,
2177,1135,348.26782975384526,348.2674729490269,,7336903.704061768,70.9288763043195,655464.6681357145,37.75246222686481,-1,,,,,,,,unassigned,,,,,,,,,,,,,,,
2178,1136,348.28561573743247,348.28525891463437,,21128753.394535612,78.55371186029524,625478.274138913,109.08840312179953,-1,,,,,,,,unassigned,,,,,,,,,,,,,,,
2179,1138,348.63559013247743,348.63523295589357,,5083323.355018502,119.809116705911,587240.1668902548,26.616749198290837,-1,,,,,,,,unassigned,,,,,,,,,,,,,,,
2180,1139,348.64176343637394,348.6414062535495,,2719145.1086299196,60.6285655032771,683131.174733468,14.044000170283784,-1,,,,,,,,unassigned,,,,,,,,,,,,,,,
2181,1140,348.99068192158273,348.99032438604246,,4428715.3698561555,64.99580152099406,668211.362695256,22.939937309631457,-1,,,,,,,,unassigned,,,,,,,,,,,,,,,
2182,1141,349.05549170077614,349.055134099721,,61886553.784426734,113.40797725976918,634934.7434168104,317.811302204293,-1,,,,,,,,unassigned,,,,,,,,,,,,,,,
2183,1142,349.07327003267596,349.07291241364914,,3551902.451505884,197.48135822455697,519097.15184053517,18.605141904748137,-1,,,,,,,,unassigned,,,,,,,,,,,,,,,
2184,1143,349.1426972387101,349.1423395495009,,3901730.5748748383,95.12938110351493,614080.4437347548,20.3685377282283,-1,,,,,,,,unassigned,,,,,,,,,,,,,,,
2185,1145,349.1604844239251,349.1601267167352,,56554932.446045116,205.58722870176697,634037.2589026542,290.9024083247987,-1,,,,,,,,unassigned,,,,,,,,,,,,,,,
2186,1146,349.1676878134649,349.16733009899326,,1638172.6775652647,77.24378510704254,671268.6440184636,8.46956382083456,-1,,,,,,,,unassigned,,,,,,,,,,,,,,,
2187,1148,349.21547760242356,349.21511983964234,,5103166.397816794,124.54651548835719,600461.2794808234,26.737818165276042,-1,,,,,,,,unassigned,,,,,,,,,,,,,,,
2188,1149,349.28086961763455,349.2805117887502,,9059374.009677926,95.36876080345326,632844.5451164626,46.61155228930394,-1,,,,,,,,unassigned,,,,,,,,,,,,,,,
2189,1150,349.2890094388598,349.2886516017472,,3989838.86441185,57.0833366484473,621253.1563470442,20.75806396983287,-1,,,,,,,,unassigned,,,,,,,,,,,,,,,
2190,1153,350.16385005435166,350.1634913328931,,10027141.630851952,71.34859860407533,602629.3171039785,52.638681297915234,-1,,,,,,,,unassigned,,,,,,,,,,,,,,,
2191,1154,350.2471518348097,350.24679302914507,,2040620.1202844805,63.296552608649556,673829.49414639,10.509312721128776,-1,,,,,,,,unassigned,,,,,,,,,,,,,,,
2192,1155,350.264822681107,350.2644638575797,,2115411.308412995,129.32154914389852,644706.2468926951,10.897522995700902,-1,,,,,,,,unassigned,,,,,,,,,,,,,,,
2193,1156,350.2842458302733,350.28388698711206,,1967297.5371270017,70.55404965291034,607912.4271202208,10.15926549049764,-1,,,,,,,,unassigned,,,,,,,,,,,,,,,
2194,1157,350.77690503717554,350.77654569601015,,5188366.076930576,173.48283132575125,619786.6950412357,27.366850406786128,-1,,,,,,,,unassigned,,,,,,,,,,,,,,,
2195,1158,351.03475010937484,351.03439050756896,,8576969.322321165,74.39430631486107,614772.9398296421,44.10595105952317,-1,,,,,,,,unassigned,,,,,,,,,,,,,,,
2196,1159,351.0525704487633,351.05221082894394,,16643545.198563408,193.90868042003154,595573.8497118846,87.10648981179013,-1,,,,,,,,unassigned,,,,,,,,,,,,,,,
2197,1160,351.13481074358225,351.1344510406313,,34944149.37352888,139.31903556681792,625911.3382329677,179.28734850069927,-1,,,,,,,,unassigned,,,,,,,,,,,,,,,
2198,1161,351.1583522620857,351.15799253533817,,1772270.8887693204,131.15175830481886,547725.9589051782,9.145970875512772,-1,,,,,,,,unassigned,,,,,,,,,,,,,,,
2199,1163,351.2125261259682,351.2121663444598,,2031840.4047748623,99.85285891553971,572288.6497386108,10.573795105718721,-1,,,,,,,,unassigned,,,,,,,,,,,,,,,
2200,1164,351.2423900097365,351.24203019804054,,2186296.657009822,137.86303641425874,625586.3843092934,11.446281248231667,-1,,,,,,,,unassigned,,,,,,,,,,,,,,,
2201,1165,351.6495720910963,351.64921186780816,,1649771.4716377973,120.26595568673193,520480.8209443944,8.677486611961326,-1,,,,,,,,unassigned,,,,,,,,,,,,,,,
2202,1166,352.05211024136156,352.0517496111788,,2619225.6112041906,130.29823032118844,592058.332474698,13.541300763888694,-1,,,,,,,,unassigned,,,,,,,,,,,,,,,
2203,1167,352.1381770552927,352.1378163381121,,7370428.505853556,147.79872118605272,581992.7892750071,37.9419614795373,-1,,,,,,,,unassigned,,,,,,,,,,,,,,,
2204,1168,352.14982477669923,352.14946404774486,,5948844.47897896,83.53840424687816,625638.6712857855,31.41476499859581,-1,,,,,,,,unassigned,,,,,,,,,,,,,,,
2205,1169,352.15606871975274,352.1557079844869,,4129829.916758258,180.6914583785092,552374.4286202275,21.252867574033274,-1,,,,,,,,unassigned,,,,,,,,,,,,,,,
2206,1171,352.26273089056747,352.26237004748583,,1611986.4917095855,80.10289464232935,639148.3761987695,8.439296579088259,-1,,,,,,,,unassigned,,,,,,,,,,,,,,,
2207,1173,352.6515199646066,352.6511587285329,,2730565.848018301,115.7423130971613,634644.695148097,14.180860741658364,-1,,,,,,,,unassigned,,,,,,,,,,,,,,,
2208,1174,352.77393293041064,352.7735715706013,,6886014.708122376,136.09570678592198,612495.3766527185,35.45215185414591,-1,,,,,,,,unassigned,,,,,,,,,,,,,,,
2209,1175,352.9493200869051,352.94895854981394,,2917942.7663455647,133.50459727659126,639074.5404621796,15.304696587368854,-1,,,,,,,,unassigned,,,,,,,,,,,,,,,
2210,1176,353.01401675267215,353.01365515018557,,3375636.747403994,153.513214642944,597361.6394739948,17.744499465527223,-1,,,,,,,,unassigned,,,,,,,,,,,,,,,
2211,1177,353.031819033373,353.0314574128919,,2772690.6876080353,94.61469161913554,578275.0597121604,14.59933825797679,-1,,,,,,,,unassigned,,,,,,,,,,,,,,,
2212,1178,353.1318823586975,353.1315206370726,,12268135.377112184,88.3949519876551,627865.271710636,63.72438757925618,-1,,,,,,,,unassigned,,,,,,,,,,,,,,,
2213,1182,354.1250509776168,354.1246882521099,,2240194.8954009633,110.83432545139783,571570.8202800872,11.702894819559004,-1,,,,,,,,unassigned,,,,,,,,,,,,,,,
2214,1188,354.77103253454175,354.7706691560956,,3512694.6108432906,75.56340340477729,591792.6599584657,18.160345047780755,-1,,,,,,,,unassigned,,,,,,,,,,,,,,,
2215,1189,354.9837248068066,354.98336121337917,,1570645.332663967,41.517417009824044,546451.9969961009,8.11556868910608,-1,,,,,,,,unassigned,,,,,,,,,,,,,,,
2216,1191,355.1392964655967,355.1389327149239,,2128756.46612035,91.89255789074295,571579.1723662316,10.960689413258399,-1,,,,,,,,unassigned,,,,,,,,,,,,,,,
2217,1200,356.97941522248726,356.9790496119356,,17350906.9609616,143.58962320760853,601232.3078881899,90.52800409615462,-1,,,,,,,,unassigned,,,,,,,,,,,,,,,
2218,1201,356.9905563113922,356.99019068958,,8678718.423305377,107.86990458073355,621329.916486823,44.837628729564194,-1,,,,,,,,unassigned,,,,,,,,,,,,,,,
2219,1202,357.0142730189353,357.0139073731521,,6710246.53562316,158.18125289049823,576317.4628467893,34.504655590783436,-1,,,,,,,,unassigned,,,,,,,,,,,,,,,
2220,1211,358.9876267309219,358.9872590906708,,2307244.753219484,103.29898797391739,605566.7015616702,11.862126830485197,-1,,,,,,,,unassigned,,,,,,,,,,,,,,,
2221,1212,358.99509233499884,358.99472468720245,,2120424.930576538,79.36905135305244,591549.4441181498,11.097549984632979,-1,,,,,,,,unassigned,,,,,,,,,,,,,,,
2222,1213,359.1270579184959,359.1266901373247,,8311493.337876036,100.31954490906406,615695.4102461727,43.78485510360589,-1,,,,,,,,unassigned,,,,,,,,,,,,,,,
2223,1214,359.16342803409884,359.16306021616924,,2290954.8286716756,214.43739273654813,557547.642856778,11.926609215075144,-1,,,,,,,,unassigned,,,,,,,,,,,,,,,
2224,1219,360.20814726652645,360.2077783927347,,1755526.7702405937,109.66696183036552,608817.5613204535,9.018322073365328,-1,,,,,,,,unassigned,,,,,,,,,,,,,,,
2225,1220,360.3042414977802,360.30387252687035,,4080816.278925302,102.98700098786131,596260.5512721763,21.384464277278063,-1,,,,,,,,unassigned,,,,,,,,,,,,,,,
2226,1221,360.64483793534305,360.64446862020935,,2376390.484714998,79.79228762805877,493318.18753212487,12.387197676431901,-1,,,,,,,,unassigned,,,,,,,,,,,,,,,
2227,1222,360.8947167158253,360.8943471481531,,4449187.277713956,144.21703383892373,586364.3133717835,23.116276891979474,-1,,,,,,,,unassigned,,,,,,,,,,,,,,,
2228,1223,361.1240933224588,361.1237235229695,,1679512.6519967637,96.32191979212769,681702.3176895961,8.641955502085233,-1,,,,,,,,unassigned,,,,,,,,,,,,,,,
2229,1224,361.14271006488366,361.1423402465796,,21745226.45294543,157.50508918289907,602923.0338868308,114.49965955922521,-1,,,,,,,,unassigned,,,,,,,,,,,,,,,
2230,1225,361.16363853006015,361.163268690605,,3193865.2630144944,108.18849949318167,607576.5919311477,16.615399751686944,-1,,,,,,,,unassigned,,,,,,,,,,,,,,,
2231,1226,361.17910206902565,361.17873221394245,,30877774.25341536,157.02821916572066,608468.9937999473,159.93736925558565,-1,,,,,,,,unassigned,,,,,,,,,,,,,,,
2232,1227,361.2994597351084,361.29908975838765,,2568970.946821217,60.15855203371993,681697.3222119663,13.235996412360786,-1,,,,,,,,unassigned,,,,,,,,,,,,,,,
2233,1230,362.28349288229794,362.2831219110897,,6694483.787604571,142.3893088239561,591544.7216985523,35.33634675529049,-1,,,,,,,,unassigned,,,,,,,,,,,,,,,
2234,1231,362.9699913116775,362.9696196466891,,106625820.04696082,213.1330731976384,593224.7531171897,567.2344296663346,-1,,,,,,,,unassigned,,,,,,,,,,,,,,,
2235,1232,363.00637687359927,363.0060051718396,,6490669.939428075,122.48836285905878,593658.3618608002,34.536238799562184,-1,,,,,,,,unassigned,,,,,,,,,,,,,,,
2236,1233,363.07117364346794,363.0708018762248,,2585649.700053065,79.92300250468762,612016.952640561,13.304426698048076,-1,,,,,,,,unassigned,,,,,,,,,,,,,,,
2237,1234,363.13976096453314,363.13938912797573,,6497410.422586228,146.4792435859508,590948.9965916428,33.35713233848888,-1,,,,,,,,unassigned,,,,,,,,,,,,,,,
2238,1235,363.15835554410444,363.15798368875545,,14480151.203290446,31.857570535809124,604731.8082909527,74.66270555296296,-1,,,,,,,,unassigned,,,,,,,,,,,,,,,
2239,1236,363.17614391324946,363.17577203992363,,10549340.763987252,198.81956320309624,580797.996045731,54.486299011472056,-1,,,,,,,,unassigned,,,,,,,,,,,,,,,
2240,1238,363.97335227196123,363.972979592986,,8101678.828667906,125.03414490274255,604847.055342893,43.090024510473405,-1,,,,,,,,unassigned,,,,,,,,,,,,,,,
2241,1240,364.1795401540136,364.1791672666695,,2271227.3762809327,95.84801521449195,490927.98907427455,11.783168808538324,-1,,,,,,,,unassigned,,,,,,,,,,,,,,,
2242,1241,364.2264420145828,364.2260690798408,,3020382.861750902,78.03303868585016,563712.7891815152,15.54946645540416,-1,,,,,,,,unassigned,,,,,,,,,,,,,,,
2243,1242,364.28054402047223,364.28017103105606,,2439835.2983722114,76.897796662845,598714.5119791097,12.571433060974606,-1,,,,,,,,unassigned,,,,,,,,,,,,,,,
2244,1243,365.0504346757747,365.0500609083329,,6230802.7910856595,188.4631854772724,602802.8299920942,32.21487295432412,-1,,,,,,,,unassigned,,,,,,,,,,,,,,,
2245,1245,365.15541948296976,365.15504560943486,,4290526.983721037,244.341343126005,597453.8754465546,22.095086474799917,-1,,,,,,,,unassigned,,,,,,,,,,,,,,,
2246,1249,365.24676491805053,365.24639095220596,,8429532.395537581,157.80452237524696,593220.6055574539,43.82696604864422,-1,,,,,,,,unassigned,,,,,,,,,,,,,,,
2247,1252,366.9649441230974,366.9645684209682,,3199104.564682598,80.12968391808508,647869.1254570069,16.4548517737283,-1,,,,,,,,unassigned,,,,,,,,,,,,,,,
2248,1253,367.12974513463223,367.12936926596853,,16381442.891013764,55.96877148018177,594674.6013352325,84.32716743926021,-1,,,,,,,,unassigned,,,,,,,,,,,,,,,
2249,1254,367.15322001661843,367.152844124233,,2141892.55897217,121.76380340058569,535967.3512490275,11.048859204432407,-1,,,,,,,,unassigned,,,,,,,,,,,,,,,
2250,1257,367.2438001773218,367.24342419340365,,2961856.052914918,130.56759982694066,632405.901749173,15.26258564233052,-1,,,,,,,,unassigned,,,,,,,,,,,,,,,
2251,1258,368.13313195859166,368.1327550759985,,2927147.0159421563,54.14790855010979,585310.8986088224,15.075718323722922,-1,,,,,,,,unassigned,,,,,,,,,,,,,,,
2252,1260,368.32031400853293,368.3199369367932,,1684576.9137387797,46.08892684464023,594837.464353935,8.673538710863982,-1,,,,,,,,unassigned,,,,,,,,,,,,,,,
2253,1261,369.1268096288204,369.1264317421288,,4994184.662156794,72.25980109654046,592851.8238997636,26.40356253903428,-1,,,,,,,,unassigned,,,,,,,,,,,,,,,
2254,1262,369.14539318210245,369.1450152766326,,13555179.475770168,194.08945643780106,585093.087676381,71.58860656516471,-1,,,,,,,,unassigned,,,,,,,,,,,,,,,
2255,1265,370.1487329363096,370.1483540169983,,2575657.212395493,88.15142320912317,618216.8229781347,13.701848741847336,-1,,,,,,,,unassigned,,,,,,,,,,,,,,,
2256,1271,371.00624389430357,371.0058641085219,,2675321.907266685,59.30944330045682,518776.1042407407,14.070319510932741,-1,,,,,,,,unassigned,,,,,,,,,,,,,,,
2257,1272,371.0663239265762,371.0659440800874,,70112311.39118536,129.15014884520946,594011.0886506112,360.8065770884302,-1,,,,,,,,unassigned,,,,,,,,,,,,,,,
2258,1274,371.1424497600702,371.14206983666094,,4297158.59757457,114.87760980798775,558546.0957114454,22.51619592518324,-1,,,,,,,,unassigned,,,,,,,,,,,,,,,
2259,1277,372.0658891044906,372.0655082480128,,17820569.682492554,130.57879887542063,595552.5471843304,91.67552734844917,-1,,,,,,,,unassigned,,,,,,,,,,,,,,,
2260,1280,372.1951074480267,372.19472646098444,,5465520.457556543,47.534096936629226,565039.7419787815,28.556484604119014,-1,,,,,,,,unassigned,,,,,,,,,,,,,,,
2261,1281,372.3042481224348,372.3038670251152,,11621420.277098104,127.80892467117118,598275.9336413866,59.78701421817212,-1,,,,,,,,unassigned,,,,,,,,,,,,,,,
2262,1284,373.06930202279864,373.06892015246405,,2103097.304712097,168.40345350643855,495832.12401965185,10.850148182532777,-1,,,,,,,,unassigned,,,,,,,,,,,,,,,
2263,1290,373.98148566783766,373.98110287584257,,5264094.386858801,170.68589074335338,592017.8013750486,27.11681667062103,-1,,,,,,,,unassigned,,,,,,,,,,,,,,,
2264,1291,374.0451880618934,374.0448052055347,,3110087.4251201404,54.800474315864484,604007.3067771863,16.131123883746124,-1,,,,,,,,unassigned,,,,,,,,,,,,,,,
2265,1292,374.062732812803,374.0623499387175,,2650007.989635797,167.3720571568697,601204.009628141,13.66763359900369,-1,,,,,,,,unassigned,,,,,,,,,,,,,,,
2266,1293,374.13796158349464,374.13757863339964,,2601688.217099735,153.05429876828293,596939.4624793709,13.725536148431397,-1,,,,,,,,unassigned,,,,,,,,,,,,,,,
2267,1294,374.1812667133278,374.18088371947835,,1764415.9863330803,79.65357249605388,467644.77666959027,9.250590254592378,-1,,,,,,,,unassigned,,,,,,,,,,,,,,,
2268,1297,374.3012793106187,374.30089619551154,,3518720.7442507152,175.9841208499366,579542.9053849159,18.33142076199898,-1,,,,,,,,unassigned,,,,,,,,,,,,,,,
2269,1298,374.91038016581916,374.90999643529625,,4369742.427260376,117.62267450966976,571106.3312831677,23.029423067837914,-1,,,,,,,,unassigned,,,,,,,,,,,,,,,
2270,1300,375.1219668740172,375.12158292971566,,1754124.9710693466,52.249808530847,614345.8778745729,9.190713754615999,-1,,,,,,,,unassigned,,,,,,,,,,,,,,,
2271,1302,375.2787668367762,375.2783827340509,,47716322.062174596,167.4898647599265,586603.1517436511,247.1491364299716,-1,,,,,,,,unassigned,,,,,,,,,,,,,,,
2272,1304,376.79091811050375,376.7905324799931,,1668831.5901570509,73.8465527725766,592422.2196815967,8.763024469070439,-1,,,,,,,,unassigned,,,,,,,,,,,,,,,
2273,1305,376.9856528032747,376.9852669760194,,166680275.45492688,131.36158974270225,589964.7137163896,857.1261753102133,-1,,,,,,,,unassigned,,,,,,,,,,,,,,,
2274,1306,377.137662423849,377.13727644301554,,5034891.129224428,155.74017917133904,564306.2975213919,25.88770346231471,-1,,,,,,,,unassigned,,,,,,,,,,,,,,,
2275,1307,377.2758216828723,377.27543556245433,,14029579.37801939,93.65178131833801,584279.1961205177,72.78876849875718,-1,,,,,,,,unassigned,,,,,,,,,,,,,,,
2276,1308,377.9890081699798,377.9886213290245,,13961580.551942082,306.18400744564497,578213.8719199707,72.19921526822053,-1,,,,,,,,unassigned,,,,,,,,,,,,,,,
2277,1309,378.9968122187377,378.9964243596083,,2985553.042995716,144.00163958638717,567697.9373237544,15.35733526866677,-1,,,,,,,,unassigned,,,,,,,,,,,,,,,
2278,1310,379.1533043640642,379.15291634683416,,4387354.634627456,43.45729646345307,588572.3292724553,22.539883331767303,-1,,,,,,,,unassigned,,,,,,,,,,,,,,,
2279,1312,380.24474083956295,380.2443517196921,,1813137.0776472276,126.37023901741047,546335.4273465407,9.330206260055474,-1,,,,,,,,unassigned,,,,,,,,,,,,,,,
2280,1313,380.9806825370097,380.9802926736557,,1977750.8152305717,118.66072398372566,524065.4534026986,10.277702523417949,-1,,,,,,,,unassigned,,,,,,,,,,,,,,,
2281,1315,381.1503649732897,381.1499749385159,,1744067.8312915852,99.38871451629674,589133.9748469617,8.97884306239189,-1,,,,,,,,unassigned,,,,,,,,,,,,,,,
2282,1316,381.1688998407741,381.16850978727575,,1890705.6955487416,126.95823676062368,435158.30335534026,9.724996369789839,-1,,,,,,,,unassigned,,,,,,,,,,,,,,,
2283,1323,382.72155345635286,382.72116183433155,,1660439.561516789,115.57565701618603,548359.5538615762,8.601160524079349,-1,,,,,,,,unassigned,,,,,,,,,,,,,,,
2284,1324,383.12468743504274,383.12429540577506,,1738882.9049587564,136.9326144113445,534660.3179235318,9.164394413967042,-1,,,,,,,,unassigned,,,,,,,,,,,,,,,
2285,1331,384.7185984615969,384.71820482219016,,1929623.300904683,149.95336470257655,572934.104105566,10.285598325612636,-1,,,,,,,,unassigned,,,,,,,,,,,,,,,
2286,1332,384.96739471939986,384.9670008286684,,5763886.322389365,99.55093546574834,577044.9148697976,30.356727504507713,-1,,,,,,,,unassigned,,,,,,,,,,,,,,,
2287,1333,385.1183996246173,385.11800558134695,,3953584.7219258533,200.23014807712667,551725.1096310025,20.339586453514446,-1,,,,,,,,unassigned,,,,,,,,,,,,,,,
2288,1340,386.2553080189087,386.2549128271949,,1660438.9939647806,127.93623037301624,453213.4347417724,8.570235298816824,-1,,,,,,,,unassigned,,,,,,,,,,,,,,,
2289,1341,386.71562413292554,386.71522847623265,,1579852.3167613437,152.42690840413138,560011.7309458479,8.25242926048066,-1,,,,,,,,unassigned,,,,,,,,,,,,,,,
2290,1342,386.9644783877507,386.96408247968446,,1814324.0714102152,74.86107563364772,654765.5753329843,9.335470128185266,-1,,,,,,,,unassigned,,,,,,,,,,,,,,,
2291,1343,387.0612750676568,387.0608790618143,,3577423.148607134,141.71487824417278,589511.1039891206,18.502496476217203,-1,,,,,,,,unassigned,,,,,,,,,,,,,,,
2292,1344,387.097643955742,387.0972479131626,,12699530.932825103,110.8128024653821,569039.886839462,66.34579390789236,-1,,,,,,,,unassigned,,,,,,,,,,,,,,,
2293,1347,388.09720414484866,388.09680709260584,,3395524.269373683,130.45031528655863,566862.359989528,17.61816663041223,-1,,,,,,,,unassigned,,,,,,,,,,,,,,,
2294,1350,388.1899885051982,388.18959135923416,,2168507.2101489217,183.79391328971812,507643.97812703776,11.18966767690433,-1,,,,,,,,unassigned,,,,,,,,,,,,,,,
2295,1352,388.2992305451294,388.29883328882056,,3286334.799186381,70.46164039082376,549411.1950608423,17.102307553692658,-1,,,,,,,,unassigned,,,,,,,,,,,,,,,
2296,1353,388.9260364323504,388.92563854291285,,9303196.273698496,113.49945633262871,572258.9403447218,48.66972472805242,-1,,,,,,,,unassigned,,,,,,,,,,,,,,,
2297,1354,389.07692029271584,389.07652225087355,,3700467.394050869,128.87352852763098,567468.2004892408,19.097313574883646,-1,,,,,,,,unassigned,,,,,,,,,,,,,,,
2298,1356,389.16409843790524,389.1637003080063,,4053567.273356456,167.26698280368805,558524.3779126899,20.892292607142554,-1,,,,,,,,unassigned,,,,,,,,,,,,,,,
2299,1357,389.18220366092356,389.181805512737,,1753460.410054948,111.87836414016226,505312.6255525086,9.030823760173583,-1,,,,,,,,unassigned,,,,,,,,,,,,,,,
2300,1358,389.9256628013626,389.9252639022313,,1986383.709591066,151.22942142946573,523452.4881292438,10.22111594102269,-1,,,,,,,,unassigned,,,,,,,,,,,,,,,
2301,1359,390.2056199206004,390.2052207386961,,3864100.525461346,179.14609621227953,545527.2491301734,19.984275354753517,-1,,,,,,,,unassigned,,,,,,,,,,,,,,,
2302,1360,390.27845291093627,390.27805365546664,,2643802.357656988,65.97497743527916,599341.2258792239,14.097954818614147,-1,,,,,,,,unassigned,,,,,,,,,,,,,,,
2303,1362,390.9230582619447,390.92265835539285,,2900982.498571154,126.1816782789792,507084.12984975235,15.180995686318752,-1,,,,,,,,unassigned,,,,,,,,,,,,,,,
2304,1363,391.02129189478717,391.02089188901545,,3749274.6300187455,171.3203916339516,557279.5247623462,19.34997924511364,-1,,,,,,,,unassigned,,,,,,,,,,,,,,,
2305,1364,391.1273699833806,391.126969870466,,3870237.2818980967,275.50254547476175,513299.70435666875,20.12639979425789,-1,,,,,,,,unassigned,,,,,,,,,,,,,,,
2306,1367,391.2624505593464,391.2620503099956,,1685236.7400005278,109.22205568209733,621472.1947161893,8.843298458049759,-1,,,,,,,,unassigned,,,,,,,,,,,,,,,
2307,1368,392.9805806811807,392.9801786964888,,7172033.833582032,107.1453258737165,536206.7876042036,37.77878156751376,-1,,,,,,,,unassigned,,,,,,,,,,,,,,,
2308,1369,393.03566163530155,393.03525959497796,,10817229.645959217,208.97209677249296,562562.1882169904,55.786474439530565,-1,,,,,,,,unassigned,,,,,,,,,,,,,,,
2309,1370,393.1689501717613,393.1685479968166,,2233522.9138612296,180.1995983535807,595191.8485773172,11.491024127334896,-1,,,,,,,,unassigned,,,,,,,,,,,,,,,
2310,1372,393.241835626527,393.2414333779683,,1585593.1829960211,161.79359832620023,451318.40699323005,8.153073749530845,-1,,,,,,,,unassigned,,,,,,,,,,,,,,,
2311,1373,393.2781152240898,393.27771293888884,,42101946.66260018,147.9128081182566,560683.6348993165,219.92441046268985,-1,,,,,,,,unassigned,,,,,,,,,,,,,,,
2312,1374,394.0351773045929,394.03477425476945,,2665355.0251575336,119.3995429190114,546042.7357496746,13.87292445606556,-1,,,,,,,,unassigned,,,,,,,,,,,,,,,
2313,1376,394.99622628378506,394.9958222633316,,2813303.6069472157,136.21124385389942,567210.3471638002,14.701983686507724,-1,,,,,,,,unassigned,,,,,,,,,,,,,,,
2314,1377,395.0324907337079,395.0320866766288,,1674258.9279270298,111.42946856043386,518036.63632973464,8.666958875701743,-1,,,,,,,,unassigned,,,,,,,,,,,,,,,
2315,1379,395.27516464574984,395.2747603435807,,12670465.699811568,93.13792006546998,571121.4643034857,65.68254652353863,-1,,,,,,,,unassigned,,,,,,,,,,,,,,,
2316,1383,396.2784998264206,396.27809451093896,,2935062.258025982,73.35533487306682,628942.8637586992,15.125725070955943,-1,,,,,,,,unassigned,,,,,,,,,,,,,,,
2317,1392,398.32496138469287,398.32455400246175,,2271791.538309284,62.31842497697328,541731.5410402473,11.737109962402648,-1,,,,,,,,unassigned,,,,,,,,,,,,,,,
2318,1393,398.98308546484753,398.98267741798577,,37649494.568881705,118.90780831299423,554555.3329501487,195.07895289007385,-1,,,,,,,,unassigned,,,,,,,,,,,,,,,
2319,1396,399.9864865991306,399.98607753896414,,2848140.811861552,96.73383417877379,530046.6496061959,14.805945082071107,-1,,,,,,,,unassigned,,,,,,,,,,,,,,,
2320,1398,400.96243042244197,400.96202037671844,,1961596.7321354102,104.71586801548051,512245.62797794794,10.080307468550767,-1,,,,,,,,unassigned,,,,,,,,,,,,,,,
2321,1399,400.9801298852866,400.97971982168946,,13086421.285475932,86.11643323879053,549916.6836184293,67.77756603919565,-1,,,,,,,,unassigned,,,,,,,,,,,,,,,
2322,1402,402.0009302708606,402.0005191764287,,1945088.2171521185,66.23413339658684,539030.8821869639,9.992137677376759,-1,,,,,,,,unassigned,,,,,,,,,,,,,,,
2323,1403,402.9416896831713,402.94127763875093,,9416688.700894004,157.0658084456295,542689.6317743027,50.10676072748551,-1,,,,,,,,unassigned,,,,,,,,,,,,,,,
2324,1405,403.17977503123757,403.17936274639897,,7441915.078270876,114.16456412992297,549958.8659061397,38.3104322486227,-1,,,,,,,,unassigned,,,,,,,,,,,,,,,
2325,1407,403.9412532990616,403.94084024529104,,2019988.1360448732,249.4356731689724,476797.199189055,10.585638809010753,-1,,,,,,,,unassigned,,,,,,,,,,,,,,,
2326,1408,404.2941071580205,404.2936937479461,,2698588.3776125377,179.34124447668665,521384.3744204945,13.863712686838424,-1,,,,,,,,unassigned,,,,,,,,,,,,,,,
2327,1409,404.2985807266109,404.29816731201925,,13536368.180534586,143.2312321222617,546846.0352785743,70.32527821401474,-1,,,,,,,,unassigned,,,,,,,,,,,,,,,
2328,1410,404.31030122601777,404.309887799591,,1569729.2648633118,251.47621032517597,517826.21374707273,8.232031771477718,-1,,,,,,,,unassigned,,,,,,,,,,,,,,,
2329,1411,404.9387061942362,404.93829213326677,,2301263.159582209,182.33063938372098,491738.1674379905,11.945032753529414,-1,,,,,,,,unassigned,,,,,,,,,,,,,,,
2330,1413,405.3019507115041,405.30153628374586,,2807412.1597170183,96.36753529739438,549564.1018084585,14.675664345858767,-1,,,,,,,,unassigned,,,,,,,,,,,,,,,
2331,1414,406.0122192805824,406.01180413563293,,4669508.745538533,60.8803676031792,567729.5694777992,23.99534286965466,-1,,,,,,,,unassigned,,,,,,,,,,,,,,,
2332,1416,406.2778582171438,406.2774428039689,,8713541.619291749,119.04414643575558,545708.3158747451,45.42191809197105,-1,,,,,,,,unassigned,,,,,,,,,,,,,,,
2333,1417,406.3097332295666,406.3093177842064,,3025053.845497622,240.33745621825986,529428.7657297093,15.933728828878941,-1,,,,,,,,unassigned,,,,,,,,,,,,,,,
2334,1418,406.9962492091444,406.99583307059083,,9038521.854747595,119.32682044406785,556048.5636408211,46.89580116831268,-1,,,,,,,,unassigned,,,,,,,,,,,,,,,
2335,1419,407.0430314305409,407.04261524475044,,50960132.870766826,120.21972517175485,543005.7959682079,262.793352511712,-1,,,,,,,,unassigned,,,,,,,,,,,,,,,
2336,1422,407.28128804568615,407.28087161932405,,2097750.6884983685,131.7981750899725,545742.752111155,10.785665797942832,-1,,,,,,,,unassigned,,,,,,,,,,,,,,,
2337,1423,408.04260590201665,408.04218870694694,,12418894.498881621,214.86926492640004,545317.2746094022,63.98231711761596,-1,,,,,,,,unassigned,,,,,,,,,,,,,,,
2338,1424,408.04638158017457,408.0459643812926,,4832920.954741461,208.70188851463297,531144.2919166547,25.461330143801597,-1,,,,,,,,unassigned,,,,,,,,,,,,,,,
2339,1428,408.7355520693531,408.7351341746213,,3108373.4131570845,300.3471787190389,505794.1174209057,15.992947345339095,-1,,,,,,,,unassigned,,,,,,,,,,,,,,,
2340,1430,409.01189615088117,409.0114779771297,,24883917.252665296,137.6651892276628,535921.9623363598,130.62815150890643,-1,,,,,,,,unassigned,,,,,,,,,,,,,,,
2341,1431,409.0223060703324,409.0218878860702,,6052947.839985451,126.57705496115602,531729.5946978059,31.4831952842831,-1,,,,,,,,unassigned,,,,,,,,,,,,,,,
2342,1432,409.04004305446085,409.03962485229005,,16470026.069486277,235.60592939454665,496487.7687934255,85.8115782518614,-1,,,,,,,,unassigned,,,,,,,,,,,,,,,
2343,1434,409.0934975010816,409.09307924493896,,7829075.523833094,97.21963547981134,535498.2067827925,41.26346226943575,-1,,,,,,,,unassigned,,,,,,,,,,,,,,,
2344,1438,410.01530597503006,410.0148867881664,,1867690.9415533405,164.30403329731683,570473.712977641,9.835537600515462,-1,,,,,,,,unassigned,,,,,,,,,,,,,,,
2345,1439,410.03962805449925,410.03920884307854,,4333242.478484802,144.08831246967097,532829.5269876883,22.358279881289494,-1,,,,,,,,unassigned,,,,,,,,,,,,,,,
2346,1440,410.04346655699254,410.0430473416963,,1731631.722738009,75.38047682004712,511241.69968447625,9.147286842545219,-1,,,,,,,,unassigned,,,,,,,,,,,,,,,
2347,1441,410.0968386003614,410.09641933117763,,2039473.1646181354,87.59002606010654,507217.70034319087,10.658016995795387,-1,,,,,,,,unassigned,,,,,,,,,,,,,,,
2348,1443,410.2220075109015,410.22158811534007,,24943064.47616365,113.23172907276872,524669.3911450023,130.65973471768518,-1,,,,,,,,unassigned,,,,,,,,,,,,,,,
2349,1445,410.73262268830183,410.7322027771977,,5322634.9366458515,173.64409511405114,518518.58818621276,28.14853482406017,-1,,,,,,,,unassigned,,,,,,,,,,,,,,,
2350,1446,410.83620658750243,410.8357865718155,,1576823.9322028507,151.92625367218284,445314.9879110702,8.107672886911393,-1,,,,,,,,unassigned,,,,,,,,,,,,,,,
2351,1448,411.01929710395876,411.01887690341607,,1766365.6007068565,94.1110158543027,524814.0974885258,9.111755732669126,-1,,,,,,,,unassigned,,,,,,,,,,,,,,,
2352,1449,411.0368813047283,411.0364610864319,,3441057.650790379,180.02217858594855,480709.16156578716,17.872148267674667,-1,,,,,,,,unassigned,,,,,,,,,,,,,,,
2353,1452,411.2253414622008,411.22492105362807,,4955465.932331768,52.0058560829488,553324.2112759929,25.674516803058154,-1,,,,,,,,unassigned,,,,,,,,,,,,,,,
2354,1454,411.9783264025043,411.9779052336972,,5174455.934363446,106.39194574428537,557250.8646734679,27.08260152777739,-1,,,,,,,,unassigned,,,,,,,,,,,,,,,
2355,1457,412.219070762294,412.2186493504271,,7118481.041437557,257.90508750320083,550926.3843538251,36.96814587552587,-1,,,,,,,,unassigned,,,,,,,,,,,,,,,
2356,1459,412.72965462454465,412.7292326971871,,2837127.1207681857,234.65926127768714,497335.71342206444,14.60591809313903,-1,,,,,,,,unassigned,,,,,,,,,,,,,,,
2357,1460,412.96235339438624,412.96193123209537,,12170389.234271016,213.24913556472976,531728.9819699811,63.30327812887286,-1,,,,,,,,unassigned,,,,,,,,,,,,,,,
2358,1463,413.2379139073555,413.2374914668594,,1755047.740207573,133.16846068606895,417281.0090152325,9.243352435913915,-1,,,,,,,,unassigned,,,,,,,,,,,,,,,
2359,1465,414.95941210325617,414.95898792477385,,3890038.4168962426,67.94409579625177,518035.7183337994,20.029018233856746,-1,,,,,,,,unassigned,,,,,,,,,,,,,,,
2360,1466,414.97800537130524,414.9775811740519,,16318632.334163493,131.549396532127,533128.9435107019,84.50613895567311,-1,,,,,,,,unassigned,,,,,,,,,,,,,,,
2361,1467,415.1745135468978,415.17408915125804,,1590246.1613112583,91.0493520904897,424536.7747538765,8.201764529731417,-1,,,,,,,,unassigned,,,,,,,,,,,,,,,
2362,1468,415.17855351980273,415.1781291200844,,2269951.145407916,124.18779240956309,476680.62473109935,11.675259511877599,-1,,,,,,,,unassigned,,,,,,,,,,,,,,,
2363,1471,416.03656134816407,416.036136082246,,5278525.801684542,78.77222540687733,493281.3914020257,28.037993593334548,-1,,,,,,,,unassigned,,,,,,,,,,,,,,,
2364,1472,416.22132459413194,416.22089914168856,,5819882.983232192,110.30010206955592,511372.42624498124,30.275137548495945,-1,,,,,,,,unassigned,,,,,,,,,,,,,,,
2365,1473,416.95735189835443,416.956925702871,,4768474.393374595,242.26422946027282,522501.223846162,24.95863073740651,-1,,,,,,,,unassigned,,,,,,,,,,,,,,,
2366,1474,416.97505367885225,416.9746274654985,,5288424.602221234,67.76614383762754,534906.1957228557,27.232621769476445,-1,,,,,,,,unassigned,,,,,,,,,,,,,,,
2367,1476,417.1954572415847,417.1950308057296,,2528607.628244164,53.123666552602984,542537.2839918009,13.172829994803287,-1,,,,,,,,unassigned,,,,,,,,,,,,,,,
2368,1478,418.07142379524544,418.07099647509597,,6447225.441011532,190.66482204764972,507815.9410061522,33.38345167913784,-1,,,,,,,,unassigned,,,,,,,,,,,,,,,
2369,1480,418.2005924744142,418.2001650238693,,4847196.409606988,155.00263695279685,535595.7487931928,24.94547106708203,-1,,,,,,,,unassigned,,,,,,,,,,,,,,,
2370,1481,418.2183311506702,418.2179036822182,,1736579.6237805707,66.69025715301709,538926.8220207498,9.240720501849019,-1,,,,,,,,unassigned,,,,,,,,,,,,,,,
2371,1482,418.29203008580913,418.2916025429584,,1889028.080184219,134.7122868682923,412381.22897032404,9.87041072687533,-1,,,,,,,,unassigned,,,,,,,,,,,,,,,
2372,1485,420.2890650980871,420.28863553928176,,2267999.7739288122,74.21806276645839,472968.9255192327,11.89765794036129,-1,,,,,,,,unassigned,,,,,,,,,,,,,,,
2373,1486,420.2934620130505,420.2930324498067,,1927396.1416820744,98.03606321149144,490584.9772911291,9.952658666403323,-1,,,,,,,,unassigned,,,,,,,,,,,,,,,
2374,1487,421.0950932488825,421.0946628764354,,8697065.68311976,171.18876600204177,531199.7472644871,46.06411000380562,-1,,,,,,,,unassigned,,,,,,,,,,,,,,,
2375,1488,421.1556511422251,421.15522070864864,,5980131.247557077,80.70661815576074,506458.5475620341,31.362126317297896,-1,,,,,,,,unassigned,,,,,,,,,,,,,,,
2376,1489,421.18486155303714,421.18443108997457,,2214988.76926469,188.746177586542,489431.7563620898,11.409434171323127,-1,,,,,,,,unassigned,,,,,,,,,,,,,,,
2377,1490,421.2002771155256,421.199846636902,,3825053.3682304975,108.79195116084969,528994.997690669,19.842150915249146,-1,,,,,,,,unassigned,,,,,,,,,,,,,,,
2378,1492,422.09459159905083,422.0941602176823,,2942870.222997153,107.26504373181537,490627.1731678225,15.566574026825982,-1,,,,,,,,unassigned,,,,,,,,,,,,,,,
2379,1495,422.9911512734318,422.9907189870681,,2792251.3410078567,70.92586175172428,537489.1913671471,14.367728060265962,-1,,,,,,,,unassigned,,,,,,,,,,,,,,,
2380,1496,423.02756174107725,423.02712941796085,,1939967.4161337633,180.80535115770513,445580.6531660865,10.271780671771934,-1,,,,,,,,unassigned,,,,,,,,,,,,,,,
2381,1497,423.0379579651248,423.0375256315144,,6990254.42904043,119.58660050211432,530240.5555064685,35.97853866712506,-1,,,,,,,,unassigned,,,,,,,,,,,,,,,
2382,1498,423.0743471288682,423.0739147585267,,45695980.206513815,134.25806040816602,528941.1078447766,236.93723225817604,-1,,,,,,,,unassigned,,,,,,,,,,,,,,,
2383,1499,423.0921081047774,423.091675716508,,3680013.323397491,140.65519373286784,482996.597582593,19.14600435508422,-1,,,,,,,,unassigned,,,,,,,,,,,,,,,
2384,1502,424.03745634401105,424.0370230015181,,1857980.4523786833,73.60094728076294,522311.16821445076,9.843433402710149,-1,,,,,,,,unassigned,,,,,,,,,,,,,,,
2385,1503,424.07392510789197,424.07349172858824,,10789518.135328881,200.79278673930617,511309.42781181977,57.02348345003157,-1,,,,,,,,unassigned,,,,,,,,,,,,,,,
2386,1504,424.0777069353178,424.07727355219674,,5980767.580148161,105.16433714692407,510566.0733723769,31.48845915241289,-1,,,,,,,,unassigned,,,,,,,,,,,,,,,
2387,1507,425.03498054183683,425.0345461924739,,2413880.0986133907,116.69129423102216,479025.7928703947,12.495106973092629,-1,,,,,,,,unassigned,,,,,,,,,,,,,,,
2388,1508,425.0536096493712,425.0531752812048,,6764888.640964977,78.5071723131635,522655.7530291216,35.15474330481269,-1,,,,,,,,unassigned,,,,,,,,,,,,,,,
2389,1509,425.0713592189443,425.07092483286226,,16010489.655828305,129.77435072529326,491565.4980844072,83.49547627475314,-1,,,,,,,,unassigned,,,,,,,,,,,,,,,
2390,1510,425.08840602844435,425.08797162515594,,2451047.844550483,112.76403132724616,515258.3812311382,12.91621642347595,-1,,,,,,,,unassigned,,,,,,,,,,,,,,,
2391,1514,425.9403156945574,425.93988043139456,,2568909.7802157095,185.12700675022776,478115.63853411144,13.553144467180724,-1,,,,,,,,unassigned,,,,,,,,,,,,,,,
2392,1515,426.0709176534163,426.0704822584317,,3921407.1443296084,147.6882418777265,509985.13493780076,20.650154673172146,-1,,,,,,,,unassigned,,,,,,,,,,,,,,,
2393,1520,426.9683094615392,426.96787316079076,,7394647.262565644,187.79673752646127,518718.47684531804,38.01565563335438,-1,,,,,,,,unassigned,,,,,,,,,,,,,,,
2394,1521,427.03286487295446,427.032428507049,,2874499.4280315265,139.29649473650832,484464.6900791828,14.844108126012095,-1,,,,,,,,unassigned,,,,,,,,,,,,,,,
2395,1523,427.068205920451,427.0677695188752,,2478534.999178685,158.93355642752803,471817.03910038114,12.738560874095485,-1,,,,,,,,unassigned,,,,,,,,,,,,,,,
2396,1528,428.2386738650368,428.23823628209993,,1997500.4186711852,76.13728716392441,527947.0667386048,10.565899303524034,-1,,,,,,,,unassigned,,,,,,,,,,,,,,,
2397,1529,428.99367707819806,428.993238733246,,20950575.387303486,144.7120953686027,504347.69778655824,110.288565055392,-1,,,,,,,,unassigned,,,,,,,,,,,,,,,
2398,1532,429.2497189794463,429.24928037607697,,1634552.5757479472,148.58005452472747,440005.20983583527,8.627479864728306,-1,,,,,,,,unassigned,,,,,,,,,,,,,,,
2399,1534,430.9907331151552,430.9902927546547,,8004722.193759296,106.31801886628054,523939.22798559687,41.24767066504638,-1,,,,,,,,unassigned,,,,,,,,,,,,,,,
2400,1539,432.03265886867035,432.03221745662773,,3827090.2596706115,100.99996307701355,510835.9989597226,19.979011486623726,-1,,,,,,,,unassigned,,,,,,,,,,,,,,,
2401,1540,432.216277342593,432.2158357452394,,5098440.269548324,92.33143315403595,470720.8898678619,26.214063286361785,-1,,,,,,,,unassigned,,,,,,,,,,,,,,,
2402,1541,433.02995497353066,433.0295125550078,,2142447.7645561397,147.07678838657284,528417.798527414,11.327844215311359,-1,,,,,,,,unassigned,,,,,,,,,,,,,,,
2403,1542,434.00717058212575,434.0067271774073,,42093887.62015426,138.40081045696695,503111.62248592934,220.40868633063067,-1,,,,,,,,unassigned,,,,,,,,,,,,,,,
2404,1543,434.2319441425001,434.23150051094524,,8395914.10939947,226.3091936286442,502549.4748234549,43.421648202650275,-1,,,,,,,,unassigned,,,,,,,,,,,,,,,
2405,1544,434.3091751423638,434.3087314328695,,47927153.810785085,245.16511867746405,498455.1368114356,255.1712714597739,-1,,,,,,,,unassigned,,,,,,,,,,,,,,,
2406,1545,434.74961418352194,434.7491700295501,,1803936.7754717,25.148251776399164,574817.1846362487,9.268355809530425,-1,,,,,,,,unassigned,,,,,,,,,,,,,,,
2407,1546,435.01050023469696,435.0100558174488,,4531372.099532866,124.02872728846037,508938.66188136954,23.31104001278176,-1,,,,,,,,unassigned,,,,,,,,,,,,,,,
2408,1547,435.2353758142966,435.23493117011367,,2462674.0177781554,117.14030925661233,426397.67731777683,12.703029764219393,-1,,,,,,,,unassigned,,,,,,,,,,,,,,,
2409,1548,435.3125371221587,435.3120924001081,,11189036.063147642,147.59046248555103,514327.74290478847,59.23430806454401,-1,,,,,,,,unassigned,,,,,,,,,,,,,,,
2410,1549,436.22901028619964,436.22856463929537,,3127520.2714051222,174.35562192683116,521486.35709521425,16.28114412544518,-1,,,,,,,,unassigned,,,,,,,,,,,,,,,
2411,1550,436.7467068867671,436.7462607174397,,1671321.0681858591,93.51918794188612,460106.4107360406,8.62287398011474,-1,,,,,,,,unassigned,,,,,,,,,,,,,,,
2412,1552,437.09001218870816,437.0895656729441,,27109134.407407068,94.13251337634495,518909.619725958,139.43986675817746,-1,,,,,,,,unassigned,,,,,,,,,,,,,,,
2413,1554,438.0896034582743,438.0891559338149,,6855935.181768552,244.1280548098204,471293.6924827931,36.37069684279453,-1,,,,,,,,unassigned,,,,,,,,,,,,,,,
2414,1555,438.09337144147537,438.0929239132136,,2941781.6745141996,95.61628043364689,449156.61232718744,15.180995686318752,-1,,,,,,,,unassigned,,,,,,,,,,,,,,,
2415,1557,439.06925455993513,439.0688060469214,,2774402.2022146345,126.00454606083379,482684.83944045077,14.56249118106825,-1,,,,,,,,unassigned,,,,,,,,,,,,,,,
2416,1558,439.08700663122175,439.0865581002948,,9516515.754981084,203.6807136339871,465190.9576477468,49.948844683591766,-1,,,,,,,,unassigned,,,,,,,,,,,,,,,
2417,1561,440.0865789170186,440.0861293774553,,2754223.999675843,69.05165544370325,474614.6845956237,14.249291027345654,-1,,,,,,,,unassigned,,,,,,,,,,,,,,,
2418,1566,441.98896171511785,441.9885102559763,,7150458.437254979,103.5059075883088,520855.0966139165,36.715480205295876,-1,,,,,,,,unassigned,,,,,,,,,,,,,,,
2419,1567,442.28981686637997,442.28936510367043,,1601756.3022468896,170.54773179197937,387843.3169930528,8.232689754993942,-1,,,,,,,,unassigned,,,,,,,,,,,,,,,
2420,1568,442.67720854280356,442.67675638921196,,1769641.5935785742,78.75393234626502,445138.44964651513,9.149260793093891,-1,,,,,,,,unassigned,,,,,,,,,,,,,,,
2421,1569,443.9859523184942,443.98549884438927,,2502718.2453103447,106.99944293254906,536656.5695019413,12.907004654248816,-1,,,,,,,,unassigned,,,,,,,,,,,,,,,
2422,1570,444.21628609103334,444.2158323845267,,2704108.6742338054,105.0871069751148,502692.90974224824,14.117694324100865,-1,,,,,,,,unassigned,,,,,,,,,,,,,,,
2423,1571,444.67428351349224,444.67382934487966,,1816567.9196855926,73.95496723383603,504168.06842584664,9.444037408362217,-1,,,,,,,,unassigned,,,,,,,,,,,,,,,
2424,1573,446.08476491553324,446.08430932381253,,12000801.50742926,265.5136872931161,486918.6468974399,63.055876326772655,-1,,,,,,,,unassigned,,,,,,,,,,,,,,,
2425,1577,447.0881634791954,447.08770687511776,,2404861.4818334184,169.28786586018305,471121.98102208576,12.546429687358096,-1,,,,,,,,unassigned,,,,,,,,,,,,,,,
2426,1578,447.13477029147475,447.1343136403747,,7894091.5884849075,107.58373580708057,505120.85252685024,40.631798093860766,-1,,,,,,,,unassigned,,,,,,,,,,,,,,,
2427,1579,448.06399923487663,448.0635416462704,,2353562.772691262,224.36357714524837,493267.08170137217,12.384565742367005,-1,,,,,,,,unassigned,,,,,,,,,,,,,,,
2428,1580,448.21119205106527,448.2107343139566,,1869421.4255495528,114.4534632671257,463106.05449012056,9.868436776326659,-1,,,,,,,,unassigned,,,,,,,,,,,,,,,
2429,1582,448.2884640272539,448.28800621218596,,6650679.027409103,308.9339365897107,455787.50204574777,34.79943220605176,-1,,,,,,,,unassigned,,,,,,,,,,,,,,,
2430,1583,448.32483513290305,448.3243772811405,,9167044.233312668,131.86559713813932,499833.60144208436,48.51180868415868,-1,,,,,,,,unassigned,,,,,,,,,,,,,,,
2431,1585,449.15038382910325,449.1499251444571,,4523228.452882299,101.19767526665225,499889.2917347005,23.52949054016811,-1,,,,,,,,unassigned,,,,,,,,,,,,,,,
2432,1586,449.3282805675609,449.3278217034392,,2381443.671175279,95.30229978089335,496326.4883813526,12.462207797281431,-1,,,,,,,,unassigned,,,,,,,,,,,,,,,
2433,1589,450.30409967957036,450.30363983098056,,3372999.840547162,57.136368888166956,500654.9743858065,17.415507707415255,-1,,,,,,,,unassigned,,,,,,,,,,,,,,,
2434,1591,452.01776029499206,452.0172987175989,,9393822.960071422,110.54710234067633,493151.0833862038,48.45390613473097,-1,,,,,,,,unassigned,,,,,,,,,,,,,,,
2435,1594,454.16448645345724,454.16402271045143,,3076142.806249514,164.36002038064817,455552.43417287985,16.014002817858263,-1,,,,,,,,unassigned,,,,,,,,,,,,,,,
2436,1597,456.22423239574834,456.22376657496187,,2239675.9754852387,151.23798408172235,424057.1277200098,11.53181910534078,-1,,,,,,,,unassigned,,,,,,,,,,,,,,,
2437,1599,456.26997315222525,456.26950728529846,,15057388.618352158,95.97139865644957,493866.6778601476,77.41044471671414,-1,,,,,,,,unassigned,,,,,,,,,,,,,,,
2438,1600,456.27471077005026,456.2742448983445,,30201133.6135236,113.47753222374158,483323.7793480443,158.57929127809942,-1,,,,,,,,unassigned,,,,,,,,,,,,,,,
2439,1601,457.1659681632146,457.16550139247494,,4852072.24539365,183.99926769099125,476825.9042633619,25.16128966040348,-1,,,,,,,,unassigned,,,,,,,,,,,,,,,
2440,1602,457.2733258418166,457.27285896278363,,4382730.055392813,79.41493183691583,485758.7771170394,22.56620267241626,-1,,,,,,,,unassigned,,,,,,,,,,,,,,,
2441,1603,457.2780663427991,457.2775994589843,,7661387.51325299,163.44894928048734,481830.8829606449,39.92380783040381,-1,,,,,,,,unassigned,,,,,,,,,,,,,,,
2442,1604,458.1692665860334,458.16879880326036,,1658582.0710217736,112.32039681822909,420829.42222018295,8.617610111984947,-1,,,,,,,,unassigned,,,,,,,,,,,,,,,
2443,1605,458.413867773248,458.4133997437472,,1682814.4316649851,127.90171136653031,454260.5882981829,8.875539650344733,-1,,,,,,,,unassigned,,,,,,,,,,,,,,,
2444,1607,460.2112223095829,460.2107524671384,,3584475.2539265896,93.48712682126668,474996.8711736804,19.048622794683073,-1,,,,,,,,unassigned,,,,,,,,,,,,,,,
2445,1609,462.22688601866156,462.22641414314745,,19963554.406001188,176.58129323063898,477317.69759023824,105.12997428819631,-1,,,,,,,,unassigned,,,,,,,,,,,,,,,
2446,1611,464.22389008919384,464.22341619951106,,7002380.56082449,162.39408226253016,474544.36334624724,36.731271809685246,-1,,,,,,,,unassigned,,,,,,,,,,,,,,,
2447,1613,465.14536578861134,465.1448909695595,,2150425.7815419254,72.3947786098282,439873.58515203424,11.135055045057744,-1,,,,,,,,unassigned,,,,,,,,,,,,,,,
2448,1614,465.2273751430588,465.226900241296,,2128288.023031904,113.63705314094402,401603.99381250795,11.227172737329095,-1,,,,,,,,unassigned,,,,,,,,,,,,,,,
2449,1618,466.6942265632085,466.6937501820666,,1732693.610777725,94.7672842781286,509452.5367072233,8.909754793188377,-1,,,,,,,,unassigned,,,,,,,,,,,,,,,
2450,1619,467.0098212155772,467.00934451615103,,2397350.127523979,145.92969441289705,535988.6373683508,12.358246401718048,-1,,,,,,,,unassigned,,,,,,,,,,,,,,,
2451,1620,467.01739580505824,467.0169190979929,,3518253.5772737092,151.57776639432788,480867.96948700515,18.185348421397265,-1,,,,,,,,unassigned,,,,,,,,,,,,,,,
2452,1621,467.05219307705886,467.0517163348998,,2104227.4119605874,114.95059661827183,454851.70514822553,10.818564973754029,-1,,,,,,,,unassigned,,,,,,,,,,,,,,,
2453,1622,467.054543162942,467.0540664184129,,27581650.556683883,147.07551681819177,474856.9707181821,142.76663141620568,-1,,,,,,,,unassigned,,,,,,,,,,,,,,,
2454,1623,467.14137152364316,467.14089469154607,,1748831.5332374217,125.7084281628567,438397.15090940136,9.113071699701575,-1,,,,,,,,unassigned,,,,,,,,,,,,,,,
2455,1626,468.054068799653,468.0535910470937,,7695906.519219487,121.80049743606264,486652.8369618615,39.58692027009715,-1,,,,,,,,unassigned,,,,,,,,,,,,,,,
2456,1627,468.0578923042678,468.0574145478525,,2859584.520974557,145.2034572480073,447216.23796096334,14.79673331284397,-1,,,,,,,,unassigned,,,,,,,,,,,,,,,
2457,1628,468.251168452798,468.25069050146436,,3811857.0171237844,142.4105279146083,453787.4515403151,19.606592816440976,-1,,,,,,,,unassigned,,,,,,,,,,,,,,,
2458,1629,468.69130551572084,468.69082712051323,,3582558.46286983,92.48995149014378,473346.8411794831,18.851227739815894,-1,,,,,,,,unassigned,,,,,,,,,,,,,,,
2459,1631,469.04922555120527,469.04874679504167,,2238446.537812133,137.78944523307172,380786.44113500835,11.549584660278827,-1,,,,,,,,unassigned,,,,,,,,,,,,,,,
2460,1632,469.0513437218749,469.0508649635752,,4985798.569713923,99.46340126616056,419757.18182844523,26.437777681877925,-1,,,,,,,,unassigned,,,,,,,,,,,,,,,
2461,1633,469.98387551823083,469.9833958195014,,26141585.537570525,144.61014363445685,470826.6353600019,136.01835247381297,-1,,,,,,,,unassigned,,,,,,,,,,,,,,,
2462,1634,470.07230856912093,470.07182878121034,,1997975.9809954746,93.5061729392131,449500.46407240594,10.374426100302868,-1,,,,,,,,unassigned,,,,,,,,,,,,,,,
2463,1637,470.68835105838576,470.6878706492259,,3403852.9743079473,212.53677725356505,456005.39151420555,17.56158004801697,-1,,,,,,,,unassigned,,,,,,,,,,,,,,,
2464,1638,470.9872221535649,470.9867414430106,,3216843.660789136,97.44118158159061,467186.1731345133,16.560129136324132,-1,,,,,,,,unassigned,,,,,,,,,,,,,,,
2465,1639,471.08427088692673,471.0837900785047,,3729322.451142096,213.4959268338426,454668.48224380554,19.515791091202072,-1,,,,,,,,unassigned,,,,,,,,,,,,,,,
2466,1640,471.33640845335105,471.3359273906646,,3427656.693059067,118.57048605446101,438543.3072011409,17.986637399497635,-1,,,,,,,,unassigned,,,,,,,,,,,,,,,
2467,1641,471.9809279330493,471.9804462204123,,8189691.772772547,189.24581700431764,482976.5123588579,42.13989631304604,-1,,,,,,,,unassigned,,,,,,,,,,,,,,,
2468,1642,472.3015750328368,472.30109299685387,,1853101.6748896746,46.995680403961174,507997.0114353841,9.638800529164502,-1,,,,,,,,unassigned,,,,,,,,,,,,,,,
2469,1644,473.0813418400215,473.0808590177171,,1680586.8141875619,210.38189016547722,427892.84154593793,8.855800144858014,-1,,,,,,,,unassigned,,,,,,,,,,,,,,,
2470,1645,473.16093486723923,473.1604519646735,,3700357.3096174584,117.58222418359311,438211.79250606283,19.048622794683073,-1,,,,,,,,unassigned,,,,,,,,,,,,,,,
2471,1650,476.2425184987531,476.2420324888243,,3302374.384079686,114.23011307726179,448002.19630162057,17.52999683923822,-1,,,,,,,,unassigned,,,,,,,,,,,,,,,
2472,1652,476.2928728151872,476.29238675448437,,14198432.419215921,121.54240924008644,459600.71210844413,74.12579100372423,-1,,,,,,,,unassigned,,,,,,,,,,,,,,,
2473,1653,477.12951033479646,477.1290234304908,,2297332.862624948,77.13149977022886,489080.5201817623,12.013463039216704,-1,,,,,,,,unassigned,,,,,,,,,,,,,,,
2474,1655,477.29624830626864,477.2957612338385,,3669518.0649016113,164.58116383342636,471194.24464919575,18.868335311237715,-1,,,,,,,,unassigned,,,,,,,,,,,,,,,
2475,1657,478.0965536194821,478.0960657400995,,3964097.906210117,204.1305017146242,437835.32584406546,20.67121014569131,-1,,,,,,,,unassigned,,,,,,,,,,,,,,,
2476,1658,478.2349615888241,478.2344735698852,,4988569.10334831,133.59900484806892,431407.5168065756,26.236434725913398,-1,,,,,,,,unassigned,,,,,,,,,,,,,,,
2477,1659,478.239638413969,478.2391503903145,,1755040.1480234044,160.98868393079604,446166.6850547811,9.024901908527566,-1,,,,,,,,unassigned,,,,,,,,,,,,,,,
2478,1660,478.2899948118653,478.28950673743674,,3172896.1163001684,92.7352946580632,501790.98295401665,16.906228465857925,-1,,,,,,,,unassigned,,,,,,,,,,,,,,,
2479,1662,481.0618958704484,481.0614050012058,,59678302.35144528,271.2852511855181,459726.6701264154,310.968273635564,-1,,,,,,,,unassigned,,,,,,,,,,,,,,,
2480,1669,482.95584074977506,482.95534797102033,,5235287.612370663,140.01022356699227,457673.8805947326,26.964164494857076,-1,,,,,,,,unassigned,,,,,,,,,,,,,,,
2481,1670,483.0412138096324,483.04072094480455,,4195743.7980902875,76.02870832671991,474481.0169734009,21.598966903567067,-1,,,,,,,,unassigned,,,,,,,,,,,,,,,
2482,1671,483.0588804833793,483.05838760074,,26937382.929280758,120.67787474811531,437999.2141700073,140.9032220982595,-1,,,,,,,,unassigned,,,,,,,,,,,,,,,
2483,1672,483.06104863882456,483.06055575399927,,2665907.6510745687,209.50864774516987,402678.909152785,13.786728615440223,-1,,,,,,,,unassigned,,,,,,,,,,,,,,,
2484,1673,483.06485841136134,483.0643655226951,,1728510.6073192414,62.355184035196025,435542.2338479986,9.232824699654332,-1,,,,,,,,unassigned,,,,,,,,,,,,,,,
2485,1678,484.3060442530193,484.3055501130069,,225077289.34155226,186.4000030294774,460329.9292201898,1162.4305268381218,-1,,,,,,,,unassigned,,,,,,,,,,,,,,,
2486,1679,485.0381197630652,485.037624884999,,1802382.0959302103,197.06369877331392,465962.0179497814,9.344023913896178,-1,,,,,,,,unassigned,,,,,,,,,,,,,,,
2487,1682,485.30938470667616,485.30888955513245,,54908474.471760914,243.50946216018852,450554.23884190636,290.5234098194538,-1,,,,,,,,unassigned,,,,,,,,,,,,,,,
2488,1683,485.3123172140862,485.3118220595861,,1812685.6744324518,172.00155060725115,454232.46750137524,9.460486996267814,-1,,,,,,,,unassigned,,,,,,,,,,,,,,,
2489,1684,486.31024988844274,486.30975372788333,,2023241.1773494568,122.56740794386593,449170.66217425704,10.486283298060938,-1,,,,,,,,unassigned,,,,,,,,,,,,,,,
2490,1685,486.31274927177384,486.31225310869473,,6897525.637554127,173.0404087815566,453664.6461898295,35.93116385395694,-1,,,,,,,,unassigned,,,,,,,,,,,,,,,
2491,1686,486.32172922698004,486.321233054848,,2295706.3624693286,170.0636322408405,419064.20385747496,12.131900072137013,-1,,,,,,,,unassigned,,,,,,,,,,,,,,,
2492,1687,486.420041233554,486.4195449623104,,7569240.132476994,239.79491456386154,453027.0192878225,39.497434511890695,-1,,,,,,,,unassigned,,,,,,,,,,,,,,,
2493,1688,486.4451947354538,486.4446984388522,,4906567.030480706,134.2448291720891,433362.76293885754,25.31657377023233,-1,,,,,,,,unassigned,,,,,,,,,,,,,,,
2494,1689,487.42332615524896,487.4228288725725,,2284639.4005637183,144.90244520620635,453983.4648416112,12.035834478768319,-1,,,,,,,,unassigned,,,,,,,,,,,,,,,
2495,1690,488.25739144123537,488.2568933177353,,14433119.984616607,133.10452543614264,449841.34058987314,74.3942482783436,-1,,,,,,,,unassigned,,,,,,,,,,,,,,,
2496,1691,488.4171173834665,488.4166190989479,,1867640.250707298,137.99308060336818,513563.42830498936,9.614455139064217,-1,,,,,,,,unassigned,,,,,,,,,,,,,,,
2497,1692,488.4422438166779,488.44174550682953,,1683824.251938213,90.58047065265417,512151.09870452486,8.672222743831535,-1,,,,,,,,unassigned,,,,,,,,,,,,,,,
2498,1693,489.26071734088714,489.2602182059498,,4540541.2985086,123.11833960875599,459204.2723811066,24.154574880580853,-1,,,,,,,,unassigned,,,,,,,,,,,,,,,
2499,1694,490.27217905013254,490.2716788955767,,2939138.7234154497,265.782403557881,415579.45971778675,15.128357005020838,-1,,,,,,,,unassigned,,,,,,,,,,,,,,,
2500,1696,492.049079855197,492.04857790946045,,1855414.2608990276,159.4823790461212,481487.4611985032,9.864488875229315,-1,,,,,,,,unassigned,,,,,,,,,,,,,,,
2501,1698,492.2878036041806,492.2873014178066,,6151387.16536017,108.76347057168591,451474.1917071662,32.01484596539204,-1,,,,,,,,unassigned,,,,,,,,,,,,,,,
2502,1699,493.0876518571697,493.0871488645439,,2115539.331588195,101.45112212852688,494987.4594186277,10.969901182485534,-1,,,,,,,,unassigned,,,,,,,,,,,,,,,
2503,1700,494.28483519528663,494.28433099591683,,2061394.0958955705,210.66708227543342,414824.2703693673,10.873177605600615,-1,,,,,,,,unassigned,,,,,,,,,,,,,,,
2504,1703,495.1139508576379,495.113445822548,,10582545.986576216,111.49584146676158,428303.657077831,55.16007413208537,-1,,,,,,,,unassigned,,,,,,,,,,,,,,,
2505,1708,496.2824650686467,496.28195885575786,,34393973.169040106,177.03048214958457,446312.10965902044,178.00296467703015,-1,,,,,,,,unassigned,,,,,,,,,,,,,,,
2506,1709,497.0568246042244,497.0563176108383,,9258959.70536862,157.04040174944814,444076.0438389068,47.60642336583454,-1,,,,,,,,unassigned,,,,,,,,,,,,,,,
2507,1710,497.09322520723924,497.0927181771643,,37833754.13167682,100.98522808097088,449761.73077055946,194.46834418701803,-1,,,,,,,,unassigned,,,,,,,,,,,,,,,
2508,1711,497.1109123267664,497.1104052788643,,4030338.085775214,171.57122364512153,419635.9993209793,21.327877694882805,-1,,,,,,,,unassigned,,,,,,,,,,,,,,,
2509,1712,497.28583739277684,497.285330168565,,9009919.354944969,132.6373514352573,446799.8394167423,47.52483340982277,-1,,,,,,,,unassigned,,,,,,,,,,,,,,,
2510,1719,498.2852957714496,498.28478753987974,,3307883.07525292,55.361716298258024,479454.66230813897,16.990450355934588,-1,,,,,,,,unassigned,,,,,,,,,,,,,,,
2511,1720,499.0538308647895,499.05332185862363,,4122610.4794031964,179.75617977038777,414752.79070435045,21.193649057573122,-1,,,,,,,,unassigned,,,,,,,,,,,,,,,
2512,1721,499.07247471981566,499.07196569485905,,3818186.1470955764,117.01250739175168,436373.0761451877,20.135611563485025,-1,,,,,,,,unassigned,,,,,,,,,,,,,,,
2513,1722,499.0901868091164,499.08967776630817,,16504277.085374191,134.99445431142573,430059.4289464519,85.80105051560183,-1,,,,,,,,unassigned,,,,,,,,,,,,,,,
2514,1725,500.09354376545343,500.09303371139396,,1785432.65727466,81.40361297370154,359694.7988645823,9.172948199677952,-1,,,,,,,,unassigned,,,,,,,,,,,,,,,
2515,1727,500.3009603409605,500.3004500778551,,13729619.599987341,174.96580957698563,434968.80569574056,72.85719878444448,-1,,,,,,,,unassigned,,,,,,,,,,,,,,,
2516,1728,500.63607452431484,500.6355639234645,,1738517.003439099,75.25602130516212,491752.3663542354,8.957129606356501,-1,,,,,,,,unassigned,,,,,,,,,,,,,,,
2517,1729,501.0517216447095,501.0512106249522,,2812073.4743210254,91.48074237517133,367068.1907234705,14.684876115085903,-1,,,,,,,,unassigned,,,,,,,,,,,,,,,
2518,1730,501.06941921145193,501.06890817385835,,2769492.6815120466,93.11292110635105,446727.9098366309,14.233499422956278,-1,,,,,,,,unassigned,,,,,,,,,,,,,,,
2519,1732,501.30434507458625,501.3038338002259,,3973311.7180207325,170.58491602649787,401615.9824954541,20.723848826989226,-1,,,,,,,,unassigned,,,,,,,,,,,,,,,
2520,1734,502.6329875444807,502.63247493108753,,1866624.0813983257,95.88769680213643,410067.50723408366,9.909231754332543,-1,,,,,,,,unassigned,,,,,,,,,,,,,,,
2521,1735,504.62980815893934,504.6292935331762,,2071038.6383731598,383.112790835107,361920.01536667557,10.642883374922237,-1,,,,,,,,unassigned,,,,,,,,,,,,,,,
2522,1736,505.0519921341025,505.051477082878,,8979546.963262549,142.95664479832914,440698.69287177117,46.39310176191759,-1,,,,,,,,unassigned,,,,,,,,,,,,,,,
2523,1738,506.06472242120316,506.0642063494012,,2203631.894143869,180.4408521266814,368321.86657917727,11.35153162189542,-1,,,,,,,,unassigned,,,,,,,,,,,,,,,
2524,1739,506.2636188733222,506.2631026010851,,1703606.868984801,58.931540657969336,460218.89191650786,8.795265661365411,-1,,,,,,,,unassigned,,,,,,,,,,,,,,,
2525,1742,507.1628597437154,507.16234256529043,,2120730.2093370887,121.32426879279951,412143.33411902754,11.215987017553289,-1,,,,,,,,unassigned,,,,,,,,,,,,,,,
2526,1744,507.44417607851904,507.44365861660776,,1865073.4697940797,202.26294169857235,333125.20046807063,9.660184993441781,-1,,,,,,,,unassigned,,,,,,,,,,,,,,,
2527,1746,510.4399432896442,510.4394228089557,,8088705.737539375,177.7120938809328,413633.116780489,42.11094503833218,-1,,,,,,,,unassigned,,,,,,,,,,,,,,,
2528,1748,511.10894520665545,511.1084240518511,,1993714.0233244572,173.30137423399054,472592.70222478773,10.330341204715864,-1,,,,,,,,unassigned,,,,,,,,,,,,,,,
2529,1750,514.0100872942818,514.0095632162621,,2221906.9789138148,167.00503697093083,409686.0022831527,11.54037289105169,-1,,,,,,,,unassigned,,,,,,,,,,,,,,,
2530,1751,514.2524653165692,514.251940994335,,1841454.0092233536,198.8936740255319,396566.76580012275,9.51641559514685,-1,,,,,,,,unassigned,,,,,,,,,,,,,,,
2531,1752,514.2730765115691,514.2725521685676,,6724191.960446268,266.6269767169834,404349.99285664,35.652178843077984,-1,,,,,,,,unassigned,,,,,,,,,,,,,,,
2532,1753,514.4765786906182,514.4760541425735,,4390230.454701425,62.684034449236506,429727.3358586189,22.620157320746625,-1,,,,,,,,unassigned,,,,,,,,,,,,,,,
2533,1754,515.2765133164404,515.2759879624118,,2360053.0652040597,185.91332107518775,378051.628202642,12.247047187476202,-1,,,,,,,,unassigned,,,,,,,,,,,,,,,
2534,1755,515.4717550935661,515.4712295428213,,1656249.5450051413,215.1931225675062,404467.9023800691,8.557075628492345,-1,,,,,,,,unassigned,,,,,,,,,,,,,,,
2535,1756,515.4800383649459,515.4795128058553,,1793451.105198528,97.1323373364458,356942.5574296965,9.310466754568756,-1,,,,,,,,unassigned,,,,,,,,,,,,,,,
2536,1757,516.2887271439948,516.2882007701163,,93208496.8057446,288.93679802932684,422796.9679172821,495.77215593628483,-1,,,,,,,,unassigned,,,,,,,,,,,,,,,
2537,1758,517.292083242418,517.2915558576343,,25578075.19188151,226.61990226183497,426481.38272056787,135.34457735319964,-1,,,,,,,,unassigned,,,,,,,,,,,,,,,
2538,1759,517.3095306299913,517.309003227629,,5683977.5503766285,169.40813609118732,435661.94792690716,29.50924473561128,-1,,,,,,,,unassigned,,,,,,,,,,,,,,,
2539,1761,518.2953442312077,518.2948158356346,,3531090.295710115,212.0678307886254,423988.27340662346,18.13665764119669,-1,,,,,,,,unassigned,,,,,,,,,,,,,,,
2540,1764,519.2987089641477,519.2981795577011,,5310077.729817323,157.45720506393997,418075.2250343019,27.43528069247342,-1,,,,,,,,unassigned,,,,,,,,,,,,,,,
2541,1765,519.306556602688,519.3060271883351,,2786811.974880124,284.99886947014954,398716.1303586996,14.327591065776302,-1,,,,,,,,unassigned,,,,,,,,,,,,,,,
2542,1766,520.3021405339161,520.3016101165487,,1931420.1657230647,147.8155820389615,462074.9427552278,9.955948583984442,-1,,,,,,,,unassigned,,,,,,,,,,,,,,,
2543,1767,521.0832137291053,521.0826825248488,,1818379.2554579203,363.4321499002433,342796.15340323444,9.36639535344779,-1,,,,,,,,unassigned,,,,,,,,,,,,,,,
2544,1768,521.13709419095,521.1365629324123,,1708193.384684446,102.16154368714554,450282.66920475644,8.84000854046864,-1,,,,,,,,unassigned,,,,,,,,,,,,,,,
2545,1772,522.9660798867028,522.9655467856109,,2644411.266132444,88.67237419615924,420200.33488891576,13.708428577009574,-1,,,,,,,,unassigned,,,,,,,,,,,,,,,
2546,1773,523.1578224349497,523.1572891406967,,1664227.7209405294,213.3458477545107,406227.5992640076,8.633401716374323,-1,,,,,,,,unassigned,,,,,,,,,,,,,,,
2547,1774,523.3839656553246,523.3834321332561,,1770776.6530034407,105.24581940953827,393244.90162064234,9.338760045766387,-1,,,,,,,,unassigned,,,,,,,,,,,,,,,
2548,1775,524.0389030739615,524.0383688921186,,2335363.978679949,138.85718964443316,359030.12075467163,12.022674808443838,-1,,,,,,,,unassigned,,,,,,,,,,,,,,,
2549,1778,525.9244274262483,525.9238913450034,,1805204.4054620175,129.07642713845013,397671.7918994384,9.53154921602,-1,,,,,,,,unassigned,,,,,,,,,,,,,,,
2550,1779,526.2897311847191,526.2891947354902,,21498785.85769108,155.07598102836982,434042.07449735375,111.69928171417612,-1,,,,,,,,unassigned,,,,,,,,,,,,,,,
2551,1782,528.2867802165389,528.2862417556547,,6982341.37614048,290.58392264904285,426951.9491442396,36.08907989785068,-1,,,,,,,,unassigned,,,,,,,,,,,,,,,
2552,1783,529.1971981659336,529.1966587879991,,1631021.7924095744,125.8404375780195,385493.4571012075,8.38928983185524,-1,,,,,,,,unassigned,,,,,,,,,,,,,,,
2553,1791,534.2792955941859,534.2787510974364,,2658700.864224577,169.18357224027983,404153.7285957963,13.903191697811861,-1,,,,,,,,unassigned,,,,,,,,,,,,,,,
2554,1792,534.2985168706726,534.297972354564,,2080179.9981681318,154.35271238927425,403204.349132017,10.703417858414838,-1,,,,,,,,unassigned,,,,,,,,,,,,,,,
2555,1796,536.2949355923341,536.2943890655248,,6841474.4135604715,194.86871308145692,427083.3296536159,35.36003416187456,-1,,,,,,,,unassigned,,,,,,,,,,,,,,,
2556,1797,536.3083562179528,536.3078096776272,,4290998.951599965,181.72719062066852,365920.9284296749,22.24247478243408,-1,,,,,,,,unassigned,,,,,,,,,,,,,,,
2557,1799,536.9817159159711,536.9811686974869,,4147603.1700233524,268.0665163923048,422522.1638285767,21.46868616735473,-1,,,,,,,,unassigned,,,,,,,,,,,,,,,
2558,1801,537.9371082519067,537.9365600712368,,5030015.077695402,126.9472492252529,400791.1046490387,26.597009692804118,-1,,,,,,,,unassigned,,,,,,,,,,,,,,,
2559,1802,538.2499949756198,538.2494464798424,,3030794.1029130453,223.72489767723016,383244.75143722026,15.57315386198822,-1,,,,,,,,unassigned,,,,,,,,,,,,,,,
2560,1803,538.3105364642715,538.3099879075232,,3416085.3495597253,90.85861569925088,392665.0658744704,17.90241550942097,-1,,,,,,,,unassigned,,,,,,,,,,,,,,,
2561,1804,538.9787037375331,538.9781545078823,,1900046.8362552994,133.63789870492508,417251.7245866388,9.803954391736712,-1,,,,,,,,unassigned,,,,,,,,,,,,,,,
2562,1805,540.4194694821599,540.4189188015633,,3068313.6767992186,301.706818709219,346085.6073248049,15.823845581669543,-1,,,,,,,,unassigned,,,,,,,,,,,,,,,
2563,1806,541.0286405407455,541.0280892466861,,3441991.0891737663,70.79902266369962,401023.434901253,17.90899534458321,-1,,,,,,,,unassigned,,,,,,,,,,,,,,,
2564,1810,542.0729821996825,542.0724298539412,,6346804.134641192,95.98414315407697,414136.2274388209,32.62019080031807,-1,,,,,,,,unassigned,,,,,,,,,,,,,,,
2565,1811,542.0766702143537,542.0761178648985,,2417987.2157030413,62.93542319395698,435823.96719992097,12.59577845107489,-1,,,,,,,,unassigned,,,,,,,,,,,,,,,
2566,1812,542.5078549401376,542.5073021564734,,25661962.337639734,201.6621506274641,402562.7010704518,136.38682324289837,-1,,,,,,,,unassigned,,,,,,,,,,,,,,,
2567,1815,543.5031267070533,543.5025729211509,,9119433.119936079,164.1598173132465,393293.1591214201,48.40126745343306,-1,,,,,,,,unassigned,,,,,,,,,,,,,,,
2568,1817,544.2604376856524,544.2598831371514,,3312606.1650289306,170.56830811353998,386738.4801957027,17.174685740477294,-1,,,,,,,,unassigned,,,,,,,,,,,,,,,
2569,1818,544.5049094239741,544.5043546292969,,8804791.796147265,137.76066396729388,387802.3884969057,45.46666097107428,-1,,,,,,,,unassigned,,,,,,,,,,,,,,,
2570,1819,545.5002281824903,545.4996723855672,,2712920.124902716,200.74065808439562,363522.7194811988,13.95122449449621,-1,,,,,,,,unassigned,,,,,,,,,,,,,,,
2571,1820,545.5082957296781,545.5077399246316,,3016475.194020179,327.4172760513423,383449.69928055163,16.014002817858263,-1,,,,,,,,unassigned,,,,,,,,,,,,,,,
2572,1822,548.1117038047424,548.1111453782631,,2404304.8648299966,248.42628182773763,364385.6726223232,12.691844044443586,-1,,,,,,,,unassigned,,,,,,,,,,,,,,,
2573,1824,549.4168370003918,549.4162772597942,,2936254.993003305,277.1260643408527,373875.56265353184,15.109275483050343,-1,,,,,,,,unassigned,,,,,,,,,,,,,,,
2574,1825,550.0422932407041,550.0417328703564,,2278185.6927120616,228.96062106397295,327724.312887714,11.81080411621973,-1,,,,,,,,unassigned,,,,,,,,,,,,,,,
2575,1827,550.2933623736227,550.2928017504845,,6979787.201811076,116.19446267573367,385937.94160468894,36.418071655962656,-1,,,,,,,,unassigned,,,,,,,,,,,,,,,
2576,1829,550.4200930459472,550.4195322952098,,1867664.5134844605,183.2376695091676,335109.98088785226,9.725654353306062,-1,,,,,,,,unassigned,,,,,,,,,,,,,,,
2577,1831,551.2967108655846,551.2961492322313,,2435774.0352479103,145.28708354280275,379814.20313153404,12.560247341198798,-1,,,,,,,,unassigned,,,,,,,,,,,,,,,
2578,1833,552.2903496027808,552.2897869690083,,2183332.4831315246,124.58283399196775,422177.47635773005,11.277179484562115,-1,,,,,,,,unassigned,,,,,,,,,,,,,,,
2579,1835,554.2855192537551,554.284954611258,,2602511.797141886,153.07609988498572,385910.9001033604,13.507085621045048,-1,,,,,,,,unassigned,,,,,,,,,,,,,,,
2580,1836,555.0807683313284,555.0802028882016,,38256520.514022306,187.5286771910737,394947.3388064059,197.6582482736717,-1,,,,,,,,unassigned,,,,,,,,,,,,,,,
2581,1840,556.3012453443513,556.3006786725142,,7202482.090370066,122.99120874777405,397893.36018126534,38.21041875415667,-1,,,,,,,,unassigned,,,,,,,,,,,,,,,
2582,1841,557.0601416480446,557.0595742122068,,2687547.729745152,192.48980466550503,396765.3275658448,13.859106802224856,-1,,,,,,,,unassigned,,,,,,,,,,,,,,,
2583,1844,557.3045767102699,557.3040090283554,,2380909.2388453824,143.85394694210368,373114.23244495975,12.246389203959978,-1,,,,,,,,unassigned,,,,,,,,,,,,,,,
2584,1848,558.5028851841128,558.5023162958593,,1818971.6067299284,189.43046536595375,392242.009987017,9.423639919359275,-1,,,,,,,,unassigned,,,,,,,,,,,,,,,
2585,1851,560.2786104187118,560.2780397428857,,2192655.5725472705,155.87352403251842,369815.6324303358,11.360743391122554,-1,,,,,,,,unassigned,,,,,,,,,,,,,,,
2586,1852,560.591908912016,560.5913379208077,,1627902.7196984994,183.36122239559455,349811.3579251462,8.420544048875877,-1,,,,,,,,unassigned,,,,,,,,,,,,,,,
2587,1853,562.127392516063,562.126819979187,,4932648.453022481,120.54567584277727,400421.48155335913,25.379740187789828,-1,,,,,,,,unassigned,,,,,,,,,,,,,,,
2588,1854,562.2554014268759,562.254828761144,,2412298.497935753,256.2032717420221,395978.9704823414,12.470103599476118,-1,,,,,,,,unassigned,,,,,,,,,,,,,,,
2589,1855,562.4654477549877,562.4648748778208,,1693114.0509922581,201.96596197626684,317994.03062423575,8.711372763046858,-1,,,,,,,,unassigned,,,,,,,,,,,,,,,
2590,1858,564.5287115640665,564.5281366100393,,2195461.300802606,67.4966789382641,379828.4450756424,11.28968117137037,-1,,,,,,,,unassigned,,,,,,,,,,,,,,,
2591,1859,564.5923486823392,564.5917736642568,,2395829.5100521715,166.87726268283618,396403.3261854212,12.312845539098596,-1,,,,,,,,unassigned,,,,,,,,,,,,,,,
2592,1860,565.0187868086255,565.018211361306,,1597788.6556127581,212.49223924568903,386224.52745509,8.489303326321279,-1,,,,,,,,unassigned,,,,,,,,,,,,,,,
2593,1861,566.4964683747766,566.4958914401049,,4631171.2790112905,102.29387797810526,369443.9021420815,24.054561386114813,-1,,,,,,,,unassigned,,,,,,,,,,,,,,,
2594,1862,568.4867879094502,568.4862089715023,,5011474.780757108,132.71238953969686,372371.6771560184,25.760054660167267,-1,,,,,,,,unassigned,,,,,,,,,,,,,,,
2595,1863,568.5030748176785,568.5024958633379,,1611547.4294031453,143.9323238414197,353530.20063645137,8.507068881259325,-1,,,,,,,,unassigned,,,,,,,,,,,,,,,
2596,1864,568.9171455490829,568.9165661779862,,1631491.6884406027,133.14402836599498,395644.07693096966,8.384683947241673,-1,,,,,,,,unassigned,,,,,,,,,,,,,,,
2597,1865,569.1328456390803,569.132266050886,,6252129.092945463,166.8296211311711,393308.7716125605,32.3517335256987,-1,,,,,,,,unassigned,,,,,,,,,,,,,,,
2598,1866,569.295525543532,569.2949457916044,,2541774.3103451077,186.3159289806187,335409.0524863305,13.374830934284036,-1,,,,,,,,unassigned,,,,,,,,,,,,,,,
2599,1868,570.24416560385,570.24358489715,,7920113.058207816,168.10838646782568,394405.5186640716,41.00290079701107,-1,,,,,,,,unassigned,,,,,,,,,,,,,,,
2600,1869,570.539218416295,570.5386374126385,,21605911.290790424,282.01579203873,382016.6451828209,113.39424725196899,-1,,,,,,,,unassigned,,,,,,,,,,,,,,,
2601,1870,571.0757152805147,571.0751337369044,,3344726.9534467934,83.38813373831489,379903.80126424076,17.770818806176184,-1,,,,,,,,unassigned,,,,,,,,,,,,,,,
2602,1871,571.1120831722912,571.111501592079,,24055075.061403275,254.98569590350445,396515.06927528256,123.85355322586474,-1,,,,,,,,unassigned,,,,,,,,,,,,,,,
2603,1873,571.166217307209,571.1656356725141,,3979621.9711452657,158.46207384963145,388789.4194936215,20.694897552275375,-1,,,,,,,,unassigned,,,,,,,,,,,,,,,
2604,1874,571.2476272467567,571.2470455301279,,1805453.495017704,243.2043452855434,332007.49106629036,9.369685271028912,-1,,,,,,,,unassigned,,,,,,,,,,,,,,,
2605,1875,571.5344448845212,571.5338628792301,,83292345.42719728,141.2537591494676,393787.5646033092,428.0367008421275,-1,,,,,,,,unassigned,,,,,,,,,,,,,,,
2606,1877,572.1116768828895,572.1110942966586,,8526114.640065238,664.1777549280799,383476.26901120815,43.86381312555276,-1,,,,,,,,unassigned,,,,,,,,,,,,,,,
2607,1881,572.5460758399416,572.545492816526,,1703967.3626463441,314.6378683712813,319008.13238869415,8.774210188846245,-1,,,,,,,,unassigned,,,,,,,,,,,,,,,
2608,1882,573.0913481178832,573.0907645457038,,3333076.7132100053,203.2711388131657,360117.7311189465,17.661593542483008,-1,,,,,,,,unassigned,,,,,,,,,,,,,,,
2609,1884,573.5315055352305,573.5309215200796,,27322792.877545167,236.27256370807396,390745.3750040858,140.77688926314448,-1,,,,,,,,unassigned,,,,,,,,,,,,,,,
2610,1886,574.5348675202403,574.5342824953269,,10758847.43839108,146.04784804963253,390039.527386244,55.41537173638026,-1,,,,,,,,unassigned,,,,,,,,,,,,,,,
2611,1890,576.2865943855963,576.28600759783,,6950674.091268385,84.98313317509546,387122.1031381265,35.99959413964423,-1,,,,,,,,unassigned,,,,,,,,,,,,,,,
2612,1894,579.0709570738238,579.0703674841365,,2874686.8412918122,89.77145243863635,334589.93562019535,15.189549472029665,-1,,,,,,,,unassigned,,,,,,,,,,,,,,,
2613,1901,582.9331265727583,582.9325330968028,,1711709.012871846,103.48162560986819,350895.0452260293,9.040035529400717,-1,,,,,,,,unassigned,,,,,,,,,,,,,,,
2614,1903,584.2996945009528,584.299099649974,,2756160.6604515994,177.5023764436418,354064.44714394875,14.524986120643485,-1,,,,,,,,unassigned,,,,,,,,,,,,,,,
2615,1904,585.1277226371534,585.1271269530414,,2051211.4909543914,181.00537986314828,321177.75735916616,10.670189690845529,-1,,,,,,,,unassigned,,,,,,,,,,,,,,,
2616,1905,585.5500895540832,585.5494934450055,,1708425.001445134,99.99726866354486,397718.8465230343,8.968315326132307,-1,,,,,,,,unassigned,,,,,,,,,,,,,,,
2617,1907,586.3526120693199,586.3520151527916,,2455128.8867146224,267.56956947161996,322814.4071471492,12.703687747735618,-1,,,,,,,,unassigned,,,,,,,,,,,,,,,
2618,1914,590.2753920585427,590.2747911953313,,1909377.5986436922,317.8877871168198,362723.9053010708,9.8585670235833,-1,,,,,,,,unassigned,,,,,,,,,,,,,,,
2619,1915,590.286763496196,590.2861626215445,,21487816.34268121,248.25608182807701,373967.6737059592,113.18369252677734,-1,,,,,,,,unassigned,,,,,,,,,,,,,,,
2620,1917,591.290104759885,591.2895028758281,,6164661.760599659,339.4786093753607,355665.0255966002,31.714805481993928,-1,,,,,,,,unassigned,,,,,,,,,,,,,,,
2621,1921,594.306148272597,594.3055433543891,,4845525.327146354,92.46359212036518,328804.9636967491,24.954682836309164,-1,,,,,,,,unassigned,,,,,,,,,,,,,,,
2622,1923,597.5501711180844,597.5495629365805,,2521076.4350283667,296.9574717921744,299615.0121981682,13.126771148667611,-1,,,,,,,,unassigned,,,,,,,,,,,,,,,
2623,1925,598.2321805319107,598.2315716643722,,4552601.72337562,156.06478410288233,344286.2869651071,23.520278770940973,-1,,,,,,,,unassigned,,,,,,,,,,,,,,,
2624,1926,598.2754566406571,598.2748477295875,,60738733.84634183,286.56747017764417,375010.2441316086,314.3792601836689,-1,,,,,,,,unassigned,,,,,,,,,,,,,,,
2625,1927,598.337079028257,598.3364700552017,,3275683.344685897,297.27242203659995,358724.1013707854,17.30167655910851,-1,,,,,,,,unassigned,,,,,,,,,,,,,,,
2626,1929,599.2788153972108,599.2782054768785,,17705497.813817058,102.91455115529529,376171.5117484001,91.0965018541721,-1,,,,,,,,unassigned,,,,,,,,,,,,,,,
2627,1930,599.5657890092025,599.5651788002117,,212754481.62626162,165.74316314083973,371752.60603412957,1098.3797794348184,-1,,,,,,,,unassigned,,,,,,,,,,,,,,,
2628,1931,600.2293373269652,600.2287264505364,,1999475.5298648346,326.4036465715293,339641.7270514087,10.279018490450397,-1,,,,,,,,unassigned,,,,,,,,,,,,,,,
2629,1932,600.2477469912303,600.2471360962842,,2897237.3176418007,136.24089119072832,371770.70169971936,14.886219071050428,-1,,,,,,,,unassigned,,,,,,,,,,,,,,,
2630,1933,600.282193916313,600.2815829867183,,3373620.097087577,290.60096298691815,339849.7722152778,17.439195113999315,-1,,,,,,,,unassigned,,,,,,,,,,,,,,,
2631,1936,601.5628507023578,601.5622384846257,,67362205.12706853,316.58197659068185,365487.49637950305,354.700490057872,-1,,,,,,,,unassigned,,,,,,,,,,,,,,,
2632,1937,601.5724896061048,601.5718773786776,,16435529.290874422,175.97500722901555,364897.9428537606,86.67485262514722,-1,,,,,,,,unassigned,,,,,,,,,,,,,,,
2633,1938,602.5661680290714,602.5655548021844,,27156136.86541312,169.66156538676353,366328.36515446496,144.29841704197503,-1,,,,,,,,unassigned,,,,,,,,,,,,,,,
2634,1939,602.575809409884,602.5751961732996,,2089942.2580719744,153.1185825332634,371555.2316272193,11.08768023188962,-1,,,,,,,,unassigned,,,,,,,,,,,,,,,
2635,1941,603.5695915606037,603.568977324475,,4768386.551959196,379.0059286830662,355999.8260229974,25.091543407683744,-1,,,,,,,,unassigned,,,,,,,,,,,,,,,
2636,1944,605.3615405367209,605.3609244983029,,1774378.9941616727,78.69080937378436,292883.67916136596,9.236114617235451,-1,,,,,,,,unassigned,,,,,,,,,,,,,,,
2637,1946,606.2816766531331,606.2810596892945,,6562035.581981829,177.87632197052716,379605.0078760911,33.97037297560959,-1,,,,,,,,unassigned,,,,,,,,,,,,,,,
2638,1948,607.1565075064357,607.1558896627575,,4533894.914024443,84.05779839582979,363091.66111683846,23.82558312246888,-1,,,,,,,,unassigned,,,,,,,,,,,,,,,
2639,1949,607.2850709955717,607.2844530225954,,2046800.6543599085,234.41322809856604,300091.75934974686,10.552081649683332,-1,,,,,,,,unassigned,,,,,,,,,,,,,,,
2640,1952,609.2763310394124,609.2757110638375,,1649596.4162845758,180.8114188242504,316840.3567762767,8.485026433465823,-1,,,,,,,,unassigned,,,,,,,,,,,,,,,
2641,1959,612.2723030174817,612.2716800290251,,6938843.059018934,192.38411757691767,351118.8351093577,36.579935600953746,-1,,,,,,,,unassigned,,,,,,,,,,,,,,,
2642,1961,613.5450990503309,613.5444747819487,,2768576.6559508895,113.09446970458049,405367.09141544194,14.227577571310263,-1,,,,,,,,unassigned,,,,,,,,,,,,,,,
2643,1962,613.5814770054164,613.5808527004531,,2647930.894703605,105.90258096920527,371397.4585902797,13.688689071522855,-1,,,,,,,,unassigned,,,,,,,,,,,,,,,
2644,1964,614.2703414167944,614.2697164191219,,1953138.0423419334,103.736300148925,281816.4264260254,10.209930221246884,-1,,,,,,,,unassigned,,,,,,,,,,,,,,,
2645,1968,615.5607849018343,615.5601586065416,,3292149.5151210744,149.1598736766609,348735.09016913973,16.91017636695527,-1,,,,,,,,unassigned,,,,,,,,,,,,,,,
2646,1972,616.2861301059436,616.2855030812865,,2061810.027610732,102.07753228540464,401966.97318878095,10.762636374874994,-1,,,,,,,,unassigned,,,,,,,,,,,,,,,
2647,1977,618.3032633675331,618.3026343146207,,95056237.0279822,393.1553789744224,350575.02109706803,488.97123831259415,-1,,,,,,,,unassigned,,,,,,,,,,,,,,,
2648,1978,618.3233161273183,618.322687054243,,2099327.950608181,124.94846605552544,325681.29549783183,10.978454968196445,-1,,,,,,,,unassigned,,,,,,,,,,,,,,,
2649,1982,620.2972489710085,620.296617913196,,1690610.9399134913,185.27269431428277,392250.4557475625,9.035429644787149,-1,,,,,,,,unassigned,,,,,,,,,,,,,,,
2650,1983,620.3096395450178,620.3090084747472,,11824124.692203874,364.6688055921353,333343.78672169003,62.23997676665497,-1,,,,,,,,unassigned,,,,,,,,,,,,,,,
2651,1986,622.2985248225981,622.2978917526355,,2243635.3600771707,207.41282714433257,371586.74661743257,11.541030874567914,-1,,,,,,,,unassigned,,,,,,,,,,,,,,,
2652,1987,622.3129494018624,622.3123163173971,,5760556.596203159,377.98980079864106,343045.98154159373,30.585705768153645,-1,,,,,,,,unassigned,,,,,,,,,,,,,,,
2653,1988,622.3162816313583,622.3156485435427,,1748692.8940224652,207.3102361619346,288707.32964178926,9.081159499164713,-1,,,,,,,,unassigned,,,,,,,,,,,,,,,
2654,1989,622.3340924816428,622.3334593759198,,76619726.3423473,181.03184416544138,347472.2107369182,397.21148907406837,-1,,,,,,,,unassigned,,,,,,,,,,,,,,,
2655,1990,622.3542685385579,622.3536354125497,,2154597.8650529757,193.13249886466826,343382.71093906125,11.181771874709643,-1,,,,,,,,unassigned,,,,,,,,,,,,,,,
2656,1992,622.511822015574,622.5111887311598,,1587474.2161787588,104.68189781018714,306916.7410324023,8.374485202740201,-1,,,,,,,,unassigned,,,,,,,,,,,,,,,
2657,1994,623.3164009156433,623.3157668223045,,1956023.1627900237,275.6396073750594,314040.6268681955,10.233617627830945,-1,,,,,,,,unassigned,,,,,,,,,,,,,,,
2658,1997,624.3841476682786,624.3835125014457,,1571156.1049502492,173.5880152432285,284393.69985546084,8.271510782451156,-1,,,,,,,,unassigned,,,,,,,,,,,,,,,
2659,1998,624.5425738535222,624.5419385274123,,32363255.52763801,268.62701356923407,347415.3300782539,166.94884160446796,-1,,,,,,,,unassigned,,,,,,,,,,,,,,,
2660,2001,625.9064170395689,625.9057803423121,,10855782.587150764,170.5375738703476,352884.1882503436,56.102306527318056,-1,,,,,,,,unassigned,,,,,,,,,,,,,,,
2661,2003,626.2634753155266,626.2628382593057,,48912009.94639791,175.42409477871013,351758.816704968,256.10823998687675,-1,,,,,,,,unassigned,,,,,,,,,,,,,,,
2662,2005,626.5490107829326,626.5483734396538,,12186827.925589515,408.2811810633904,346853.3476369528,62.82689806312673,-1,,,,,,,,unassigned,,,,,,,,,,,,,,,
2663,2011,628.2605373584746,628.2598982945783,,15713447.537669437,222.1918680648239,359176.70195009327,80.93723636367446,-1,,,,,,,,unassigned,,,,,,,,,,,,,,,
2664,2012,628.2700686770729,628.2694296035947,,2231309.7249758905,123.91274867054673,317132.99280308845,11.629200665741923,-1,,,,,,,,unassigned,,,,,,,,,,,,,,,
2665,2016,630.1029826995027,630.1023417834402,,3517558.8345118896,64.40489703989448,350820.6236933234,18.100468547804375,-1,,,,,,,,unassigned,,,,,,,,,,,,,,,
2666,2017,630.2583967589854,630.257755686692,,28544283.554278303,157.12989452575275,348954.3210479004,146.6776854366408,-1,,,,,,,,unassigned,,,,,,,,,,,,,,,
2667,2020,631.2617100440193,631.2610679631508,,7074803.346105192,197.4189037700684,375482.3274257786,36.42070359002755,-1,,,,,,,,unassigned,,,,,,,,,,,,,,,
2668,2022,631.555710137757,631.5550677613503,,3756523.5946684526,77.13277176961888,365243.8969020581,19.35392714621098,-1,,,,,,,,unassigned,,,,,,,,,,,,,,,
2669,2026,632.2554518298443,632.2548087500422,,8808074.366947688,107.41048769151129,354103.2303438341,46.577337146460295,-1,,,,,,,,unassigned,,,,,,,,,,,,,,,
2670,2028,633.0933008946889,633.0926569726757,,2525380.9125362127,171.31354023007782,302936.104213088,12.985304692679463,-1,,,,,,,,unassigned,,,,,,,,,,,,,,,
2671,2033,634.2765869423174,634.2759418308817,,5262197.00771321,121.44853670120521,346921.4963185887,27.806383395623723,-1,,,,,,,,unassigned,,,,,,,,,,,,,,,
2672,2034,634.2965945332285,634.2959494016816,,3689109.364831008,223.92761646609023,334771.39383497636,19.2032489209957,-1,,,,,,,,unassigned,,,,,,,,,,,,,,,
2673,2036,635.3000611611371,635.2994150209421,,1648736.4805595642,95.00280291651549,336407.28145318327,8.474827688964352,-1,,,,,,,,unassigned,,,,,,,,,,,,,,,
2674,2037,637.4495044015879,637.4488561009183,,1556664.1838550884,155.10485044386556,308933.7941652377,8.132347268769792,-1,,,,,,,,unassigned,,,,,,,,,,,,,,,
2675,2043,638.3078720429835,638.3072228795668,,4916995.83739452,226.2547417964922,318100.9588725306,25.411323396568577,-1,,,,,,,,unassigned,,,,,,,,,,,,,,,
2676,2050,640.2871893693963,640.2865382166196,,66803698.30303213,92.34853878701301,349234.4870635581,345.1834164792089,-1,,,,,,,,unassigned,,,,,,,,,,,,,,,
2677,2051,640.2947683307208,640.2941171703269,,2481789.001023507,78.04890086153573,374743.03168599255,12.811597044396343,-1,,,,,,,,unassigned,,,,,,,,,,,,,,,
2678,2054,640.6087766954588,640.6081252194706,,1615326.3782041557,195.6665840845294,300010.94874254195,8.342244010445228,-1,,,,,,,,unassigned,,,,,,,,,,,,,,,
2679,2055,641.283908265409,641.2832561108861,,1767815.4207054349,377.5621251518756,283063.3349497084,9.144654908480323,-1,,,,,,,,unassigned,,,,,,,,,,,,,,,
2680,2056,641.2905701117285,641.2899179505101,,18467185.53900818,172.19861205274037,346074.13697837,95.21811059979886,-1,,,,,,,,unassigned,,,,,,,,,,,,,,,
2681,2059,642.2584632368973,642.2578101029231,,2732080.0695263115,267.55918310725576,282450.66601399996,14.051237988962248,-1,,,,,,,,unassigned,,,,,,,,,,,,,,,
2682,2064,644.1548026032327,644.1541475634458,,1663417.853201818,196.98466710229764,316333.1595453389,8.694265191625037,-1,,,,,,,,unassigned,,,,,,,,,,,,,,,
2683,2065,644.2376746141067,644.2370194910354,,1866657.874623581,99.24533512982103,340835.06074607105,9.707888798368018,-1,,,,,,,,unassigned,,,,,,,,,,,,,,,
2684,2078,646.269605793941,646.2689486288712,,1910025.9903278097,216.44868516101678,313696.506068718,9.863830891713091,-1,,,,,,,,unassigned,,,,,,,,,,,,,,,
2685,2084,648.2005774740574,648.1999183685252,,2461134.1173464884,133.06964051726507,351087.9360474578,12.919506341057069,-1,,,,,,,,unassigned,,,,,,,,,,,,,,,
2686,2086,648.3123180946687,648.311658876849,,4824537.588343908,208.41404923189708,329524.0378790944,25.436326770185087,-1,,,,,,,,unassigned,,,,,,,,,,,,,,,
2687,2087,649.1247501708506,649.1240901366298,,2002571.968775195,212.20532443827847,293604.5437991263,10.445159328296942,-1,,,,,,,,unassigned,,,,,,,,,,,,,,,
2688,2093,650.3262213271933,650.325560085656,,2239196.481220443,365.7423358418004,321987.25764085713,11.510763632821613,-1,,,,,,,,unassigned,,,,,,,,,,,,,,,
2689,2099,652.2954486560781,652.2947854357952,,2064972.5453138514,312.19158341223925,310710.27647539444,10.757372506745202,-1,,,,,,,,unassigned,,,,,,,,,,,,,,,
2690,2100,653.2824251142466,653.281760902246,,4791319.727256163,234.5782150049621,325698.3748968738,24.629638979294537,-1,,,,,,,,unassigned,,,,,,,,,,,,,,,
2691,2101,653.3022176881491,653.3015534562611,,2126520.78424167,96.72804679390468,315692.60305085796,10.978783959954557,-1,,,,,,,,unassigned,,,,,,,,,,,,,,,
2692,2104,654.2664731788739,654.2658079781174,,2551167.8343694005,335.0470388151755,312161.7689624288,13.187305632160214,-1,,,,,,,,unassigned,,,,,,,,,,,,,,,
2693,2105,654.2829279724185,654.2822627551287,,6772433.358180709,155.48262541856036,338772.5633465596,34.91128940380983,-1,,,,,,,,unassigned,,,,,,,,,,,,,,,
2694,2110,656.2740844696447,656.2734172517322,,16461994.215910183,282.1301134722215,332870.56240473443,85.79578664747204,-1,,,,,,,,unassigned,,,,,,,,,,,,,,,
2695,2112,656.5283465150857,656.5276790417081,,2622888.942275517,190.49465162518214,369672.6966805897,13.531431011145335,-1,,,,,,,,unassigned,,,,,,,,,,,,,,,
2696,2116,658.27120340723,658.2705341827836,,5303321.059182606,293.3259699254264,341570.0161643988,27.932716230738716,-1,,,,,,,,unassigned,,,,,,,,,,,,,,,
2697,2118,658.2897275074685,658.2890582644111,,266346398.54574367,213.6232095697089,339214.19458794757,1375.2592430618524,-1,,,,,,,,unassigned,,,,,,,,,,,,,,,
2698,2126,660.2867899752608,660.2861187258069,,85508449.24757786,475.31946687298523,329221.6578012224,454.6508181063534,-1,,,,,,,,unassigned,,,,,,,,,,,,,,,
2699,2127,660.2964285625085,660.295757303371,,10721010.061053615,89.54638385081392,335133.9281836545,56.79450518638564,-1,,,,,,,,unassigned,,,,,,,,,,,,,,,
2700,2134,662.2482005726251,662.2475273526708,,1871447.8530631776,226.9611898234528,306115.2846888364,9.843433402710149,-1,,,,,,,,unassigned,,,,,,,,,,,,,,,
2701,2135,662.2551961814298,662.2545229544476,,6862569.995543915,621.699569639726,318133.8842593367,35.281076139927684,-1,,,,,,,,unassigned,,,,,,,,,,,,,,,
2702,2137,662.2935156961265,662.292842430648,,3565817.356991106,158.59995562860342,350222.266564772,18.51170824544434,-1,,,,,,,,unassigned,,,,,,,,,,,,,,,
2703,2141,665.2471745667943,665.2464983341166,,2200010.3634691094,219.83162315015548,351222.50534574135,11.489050176786224,-1,,,,,,,,unassigned,,,,,,,,,,,,,,,
2704,2143,665.3023535089433,665.3016772208352,,1599744.8856779796,167.42735908643562,306547.8249900305,8.296843147825777,-1,,,,,,,,unassigned,,,,,,,,,,,,,,,
2705,2160,669.3218871260223,669.3212068002387,,107390225.48258506,162.65497576357305,334757.7804808974,553.1693740235316,-1,,,,,,,,unassigned,,,,,,,,,,,,,,,
2706,2166,671.2682161400843,671.2675338593032,,24711266.58431178,162.78649317710241,319474.8311520932,130.78606755280018,-1,,,,,,,,unassigned,,,,,,,,,,,,,,,
2707,2167,671.2731133544672,671.2724310687672,,1961828.806525102,104.14649716542293,350304.71152255347,10.194796600373733,-1,,,,,,,,unassigned,,,,,,,,,,,,,,,
2708,2170,672.2690064692346,672.2683231832353,,9514520.78609749,149.2427572647463,313214.4393261459,50.01727496927905,-1,,,,,,,,unassigned,,,,,,,,,,,,,,,
2709,2171,672.2734186206558,672.2727353302249,,36492990.205173165,316.1021989588326,300439.28573270596,188.49911772783446,-1,,,,,,,,unassigned,,,,,,,,,,,,,,,
2710,2174,673.265225277024,673.2645409904183,,6311977.0695917355,140.7234325865792,334254.1768331481,32.8215337562826,-1,,,,,,,,unassigned,,,,,,,,,,,,,,,
2711,2176,673.2768312235092,673.2761469252466,,11129289.48816776,159.13519090193802,311191.47247062426,58.20522184516977,-1,,,,,,,,unassigned,,,,,,,,,,,,,,,
2712,2177,673.8724196057817,673.8717347093171,,1633887.7634504016,320.4045134459403,316757.22470067313,8.433045735684132,-1,,,,,,,,unassigned,,,,,,,,,,,,,,,
2713,2180,674.2687043842988,674.2680190898144,,2901003.5777000827,150.2458771354227,281241.9963120466,15.059926719333548,-1,,,,,,,,unassigned,,,,,,,,,,,,,,,
2714,2182,674.2846828997535,674.2839975892207,,14960966.906115817,263.7815246203145,328681.5987712796,78.59744697998212,-1,,,,,,,,unassigned,,,,,,,,,,,,,,,
2715,2183,674.2890714600713,674.2883861451307,,2755994.681835304,158.11116584899557,351792.60422736255,14.190730494401723,-1,,,,,,,,unassigned,,,,,,,,,,,,,,,
2716,2184,675.2679898244347,675.2673035263037,,48934253.11118896,218.3142724839928,329961.45649404445,251.78134038418813,-1,,,,,,,,unassigned,,,,,,,,,,,,,,,
2717,2185,675.2879544290644,675.2872681108818,,4015946.8575654966,160.80864186429974,325278.1300565628,21.087713711461067,-1,,,,,,,,unassigned,,,,,,,,,,,,,,,
2718,2187,676.257148776181,676.2564614845936,,2037271.5527834003,67.46702043360222,343324.11330819555,10.644199341954684,-1,,,,,,,,unassigned,,,,,,,,,,,,,,,
2719,2190,677.265128616143,677.264440312217,,2399474.84914221,156.57141028774146,248004.60695909578,12.332585044585315,-1,,,,,,,,unassigned,,,,,,,,,,,,,,,
2720,2194,677.5817824286278,677.5810938066827,,1699478.1708267624,115.86346318995314,283569.3753486517,8.80842533168989,-1,,,,,,,,unassigned,,,,,,,,,,,,,,,
2721,2195,678.261066934605,678.2603776304537,,1817105.1412448976,198.76444835577342,336507.2262837765,9.376594097949262,-1,,,,,,,,unassigned,,,,,,,,,,,,,,,
2722,2211,681.2971292793668,681.2964369262071,,2359351.003215518,145.75817973276645,334181.5599479702,12.175984967724018,-1,,,,,,,,unassigned,,,,,,,,,,,,,,,
2723,2216,682.2746040247765,682.2739106900133,,2019939.079366863,234.8607241973138,281897.1101038671,10.745857795211283,-1,,,,,,,,unassigned,,,,,,,,,,,,,,,
2724,2229,685.3166597935502,685.3159634040039,,2155653.8203941737,183.3625776110739,313960.90515072335,11.275863517529666,-1,,,,,,,,unassigned,,,,,,,,,,,,,,,
2725,2230,686.1622886808744,686.1615914421942,,56363452.751750164,376.69902994459903,292304.81749381043,294.69239337824865,-1,,,,,,,,unassigned,,,,,,,,,,,,,,,
2726,2231,686.1851958728765,686.1844986111944,,2316592.502289285,196.86127081185617,260645.39100962575,11.973655036485155,-1,,,,,,,,unassigned,,,,,,,,,,,,,,,
2727,2238,687.3045130270988,687.3038146414825,,5928927.790477912,174.0413577838477,297982.8542007702,31.423976767822946,-1,,,,,,,,unassigned,,,,,,,,,,,,,,,
2728,2244,688.3158595581189,688.3151601570061,,23627510.168067615,272.0034194760062,309856.16595979856,123.81144228082641,-1,,,,,,,,unassigned,,,,,,,,,,,,,,,
2729,2245,689.0664870447571,689.0657868899499,,2952358.535915641,170.35930111714538,313328.1892810944,15.560652175179966,-1,,,,,,,,unassigned,,,,,,,,,,,,,,,
2730,2246,689.1110674385219,689.1103672389524,,1880243.8346914938,77.27363782342273,355182.68711129704,9.759869496149708,-1,,,,,,,,unassigned,,,,,,,,,,,,,,,
2731,2251,690.2796300439169,690.2789286710338,,10528344.914319692,79.85968238764438,305664.08537860453,55.131122857371516,-1,,,,,,,,unassigned,,,,,,,,,,,,,,,
2732,2258,691.2991787385308,691.2984763419761,,2849731.3410586673,280.9358506861173,269051.3692166493,14.902010675439803,-1,,,,,,,,unassigned,,,,,,,,,,,,,,,
2733,2267,694.234284634647,694.2335792912332,,1670184.650039813,191.82760351481465,341840.2809795385,8.84856232617955,-1,,,,,,,,unassigned,,,,,,,,,,,,,,,
2734,2269,694.2466433113017,694.24593795548,,5017311.676878686,115.99122813103368,268005.3740988155,25.946263995258644,-1,,,,,,,,unassigned,,,,,,,,,,,,,,,
2735,2270,694.2710237753909,694.2703183950919,,21367658177.568104,423.1679269012421,314532.41947184113,111560.98937067024,-1,,,,,,,,unassigned,,,,,,,,,,,,,,,
2736,2271,694.2951365092027,694.2944311046951,,6304517.69118312,161.76441530244955,335737.984859826,33.73613084383387,-1,,,,,,,,unassigned,,,,,,,,,,,,,,,
2737,2273,695.2681756070535,695.2674692256497,,90588108.00618094,492.90835339607025,351567.95171312947,470.0213130453447,-1,,,,,,,,unassigned,,,,,,,,,,,,,,,
2738,2279,696.2776138192144,696.2769064243909,,874146078.7021484,314.65526468357444,311505.65003389417,4574.427737623949,-1,,,,,,,,unassigned,,,,,,,,,,,,,,,
2739,2286,698.0615212417715,698.0608120560543,,2252252.8323893133,207.4086796521511,286434.2819059747,11.913778536508778,-1,,,,,,,,unassigned,,,,,,,,,,,,,,,
2740,2292,698.2930954093098,698.2923859911161,,1662305.3163892264,97.94703860993646,251624.13866047695,8.558391595524792,-1,,,,,,,,unassigned,,,,,,,,,,,,,,,
2741,2294,698.3977402087219,698.3970306854761,,2019966.8330087953,179.7280567225799,292941.85705122224,10.606365289771807,-1,,,,,,,,unassigned,,,,,,,,,,,,,,,
2742,2302,700.3082579500133,700.307546508851,,1771681.3074529693,299.2902390512124,236057.32483691795,9.111426740911014,-1,,,,,,,,unassigned,,,,,,,,,,,,,,,
2743,2305,701.283713446691,701.2830010263239,,2656165.879503825,295.6168520240651,316212.96041631466,13.756461373693922,-1,,,,,,,,unassigned,,,,,,,,,,,,,,,
2744,2307,701.3036221409184,701.3029097005663,,1865231.7709420966,152.59797392387188,296183.7183794355,9.673673655524372,-1,,,,,,,,unassigned,,,,,,,,,,,,,,,
2745,2312,702.573536911457,702.5728231963379,,55391605.78436264,531.4006250932164,258190.84763806078,284.80684903050013,-1,,,,,,,,unassigned,,,,,,,,,,,,,,,
2746,2314,703.2993062809925,703.2985918373454,,437608496.4311478,569.2465314095374,311100.0111872526,2305.9953502990707,-1,,,,,,,,unassigned,,,,,,,,,,,,,,,
2747,2316,703.5940290789563,703.5933143394691,,11123184.603928313,238.2236416137581,291237.8028417391,57.913077163966335,-1,,,,,,,,unassigned,,,,,,,,,,,,,,,
2748,2323,704.6057069814497,704.6049912264629,,9154502.41098567,164.62166299420682,299389.9578140855,47.07608865175804,-1,,,,,,,,unassigned,,,,,,,,,,,,,,,
2749,2324,705.1154514103049,705.1147351436558,,9929281.333507214,466.6493315002272,284618.2451685772,51.364825210505686,-1,,,,,,,,unassigned,,,,,,,,,,,,,,,
2750,2331,706.292393981265,706.291676533265,,8550803.257857937,177.45096440581736,342389.88587370043,45.169252421741064,-1,,,,,,,,unassigned,,,,,,,,,,,,,,,
2751,2356,711.3078214190356,711.3070989371329,,1580417.0802298076,85.65409040726533,304966.34754269413,8.155047700079518,-1,,,,,,,,unassigned,,,,,,,,,,,,,,,
2752,2362,712.300373851494,712.2996503734423,,6360982.928668153,238.8121158991524,299503.3487931629,32.93075901997577,-1,,,,,,,,unassigned,,,,,,,,,,,,,,,
2753,2369,714.2976058733004,714.2968803908392,,2372008.8887200924,185.81280464763935,261830.36361857306,12.292119058337542,-1,,,,,,,,unassigned,,,,,,,,,,,,,,,
2754,2371,715.344231500699,715.3435049678828,,1772568.9956715968,205.9464956504072,278019.86984407424,9.122612460686822,-1,,,,,,,,unassigned,,,,,,,,,,,,,,,
2755,2375,717.278580166081,717.2778516920813,,4827028.502029561,127.9299678954653,320330.4794992754,25.38632002295207,-1,,,,,,,,unassigned,,,,,,,,,,,,,,,
2756,2385,719.2942704338884,719.2935399371556,,7097531.719724707,126.35067573080597,307136.34799260506,36.635206216316554,-1,,,,,,,,unassigned,,,,,,,,,,,,,,,
2757,2393,721.1468252609712,721.1460929052827,,6290260.943070171,269.98292868213616,288407.1448871352,33.205796129757374,-1,,,,,,,,unassigned,,,,,,,,,,,,,,,
2758,2415,725.8864756391938,725.8857385277905,,5036894.663447049,226.98579525556178,303672.94206135673,26.26801793469215,-1,,,,,,,,unassigned,,,,,,,,,,,,,,,
2759,2416,726.2146240417118,726.2138866010645,,5501580.839842968,82.48378275356819,315449.43589754344,28.29197523059699,-1,,,,,,,,unassigned,,,,,,,,,,,,,,,
2760,2418,726.2520550639738,726.2513175857706,,3005356.564587815,139.24492877241312,358823.3752444873,15.461954647746376,-1,,,,,,,,unassigned,,,,,,,,,,,,,,,
2761,2425,727.3273013293693,727.3265627723459,,2150409.508819405,417.53098136443174,255640.2296944438,11.129791176927952,-1,,,,,,,,unassigned,,,,,,,,,,,,,,,
2762,2426,728.2320303084573,728.2312908437156,,10433407.157923358,240.1579753046379,289643.7853321941,53.82041969305343,-1,,,,,,,,unassigned,,,,,,,,,,,,,,,
2763,2429,728.2952196888672,728.294480160728,,2735323.1933345674,346.5701742984001,291152.6930574434,14.405891104206951,-1,,,,,,,,unassigned,,,,,,,,,,,,,,,
2764,2434,730.2290353719384,730.2282939036513,,6213056.244639067,175.83519847158402,290941.19564005744,32.279355338914065,-1,,,,,,,,unassigned,,,,,,,,,,,,,,,
2765,2444,732.342045688944,732.3413021008132,,8561112.062336905,347.1499347820882,272116.3071630726,44.0572602793226,-1,,,,,,,,unassigned,,,,,,,,,,,,,,,
2766,2445,733.259037848405,733.2582933403444,,2262572.8543644813,213.2152496360645,234422.09051615483,11.657493956939552,-1,,,,,,,,unassigned,,,,,,,,,,,,,,,
2767,2455,737.2755165913211,737.2747680541124,,1856856.3278692695,277.06906589712236,235716.59372848936,9.602611435772186,-1,,,,,,,,unassigned,,,,,,,,,,,,,,,
2768,2463,739.2239775416181,739.2232270499186,,3086819.1298879446,72.47630907862039,273752.97924305993,15.986038518418743,-1,,,,,,,,unassigned,,,,,,,,,,,,,,,
2769,2471,741.2218801714455,741.2211276757392,,3160823.17603544,128.64716336787006,256731.32644845915,16.248244949633985,-1,,,,,,,,unassigned,,,,,,,,,,,,,,,
2770,2473,742.0768331290376,742.0760797757907,,1559186.0607207508,181.5766594791272,266281.55821866135,8.114252722073633,-1,,,,,,,,unassigned,,,,,,,,,,,,,,,
2771,2490,749.320995030695,749.3202344119472,,3915936.3539620466,145.24595265435593,277983.4643818545,20.197462014010075,-1,,,,,,,,unassigned,,,,,,,,,,,,,,,
2772,2495,751.2639447978623,751.2631822306199,,2787054.0207985425,161.7604272671158,314869.7343443916,14.572360933811607,-1,,,,,,,,unassigned,,,,,,,,,,,,,,,
2773,2498,752.3198365213876,752.3190728952718,,1763070.0938184275,168.04507121511207,303269.13252649974,9.323626424893236,-1,,,,,,,,unassigned,,,,,,,,,,,,,,,
2774,2500,753.9132810508487,753.9125158268309,,4380428.621300335,271.64865807309775,254736.6242386297,22.52145979331303,-1,,,,,,,,unassigned,,,,,,,,,,,,,,,
2775,2503,754.2460449491082,754.2452793914022,,18311343.93936387,190.54120694436034,287839.9531745328,95.62342844579281,-1,,,,,,,,unassigned,,,,,,,,,,,,,,,
2776,2509,756.2616478278889,756.2608802490277,,58960352.18638066,446.96498252797306,292896.29044595856,307.0940666920375,-1,,,,,,,,unassigned,,,,,,,,,,,,,,,
2777,2513,757.2649706329051,757.2642020479877,,17960456.73702918,348.13139581303756,290697.1286214281,92.84410607326289,-1,,,,,,,,unassigned,,,,,,,,,,,,,,,
2778,2514,757.2744607266211,757.2736921321879,,2493545.0229321728,307.0661691057866,276704.5852322641,12.846141178998101,-1,,,,,,,,unassigned,,,,,,,,,,,,,,,
2779,2516,758.2572103828564,758.2564408030158,,2537172.5564533966,328.0207757352839,282861.35436804936,13.413980953499362,-1,,,,,,,,unassigned,,,,,,,,,,,,,,,
2780,2519,758.3663819230723,758.365612233766,,3045705.9188625915,222.52647057433774,250807.71783003994,15.783708587179882,-1,,,,,,,,unassigned,,,,,,,,,,,,,,,
2781,2524,763.0854743273164,763.084699906435,,2397847.6119909436,243.68608578736342,295904.11908025295,12.587553657122092,-1,,,,,,,,unassigned,,,,,,,,,,,,,,,
2782,2525,763.3084851423515,763.3077104978804,,3413776.2703071544,160.30350697227016,284041.8005111914,17.572107784276554,-1,,,,,,,,unassigned,,,,,,,,,,,,,,,
2783,2530,766.3558162223468,766.3550385227343,,2201455.8412208827,171.099962607564,240459.15147256185,11.385746764739064,-1,,,,,,,,unassigned,,,,,,,,,,,,,,,
2784,2540,771.5806206135769,771.5798376762008,,2987991.3280326324,401.89787928119824,260677.53871028742,15.38595755162251,-1,,,,,,,,unassigned,,,,,,,,,,,,,,,
2785,2542,772.2870900441148,772.286306398559,,22687033.31603907,157.05879866222307,286925.0882791498,117.85011162383752,-1,,,,,,,,unassigned,,,,,,,,,,,,,,,
2786,2545,773.2905037269012,773.2897190755197,,5879583.598431256,227.92994099616095,292221.13021782326,31.22263381185842,-1,,,,,,,,unassigned,,,,,,,,,,,,,,,
2787,2551,777.1374079346223,777.1366194272754,,10364856.766318463,190.38128717088847,290815.9186873486,53.62434060521869,-1,,,,,,,,unassigned,,,,,,,,,,,,,,,
2788,2554,779.1343719045607,779.133581395663,,6676552.013848348,341.1631673220798,269700.87713542127,35.07841721693071,-1,,,,,,,,unassigned,,,,,,,,,,,,,,,
2789,2562,782.3114217893486,782.3106280962679,,2022318.37502718,129.34467235215166,268190.8969992927,10.414234103034417,-1,,,,,,,,unassigned,,,,,,,,,,,,,,,
2790,2563,784.3824901294021,784.3816943607117,,2081276.286392081,134.57983522113452,274752.8080147729,10.983389844568125,-1,,,,,,,,unassigned,,,,,,,,,,,,,,,
2791,2566,786.2663833708875,786.2655857142475,,1955377.4287661777,207.9345474303922,244107.8135684339,10.109094247385565,-1,,,,,,,,unassigned,,,,,,,,,,,,,,,
2792,2570,788.2821684768466,788.2813688001596,,6706983.448307513,242.1260674035055,286531.6276105075,34.60072118415213,-1,,,,,,,,unassigned,,,,,,,,,,,,,,,
2793,2580,791.798488203712,791.7976850034657,,2488984.8780403463,177.05636393232285,225977.00891506058,13.000767305310726,-1,,,,,,,,unassigned,,,,,,,,,,,,,,,
2794,2582,793.168662674171,793.1678581009962,,6043837.304483963,225.68028388988807,289730.3741507083,31.076561471256706,-1,,,,,,,,unassigned,,,,,,,,,,,,,,,
2795,2583,793.1864765901206,793.1856719990963,,1910203.5089444024,359.94098129134494,240720.4446418885,10.002665413636342,-1,,,,,,,,unassigned,,,,,,,,,,,,,,,
2796,2586,795.1657644065323,795.1649578323088,,4501763.514166884,396.8696028132082,269973.3272721822,23.65384942473443,-1,,,,,,,,unassigned,,,,,,,,,,,,,,,
2797,2591,797.9015712629175,797.9007619476099,,1712820.0809616665,113.39609853650265,316310.5255308731,8.84856232617955,-1,,,,,,,,unassigned,,,,,,,,,,,,,,,
