,Index,m/z,Calibrated m/z,Calculated m/z,Peak Height,Peak Area,Resolving Power,S/N,Ion Charge,m/z Error (ppm),m/z Error Score,Isotopologue Similarity,Confidence Score,DBE,O/C,H/C,Heteroatom Class,Ion Type,Adduct,Is Isotopologue,Mono Isotopic Index,Molecular Formula,C,H,O,N,P,S,13C
0,11,159.06644306416754,159.06629143702585,159.0662824127191,1913361.570868612,33.66253710894778,1294297.2488690657,10.276890979926849,-1,0.05673299599584376,0.9994161538049896,0.0,0.5996496922829937,2.0,0.5714285714285714,1.7142857142857142,O4,de-protonated,,0.0,,C7 H12 O4,7.0,12.0,4.0,,,,
1,42,171.0664530298161,171.06629045813946,171.0662824127191,1655727.1461081633,38.57262072376764,995963.1802504745,8.711964096013341,-1,0.04703101195109601,0.9995987312619629,0.0,0.5997592387571777,3.0,0.5,1.5,O4,de-protonated,,0.0,,C8 H12 O4,8.0,12.0,4.0,,,,
2,48,173.08210617578717,173.08194176730314,173.08193247717907,2684847.76870666,77.53101376494885,1096505.7897166081,14.433896070185066,-1,0.05367471888126677,0.9994773873994124,0.0,0.5996864324396474,2.0,0.5,1.75,O4,de-protonated,,0.0,,C8 H14 O4,8.0,14.0,4.0,,,,
3,60,179.07154476680233,179.071374902955,179.07136779314908,1981806.6341756617,36.65418538134493,1175889.9511680598,10.567289783127293,-1,0.039703756153264436,0.9997140073261385,0.0,0.5998284043956831,5.0,0.3,1.2,O3,de-protonated,,0.0,,C10 H12 O3,10.0,12.0,3.0,,,,
4,67,187.09776756212185,187.09759039394436,187.0975825416391,5247540.76730276,66.28451060981598,948886.8594210038,28.222461466591366,-1,0.04196903643904998,0.9996804473481986,0.0,0.5998082684089191,2.0,0.4444444444444444,1.7777777777777777,O4,de-protonated,,0.0,,C9 H16 O4,9.0,16.0,4.0,,,,
5,80,193.08720392234991,193.0870213080619,193.08701785760908,2909138.274065796,24.244093037476375,1084909.5820271296,15.256692679252993,-1,0.01786993688805,0.9999420588269375,0.0,0.5999652352961625,5.0,0.2727272727272727,1.2727272727272727,O3,de-protonated,,0.0,,C11 H14 O3,11.0,14.0,3.0,,,,
6,92,199.0977679110385,199.09757983540302,199.0975825416391,2500221.5921661174,62.95066680271585,958462.8956859355,13.283056368612934,-1,-0.01359251096772983,0.9999664767641212,0.0,0.5999798860584727,3.0,0.4,1.6,O4,de-protonated,,0.0,,C10 H16 O4,10.0,16.0,4.0,,,,
7,98,201.0770480372704,201.0768581640833,201.07684709674908,1684938.8505294323,93.6925010745575,944675.6930990814,8.92169656499144,-1,0.055040321018144676,0.9994504636977909,0.0,0.5996702782186745,3.0,0.5555555555555556,1.5555555555555556,O5,de-protonated,,0.0,,C9 H14 O5,9.0,14.0,5.0,,,,
8,130,211.13417355408302,211.13397455383975,211.13396805098907,1603888.4966257708,65.19750923877638,774229.0575523683,8.53449816072418,-1,0.030799642241718782,0.9998278893296851,0.0,0.599896733597811,3.0,0.25,1.6666666666666667,O3,de-protonated,,0.0,,C12 H20 O3,12.0,20.0,3.0,,,,
9,145,221.08212194422075,221.08191392696716,221.08193247717907,2052640.7179764258,73.20423331631946,953298.8908202244,10.717866940342338,-1,-0.08390650333733846,0.9987233621737517,0.0,0.599234017304251,6.0,0.3333333333333333,1.1666666666666667,O4,de-protonated,,0.0,,C12 H14 O4,12.0,14.0,4.0,,,,
10,160,227.09272728921346,227.09251382911762,227.09249716120908,1598610.3637102437,132.39257520785014,779363.7640179247,8.402743148161015,-1,0.07339700231386503,0.9990229917459712,0.0,0.5994137950475827,4.0,0.45454545454545453,1.4545454545454546,O5,de-protonated,,0.0,,C11 H16 O5,11.0,16.0,5.0,,,,
11,161,227.1290793814058,227.12886588840382,227.12888267055905,1533120.7414163593,92.89649878251717,794360.0553245547,8.125788733997629,-1,-0.07388824807674697,0.9990098762555178,0.0,0.5994059257533106,3.0,0.3333333333333333,1.6666666666666667,O4,de-protonated,,0.0,,C12 H20 O4,12.0,20.0,4.0,,,,
12,176,233.15493134182398,233.15471239619382,233.15470349587906,12931901.131095713,87.9476920235782,901065.5402495697,68.21145221841557,-1,0.03817343000246724,0.9996706941194454,0.9555151136858284,0.9820084619459986,5.0,0.13333333333333333,1.4666666666666666,O2,de-protonated,,0.0,,C15 H22 O2,15.0,22.0,2.0,,,,
13,178,234.15828909986462,234.15806924671216,234.15805833094907,2917461.624913467,103.02061250310079,902938.2111422563,15.541713726838614,-1,0.04661707208518254,0.9996057622636637,0.9555151136858284,0.9819695028325297,5.0,0.13333333333333333,1.4666666666666666,13C1 O2,de-protonated,,1.0,176.0,C14 H22 O2 13C1,14.0,22.0,2.0,,,,1.0
14,181,235.0614348962224,235.06121422628271,235.06119703228907,2158011.379179565,79.75440419643645,801208.3928251888,11.562174571869557,-1,0.07314688200040578,0.9990296360182125,0.0,0.5994177816109275,7.0,0.4166666666666667,1.0,O5,de-protonated,,0.0,,C12 H12 O5,12.0,12.0,5.0,,,,
15,187,237.1134426544211,237.11322012902033,237.11323260609907,3163038.2055330044,116.99790612361045,853263.4112835712,17.01521876530013,-1,-0.052620760991375255,0.9994977048527743,0.0,0.5996986229116645,5.0,0.3076923076923077,1.3846153846153846,O4,de-protonated,,0.0,,C13 H18 O4,13.0,18.0,4.0,,,,
16,191,239.12909882665267,239.12887447911226,239.12888267055905,5647195.949262107,107.17129302049038,836360.5856862981,30.577918425883862,-1,-0.03425536348455598,0.9997871053464676,0.0,0.5998722632078806,4.0,0.3076923076923077,1.5384615384615385,O4,de-protonated,,0.0,,C13 H20 O4,13.0,20.0,4.0,,,,
17,198,242.1400466394493,242.13981957086628,242.13978170721907,5798703.26464345,109.54203899030624,836722.6633214288,30.599429448343155,-1,0.1563710305710801,0.9955730629137111,0.0,0.5973438377482266,3.0,0.3333333333333333,1.75,N1 O4,de-protonated,,0.0,,C12 H21 O4 N1,12.0,21.0,4.0,1.0,,,
18,203,243.16044299492447,243.16021500441926,243.16018279947906,1902896.170648863,89.12995666958452,903941.4836473999,10.05102524410428,-1,0.13244331299029616,0.9968222264949133,0.0,0.5980933358969479,2.0,0.3076923076923077,1.8461538461538463,O4,de-protonated,,0.0,,C13 H24 O4,13.0,24.0,4.0,,,,
19,221,249.14987071764847,249.14963731804352,249.14961811544907,2924838.896507405,95.96044143774827,833148.0568859278,15.299714724171578,-1,0.07707254215186109,0.9989227433895255,0.0,0.5993536460337152,5.0,0.2,1.4666666666666666,O3,de-protonated,,0.0,,C15 H22 O3,15.0,22.0,3.0,,,,
20,222,250.14510522289518,250.14487092486905,250.1448670876491,5617706.848176938,78.38166964230446,861036.1447918407,29.738988549971467,-1,0.0153399908168152,0.9999573032561647,0.0,0.5999743819536988,5.0,0.21428571428571427,1.5,N1 O3,de-protonated,,0.0,,C14 H21 O3 N1,14.0,21.0,3.0,1.0,,,
21,228,251.16549857825134,251.16526335920588,251.16526817990908,1596965.8021735598,61.48921617426542,996658.4964751621,8.432320804042542,-1,-0.0191933511809263,0.9999331593087037,0.0,0.5999598955852222,4.0,0.2,1.6,O3,de-protonated,,0.0,,C15 H24 O3,15.0,24.0,3.0,,,,
22,233,253.14476846981543,253.14453146458428,253.14453273501908,8673103.49680568,83.42841466209796,819479.6553468604,45.67865619230699,-1,-0.005018614442486968,0.999995429954752,0.0,0.5999972579728512,4.0,0.2857142857142857,1.5714285714285714,O4,de-protonated,,0.0,,C14 H22 O4,14.0,22.0,4.0,,,,
23,240,257.1033019624197,257.103061386118,257.1030618452391,1580335.2674012843,69.30718938243675,783189.3178290325,8.338210080783139,-1,-0.0017857473482118778,0.9999994213796144,0.0,0.5999996528277686,4.0,0.5,1.5,O6,de-protonated,,0.0,,C12 H18 O6,12.0,18.0,6.0,,,,
24,259,265.14815147333815,265.14790364494075,265.14790403833905,2816421.066873714,61.585831158886585,754772.774883284,14.804961207607857,-1,-0.0014836937772519205,0.9999996005685178,0.0,0.5999997603411107,0.0,0.3333333333333333,2.1666666666666665,S1 O4,de-protonated,,0.0,,C12 H26 O4 S1,12.0,26.0,4.0,,,1.0,
25,271,267.16044270251706,267.1601930612383,267.16018279947906,5312131.163154261,252.75407666540013,760488.3088767041,28.5343712922511,-1,0.0384105114389303,0.999732332354817,0.0,0.5998393994128901,4.0,0.26666666666666666,1.6,O4,de-protonated,,0.0,,C15 H24 O4,15.0,24.0,4.0,,,,
26,285,269.1397086795423,269.1394572555701,269.1394473545891,2755690.239056461,86.49142265449312,776350.718136124,14.49305138194812,-1,0.03678755050644505,0.9997544713083276,0.0,0.5998526827849966,4.0,0.35714285714285715,1.5714285714285714,O5,de-protonated,,0.0,,C14 H22 O5,14.0,22.0,5.0,,,,
27,308,277.1448104031324,277.144551773496,277.1445327350191,3922994.0494508087,63.24591461879042,777672.3795289407,20.93022485289131,-1,0.06869511995532986,0.9991441065959062,0.0,0.5994864639575437,6.0,0.25,1.375,O4,de-protonated,,0.0,,C16 H22 O4,16.0,22.0,4.0,,,,
28,335,285.12638419013433,285.1261183830426,285.1261197656691,27040513.204757053,142.39361470834882,740365.3407215084,143.994784342502,-1,-0.004849175245164922,0.9999978658052482,0.9849982963717637,0.9939980380318544,4.0,0.2857142857142857,1.6428571428571428,P1 O4,de-protonated,,0.0,,C14 H23 O4 P1,14.0,23.0,4.0,,1.0,,
29,336,286.12974133749134,286.12947462862434,286.12947460073906,3565808.7171098883,115.70218003076648,719592.9297182842,18.854411185569614,-1,9.745685279548805e-05,0.9999999982766298,0.9849982963717637,0.9939993175146834,4.0,0.2857142857142857,1.6428571428571428,13C1 P1 O4,de-protonated,,1.0,335.0,C13 H23 O4 P1 13C1,13.0,23.0,4.0,,1.0,,1.0
30,354,290.12483533707183,290.124565038682,290.1245255659291,2461086.317056569,97.30477897796456,733979.5232961815,12.955013276108728,-1,0.13605451948586095,0.99664686814689,0.0,0.5979881208881339,3.0,0.5833333333333334,1.75,N1 O7,de-protonated,,0.0,,C12 H21 O7 N1,12.0,21.0,7.0,1.0,,,
31,359,292.21325861009615,292.2129864359943,292.2129466490891,3739100.559679757,58.585606256010536,743725.551993957,19.62343023848931,-1,0.13615722947867862,0.9966418120708388,0.0,0.5979850872425032,0.0,0.35714285714285715,2.2142857142857144,N1 O5,de-protonated,,0.0,,C14 H31 O5 N1,14.0,31.0,5.0,1.0,,,
32,365,293.17610875042664,293.17583571170525,293.1758328639391,42850850.35682476,126.70854761400258,730078.0315581668,230.89931507804246,-1,0.009713509216045569,0.999977243311345,0.9934960514268034,0.9973847665575284,5.0,0.23529411764705882,1.5294117647058822,O4,de-protonated,,0.0,,C17 H26 O4,17.0,26.0,4.0,,,,
33,370,294.17946531860866,294.17919137900253,294.1791876990091,8272513.95049758,75.32752895244342,712484.596249415,44.162129108926884,-1,0.012509360214142977,0.9999716065700035,0.9934960514268034,0.9973813845127235,5.0,0.23529411764705882,1.5294117647058822,13C1 O4,de-protonated,,1.0,365.0,C16 H26 O4 13C1,16.0,26.0,4.0,,,,1.0
34,379,297.15327222137523,297.1529956123257,297.1529894187691,3019245.2176386053,117.38908241556477,731320.3110447802,15.90471223083917,-1,0.02084298937404023,0.9999211763165686,0.0,0.5999527057899412,4.0,0.1875,1.625,S1 O3,de-protonated,,0.0,,C16 H26 O3 S1,16.0,26.0,3.0,,,1.0,
35,390,301.12130830929914,301.1210281398524,301.12103438523906,2665468.100900242,132.2690949249265,689838.445807036,13.974097965117695,-1,-0.02074045298881585,0.9999219499196723,0.0,0.5999531699518034,4.0,0.35714285714285715,1.6428571428571428,P1 O5,de-protonated,,0.0,,C14 H23 O5 P1,14.0,23.0,5.0,,1.0,,
36,421,309.1710341228785,309.1707467359895,309.17074748350905,3408764.034221099,98.4479603089581,737077.4902544998,18.147236322220383,-1,-0.002417821078946625,0.9999989392771684,0.0,0.599999363566301,5.0,0.29411764705882354,1.5294117647058822,O5,de-protonated,,0.0,,C17 H26 O5,17.0,26.0,5.0,,,,
37,428,311.1503263931811,311.15003723273816,311.1500120386191,1545475.8527659185,152.73720543431799,623980.5606341475,8.136544245227274,-1,0.08097097252336061,0.998811075601129,0.0,0.5992866453606774,5.0,0.375,1.5,O6,de-protonated,,0.0,,C16 H24 O6,16.0,24.0,6.0,,,,
38,429,311.1689251050518,311.16863592794545,311.16863948322913,12105158.732021384,89.10537332526866,699029.4801589624,63.24240603031907,-1,-0.011425584819082171,0.9999671551105793,0.98479243702685,0.9938972678770877,4.0,0.17647058823529413,1.6470588235294117,S1 O3,de-protonated,,0.0,,C17 H28 O3 S1,17.0,28.0,3.0,,,1.0,
39,430,311.18669612534103,311.1864069323129,311.1863975479691,6017947.588259563,89.1810540840246,705771.3492939735,32.58919902582768,-1,0.030156664532871077,0.999834999748502,0.0,0.5999009998491012,4.0,0.29411764705882354,1.6470588235294117,O5,de-protonated,,0.0,,C17 H28 O5,17.0,28.0,5.0,,,,
40,434,312.1722891439603,312.17199906795196,312.17199431829914,2488483.9479601947,39.85968540255176,706213.050198871,13.119034822360831,-1,0.015214858806276625,0.9999579969758347,0.98479243702685,0.9938917729962409,4.0,0.17647058823529413,1.6470588235294117,13C1 S1 O3,de-protonated,,1.0,429.0,C16 H28 O3 S1 13C1,16.0,28.0,3.0,,,1.0,1.0
41,437,314.1612116864232,314.1609198288904,314.1609110752791,3517382.551246836,117.23425677182072,633074.7932303273,18.929699764177137,-1,0.02786346428526938,0.9998591381259907,0.0,0.5999154828755944,4.0,0.4,1.6666666666666667,N1 O6,de-protonated,,0.0,,C15 H25 O6 N1,15.0,25.0,6.0,1.0,,,
42,448,317.1397486525448,317.13945412788223,317.1394473545891,1902492.066980239,50.167958372188124,800862.5419338841,9.981114421111581,-1,0.02135746023879836,0.9999172372202354,0.0,0.5999503423321412,8.0,0.2777777777777778,1.2222222222222223,O5,de-protonated,,0.0,,C18 H22 O5,18.0,22.0,5.0,,,,
43,456,320.1354380209903,320.1351408148248,320.1350902499591,1603834.020880324,138.0881797453622,501255.5682164202,8.55063142756865,-1,0.15794852628392145,0.9954834961215006,0.0,0.5972900976729003,3.0,0.6153846153846154,1.7692307692307692,N1 O8,de-protonated,,0.0,,C13 H23 O8 N1,13.0,23.0,8.0,1.0,,,
44,457,320.244598114948,320.2443008110898,320.2442467780091,3307670.213549392,64.74942369322497,651020.553086118,17.523416670900907,-1,0.1687245945265407,0.9948478389767671,0.0,0.5969087033860603,0.0,0.3125,2.1875,N1 O5,de-protonated,,0.0,,C16 H35 O5 N1,16.0,35.0,5.0,1.0,,,
45,483,325.1845844349815,325.1842827114598,325.18428954768905,12198453.905884108,94.81414783579123,681185.92847048,64.59760044525447,-1,-0.021022630799313442,0.999854415500431,0.9989728141352704,0.9995017749543668,4.0,0.16666666666666666,1.6666666666666667,S1 O3,de-protonated,,0.0,,C18 H30 O3 S1,18.0,30.0,3.0,,,1.0,
46,488,326.1879358802885,326.18763325942575,326.1876443827591,2392738.6859602043,73.81643852198647,718730.2583924028,13.016857465679193,-1,-0.03410102607213154,0.9997890192150181,0.9989728141352704,0.9994625371831191,4.0,0.16666666666666666,1.6666666666666667,13C1 S1 O3,de-protonated,,1.0,483.0,C17 H30 O3 S1 13C1,17.0,30.0,3.0,,,1.0,1.0
47,508,330.15617641701766,330.155870248271,330.1558256948491,9930522.310735147,78.58764782511591,666397.7484696859,52.56218337928049,-1,0.13494664771509124,0.49835058206006017,0.8604105061749869,0.6431745517060309,4.0,0.4666666666666667,1.6666666666666667,N1 O7,de-protonated,,0.0,,C15 H25 O7 N1,15.0,25.0,7.0,1.0,,,
48,520,334.11473615442844,334.11442644818203,334.1143548050691,1835953.9963017341,154.27581764885826,657118.262396384,9.897759209081823,-1,0.21442692261854002,0.9916918927405528,0.0,0.5950151356443316,4.0,0.6923076923076923,1.6153846153846154,N1 O9,de-protonated,,0.0,,C13 H21 O9 N1,13.0,21.0,9.0,1.0,,,
49,525,334.97138518214877,334.97107471059974,334.9710756726691,10070075.998641292,79.700256508334,664849.5613732853,53.035425873384916,-1,-0.0028720967876870425,0.9999985032418013,0.0,0.5999991019450808,12.0,0.6666666666666666,0.4166666666666667,N2 P1 O8,de-protonated,,0.0,,C12 H5 O8 N2 P1,12.0,5.0,8.0,2.0,1.0,,
50,547,339.20026103046354,339.1999467821584,339.1999396121491,5415262.289438408,136.46796809371398,682154.5608625798,28.6042821152438,-1,0.021138002954885774,0.9999189292609852,0.0,0.5999513575565911,4.0,0.15789473684210525,1.6842105263157894,S1 O3,de-protonated,,0.0,,C19 H32 O3 S1,19.0,32.0,3.0,,,1.0,
51,565,344.13548793359297,344.1351692801904,344.1350902499591,1737662.1003944562,86.12961264014851,627716.8320877315,9.147562300814007,-1,0.2296488603743996,0.9904762910063207,0.0,0.5942857746037924,5.0,0.5333333333333333,1.5333333333333334,N1 O8,de-protonated,,0.0,,C15 H23 O8 N1,15.0,23.0,8.0,1.0,,,
52,577,346.1510542137458,346.1507337620558,346.1507403144191,2742135.963296646,114.09748250185764,629663.5122202769,14.708161606541042,-1,-0.01892921950501704,0.9999349862637478,0.0,0.5999609917582487,4.0,0.5333333333333333,1.6666666666666667,N1 O8,de-protonated,,0.0,,C15 H25 O8 N1,15.0,25.0,8.0,1.0,,,
53,588,348.13033914019263,348.1300169230211,348.1300048695291,2704988.3670154726,152.4273409338752,618613.9466204963,14.377429636229424,-1,0.03462353674108582,0.9997825049124793,0.0,0.5998695029474875,4.0,0.6428571428571429,1.6428571428571428,N1 O9,de-protonated,,0.0,,C14 H23 O9 N1,14.0,23.0,9.0,1.0,,,
54,600,350.0550251552595,350.05470122172164,350.0547457280291,10004045.652609626,73.92794810374409,630640.2729807056,52.45462826698403,-1,-0.1271409915275293,0.9970712098173699,0.0,0.5982427258904219,10.0,0.42857142857142855,1.0,N3 P1 O6,de-protonated,,0.0,,C14 H14 O6 N3 P1,14.0,14.0,6.0,3.0,1.0,,
55,601,350.0588286863568,350.05850474942747,350.0584971538691,3911316.6743529793,77.78337677108499,614333.9328112212,20.52420430397217,-1,0.02169796886589392,0.9999145772710064,0.0,0.5999487463626039,0.0,1.0,2.3333333333333335,N1 S2 O9,de-protonated,,0.0,,C9 H21 O9 N1 S2,9.0,21.0,9.0,1.0,,2.0,
56,602,350.10960691413504,350.10928293192904,350.1092694246391,1764318.8375418577,133.16293757439882,580206.6603639902,9.485016465644154,-1,0.038580212360706606,0.9997299622931007,0.0,0.5998379773758604,4.0,0.7692307692307693,1.6153846153846154,N1 O10,de-protonated,,0.0,,C13 H21 O10 N1,13.0,21.0,10.0,1.0,,,
57,617,358.1874473695753,358.18711618833964,358.18712582376907,6602762.488113718,128.29059635109664,619210.0057236705,35.003811296883235,-1,-0.0269005464651775,0.9998687052014006,0.0,0.5999212231208403,4.0,0.4117647058823529,1.7058823529411764,N1 O7,de-protonated,,0.0,,C17 H29 O7 N1,17.0,29.0,7.0,1.0,,,
58,626,361.012254534807,361.0119208377798,361.01187785718906,2600628.907661945,39.20030364397637,625492.0528168975,13.785876518598888,-1,0.11905589095301544,0.9974313954719147,0.0,0.5984588372831489,12.0,0.5,0.6875,P1 O8,de-protonated,,0.0,,C16 H11 O8 P1,16.0,11.0,8.0,,1.0,,
59,628,362.14600184857295,362.14566714207035,362.1456549339891,1612270.0269019757,174.74442482472682,510722.88072391175,8.69045307355405,-1,0.0337104176363158,0.9997938243749098,0.0,0.5998762946249458,4.0,0.6,1.6666666666666667,N1 O9,de-protonated,,0.0,,C15 H25 O9 N1,15.0,25.0,9.0,1.0,,,
60,634,363.15820585747224,363.1578702498346,363.15781381775906,1635271.7815394164,100.76946370633624,629364.268879268,8.607097861524291,-1,0.15539270643717126,0.9956281623745232,0.0,0.5973768974247139,3.0,0.4375,1.8125,P1 O7,de-protonated,,0.0,,C16 H29 O7 P1,16.0,29.0,7.0,,1.0,,
61,648,370.94810457450467,370.94776203553096,370.94782450367904,1611225.9645905904,106.7806723999829,503434.0098107943,8.633314420146554,-1,-0.16840144074378258,0.9948675049896268,0.0,0.5969205029937761,19.0,0.2,0.2,S2 O4,de-protonated,,0.0,,C20 H4 O4 S2,20.0,4.0,4.0,,,2.0,
62,668,378.1409071980843,378.1405582649997,378.1405695535591,1597856.9932308209,113.3544484342062,535753.2092503093,8.425598609524014,-1,-0.029852812157842315,0.9998383077474056,0.0,0.5999029846484433,4.0,0.6666666666666666,1.6666666666666667,N1 O10,de-protonated,,0.0,,C15 H25 O10 N1,15.0,25.0,10.0,1.0,,,
63,690,383.22311699361416,383.22276354608766,383.2227830573191,4465138.585341846,201.99956941324743,577736.1350110465,23.481969892124848,-1,-0.05091354762070069,0.9995297612480749,0.0,0.5997178567488449,9.0,0.16666666666666666,1.3333333333333333,O4,de-protonated,,0.0,,C24 H32 O4,24.0,32.0,4.0,,,,
64,707,387.0975613778157,387.0972044905972,387.0971455682191,3092138.6614050213,149.61238420347235,556256.0656891911,16.340310435639836,-1,0.1522159974332277,0.9958047114945455,0.0,0.5974828268967273,6.0,0.1875,1.5625,N2 S2 P1 O3,de-protonated,,0.0,,C16 H25 O3 N2 P1 S2,16.0,25.0,3.0,2.0,1.0,2.0,
65,727,396.21839430540973,396.21802932734016,396.21803202951907,3620249.9965572627,169.182073797712,582673.4021324319,19.021121609629127,-1,-0.006819929143318056,0.9999915605971013,0.0,0.5999949363582607,10.0,0.16666666666666666,1.2916666666666667,N1 O4,de-protonated,,0.0,,C24 H31 O4 N1,24.0,31.0,4.0,1.0,,,
66,734,399.2180869284288,399.217719291414,399.2176976768891,2399700.742442719,67.40745653878518,604684.8859722761,12.735869734804687,-1,0.054142201273713005,0.9994682467511985,0.0,0.599680948050719,9.0,0.20833333333333334,1.3333333333333333,O5,de-protonated,,0.0,,C24 H32 O5,24.0,32.0,5.0,,,,
67,736,400.1980373428644,400.1976688374307,400.1976905077991,4690910.973489863,105.60372535519409,546294.0267395145,24.670453883000743,-1,-0.05414915912791293,0.9994681101067685,0.0,0.5996808660640611,5.0,0.42105263157894735,1.631578947368421,N1 O8,de-protonated,,0.0,,C19 H31 O8 N1,19.0,31.0,8.0,1.0,,,
68,744,403.0407569753297,403.0403859513147,403.04041853714904,2217720.5017817863,108.05737396065985,510615.4725138322,11.899628736699704,-1,-0.08085004092479868,0.9988146222048001,0.0,0.59928877332288,3.0,0.7272727272727273,1.9090909090909092,N2 S2 P1 O8,de-protonated,,0.0,,C11 H21 O8 N2 P1 S2,11.0,21.0,8.0,2.0,1.0,2.0,
69,764,409.9897108293152,409.98933365244307,409.9893687646491,1586264.5727114312,135.97852697292439,458309.5603584802,8.330143447360905,-1,-0.0856417475919798,0.9986700481606586,0.0,0.5992020288963952,16.0,0.3157894736842105,0.5263157894736842,N1 S1 P1 O6,de-protonated,,0.0,,C19 H10 O6 N1 P1 S1,19.0,10.0,6.0,1.0,1.0,1.0,
70,768,411.09048993600305,411.0901117849492,411.090131635419,1967154.8346010016,97.07580777929529,546124.9012806069,10.350835119630666,-1,-0.04828739073090714,0.9995770106451249,0.0,0.599746206387075,4.0,0.5714285714285714,1.7142857142857142,N2 S2 O8,de-protonated,,0.0,,C14 H24 O8 N2 S2,14.0,24.0,8.0,2.0,,2.0,
71,797,423.32722827305764,423.3268393015695,423.3268542049391,7492918.674165609,293.42682079163876,478399.6184255783,40.440722223469336,-1,-0.03520534880467433,0.998019903468746,0.9816834801377288,0.9914853341363391,8.0,0.06896551724137931,1.5172413793103448,O2,de-protonated,,0.0,,C29 H44 O2,29.0,44.0,2.0,,,,
72,801,424.33053795863185,424.330148100691,424.3302090400091,2118923.4217433794,81.52631841669711,471484.42432033643,11.395464147810044,-1,-0.14361296173830648,0.9962646721625594,0.9816834801377288,0.9904321953526272,8.0,0.06896551724137931,1.5172413793103448,13C1 O2,de-protonated,,1.0,797.0,C28 H44 O2 13C1,28.0,44.0,2.0,,,,1.0
73,808,425.07342039289927,425.0730298786721,425.07303882000906,5485636.66155872,255.84815620536136,509381.9604055251,29.34103463447456,-1,-0.021034824905752963,0.9999197187367906,0.0,0.5999518312420744,14.0,0.19047619047619047,0.9047619047619048,N2 S1 P1 O4,de-protonated,,0.0,,C21 H19 O4 N2 P1 S1,21.0,19.0,4.0,2.0,1.0,1.0,
74,811,425.3064954298849,425.30610470976427,425.30611876004906,2067789.0793704595,221.83845740014718,473665.4616636418,10.935666042742673,-1,-0.03303569868876726,0.9998019942414056,0.0,0.5998811965448433,8.0,0.10714285714285714,1.5,O3,de-protonated,,0.0,,C28 H42 O3,28.0,42.0,3.0,,,,
75,823,427.0704219326498,427.07002965450846,427.0700614398591,2180577.098691543,204.87938281615845,505648.36518116714,11.44386394834345,-1,-0.07442654850567793,0.9989954042183048,0.0,0.5993972425309828,14.0,0.35,0.85,N2 P1 O7,de-protonated,,0.0,,C20 H17 O7 N2 P1,20.0,17.0,7.0,2.0,1.0,,
76,824,427.07426963795257,427.07387735641305,427.07381286569904,1983913.8678934257,137.70421619224498,467141.1039826291,10.426123698238188,-1,0.15100601363777633,0.9958710067943612,0.0,0.5975226040766167,4.0,0.6666666666666666,1.6,S2 O10,de-protonated,,0.0,,C15 H24 O10 S2,15.0,24.0,10.0,,,2.0,
77,843,435.03121822295356,435.03081891755727,435.0308992249691,2033405.9909527851,57.760101046291354,536205.7380221592,10.750133474031276,-1,-0.18460162713145564,0.9938357127405941,0.0,0.5963014276443565,12.0,0.42105263157894735,0.8947368421052632,S1 P1 O8,de-protonated,,0.0,,C19 H17 O8 P1 S1,19.0,17.0,8.0,,1.0,1.0,
78,869,444.96691249637115,444.96650443021036,444.96646574893913,1620777.7112967959,163.1078389748135,472069.1769975778,8.511642699361182,-1,0.08693075593878281,0.9986297398666598,0.0,0.5991778439199958,24.0,0.04,0.28,N2 S2 P1 O1,de-protonated,,0.0,,C25 H7 O1 N2 P1 S2,25.0,7.0,1.0,2.0,1.0,2.0,
79,878,450.1774047157146,450.1769920595685,450.17695506290914,3746447.874400138,99.5514366959211,504262.98949783586,19.838540463082232,-1,0.0821824816140896,0.9987752533940851,0.0,0.599265152036451,9.0,0.4090909090909091,1.3181818181818181,N1 O9,de-protonated,,0.0,,C22 H29 O9 N1,22.0,29.0,9.0,1.0,,,
80,897,458.20356674399255,458.20314702335736,458.20316981139905,5601973.131699108,318.2877589236318,464691.208665831,29.932587752105096,-1,-0.04973348765673405,0.9995513019226951,0.0,0.5997307811536171,6.0,0.47619047619047616,1.5714285714285714,N1 O10,de-protonated,,0.0,,C21 H33 O10 N1,21.0,33.0,10.0,1.0,,,
81,903,459.16642585348586,459.16600528583564,459.1660560262491,2501253.900824796,219.26650541921487,433490.8082723158,13.241378762598055,-1,-0.11050558467713127,0.9977866952050475,0.0,0.5986720171230284,11.0,0.375,1.1666666666666667,O9,de-protonated,,0.0,,C24 H28 O9,24.0,28.0,9.0,,,,
82,919,466.1723277722981,466.1719010447202,466.1718696824791,4740899.503819962,166.53593216002568,479139.9537347058,25.119496476838467,-1,0.06727613382149024,0.9991790861939954,0.0,0.5995074517163972,9.0,0.45454545454545453,1.3181818181818181,N1 O10,de-protonated,,0.0,,C22 H29 O10 N1,22.0,29.0,10.0,1.0,,,
83,928,472.21916646164675,472.21873442174484,472.2188198758591,3353388.0553004425,125.98229500179876,442097.1756472111,17.620216271967724,-1,-0.18096295752067104,0.9940756112652434,0.0,0.596445366759146,6.0,0.45454545454545453,1.5909090909090908,N1 O10,de-protonated,,0.0,,C22 H35 O10 N1,22.0,35.0,10.0,1.0,,,
84,929,473.145714259208,473.14528140566284,473.14532058135904,2180358.3171749497,121.95838429101144,402510.47751967004,11.521169185306531,-1,-0.08279844372881924,0.9987568369688592,0.0,0.5992541021813155,12.0,0.4166666666666667,1.0833333333333333,O10,de-protonated,,0.0,,C24 H26 O10,24.0,26.0,10.0,,,,
85,930,473.28301658201013,473.2825836079017,473.2826204102691,11935797.55129259,162.63142167520164,461601.2329987876,63.392983187534114,-1,-0.07775981158595535,0.9992045986973663,0.9903900329070933,0.9956787723812571,8.0,0.14285714285714285,1.5357142857142858,P1 O4,de-protonated,,0.0,,C28 H43 O4 P1,28.0,43.0,4.0,,1.0,,
86,931,474.2864338572553,474.28600000212293,474.2859752453391,3422353.668180522,251.8765143764307,454635.8746049153,18.028925698694277,-1,0.05219800947574901,0.999505741253973,0.9903900329070933,0.9958594579152211,8.0,0.14285714285714285,1.5357142857142858,13C1 P1 O4,de-protonated,,1.0,930.0,C27 H43 O4 P1 13C1,27.0,43.0,4.0,,1.0,,1.0
87,931,474.2864338572553,474.28600000212293,474.2861115909591,3422353.668180522,251.8765143764307,454635.8746049153,18.028925698694277,-1,-0.23527746948764894,0.9900060938049052,0.0,0.5940036562829432,8.0,0.2222222222222222,1.5185185185185186,N1 O6,de-protonated,,0.0,,C27 H41 O6 N1,27.0,41.0,6.0,1.0,,,
88,933,475.16138921070234,475.1609545874292,475.1609706458191,7190328.732201475,162.92005726394444,461721.09397671494,37.7491555382504,-1,-0.03379568367892742,0.9998666965696161,0.9933977557193385,0.997279120229505,11.0,0.4166666666666667,1.1666666666666667,O10,de-protonated,,0.0,,C24 H28 O10,24.0,28.0,10.0,,,,
89,935,476.1647695994885,476.16433409543157,476.1643254808891,1791752.0784705617,148.79461750121914,498927.62354419567,9.544843996859061,-1,0.018091532731993876,0.9999406129631111,0.9933977557193385,0.9973234700656021,11.0,0.4166666666666667,1.1666666666666667,13C1 O10,de-protonated,,1.0,933.0,C23 H28 O10 13C1,23.0,28.0,10.0,,,,1.0
90,948,481.14529105802274,481.1448511836242,481.1448836079391,1888231.4824727066,199.88865259905907,376014.2829852081,10.088669533408043,-1,-0.06738991933596625,0.9991763081336897,0.0,0.5995057848802138,0.0,0.6,2.3333333333333335,N2 S2 P1 O9,de-protonated,,0.0,,C15 H35 O9 N2 P1 S2,15.0,35.0,9.0,2.0,1.0,2.0,
91,951,482.1672468908318,482.1668061200186,482.1667843020491,12672251.961029014,140.447168625929,464266.9621859486,66.82936902540604,-1,0.04524983922318846,0.4998142720605934,0.8077896627745583,0.6230044283461794,9.0,0.5,1.3181818181818181,N1 O11,de-protonated,,0.0,,C22 H29 O11 N1,22.0,29.0,11.0,1.0,,,
92,955,483.00908778477816,483.0086462756256,483.0086291508791,18308865.195255864,99.16400913225635,461744.1035693522,96.2618255053326,-1,0.035454328351641265,0.999323471108347,0.9475521006604207,0.9786149229291765,8.0,1.0666666666666667,1.0666666666666667,S1 O16,de-protonated,,0.0,,C15 H16 O16 S1,15.0,16.0,16.0,,,1.0,
93,960,484.0123882527547,484.0119458637562,484.0119839859491,1747766.9008635744,98.7757393583719,469389.0974908805,9.187223248473328,-1,-0.07876291117984528,0.9988749989119168,0.9475521006604207,0.9783458396113183,8.0,1.0666666666666667,1.0666666666666667,13C1 S1 O16,de-protonated,,1.0,955.0,C14 H16 O16 S1 13C1,14.0,16.0,16.0,,,1.0,1.0
94,970,486.0056920263421,486.0052478896416,486.00527981054904,2970006.7301514205,98.13520013485548,457642.6560695887,15.814634824290884,-1,-0.06568016592374022,0.9992175576475634,0.0,0.599530534588538,29.0,0.03125,0.28125,N1 S2 O1,de-protonated,,0.0,,C32 H9 O1 N1 S2,32.0,9.0,1.0,1.0,,2.0,
95,978,489.1405825998463,489.14013571540175,489.14023520092906,1915031.9980363538,62.960882061136985,454157.6154455657,10.126313822711802,-1,-0.20338855841575,0.992522128754508,0.0,0.5955132772527048,12.0,0.4583333333333333,1.0833333333333333,O11,de-protonated,,0.0,,C24 H26 O11,24.0,26.0,11.0,,,,
96,979,489.2779669379347,489.277519933097,489.2775350298391,1745969.797391029,154.10811865451177,434843.5200985457,9.448716615244098,-1,-0.030855171220619544,0.9998272682238407,0.0,0.5998963609343044,8.0,0.17857142857142858,1.5357142857142858,P1 O5,de-protonated,,0.0,,C28 H43 O5 P1,28.0,43.0,5.0,,1.0,,
97,993,496.146428377672,496.1459753564902,496.1460488571591,2483799.8128253315,239.54810063877008,430207.1559755691,13.061223949501482,-1,-0.14814321111852943,0.9960257707898296,0.0,0.5976154624738977,10.0,0.5454545454545454,1.2272727272727273,N1 O12,de-protonated,,0.0,,C22 H27 O12 N1,22.0,27.0,12.0,1.0,,,
98,997,497.14016350853746,497.1397096173361,497.1397982275091,2760863.265288054,144.8546309503887,464019.5640295481,14.605984249859404,-1,-0.17823995046222943,0.9942520526255597,0.0,0.5965512315753358,0.0,0.6666666666666666,2.3333333333333335,N2 S2 P1 O10,de-protonated,,0.0,,C15 H35 O10 N2 P1 S2,15.0,35.0,10.0,2.0,1.0,2.0,
99,1000,498.09271762895753,498.09226290389296,498.09229920623915,41827217.22497839,101.16756122302549,445219.32237304753,221.99375177989552,-1,-0.07288276941146929,0.6662748219675434,0.9313526135259396,0.7723059385909019,6.0,0.8235294117647058,1.4705882352941178,N1 S1 O14,de-protonated,,0.0,,C17 H25 O14 N1 S1,17.0,25.0,14.0,1.0,,1.0,
100,1001,498.09649945561614,498.0960447272412,498.0959418357191,17794045.659519326,51.52898075625202,453381.7488666046,93.43850380755049,-1,0.2065696855725672,0.49614364674966943,0.7939170211058516,0.6152529964921423,15.0,0.375,0.9166666666666666,N1 P1 O9,de-protonated,,0.0,,C24 H22 O9 N1 P1,24.0,22.0,9.0,1.0,1.0,,
101,1002,498.1622158416594,498.1617610557603,498.1616989216191,2885469.3166568396,227.6463336264155,406375.0020453321,15.212326195430704,-1,0.12472685333836216,0.9971812215018664,0.0,0.5983087329011199,9.0,0.5454545454545454,1.3181818181818181,N1 O12,de-protonated,,0.0,,C22 H29 O12 N1,22.0,29.0,12.0,1.0,,,
102,1010,499.0960925773805,499.0956369740724,499.0956540413091,5564980.026679997,75.15812032879421,421318.42060581385,29.220035133141042,-1,-0.03419632398176572,0.666525225659281,0.9313526135259396,0.7724561808059445,6.0,0.8235294117647058,1.4705882352941178,13C1 N1 S1 O14,de-protonated,,1.0,1000.0,C16 H25 O14 N1 S1 13C1,16.0,25.0,14.0,1.0,,1.0,1.0
103,1014,500.08972875880573,500.0892722858878,500.08932182608913,16431189.235973904,133.92005695639574,432853.2878649234,86.58724315426593,-1,-0.09906270579610649,0.4991104761378585,0.8524773804394659,0.6404572378585014,6.0,1.0625,1.4375,N1 O17,de-protonated,,0.0,,C16 H23 O17 N1,16.0,23.0,17.0,1.0,,,
104,1015,500.09352808085987,500.09307160461697,500.0931823867591,6707380.147193406,159.7291768014073,461075.8098628135,35.30496561131332,-1,-0.22152300020467133,0.9911353946627728,0.0,0.5946812367976636,5.0,0.5625,1.75,N3 S2 P1 O9,de-protonated,,0.0,,C16 H28 O9 N3 P1 S2,16.0,28.0,9.0,3.0,1.0,2.0,
105,1020,501.019663555361,501.0192062686818,501.0191938349091,4646461.55096372,74.5805262423361,444457.4174684203,24.56289877070428,-1,0.024816958752204972,0.9998882553653752,0.0,0.5999329532192251,7.0,1.1333333333333333,1.2,S1 O17,de-protonated,,0.0,,C15 H18 O17 S1,15.0,18.0,17.0,,,1.0,
106,1021,501.0870073366713,501.08654999106506,501.08658088418906,9616124.119847331,124.26331896177524,440588.87765166035,50.55090277933667,-1,-0.06165226766021779,0.4996552754701003,0.7739790330151771,0.609384778488131,18.0,0.07407407407407407,0.8518518518518519,N2 S2 P1 O2,de-protonated,,0.0,,C27 H23 O2 N2 P1 S2,27.0,23.0,2.0,2.0,1.0,2.0,
107,1032,505.1355907614495,505.1351298741761,505.13514982049907,2819254.5023434344,167.7613935893249,399624.1480548962,14.982427142897018,-1,-0.03948710162098135,0.9997171195663325,0.0,0.5998302717397994,12.0,0.5,1.0833333333333333,O12,de-protonated,,0.0,,C24 H26 O12,24.0,26.0,12.0,,,,
108,1043,511.04680443425326,511.04633837914315,511.0462917639191,2348593.306521798,181.94414240918746,386240.7330141366,12.417237714626422,-1,0.09121526719171984,0.9984914451241462,0.0,0.5990948670744877,3.0,1.0,1.9230769230769231,N2 S2 P1 O13,de-protonated,,0.0,,C13 H25 O13 N2 P1 S2,13.0,25.0,13.0,2.0,1.0,2.0,
109,1046,512.1083469572075,512.1078799744591,512.107949270699,3329210.958094081,286.7048483949084,420023.1082143319,17.51400559857497,-1,-0.1353156887533281,0.996683126673685,0.0,0.598009876004211,6.0,0.7777777777777778,1.5,N1 S1 O14,de-protonated,,0.0,,C18 H27 O14 N1 S1,18.0,27.0,14.0,1.0,,1.0,
110,1047,512.1121410824276,512.111674096364,512.1115919001791,1960595.1660348584,226.9579601722644,399825.71894448134,10.325290780460255,-1,0.1605044413414387,0.9953364858973243,0.0,0.5972018915383945,15.0,0.36,0.96,N1 P1 O9,de-protonated,,0.0,,C25 H24 O9 N1 P1,25.0,24.0,9.0,1.0,1.0,,
111,1048,512.1414505860787,512.1409835744045,512.140963476729,2796123.385613313,212.76748292081072,418636.5550340566,14.687995022985456,-1,0.03924246820177563,0.999720613264485,0.0,0.599832367958691,10.0,0.5909090909090909,1.2272727272727273,N1 O13,de-protonated,,0.0,,C22 H27 O13 N1,22.0,27.0,13.0,1.0,,,
112,1054,513.1350939222096,513.1346260423477,513.1347128470791,3462794.763679663,98.58182357554915,425599.88868776185,18.52905697087282,-1,-0.1691655801259956,0.9948209419305516,0.0,0.5968925651583309,0.0,0.7333333333333333,2.3333333333333335,N2 S2 P1 O11,de-protonated,,0.0,,C15 H35 O11 N2 P1 S2,15.0,35.0,11.0,2.0,1.0,2.0,
113,1056,514.1055323156824,514.1050635880129,514.1049718905491,1528637.8073930163,82.16621207853795,391346.88322191325,8.031678010738226,-1,0.1783633085819369,0.994244116625906,0.0,0.5965464699755435,6.0,1.0,1.4705882352941178,N1 O17,de-protonated,,0.0,,C17 H25 O17 N1,17.0,25.0,17.0,1.0,,,
114,1074,521.9823763913214,521.9819007860159,521.981781460769,2960006.961739061,216.92807204247725,437636.68162712816,15.555158115875672,-1,0.22860040556989072,0.9905626421979701,0.0,0.594337585318782,28.0,0.06451612903225806,0.3225806451612903,N1 S2 P1 O2,de-protonated,,0.0,,C31 H10 O2 N1 P1 S2,31.0,10.0,2.0,1.0,1.0,2.0,
115,1079,523.9793519373494,523.9788745894789,523.978804080619,1605503.80724856,262.04140315435524,376400.1195188387,8.593653472487233,-1,0.1345643359732615,0.9967197985864394,0.0,0.5980318791518636,28.0,0.16666666666666666,0.26666666666666666,N1 S1 P1 O5,de-protonated,,0.0,,C30 H8 O5 N1 P1 S1,30.0,8.0,5.0,1.0,1.0,1.0,
116,1082,530.1777396439239,530.1772568901263,530.1771695381691,1624675.6953504295,109.42184817229263,330358.43427831196,8.691461402731829,-1,0.16475993723569388,0.9950865343117732,0.0,0.5970519205870639,12.0,0.2222222222222222,1.2592592592592593,N1 S1 P1 O6,de-protonated,,0.0,,C27 H34 O6 N1 P1 S1,27.0,34.0,6.0,1.0,1.0,1.0,
117,1089,536.995607250574,536.9951185554592,536.995182420879,1811245.6206281013,82.1331449819153,454771.6538467063,9.610721503140644,-1,-0.11893108532764361,0.9974367710525968,0.0,0.598462062631558,24.0,0.25925925925925924,0.4074074074074074,N2 S1 P1 O7,de-protonated,,0.0,,C27 H11 O7 N2 P1 S1,27.0,11.0,7.0,2.0,1.0,1.0,
118,1093,541.1001176181842,541.0996253487323,541.099633691019,1718028.5534441436,217.55906864952303,367434.29157651035,9.03597387180643,-1,-0.015417283989443805,0.9999568719117506,0.0,0.5999741231470503,15.0,0.2962962962962963,0.9629629629629629,S2 O8,de-protonated,,0.0,,C27 H26 O8 S2,27.0,26.0,8.0,,,2.0,
119,1101,545.026699796046,545.0262041089401,545.026268074539,3573504.280062219,136.74431862986563,411857.7942139403,18.941799714310488,-1,-0.1173624146766701,0.9975038578954263,0.0,0.5985023147372558,26.0,0.3448275862068966,0.3448275862068966,N2 O10,de-protonated,,0.0,,C29 H10 O10 N2,29.0,10.0,10.0,2.0,,,
120,1102,545.2032979381179,545.2028020973428,545.2028354587691,2048848.5261422093,134.05978232919148,350294.61910949874,10.873821853172208,-1,-0.061190852505168716,0.9993208287180873,0.0,0.5995924972308523,12.0,0.39285714285714285,1.2142857142857142,O11,de-protonated,,0.0,,C28 H34 O11,28.0,34.0,11.0,,,,
121,1108,547.0238016923498,547.0233042676401,547.023311921089,2335531.9777125497,121.0746654653848,421555.88497920777,12.656547839486048,-1,-0.013991083524839873,0.9999644819745529,0.0,0.5999786891847317,24.0,0.12903225806451613,0.5483870967741935,S2 P1 O4,de-protonated,,0.0,,C31 H17 O4 P1 S2,31.0,17.0,4.0,,1.0,2.0,
122,1115,550.0425098249738,550.0420097746331,550.042073043719,2245602.980237977,158.6826457053015,302154.424733997,11.810559659329197,-1,-0.11502590256261322,0.9976021394765315,0.0,0.5985612836859189,28.0,0.09375,0.4375,N3 S1 P1 O3,de-protonated,,0.0,,C32 H14 O3 N3 P1 S1,32.0,14.0,3.0,3.0,1.0,1.0,
123,1134,559.025044652013,559.0245367947268,559.024673138509,4260591.69342695,191.8291290606227,395426.29938729864,22.370118918760184,-1,-0.24389582200063584,0.989264534567548,0.0,0.5935587207405288,8.0,1.1176470588235294,1.1764705882352942,S1 O19,de-protonated,,0.0,,C17 H20 O19 S1,17.0,20.0,19.0,,,1.0,
124,1135,559.0424766949322,559.0419688225041,559.041918138999,1652972.9918928717,136.10724101160164,452250.3221476325,8.789269332976422,-1,0.0906613681488301,0.9985096970910189,0.0,0.5991058182546113,26.0,0.3333333333333333,0.4,N2 O10,de-protonated,,0.0,,C30 H12 O10 N2,30.0,12.0,10.0,2.0,,,
125,1141,561.2508535065102,561.2503437160925,561.250261108849,1658220.329975394,225.11943748004987,342265.99765157234,8.9122854926655,-1,0.14718432971690648,0.9960769512758425,0.0,0.5976461707655055,14.0,0.08823529411764706,1.2352941176470589,S2 O3,de-protonated,,0.0,,C34 H42 O3 S2,34.0,42.0,3.0,,,2.0,
126,1141,561.2508535065102,561.2503437160925,561.2503940505791,1658220.329975394,225.11943748004987,342265.99765157234,8.9122854926655,-1,-0.08968276386579516,0.9985416729483131,0.0,0.5991250037689878,1.0,0.4782608695652174,2.0434782608695654,S1 P1 O11,de-protonated,,0.0,,C23 H47 O11 P1 S1,23.0,47.0,11.0,,1.0,1.0,
127,1153,572.111570852221,572.1110516370209,572.110940451499,6712569.928552184,145.30896364496215,410144.46162859636,35.974496185358795,-1,0.19434258986880976,0.49658514306808726,0.8077896627745582,0.6210669509506757,11.0,0.5,1.2727272727272727,N3 S1 P1 O11,de-protonated,,0.0,,C22 H28 O11 N3 P1 S1,22.0,28.0,11.0,3.0,1.0,1.0,
128,1154,572.1154115382178,572.1148923196871,572.1148302617689,3271350.387077681,278.61884255667326,367544.3625250927,17.298223154530195,-1,0.10847108812575643,0.9978673562606324,0.0,0.5987204137563794,28.0,0.02631578947368421,0.6052631578947368,N1 S2 O1,de-protonated,,0.0,,C38 H23 O1 N1 S2,38.0,23.0,1.0,1.0,,2.0,
129,1154,572.1154115382178,572.1148923196871,572.1149632034991,3271350.387077681,278.61884255667326,367544.3625250927,17.298223154530195,-1,-0.12389784666594095,0.9972185154479762,0.0,0.5983311092687857,15.0,0.3333333333333333,1.037037037037037,N1 S1 P1 O9,de-protonated,,0.0,,C27 H28 O9 N1 P1 S1,27.0,28.0,9.0,1.0,1.0,1.0,
130,1157,573.1089894151834,573.1084693350887,573.108361700929,10488908.65590664,171.94503840587748,386856.57943073247,55.09779515166956,-1,0.18780769376755121,0.4968102136968742,0.7087183895694551,0.5815734840459066,28.0,0.05263157894736842,0.6052631578947368,S1 P1 O2,de-protonated,,0.0,,C38 H23 O2 P1 S1,38.0,23.0,2.0,,1.0,1.0,
131,1160,574.1085228453749,574.1080018986617,574.107963071349,3494204.324734988,244.0760606785508,345941.56150162086,18.8402945770807,-1,0.0676306812691859,0.9991704145082354,0.0,0.5995022487049412,11.0,0.6666666666666666,1.2380952380952381,N3 P1 O14,de-protonated,,0.0,,C21 H26 O14 N3 P1,21.0,26.0,14.0,3.0,1.0,,
132,1161,574.5684837270967,574.5679623816238,574.5680875333289,7270814.363714641,153.77188106294457,398276.90143210354,38.19013149866589,-1,-0.21781875433293008,0.4957140576101181,0.7141928963326601,0.5831055930991349,3.0,0.02702702702702703,1.972972972972973,N3 O1,de-protonated,,0.0,,C37 H73 O1 N3,37.0,73.0,1.0,3.0,,,
133,1163,575.0384845434062,575.0379627904937,575.0379734645988,3727196.774759959,265.2180314193054,389044.5214726616,19.745774178726535,-1,-0.018562435286171894,0.49996874063427305,0.6927871148459377,0.5770960903189389,39.0,0.024390243902439025,0.21951219512195122,N2 P1 O1,de-protonated,,0.0,,C41 H9 O1 N2 P1,41.0,9.0,1.0,2.0,1.0,,
134,1163,575.0384845434062,575.0379627904937,575.0378350801691,3727196.774759959,265.2180314193054,389044.5214726616,19.745774178726535,-1,0.22209029875978523,0.9910901368946631,0.0,0.5946540821367978,12.0,0.7,1.05,N2 S1 P1 O14,de-protonated,,0.0,,C20 H21 O14 N2 P1 S1,20.0,21.0,14.0,2.0,1.0,1.0,
135,1164,575.1057411136372,575.1052193024226,575.105112994619,1818362.6594757375,277.86593533534506,386924.09423300315,9.58450494451838,-1,0.18484934518324023,0.9938192091177317,0.0,0.596291525470639,14.0,0.37037037037037035,1.037037037037037,S2 O10,de-protonated,,0.0,,C27 H28 O10 S2,27.0,28.0,10.0,,,2.0,
136,1164,575.1057411136372,575.1052193024226,575.105245936349,1818362.6594757375,277.86593533534506,386924.09423300315,9.58450494451838,-1,-0.046311395296574076,0.9996109144900227,0.0,0.5997665486940136,1.0,1.125,2.0625,S1 P1 O18,de-protonated,,0.0,,C16 H33 O18 P1 S1,16.0,33.0,18.0,,1.0,1.0,
137,1168,580.5596214162538,580.5590948789384,580.5591766195789,5178942.802178879,356.8364171615739,353116.1140825336,27.356642812604857,-1,-0.14079639741302252,0.49820474527036746,0.7141928963326603,0.5846000056952846,1.0,0.02702702702702703,2.054054054054054,N1 P1 O1,de-protonated,,0.0,,C37 H76 O1 N1 P1,37.0,76.0,1.0,1.0,1.0,,
138,1172,586.3173206954457,586.3167891723097,586.3167602711991,1718209.371807314,72.62194290816238,356475.8334539673,9.185206590117769,-1,0.049292656335613104,0.9995592193293047,0.0,0.5997355315975827,6.0,0.2857142857142857,1.75,N3 S1 O8,de-protonated,,0.0,,C28 H49 O8 N3 S1,28.0,49.0,8.0,3.0,,1.0,
139,1173,587.1245076286506,587.1239754068313,587.124011765389,2121002.0926848524,219.5796336936184,378897.51964928996,11.22001487087644,-1,-0.061926538529346146,0.9993044051653794,0.0,0.5995826430992276,28.0,0.05128205128205128,0.6410256410256411,S1 P1 O2,de-protonated,,0.0,,C39 H25 O2 P1 S1,39.0,25.0,2.0,,1.0,1.0,
140,1173,587.1245076286506,587.1239754068313,587.123873380959,2121002.0926848524,219.5796336936184,378897.51964928996,11.22001487087644,-1,0.1737723108829247,0.9945358106889955,0.0,0.5967214864133973,1.0,0.8333333333333334,2.0555555555555554,S2 P1 O15,de-protonated,,0.0,,C18 H37 O15 P1 S2,18.0,37.0,15.0,,1.0,2.0,
141,1174,593.0046686403408,593.0041313309501,593.004152168879,5942281.043867773,140.9642633729445,368439.7355993304,31.85782426221175,-1,-0.035139600328944275,0.9997759738000276,0.0,0.5998655842800166,7.0,1.0,1.3529411764705883,S2 P1 O17,de-protonated,,0.0,,C17 H23 O17 P1 S2,17.0,23.0,17.0,,1.0,2.0,
142,1175,595.001693903597,595.0011548672277,595.001041846999,6950708.968974803,196.45326412266493,382773.5367606972,37.028536285864114,-1,0.18994963159227835,0.49673727932977646,0.7739790330151771,0.6076339808039367,20.0,0.4444444444444444,0.5925925925925926,S2 O12,de-protonated,,0.0,,C27 H16 O12 S2,27.0,16.0,12.0,,,2.0,
143,1176,596.0012699274636,596.0007300268504,596.0007816018491,1678019.1110273057,143.27918979555335,356041.2394459092,8.994632375517478,-1,-0.08653511919950813,0.9986421756083698,0.0,0.5991853053650218,30.0,0.3548387096774194,0.22580645161290322,N3 O11,de-protonated,,0.0,,C31 H7 O11 N3,31.0,7.0,11.0,3.0,,,
144,1178,596.9312471583897,596.9307064538074,596.930786552399,2287468.764487763,86.03624666529663,375584.12559507147,12.054239210625866,-1,-0.13418405189168067,0.9967382821180435,0.0,0.5980429692708261,18.0,1.0,0.3684210526315789,N2 P1 O19,de-protonated,,0.0,,C19 H7 O19 N2 P1,19.0,7.0,19.0,2.0,1.0,,
145,1179,596.9987348863319,596.9981941234099,596.9980644668491,3122375.0643340885,166.5305771811468,366862.0540513988,16.673731283758865,-1,0.2171808730163334,0.9914780329423095,0.0,0.5948868197653857,20.0,0.5769230769230769,0.5384615384615384,S1 O15,de-protonated,,0.0,,C26 H14 O15 S1,26.0,14.0,15.0,,,1.0,
146,1182,600.9252383282757,600.9246941719553,600.9247200770691,2499386.6747312555,155.71307080969686,329735.13827416673,13.204406692746147,-1,-0.043108750504933256,0.9996628590711376,0.0,0.5997977154426826,29.0,0.25806451612903225,0.22580645161290322,S2 P1 O8,de-protonated,,0.0,,C31 H7 O8 P1 S2,31.0,7.0,8.0,,1.0,2.0,
147,1189,607.0202946700484,607.0197452495687,607.019802233339,2090898.1729657843,121.98044280954915,338253.18807986093,10.996165793409432,-1,-0.0938746480008433,0.9984022703394685,0.0,0.5990413622036811,7.0,0.9444444444444444,1.3888888888888888,S2 P1 O17,de-protonated,,0.0,,C18 H25 O17 P1 S2,18.0,25.0,17.0,,1.0,2.0,
148,1193,609.0174295385553,609.0168783940869,609.016963237619,2565406.3411937533,199.61958794475092,335087.79335296137,13.508249884983648,-1,-0.13931226428382548,0.996484654121531,0.0,0.5978907924729185,34.0,0.18421052631578946,0.2894736842105263,P1 O7,de-protonated,,0.0,,C38 H11 O7 P1,38.0,11.0,7.0,,1.0,,
149,1193,609.0174295385553,609.0168783940869,609.016824853189,2565406.3411937533,199.61958794475092,335087.79335296137,13.508249884983648,-1,0.0879136598216939,0.9985986001705904,0.0,0.5991591601023543,7.0,1.1764705882352942,1.3529411764705883,S1 P1 O20,de-protonated,,0.0,,C17 H23 O20 P1 S1,17.0,23.0,20.0,,1.0,1.0,
150,1198,616.4345582529685,616.4340007096519,616.433979559829,2376076.9302725703,240.876728811971,298453.91561226913,12.657892278389754,-1,0.03430995618264717,0.9997864262987783,0.0,0.5998718557792669,7.0,0.027777777777777776,1.75,N3 S2 O1,de-protonated,,0.0,,C36 H63 O1 N3 S2,36.0,63.0,1.0,3.0,,2.0,
151,1199,616.5274259672939,616.5268683438976,616.527010566719,9356305.185306348,77.41674000263166,378604.35318439343,49.1580640750975,-1,-0.23068384510663895,0.4951953345477891,0.7311359101322888,0.5895715647815889,1.0,0.17647058823529413,2.088235294117647,N3 O6,de-protonated,,0.0,,C34 H71 O6 N3,34.0,71.0,6.0,3.0,,,
152,1203,618.5502278772209,618.5496685098014,618.5496745639789,15023207.71228515,293.6127801591818,353466.5769566038,80.70935626726434,-1,-0.009787698056159087,0.4999913087711728,0.7087183895694551,0.5834821410904858,4.0,0.02631578947368421,1.9473684210526316,N3 P1 O1,de-protonated,,0.0,,C38 H74 O1 N3 P1,38.0,74.0,1.0,3.0,1.0,,
153,1207,619.3372212267549,619.3366611809257,619.336506458849,4363845.204290547,234.18402834186193,373116.69266924943,22.910583358049898,-1,0.2498190806756884,0.9887397416271378,0.0,0.5932438449762827,5.0,0.3448275862068966,1.8275862068965518,N2 P1 O10,de-protonated,,0.0,,C29 H53 O10 N2 P1,29.0,53.0,10.0,2.0,1.0,,
154,1220,630.5042665064003,630.5036968416308,630.503773198379,2005985.1519163048,280.58290314906014,315410.3974202412,10.550484296830971,-1,-0.12110434773142842,0.9973423636234345,0.0,0.5984054181740607,6.0,0.05263157894736842,1.8157894736842106,N3 S1 O2,de-protonated,,0.0,,C38 H69 O2 N3 S1,38.0,69.0,2.0,3.0,,1.0,
155,1224,634.5243197017326,634.52374657758,634.5238399380089,2022097.800287354,260.55867485855356,353873.15955951635,10.936338262194525,-1,-0.1471346275762506,0.9960795951490619,0.0,0.5976477570894371,4.0,0.07692307692307693,1.8717948717948718,N1 S1 O3,de-protonated,,0.0,,C39 H73 O3 N1 S1,39.0,73.0,3.0,1.0,,1.0,
156,1232,645.1307880456505,645.1302058028443,645.130339222159,1861797.489374945,118.24062679258618,305619.07128334406,10.014053174252371,-1,-0.20680985931307086,0.9922694178489887,0.0,0.5953616507093932,30.0,0.20512820512820512,0.5641025641025641,N2 O8,de-protonated,,0.0,,C39 H22 O8 N2,39.0,22.0,8.0,2.0,,,
157,1232,645.1307880456505,645.1302058028443,645.130200837729,1861797.489374945,118.24062679258618,305619.07128334406,10.014053174252371,-1,0.007696299581791024,0.9999892523027757,0.0,0.5999935513816654,3.0,1.1666666666666667,1.8888888888888888,N2 S1 O21,de-protonated,,0.0,,C18 H34 O21 N2 S1,18.0,34.0,21.0,2.0,,1.0,
158,1233,645.4376199057982,645.4370373993852,645.437192502499,2152155.573269757,172.53966837658226,280135.1573433836,11.316142252491403,-1,-0.2403070594622563,0.9895765002547834,0.0,0.59374590015287,8.0,0.21052631578947367,1.631578947368421,O8,de-protonated,,0.0,,C38 H62 O8,38.0,62.0,8.0,,,,
159,1235,649.4829738205999,649.4823878396946,649.482249170859,2044193.6529484715,195.367440874379,253729.82335956683,10.882224596320368,-1,0.21350673689054875,0.9917627522346277,0.0,0.5950576513407766,0.0,0.08333333333333333,2.0833333333333335,S2 P1 O3,de-protonated,,0.0,,C36 H75 O3 P1 S2,36.0,75.0,3.0,,1.0,2.0,
160,1239,657.4700126560068,657.469419820452,657.469555259849,4133786.779867429,229.9671503101916,318848.25104127865,21.851165501929756,-1,-0.2060010169743691,0.49616476841411167,0.7253996187124198,0.5878587085334349,4.0,0.2571428571428571,1.8857142857142857,N2 O9,de-protonated,,0.0,,C35 H66 O9 N2,35.0,66.0,9.0,2.0,,,
161,1245,666.2394338211808,666.2388334676156,666.2388435652391,1525046.697854745,254.64046010433503,319698.8657096557,8.091169432227206,-1,-0.015156161550698042,0.9999583204300648,0.0,0.5999749922580389,2.0,0.52,2.0,N1 S2 P1 O13,de-protonated,,0.0,,C25 H50 O13 N1 P1 S2,25.0,50.0,13.0,1.0,1.0,2.0,
162,1251,674.4860615971083,674.4854541814544,674.485360229029,3989208.235411807,187.5312217594109,319570.82489538786,21.224656972802872,-1,0.13929498103140822,0.49824276238467047,0.7033271719038788,0.5802765261923538,7.0,0.05128205128205128,1.794871794871795,N3 S1 P1 O2,de-protonated,,0.0,,C39 H70 O2 N3 P1 S1,39.0,70.0,2.0,3.0,1.0,1.0,
163,1252,674.511881472801,674.5112740350477,674.511360502259,3446916.9688918935,108.07149699480703,354418.3996140456,18.142530786057414,-1,-0.1281923720891995,0.9970226433027909,0.0,0.5982135859816745,7.0,0.15384615384615385,1.7692307692307692,N3 O6,de-protonated,,0.0,,C39 H69 O6 N3,39.0,69.0,6.0,3.0,,,
164,1253,676.4830265338917,676.4824174092424,676.482382848879,1850150.0772787142,172.61133522974816,324248.50860399497,10.013044845074592,-1,0.051088342210202094,0.9995265276572833,0.0,0.59971591659437,7.0,0.13157894736842105,1.7894736842105263,N3 P1 O5,de-protonated,,0.0,,C38 H68 O5 N3 P1,38.0,68.0,5.0,3.0,1.0,,
165,1255,678.5060202009945,678.5054093455226,678.5054269686589,7031610.958385515,162.31005166982857,335951.37938333605,37.05542506393822,-1,-0.025973463987891677,0.4999387992140221,0.6980173569463085,0.5791702223069367,5.0,0.075,1.85,N1 S1 P1 O3,de-protonated,,0.0,,C40 H74 O3 N1 P1 S1,40.0,74.0,3.0,1.0,1.0,1.0,
166,1256,680.5029282028554,680.5023156393215,680.502449588509,4450766.423414726,100.48704824234929,340472.8483220305,23.781779767651233,-1,-0.19683865579653245,0.49649717133325366,0.7033271719038787,0.5792291715615037,5.0,0.15384615384615385,1.8461538461538463,N1 P1 O6,de-protonated,,0.0,,C39 H72 O6 N1 P1,39.0,72.0,6.0,1.0,1.0,,
167,1264,694.270767640198,694.2701433122551,694.2701436941591,5312445.29783272,207.85893482706007,316583.59553631436,27.99928460857621,-1,-0.0005500798082906845,0.9991914297518079,0.9935563347484053,0.9969373917504469,2.0,0.48148148148148145,2.0,N1 S2 P1 O13,de-protonated,,0.0,,C27 H54 O13 N1 P1 S2,27.0,54.0,13.0,1.0,1.0,2.0,
168,1266,695.2741893767994,695.2735641922648,695.2734985292291,1608988.5812495383,169.86086362587233,321835.72960918106,8.697847487524431,-1,0.09444202292082257,0.998382914407772,0.9935563347484053,0.9964522825440254,2.0,0.48148148148148145,2.0,13C1 N1 S2 P1 O13,de-protonated,,1.0,1264.0,C26 H54 O13 N1 P1 S2 13C1,26.0,54.0,13.0,1.0,1.0,2.0,1.0
169,1266,695.2741893767994,695.2735641922648,695.273634874849,1608988.5812495383,169.86086362587233,321835.72960918106,8.697847487524431,-1,-0.10166153395111881,0.9981264728290592,0.0,0.5988758836974355,2.0,0.5769230769230769,2.0,N2 S2 O15,de-protonated,,0.0,,C26 H52 O15 N2 S2,26.0,52.0,15.0,2.0,,2.0,
170,1267,696.2677766870429,696.2671506544209,696.2673046984389,2050487.5019956818,121.4898257557209,320188.5718153952,10.964907588898273,-1,-0.22124264198302832,0.9911577190174848,0.0,0.5946946314104908,29.0,0.06382978723404255,0.851063829787234,N1 P1 O3,de-protonated,,0.0,,C47 H40 O3 N1 P1,47.0,40.0,3.0,1.0,1.0,,
171,1267,696.2677766870429,696.2671506544209,696.267033372279,2050487.5019956818,121.4898257557209,320188.5718153952,10.964907588898273,-1,0.16844419781357642,0.9948649050852814,0.0,0.5969189430511688,15.0,0.21621621621621623,1.2702702702702702,N1 S2 O8,de-protonated,,0.0,,C37 H47 O8 N1 S2,37.0,47.0,8.0,1.0,,2.0,
172,1267,696.2677766870429,696.2671506544209,696.267166314009,2050487.5019956818,121.4898257557209,320188.5718153952,10.964907588898273,-1,-0.0224907749512818,0.9999082211233358,0.0,0.5999449326740014,2.0,0.6153846153846154,2.0,N1 S1 P1 O16,de-protonated,,0.0,,C26 H52 O16 N1 P1 S1,26.0,52.0,16.0,1.0,1.0,1.0,
173,1270,698.0612876898145,698.0606601265972,698.060618954799,1563051.281697333,238.48016156058924,316703.3871935696,8.215193921094063,-1,0.058980262026099614,0.9993689988259602,0.0,0.5996213992955761,30.0,0.3055555555555556,0.5,N3 P1 O11,de-protonated,,0.0,,C36 H18 O11 N3 P1,36.0,18.0,11.0,3.0,1.0,,
174,1275,721.7365821726397,721.7359344379779,721.736078356439,2082906.416496286,122.43028304979617,305911.5754339465,11.156154022950417,-1,-0.19940593987865102,0.9928110699565812,0.0,0.5956866419739487,0.0,0.020833333333333332,2.0625,P1 O1,de-protonated,,0.0,,C48 H99 O1 P1,48.0,99.0,1.0,,1.0,,
175,1279,728.4506813869584,728.4500279430999,728.4500235474591,2233445.8979746187,126.75462215525653,327600.91278475145,11.774932028380995,-1,0.006034238080367858,0.9999933931069594,0.0,0.5999960358641756,10.0,0.0975609756097561,1.6341463414634145,N3 S2 O4,de-protonated,,0.0,,C41 H67 O4 N3 S2,41.0,67.0,4.0,3.0,,2.0,
176,1280,730.4477368558357,730.4470817147806,730.447046167309,3259524.23406093,223.75247736406976,284626.11175811256,17.646432830589987,-1,0.048665364155335046,0.9995703641902137,0.0,0.5997422185141282,10.0,0.175,1.625,N3 S1 O7,de-protonated,,0.0,,C40 H65 O7 N3 S1,40.0,65.0,7.0,3.0,,1.0,
177,1281,732.4447429194202,732.4440860816497,732.444068787159,2568783.801105201,245.15293011755116,332288.51238847803,13.911581556095378,-1,0.023612029150801957,0.9998988424079961,0.0,0.5999393054447977,10.0,0.2564102564102564,1.6153846153846154,N3 O10,de-protonated,,0.0,,C39 H63 O10 N3,39.0,63.0,10.0,3.0,,,
178,1283,736.4647286052003,736.4640683532643,736.4641355267889,3112729.7805428966,197.20275165446185,301192.71298979974,16.407532380825124,-1,-0.0912108565214522,0.998491590901422,0.0,0.5990949545408532,8.0,0.275,1.675,N1 O11,de-protonated,,0.0,,C40 H67 O11 N1,40.0,67.0,11.0,1.0,,,
179,1284,737.235888223897,737.2352273172203,737.235198216119,1637996.8025898153,115.47123342369426,234212.26905080132,8.598863173239094,-1,0.039473293408837526,0.9997173173442335,0.0,0.5998303904065401,23.0,0.3,0.95,N2 O12,de-protonated,,0.0,,C40 H38 O12 N2,40.0,38.0,12.0,2.0,,,
180,1295,760.7114484234237,760.7107676165624,760.710591883749,1854031.5541803534,136.12350592983688,248853.85847786829,10.000608785215315,-1,0.23101139290907324,0.9903634931605845,0.0,0.5942180958963507,3.0,0.04081632653061224,1.9591836734693877,N1 P1 O2,de-protonated,,0.0,,C49 H96 O2 N1 P1,49.0,96.0,2.0,1.0,1.0,,
181,1298,769.3769998450284,769.3763117077432,769.376442719429,2678117.48943128,340.68253356437583,248299.428205308,14.40700729211095,-1,-0.17028294407300476,0.9947524794891647,0.0,0.5968514876934988,10.0,0.40540540540540543,1.5675675675675675,N2 O15,de-protonated,,0.0,,C37 H58 O15 N2,37.0,58.0,15.0,2.0,,,
182,1299,773.3706044680019,773.3699129552042,773.3699961215789,5831644.6850871695,334.33502339660436,279920.47436617885,30.885794934832482,-1,-0.10753762765105733,0.4989519327084681,0.6444951140065156,0.5571692052276871,26.0,0.0196078431372549,1.0784313725490196,N2 S1 P1 O1,de-protonated,,0.0,,C51 H55 O1 N2 P1 S1,51.0,55.0,1.0,2.0,1.0,1.0,
183,1302,780.7069737915898,780.7062760824563,780.7061614079289,1605316.3927980103,219.24556141021085,225588.7161577208,8.443748534724042,-1,0.14688564409487653,0.9960928263287017,0.0,0.597655695797221,6.0,0.019230769230769232,1.8269230769230769,N1 S1 O1,de-protonated,,0.0,,C52 H95 O1 N1 S1,52.0,95.0,1.0,1.0,,1.0,
184,1304,785.4739216613768,785.4732199292332,785.4731410384289,1732669.0347649986,284.0832561878171,274163.91076137335,9.101851378088012,-1,0.10043730352222685,0.9981712829520903,0.0,0.5989027697712542,6.0,0.14634146341463414,1.829268292682927,N2 S2 P1 O6,de-protonated,,0.0,,C41 H75 O6 N2 P1 S2,41.0,75.0,6.0,2.0,1.0,2.0,
185,1305,786.4088951049285,786.4081925840187,786.408155278579,1595012.003785003,129.0988908968372,294049.45934939035,8.380223796523945,-1,0.047437757948324194,0.9995917619555588,0.0,0.5997550571733352,26.0,0.05660377358490566,1.0943396226415094,N1 P1 O3,de-protonated,,0.0,,C53 H58 O3 N1 P1,53.0,58.0,3.0,1.0,1.0,,
186,1306,787.4707325321317,787.470029115547,787.470030716549,4043773.319091698,238.3321908757396,261397.6666914912,21.53455014010705,-1,-0.0020330957094859643,0.4999996249930493,0.6444951140065156,0.5577978205984359,19.0,0.0196078431372549,1.3333333333333333,N2 S2 O1,de-protonated,,0.0,,C51 H68 O1 N2 S2,51.0,68.0,1.0,2.0,,2.0,
187,1306,787.4707325321317,787.470029115547,787.4701636582789,4043773.319091698,238.3321908757396,261397.6666914912,21.53455014010705,-1,-0.1708543867186612,0.4973586470210883,0.6980173569463086,0.5776221309911764,6.0,0.225,1.825,N2 S1 P1 O9,de-protonated,,0.0,,C40 H73 O9 N2 P1 S1,40.0,73.0,9.0,2.0,1.0,1.0,
188,1308,789.4679019034658,789.4671968025771,789.467053336399,4022629.9406779828,354.318652173151,240026.17911623986,21.49018365628476,-1,0.18172535190846023,0.4970128685522785,0.6490192219379382,0.5578154099065423,19.0,0.08,1.32,N2 S1 O4,de-protonated,,0.0,,C50 H66 O4 N2 S1,50.0,66.0,4.0,2.0,,1.0,
189,1308,789.4679019034658,789.4671968025771,789.467186278129,4022629.9406779828,354.318652173151,240026.17911623986,21.49018365628476,-1,0.01333107724634071,0.49998387694556706,0.7033271719038788,0.5813211949288918,6.0,0.3076923076923077,1.8205128205128205,N2 P1 O12,de-protonated,,0.0,,C39 H71 O12 N2 P1,39.0,71.0,12.0,2.0,1.0,,
190,1309,790.4289967396779,790.4282908284108,790.428418722699,4656259.435243395,189.62206308343687,265883.7275717769,24.78674784817129,-1,-0.16180375751775397,0.49763042800522406,0.6775563317581001,0.5696007895063745,16.0,0.22727272727272727,1.3863636363636365,N3 O10,de-protonated,,0.0,,C44 H61 O10 N3,44.0,61.0,10.0,3.0,,,
191,1311,792.4010827272845,792.4003751535074,792.4003104491891,1592875.7173305228,148.61575724109423,250367.5569737815,8.43954716314996,-1,0.08165609917141273,0.9987908828036542,0.0,0.5992745296821925,15.0,0.09090909090909091,1.4545454545454546,N3 S2 P1 O4,de-protonated,,0.0,,C44 H64 O4 N3 P1 S2,44.0,64.0,4.0,3.0,1.0,2.0,
192,1312,792.4262169357798,792.425509340817,792.425462569249,10407351.247903239,289.1223948435943,290339.13458385324,54.93915136103228,-1,0.059023302781263616,0.49968403891840807,0.667769152885588,0.5669180845052801,14.0,0.08695652173913043,1.4782608695652173,N1 S2 P1 O4,de-protonated,,0.0,,C46 H68 O4 N1 P1 S2,46.0,68.0,4.0,1.0,1.0,2.0,
193,1313,793.4619385660421,793.4612300981187,793.461119802799,2304690.9701044406,442.346128508149,256407.80811306727,12.250863400292834,-1,0.1390053235726765,0.9965001003678398,0.0,0.5979000602207039,17.0,0.0196078431372549,1.392156862745098,S2 P1 O1,de-protonated,,0.0,,C51 H71 O1 P1 S2,51.0,71.0,1.0,,1.0,2.0,
194,1314,794.4233079934505,794.4225987153402,794.4224851890989,14790777.746507008,302.78878854760467,274174.09312229615,78.79218639057991,-1,0.14290411389879515,0.33210046229053153,0.6240179704823443,0.44886746556725665,14.0,0.15555555555555556,1.4666666666666666,N1 S1 P1 O7,de-protonated,,0.0,,C45 H66 O7 N1 P1 S1,45.0,66.0,7.0,1.0,1.0,1.0,
195,1316,796.4203332849344,796.4196223241717,796.419507808949,10891285.536095753,279.10067538482826,278133.90915961633,57.3241859762063,-1,0.14378756615059468,0.49812780043308363,0.6775563317581001,0.5698992129630902,14.0,0.22727272727272727,1.4545454545454546,N1 P1 O10,de-protonated,,0.0,,C44 H64 O10 N1 P1,44.0,64.0,10.0,1.0,1.0,,
196,1317,798.4174541829727,798.4167415399166,798.416748359989,7655788.2945320215,170.08390096290458,281502.0362804616,41.348218483470724,-1,-0.008541995625401361,0.49999338027958967,0.7197526373226639,0.5878970830968193,4.0,0.2777777777777778,1.9444444444444444,N3 S2 P1 O10,de-protonated,,0.0,,C36 H70 O10 N3 P1 S2,36.0,70.0,10.0,3.0,1.0,2.0,
197,0,150.88797440957364,150.88783025064672,,1900019.7911970532,23.076684850597914,1171271.0999967274,9.911203598118881,-1,,,,,,,,unassigned,,,,,,,,,,,,
198,1,152.8838469485013,152.8837009663522,,118560373.62042542,44.879700071859446,1115446.3785223258,626.0567976552402,-1,,,,,,,,unassigned,,,,,,,,,,,,
199,2,152.884254526444,152.88410854392265,,9656698.727056924,14.34629199587805,1084091.0560577211,51.79854208197562,-1,,,,,,,,unassigned,,,,,,,,,,,,
200,3,152.88563784366076,152.88549185987588,,35323397.26693801,49.071601409853756,1153938.3032724557,183.61808771251822,-1,,,,,,,,unassigned,,,,,,,,,,,,
201,4,152.98236120663722,152.9822151345071,,1529814.9323736045,50.705248458090644,1070601.2986549179,7.96983382116776,-1,,,,,,,,unassigned,,,,,,,,,,,,
202,5,154.8809028710691,154.88075506505618,,46485139.63678365,41.671328753837955,1069542.6237451897,245.22565603593108,-1,,,,,,,,unassigned,,,,,,,,,,,,
203,6,154.88130626799,154.88115846160872,,4235886.85513013,47.53292246636465,1225505.1023263042,22.64035113840504,-1,,,,,,,,unassigned,,,,,,,,,,,,
204,7,154.88269693695432,154.88254912930313,,4025355.3234735928,24.954095215945742,1097685.368326067,21.715377172655476,-1,,,,,,,,unassigned,,,,,,,,,,,,
205,8,154.93324646437725,154.93309861056608,,1757533.4638328503,23.08363674882731,1292601.5084998047,9.271250679954939,-1,,,,,,,,unassigned,,,,,,,,,,,,
206,9,158.84687882609362,158.84672739935195,,2280440.601940746,22.808896522062753,1299298.9112293816,12.046172577203633,-1,,,,,,,,unassigned,,,,,,,,,,,,
207,10,158.95673598710303,158.9565844600922,,12107694.333373118,63.68501033272427,1008739.3326165533,63.973780793935006,-1,,,,,,,,unassigned,,,,,,,,,,,,
208,12,160.3931354529096,160.3929826149861,,3098630.718780738,29.27080506475225,1275121.8652203889,16.552731782425347,-1,,,,,,,,unassigned,,,,,,,,,,,,
209,13,160.9159392418638,160.91578592686614,,1678043.7779401836,18.63283143842392,1190820.1573586483,8.754986140931926,-1,,,,,,,,unassigned,,,,,,,,,,,,
210,14,161.612977799387,161.61282384836758,,1528985.6857781236,12.885239305325122,1278952.7674205198,8.045122399775282,-1,,,,,,,,unassigned,,,,,,,,,,,,
211,15,162.83925301797294,162.83909794815295,,31564617.276090026,46.37022363782454,1107647.2772133325,168.64641608085086,-1,,,,,,,,unassigned,,,,,,,,,,,,
212,16,162.84260915434862,162.84245408146688,,27606744.356068447,61.5480472295804,1025080.7361498115,145.41451182481526,-1,,,,,,,,unassigned,,,,,,,,,,,,
213,17,162.90719456803595,162.90703943623387,,5588921.628460777,35.16611969023837,1149265.9722775249,29.749744061201113,-1,,,,,,,,unassigned,,,,,,,,,,,,
214,18,163.8397065787525,163.83955059628462,,1634150.5151152594,43.1948182372413,1085286.4060621657,8.512987138264888,-1,,,,,,,,unassigned,,,,,,,,,,,,
215,19,164.83631124088214,164.83615434938713,,11563407.580643328,57.83158222712609,1023403.5726922314,61.43548014373852,-1,,,,,,,,unassigned,,,,,,,,,,,,
216,20,164.83806603701893,164.83790914392344,,11431641.254570939,60.42541132134058,1008794.1916497053,60.74712742504117,-1,,,,,,,,unassigned,,,,,,,,,,,,
217,21,164.83966830196343,164.83951140740658,,30902909.181617923,52.97999315649217,1044422.533492223,165.03256430768977,-1,,,,,,,,unassigned,,,,,,,,,,,,
218,22,164.90425112047518,164.9040941670146,,6817141.8746398445,41.35610467457278,1060156.6064317652,36.48269409095957,-1,,,,,,,,unassigned,,,,,,,,,,,,
219,23,165.54416687514598,165.54400933806528,,2221953.8753248206,20.48955878005238,1215140.3120806862,11.852573375070003,-1,,,,,,,,unassigned,,,,,,,,,,,,
220,24,165.70323332363176,165.70307564148527,,9082886.98174743,34.1072533843662,1347378.1042182283,47.84051394946585,-1,,,,,,,,unassigned,,,,,,,,,,,,
221,25,166.0364491929959,166.03629120697144,,3502766.591120266,36.71785287880136,1356035.430236839,18.488723803761648,-1,,,,,,,,unassigned,,,,,,,,,,,,
222,26,166.21848349025365,166.2183253382272,,1954919.6067053855,24.629567086355344,1382225.8439281327,10.36831282537884,-1,,,,,,,,unassigned,,,,,,,,,,,,
223,27,166.2851804792526,166.2850222664043,,1735549.2585417326,44.69902117574596,1252385.2986657456,9.131429033969539,-1,,,,,,,,unassigned,,,,,,,,,,,,
224,28,166.83509699222878,166.83493827792304,,10768489.019008657,51.645633237662416,1036001.2480990727,56.55247804547919,-1,,,,,,,,unassigned,,,,,,,,,,,,
225,29,166.83561532740038,166.83545661262198,,1591597.5811818046,13.268156605109471,1448613.0248578028,8.496853871420418,-1,,,,,,,,unassigned,,,,,,,,,,,,
226,30,166.85766279563947,166.85750406075715,,24780732.31507856,71.66799100439955,1116357.0957501954,131.0451488220081,-1,,,,,,,,unassigned,,,,,,,,,,,,
227,31,166.86073894118954,166.86058020350225,,2032904.1290234434,42.35172833032182,1119714.095403498,10.674844895423755,-1,,,,,,,,unassigned,,,,,,,,,,,,
228,32,166.88422364175716,166.88406488265548,,5510515.007144009,40.78328772384421,1333157.1270894615,29.298012589555977,-1,,,,,,,,unassigned,,,,,,,,,,,,
229,33,167.54995151965088,167.54979215353396,,6765870.300438508,30.337473915629587,1353360.5305642982,35.450165012913544,-1,,,,,,,,unassigned,,,,,,,,,,,,
230,34,167.83687176038407,167.8367121326664,,8117054.384182653,54.09625524593307,1036728.6330729248,43.08657798596228,-1,,,,,,,,unassigned,,,,,,,,,,,,
231,35,168.21567858576591,168.21551861268335,,5076400.174780086,22.725328738213996,1264126.5573947176,27.18993238854534,-1,,,,,,,,unassigned,,,,,,,,,,,,
232,36,168.83641659303788,168.83625605405172,,10464662.069660401,55.801595524977735,1071660.2906915795,56.31585679842698,-1,,,,,,,,unassigned,,,,,,,,,,,,
233,37,168.85471747183846,168.85455691616872,,32873662.492620856,67.7573420824015,1021682.3846240992,178.4554423222881,-1,,,,,,,,unassigned,,,,,,,,,,,,
234,38,168.88140331219412,168.88124273219688,,2926432.556216365,52.62205504921897,1228370.9684250574,15.530958215608969,-1,,,,,,,,unassigned,,,,,,,,,,,,
235,39,169.8339247176049,169.83376326931685,,7125735.784771814,33.52846882559996,1024959.5462398231,37.407668056709134,-1,,,,,,,,unassigned,,,,,,,,,,,,
236,40,169.83505419181242,169.83489274249484,,3235491.6463518655,33.08227999803879,1063410.7677702203,17.445439214485976,-1,,,,,,,,unassigned,,,,,,,,,,,,
237,41,170.85177154817578,170.85160917215865,,20386055.22161816,94.29345996032558,1047991.0408849702,108.54461932958844,-1,,,,,,,,unassigned,,,,,,,,,,,,
238,43,171.83097889704086,171.83081562862083,,2754198.560309987,49.945714608593846,1088386.9831303058,14.562962204940819,-1,,,,,,,,unassigned,,,,,,,,,,,,
239,44,171.83210933616664,171.83194606671643,,4026162.367957857,79.41258286866842,984456.3726602322,21.554044504210786,-1,,,,,,,,unassigned,,,,,,,,,,,,
240,45,172.8321266518896,172.83196247118047,,4936728.153943115,75.63052392133181,1030303.5827611907,26.490824158618345,-1,,,,,,,,unassigned,,,,,,,,,,,,
241,46,172.84881622817915,172.8486520322627,,4653007.116567794,45.64891142695682,1057882.1299035954,24.436521513755938,-1,,,,,,,,unassigned,,,,,,,,,,,,
242,47,172.9260946555094,172.92593038917823,,1998634.9988389795,15.992147671303862,1420798.8908369152,10.680222651038576,-1,,,,,,,,unassigned,,,,,,,,,,,,
243,49,174.82742772250782,174.82726172392356,,2017807.1250524821,44.69212240958775,1205788.1732866706,10.545778760668002,-1,,,,,,,,unassigned,,,,,,,,,,,,
244,50,174.82916764749075,174.8290016473215,,3829586.0612572785,98.509397687796,1017527.738099313,20.06978395451962,-1,,,,,,,,unassigned,,,,,,,,,,,,
245,51,174.9324162357736,174.93225014154874,,5789945.209077202,60.92682929871982,1013767.6856545496,30.80378416170643,-1,,,,,,,,unassigned,,,,,,,,,,,,
246,52,174.96442966777062,174.964263544383,,1796385.6151568608,37.16944747138783,1302109.016876079,9.427205592784807,-1,,,,,,,,unassigned,,,,,,,,,,,,
247,53,176.81750952130218,176.81734171003495,,1618583.7123311118,36.50932904783347,990101.4105889859,8.593653472487233,-1,,,,,,,,unassigned,,,,,,,,,,,,
248,54,176.82623660250934,176.82606878329395,,1723401.4028678958,62.18128801046521,1087999.6294293704,9.179828834502946,-1,,,,,,,,unassigned,,,,,,,,,,,,
249,55,176.8942900026338,176.89412212143918,,38051778.97482214,80.66643318095768,1040937.7860799687,204.01053700392723,-1,,,,,,,,unassigned,,,,,,,,,,,,
250,56,176.92805916772258,176.92789125577306,,4764682.476791617,41.42196244692987,1053203.2151584178,25.555094681639133,-1,,,,,,,,unassigned,,,,,,,,,,,,
251,57,176.92943556920414,176.9292676560011,,4501048.290051986,107.41235850185802,923544.2429242803,23.88799044104399,-1,,,,,,,,unassigned,,,,,,,,,,,,
252,58,178.89135312735525,178.89118342757428,,11503207.617310476,99.2757568214351,941671.2186614408,60.661083335204005,-1,,,,,,,,unassigned,,,,,,,,,,,,
253,59,178.92512579858285,178.92495606805124,,3094559.809515287,68.67738064457494,923016.1132482828,16.5419762711957,-1,,,,,,,,unassigned,,,,,,,,,,,,
254,61,181.60329040361782,181.60311823496806,,1931460.7889730323,24.382418887510347,1221608.398061451,10.293024246771317,-1,,,,,,,,unassigned,,,,,,,,,,,,
255,62,184.8651050370366,184.8649298999993,,1807274.6654020618,75.79297446946657,1127512.9263945688,9.588538261229498,-1,,,,,,,,unassigned,,,,,,,,,,,,
256,63,184.8996189409032,184.8994437724631,,2090502.6242566814,68.44203649286807,995945.4151197008,11.062043299691014,-1,,,,,,,,unassigned,,,,,,,,,,,,
257,64,186.20515239347148,186.20497603727492,,3388278.954705443,37.150852073391974,1121486.1515267629,17.671304950308542,-1,,,,,,,,unassigned,,,,,,,,,,,,
258,65,186.8509479818673,186.85077103820421,,1979084.0435623787,104.74486884118355,1054222.4132000355,10.680222651038576,-1,,,,,,,,unassigned,,,,,,,,,,,,
259,66,186.8708891709631,186.87071220916064,,4908882.6569183245,47.577317652251594,1133903.8756025399,26.415535580010822,-1,,,,,,,,unassigned,,,,,,,,,,,,
260,68,187.5366197329171,187.53644216556327,,4945453.117695582,92.05115917260807,1108995.4251998945,26.66291233829268,-1,,,,,,,,unassigned,,,,,,,,,,,,
261,69,188.20236161440596,188.2021834415393,,2314925.1734891757,39.47593107907965,1129336.3281757075,12.567814871841469,-1,,,,,,,,unassigned,,,,,,,,,,,,
262,70,188.88407780572865,188.8838990128706,,43756022.71060187,62.993220815604836,957006.9050063672,234.38410071644782,-1,,,,,,,,unassigned,,,,,,,,,,,,
263,71,190.37795383811462,190.37777368682006,,1861979.9274770755,46.42403540176622,1014290.0886662307,9.905825842504058,-1,,,,,,,,unassigned,,,,,,,,,,,,
264,72,190.84503749920606,190.8448569232256,,1821548.4156617373,47.92234429097178,983006.5277246366,9.693404495718548,-1,,,,,,,,unassigned,,,,,,,,,,,,
265,73,190.87974104135668,190.8795604338237,,2935130.395610077,53.84241523873943,939332.520904237,15.536335971223792,-1,,,,,,,,unassigned,,,,,,,,,,,,
266,74,190.8811282468141,190.88094763801988,,45842541.07119673,85.99849465724967,981926.7616134667,241.78389244244434,-1,,,,,,,,unassigned,,,,,,,,,,,,
267,75,191.90215993203995,191.90197839498214,,12931250.627654698,65.90388161290853,941509.2546127097,68.9643380044908,-1,,,,,,,,unassigned,,,,,,,,,,,,
268,76,192.87679853569918,192.87661611266282,,3336561.0099322046,62.009816732405014,978708.0296417286,17.660549439078896,-1,,,,,,,,unassigned,,,,,,,,,,,,
269,77,192.87818722404157,192.87800479974294,,14986057.177934168,107.81874259178129,1008898.9968616696,80.36517990791566,-1,,,,,,,,unassigned,,,,,,,,,,,,
270,78,192.8892676370039,192.88908520263342,,2850308.75076828,73.67925984398086,1037970.7827046323,14.88024978621538,-1,,,,,,,,unassigned,,,,,,,,,,,,
271,79,192.89852752845698,192.89834508566946,,50133571.56399019,96.69273426401412,975671.4652596266,271.1249270769189,-1,,,,,,,,unassigned,,,,,,,,,,,,
272,81,193.8157627919397,193.815579515453,,1878989.1357484634,43.598904179289995,1047070.5381562107,9.88969257565959,-1,,,,,,,,unassigned,,,,,,,,,,,,
273,82,193.89921203449626,193.89902868216495,,15833018.038625956,80.48387388871397,967993.7294926008,84.6673843997741,-1,,,,,,,,unassigned,,,,,,,,,,,,
274,83,194.87521719027868,194.8750329509415,,2121865.8507563807,43.8476380173032,935146.1755433792,11.234131479365352,-1,,,,,,,,unassigned,,,,,,,,,,,,
275,84,194.89557897686,194.8953947190189,,64618822.7040127,146.66058015728984,985837.6051048272,340.21833121616544,-1,,,,,,,,unassigned,,,,,,,,,,,,
276,85,195.81109033765614,195.81090524788414,,31710310.56662789,116.92598503341283,983775.3085990981,168.21619563166502,-1,,,,,,,,unassigned,,,,,,,,,,,,
277,86,195.81283989760865,195.81265480624688,,2312351.4531294173,34.40380712167223,868207.1520950077,12.282793824255846,-1,,,,,,,,unassigned,,,,,,,,,,,,
278,87,195.89627560771527,195.89609044053958,,6031712.404230897,52.31095917003669,991274.6991007219,31.954623863278563,-1,,,,,,,,unassigned,,,,,,,,,,,,
279,88,196.89262736202892,196.89244128957645,,18641745.76001308,88.57241467135131,934154.1574927462,97.78910809994234,-1,,,,,,,,unassigned,,,,,,,,,,,,
280,89,197.8081324525981,197.80794554842194,,38056129.66715475,163.3769923386831,943735.3166472036,200.2245970510918,-1,,,,,,,,unassigned,,,,,,,,,,,,
281,90,198.8762558540493,198.87606797961453,,5880216.262726993,53.11805659757728,929073.8183955295,30.80378416170643,-1,,,,,,,,unassigned,,,,,,,,,,,,
282,91,198.88970346528188,198.88951557863243,,2762348.439281687,34.62029296831212,1007690.3400924999,14.536073426866704,-1,,,,,,,,unassigned,,,,,,,,,,,,
283,93,199.80518702774378,199.80499830959164,,21970049.897808045,78.51972183724874,1000700.1757527496,115.2560583368876,-1,,,,,,,,unassigned,,,,,,,,,,,,
284,94,199.9324437883733,199.93225495464546,,4939589.064222958,113.81348749049027,1020359.2255112266,26.264958422795775,-1,,,,,,,,unassigned,,,,,,,,,,,,
285,95,200.92881566588665,200.92862592730694,,9649796.832590766,107.18036071642446,981152.294942217,51.64796492476057,-1,,,,,,,,unassigned,,,,,,,,,,,,
286,96,200.93816044802696,200.93797070096136,,1719969.4280664204,33.32444822730761,1073332.9740058216,9.201339856962239,-1,,,,,,,,unassigned,,,,,,,,,,,,
287,97,201.0177429746405,201.01755315530707,,9949942.967561852,52.53757779756674,975582.0398873375,52.46538377821368,-1,,,,,,,,unassigned,,,,,,,,,,,,
288,99,201.80223496903778,201.8020444373552,,6039632.396283061,113.54129079761067,910622.5468917439,32.148223065412196,-1,,,,,,,,unassigned,,,,,,,,,,,,
289,100,201.92949695694122,201.92930630970622,,4049547.428000214,42.72052423012549,982623.8851080165,21.295912234699276,-1,,,,,,,,unassigned,,,,,,,,,,,,
290,101,202.82851556933494,202.82832410585212,,60954921.41650771,129.4145843896353,981766.573326198,320.25610237394227,-1,,,,,,,,unassigned,,,,,,,,,,,,
291,102,202.89973473211944,202.89954320397828,,13951934.182269247,68.86131370200367,993631.46806305,75.13800145030766,-1,,,,,,,,unassigned,,,,,,,,,,,,
292,103,202.92587503837444,202.92568348650119,,8675871.610212626,79.00057947674358,1001142.1748621726,45.53883454632159,-1,,,,,,,,unassigned,,,,,,,,,,,,
293,104,203.0147757781377,203.01458414555444,,4098504.6102744,94.94839578502277,845565.0823330411,21.45724490314397,-1,,,,,,,,unassigned,,,,,,,,,,,,
294,105,204.79173117555428,204.79153792991477,,2213473.023082218,49.38248632887007,1009677.3902014424,11.642840906091903,-1,,,,,,,,unassigned,,,,,,,,,,,,
295,106,204.82556622151677,204.82537294516638,,60554390.98703141,107.89733401747692,939744.2755656609,323.00951324873165,-1,,,,,,,,unassigned,,,,,,,,,,,,
296,107,204.8967948292291,204.89660148822745,,15628949.12672177,74.84009341771745,955101.5322504757,82.7313923784378,-1,,,,,,,,unassigned,,,,,,,,,,,,
297,108,204.9078594167396,204.90766606569517,,3199786.586672087,47.69663384233002,936996.7292257405,17.025974276529777,-1,,,,,,,,unassigned,,,,,,,,,,,,
298,109,204.94426189492032,204.9440685108351,,1767613.8248952886,22.654043900556285,1036318.0570114458,9.526694071659033,-1,,,,,,,,unassigned,,,,,,,,,,,,
299,110,206.78878997072022,206.7885949126378,,1769679.4810609673,64.04786916373743,944202.6773612206,9.319650480488345,-1,,,,,,,,unassigned,,,,,,,,,,,,
300,111,206.78968747402666,206.78949241512979,,2475356.3016804745,84.98599672248494,868617.393529808,13.03030185471625,-1,,,,,,,,unassigned,,,,,,,,,,,,
301,112,206.82262114898882,206.82242606020648,,38275000.0036863,77.74467857896336,948625.2592603562,201.51525839864934,-1,,,,,,,,unassigned,,,,,,,,,,,,
302,113,206.8501929445116,206.84999783070953,,10791597.697233561,58.33526492051281,916263.494765303,57.95069450533319,-1,,,,,,,,unassigned,,,,,,,,,,,,
303,114,206.89384538046622,206.8936502270523,,4638341.265462493,49.958055841712444,988815.6233523502,24.65163173834886,-1,,,,,,,,unassigned,,,,,,,,,,,,
304,115,206.90491510099923,206.90471993754025,,2660671.4317552093,41.19850364475021,948063.0202949374,14.358607491577544,-1,,,,,,,,unassigned,,,,,,,,,,,,
305,116,206.94133995391357,206.94114475740156,,1560242.3792940394,50.63580105358703,853144.8824840914,8.27098813559785,-1,,,,,,,,unassigned,,,,,,,,,,,,
306,117,208.78674730279914,208.78655043189812,,1855625.0197548012,33.229542888582436,1116260.7362947303,9.981114421111581,-1,,,,,,,,unassigned,,,,,,,,,,,,
307,118,208.81847710319005,208.81828020350298,,1759770.7571450807,80.9629304175938,950765.5252815812,9.238984146266,-1,,,,,,,,unassigned,,,,,,,,,,,,
308,119,208.8196667175394,208.81946981677314,,7582096.106688045,115.70184281285107,995137.7927391818,40.827920627736596,-1,,,,,,,,unassigned,,,,,,,,,,,,
309,120,208.84546515576622,208.84526823159507,,169222969.69140953,116.04834205445187,964698.5607864545,881.0914799326085,-1,,,,,,,,unassigned,,,,,,,,,,,,
310,121,208.84725422025616,208.8470572944619,,14880304.59501846,65.16927276164941,951231.3528474995,78.36465481920149,-1,,,,,,,,unassigned,,,,,,,,,,,,
311,122,208.90279029453293,208.90259331835546,,17835778.65377183,47.820678440626,947083.7579344494,93.83107996743257,-1,,,,,,,,unassigned,,,,,,,,,,,,
312,123,208.93480637223598,208.93460936701317,,43442353.478549466,99.81627129078313,952908.1945437561,232.57717482986726,-1,,,,,,,,unassigned,,,,,,,,,,,,
313,124,209.93437173564803,209.934173823665,,4589201.874881376,77.44686908437008,963531.3320089808,24.232166800392662,-1,,,,,,,,unassigned,,,,,,,,,,,,
314,125,210.8425120606569,210.8423133249457,,225986172.45666236,155.22906445748336,933632.9903883195,1194.6361432992517,-1,,,,,,,,unassigned,,,,,,,,,,,,
315,126,210.8443034271913,210.84410468985539,,7165091.5660027675,102.45713026989011,914268.7482599698,38.16055384278436,-1,,,,,,,,unassigned,,,,,,,,,,,,
316,127,210.89844750866695,210.89824872222252,,3406288.555388272,42.303586191795326,934150.6355991464,18.21445826740567,-1,,,,,,,,unassigned,,,,,,,,,,,,
317,128,210.89983388851914,210.89963510081728,,12150767.459675506,141.0325904162882,924265.3190467154,64.16737999606863,-1,,,,,,,,unassigned,,,,,,,,,,,,
318,129,210.93185126622274,210.9316524494814,,14937771.96313773,107.17501392623363,847702.3674499849,78.45069890903865,-1,,,,,,,,unassigned,,,,,,,,,,,,
319,131,211.7863836711604,211.78618407940738,,1829389.2368287502,83.34437845571523,838374.3559025127,9.615427039303613,-1,,,,,,,,unassigned,,,,,,,,,,,,
320,132,212.83956373362258,212.83936318680657,,118460134.20484254,106.88011901475323,939572.9708614268,618.4849177495694,-1,,,,,,,,unassigned,,,,,,,,,,,,
321,133,212.89549695291714,212.89529635538224,,2062247.4835280406,68.12342467658362,883166.6389918057,10.8953328756315,-1,,,,,,,,unassigned,,,,,,,,,,,,
322,134,212.8968919097382,212.89669131093837,,2035724.855710857,60.02758631292378,892525.4978638618,10.696355917883047,-1,,,,,,,,unassigned,,,,,,,,,,,,
323,135,212.9287066294673,212.92850600181882,,1649813.9929275047,45.1516588247883,871420.384124381,8.647431028635465,-1,,,,,,,,unassigned,,,,,,,,,,,,
324,136,214.83662521813287,214.83642286064264,,27047427.414425146,80.03362515407316,947013.8753336732,141.88670414149135,-1,,,,,,,,unassigned,,,,,,,,,,,,
325,137,214.93513133557195,214.9349288887806,,2987402.259439162,37.751013273690376,983804.621537163,15.859001308113175,-1,,,,,,,,unassigned,,,,,,,,,,,,
326,138,216.83366397754563,216.83345980984126,,1945822.923761427,26.653111059082157,882965.963218455,10.223113423778619,-1,,,,,,,,unassigned,,,,,,,,,,,,
327,139,216.93307652453345,216.93287226672817,,3360092.0358277247,51.125530384459644,940564.0816604281,17.714326995227125,-1,,,,,,,,unassigned,,,,,,,,,,,,
328,140,217.94303293228663,217.94282775918558,,1904588.2491705876,73.6040469824894,964249.3681433935,10.021447588222754,-1,,,,,,,,unassigned,,,,,,,,,,,,
329,141,218.93938729580825,218.93918121984873,,4290129.423563014,80.2763561481773,937417.5687237957,22.629595627175394,-1,,,,,,,,unassigned,,,,,,,,,,,,
330,142,220.8012706217223,220.80106285888812,,4647273.566626592,105.41753335866284,925263.3672508498,24.70540929449709,-1,,,,,,,,unassigned,,,,,,,,,,,,
331,143,220.8438520510415,220.84364424963283,,1593249.3877234985,86.166293375387,848870.3350302466,8.386609881316547,-1,,,,,,,,unassigned,,,,,,,,,,,,
332,144,220.93648106835687,220.9362731830363,,2654182.997307211,34.08272647217534,798264.4292816233,14.027875521265926,-1,,,,,,,,unassigned,,,,,,,,,,,,
333,146,222.79832478565498,222.79811521390536,,6222345.477346381,72.81204354996297,898422.3738200158,33.557195036495834,-1,,,,,,,,unassigned,,,,,,,,,,,,
334,147,222.91845426196383,222.91824458141593,,9092329.149000863,86.14037741921511,947775.0079695683,48.2707343986517,-1,,,,,,,,unassigned,,,,,,,,,,,,
335,148,222.950464189791,222.95025448025277,,31019483.122534048,89.11274506763925,898949.7367864666,166.15113747557297,-1,,,,,,,,unassigned,,,,,,,,,,,,
336,149,223.95003896394238,223.94982834917923,,3760588.191027742,55.365053944369166,991947.676644107,19.95685108660834,-1,,,,,,,,unassigned,,,,,,,,,,,,
337,150,224.7937818810887,224.79357050230925,,1993015.5930637312,97.12662772181976,817562.283133183,10.766266740875746,-1,,,,,,,,unassigned,,,,,,,,,,,,
338,151,224.7953984961914,224.79518711594818,,2979234.0290171523,82.67480667879578,856310.9510682086,15.880512330572467,-1,,,,,,,,unassigned,,,,,,,,,,,,
339,152,224.81942367171513,224.81921226971804,,5749795.910655273,35.76960213831618,832905.7317202655,30.222986555305543,-1,,,,,,,,unassigned,,,,,,,,,,,,
340,153,224.9141264415164,224.9139149537703,,3881867.308899247,53.15083191506231,969512.3578884416,20.31716071280148,-1,,,,,,,,unassigned,,,,,,,,,,,,
341,154,224.91551632936154,224.91530484035698,,4955593.642622467,72.79831622679846,822125.9677010886,26.1305145324252,-1,,,,,,,,unassigned,,,,,,,,,,,,
342,155,224.94751576040468,224.94730424242636,,11057771.543492466,111.77968672701829,880459.185709001,58.40242597697832,-1,,,,,,,,unassigned,,,,,,,,,,,,
343,156,226.81647426908714,226.81626105906213,,6468751.110286448,68.95023770836667,854642.9879562161,34.63274615946044,-1,,,,,,,,unassigned,,,,,,,,,,,,
344,157,226.8369073900501,226.83669416152824,,13225568.337334761,36.72573315671228,877154.5778901898,70.25499935204833,-1,,,,,,,,unassigned,,,,,,,,,,,,
345,158,226.86892394545498,226.86871068795062,,39559117.29826522,188.49620325104175,901373.493100692,208.91505012464586,-1,,,,,,,,unassigned,,,,,,,,,,,,
346,159,226.91118737011504,226.91097407435254,,3026499.3284698995,51.95666494970642,857475.4209550336,15.880512330572467,-1,,,,,,,,unassigned,,,,,,,,,,,,
347,162,227.8684782047137,227.86826404243465,,2201621.960240331,79.32704153716139,872907.6949919934,11.634774272669668,-1,,,,,,,,unassigned,,,,,,,,,,,,
348,163,228.81350239279323,228.8132873752001,,3254897.94415389,83.19825377011975,897936.8062745085,17.187306944974466,-1,,,,,,,,unassigned,,,,,,,,,,,,
349,164,228.8339489874604,228.83373395136275,,19438514.218009736,153.83333598298532,862387.6504455266,104.26392586018929,-1,,,,,,,,unassigned,,,,,,,,,,,,
350,165,228.8659683427227,228.8657532776471,,38821859.08476008,77.76775158579258,893193.5475813529,204.44075745311306,-1,,,,,,,,unassigned,,,,,,,,,,,,
351,166,229.0639241673787,229.0637089231526,,1559707.74433863,82.01938590081767,905166.8707292313,8.260232624368205,-1,,,,,,,,unassigned,,,,,,,,,,,,
352,167,229.86553934276031,229.8653233731148,,2164464.838485419,53.68515019114375,920431.2349636671,11.44386394834345,-1,,,,,,,,unassigned,,,,,,,,,,,,
353,168,230.83101332042918,230.8307964771747,,11711648.15426689,85.39441972905475,881479.0611601195,61.86570059292437,-1,,,,,,,,unassigned,,,,,,,,,,,,
354,169,230.86301845082832,230.86280157861574,,14270295.023339972,42.65642550340221,881783.9656115493,75.09497940538907,-1,,,,,,,,unassigned,,,,,,,,,,,,
355,170,230.9406999734481,230.94048303095013,,2313520.842313645,112.33520221025972,818741.2420152971,12.239771779337262,-1,,,,,,,,unassigned,,,,,,,,,,,,
356,171,231.92533554193474,231.92511770860716,,1824856.5321842113,55.57891838159441,885310.5000475171,9.558960605347972,-1,,,,,,,,unassigned,,,,,,,,,,,,
357,172,232.82808716499264,232.82786851501217,,2855570.8956161872,64.19434123530256,909167.259525113,15.014693676585956,-1,,,,,,,,unassigned,,,,,,,,,,,,
358,173,232.8600852199732,232.8598665410481,,1874543.3195913015,100.16245915235446,693769.0155999077,10.029514221644988,-1,,,,,,,,unassigned,,,,,,,,,,,,
359,174,232.924900883448,232.92468214589263,,13242865.046373256,77.5286386508683,865630.1835235875,69.39455845367664,-1,,,,,,,,unassigned,,,,,,,,,,,,
360,175,232.93770561303398,232.93748686389588,,2076892.0160749832,43.06281222011768,835398.6237205559,11.010954621350194,-1,,,,,,,,unassigned,,,,,,,,,,,,
361,177,233.92445486908235,233.9242352274196,,2248451.954472394,113.26306025648141,803406.639544346,12.09457237773704,-1,,,,,,,,unassigned,,,,,,,,,,,,
362,179,234.38876351331092,234.38854345171342,,1673451.126277176,41.548590136628604,713539.9025306639,8.781874919006041,-1,,,,,,,,unassigned,,,,,,,,,,,,
363,180,234.8991995294113,234.8989790061875,,3774382.054929236,89.06756354652748,831481.1713654198,20.01062864275657,-1,,,,,,,,unassigned,,,,,,,,,,,,
364,182,235.0745048487854,235.0742841670262,,1679230.6618436049,99.08789275034394,754161.6882510766,8.929763198413674,-1,,,,,,,,unassigned,,,,,,,,,,,,
365,183,236.10564235138392,236.10542073719574,,1556590.987631947,47.158762292757324,867303.8888651112,8.362409981049844,-1,,,,,,,,unassigned,,,,,,,,,,,,
366,184,236.89624090787748,236.89601857885233,,2087309.015019088,59.319512681586765,914669.4885503295,11.306731180165462,-1,,,,,,,,unassigned,,,,,,,,,,,,
367,185,236.90555237439182,236.90533003694793,,2450622.7046317905,71.95393109544735,834954.479736796,12.85283591942709,-1,,,,,,,,unassigned,,,,,,,,,,,,
368,186,236.96612813874145,236.9659057465296,,14167738.857367493,50.83043277039553,901582.6397776856,74.32058259685455,-1,,,,,,,,unassigned,,,,,,,,,,,,
369,188,238.90255986423838,238.90233572146536,,1892752.14508883,79.41772648853474,898746.5620520691,10.220424545971207,-1,,,,,,,,unassigned,,,,,,,,,,,,
370,189,238.9631753353684,238.96295113780482,,4690937.728651722,102.55096239947981,864454.8215397301,24.608609693430278,-1,,,,,,,,unassigned,,,,,,,,,,,,
371,190,239.0598984434783,239.05967415848716,,2258613.7034702376,56.67831012185319,849998.2766121806,11.86601776410706,-1,,,,,,,,unassigned,,,,,,,,,,,,
372,192,239.76064511447646,239.7604201961146,,1870732.861202081,40.960209441306674,752789.8972274327,9.80364848582242,-1,,,,,,,,unassigned,,,,,,,,,,,,
373,193,240.82579831923906,240.8255724382408,,5736634.242749703,102.98995344592004,841520.3925220704,30.050898375631203,-1,,,,,,,,unassigned,,,,,,,,,,,,
374,194,240.85255648516022,240.85233057998076,,3671055.6826250595,163.3770374833922,852812.6181307426,19.370675724592626,-1,,,,,,,,unassigned,,,,,,,,,,,,
375,195,240.88458839048536,240.88436245635899,,43000810.064203896,82.14577658372004,858608.1524014219,227.41452943963714,-1,,,,,,,,unassigned,,,,,,,,,,,,
376,196,241.13669397248825,241.13646781054038,,41562261.21044523,184.8116431241518,857846.2807714983,219.92869362380344,-1,,,,,,,,unassigned,,,,,,,,,,,,
377,197,241.75857572027465,241.75834899637783,,1591758.3223453457,107.41509049740293,737027.959599722,8.421565292812897,-1,,,,,,,,unassigned,,,,,,,,,,,,
378,199,242.82285448395967,242.82262679845104,,6024263.403767359,120.03839178688685,877895.0508136025,31.73951363868564,-1,,,,,,,,unassigned,,,,,,,,,,,,
379,200,242.84963939875854,242.8494116890504,,4792393.304873125,85.78944437584215,800960.3037343757,25.716427350083826,-1,,,,,,,,unassigned,,,,,,,,,,,,
380,201,242.88164035535726,242.88141261673724,,43666667.52575705,91.02480552113852,868356.1249740751,233.17948345872745,-1,,,,,,,,unassigned,,,,,,,,,,,,
381,202,243.13375196220196,243.13352399581046,,13377652.961103989,58.17744577063166,868309.0884575535,71.1584622953386,-1,,,,,,,,unassigned,,,,,,,,,,,,
382,204,243.88121329589205,243.88098465424423,,1731190.2091419636,38.95470565486628,836654.5971528522,9.354605891984695,-1,,,,,,,,unassigned,,,,,,,,,,,,
383,205,244.13715162968975,244.13692275684144,,1885033.800069163,185.7842852683093,664724.6889953191,9.916581353733704,-1,,,,,,,,unassigned,,,,,,,,,,,,
384,206,244.80303224255135,244.80280276821736,,3426268.368039953,69.60013386183289,863964.6961466862,18.332768890931778,-1,,,,,,,,unassigned,,,,,,,,,,,,
385,207,244.80962539697504,244.80939591668573,,4795757.9909203,74.68027738644007,827601.0723203025,25.770204906232056,-1,,,,,,,,unassigned,,,,,,,,,,,,
386,208,244.81991287900698,244.81968338942542,,2711587.7361543016,91.2969502097171,843942.0653595026,14.541451182481527,-1,,,,,,,,unassigned,,,,,,,,,,,,
387,209,244.84666242589083,244.84643291214766,,2924206.2371234456,123.97988803513822,866993.7756698912,15.41264759208286,-1,,,,,,,,unassigned,,,,,,,,,,,,
388,210,244.87868814767765,244.87845860500724,,13241128.985828595,45.86630505054295,847676.5624416751,71.78228194665807,-1,,,,,,,,unassigned,,,,,,,,,,,,
389,211,246.80008805569585,246.79985677772706,,4938850.1175962975,85.03573973451502,816098.6112451253,26.001448397669446,-1,,,,,,,,unassigned,,,,,,,,,,,,
390,212,246.80665791136505,246.80642662746342,,6510639.465049544,123.53119767472312,815491.6870244453,34.181014687815306,-1,,,,,,,,unassigned,,,,,,,,,,,,
391,213,246.9405569316671,246.9403255268508,,9389199.348405031,77.1775486081316,838167.3550120408,49.79801699326144,-1,,,,,,,,unassigned,,,,,,,,,,,,
392,214,247.11087782119282,247.11064626257473,,3312079.1530931694,51.31298622997227,869449.8646706204,17.644416172234425,-1,,,,,,,,unassigned,,,,,,,,,,,,
393,215,248.79714081258834,248.796907731427,,3987613.825555196,79.36256004321801,829983.424701775,21.430356125069853,-1,,,,,,,,unassigned,,,,,,,,,,,,
394,216,248.80372686924485,248.8034937821375,,4132628.51644822,110.00087724796967,785922.1879760112,22.382218868893535,-1,,,,,,,,unassigned,,,,,,,,,,,,
395,217,248.83978223263958,248.83954911298093,,1639729.7009511357,113.17542181627599,883940.09057436,8.757675018739336,-1,,,,,,,,unassigned,,,,,,,,,,,,
396,218,248.89619252067507,248.89595935008873,,5720918.396358761,60.67729832287272,879222.1060731405,29.95409877456439,-1,,,,,,,,unassigned,,,,,,,,,,,,
397,219,248.91488296721704,248.91464977975687,,3387943.025030047,63.8505361582186,810700.5704762763,17.794993329449472,-1,,,,,,,,unassigned,,,,,,,,,,,,
398,220,248.93739613933008,248.93716293154498,,1733993.9796853543,33.319872157352265,834593.7744464126,9.163695567658477,-1,,,,,,,,unassigned,,,,,,,,,,,,
399,223,250.83038154747229,250.83014663089486,,1958839.9724523723,44.87093095431073,955098.384521418,10.26344659088979,-1,,,,,,,,unassigned,,,,,,,,,,,,
400,224,250.8932280407734,250.8929930674714,,1695619.0180400673,61.43047130259236,904938.791518506,9.155628934236242,-1,,,,,,,,unassigned,,,,,,,,,,,,
401,225,250.89413949474786,250.89390452062315,,4598402.311301312,80.24714351317868,811818.6800927571,24.4741658030597,-1,,,,,,,,unassigned,,,,,,,,,,,,
402,226,250.90346576554037,250.90323078299792,,3530802.292960495,81.94952950521865,777001.4865619122,18.81138914065103,-1,,,,,,,,unassigned,,,,,,,,,,,,
403,227,250.9119039859586,250.91166899579994,,2887985.9501222125,94.01308778503065,837792.6024620414,15.19753736748994,-1,,,,,,,,unassigned,,,,,,,,,,,,
404,229,252.17381896643164,252.17358283737678,,33906965.65732318,82.96213827389528,812258.2612337165,184.00528611678547,-1,,,,,,,,unassigned,,,,,,,,,,,,
405,230,252.82742667894948,252.82718996007335,,1833488.3350981227,35.77346642505265,885812.1867846791,9.900448086889234,-1,,,,,,,,unassigned,,,,,,,,,,,,
406,231,252.90054274380861,252.90030595895485,,1679746.7879933515,57.53368763692894,884417.4162176517,8.980851876754494,-1,,,,,,,,unassigned,,,,,,,,,,,,
407,232,252.90980851553977,252.90957172232487,,2702603.2854323015,100.67093473286855,768965.6216714969,14.33171871350343,-1,,,,,,,,unassigned,,,,,,,,,,,,
408,234,253.1771910880799,253.17695405359265,,4358485.012775059,109.96445394417388,857418.20204267,22.828572584923847,-1,,,,,,,,unassigned,,,,,,,,,,,,
409,235,254.17087295967278,254.17063502860688,,11348476.43319183,145.05017646116184,835248.9485380908,61.327925031442064,-1,,,,,,,,unassigned,,,,,,,,,,,,
410,236,254.77024838256278,254.77000991074542,,2934409.082410319,110.20274675420754,821434.5915417958,15.902023353031758,-1,,,,,,,,unassigned,,,,,,,,,,,,
411,237,254.87482711348358,254.87458854732023,,2150103.073695477,65.67720521108876,812355.5015877931,11.365886491928515,-1,,,,,,,,unassigned,,,,,,,,,,,,
412,238,256.7672930099842,256.76705273673565,,4871370.285109191,99.85425189601807,843950.9401264797,25.877760018528516,-1,,,,,,,,unassigned,,,,,,,,,,,,
413,239,256.8349399475726,256.83469961331093,,4675768.628027029,87.80217941030266,850003.731730335,24.812964406793554,-1,,,,,,,,unassigned,,,,,,,,,,,,
414,241,258.7643242763638,258.7640822021356,,4255071.623888379,92.43409695836311,833088.026640615,22.50052949241964,-1,,,,,,,,unassigned,,,,,,,,,,,,
415,242,258.83198489583185,258.8317427605931,,3201963.4790323903,63.96310019606101,874087.041916408,16.87539711931473,-1,,,,,,,,unassigned,,,,,,,,,,,,
416,243,260.78718514248703,260.78694124443336,,90202705.86258572,88.85046955296309,814618.9981276593,478.40513949465856,-1,,,,,,,,unassigned,,,,,,,,,,,,
417,244,260.9525382512215,260.95229420410425,,4209158.038554039,34.68860366613368,788055.4364255386,22.807061562464554,-1,,,,,,,,unassigned,,,,,,,,,,,,
418,245,260.9562405497984,260.95599649934366,,3063222.702336676,87.26558566496148,786886.0322102781,16.498954226277117,-1,,,,,,,,unassigned,,,,,,,,,,,,
419,246,261.84381389441035,261.8435690438721,,5558207.425298878,102.63583644976534,691287.4151494056,30.20147553284625,-1,,,,,,,,unassigned,,,,,,,,,,,,
420,247,262.78423287380133,262.78398717563783,,134726560.0824975,140.15385176455683,800343.2031094402,729.8259699988657,-1,,,,,,,,unassigned,,,,,,,,,,,,
421,248,262.81361184975725,262.8133661251153,,3145712.638347211,63.78090431429338,795986.3643473033,16.568865049269817,-1,,,,,,,,unassigned,,,,,,,,,,,,
422,249,262.94959732607055,262.94935147886963,,2721278.3846824546,22.544880463715458,764902.8070130274,14.38818514745907,-1,,,,,,,,unassigned,,,,,,,,,,,,
423,250,263.1058549153502,263.1056089273224,,2074627.9278048163,55.59871732479218,690246.0274962819,11.150776267335594,-1,,,,,,,,unassigned,,,,,,,,,,,,
424,251,264.2102282327714,264.20998124950535,,2405895.2387420456,90.96180694708323,806120.0834325429,12.696881006597222,-1,,,,,,,,unassigned,,,,,,,,,,,,
425,252,264.7800556824431,264.779808185713,,2274730.942378112,45.949483497285705,837680.366573073,12.161794322922328,-1,,,,,,,,unassigned,,,,,,,,,,,,
426,253,264.7812889876266,264.78104148978525,,88778347.45323561,116.11468463845422,793053.8926429155,481.2445944592851,-1,,,,,,,,unassigned,,,,,,,,,,,,
427,254,264.80887994583,264.8086324231277,,3737684.8250218383,36.097817761551596,845370.7556289394,20.005250887141745,-1,,,,,,,,unassigned,,,,,,,,,,,,
428,255,264.8106814907608,264.81043396643526,,5592766.593729046,87.27408931718064,779602.0575009866,30.083164909320143,-1,,,,,,,,unassigned,,,,,,,,,,,,
429,256,264.85075735265673,264.8505097922208,,2235776.9886273257,52.93532771441862,854226.4457174944,11.782662552077303,-1,,,,,,,,unassigned,,,,,,,,,,,,
430,257,264.9191353531643,264.9188877311168,,2232942.6165499394,67.27282332050729,849534.5115028303,11.879462153144118,-1,,,,,,,,unassigned,,,,,,,,,,,,
431,258,265.0850733344134,265.0848255628506,,1633517.4588789705,45.210247865803844,899759.8394955832,8.894807786917324,-1,,,,,,,,unassigned,,,,,,,,,,,,
432,260,265.83777975982514,265.8375313100886,,2148568.9925812753,85.31405795860191,705381.1431852373,11.271775768669112,-1,,,,,,,,unassigned,,,,,,,,,,,,
433,261,266.15310259822604,266.1528538644083,,1757277.3860483035,37.34177302844379,913166.8346261961,9.201339856962239,-1,,,,,,,,unassigned,,,,,,,,,,,,
434,262,266.7771264344616,266.7768771384797,,2545481.9042082154,113.58831878641293,810794.165139108,13.850409585976765,-1,,,,,,,,unassigned,,,,,,,,,,,,
435,263,266.778339801658,266.778090504583,,28006014.09688065,204.4514562307292,811926.1515286949,147.39352589107017,-1,,,,,,,,unassigned,,,,,,,,,,,,
436,264,266.80414042215983,266.8038911018428,,291439141.4368793,123.7522455468355,802890.9357610798,1544.3193243975056,-1,,,,,,,,unassigned,,,,,,,,,,,,
437,265,266.8059317802156,266.8056824582848,,5550664.441542159,84.43960964370532,785391.8196646192,30.088542664934966,-1,,,,,,,,unassigned,,,,,,,,,,,,
438,266,266.8077208106038,266.8074714870615,,3692222.571932505,41.050464508299534,778428.7112149566,19.35992021336298,-1,,,,,,,,unassigned,,,,,,,,,,,,
439,267,266.848743232452,266.84849387195544,,4075135.1739707566,105.99193341540916,765131.8885738887,21.68311063896654,-1,,,,,,,,unassigned,,,,,,,,,,,,
440,268,266.86147137511813,266.8612220031557,,2455859.1387863494,162.74727804648802,768136.419293302,12.885102453116028,-1,,,,,,,,unassigned,,,,,,,,,,,,
441,269,266.89346972265247,266.89322032186516,,3815923.199435919,65.58141501501873,747313.969941157,20.005250887141745,-1,,,,,,,,unassigned,,,,,,,,,,,,
442,270,266.92544599558477,266.92519656599256,,4122471.317323999,44.35009835750648,767116.3219519696,21.623955327203483,-1,,,,,,,,unassigned,,,,,,,,,,,,
443,272,268.16874999607535,268.16849944657633,,23455821.892568603,89.83026554430533,785978.021053425,125.60286013980716,-1,,,,,,,,unassigned,,,,,,,,,,,,
444,273,268.7742086161061,268.77395752130155,,2135181.140071688,81.9400517333606,839169.5841933696,11.3389977138544,-1,,,,,,,,unassigned,,,,,,,,,,,,
445,274,268.77538959243225,268.77513849656407,,4655136.455951679,68.65842976663245,815860.0993834198,25.09260769876435,-1,,,,,,,,unassigned,,,,,,,,,,,,
446,275,268.80119639100906,268.80094527189897,,519920313.1717742,159.97272459539482,786699.1046588956,2814.674266753466,-1,,,,,,,,unassigned,,,,,,,,,,,,
447,276,268.8029889120295,268.802737791305,,4524394.85947358,126.50826757160675,765749.3809599618,23.861101662969872,-1,,,,,,,,unassigned,,,,,,,,,,,,
448,277,268.8048245710486,268.8045734486709,,1525981.0260433247,43.548322551543535,685720.591303911,8.067977861138282,-1,,,,,,,,unassigned,,,,,,,,,,,,
449,278,268.84666975911074,268.84641859904684,,3342130.7248843797,78.65420142248027,725044.868204581,17.609460760738077,-1,,,,,,,,unassigned,,,,,,,,,,,,
450,279,268.85848562393363,268.8582344532283,,2298644.2104311856,64.40200058427033,750789.8986071313,12.269349435218789,-1,,,,,,,,unassigned,,,,,,,,,,,,
451,280,268.8696133363728,268.86936215564583,,4207201.895823665,55.55031964433367,803064.7132093786,22.14559762184132,-1,,,,,,,,unassigned,,,,,,,,,,,,
452,281,268.89052057046933,268.8902693709132,,2952204.495342794,85.50213538577202,849915.2258174518,15.56860250491273,-1,,,,,,,,unassigned,,,,,,,,,,,,
453,282,268.90162457266416,268.9013733631078,,11055537.719938435,104.03934421740009,754327.943168935,59.7038428357655,-1,,,,,,,,unassigned,,,,,,,,,,,,
454,283,268.9224858975741,268.92223466922997,,2717800.1720478106,100.48429454849284,798854.0351850444,14.47691811510365,-1,,,,,,,,unassigned,,,,,,,,,,,,
455,284,269.13138845638616,269.131137039907,,2279119.340264034,110.78681943184702,643066.3442841071,12.175238711959386,-1,,,,,,,,unassigned,,,,,,,,,,,,
456,286,269.17211242778075,269.17186097462667,,3855280.3955582483,69.94282868641012,743166.6083439037,20.838803007439317,-1,,,,,,,,unassigned,,,,,,,,,,,,
457,287,269.84748654401346,269.8472344826618,,1685802.7528032658,77.47529693881684,650941.7810788025,9.005051777021198,-1,,,,,,,,unassigned,,,,,,,,,,,,
458,288,269.90120602812226,269.90095391839657,,1884903.861899298,58.16174873510128,778184.6209661838,9.973047787689346,-1,,,,,,,,unassigned,,,,,,,,,,,,
459,289,270.1657998685545,270.16554752056817,,7679947.658776421,91.15112154444833,798054.6457948111,40.408455689780396,-1,,,,,,,,unassigned,,,,,,,,,,,,
460,290,270.7982459736553,270.79799305619736,,337112580.2347416,182.11240262182417,794400.1626262941,1780.0801305513482,-1,,,,,,,,unassigned,,,,,,,,,,,,
461,291,270.84390415376396,270.8436511951959,,7696536.819736316,88.9200423752161,805137.1355757286,40.580543869454736,-1,,,,,,,,unassigned,,,,,,,,,,,,
462,292,270.86664638860066,270.86639340955577,,3171602.294203092,49.148675656012784,812432.5277681081,16.789353029477564,-1,,,,,,,,unassigned,,,,,,,,,,,,
463,293,270.8986734418833,270.89842043400176,,2898408.9747748217,56.810756610860096,817655.4721229546,15.444914125771799,-1,,,,,,,,unassigned,,,,,,,,,,,,
464,294,271.8445991452043,271.84434528567834,,2165521.2818114487,69.86018475480168,846310.5583236744,11.422352925884159,-1,,,,,,,,unassigned,,,,,,,,,,,,
465,295,272.79530208333483,272.7950473679627,,123885746.54840209,106.97348290519777,789133.1136536064,650.1491428096474,-1,,,,,,,,unassigned,,,,,,,,,,,,
466,296,272.8409599532625,272.8407051967905,,8391986.256051918,122.12018725023991,784435.3397113947,44.151373597697244,-1,,,,,,,,unassigned,,,,,,,,,,,,
467,297,272.87294836937116,272.8726935841043,,1665440.44167514,78.04730473612413,674839.8205946024,8.898841103628442,-1,,,,,,,,unassigned,,,,,,,,,,,,
468,298,274.79235352202414,274.7920970091815,,20827451.01449983,52.15241560200333,775781.4756730633,111.10443100224421,-1,,,,,,,,unassigned,,,,,,,,,,,,
469,299,274.83798948946475,274.837732935552,,4212230.62554836,47.484983586653165,808214.7924350656,22.909238919146194,-1,,,,,,,,unassigned,,,,,,,,,,,,
470,300,275.03659616434396,275.0363394316979,,37775951.00636175,106.72716813551811,771989.3947968526,198.97695774845286,-1,,,,,,,,unassigned,,,,,,,,,,,,
471,301,276.03616612586814,276.0359084937389,,6512001.90340166,125.9475572200645,778571.1862175972,34.24554775519318,-1,,,,,,,,unassigned,,,,,,,,,,,,
472,302,276.03996649808204,276.03970886253313,,2199289.309095882,88.42277041643165,700378.3850336726,11.599818861173318,-1,,,,,,,,unassigned,,,,,,,,,,,,
473,303,276.76113750245,276.7608792180095,,2705561.971014592,78.34441289339931,748851.9220213195,14.194585945325441,-1,,,,,,,,unassigned,,,,,,,,,,,,
474,304,276.85076021491744,276.85050184984067,,1797460.0663065037,44.35822810037719,840955.2330727713,9.550893971925737,-1,,,,,,,,unassigned,,,,,,,,,,,,
475,305,277.01587358358256,277.0156150699506,,2834171.7268555914,73.97597378741784,744922.2263040125,14.89907193086726,-1,,,,,,,,unassigned,,,,,,,,,,,,
476,306,277.0336767038715,277.03341817422194,,11015685.72556394,86.70156282798142,844935.1639347579,59.34891096518718,-1,,,,,,,,unassigned,,,,,,,,,,,,
477,307,277.12147943906257,277.1212208304169,,1786365.5024815602,107.57472137728041,769793.6071570627,9.456783248666333,-1,,,,,,,,unassigned,,,,,,,,,,,,
478,309,278.03322808261163,278.0329686537156,,2429760.9059665175,77.00830416417159,851454.0112691673,12.672681106330517,-1,,,,,,,,unassigned,,,,,,,,,,,,
479,310,278.7581887658458,278.7579286848077,,3413440.7041345094,98.3171745185002,757421.8049940245,18.343524402161425,-1,,,,,,,,unassigned,,,,,,,,,,,,
480,311,278.7599713518695,278.759711269228,,3351362.054648808,62.22343696958704,762358.5335931818,17.617527394160312,-1,,,,,,,,unassigned,,,,,,,,,,,,
481,312,278.84874135060875,278.8484811881177,,3620586.8743637027,92.1275239029489,757305.7328325451,18.945833031021607,-1,,,,,,,,unassigned,,,,,,,,,,,,
482,313,278.99513568602646,278.9948753918541,,7611366.77552999,59.00783090316327,761595.823862335,40.11805688657995,-1,,,,,,,,unassigned,,,,,,,,,,,,
483,314,279.1007214954587,279.1004611063137,,2206677.6078260727,84.97904063316011,803229.5868281682,11.771907040847656,-1,,,,,,,,unassigned,,,,,,,,,,,,
484,315,280.20514706434767,280.2048856818641,,16907922.31507076,105.97849111696719,773243.287769932,88.51785741998741,-1,,,,,,,,unassigned,,,,,,,,,,,,
485,316,280.7570027658032,280.7567408870218,,7520470.70702843,91.02666255866896,754434.3824460941,39.40819314542331,-1,,,,,,,,unassigned,,,,,,,,,,,,
486,317,280.9091648322177,280.90890281659904,,2306471.235020628,110.46179515098798,726619.211799171,12.081127988699983,-1,,,,,,,,unassigned,,,,,,,,,,,,
487,318,280.9921938131706,280.99193172288625,,2180201.431882824,88.56545954112204,805021.6439828255,11.841817863840356,-1,,,,,,,,unassigned,,,,,,,,,,,,
488,319,281.1163839186346,281.1161217166707,,2254423.800047721,65.25713655018637,773643.9889059247,12.038105943781398,-1,,,,,,,,unassigned,,,,,,,,,,,,
489,320,281.20847584196264,281.2082135571851,,2471469.0512092076,112.14616724417222,743061.1069011003,12.998035321027311,-1,,,,,,,,unassigned,,,,,,,,,,,,
490,321,281.82713675050854,281.8268739094243,,1909929.2273793716,69.11395599107242,642830.0120120782,10.342768486208431,-1,,,,,,,,unassigned,,,,,,,,,,,,
491,322,282.20218452198674,282.2019213436759,,4785534.836494365,60.44845467736873,798425.4379738604,25.173274032986697,-1,,,,,,,,unassigned,,,,,,,,,,,,
492,323,282.7524434744584,282.75217980140684,,3757109.6352999145,45.90998520270417,751240.6996191364,19.84929597431188,-1,,,,,,,,unassigned,,,,,,,,,,,,
493,324,282.75405525696704,282.75379158246636,,4988120.808496459,102.15879780516437,725291.2031005755,26.2004253554179,-1,,,,,,,,unassigned,,,,,,,,,,,,
494,325,282.7768075153342,282.77654382037764,,3560647.087903984,116.3956864749217,800487.4469806987,18.908188741717844,-1,,,,,,,,unassigned,,,,,,,,,,,,
495,326,282.7780954298162,282.77783173370165,,12740557.046279844,68.13099884734649,772168.4481279829,67.52309949971821,-1,,,,,,,,unassigned,,,,,,,,,,,,
496,327,282.8567311652504,282.85646739843696,,2431386.5350441337,60.81301196913837,742747.3149878944,12.796369485471448,-1,,,,,,,,unassigned,,,,,,,,,,,,
497,328,282.8852652367407,282.88500144427337,,4761652.202660383,99.27923882766837,745085.7468573247,25.694916327624533,-1,,,,,,,,unassigned,,,,,,,,,,,,
498,329,282.9172746508756,282.91701082962993,,6305090.440367495,174.51602999656083,758697.0510533821,33.14310785415446,-1,,,,,,,,unassigned,,,,,,,,,,,,
499,330,284.75111292259993,284.7508474528148,,2043873.1488118428,82.76115984520112,686712.2310000868,10.7555112296461,-1,,,,,,,,unassigned,,,,,,,,,,,,
500,331,284.77384285473386,284.77357736451785,,2229617.3567820676,71.93785005567962,780376.488932807,11.739640507158718,-1,,,,,,,,unassigned,,,,,,,,,,,,
501,332,284.77513665355764,284.7748711621787,,20211761.53840261,135.1926071746306,752372.2662853244,106.90978162268223,-1,,,,,,,,unassigned,,,,,,,,,,,,
502,333,284.8823438574236,284.88207826968187,,2594764.896459042,131.85786414358097,665875.2668842775,13.59496619427267,-1,,,,,,,,unassigned,,,,,,,,,,,,
503,334,284.91433091801196,284.91406530151903,,1674521.9629234236,69.61541766460294,773127.7704022111,8.95665197648779,-1,,,,,,,,unassigned,,,,,,,,,,,,
504,337,286.4737267875461,286.47345976954495,,1592378.0665494225,58.343454911617975,691508.7592671892,8.460554021020364,-1,,,,,,,,unassigned,,,,,,,,,,,,
505,338,286.77092825582207,286.77066097074123,,1689367.6309971234,84.01565729533945,634482.0406021961,8.875985642265444,-1,,,,,,,,unassigned,,,,,,,,,,,,
506,339,286.77219815910075,286.7719308728787,,13830940.789309796,95.78345516732594,750204.1296168226,72.5351677327333,-1,,,,,,,,unassigned,,,,,,,,,,,,
507,340,286.7732859336543,286.7730186464547,,1547590.7368156917,111.19767986002408,688821.5202391477,8.139233123034685,-1,,,,,,,,unassigned,,,,,,,,,,,,
508,341,286.848168046523,286.8479006920323,,3033801.5065438338,73.39861506916425,729660.0743101942,16.00957846532822,-1,,,,,,,,unassigned,,,,,,,,,,,,
509,342,286.88019251661586,286.8799251333473,,3856622.5004908927,107.1765794389109,737074.0409890579,20.327916224031128,-1,,,,,,,,unassigned,,,,,,,,,,,,
510,343,286.9121934943211,286.91192608229585,,39666011.429403745,164.8551613030375,737913.9716720989,213.08818848174855,-1,,,,,,,,unassigned,,,,,,,,,,,,
511,344,287.9117633860993,287.9114950758991,,5961501.784235277,73.4808470143823,770121.8265434251,31.75564690553011,-1,,,,,,,,unassigned,,,,,,,,,,,,
512,345,288.15052355532896,288.1502550306043,,4042145.373392989,91.76821731196807,743498.9858485028,21.134579566254587,-1,,,,,,,,unassigned,,,,,,,,,,,,
513,346,288.76924715430465,288.7689780736902,,4734574.346234027,163.74850240517844,752834.3923589232,25.463672836187143,-1,,,,,,,,unassigned,,,,,,,,,,,,
514,347,288.8452196871934,288.84495053832467,,2031463.6659919056,81.18211320986161,795577.6558541268,10.645267239542228,-1,,,,,,,,unassigned,,,,,,,,,,,,
515,348,288.8772610710693,288.8769918934145,,1970920.8788892066,65.0479149688113,727367.7529589711,10.405957114682602,-1,,,,,,,,unassigned,,,,,,,,,,,,
516,349,288.9092804203063,288.9090112138854,,11541111.224135235,56.43077935758381,846113.0487760706,61.26339196406418,-1,,,,,,,,unassigned,,,,,,,,,,,,
517,350,289.1214732066447,289.121203809593,,13919431.992405854,146.05117980122264,742588.8169863275,73.33107556372711,-1,,,,,,,,unassigned,,,,,,,,,,,,
518,351,289.731187249818,289.7309173050361,,6873797.004323471,83.94662901791042,697350.6170485985,36.19229528775913,-1,,,,,,,,unassigned,,,,,,,,,,,,
519,352,289.873608155396,289.8733380826777,,2424925.3389990204,181.56675255092122,671304.3861390454,12.855524797234501,-1,,,,,,,,unassigned,,,,,,,,,,,,
520,353,289.90881821988705,289.90854811553993,,1679844.4754345391,62.697392001599454,771059.659966092,8.811452574887568,-1,,,,,,,,unassigned,,,,,,,,,,,,
521,355,290.1475683038913,290.1472979850814,,2878766.739427987,38.50984173331152,657113.9449603796,15.272825946097463,-1,,,,,,,,unassigned,,,,,,,,,,,,
522,356,291.11853250971507,291.11826131877876,,4928667.536980458,64.88901974529685,776252.1183383452,25.856248996069226,-1,,,,,,,,unassigned,,,,,,,,,,,,
523,357,291.20990738126784,291.2096361082634,,23812788.262050174,99.1288003207122,738359.0688707313,124.74241924143547,-1,,,,,,,,unassigned,,,,,,,,,,,,
524,358,292.132382164862,292.1321100633902,,4504724.218092725,43.8296698175364,749263.9141234158,23.952523508421866,-1,,,,,,,,unassigned,,,,,,,,,,,,
525,360,292.81163143064583,292.81135871920554,,2013859.3923463947,66.92617183962143,833072.6807395731,10.836177563868446,-1,,,,,,,,unassigned,,,,,,,,,,,,
526,361,292.8457105448799,292.8454378028378,,8627113.796247551,131.98610345164576,750145.1297124275,45.15163614205433,-1,,,,,,,,unassigned,,,,,,,,,,,,
527,362,292.8916845923421,292.89141180901703,,2953103.80671675,115.75739323847732,620015.9707087377,15.810601507579767,-1,,,,,,,,unassigned,,,,,,,,,,,,
528,363,293.01077598730564,293.0105030970424,,3446497.81682728,63.9861352128113,774646.3421822774,18.171436222487085,-1,,,,,,,,unassigned,,,,,,,,,,,,
529,364,293.11640672687116,293.116133741758,,2091423.382678612,95.00464395545397,634084.9373492441,10.967932576431611,-1,,,,,,,,unassigned,,,,,,,,,,,,
530,366,293.20695761129514,293.2066845448738,,8465183.93302435,133.38294939241365,713480.9870680905,44.62461609180167,-1,,,,,,,,unassigned,,,,,,,,,,,,
531,367,293.7250415508393,293.72476801923335,,8588668.483816605,118.79925660399817,725975.8705261858,44.97954796237999,-1,,,,,,,,unassigned,,,,,,,,,,,,
532,368,293.8674366584869,293.86716299903037,,2998708.120763931,75.59629431042165,703970.3181522344,15.931601008913285,-1,,,,,,,,unassigned,,,,,,,,,,,,
533,369,294.12942268688215,294.12914879220517,,1744842.5960583494,118.16511944946393,715456.1402390276,9.174451078888124,-1,,,,,,,,unassigned,,,,,,,,,,,,
534,371,294.184417061946,294.1841431178941,,2465712.1309275213,191.41027849099265,624684.4925533878,12.998035321027311,-1,,,,,,,,unassigned,,,,,,,,,,,,
535,372,294.8087150188463,294.8084405143117,,1570913.1628283355,39.87329775093412,720036.6685739768,8.361065542146138,-1,,,,,,,,unassigned,,,,,,,,,,,,
536,373,294.84367768174417,294.843403145822,,19408664.917153444,122.46683075291988,721894.7677794044,104.5220581297008,-1,,,,,,,,unassigned,,,,,,,,,,,,
537,374,295.8470552822412,295.84677984559977,,1750496.2570881068,85.85773497332713,656791.2021916928,9.272595118858645,-1,,,,,,,,unassigned,,,,,,,,,,,,
538,375,296.2000748215434,296.1997990680272,,16152285.834847586,82.49731580749415,708269.9282636531,86.62488744356969,-1,,,,,,,,unassigned,,,,,,,,,,,,
539,376,296.841633919529,296.8413575901765,,9406629.393523658,159.9534230390683,716160.5659082482,49.97010517293578,-1,,,,,,,,unassigned,,,,,,,,,,,,
540,377,296.90093213906374,296.90065575649,,1855066.2798293284,89.13305425524422,786260.3546365474,10.077914022178396,-1,,,,,,,,unassigned,,,,,,,,,,,,
541,378,296.9329365199622,296.93266010866404,,1727611.4667169908,131.6333075306948,659201.906679931,9.06420708878425,-1,,,,,,,,unassigned,,,,,,,,,,,,
542,380,297.20343251505193,297.20315586098434,,3564711.5055900286,70.63633283803694,682717.8444037623,18.72265617300645,-1,,,,,,,,unassigned,,,,,,,,,,,,
543,381,297.7740791928459,297.7738020266508,,4990329.644031438,58.291527407304976,642870.6933191138,26.345624757018122,-1,,,,,,,,unassigned,,,,,,,,,,,,
544,382,298.1971228541412,298.1968453083083,,5692629.368777775,84.1472416410892,708950.8360696902,30.136942465468373,-1,,,,,,,,unassigned,,,,,,,,,,,,
545,383,298.78447918787276,298.7842011149812,,2732570.893356099,132.59026834201168,727831.5872066178,14.4419627036073,-1,,,,,,,,unassigned,,,,,,,,,,,,
546,384,298.81183302020384,298.81155492276747,,2764402.2224208335,91.27751732454655,736590.1850222147,14.88024978621538,-1,,,,,,,,unassigned,,,,,,,,,,,,
547,385,300.18689932585994,300.18661999467355,,3076227.641591948,49.03478911547137,662870.2414972524,16.176288889387735,-1,,,,,,,,unassigned,,,,,,,,,,,,
548,386,300.78152946406965,300.78124959942807,,4940748.345030743,170.58804063977175,694093.0265632638,25.996070642054622,-1,,,,,,,,unassigned,,,,,,,,,,,,
549,387,300.8097751117738,300.80949522179344,,5169379.765021037,85.1422666588005,669600.353506016,27.813752039864816,-1,,,,,,,,unassigned,,,,,,,,,,,,
550,388,300.8958349501114,300.89555498292845,,2298731.1519799507,54.61834252887017,607974.1911427046,12.089194622122216,-1,,,,,,,,unassigned,,,,,,,,,,,,
551,389,300.92785750247754,300.927577506568,,26755000.010348782,73.42344466688563,719054.9051982483,141.62857187197986,-1,,,,,,,,unassigned,,,,,,,,,,,,
552,391,301.7643401981541,301.7640594518979,,7420933.106105217,61.71196091462819,565865.4941504295,39.4512151903419,-1,,,,,,,,unassigned,,,,,,,,,,,,
553,392,301.7679506414929,301.7676698919982,,9460065.773130087,99.93395788281062,597649.685697438,50.72836871462583,-1,,,,,,,,unassigned,,,,,,,,,,,,
554,393,301.9274218568233,301.92714096428756,,4681237.018681841,59.465380572101964,748928.8307777903,24.79145338433426,-1,,,,,,,,unassigned,,,,,,,,,,,,
555,394,302.768311872821,302.76803022607794,,2495475.445642853,86.8474778534552,798713.338874096,13.153990233857181,-1,,,,,,,,unassigned,,,,,,,,,,,,
556,395,302.7785789566177,302.7782973006664,,3700738.3884087657,145.30998920628966,688446.143680577,19.48360859250391,-1,,,,,,,,unassigned,,,,,,,,,,,,
557,396,302.80684873657844,302.8065670552729,,2428251.0625097565,124.8823399326477,643375.2125644202,12.81788050793074,-1,,,,,,,,unassigned,,,,,,,,,,,,
558,397,302.8077187256449,302.80743704355916,,2711557.522822068,85.4126989170824,699091.3026334001,14.329029835696018,-1,,,,,,,,unassigned,,,,,,,,,,,,
559,398,302.82545029660554,302.8251685986169,,2868614.43454295,98.15225197534876,753032.0440591748,15.103426644230536,-1,,,,,,,,unassigned,,,,,,,,,,,,
560,399,302.8929052347097,302.89262347622355,,1524544.9552336575,75.58795414436773,678759.3391291604,8.19838843479774,-1,,,,,,,,unassigned,,,,,,,,,,,,
561,400,302.92494524941986,302.9246634621985,,8754105.135394173,45.596814987126855,787997.7339277695,46.68967424789372,-1,,,,,,,,unassigned,,,,,,,,,,,,
562,401,303.0274298240984,303.0271479449641,,1598006.2116096285,47.53892057709942,664532.5684599536,8.43635412075366,-1,,,,,,,,unassigned,,,,,,,,,,,,
563,402,303.1371470045142,303.13686502698175,,3302507.7056894475,79.35729399314974,725551.0784909414,17.515350037478672,-1,,,,,,,,unassigned,,,,,,,,,,,,
564,403,303.9244848826239,303.9242021990185,,1659749.4751391641,105.41111049669742,704515.608255465,8.711964096013341,-1,,,,,,,,unassigned,,,,,,,,,,,,
565,404,304.76535932971296,304.7650758920992,,6160210.039766942,121.31107671375054,717147.568503796,32.95488640763565,-1,,,,,,,,unassigned,,,,,,,,,,,,
566,405,304.80142798351045,304.8011445135558,,16808106.27490698,105.8614796854575,712949.9828809618,89.05563298146971,-1,,,,,,,,unassigned,,,,,,,,,,,,
567,406,304.81429542406016,304.814011942568,,9647892.224893913,85.34748322920323,717673.3322834903,51.62645390230128,-1,,,,,,,,unassigned,,,,,,,,,,,,
568,407,304.82249885396413,304.8222153651164,,2036712.3830518518,47.44329226073218,652340.8487366406,10.789122202238744,-1,,,,,,,,unassigned,,,,,,,,,,,,
569,408,304.823367233017,304.82308374339067,,1591434.7589701528,89.06283727319746,603961.5375809323,8.46458733773148,-1,,,,,,,,unassigned,,,,,,,,,,,,
570,409,304.8821255995105,304.88184205719915,,2299160.556313523,38.69737803968479,709875.761469446,12.05961696624069,-1,,,,,,,,unassigned,,,,,,,,,,,,
571,410,305.75819486019753,305.75791053241295,,6354066.864276727,152.99870675304618,596243.4899860992,33.61097259264406,-1,,,,,,,,unassigned,,,,,,,,,,,,
572,411,305.7617426842726,305.7614583533072,,3084643.1240017186,100.2143454830848,632996.7262841747,16.219310934306318,-1,,,,,,,,unassigned,,,,,,,,,,,,
573,412,306.7624017978941,306.76211656985356,,4273692.405540821,52.15433768070607,736330.0852431144,22.435996425041765,-1,,,,,,,,unassigned,,,,,,,,,,,,
574,413,306.7984770143411,306.79819175396176,,27617909.130498983,180.7337644064172,711280.940251156,149.07138564289494,-1,,,,,,,,unassigned,,,,,,,,,,,,
575,414,306.81135543848274,306.8110701665589,,13229099.199139804,85.89164138722374,723665.0774414233,69.33002538629876,-1,,,,,,,,unassigned,,,,,,,,,,,,
576,415,306.88007059241636,306.87978525889486,,4222925.283856958,165.83394644237111,655591.2628459889,22.1402198662265,-1,,,,,,,,unassigned,,,,,,,,,,,,
577,416,306.90736582673503,306.90708046874573,,1937774.9512890403,141.90061458545904,661233.2886338375,10.451668037408597,-1,,,,,,,,unassigned,,,,,,,,,,,,
578,417,308.23646973271013,308.236183183392,,51328649.51317249,156.21247001072007,693073.1740250688,278.051476308811,-1,,,,,,,,unassigned,,,,,,,,,,,,
579,418,308.79553246378555,308.79524541341533,,19078663.124890853,169.20447684907313,699715.6073469628,101.57504805277777,-1,,,,,,,,unassigned,,,,,,,,,,,,
580,419,308.80840513814076,308.808118076234,,7316087.609593396,93.38790113574079,714457.5447945147,38.483219179673746,-1,,,,,,,,unassigned,,,,,,,,,,,,
581,420,308.87800265241924,308.87771552813916,,2348921.231451879,72.74509853783789,673722.4624219722,12.333882502596666,-1,,,,,,,,unassigned,,,,,,,,,,,,
582,422,309.23982725306263,309.23953980452404,,9254294.671041423,71.37872558620346,722050.6490139663,48.496600134474264,-1,,,,,,,,unassigned,,,,,,,,,,,,
583,423,309.7521195847353,309.75183167711725,,3499710.6101477323,74.63356230892789,699938.3865749786,18.367724302428126,-1,,,,,,,,unassigned,,,,,,,,,,,,
584,424,310.23352188565315,310.2332335466634,,18999569.272622176,125.58364539219795,698073.4909565079,100.45647488489458,-1,,,,,,,,unassigned,,,,,,,,,,,,
585,425,310.79257728190515,310.792288441993,,6636600.140078751,90.94416380161535,695695.1637532369,35.44478725729872,-1,,,,,,,,unassigned,,,,,,,,,,,,
586,426,310.9022929541455,310.9020040159304,,9962104.25636871,185.34854768835018,693084.4320887721,53.58395694609687,-1,,,,,,,,unassigned,,,,,,,,,,,,
587,427,311.1422338582834,311.14194470509096,,2073246.4061866533,139.51494471720488,676058.0805175211,11.174976167602297,-1,,,,,,,,unassigned,,,,,,,,,,,,
588,431,311.23687567959894,311.236586441613,,3788117.9680227987,189.99041609935938,671159.1366366936,20.126250388475263,-1,,,,,,,,unassigned,,,,,,,,,,,,
589,432,311.88334903162473,311.88305921446306,,1859149.8502052305,101.62672664836305,600899.2364620871,9.86683711429659,-1,,,,,,,,unassigned,,,,,,,,,,,,
590,433,311.9019222713892,311.9016324375884,,1614663.9323330256,77.26639651139195,737716.3539104089,8.531809282916768,-1,,,,,,,,unassigned,,,,,,,,,,,,
591,435,312.7288926500573,312.7286020754422,,3171285.5148340715,88.92986209574153,669510.6985634958,17.176551433744823,-1,,,,,,,,unassigned,,,,,,,,,,,,
592,436,312.88402593780927,312.88373522423154,,3286659.1020041774,122.75893217458007,722644.2553272971,17.372839513685864,-1,,,,,,,,unassigned,,,,,,,,,,,,
593,438,314.6064313873865,314.6061391311198,,1539377.4729484569,78.2760481890545,535781.4346506298,8.12847761180504,-1,,,,,,,,unassigned,,,,,,,,,,,,
594,439,314.72596882660207,314.72567646328264,,6769856.626498559,58.50490220716936,685538.7494050948,36.51496062464851,-1,,,,,,,,unassigned,,,,,,,,,,,,
595,440,314.7936275408161,314.79333511690504,,3364182.4691404183,64.54046656994865,715588.472047149,18.034303454309097,-1,,,,,,,,unassigned,,,,,,,,,,,,
596,441,314.88108140240104,314.88078890017164,,3412661.3764554514,100.77749753803037,709960.6623419559,17.9643926313164,-1,,,,,,,,unassigned,,,,,,,,,,,,
597,442,314.9435216361152,314.9432290779686,,11382788.211163042,90.76220434732747,707880.0260561528,60.04801919511418,-1,,,,,,,,unassigned,,,,,,,,,,,,
598,443,315.943104668193,315.9428112149473,,1992322.984543024,36.49156507600441,726230.7047639441,10.494690082327182,-1,,,,,,,,unassigned,,,,,,,,,,,,
599,444,316.1818820624009,316.181588395353,,1902428.992824511,107.8884211431195,541390.6771982918,10.211013473645266,-1,,,,,,,,unassigned,,,,,,,,,,,,
600,445,316.7230197033621,316.72272555180047,,4831322.294300277,62.009362762628406,702886.8074303139,26.10900350996591,-1,,,,,,,,unassigned,,,,,,,,,,,,
601,446,316.7906695388194,316.79037532668895,,3815792.2735497006,73.79344771073426,725407.5647310079,20.478493381246174,-1,,,,,,,,unassigned,,,,,,,,,,,,
602,447,316.94060705903064,316.9403127126588,,3921909.217989472,53.25899974688845,715688.2667502023,20.89258056358755,-1,,,,,,,,unassigned,,,,,,,,,,,,
603,449,317.22557986223165,317.22528526072597,,2727255.019408094,118.55339212332731,642964.7278184204,14.589850983014935,-1,,,,,,,,unassigned,,,,,,,,,,,,
604,450,318.72006956138404,318.7197736220206,,2696369.7845082437,76.27409564016979,701548.6711911215,14.29676330200708,-1,,,,,,,,unassigned,,,,,,,,,,,,
605,451,318.7458582870268,318.7455623245796,,36246973.71140709,95.61037704237285,693133.5168657335,191.01787943851474,-1,,,,,,,,unassigned,,,,,,,,,,,,
606,452,318.8171078588132,318.8168118325902,,4880085.995690004,165.16253924333972,666052.6008146376,26.14664779926967,-1,,,,,,,,unassigned,,,,,,,,,,,,
607,453,318.82995870453703,318.82966266681126,,8576469.639381485,93.74771727100692,683780.5109603083,46.19492073133,-1,,,,,,,,unassigned,,,,,,,,,,,,
608,454,319.16846389459846,319.1681675538833,,1850075.7843048177,117.13663394598227,757015.343622817,9.814403997052066,-1,,,,,,,,unassigned,,,,,,,,,,,,
609,455,319.2412298728392,319.2409334669942,,17454238.606253713,159.65082116894953,698247.379396921,92.77703986692725,-1,,,,,,,,unassigned,,,,,,,,,,,,
610,458,320.7429171978161,320.7426194480042,,80151179.0325758,137.3605590837384,683931.073425663,423.595054268382,-1,,,,,,,,unassigned,,,,,,,,,,,,
611,459,320.8141380603867,320.81384024684036,,8286124.668562966,51.73299163771381,667834.2343295238,43.57057599129635,-1,,,,,,,,unassigned,,,,,,,,,,,,
612,460,320.82701393267547,320.8267161076067,,12572362.331342671,137.3861382420293,677476.3996330793,66.36150428691644,-1,,,,,,,,unassigned,,,,,,,,,,,,
613,461,321.10311036646385,321.1028122943264,,5924046.032307849,120.43964776213426,673767.4467678375,31.535158925322364,-1,,,,,,,,unassigned,,,,,,,,,,,,
614,462,321.23825992087404,321.23796172779913,,6438876.66145069,126.13934640473224,667156.8546929668,34.03581528621508,-1,,,,,,,,unassigned,,,,,,,,,,,,
615,463,321.67390532783145,321.67360674493676,,3222107.333351202,99.71133490905265,704638.9374479771,16.996396620648248,-1,,,,,,,,unassigned,,,,,,,,,,,,
616,464,322.10659363537184,322.106294665324,,2800312.938039337,189.3624359400587,669136.0558638158,14.743117018037392,-1,,,,,,,,unassigned,,,,,,,,,,,,
617,465,322.21573939864646,322.2154403309425,,5521406.956049255,84.10851966582389,685674.8645158944,29.652944460134297,-1,,,,,,,,unassigned,,,,,,,,,,,,
618,466,322.7399658056501,322.7396662689222,,66402407.963367894,129.7517926871636,672032.7138828333,356.7818185098204,-1,,,,,,,,unassigned,,,,,,,,,,,,
619,467,322.76756056279123,322.7672610013752,,1587976.2634939472,191.67768601014814,572947.5801494732,8.387954320220253,-1,,,,,,,,unassigned,,,,,,,,,,,,
620,468,322.8112063524322,322.8109067519679,,4692527.934048339,74.43051975141888,689138.7170602952,24.66776500519333,-1,,,,,,,,unassigned,,,,,,,,,,,,
621,469,322.8240720052443,322.8237723932696,,6796484.448297904,73.34538549538628,691077.0445846217,36.45580531288546,-1,,,,,,,,unassigned,,,,,,,,,,,,
622,470,322.83856036536866,322.83826074043185,,1720477.4392621457,135.3963885904687,592913.8550769333,9.113951328221365,-1,,,,,,,,unassigned,,,,,,,,,,,,
623,471,323.1269622489506,323.12666236599745,,2034591.4371734073,84.79254906456896,668130.1347936214,10.72055581814975,-1,,,,,,,,unassigned,,,,,,,,,,,,
624,472,324.2127735506804,324.21247269639747,,2118338.7051210995,162.51572685492766,681833.026104886,11.330931080432167,-1,,,,,,,,unassigned,,,,,,,,,,,,
625,473,324.2314018513089,324.23110098036284,,24640688.509316817,76.84328810223644,665154.7510189475,133.4974053823674,-1,,,,,,,,unassigned,,,,,,,,,,,,
626,474,324.7358326695732,324.73553134742576,,1594851.919526986,105.94449927573055,628576.6388680404,8.414843098294368,-1,,,,,,,,unassigned,,,,,,,,,,,,
627,475,324.7370167824166,324.73671545921,,29547236.146154273,125.84313017516868,685199.2356094309,154.36309716788082,-1,,,,,,,,unassigned,,,,,,,,,,,,
628,476,324.7628188601872,324.7625175139021,,95085522.14020723,202.60500893350098,672019.3048321909,508.2624386681561,-1,,,,,,,,unassigned,,,,,,,,,,,,
629,477,324.7645928090814,324.76429146120955,,3367141.2390209637,136.7718997423125,701915.3240424511,17.840704252175467,-1,,,,,,,,unassigned,,,,,,,,,,,,
630,478,324.8082588744046,324.8079574874759,,1856258.5044754103,162.01489550464717,649300.4835743845,9.772726391037187,-1,,,,,,,,unassigned,,,,,,,,,,,,
631,479,324.8211679352652,324.8208665367901,,1583357.9458255973,126.00231125264827,624299.282063667,8.523742649494535,-1,,,,,,,,unassigned,,,,,,,,,,,,
632,480,324.85215656542334,324.8518551392309,,7280732.5351880975,106.17577682407969,673200.0983509788,38.83277329463724,-1,,,,,,,,unassigned,,,,,,,,,,,,
633,481,324.91796087573897,324.91765939068904,,7957038.18367017,81.01041515344839,653236.2835243744,43.204888609488385,-1,,,,,,,,unassigned,,,,,,,,,,,,
634,482,325.1426830057055,325.14238131966056,,1579900.3067101636,117.67130866248826,503782.54154134623,8.331487886264611,-1,,,,,,,,unassigned,,,,,,,,,,,,
635,484,325.23474925924495,325.23444749085604,,5626043.271839281,67.04190334203437,658146.5968574816,29.599166903986067,-1,,,,,,,,unassigned,,,,,,,,,,,,
636,485,325.66777262737503,325.6674704717032,,1537336.12368567,162.92598400334305,519526.84066869604,8.117722100575394,-1,,,,,,,,unassigned,,,,,,,,,,,,
637,486,325.67450104315805,325.67419888146867,,2530147.4835276627,72.075068744011,572632.2006229355,13.254823151635113,-1,,,,,,,,unassigned,,,,,,,,,,,,
638,487,325.91751700654675,325.91721462752054,,1913286.3055147962,69.77043830975427,701886.6370684876,10.301090880193552,-1,,,,,,,,unassigned,,,,,,,,,,,,
639,489,326.228451265043,326.22814860794796,,8442931.420901373,249.21128508344557,669659.1459618028,44.46328342335698,-1,,,,,,,,unassigned,,,,,,,,,,,,
640,490,326.7328984762664,326.73259536806626,,1699128.9709962916,90.72092377228846,702204.6098564023,9.015807288250844,-1,,,,,,,,unassigned,,,,,,,,,,,,
641,491,326.73406275350044,326.7337596442592,,7730719.305993635,84.24652419474941,658814.0766198058,41.817427660864034,-1,,,,,,,,unassigned,,,,,,,,,,,,
642,492,326.75986294626875,326.7595598139563,,170887456.54783252,227.05211627099115,656911.1063919725,922.5647312341239,-1,,,,,,,,unassigned,,,,,,,,,,,,
643,493,326.7616427001762,326.7613395662722,,2704156.976790459,104.80150686534978,713031.7614048864,14.732361506807745,-1,,,,,,,,unassigned,,,,,,,,,,,,
644,494,326.8067515303299,326.80644835608854,,3094285.075262575,107.04794242490708,565182.6933156556,16.606509338573577,-1,,,,,,,,unassigned,,,,,,,,,,,,
645,495,326.8171894535869,326.81688627001176,,1704646.3772273667,149.7650982685336,546604.4459569327,9.154284495332536,-1,,,,,,,,unassigned,,,,,,,,,,,,
646,496,326.8492277375089,326.8489245252846,,6687979.501978218,71.08227422011781,695256.1890069811,35.20816601024651,-1,,,,,,,,unassigned,,,,,,,,,,,,
647,497,326.86031209765,326.8600088755139,,1760498.5739948954,126.59205417177498,600750.0642390044,9.40435013142181,-1,,,,,,,,unassigned,,,,,,,,,,,,
648,498,327.1371887159433,327.1368852462244,,1535829.7588191763,186.52785124131313,715641.8324834439,8.14729975645692,-1,,,,,,,,unassigned,,,,,,,,,,,,
649,499,327.23181122671247,327.2315076723841,,1714765.2548114592,129.8210937086076,624782.1492133145,9.04269606632496,-1,,,,,,,,unassigned,,,,,,,,,,,,
650,500,328.7569186117147,328.75661369380407,,157105157.73974726,177.11320345059286,667886.4669399068,831.1859078270506,-1,,,,,,,,unassigned,,,,,,,,,,,,
651,501,328.8038453087953,328.8035403489321,,1800181.7106559996,143.88838075979314,614610.2801670749,9.561649483155383,-1,,,,,,,,unassigned,,,,,,,,,,,,
652,502,328.8047289093489,328.8044239486957,,6028320.950853154,128.41816968957977,661486.7530885761,31.658847304463297,-1,,,,,,,,unassigned,,,,,,,,,,,,
653,503,328.8462863637341,328.8459813659287,,2301479.5673541278,57.79548407169992,744555.806733502,12.32581586917443,-1,,,,,,,,unassigned,,,,,,,,,,,,
654,504,328.8488176850145,328.84851268494606,,2103687.738927038,128.08801714801123,689773.5288213477,11.12657636706889,-1,,,,,,,,unassigned,,,,,,,,,,,,
655,505,328.88083407482276,328.88052904613187,,2194498.759111942,106.93209282153737,732475.690914293,11.683174073203077,-1,,,,,,,,unassigned,,,,,,,,,,,,
656,506,328.95915669887864,328.9588516001683,,3122995.8154951283,79.709559475026,684153.5619279897,16.808175174129442,-1,,,,,,,,unassigned,,,,,,,,,,,,
657,507,329.152817717883,329.15251244604514,,51307835.17585304,169.3372020887139,651824.8072982425,278.2235644884853,-1,,,,,,,,unassigned,,,,,,,,,,,,
658,509,330.75396404529135,330.75365734223124,,62647324.227544025,296.10905077994903,654298.2388564514,338.0242069253176,-1,,,,,,,,unassigned,,,,,,,,,,,,
659,510,330.8017524677483,330.8014457219757,,2404930.074759796,79.07345015894974,634049.5410579471,12.785613974241802,-1,,,,,,,,unassigned,,,,,,,,,,,,
660,511,330.802652720002,330.8023459734248,,2914439.564687727,123.91357629895404,638366.9927311765,15.42878085892733,-1,,,,,,,,unassigned,,,,,,,,,,,,
661,512,330.8203844092,330.82007764677456,,1710591.325198568,70.05680621108581,611302.9139331196,9.033284993999018,-1,,,,,,,,unassigned,,,,,,,,,,,,
662,513,330.845952422601,330.84564563732346,,1705869.0566315535,165.2839486431431,589708.3423604722,9.212095368191886,-1,,,,,,,,unassigned,,,,,,,,,,,,
663,514,331.14987001367336,331.1495629567669,,16344829.347964609,173.96384341801487,663326.9084327306,85.63538041044225,-1,,,,,,,,unassigned,,,,,,,,,,,,
664,515,332.1532279748245,332.1529200212307,,2371889.7015321343,110.56178589091166,685286.4333703992,12.718392029056513,-1,,,,,,,,unassigned,,,,,,,,,,,,
665,516,332.7510214687678,332.7507129809869,,16846113.111335866,194.92105304754327,658137.7602241156,88.61465702105421,-1,,,,,,,,unassigned,,,,,,,,,,,,
666,517,332.77283653191006,332.772528024636,,2668741.0164215383,178.84009234934828,518542.9535931496,14.259119012703318,-1,,,,,,,,unassigned,,,,,,,,,,,,
667,518,333.11134999854363,333.11104118879285,,12966461.768952861,134.49448417824786,628521.8114725375,70.29802139696692,-1,,,,,,,,unassigned,,,,,,,,,,,,
668,519,333.7040483557867,333.7037390164642,,2060330.0245144644,130.21038074469666,627529.7326853668,10.87919960878703,-1,,,,,,,,unassigned,,,,,,,,,,,,
669,521,334.74807934882045,334.74776907675795,,2729364.858110255,150.06040487891588,545703.5094780044,14.415073925533186,-1,,,,,,,,unassigned,,,,,,,,,,,,
670,522,334.7699451858266,334.7696348942303,,1568048.386048332,85.56704424385076,639152.6047620468,8.272332574501556,-1,,,,,,,,unassigned,,,,,,,,,,,,
671,523,334.7708351917256,334.7705248993343,,4399509.248138478,129.73095508372228,658973.7894025487,23.447014480628496,-1,,,,,,,,unassigned,,,,,,,,,,,,
672,524,334.8750045556578,334.87469417020816,,1578488.9766665532,57.69820148628906,658287.8792765674,8.404087587064721,-1,,,,,,,,unassigned,,,,,,,,,,,,
673,526,335.0034195972991,335.0031090971332,,2968682.720118882,211.55266882094503,646355.5091628627,15.982689687254105,-1,,,,,,,,unassigned,,,,,,,,,,,,
674,527,335.1083912820748,335.1080806881365,,4746155.93161821,121.29259228709066,668298.6402845873,25.076474431919884,-1,,,,,,,,unassigned,,,,,,,,,,,,
675,528,335.1633945670167,335.1630839239439,,1554893.7542474319,176.5378168566276,562878.3072081828,8.3287990084572,-1,,,,,,,,unassigned,,,,,,,,,,,,
676,529,335.97092568463864,335.9706143202347,,2089771.9531002806,174.65865373076068,591622.6056938182,11.25026474620982,-1,,,,,,,,unassigned,,,,,,,,,,,,
677,530,336.1586310886499,336.15831955658746,,16331858.680358527,123.83573137438552,651407.9102633003,87.17341851628164,-1,,,,,,,,unassigned,,,,,,,,,,,,
678,531,336.2677893364917,336.26747770693095,,6426628.023435329,83.46611109068812,653458.7463997764,33.93901568514827,-1,,,,,,,,unassigned,,,,,,,,,,,,
679,532,336.71687195044507,336.71655991978486,,3499406.1892306088,110.21510586678335,605062.0033317197,18.437635125420826,-1,,,,,,,,unassigned,,,,,,,,,,,,
680,533,336.71863199970704,336.7183199674749,,9759207.329746673,91.55141343497885,651921.9714627519,51.34681061033048,-1,,,,,,,,unassigned,,,,,,,,,,,,
681,534,336.7678895353169,336.76757745909157,,3246131.9381611687,112.49467444238695,685109.2322030378,17.397039413952566,-1,,,,,,,,unassigned,,,,,,,,,,,,
682,535,336.7687887787576,336.7684767017291,,2855888.4055533553,86.74876853658508,706228.10660227,15.159893078186178,-1,,,,,,,,unassigned,,,,,,,,,,,,
683,536,336.7864970510921,336.78618495824804,,1718292.2657280979,171.0845736122024,627366.4207790617,9.234950829554883,-1,,,,,,,,unassigned,,,,,,,,,,,,
684,537,336.96846841288493,336.9681561575203,,7834529.407041614,85.54652595913603,657954.3606621649,42.37133648919081,-1,,,,,,,,unassigned,,,,,,,,,,,,
685,538,337.1620492065667,337.16173677831705,,3225202.656306605,91.26181823186366,625476.9444517544,16.937241308885195,-1,,,,,,,,unassigned,,,,,,,,,,,,
686,539,337.27112516175794,337.27081263609546,,1639256.1094744422,71.15954812628901,637891.4674343095,8.650119906442876,-1,,,,,,,,unassigned,,,,,,,,,,,,
687,540,337.6978849593932,337.69757205261567,,1602828.7139353312,89.7409015204215,517832.66550538875,8.411482001035104,-1,,,,,,,,unassigned,,,,,,,,,,,,
688,541,338.15567829882104,338.15536498323644,,5157600.578941741,105.74091154445883,640613.0801894537,27.48570894736061,-1,,,,,,,,unassigned,,,,,,,,,,,,
689,542,338.26484613028157,338.264532717214,,2541006.392098912,126.73999528902966,651306.7499853775,13.377167091872337,-1,,,,,,,,unassigned,,,,,,,,,,,,
690,543,338.7140431557571,338.7137293415868,,3530315.7039244887,135.00362339381473,551873.9077492119,18.93238864198455,-1,,,,,,,,unassigned,,,,,,,,,,,,
691,544,338.7156689514025,338.71535513578056,,17640327.498395424,76.88320316293381,646792.7465596127,94.06770121448479,-1,,,,,,,,unassigned,,,,,,,,,,,,
692,545,338.8678368136615,338.8675228621689,,3314850.9720816473,166.93600248669006,613235.1693814936,17.469639114752678,-1,,,,,,,,unassigned,,,,,,,,,,,,
693,546,338.93361699526537,338.9333029850385,,3890969.9147166545,55.301579952107915,645397.1797186673,20.811914229365204,-1,,,,,,,,unassigned,,,,,,,,,,,,
694,548,340.7111242207266,340.7108086235663,,7435521.578575391,70.16455807980533,629614.0467006648,39.79001379407575,-1,,,,,,,,unassigned,,,,,,,,,,,,
695,549,340.71273453339865,340.7124189348008,,15304021.245133135,99.06377105489759,652657.0887606466,80.56953462127893,-1,,,,,,,,unassigned,,,,,,,,,,,,
696,550,340.7367727805961,340.73645716053966,,5295865.209709473,107.54442115941805,618443.5629179847,28.36766086819159,-1,,,,,,,,unassigned,,,,,,,,,,,,
697,551,340.86491057514326,340.864594840701,,3292332.961615853,59.32229839102443,597108.387805058,17.778860062605002,-1,,,,,,,,unassigned,,,,,,,,,,,,
698,552,340.8855643181028,340.8852485652236,,3410682.0547544966,74.71447676314614,662105.9192309842,18.03968120992392,-1,,,,,,,,unassigned,,,,,,,,,,,,
699,553,341.1376232552917,341.1373072774108,,3480345.796934084,118.03904923865902,606238.4438134588,18.840966796532555,-1,,,,,,,,unassigned,,,,,,,,,,,,
700,554,341.69160843906064,341.6912919666868,,1794371.816687798,119.79198871337569,698969.4492031203,9.725671029407486,-1,,,,,,,,unassigned,,,,,,,,,,,,
701,555,342.708164699114,342.70784731943934,,5796041.80075775,170.8585469472633,586037.7276881178,30.37894146813541,-1,,,,,,,,unassigned,,,,,,,,,,,,
702,556,342.70978418990387,342.7094668087839,,5734371.691829556,86.02191717938483,617028.9103036999,30.884450495928775,-1,,,,,,,,unassigned,,,,,,,,,,,,
703,557,342.73382433086647,342.7335069282915,,11143493.235405795,147.08224114042824,660099.3651446628,58.52073660050443,-1,,,,,,,,unassigned,,,,,,,,,,,,
704,558,342.7560210483713,342.75570362598654,,2143693.6084463433,83.32413787595013,648505.4039967791,11.507052576817621,-1,,,,,,,,unassigned,,,,,,,,,,,,
705,559,342.76134398784313,342.7610265607079,,7804186.878662333,113.8425003957555,645318.356908756,41.403340478522665,-1,,,,,,,,unassigned,,,,,,,,,,,,
706,560,342.86449960139925,342.8641820822021,,2150031.0315695694,222.24705677807333,588694.2664699908,11.34571990837293,-1,,,,,,,,unassigned,,,,,,,,,,,,
707,561,342.89654526249376,342.89622771469743,,1570689.3843432732,98.04072923339776,628181.6034036857,8.422909731716603,-1,,,,,,,,unassigned,,,,,,,,,,,,
708,562,343.0850649609211,343.0847472448829,,6420371.844649063,125.23162884805046,630332.9679938023,34.03043753060026,-1,,,,,,,,unassigned,,,,,,,,,,,,
709,563,343.13455960261973,343.13424184241137,,1896751.5619129883,123.54970686251204,580849.393415286,9.960947837555995,-1,,,,,,,,unassigned,,,,,,,,,,,,
710,564,343.1684672626049,343.1681494721367,,3069091.0335715683,62.382033258862144,601916.7345920228,16.523154126543822,-1,,,,,,,,unassigned,,,,,,,,,,,,
711,566,344.21320236485377,344.2128836421061,,4163190.074309762,40.58335271672502,637268.0873127533,22.6080846047161,-1,,,,,,,,unassigned,,,,,,,,,,,,
712,567,344.70524531063484,344.70492614884955,,2720640.750894422,160.89849931022349,505397.51817662606,14.351885297059015,-1,,,,,,,,unassigned,,,,,,,,,,,,
713,568,344.70687037211707,344.7065512088818,,1587747.0852353848,106.92169532372135,555572.0833023092,8.572142450027942,-1,,,,,,,,unassigned,,,,,,,,,,,,
714,569,344.73087567571446,344.7305564910606,,8904831.454241093,48.3606032553255,653254.5098274179,47.426426767124475,-1,,,,,,,,unassigned,,,,,,,,,,,,
715,570,344.7530930026251,344.752773798148,,2232451.6168153416,76.34980811495166,686531.3700628375,11.88215103095153,-1,,,,,,,,unassigned,,,,,,,,,,,,
716,571,344.7593072843566,344.7589880743348,,20806695.793760322,77.58063577963428,628694.7082160154,112.43811439472033,-1,,,,,,,,unassigned,,,,,,,,,,,,
717,572,344.8708674704547,344.8705481608949,,10514143.362298237,177.3049827357267,632176.191590597,56.55247804547919,-1,,,,,,,,unassigned,,,,,,,,,,,,
718,573,345.08210200450566,345.08178250647865,,2123897.361234833,82.86864191485353,664024.1968983993,11.227409284846823,-1,,,,,,,,unassigned,,,,,,,,,,,,
719,574,345.14773849365935,345.1474189370713,,13699021.646687822,92.15324907357426,632519.5236257436,72.30930199691073,-1,,,,,,,,unassigned,,,,,,,,,,,,
720,575,345.76266154940004,345.76234144419897,,1946935.6836575062,116.87327112204977,646534.8223633806,10.255379957467557,-1,,,,,,,,unassigned,,,,,,,,,,,,
721,576,345.8703970188878,345.87007681757325,,2107499.519592779,181.5296891872418,626111.5918422826,11.251609185113526,-1,,,,,,,,unassigned,,,,,,,,,,,,
722,578,346.2102164921613,346.2098959876935,,2824219.486338699,86.6524835020608,585354.1160766355,15.205604000912174,-1,,,,,,,,unassigned,,,,,,,,,,,,
723,579,346.72792189498335,346.7276009286947,,4167833.786357363,128.69451279727912,635247.9849502337,22.04073138735227,-1,,,,,,,,unassigned,,,,,,,,,,,,
724,580,346.73856263294726,346.7382416571668,,2269961.5299193575,69.78423259825747,612924.9357765958,12.2021274900335,-1,,,,,,,,unassigned,,,,,,,,,,,,
725,581,346.75726799603444,346.75694700356837,,21864318.66981432,177.73000240722476,640475.4092114734,115.34210242672478,-1,,,,,,,,unassigned,,,,,,,,,,,,
726,582,346.86795036462433,346.86762927342784,,6854351.778877973,62.329257479987845,613735.124830445,36.23531733267771,-1,,,,,,,,unassigned,,,,,,,,,,,,
727,583,346.8790061580224,346.878685056964,,104086887.90766025,293.7941017026331,631806.2620112355,556.7913053363193,-1,,,,,,,,unassigned,,,,,,,,,,,,
728,584,347.14477322163214,347.14445188351124,,3703940.3955042595,119.34067593629857,646200.2328905835,19.43251991416309,-1,,,,,,,,unassigned,,,,,,,,,,,,
729,585,347.1633834240755,347.16306206935474,,2771183.638709056,130.94549710842685,600691.1051289146,14.627495272318695,-1,,,,,,,,unassigned,,,,,,,,,,,,
730,586,347.76063794013356,347.76031605269515,,1564470.5330668958,65.470554075781,652564.8321307334,8.491476115805597,-1,,,,,,,,unassigned,,,,,,,,,,,,
731,587,347.87857405223195,347.8782520596058,,19465254.418644335,168.84447829577263,630011.4762343708,105.03832266872381,-1,,,,,,,,unassigned,,,,,,,,,,,,
732,589,348.7365781873839,348.73625542954596,,1647784.2091111117,84.49983904936823,567713.3930916771,8.86791900884321,-1,,,,,,,,unassigned,,,,,,,,,,,,
733,590,348.7552142898391,348.7548915153815,,6123604.192998458,163.50712883655487,629034.2031332052,32.93875314079118,-1,,,,,,,,unassigned,,,,,,,,,,,,
734,591,348.79916435194457,348.7988415382923,,1600960.6533777579,125.70406679571596,617705.0546023344,8.619197811657644,-1,,,,,,,,unassigned,,,,,,,,,,,,
735,592,348.8422704446554,348.8419475925614,,3317573.075336668,119.2007054505313,618462.7387005327,17.469639114752678,-1,,,,,,,,unassigned,,,,,,,,,,,,
736,593,348.8760944654836,348.8757715832256,,29632999.982151315,150.74915661891617,610963.5198684843,160.55827163615697,-1,,,,,,,,unassigned,,,,,,,,,,,,
737,594,348.87808435694035,348.8777614729078,,1610795.5438567305,152.499470779998,642940.868968797,8.564075816605706,-1,,,,,,,,unassigned,,,,,,,,,,,,
738,595,348.8832195807138,348.8828966921018,,2229352.595367202,71.23145662738483,713682.5538755165,11.874084397529295,-1,,,,,,,,unassigned,,,,,,,,,,,,
739,596,349.05545588339766,349.0551328411891,,48399804.566072136,97.24876383430667,629871.4697441119,256.3683656698444,-1,,,,,,,,unassigned,,,,,,,,,,,,
740,597,349.1062889278075,349.1059658402678,,10098260.894275839,188.42867764750858,662301.1598914416,53.2182695642889,-1,,,,,,,,unassigned,,,,,,,,,,,,
741,598,349.1427337584035,349.1424106383637,,1899263.528885723,211.1200234575979,546164.7554379065,10.186813573378563,-1,,,,,,,,unassigned,,,,,,,,,,,,
742,599,349.8756495207972,349.87532574720285,,6196881.3133858,150.39754873972396,621437.6914274736,32.79355373919096,-1,,,,,,,,unassigned,,,,,,,,,,,,
743,603,350.13793023825895,350.13760623079844,,2792382.837527379,121.81665908920148,648027.3053166762,14.659761806007634,-1,,,,,,,,unassigned,,,,,,,,,,,,
744,604,350.83926005089546,350.83893541812193,,1959412.8523585638,56.49314429696054,565843.1561399313,10.610311828045878,-1,,,,,,,,unassigned,,,,,,,,,,,,
745,605,350.87290900493934,350.8725843421654,,4285189.737300979,188.82907975470496,612310.2224225355,22.441374180656588,-1,,,,,,,,unassigned,,,,,,,,,,,,
746,606,351.0347192090244,351.034394401987,,6095609.279967754,185.23232404900065,645684.2752521174,32.35795553439029,-1,,,,,,,,unassigned,,,,,,,,,,,,
747,607,351.05253844405854,351.05221362113446,,13874190.353921015,47.106815874597466,614826.1327110215,73.08369880544525,-1,,,,,,,,unassigned,,,,,,,,,,,,
748,608,351.10334740281485,351.10302253459224,,3122662.864372193,131.59181876242113,632379.3396298997,16.4478655479363,-1,,,,,,,,unassigned,,,,,,,,,,,,
749,609,351.1347575020036,351.13443260577765,,6118100.3921077745,124.87422731512459,615641.3400888256,32.782798227961315,-1,,,,,,,,unassigned,,,,,,,,,,,,
750,610,352.05212179677676,352.05179608273085,,2272700.647610046,123.66181912656691,603079.5919131256,11.962817365173875,-1,,,,,,,,unassigned,,,,,,,,,,,,
751,611,353.03174339994604,353.03141681268085,,2323644.2010900043,114.47912007206361,596345.5166905454,12.24380509604838,-1,,,,,,,,unassigned,,,,,,,,,,,,
752,612,353.04933666121434,353.04901005826775,,2301145.0696926382,100.84505909189392,522156.163006773,12.091883499929628,-1,,,,,,,,unassigned,,,,,,,,,,,,
753,613,353.13755223242737,353.1372255508521,,2096167.7460786975,48.3066249479306,553919.4563725633,11.119854172550362,-1,,,,,,,,unassigned,,,,,,,,,,,,
754,614,353.77588109586895,353.7755538453618,,2515422.6451510787,108.62040430144243,631692.0579281905,13.210456667812823,-1,,,,,,,,unassigned,,,,,,,,,,,,
755,615,355.15323068745255,355.15290220948947,,1551616.986067789,107.04179915092513,640672.2476645896,8.273677013405262,-1,,,,,,,,unassigned,,,,,,,,,,,,
756,616,356.7431436377868,356.74281374319713,,6591448.893871163,126.15128005523991,637957.636773485,34.847856384053365,-1,,,,,,,,unassigned,,,,,,,,,,,,
757,618,358.7401930190361,358.7398613454524,,9822585.561164292,124.8037061156916,607886.0883269625,53.22902507551855,-1,,,,,,,,unassigned,,,,,,,,,,,,
758,619,358.8865318125562,358.88620000862954,,5934764.541288184,71.28187995849491,621130.925687538,32.23426715524936,-1,,,,,,,,unassigned,,,,,,,,,,,,
759,620,359.1634049040581,359.16307285352894,,1677653.630849487,91.28218815434205,559413.5525274932,9.088406989050954,-1,,,,,,,,unassigned,,,,,,,,,,,,
760,621,359.1907536830694,359.19042160818196,,1804833.4280110833,20.528536171541656,605100.6153793626,9.607360405881378,-1,,,,,,,,unassigned,,,,,,,,,,,,
761,622,360.7269367153995,360.7266032724383,,1668277.4859451645,61.53640936804738,612282.8904931614,9.08302923343613,-1,,,,,,,,unassigned,,,,,,,,,,,,
762,623,360.73723818401794,360.73690473188344,,8550786.93845436,196.19912755407233,619769.5617149539,45.15701389766915,-1,,,,,,,,unassigned,,,,,,,,,,,,
763,624,360.88362022395313,360.88328664146934,,3595604.459982902,66.74038488745121,637853.1332809118,18.937766397599372,-1,,,,,,,,unassigned,,,,,,,,,,,,
764,625,360.8946647610103,360.8943311686918,,67485147.7569019,94.34870462611005,608947.3953808155,362.1595741246435,-1,,,,,,,,unassigned,,,,,,,,,,,,
765,627,361.8942284908461,361.89389400850735,,14209468.84183827,100.1626636077679,626993.726096749,74.77231406849968,-1,,,,,,,,unassigned,,,,,,,,,,,,
766,629,362.72403977320994,362.7237045520836,,2228441.6444171052,103.8984973553269,596406.6487546518,11.739640507158718,-1,,,,,,,,unassigned,,,,,,,,,,,,
767,630,362.73426459777755,362.73392936754846,,4411940.247416744,94.37048722108042,608088.5381912146,23.18619333330958,-1,,,,,,,,unassigned,,,,,,,,,,,,
768,631,362.76009378717964,362.75975853395585,,14936894.84289517,101.7154391244668,611600.724319522,78.4614544202683,-1,,,,,,,,unassigned,,,,,,,,,,,,
769,632,362.8917416659504,362.89140629552696,,18165549.012788743,161.3078420548499,577214.3901047765,96.06822630319897,-1,,,,,,,,unassigned,,,,,,,,,,,,
770,633,362.89894354461524,362.89860816778037,,1826200.5443714457,107.8952421258661,611299.0806977825,9.60063821136285,-1,,,,,,,,unassigned,,,,,,,,,,,,
771,635,363.8913021740359,363.8909659138151,,4014504.776355208,135.8165653964414,574190.9145511609,21.215245900476933,-1,,,,,,,,unassigned,,,,,,,,,,,,
772,636,364.72101113020653,364.7206741314718,,1856243.3938010966,152.23993780426636,559036.7648406295,10.029514221644988,-1,,,,,,,,unassigned,,,,,,,,,,,,
773,637,364.75713803258424,364.7568010016951,,27899847.85325876,104.75478678368012,597232.4747405634,150.44809108028966,-1,,,,,,,,unassigned,,,,,,,,,,,,
774,638,364.88858101699884,364.88824386912137,,3255210.111844406,65.6580304995504,650394.1350579613,17.114707244174358,-1,,,,,,,,unassigned,,,,,,,,,,,,
775,639,364.88955837378256,364.88922122503527,,3349246.298440571,167.75551299784098,582803.3677217826,17.886415174901465,-1,,,,,,,,unassigned,,,,,,,,,,,,
776,640,365.0503717778717,365.0500344859981,,2515148.7911297968,101.40386119265796,587379.9626105379,13.523710932376265,-1,,,,,,,,unassigned,,,,,,,,,,,,
777,641,366.7541965339738,366.75385772584616,,23881431.882520765,117.64762561934722,609983.5512230021,126.07610263391159,-1,,,,,,,,unassigned,,,,,,,,,,,,
778,642,368.09117436594187,368.0908343682457,,4407526.591138387,71.2090777668125,599619.0882849634,23.100149243472412,-1,,,,,,,,unassigned,,,,,,,,,,,,
779,643,368.751255950764,368.75091536583653,,10300076.853009343,50.18147058829484,591191.9796234852,55.41777161075153,-1,,,,,,,,unassigned,,,,,,,,,,,,
780,644,370.08819332341494,370.0878515492492,,3707017.8053588024,170.1404050997217,612528.1785214951,19.46209757004462,-1,,,,,,,,unassigned,,,,,,,,,,,,
781,645,370.7483000981297,370.7479577368555,,2845870.565284102,169.70977942610682,520172.1795290536,15.298370285267872,-1,,,,,,,,unassigned,,,,,,,,,,,,
782,646,370.756355002048,370.75601263360994,,2186584.2487827498,46.757016930360955,529005.4072001706,11.624018761440023,-1,,,,,,,,unassigned,,,,,,,,,,,,
783,647,370.8690960928256,370.86875362411894,,26149101.78201402,183.57940645458376,589833.0312888591,139.283870423917,-1,,,,,,,,unassigned,,,,,,,,,,,,
784,649,371.8686662809938,371.8683229233598,,7058477.445452822,110.23943039465205,606351.1845101303,37.52597868023524,-1,,,,,,,,unassigned,,,,,,,,,,,,
785,650,372.6846145034294,372.68427042024643,,1782177.8040248053,93.0113750036582,597436.9430532231,9.36267252540693,-1,,,,,,,,unassigned,,,,,,,,,,,,
786,651,372.7522890215747,372.75194487821824,,2891968.73622192,116.34075700916779,537314.0748637178,15.473147342749622,-1,,,,,,,,unassigned,,,,,,,,,,,,
787,652,372.75424615096705,372.75390200587043,,5981390.2624159325,111.09371525991077,608749.4362299662,31.459870346714844,-1,,,,,,,,unassigned,,,,,,,,,,,,
788,653,372.86593498621244,372.8655907418076,,3460755.7134971158,184.2841944866267,593388.5898001464,18.3381466465466,-1,,,,,,,,unassigned,,,,,,,,,,,,
789,654,372.90221960863136,372.90187533196433,,2280528.2887363583,110.29549612303471,566088.2266166436,12.02466155474434,-1,,,,,,,,unassigned,,,,,,,,,,,,
790,655,374.7493512096381,374.7490052907994,,3764996.4052739036,254.15918903285498,555901.9019037896,19.755185251052474,-1,,,,,,,,unassigned,,,,,,,,,,,,
791,656,374.75220728990024,374.75186136852267,,5634381.0812050095,155.1405344814831,555537.2048211099,29.943343263334743,-1,,,,,,,,unassigned,,,,,,,,,,,,
792,657,374.76992499063607,374.76957905350855,,2355316.980332045,98.97845688545911,521629.42032649554,12.375560108611543,-1,,,,,,,,unassigned,,,,,,,,,,,,
793,658,374.9103199124774,374.9099738505491,,20896458.92540415,117.92293153341048,595162.3705814423,110.29776766002075,-1,,,,,,,,unassigned,,,,,,,,,,,,
794,659,375.90987354567744,375.9095265952817,,4465997.337679819,168.70804837179443,594355.7418714651,23.519614181428608,-1,,,,,,,,unassigned,,,,,,,,,,,,
795,660,376.70452606966876,376.7041784130134,,16669137.691498691,227.01352908588893,585671.5396411786,88.18443657186837,-1,,,,,,,,unassigned,,,,,,,,,,,,
796,661,376.72238928300783,376.72204161047705,,4417754.056482682,20.39527394898463,626627.111744894,23.48465876993226,-1,,,,,,,,unassigned,,,,,,,,,,,,
797,662,376.74638193428814,376.74603424043465,,1791378.5978862303,101.14265221412735,634879.7537599807,9.548205094118325,-1,,,,,,,,unassigned,,,,,,,,,,,,
798,663,376.75015061914445,376.74980292194164,,2248432.233309352,163.49339890846505,601884.1286543618,12.026005993648045,-1,,,,,,,,unassigned,,,,,,,,,,,,
799,664,376.7678150659895,376.767467353088,,1763068.9315430706,147.09033795552463,574761.1547794442,9.294106141317936,-1,,,,,,,,unassigned,,,,,,,,,,,,
800,665,376.7757388003948,376.77539108045136,,3286088.737018012,102.96956752621776,589410.8530399106,17.372839513685864,-1,,,,,,,,unassigned,,,,,,,,,,,,
801,666,376.90740727778604,376.907059440828,,6077248.477238912,106.25974826392641,591039.1595478323,32.43324411299781,-1,,,,,,,,unassigned,,,,,,,,,,,,
802,667,377.75373477707325,377.7533861880241,,3206833.5517332433,80.96491467897651,546847.4882045155,16.909008091907374,-1,,,,,,,,unassigned,,,,,,,,,,,,
803,669,378.7015795123783,378.7012300811182,,38919960.00693174,128.84874827358004,585968.0838806942,204.41924643065377,-1,,,,,,,,unassigned,,,,,,,,,,,,
804,670,378.720358305468,378.7200088575229,,9613311.332220813,50.934451206542526,615014.7531917142,50.50788073441809,-1,,,,,,,,unassigned,,,,,,,,,,,,
805,671,378.73804799227304,378.7376985286107,,1813796.8094541973,126.90620263076744,611788.414645279,9.567027238770207,-1,,,,,,,,unassigned,,,,,,,,,,,,
806,672,378.77280776488533,378.7724582703391,,6057878.430129573,78.31269318255443,592569.490894981,32.21275613279007,-1,,,,,,,,unassigned,,,,,,,,,,,,
807,673,378.9053123457961,378.90496273352136,,2591767.7550616604,131.97463056370614,538755.1868057839,13.744198912584011,-1,,,,,,,,unassigned,,,,,,,,,,,,
808,674,380.18494124334705,380.18459049423905,,1723506.2596936126,121.62807448978461,463498.0796448254,9.057484894265722,-1,,,,,,,,unassigned,,,,,,,,,,,,
809,675,380.69862979065135,380.6982785852288,,36661058.59844147,249.2781484265632,569801.327131011,197.66478537843602,-1,,,,,,,,unassigned,,,,,,,,,,,,
810,676,380.7174520028368,380.71710078069486,,3301724.753928034,95.4570908285709,565145.5539021685,17.679371583730777,-1,,,,,,,,unassigned,,,,,,,,,,,,
811,677,380.7183073825681,380.71795615966636,,10596365.520465279,78.49719835747486,596104.6560966752,55.643637346574096,-1,,,,,,,,unassigned,,,,,,,,,,,,
812,678,380.7360127133646,380.73566147473554,,7706918.06183219,101.00978981971217,585001.64214867,40.63432142560296,-1,,,,,,,,unassigned,,,,,,,,,,,,
813,679,380.76983168697933,380.7694804183098,,4907246.418120891,36.656987912140806,581593.2590706733,26.684423360751975,-1,,,,,,,,unassigned,,,,,,,,,,,,
814,680,381.1689225365938,381.1685709134312,,1536626.2807871848,152.88903717089758,627538.4618230894,8.144610878649509,-1,,,,,,,,unassigned,,,,,,,,,,,,
815,681,381.7475234772879,381.74717134021324,,4075998.7607402927,153.0672895679242,540795.3689270657,21.4411116362995,-1,,,,,,,,unassigned,,,,,,,,,,,,
816,682,382.6956790384556,382.69532605931107,,21464997.12436011,96.62882525318616,578127.9010508264,112.96513444497299,-1,,,,,,,,unassigned,,,,,,,,,,,,
817,683,382.71538649162704,382.7150334949811,,3299242.235413017,129.22308148584952,525995.8752371304,17.43065038654521,-1,,,,,,,,unassigned,,,,,,,,,,,,
818,684,382.7162981794285,382.715945181973,,3661600.7414732412,59.882923097494974,564899.6515867617,19.279253879140633,-1,,,,,,,,unassigned,,,,,,,,,,,,
819,685,382.7214847245312,382.7211317224697,,47489779.272517346,176.6503889164119,576098.3465230783,251.5068745940444,-1,,,,,,,,unassigned,,,,,,,,,,,,
820,686,382.73308257818087,382.73272956581974,,3074279.382405162,132.64879145012944,534928.6747705002,16.18704440061738,-1,,,,,,,,unassigned,,,,,,,,,,,,
821,687,382.7339858100634,382.7336327969002,,7750684.485802898,79.30399738691919,583872.3858318169,41.12907494216669,-1,,,,,,,,unassigned,,,,,,,,,,,,
822,688,382.7669003051288,382.7665472627357,,2184138.3426789707,293.80389476864923,523465.9162695141,11.658974172936372,-1,,,,,,,,unassigned,,,,,,,,,,,,
823,689,382.77880442794697,382.77845137498235,,2795037.440603216,141.5175698780389,558520.2951471783,15.00393816535631,-1,,,,,,,,unassigned,,,,,,,,,,,,
824,691,384.6927297320689,384.69237497964065,,7347011.599616124,104.7980512825283,548354.1363456658,38.68757389303702,-1,,,,,,,,unassigned,,,,,,,,,,,,
825,692,384.7185297674026,384.718174992068,,109934990.86910668,105.81655370502102,581927.9795206176,578.560460065123,-1,,,,,,,,unassigned,,,,,,,,,,,,
826,693,384.73105577403066,384.730700987575,,2456778.164733985,70.36550591367153,611327.2159088256,13.209112228909117,-1,,,,,,,,unassigned,,,,,,,,,,,,
827,694,384.7319168520949,384.7315620648747,,2400344.0688582966,119.49130012895793,591203.7247988725,12.863591430656736,-1,,,,,,,,unassigned,,,,,,,,,,,,
828,695,384.7758679001819,384.77551307394043,,3124410.6441696533,70.18970486795828,566030.4499561851,16.676420161566277,-1,,,,,,,,unassigned,,,,,,,,,,,,
829,696,384.8079026740791,384.80754781939623,,1708580.9433652554,124.7930075870145,587581.7469700392,9.294106141317936,-1,,,,,,,,unassigned,,,,,,,,,,,,
830,697,384.88475969822065,384.88440477530224,,15278253.602377284,113.12626472720481,570240.2108286386,82.43023806400771,-1,,,,,,,,unassigned,,,,,,,,,,,,
831,698,385.0329655131144,385.0326104586171,,2516878.384548966,81.74941719200547,532939.6235197124,13.40136699213904,-1,,,,,,,,unassigned,,,,,,,,,,,,
832,699,385.7412050705259,385.7408493872785,,1663636.344810987,102.3008972821319,544049.3879179112,8.939174270739615,-1,,,,,,,,unassigned,,,,,,,,,,,,
833,700,385.7819869501569,385.78163123070647,,2335985.6321856375,82.75412305672407,570853.633086703,12.399760008878248,-1,,,,,,,,unassigned,,,,,,,,,,,,
834,701,385.8843292789081,385.8839734686068,,3792956.5206685923,159.7301379861908,546420.7798445052,20.18540570023832,-1,,,,,,,,unassigned,,,,,,,,,,,,
835,702,386.715582576542,386.7152260283669,,112738894.13032512,74.33571566541276,576806.4951909733,592.9298230679302,-1,,,,,,,,unassigned,,,,,,,,,,,,
836,703,386.7728813759822,386.7725247769478,,2527888.6696207398,168.89726629477474,540011.9963454407,13.651432628228312,-1,,,,,,,,unassigned,,,,,,,,,,,,
837,704,386.8816247430566,386.88126804750095,,2405460.3460152424,136.36798055120946,630844.6988963428,12.639070133737873,-1,,,,,,,,unassigned,,,,,,,,,,,,
838,705,387.0089657325536,387.00860892397094,,2480911.802899473,194.01929329485685,543935.0977639097,13.101557116612655,-1,,,,,,,,unassigned,,,,,,,,,,,,
839,706,387.03004147489986,387.02968464761074,,2282677.4082032167,109.0763476816979,614038.2845635766,12.12952778923339,-1,,,,,,,,unassigned,,,,,,,,,,,,
840,708,387.1214038614832,387.12104695310273,,13147577.19093986,124.68798640652966,569856.7253565356,70.23348832958904,-1,,,,,,,,unassigned,,,,,,,,,,,,
841,709,387.2100312237959,387.2096742367526,,2634472.516258875,57.997883925220144,522269.9643252361,13.894776069799056,-1,,,,,,,,unassigned,,,,,,,,,,,,
842,710,388.12470671540353,388.1243489165734,,2213425.5852257065,124.34776666202414,549368.0421307292,11.913073125736762,-1,,,,,,,,unassigned,,,,,,,,,,,,
843,711,388.7126366677563,388.71227834717916,,61772280.85462735,134.33619362860165,563610.9946179696,328.55935704322906,-1,,,,,,,,unassigned,,,,,,,,,,,,
844,712,388.84767976916305,388.84732132874984,,2175482.222276984,85.47324547735452,596113.6010684266,11.728884995929072,-1,,,,,,,,unassigned,,,,,,,,,,,,
845,713,388.92598382386217,388.92562531396356,,4870641.448461412,96.15578384380231,529363.8828359093,25.875071140721104,-1,,,,,,,,unassigned,,,,,,,,,,,,
846,714,389.11845548872833,389.11809680803725,,13350896.788363315,113.6211498229276,567089.3466576996,70.80353042476028,-1,,,,,,,,unassigned,,,,,,,,,,,,
847,715,389.77576470289983,389.77540543896686,,5287843.274616428,171.906284153566,521127.1302962252,28.66343742700686,-1,,,,,,,,unassigned,,,,,,,,,,,,
848,716,390.1218483657421,390.1214887947423,,2400205.2966807107,83.23774288426353,527296.212017704,12.604114722241523,-1,,,,,,,,unassigned,,,,,,,,,,,,
849,717,390.70968866242805,390.70932856989003,,19461760.55849984,104.92319814100213,571546.554462275,102.5860661083645,-1,,,,,,,,unassigned,,,,,,,,,,,,
850,718,391.0241362175169,391.0237758460134,,1712966.5315366865,99.92120893829701,499216.6122169414,8.995640704695257,-1,,,,,,,,unassigned,,,,,,,,,,,,
851,719,391.11549140631746,391.1151309537692,,4054113.923500359,41.235362361417096,550184.7182360373,21.734199317307358,-1,,,,,,,,unassigned,,,,,,,,,,,,
852,720,392.70674713968197,392.706385275617,,4592611.039281088,131.05472378245585,548202.5200042167,24.740364705993443,-1,,,,,,,,unassigned,,,,,,,,,,,,
853,721,393.01981188223766,393.01944974050275,,1574812.4177935098,117.44371860906307,653075.3516176837,8.507609382650065,-1,,,,,,,,unassigned,,,,,,,,,,,,
854,722,393.2781082139607,393.27774584314034,,2278088.0559465764,132.21772257357708,497410.1759793571,12.142972178270448,-1,,,,,,,,unassigned,,,,,,,,,,,,
855,723,394.16411480575516,394.1637516491831,,3480305.6007033046,129.09319587733353,589945.8563530027,18.297813479435426,-1,,,,,,,,unassigned,,,,,,,,,,,,
856,724,394.6754593660175,394.6750957560007,,2086736.9674174136,142.75868878842115,587043.3911307434,10.988099159987197,-1,,,,,,,,unassigned,,,,,,,,,,,,
857,725,395.6004378223836,395.60007339219743,,2075247.1252673208,147.6135535363278,502794.25679799035,11.086243199957718,-1,,,,,,,,unassigned,,,,,,,,,,,,
858,726,396.16112573137315,396.1607608040764,,1775673.17033321,127.91002260805803,558063.2991740158,9.331750430621698,-1,,,,,,,,unassigned,,,,,,,,,,,,
859,728,396.67266328814935,396.6722979073494,,2230121.7220802596,136.90227569857055,466397.0156201205,11.984328387633166,-1,,,,,,,,unassigned,,,,,,,,,,,,
860,729,396.6743354106269,396.67397002834457,,3214631.2237860034,101.8260293944051,576939.5265489542,16.8915303861592,-1,,,,,,,,unassigned,,,,,,,,,,,,
861,730,397.22178268645655,397.2214168188672,,1566881.4876927922,55.46957890158174,549023.3003004318,8.296532474768261,-1,,,,,,,,unassigned,,,,,,,,,,,,
862,731,398.6713779701139,398.67101081763127,,4187123.2519185906,161.22789222396452,588871.7140955528,21.95199841970769,-1,,,,,,,,unassigned,,,,,,,,,,,,
863,732,398.6954377988753,398.6950706250684,,4146742.1995735336,172.22363044145624,533611.4586306794,22.33650794616754,-1,,,,,,,,unassigned,,,,,,,,,,,,
864,733,398.9004366511522,398.90006929565754,,4513480.306144933,152.6300167567923,541236.0769936836,23.699768994525183,-1,,,,,,,,unassigned,,,,,,,,,,,,
865,735,399.9000324479228,399.89966420656583,,1551682.5882309834,107.34832791327136,473980.16443493014,8.142594220293951,-1,,,,,,,,unassigned,,,,,,,,,,,,
866,737,400.6667632923851,400.6663943716102,,1635885.7498976856,116.71080363576638,448356.0326449081,8.65818653986511,-1,,,,,,,,unassigned,,,,,,,,,,,,
867,738,400.66847176508196,400.6681028427932,,2022961.9960231318,57.83496942033968,631747.9914682992,10.66677826200152,-1,,,,,,,,unassigned,,,,,,,,,,,,
868,739,400.6924867308783,400.69211778731034,,10743315.90042269,140.03879371633653,553515.209093393,56.961187472205744,-1,,,,,,,,unassigned,,,,,,,,,,,,
869,740,400.7729663623551,400.7725973474762,,1593654.7424056167,160.66082270801624,403114.94110559276,8.4457651930796,-1,,,,,,,,unassigned,,,,,,,,,,,,
870,741,401.0437196769274,401.04335042214643,,2558381.955990585,139.95684287686802,536221.6158751306,13.51295542114662,-1,,,,,,,,unassigned,,,,,,,,,,,,
871,742,402.6895229879604,402.68915227508205,,9547564.954207793,154.3660665874347,564306.94500845,50.20134866437317,-1,,,,,,,,unassigned,,,,,,,,,,,,
872,743,402.8294944084524,402.8291235715803,,4672121.06010098,135.0679708305543,512209.6489848322,24.61129857123769,-1,,,,,,,,unassigned,,,,,,,,,,,,
873,745,404.6865951417778,404.68622265999676,,6658898.586913878,119.44460635206225,524914.5761188891,35.64107533723976,-1,,,,,,,,unassigned,,,,,,,,,,,,
874,746,404.8266071656864,404.8262345599065,,3649542.2297867965,224.64726920893844,565800.2727603207,19.22009856737758,-1,,,,,,,,unassigned,,,,,,,,,,,,
875,747,404.83766387092106,404.8372912553491,,19103582.706931993,122.19144990195302,545450.9939448148,100.32740875013882,-1,,,,,,,,unassigned,,,,,,,,,,,,
876,748,405.64036253128705,405.6399892048635,,2152651.9648405896,120.9538665517599,514803.74580037815,11.317486691395109,-1,,,,,,,,unassigned,,,,,,,,,,,,
877,749,405.837214214369,405.836840713629,,3544614.313107602,152.18143417594524,561604.2378456099,18.80870026284362,-1,,,,,,,,unassigned,,,,,,,,,,,,
878,750,406.68365541217696,406.6832811619433,,2116660.4793852437,71.17052331140907,607604.6112660216,11.141365195009653,-1,,,,,,,,unassigned,,,,,,,,,,,,
879,751,406.8009244795497,406.80055012548456,,3768516.123687827,173.42395586719425,530791.9097068781,20.15045028874197,-1,,,,,,,,unassigned,,,,,,,,,,,,
880,752,406.82363854911614,406.82326417493994,,1925307.055478812,125.06547346528886,521841.6799806531,10.11152499477104,-1,,,,,,,,unassigned,,,,,,,,,,,,
881,753,406.8347132484539,406.8343388644721,,11183853.16508721,173.68801633752636,503516.16528473125,60.37606228761838,-1,,,,,,,,unassigned,,,,,,,,,,,,
882,754,406.8458015170005,406.8454271232012,,5445087.449651069,179.38153184071055,575033.8710138723,28.644615282354977,-1,,,,,,,,unassigned,,,,,,,,,,,,
883,755,407.8343149900534,407.833939721078,,2290929.745654939,131.8018593254838,523601.03992689814,12.288171579870669,-1,,,,,,,,unassigned,,,,,,,,,,,,
884,756,407.84532524302875,407.8449499643061,,2487394.2174250716,118.23848449006043,532337.4964471391,13.094834922094126,-1,,,,,,,,unassigned,,,,,,,,,,,,
885,757,408.79795993023265,408.7975838082022,,3173796.573042946,143.52243758558677,568850.6074507653,16.824308440973912,-1,,,,,,,,unassigned,,,,,,,,,,,,
886,758,408.8316648821548,408.83128873028926,,2223755.4093625294,178.96835746561123,468463.8990259397,11.856606691781119,-1,,,,,,,,unassigned,,,,,,,,,,,,
887,759,408.8428599545649,408.8424837927898,,1925435.9946971235,193.2502230608939,499714.88803346886,10.114213872578452,-1,,,,,,,,unassigned,,,,,,,,,,,,
888,760,408.9902446115318,408.98986831929585,,8176222.6784163555,114.00111259109923,530771.2731639713,42.94675633997688,-1,,,,,,,,unassigned,,,,,,,,,,,,
889,761,409.02222539152507,409.021849070981,,3189334.695357982,178.7590015744337,560653.7292400977,17.020596520914953,-1,,,,,,,,unassigned,,,,,,,,,,,,
890,762,409.09344270554277,409.09306632196024,,3000517.777261514,159.3044467782678,517182.6094968207,15.785057168409358,-1,,,,,,,,unassigned,,,,,,,,,,,,
891,763,409.63416494373865,409.6337880815506,,2738157.37576275,96.75650969302181,546915.316796407,14.401629536496127,-1,,,,,,,,unassigned,,,,,,,,,,,,
892,765,410.79515896641385,410.7947810767127,,1537110.9725819617,84.98649481080093,474296.0126512455,8.118394320027248,-1,,,,,,,,unassigned,,,,,,,,,,,,
893,766,410.81719487722677,410.8168169680247,,2275108.749692548,43.247699907703236,633622.280743997,12.448159809411655,-1,,,,,,,,unassigned,,,,,,,,,,,,
894,767,410.9872909211417,410.98691286141263,,5458002.127574746,91.49947444863693,562858.3519860435,28.63385977112533,-1,,,,,,,,unassigned,,,,,,,,,,,,
895,769,411.6879851319225,411.68760645214553,,1545305.3078899533,102.12794184376013,470918.430896453,8.2588881854645,-1,,,,,,,,unassigned,,,,,,,,,,,,
896,770,413.6279701692693,413.6275897730721,,1787005.6529575118,155.43769892275324,433415.7731342836,9.532744046725709,-1,,,,,,,,unassigned,,,,,,,,,,,,
897,771,414.6970594429277,414.6966781010208,,2221076.6918393173,119.38880550273427,545660.1304800124,11.69124070662531,-1,,,,,,,,unassigned,,,,,,,,,,,,
898,772,414.70180246271843,414.70142111661613,,1690389.1054306505,64.06297413481339,613973.2842535618,8.906907737050677,-1,,,,,,,,unassigned,,,,,,,,,,,,
899,773,415.1527260300729,415.15234428512446,,6027805.490519533,108.52285657816132,553083.5888736773,31.817491095100575,-1,,,,,,,,unassigned,,,,,,,,,,,,
900,774,415.17436248742973,415.17398072334424,,1598086.8315869204,185.72092281620252,429080.0821758971,8.398037611998046,-1,,,,,,,,unassigned,,,,,,,,,,,,
901,775,416.69887904285474,416.69849593048946,,4018762.087767919,213.02534488806936,508715.7141176865,21.26364570101034,-1,,,,,,,,unassigned,,,,,,,,,,,,
902,776,416.84521019202003,416.8448269502532,,3089164.753000484,99.19206967612728,521464.88785647706,16.80279741851462,-1,,,,,,,,unassigned,,,,,,,,,,,,
903,777,417.1497670615115,417.14938355043074,,6468777.938045922,124.96723583552478,517594.13213366515,33.97934885225944,-1,,,,,,,,unassigned,,,,,,,,,,,,
904,778,417.67327001859394,417.67288604461316,,6214039.15830465,80.3003611967067,530539.1629652777,33.71046107151829,-1,,,,,,,,unassigned,,,,,,,,,,,,
905,779,417.71068706035396,417.71030305328884,,2182402.6090645,247.76749493949995,462223.7962446027,11.468063848610154,-1,,,,,,,,unassigned,,,,,,,,,,,,
906,780,417.85200181821426,417.85161768619935,,2857719.212127193,161.9340242027669,447480.2242228874,14.999904848645192,-1,,,,,,,,unassigned,,,,,,,,,,,,
907,781,418.6959092925103,418.69552441436247,,4814529.120892143,198.2000605303776,512384.4941143599,25.294273534320215,-1,,,,,,,,unassigned,,,,,,,,,,,,
908,782,418.84226464626994,418.8418796387314,,2606083.910504359,37.586319634762575,529006.4324246147,13.955275820465815,-1,,,,,,,,unassigned,,,,,,,,,,,,
909,783,418.85333347331624,418.85294845599196,,8775409.841001365,129.2554524434657,533763.1864232388,47.67380352540634,-1,,,,,,,,unassigned,,,,,,,,,,,,
910,784,419.70856296441605,419.70817719104355,,3110624.172869165,198.79577740819815,506927.21624882176,16.58365387721058,-1,,,,,,,,unassigned,,,,,,,,,,,,
911,785,419.85287273746144,419.8524868365227,,1572736.530879799,141.21693118640542,508596.45384678786,8.316699058323847,-1,,,,,,,,unassigned,,,,,,,,,,,,
912,786,420.67189760136483,420.67151097647246,,3232170.7341981647,167.2916855786435,505716.3850615564,16.956063453537077,-1,,,,,,,,unassigned,,,,,,,,,,,,
913,787,420.68267633444765,420.68228970002815,,2134783.4688806874,54.38725650555979,614452.946379267,11.227409284846823,-1,,,,,,,,unassigned,,,,,,,,,,,,
914,788,420.69300025728216,420.69261361373765,,2383311.2097099503,98.3816248333098,521719.7044918618,12.81788050793074,-1,,,,,,,,unassigned,,,,,,,,,,,,
915,789,420.71874734074663,420.71836067444497,,2296241.4580841335,77.04055391200328,505381.3455189338,12.16717207853715,-1,,,,,,,,unassigned,,,,,,,,,,,,
916,790,420.8503582951837,420.84997151255584,,6584242.115600723,155.84543470735812,534322.4295622632,34.60585738138633,-1,,,,,,,,unassigned,,,,,,,,,,,,
917,791,420.86148813437444,420.8611013419094,,2573187.043286332,186.29583796304163,544668.9713031576,13.654121506035723,-1,,,,,,,,unassigned,,,,,,,,,,,,
918,792,421.6670190351528,421.6666315307506,,8797425.205757255,303.53677915599724,509840.8350716043,46.323986866085754,-1,,,,,,,,unassigned,,,,,,,,,,,,
919,793,422.66988144589084,422.6694930552476,,12332017.631411474,218.6212628354836,509526.1805586514,66.82936902540604,-1,,,,,,,,unassigned,,,,,,,,,,,,
920,794,422.6796832748964,422.67929487559167,,2707169.569225929,71.08258579901332,498475.44045493985,14.221474723399556,-1,,,,,,,,unassigned,,,,,,,,,,,,
921,795,422.7158117157069,422.7154232844772,,6834079.817485204,182.33423328306958,541172.3535255067,36.450427557270636,-1,,,,,,,,unassigned,,,,,,,,,,,,
922,796,423.0742984148728,423.07390966687296,,214930729.7404924,111.80973571814091,529996.4239414204,1130.7914286400724,-1,,,,,,,,unassigned,,,,,,,,,,,,
923,798,424.0738665398852,424.07347690871035,,54163359.012205586,181.51628605518644,523363.616681924,285.58033416956323,-1,,,,,,,,unassigned,,,,,,,,,,,,
924,799,424.0776560410516,424.0772664065288,,22627543.266849052,110.01333639396432,526959.3787133364,119.2893750480049,-1,,,,,,,,unassigned,,,,,,,,,,,,
925,800,424.15384582775675,424.15345612592046,,2185295.0579767185,171.7696822507962,449785.3760316174,11.484197115454624,-1,,,,,,,,unassigned,,,,,,,,,,,,
926,802,424.667841372197,424.66745121626394,,18408635.49340758,183.06846380787883,513859.6875629476,99.94021034587156,-1,,,,,,,,unassigned,,,,,,,,,,,,
927,803,424.7128526718275,424.71246247612993,,6879002.698964445,153.82331793969206,525801.7938382569,37.316246211257145,-1,,,,,,,,unassigned,,,,,,,,,,,,
928,804,424.83286498436837,424.83247468264904,,2286726.726432381,99.43322212011674,460042.2979285144,12.188683100996442,-1,,,,,,,,unassigned,,,,,,,,,,,,
929,805,424.8563803949755,424.85599007248214,,33768322.51444675,143.76049519228891,525013.3628519918,177.6595344912943,-1,,,,,,,,unassigned,,,,,,,,,,,,
930,806,425.06432636673566,425.0639358605421,,4156882.7347702715,41.469016106404666,553057.705722875,22.04073138735227,-1,,,,,,,,unassigned,,,,,,,,,,,,
931,807,425.07132091163885,425.07093039926633,,77665691.92706512,164.5868225315438,492092.8809733189,408.7094267265518,-1,,,,,,,,unassigned,,,,,,,,,,,,
932,809,425.0772080361124,425.0768175185393,,5115472.713715478,72.89570618870665,520718.0785715166,27.67661927168683,-1,,,,,,,,unassigned,,,,,,,,,,,,
933,810,425.0785376752722,425.07814715652444,,3202874.463586523,43.52228022232586,521889.69860661187,16.91707472532961,-1,,,,,,,,unassigned,,,,,,,,,,,,
934,812,425.66080194412416,425.66041091102824,,5624363.047523797,121.85101792140465,502956.91105477005,29.60185578179348,-1,,,,,,,,unassigned,,,,,,,,,,,,
935,813,425.8559764702913,425.8555852647946,,8612458.946671193,180.93548022224803,524207.8344681947,45.425901678410305,-1,,,,,,,,unassigned,,,,,,,,,,,,
936,814,426.0708872011956,426.0704958058697,,18804609.88080098,214.5190669057965,493457.22553751554,99.82189972234545,-1,,,,,,,,unassigned,,,,,,,,,,,,
937,815,426.074679568447,426.07428816977136,,8306847.6143882265,116.3504802998564,487712.8195703996,43.683508859207635,-1,,,,,,,,unassigned,,,,,,,,,,,,
938,816,426.15080102946706,426.1504095635551,,2703943.740464353,114.25694387168107,498327.67478107475,14.256430134895906,-1,,,,,,,,unassigned,,,,,,,,,,,,
939,817,426.6657956201344,426.66540369935643,,12336724.980692875,393.39629937097624,517266.6774227616,66.44217062113879,-1,,,,,,,,unassigned,,,,,,,,,,,,
940,818,426.70988458165976,426.7094926219418,,4064087.962721439,199.518286514397,528319.1674118335,21.49757807025514,-1,,,,,,,,unassigned,,,,,,,,,,,,
941,819,426.819643128457,426.8192510717998,,2176922.780023151,206.60504717637403,448363.71589853184,11.530580257632472,-1,,,,,,,,unassigned,,,,,,,,,,,,
942,820,426.8533810795401,426.8529889930856,,13103676.005950265,133.3871090938833,478855.8799608604,69.44295825421004,-1,,,,,,,,unassigned,,,,,,,,,,,,
943,821,427.0613814931424,427.0609892229853,,4133856.1671335273,144.0262702389395,538702.8270430809,21.93317627505581,-1,,,,,,,,unassigned,,,,,,,,,,,,
944,822,427.06817977650934,427.06778750034823,,11387131.74200925,191.46298559646544,521505.79471521213,59.98886388335112,-1,,,,,,,,unassigned,,,,,,,,,,,,
945,825,427.8529667856052,427.85257381637643,,2671820.7196644396,188.67157533114315,452233.3773578794,14.037286593591867,-1,,,,,,,,unassigned,,,,,,,,,,,,
946,826,428.0677344024087,428.0673412435244,,3220817.778687594,215.95784520073565,503246.6225277934,17.43333926435262,-1,,,,,,,,unassigned,,,,,,,,,,,,
947,827,428.66375402955333,428.6633603443667,,3663067.051211765,183.71553564173362,522523.83019389084,19.54007502645955,-1,,,,,,,,unassigned,,,,,,,,,,,,
948,828,428.7070230250793,428.7066293016864,,1673245.2905329491,106.12687864851046,568500.7681577405,8.775152724487512,-1,,,,,,,,unassigned,,,,,,,,,,,,
949,829,428.8278092463446,428.8274154162994,,2644485.1932357755,197.8576238807882,470254.1557906275,14.284663351873727,-1,,,,,,,,unassigned,,,,,,,,,,,,
950,830,428.85019659635475,428.849802746542,,2010235.8425984255,134.9179398317415,522728.0996754748,10.69501147897934,-1,,,,,,,,unassigned,,,,,,,,,,,,
951,831,429.0583170630668,429.05792302949123,,2029407.8653458413,85.29729819637888,519576.5284212102,10.801222152372096,-1,,,,,,,,unassigned,,,,,,,,,,,,
952,832,429.6546247887429,429.6542302286757,,1587559.5068134745,123.03027091404645,506451.71199285064,8.497526090872272,-1,,,,,,,,unassigned,,,,,,,,,,,,
953,833,430.6432567738333,430.64286134097006,,2079490.0309479607,49.5302292960711,552920.1046863409,10.986754721083491,-1,,,,,,,,unassigned,,,,,,,,,,,,
954,834,430.8247968648004,430.8244012716795,,1561698.5099648421,56.40771345948058,481963.9464198515,8.2588881854645,-1,,,,,,,,unassigned,,,,,,,,,,,,
955,835,430.83589393350917,430.83549833059226,,15196755.594177783,110.03789107957597,520855.76961646567,79.90269292504088,-1,,,,,,,,unassigned,,,,,,,,,,,,
956,836,431.8354132460033,431.8350167608094,,4447359.14895144,159.9825145888275,511456.7805062445,23.447014480628496,-1,,,,,,,,unassigned,,,,,,,,,,,,
957,837,432.64039325682796,432.6399960611572,,1673287.6197726303,79.76759048995504,494026.47734098125,8.999001801954522,-1,,,,,,,,unassigned,,,,,,,,,,,,
958,838,432.70800591374,432.7076086583974,,2562375.7076854077,93.96551640874407,480394.46048404,13.486066643072503,-1,,,,,,,,unassigned,,,,,,,,,,,,
959,839,432.83278440986936,432.8323870444044,,3413201.2303176117,70.60090191792541,505731.36598336144,17.907926197360755,-1,,,,,,,,unassigned,,,,,,,,,,,,
960,840,432.86890820930125,432.8685108119558,,2044139.8696571742,76.24996555629647,401872.58344818966,10.797188835660979,-1,,,,,,,,unassigned,,,,,,,,,,,,
961,841,434.6632034648136,434.6628044841219,,13174147.328037445,75.07186868030259,519199.68325682735,70.12055546167775,-1,,,,,,,,unassigned,,,,,,,,,,,,
962,842,434.7051253154844,434.7047262978038,,1547818.8432453587,342.20457892623256,385185.1124844589,8.168810778916214,-1,,,,,,,,unassigned,,,,,,,,,,,,
963,844,436.66023844492065,436.6598377023957,,35920691.780357,184.3415199153103,506442.87458612,190.50161489949173,-1,,,,,,,,unassigned,,,,,,,,,,,,
964,845,437.0899358951865,437.0895347736294,,10408215.46616142,143.80998810243324,482568.41635345825,56.26207924227875,-1,,,,,,,,unassigned,,,,,,,,,,,,
965,846,437.7217877148174,437.7213860359465,,3977617.516697019,64.68325708224144,514666.986546942,21.096935276950827,-1,,,,,,,,unassigned,,,,,,,,,,,,
966,847,438.0894996758136,438.0890976726292,,2453402.7503159936,97.89629930373945,515423.873347125,12.87165806407897,-1,,,,,,,,unassigned,,,,,,,,,,,,
967,848,438.65729315853866,438.65689065460253,,40320202.27099416,168.27118774191854,497404.34243706753,219.15429681526894,-1,,,,,,,,unassigned,,,,,,,,,,,,
968,849,438.87204379042805,438.87164109710704,,23847752.095262405,293.1279525747962,501051.8332338881,129.05537924452355,-1,,,,,,,,unassigned,,,,,,,,,,,,
969,850,439.0869630302055,439.086560147356,,3639622.4060675353,279.0341872828919,491818.787655421,19.249676223259108,-1,,,,,,,,unassigned,,,,,,,,,,,,
970,851,439.71883048634754,439.7184270463096,,4161441.984461845,91.02810413991295,451056.8482560987,22.511285003649288,-1,,,,,,,,unassigned,,,,,,,,,,,,
971,852,439.8716129540637,439.87120937930695,,6718586.648020416,98.90679576933451,494586.43014176417,35.38563194553567,-1,,,,,,,,unassigned,,,,,,,,,,,,
972,853,440.65434757628014,440.6539433113726,,26171624.647017334,339.2786868690735,493754.1803083224,142.16634743346216,-1,,,,,,,,unassigned,,,,,,,,,,,,
973,854,440.68014490657595,440.6797406189235,,36718449.85086536,332.03539397023394,506545.2944708862,195.66426028972185,-1,,,,,,,,unassigned,,,,,,,,,,,,
974,855,440.681796148293,440.68139185918477,,1617041.7039110013,108.80074481947838,453023.35744386964,8.489459457450037,-1,,,,,,,,unassigned,,,,,,,,,,,,
975,856,440.8351792709078,440.8347748465673,,1788775.9642798319,183.37520261716958,363336.71865094814,9.407039009229221,-1,,,,,,,,unassigned,,,,,,,,,,,,
976,857,440.86903950527994,440.8686350510865,,9818328.808830641,157.64585400246702,477847.36190327397,51.67485370283469,-1,,,,,,,,unassigned,,,,,,,,,,,,
977,858,441.71583759244874,441.71543239171467,,2335082.6159536624,68.51211281883803,498047.3283388866,12.639070133737873,-1,,,,,,,,unassigned,,,,,,,,,,,,
978,859,441.86864939557506,441.8682440601299,,2309011.0670129023,66.03790190614598,468467.41080472677,12.461604198448713,-1,,,,,,,,unassigned,,,,,,,,,,,,
979,860,442.65139400972595,442.6509879842934,,10484767.914857598,106.0367953354886,500713.4183451351,56.47181171125685,-1,,,,,,,,unassigned,,,,,,,,,,,,
980,861,442.67719304866546,442.6767870004923,,102463365.93817544,89.19509893890117,505779.6696404176,540.1417739528272,-1,,,,,,,,unassigned,,,,,,,,,,,,
981,862,442.67877957563627,442.6783735260647,,2427257.3022212205,45.19733460261996,519931.8248352813,13.815454174480415,-1,,,,,,,,unassigned,,,,,,,,,,,,
982,863,442.84337028862905,442.84296409398024,,2071127.2076576038,138.18173290853167,474574.7147186079,11.162876217468947,-1,,,,,,,,unassigned,,,,,,,,,,,,
983,864,443.71292376825824,443.71251680719786,,1704859.8145970732,150.2657878557702,495939.9792152011,9.10588469479913,-1,,,,,,,,unassigned,,,,,,,,,,,,
984,865,444.64846439066963,444.6480566051306,,3118295.991185763,130.03761600482488,479994.3249721324,16.93186355327037,-1,,,,,,,,unassigned,,,,,,,,,,,,
985,866,444.6742455501904,444.6738377419321,,118753095.1020325,175.02744022736817,503887.1584364864,624.0347615440667,-1,,,,,,,,unassigned,,,,,,,,,,,,
986,867,444.67583624447786,444.6754284348179,,1702636.107080017,93.45237379111134,528401.3330342902,9.454094370858922,-1,,,,,,,,unassigned,,,,,,,,,,,,
987,868,444.85155478145816,444.8511468169512,,7835579.4720171,118.14588037396067,489627.0481652572,42.12127085310154,-1,,,,,,,,unassigned,,,,,,,,,,,,
988,870,445.85113484409175,445.85072599879805,,2377060.8680787194,139.10822800268676,486098.55934603856,12.625625744700816,-1,,,,,,,,unassigned,,,,,,,,,,,,
989,871,445.88079787923147,445.8803890078017,,1769126.7411414564,76.96035230850218,487336.812401012,9.319650480488345,-1,,,,,,,,unassigned,,,,,,,,,,,,
990,872,446.67129891154514,446.6708893436405,,80121378.6753385,145.75280763530648,498946.7991363391,423.6810983582192,-1,,,,,,,,unassigned,,,,,,,,,,,,
991,873,448.66835411125936,448.6679427841463,,30279529.204308305,102.12224207472917,495238.16475849587,161.92422156232203,-1,,,,,,,,unassigned,,,,,,,,,,,,
992,874,448.8464709316444,448.84605944764934,,21384629.831259638,172.2854546754474,490998.4457440853,113.35233284924026,-1,,,,,,,,unassigned,,,,,,,,,,,,
993,875,449.0707654582347,449.0703537766902,,1603612.7188654675,54.71483244815479,504572.39518753206,8.504920504842653,-1,,,,,,,,unassigned,,,,,,,,,,,,
994,876,449.17403672323337,449.17362495073354,,12442772.259213047,241.97009265011897,483475.4416320485,67.22732294090295,-1,,,,,,,,unassigned,,,,,,,,,,,,
995,877,449.8460582347802,449.84564587043207,,6682170.376873808,52.86616834241408,494464.0579407593,35.506631446869186,-1,,,,,,,,unassigned,,,,,,,,,,,,
996,879,450.1904254190549,450.1900127514424,,3171998.900500362,152.57029132151115,491686.501025417,16.7275088399071,-1,,,,,,,,unassigned,,,,,,,,,,,,
997,880,450.63707133699745,450.63665827606906,,2098503.729550119,140.38550165845413,425525.828506143,11.253625843469084,-1,,,,,,,,unassigned,,,,,,,,,,,,
998,881,450.6654152335896,450.66500214770235,,8229066.379254623,155.78300874009344,483508.4424602369,44.47403893458662,-1,,,,,,,,unassigned,,,,,,,,,,,,
999,882,450.8432896073053,450.84287636478876,,3900905.238243746,100.8765520005903,517974.2915764875,20.478493381246174,-1,,,,,,,,unassigned,,,,,,,,,,,,
1000,883,450.8905477168213,450.89013443269164,,1931561.2743841356,229.00112499459598,436193.4801625485,10.350162900178812,-1,,,,,,,,unassigned,,,,,,,,,,,,
1001,884,451.17111042675384,451.1706968955801,,4375098.3418666655,129.77067479733432,503359.0709808184,23.366348146406153,-1,,,,,,,,unassigned,,,,,,,,,,,,
1002,885,452.63423910014285,452.6338242807796,,2954813.4764840393,151.16054142236942,492168.73940167745,15.82270145771312,-1,,,,,,,,unassigned,,,,,,,,,,,,
1003,886,452.66248429560886,452.6620694513799,,1758500.096374936,111.95495494505356,474415.8710131922,9.386872425673634,-1,,,,,,,,unassigned,,,,,,,,,,,,
1004,887,452.88771205299594,452.8872970104903,,9643671.635140307,181.17539037284394,477089.216985283,52.105074152020535,-1,,,,,,,,unassigned,,,,,,,,,,,,
1005,888,453.71694111167074,453.7165253392108,,1574822.8960946037,110.5170517581326,400748.39123496215,8.348965592012785,-1,,,,,,,,unassigned,,,,,,,,,,,,
1006,889,453.88723648878675,453.8868205664285,,2563568.69145469,129.9416982870291,477904.06261746766,13.791254274213712,-1,,,,,,,,unassigned,,,,,,,,,,,,
1007,890,454.63119099388877,454.63077441672027,,3161599.771260668,369.7614576895088,458814.63504265546,16.887497069448084,-1,,,,,,,,unassigned,,,,,,,,,,,,
1008,891,454.63301761277364,454.6326010339975,,3478471.7073196424,114.67556151256984,493021.7493084184,18.65274535001375,-1,,,,,,,,unassigned,,,,,,,,,,,,
1009,892,454.8847514863073,454.88433468597515,,4132992.3529956224,234.32541284424224,478952.84961249854,22.086442310078265,-1,,,,,,,,unassigned,,,,,,,,,,,,
1010,893,456.6283509165854,456.6279325818681,,1863184.8725015842,76.4914119432488,523180.8740118334,9.928681303867057,-1,,,,,,,,unassigned,,,,,,,,,,,,
1011,894,456.6300180791656,456.6295997429813,,3160568.620013927,86.4554888846009,479668.7049212042,17.1953735783967,-1,,,,,,,,unassigned,,,,,,,,,,,,
1012,895,456.65401691447295,456.65359855717173,,3726227.5307373963,309.26646276129145,435271.5047791429,19.771318517896944,-1,,,,,,,,unassigned,,,,,,,,,,,,
1013,896,457.71075809489946,457.71033880782136,,2312981.920657031,172.5991514144502,414837.5723883597,12.362115719574486,-1,,,,,,,,unassigned,,,,,,,,,,,,
1014,898,458.6254459279047,458.62502583613514,,2769713.28909921,117.13827800301532,500936.2744714816,14.573717716170465,-1,,,,,,,,unassigned,,,,,,,,,,,,
1015,899,458.6270819339924,458.6266618407836,,2285007.879536112,105.37742001561529,465773.4587775702,12.01793936022581,-1,,,,,,,,unassigned,,,,,,,,,,,,
1016,900,458.64659573579036,458.6461756254155,,2454533.9458020953,109.59425701232354,493632.79265010473,13.007446393353252,-1,,,,,,,,unassigned,,,,,,,,,,,,
1017,901,458.6511528430478,458.6507327286641,,9954873.504416628,174.053632524657,479387.56475211255,52.94400402793293,-1,,,,,,,,unassigned,,,,,,,,,,,,
1018,902,458.86731703986766,458.86689673532874,,1825004.7763406327,182.14900574904158,403741.8042216913,9.809698460889097,-1,,,,,,,,unassigned,,,,,,,,,,,,
1019,904,460.6444768910606,460.6440550233862,,3730712.7020836333,378.4206235543772,384146.7093109241,20.12490594957156,-1,,,,,,,,unassigned,,,,,,,,,,,,
1020,905,460.6481835145666,460.6477616436324,,12061446.990742004,213.88332525942573,473953.3270187993,64.1136024399204,-1,,,,,,,,unassigned,,,,,,,,,,,,
1021,906,461.6406384984441,461.64021575472873,,1763901.8229928566,201.40351613969702,368445.1621170648,9.26251182708085,-1,,,,,,,,unassigned,,,,,,,,,,,,
1022,907,462.64524386726714,462.6448202401959,,7532369.109079995,176.63623857429215,475940.4332964163,39.733547360120106,-1,,,,,,,,unassigned,,,,,,,,,,,,
1023,908,462.78515082186493,462.7847270717814,,1934353.3945849985,117.73840238993358,389145.107658125,10.154547039689625,-1,,,,,,,,unassigned,,,,,,,,,,,,
1024,909,462.7963855561424,462.7959617961809,,4827676.395382866,129.48573150347343,461155.2593755824,25.93691533029157,-1,,,,,,,,unassigned,,,,,,,,,,,,
1025,910,462.8621529831782,462.8617291653919,,10288967.884386618,178.81340738127415,477322.7593167339,54.734796647669,-1,,,,,,,,unassigned,,,,,,,,,,,,
1026,911,463.7958872060138,463.7954625673111,,1901930.6822987315,121.05080122412309,395242.56054776575,10.0906861917636,-1,,,,,,,,unassigned,,,,,,,,,,,,
1027,912,463.86170208896783,463.86127739240595,,2873469.077588572,153.83149579121334,438566.2909126161,15.426091981119919,-1,,,,,,,,unassigned,,,,,,,,,,,,
1028,913,464.64235379297656,464.64192841016416,,2268039.7517323997,122.17470030409491,453286.40313129977,11.90836758957379,-1,,,,,,,,unassigned,,,,,,,,,,,,
1029,914,464.7933887580716,464.792963242496,,5829933.703563816,114.5696851051036,474651.19479106687,31.336181967573914,-1,,,,,,,,unassigned,,,,,,,,,,,,
1030,915,464.80450367572297,464.8040781503772,,2630773.6232726355,103.55289981562636,475501.06581298576,13.799320907635947,-1,,,,,,,,unassigned,,,,,,,,,,,,
1031,916,464.85897665353247,464.85855108030444,,2167436.2305727014,156.80229830086842,497889.8316225161,11.599818861173318,-1,,,,,,,,unassigned,,,,,,,,,,,,
1032,917,465.04299388355815,465.0425681485795,,3424843.2530609504,91.05398586162617,464381.12907513883,17.977837020353455,-1,,,,,,,,unassigned,,,,,,,,,,,,
1033,918,465.16894889395826,465.16852304826773,,17229330.50862188,151.54168372775348,484325.8773985077,90.44309393009405,-1,,,,,,,,unassigned,,,,,,,,,,,,
1034,920,466.63937212542504,466.6389449873915,,1623988.7559527876,84.01032367051076,449153.99455279746,8.540548135790857,-1,,,,,,,,unassigned,,,,,,,,,,,,
1035,921,466.7904429817663,466.79001571097126,,1873479.5686955745,171.00921931722704,469436.6609659516,10.04833636629687,-1,,,,,,,,unassigned,,,,,,,,,,,,
1036,922,466.80146650080707,466.80103922032464,,2504828.853911078,84.91045947981138,512528.40203534253,13.141890283723829,-1,,,,,,,,unassigned,,,,,,,,,,,,
1037,923,466.812588689145,466.81216139888846,,2022435.0054783376,176.2607207584013,471259.7352272492,10.622411778179229,-1,,,,,,,,unassigned,,,,,,,,,,,,
1038,924,466.90333846880475,466.90291109879854,,1842822.9206700493,263.6783122483074,431672.8517703551,9.97842554330417,-1,,,,,,,,unassigned,,,,,,,,,,,,
1039,925,467.03857820509296,467.03815071624155,,2304336.506889614,215.55746288242233,474986.9767003724,12.204816367840913,-1,,,,,,,,unassigned,,,,,,,,,,,,
1040,926,467.166026739422,467.16559913857395,,5416683.385810334,298.7923170559987,445166.4171666284,29.228101766563277,-1,,,,,,,,unassigned,,,,,,,,,,,,
1041,927,468.1694436386857,468.1690151561377,,1747812.265447271,60.69385849047762,428161.4373286524,9.197978759702973,-1,,,,,,,,unassigned,,,,,,,,,,,,
1042,932,474.65745406566646,474.65701988479776,,2229663.4962108675,192.71615664849304,470658.0354458764,11.720818362506838,-1,,,,,,,,unassigned,,,,,,,,,,,,
1043,934,475.29481968474585,475.2943849443389,,2353244.968979678,110.83598976156904,468671.51828673296,12.398415569974542,-1,,,,,,,,unassigned,,,,,,,,,,,,
1044,936,476.6545444605019,476.6541085265528,,2549236.7044280223,113.62387790777373,448445.7065856058,13.558666343872614,-1,,,,,,,,unassigned,,,,,,,,,,,,
1045,937,476.8119531830995,476.811517110993,,3313793.7407016093,190.93412062103093,473166.8751789867,17.429305947641506,-1,,,,,,,,unassigned,,,,,,,,,,,,
1046,938,476.8776753207977,476.87723919100785,,2142977.8641763153,92.3181812633867,477039.733648069,11.6186410058252,-1,,,,,,,,unassigned,,,,,,,,,,,,
1047,939,478.6414041811144,478.6409665035018,,2233199.6597504043,157.26836235508648,472060.53097599366,11.794762502210654,-1,,,,,,,,unassigned,,,,,,,,,,,,
1048,940,478.65161211504744,478.6511744284775,,1805597.1119453243,122.8527752332445,514034.5819358494,9.474260954414508,-1,,,,,,,,unassigned,,,,,,,,,,,,
1049,941,478.67733083914175,478.676893130004,,1552394.6463650088,119.9166354805912,448639.91769285005,8.216538359997768,-1,,,,,,,,unassigned,,,,,,,,,,,,
1050,942,478.8090229477462,478.8085851230516,,3501090.243685126,138.90547733644505,442560.4377157039,18.749544951080566,-1,,,,,,,,unassigned,,,,,,,,,,,,
1051,943,478.8202967445878,478.8198589100008,,1530153.6760396075,110.4940569301933,472644.18244200834,8.116377661671688,-1,,,,,,,,unassigned,,,,,,,,,,,,
1052,944,479.14822710583053,479.1477889835009,,5024585.453141571,159.8247932811092,482525.3164175082,26.727445405670558,-1,,,,,,,,unassigned,,,,,,,,,,,,
1053,945,480.20097432382016,480.20053527783705,,2674144.508787456,159.22927325844174,420309.5794527472,14.10316409987345,-1,,,,,,,,unassigned,,,,,,,,,,,,
1054,946,480.63824536127476,480.6378059316771,,2550482.904963239,126.66618818197242,482356.5854453642,13.659499261650547,-1,,,,,,,,unassigned,,,,,,,,,,,,
1055,947,480.6744716098633,480.67403214848565,,2719444.8167741406,72.07562823267384,500476.75598357234,14.425829436762832,-1,,,,,,,,unassigned,,,,,,,,,,,,
1056,949,481.1638893756941,481.16344948498096,,44544165.31711166,118.52395949400882,469731.27446917363,233.97539128972127,-1,,,,,,,,unassigned,,,,,,,,,,,,
1057,950,481.74552160876846,481.74508120786015,,1861612.6149927278,101.28467739165654,468717.1543315115,9.80364848582242,-1,,,,,,,,unassigned,,,,,,,,,,,,
1058,952,482.2497888953049,482.2493480520945,,1721397.0670828058,268.6524098154212,438032.34215549775,9.135462350680656,-1,,,,,,,,unassigned,,,,,,,,,,,,
1059,953,482.6715257978316,482.6710845847295,,3626175.6568781864,175.0438941641078,447036.8317206695,19.108510138370004,-1,,,,,,,,unassigned,,,,,,,,,,,,
1060,954,482.81506249536056,482.8146211563716,,8761669.736105358,128.22999309724406,461331.7876781326,47.00427295136087,-1,,,,,,,,unassigned,,,,,,,,,,,,
1061,956,483.04110995520165,483.0406684179655,,3329484.7545656865,89.31020714356846,484155.5831258109,17.762726795760535,-1,,,,,,,,unassigned,,,,,,,,,,,,
1062,957,483.1609398240754,483.1604981817488,,13443283.36976183,145.9418077318008,465609.26798534085,71.47037212099833,-1,,,,,,,,unassigned,,,,,,,,,,,,
1063,958,483.81464035962676,483.8141981440348,,2349354.66280206,133.47416774302084,471356.45417067176,12.711669834537984,-1,,,,,,,,unassigned,,,,,,,,,,,,
1064,959,484.008688663536,484.0082462777816,,5980708.399216041,119.82146927865716,453205.3883213788,31.513647902863074,-1,,,,,,,,unassigned,,,,,,,,,,,,
1065,961,484.1642988403662,484.16385631815905,,3840946.5600272515,195.43179185662748,459012.5914997795,20.517482109453642,-1,,,,,,,,unassigned,,,,,,,,,,,,
1066,962,484.66858813617364,484.6681451717795,,2295142.613155467,209.17995046612853,442629.2973166964,12.224982951396498,-1,,,,,,,,unassigned,,,,,,,,,,,,
1067,963,484.77833769613125,484.7778946355067,,3496517.9660176453,194.63255696411238,421099.1016607,18.365035424620714,-1,,,,,,,,unassigned,,,,,,,,,,,,
1068,964,484.8120511668635,484.8116080766787,,6492718.354099194,144.9106507736248,473047.47359584353,34.49830226908987,-1,,,,,,,,unassigned,,,,,,,,,,,,
1069,965,484.8231808415512,484.8227377416078,,21390458.624438077,137.07250419186067,464391.7160352794,112.25527070381635,-1,,,,,,,,unassigned,,,,,,,,,,,,
1070,966,485.0061157199131,485.00567245957296,,14126953.584520487,93.11544759739434,440593.30092312366,76.33186319679837,-1,,,,,,,,unassigned,,,,,,,,,,,,
1071,967,485.03806798512346,485.03762469676803,,1820338.9802532566,157.61252071749138,440240.66361781914,9.569716116577618,-1,,,,,,,,unassigned,,,,,,,,,,,,
1072,968,485.8116906524728,485.8112466858509,,1878153.5357730587,177.02760301646404,414715.12524870154,9.950192326326349,-1,,,,,,,,unassigned,,,,,,,,,,,,
1073,969,485.82279140546353,485.8223474291096,,6739266.64474868,299.507149647881,452597.3211475474,35.56309788082483,-1,,,,,,,,unassigned,,,,,,,,,,,,
1074,971,486.6656913114196,486.66524659613714,,1576453.3108665175,235.35092685600395,393125.8777079978,8.29384359696085,-1,,,,,,,,unassigned,,,,,,,,,,,,
1075,972,486.7753234256658,486.77487861428006,,2922285.298666396,177.81216796313697,454427.1402218524,15.854967991402058,-1,,,,,,,,unassigned,,,,,,,,,,,,
1076,973,486.8089405826268,486.80849574177256,,1553376.0932781678,138.11820797098778,412318.3651780833,8.335521202975727,-1,,,,,,,,unassigned,,,,,,,,,,,,
1077,974,486.8201885376155,486.8197436869014,,8937311.114353165,180.21655023345795,448023.4915331112,47.246271954027904,-1,,,,,,,,unassigned,,,,,,,,,,,,
1078,975,487.00317000897684,487.0027249978654,,3047611.3991745044,127.92766210603445,481737.4369308031,16.131922405565444,-1,,,,,,,,unassigned,,,,,,,,,,,,
1079,976,487.81973197717775,487.81928625033197,,3207877.3529172754,148.1633017510288,418695.0157427038,16.906319214099963,-1,,,,,,,,unassigned,,,,,,,,,,,,
1080,977,488.79455842708336,488.7941118458772,,3653326.886074469,121.30554685681419,444232.69767108833,19.53200839303732,-1,,,,,,,,unassigned,,,,,,,,,,,,
1081,980,489.79410768779667,489.7936602306712,,1827005.0790279068,179.69241586216447,463500.3025334909,9.70079890968893,-1,,,,,,,,unassigned,,,,,,,,,,,,
1082,981,490.59914771786777,490.59869955535424,,1880345.914947094,104.64146905282742,457601.5892617379,9.872887089363267,-1,,,,,,,,unassigned,,,,,,,,,,,,
1083,982,490.7249733018478,490.72452502909044,,1907697.6887921207,63.85239959583738,453183.4651560861,10.148497064622948,-1,,,,,,,,unassigned,,,,,,,,,,,,
1084,983,490.7916108426529,490.7911625115109,,2029726.4199852478,126.88899948211723,405025.6707047091,10.701061454046016,-1,,,,,,,,unassigned,,,,,,,,,,,,
1085,984,490.8026862761491,490.8022379353033,,2421018.9633376333,207.98406652550628,458823.0218719638,12.863591430656736,-1,,,,,,,,unassigned,,,,,,,,,,,,
1086,985,490.8167776313013,490.81632927810944,,1663393.4102068401,95.2641136700994,455584.51998792536,8.73750843518375,-1,,,,,,,,unassigned,,,,,,,,,,,,
1087,986,492.62186313395415,492.6214131994224,,6614709.195294049,159.66553003355926,431333.8806759744,35.8373634171808,-1,,,,,,,,unassigned,,,,,,,,,,,,
1088,987,492.7220772599003,492.7216272375868,,2849135.640235976,180.41384797105883,409884.7590672143,14.994527093030369,-1,,,,,,,,unassigned,,,,,,,,,,,,
1089,988,493.68344159305116,493.68299072869445,,3139259.8658580324,142.9928892205238,478925.2735445179,16.505676420795645,-1,,,,,,,,unassigned,,,,,,,,,,,,
1090,989,494.61892460073614,494.6184729171029,,17151691.577710047,76.67987655720529,448829.4799471828,90.9432252022726,-1,,,,,,,,unassigned,,,,,,,,,,,,
1091,990,494.7191225175452,494.7186707461665,,2434915.341943437,202.59931879034718,394023.40772722743,12.797713924375154,-1,,,,,,,,unassigned,,,,,,,,,,,,
1092,991,495.14316674514487,495.14271460243356,,10741826.124108942,113.69548885631671,449790.2068540719,56.622388868471894,-1,,,,,,,,unassigned,,,,,,,,,,,,
1093,992,495.6804745436043,495.6800219304047,,9155407.012568511,142.68296361240803,443914.89289198286,49.05588671841586,-1,,,,,,,,unassigned,,,,,,,,,,,,
1094,994,496.6159561506101,496.6155027183411,,22253822.090708353,258.70268516263286,439801.361782043,119.99923878916154,-1,,,,,,,,unassigned,,,,,,,,,,,,
1095,995,496.83071378966036,496.83026016937197,,6300164.491207366,229.9255994378853,441921.54635417316,33.7588608720517,-1,,,,,,,,unassigned,,,,,,,,,,,,
1096,996,497.09315207449157,497.0926982244465,,130671327.96501543,300.5878673289324,445115.11483519303,698.6349874328921,-1,,,,,,,,unassigned,,,,,,,,,,,,
1097,998,497.1588199952272,497.1583660876931,,9724106.119034544,316.5494277792724,453973.0096208869,51.68023145844951,-1,,,,,,,,unassigned,,,,,,,,,,,,
1098,999,497.67752522279216,497.6770708611736,,11155641.356845431,111.1850305702207,458160.4667964626,58.859535204238284,-1,,,,,,,,unassigned,,,,,,,,,,,,
1099,1003,498.6130152098749,498.6125600293855,,18015376.30847309,315.204675980253,437355.06021071906,97.88590770100916,-1,,,,,,,,unassigned,,,,,,,,,,,,
1100,1004,498.6388184891913,498.63836328611666,,25173421.198080532,142.93614080567517,447389.95697783906,132.30354363587668,-1,,,,,,,,unassigned,,,,,,,,,,,,
1101,1005,498.79365212405514,498.7931967854584,,1664621.9916559083,127.47639481967194,359875.27255122084,8.94522424580629,-1,,,,,,,,unassigned,,,,,,,,,,,,
1102,1006,498.82770956606475,498.8272541976587,,4165770.1928745573,157.0771645688431,432497.5521489608,21.90494305807799,-1,,,,,,,,unassigned,,,,,,,,,,,,
1103,1007,498.838842465638,498.83838708748766,,14242678.176590877,242.4369356973138,443031.2754745166,75.57897741072314,-1,,,,,,,,unassigned,,,,,,,,,,,,
1104,1008,499.0901340660075,499.08967846791455,,52987066.811874084,200.506577680605,425836.66970438854,287.3872600561438,-1,,,,,,,,unassigned,,,,,,,,,,,,
1105,1009,499.09224365499597,499.0917880550566,,6323151.043847946,70.4529337946241,480570.1308983087,33.301751644791736,-1,,,,,,,,unassigned,,,,,,,,,,,,
1106,1011,499.15583762276066,499.15538196716193,,3321413.1341078877,153.29983442720558,445583.49221389834,17.737182456590126,-1,,,,,,,,unassigned,,,,,,,,,,,,
1107,1012,499.6745441031153,499.6740879935452,,9378940.495176874,81.41601986240082,443624.2070512782,49.507618190060995,-1,,,,,,,,unassigned,,,,,,,,,,,,
1108,1013,499.8384346707987,499.8379784177978,,3404636.679047401,142.66922874439658,437158.7345582505,18.366379863524422,-1,,,,,,,,unassigned,,,,,,,,,,,,
1109,1016,500.6100653245718,500.6096083963094,,9577368.997883877,83.87235043503492,428532.00033431704,52.056674351487125,-1,,,,,,,,unassigned,,,,,,,,,,,,
1110,1017,500.6358631182936,500.63540616745644,,76262160.46394342,285.5297606859501,442516.9828601716,406.96703390734916,-1,,,,,,,,unassigned,,,,,,,,,,,,
1111,1018,500.79105014122155,500.790593054587,,2129181.43163246,138.3939272090495,413823.5093825521,11.529908038180618,-1,,,,,,,,unassigned,,,,,,,,,,,,
1112,1019,500.8358207100449,500.83536358423413,,5230332.236936469,118.79888719913149,421215.1308579212,28.371694184902704,-1,,,,,,,,unassigned,,,,,,,,,,,,
1113,1022,501.0892206724833,501.0887633249403,,1992581.9429728705,120.68374821660221,398133.363177581,10.47317905986789,-1,,,,,,,,unassigned,,,,,,,,,,,,
1114,1023,501.67157413465907,501.6711162775671,,4129796.1968408804,169.83638329868162,449103.3610453166,21.77856580112965,-1,,,,,,,,unassigned,,,,,,,,,,,,
1115,1024,502.08654199493077,502.08608377477196,,2523074.741706107,66.53589519373641,501213.7461807308,13.29650075764999,-1,,,,,,,,unassigned,,,,,,,,,,,,
1116,1025,502.6071089559547,502.60665028036436,,3312252.3430753653,230.20031640144003,348176.0990449435,17.40981158353777,-1,,,,,,,,unassigned,,,,,,,,,,,,
1117,1026,502.6329132118907,502.63245451372563,,97092195.90448594,169.79811952050082,444266.9310270542,514.9738776754552,-1,,,,,,,,unassigned,,,,,,,,,,,,
1118,1027,502.8102572181647,502.80979836485295,,2332789.880394128,66.89122079648905,447325.7612745819,12.263971679603966,-1,,,,,,,,unassigned,,,,,,,,,,,,
1119,1028,503.0166919027423,503.0162328688387,,3555594.050396474,84.2976028205661,436095.435362509,18.72131173410274,-1,,,,,,,,unassigned,,,,,,,,,,,,
1120,1029,503.58514665275703,503.58468712158583,,1554105.173440603,265.7819982741285,344667.7588793223,8.189649581923652,-1,,,,,,,,unassigned,,,,,,,,,,,,
1121,1030,504.62996831005995,504.62950786500215,,71723856.93480334,180.00124396299023,434210.7047412359,387.65013573890474,-1,,,,,,,,unassigned,,,,,,,,,,,,
1122,1031,504.81851614672166,504.81805553675724,,2183171.26913636,231.1582895858245,408029.42594505753,11.46268609299533,-1,,,,,,,,unassigned,,,,,,,,,,,,
1123,1033,506.62701929733987,506.6265571058324,,36895196.413634606,105.24253779972918,441341.6173718235,194.51342058814973,-1,,,,,,,,unassigned,,,,,,,,,,,,
1124,1034,506.8050693555249,506.80460700833146,,1571314.0441580566,127.51306817619626,376758.03727667616,8.292835267783069,-1,,,,,,,,unassigned,,,,,,,,,,,,
1125,1035,508.62405876693447,508.6235948294269,,11089107.68655942,147.97167138339685,434965.69826896983,58.62291395718607,-1,,,,,,,,unassigned,,,,,,,,,,,,
1126,1036,508.8132685901142,508.8128044872044,,12370680.227358403,52.59304602769286,443002.88747398264,65.00630987198103,-1,,,,,,,,unassigned,,,,,,,,,,,,
1127,1037,509.04994827928726,509.04948396948384,,5218089.144671874,260.52993603953115,446073.01607580367,27.528730992279193,-1,,,,,,,,unassigned,,,,,,,,,,,,
1128,1038,509.12249906162475,509.12203468840227,,2116895.000767374,166.2545230567187,388176.60167682613,11.323536666461784,-1,,,,,,,,unassigned,,,,,,,,,,,,
1129,1039,509.81283028438685,509.81236530775186,,4831348.817120895,62.113822148735245,436340.11497232196,25.3843509408685,-1,,,,,,,,unassigned,,,,,,,,,,,,
1130,1040,510.5929142360235,510.59244857758716,,2014337.2304128564,104.80697446051309,449793.23711116053,10.835505344416593,-1,,,,,,,,unassigned,,,,,,,,,,,,
1131,1041,510.62109186065186,510.6206261775893,,2651145.464300102,156.13535286869634,413390.2063541216,13.925698164584288,-1,,,,,,,,unassigned,,,,,,,,,,,,
1132,1042,510.810077765598,510.8096119173705,,3044341.710563682,100.52867029080251,421608.4401126287,16.458621059165946,-1,,,,,,,,unassigned,,,,,,,,,,,,
1133,1044,511.10878488312994,511.10831877385425,,8157473.859009195,214.02101225396098,433101.56860834983,43.164555442377214,-1,,,,,,,,unassigned,,,,,,,,,,,,
1134,1045,511.1381036834481,511.13763754855046,,10078780.217912732,113.98145338877298,435634.04608200234,54.492797645001964,-1,,,,,,,,unassigned,,,,,,,,,,,,
1135,1049,512.590029276903,512.5895618732734,,2716057.8920469987,47.99926922549025,479683.2232016327,14.30886325214043,-1,,,,,,,,unassigned,,,,,,,,,,,,
1136,1050,512.5916149692079,512.5911475641927,,2385922.401136899,135.711340610347,481077.292428672,12.71973646796022,-1,,,,,,,,unassigned,,,,,,,,,,,,
1137,1051,512.8433553530492,512.8428877280802,,2011258.9577031669,85.48072484083481,479393.7803190192,10.586784147231027,-1,,,,,,,,unassigned,,,,,,,,,,,,
1138,1052,512.8545684360353,512.8541008012692,,4121626.4168852335,165.77859809759389,381052.7107044921,21.96140949203363,-1,,,,,,,,unassigned,,,,,,,,,,,,
1139,1053,513.1057589573686,513.1052911031363,,4520583.244149582,351.05868520168826,440975.3236323241,23.851690590643933,-1,,,,,,,,unassigned,,,,,,,,,,,,
1140,1055,513.8540006104087,513.8535321024757,,2001164.8691134944,275.56554674892084,362693.24052336003,10.660728286934845,-1,,,,,,,,unassigned,,,,,,,,,,,,
1141,1057,514.5870444894299,514.5865753411337,,3104600.046820742,146.03666588048054,411733.1056728729,16.598442705151346,-1,,,,,,,,unassigned,,,,,,,,,,,,
1142,1058,514.5887466111514,514.5882774613682,,3027036.8373302477,198.97413756015067,469180.6944959782,16.005545148617102,-1,,,,,,,,unassigned,,,,,,,,,,,,
1143,1059,514.6127913052069,514.6123221344202,,1787666.163431343,93.10332124636227,410958.57112336176,9.401661253614398,-1,,,,,,,,unassigned,,,,,,,,,,,,
1144,1060,514.8514739936197,514.851004614341,,2372494.0610170974,169.72670015554166,362766.9886749955,12.739903051515805,-1,,,,,,,,unassigned,,,,,,,,,,,,
1145,1061,515.6406187656216,515.6401486970609,,1546785.8218360187,82.62894104819921,480206.50131137203,8.139233123034685,-1,,,,,,,,unassigned,,,,,,,,,,,,
1146,1062,516.5842154549597,516.5837445623004,,1769595.5572410552,93.8072319662145,400342.03682513203,9.489722001807124,-1,,,,,,,,unassigned,,,,,,,,,,,,
1147,1063,516.5858493531686,516.5853784590822,,2686556.5006630076,164.69848580055003,438137.23547198344,14.163663850540209,-1,,,,,,,,unassigned,,,,,,,,,,,,
1148,1064,516.6097947631445,516.6093238481465,,7287621.714077744,214.64371861366124,438733.95624515176,38.33801977807352,-1,,,,,,,,unassigned,,,,,,,,,,,,
1149,1065,516.8494257647145,516.8489546404489,,1739119.635295512,188.73762434980046,368670.9690056443,9.291081153784598,-1,,,,,,,,unassigned,,,,,,,,,,,,
1150,1066,518.6068593120102,518.6063866531872,,10946255.94647934,382.69219745960214,422497.11607724713,57.53660732299181,-1,,,,,,,,unassigned,,,,,,,,,,,,
1151,1067,518.9857969236572,518.9853239339976,,9416055.50042456,76.28586021439422,432342.0885310224,49.81415026010591,-1,,,,,,,,unassigned,,,,,,,,,,,,
1152,1068,519.3211412698415,519.3206679874185,,4613021.055316924,56.33024658482852,426628.9675643219,24.335688595978006,-1,,,,,,,,unassigned,,,,,,,,,,,,
1153,1069,519.9853835435508,519.9849096812649,,2812651.035129709,164.5948120372117,384914.6720426648,14.76597247940039,-1,,,,,,,,unassigned,,,,,,,,,,,,
1154,1070,520.6039134647153,520.6034390625158,,7407495.6704530595,163.88297973330094,397068.22131407086,39.924457684446324,-1,,,,,,,,unassigned,,,,,,,,,,,,
1155,1071,520.7640020636767,520.763527521743,,1699011.0570382322,324.14649890007826,379063.04167445883,8.939846490191467,-1,,,,,,,,unassigned,,,,,,,,,,,,
1156,1072,520.9828138914019,520.9823391584816,,9061050.518802563,65.66837577792239,431606.3123669981,48.53962217939285,-1,,,,,,,,unassigned,,,,,,,,,,,,
1157,1073,521.5468119772517,521.546336752079,,2654725.0486044073,215.77872118012215,408332.1616253794,14.021825546199251,-1,,,,,,,,unassigned,,,,,,,,,,,,
1158,1075,522.6009592264317,522.6004830813025,,4530319.26809391,447.8329432358818,394737.7118955973,23.79253527888088,-1,,,,,,,,unassigned,,,,,,,,,,,,
1159,1076,522.8289179069212,522.8284415628682,,5702699.795792659,44.44106382557,425575.7171733237,30.55640740342457,-1,,,,,,,,unassigned,,,,,,,,,,,,
1160,1077,522.9798294721691,522.9793529964289,,3915620.5020885775,164.51274319441612,420066.27906828525,20.59411512696487,-1,,,,,,,,unassigned,,,,,,,,,,,,
1161,1078,523.8285983674581,523.8281211511201,,1711453.445851879,230.23960074135857,340475.10645498266,8.9821963156582,-1,,,,,,,,unassigned,,,,,,,,,,,,
1162,1080,525.5406010971205,525.5401223872068,,4997234.159099784,245.79129536322932,391315.59821219277,26.443768796988643,-1,,,,,,,,unassigned,,,,,,,,,,,,
1163,1081,529.5342407638514,529.5337585710845,,4120332.909875906,144.71024110244414,438151.50569365016,22.255841611945193,-1,,,,,,,,unassigned,,,,,,,,,,,,
1164,1083,531.2417005784173,531.2412168971113,,1533331.4897475317,145.47896618366252,399205.80416671553,8.098899955923514,-1,,,,,,,,unassigned,,,,,,,,,,,,
1165,1084,533.0014513270254,533.0009661119298,,3569897.589538533,94.82617592674372,421916.9622683589,18.940455275406784,-1,,,,,,,,unassigned,,,,,,,,,,,,
1166,1085,533.120109240637,533.119623922132,,2343920.7044311687,119.84829628412838,434827.16708763345,12.495215171041357,-1,,,,,,,,unassigned,,,,,,,,,,,,
1167,1086,533.5795048020909,533.5790190832413,,11657841.524519457,268.98658866291186,412204.1722944464,62.15072164050999,-1,,,,,,,,unassigned,,,,,,,,,,,,
1168,1087,534.998495596839,534.9980086415433,,2683764.797917357,104.2952173806589,454055.6173835304,14.428518314570244,-1,,,,,,,,unassigned,,,,,,,,,,,,
1169,1088,536.3083897544317,536.3079016579488,,1618880.4593478553,64.6128720760606,450828.8649438229,8.68373087903552,-1,,,,,,,,unassigned,,,,,,,,,,,,
1170,1090,537.573154589149,537.5726653909754,,15762973.519014373,119.15458510309756,396731.9394464075,85.156760160723,-1,,,,,,,,unassigned,,,,,,,,,,,,
1171,1091,538.5970661405908,538.5965760506541,,1839551.0964123416,265.06668510849744,425461.9562710124,9.91322025647444,-1,,,,,,,,unassigned,,,,,,,,,,,,
1172,1092,540.7737504913405,540.7732585060313,,2176290.1327168504,339.0538021503966,392118.42807183793,11.429075120402688,-1,,,,,,,,unassigned,,,,,,,,,,,,
1173,1094,541.1850708035913,541.1845784601791,,1792180.0266873708,285.9041888854456,358636.3905710168,9.678615667777784,-1,,,,,,,,unassigned,,,,,,,,,,,,
1174,1095,541.5668310042449,541.5663383284818,,12603100.40420797,304.5175181747741,415266.0533974712,66.30772673076821,-1,,,,,,,,unassigned,,,,,,,,,,,,
1175,1096,542.770743899793,542.7702501760386,,2343683.399971937,153.3966036711893,385141.4892614944,12.548320507737735,-1,,,,,,,,unassigned,,,,,,,,,,,,
1176,1097,542.7818489798402,542.7813552464198,,7563544.653713488,156.18647618543682,394251.2814717038,40.50525529084721,-1,,,,,,,,unassigned,,,,,,,,,,,,
1177,1098,543.7813568198269,543.7808622164697,,2870682.6183582353,187.53508869773043,391975.4713166385,15.52894155725341,-1,,,,,,,,unassigned,,,,,,,,,,,,
1178,1099,544.7788845022474,544.7783890307869,,6744847.700131434,129.2390710837123,398666.3004668186,35.44209837949131,-1,,,,,,,,unassigned,,,,,,,,,,,,
1179,1100,544.789992352087,544.7894968709605,,21053931.12107256,186.13084452370535,408096.22410888004,110.92158731134023,-1,,,,,,,,unassigned,,,,,,,,,,,,
1180,1103,545.5605629081697,545.5600667565263,,4197089.380289718,357.9156467499085,372248.34128326754,22.089131187885677,-1,,,,,,,,unassigned,,,,,,,,,,,,
1181,1104,545.7784696662726,545.7779733250281,,1901701.3922260879,137.40979704085134,364110.16684678907,10.02279202712646,-1,,,,,,,,unassigned,,,,,,,,,,,,
1182,1105,545.7895057717602,545.7890094209134,,6762811.679641396,340.0700718389428,421349.59224816,35.869629950869744,-1,,,,,,,,unassigned,,,,,,,,,,,,
1183,1106,546.7757259823411,546.7752287734489,,1936135.516424281,230.29611669997246,329171.1650814983,10.4173848453641,-1,,,,,,,,unassigned,,,,,,,,,,,,
1184,1107,546.7869598270088,546.7864626083433,,10323112.514397118,167.3245391419641,393725.89098139235,55.2241724086179,-1,,,,,,,,unassigned,,,,,,,,,,,,
1185,1109,547.5347577028654,547.5342598336625,,1585750.157588381,94.92397944354344,398666.69707958435,8.348293372560931,-1,,,,,,,,unassigned,,,,,,,,,,,,
1186,1110,547.7865293117223,547.7860312235078,,3535202.000966488,247.01374688592915,376963.69664373895,18.59896779386552,-1,,,,,,,,unassigned,,,,,,,,,,,,
1187,1111,548.7613782693818,548.7608793332292,,4240374.681573442,69.0892414011575,417830.53656302666,22.7707617120645,-1,,,,,,,,unassigned,,,,,,,,,,,,
1188,1112,548.783816862275,548.7833179066062,,2111764.1655924516,111.07197140171905,400915.8673271114,11.4089085368471,-1,,,,,,,,unassigned,,,,,,,,,,,,
1189,1113,549.5326846208983,549.5321850139262,,2168756.741798987,264.43710609333453,336080.8967482563,11.38806973383966,-1,,,,,,,,unassigned,,,,,,,,,,,,
1190,1114,549.7609284416808,549.7604286362134,,1528947.1836639955,92.0784243218971,437142.0566302348,8.090833322501279,-1,,,,,,,,unassigned,,,,,,,,,,,,
1191,1116,550.5805633878899,550.5800628696633,,5021945.020166082,132.3552437418507,405005.7150230253,26.488135280810933,-1,,,,,,,,unassigned,,,,,,,,,,,,
1192,1117,550.7583127593758,550.757812086587,,1846702.7427627456,130.66570679105874,393434.71429900656,9.770037513229775,-1,,,,,,,,unassigned,,,,,,,,,,,,
1193,1118,550.7694588728998,550.768958190419,,2634976.544445821,122.98544398920527,390502.8377111688,13.863853975013823,-1,,,,,,,,unassigned,,,,,,,,,,,,
1194,1119,551.6163859424191,551.615884523541,,1685828.7224263838,135.4502551693457,334789.03556512,8.890774470206207,-1,,,,,,,,unassigned,,,,,,,,,,,,
1195,1120,552.5775691034453,552.5770668489208,,14627847.312222261,329.032490236893,396821.1033555957,79.21971796195835,-1,,,,,,,,unassigned,,,,,,,,,,,,
1196,1121,553.6391520257365,553.638648848397,,1694803.2441777603,96.8065550537685,342354.7778462231,8.933796515124792,-1,,,,,,,,unassigned,,,,,,,,,,,,
1197,1122,554.5746235385081,554.5741195480829,,21120918.66804428,280.32904976057665,398253.88507340255,113.70188696420375,-1,,,,,,,,unassigned,,,,,,,,,,,,
1198,1123,555.6361991473411,555.6356942343408,,2386452.3683370757,105.440896031921,409441.90758942213,12.61487023347117,-1,,,,,,,,unassigned,,,,,,,,,,,,
1199,1124,556.5716634587068,556.571157732833,,19659247.009795737,290.92865661755616,403517.5028917867,103.3335741388249,-1,,,,,,,,unassigned,,,,,,,,,,,,
1200,1125,556.5974880862072,556.5969823378944,,15451201.993088054,101.80704627428103,397598.57799080084,81.8924625025254,-1,,,,,,,,unassigned,,,,,,,,,,,,
1201,1126,556.7864406966343,556.785934784143,,2001805.1314008,138.57371911397053,372824.4123581738,10.526284396564268,-1,,,,,,,,unassigned,,,,,,,,,,,,
1202,1127,556.7975339356027,556.7970280134728,,5264061.187490174,181.52457422169599,376152.75205146003,28.131039621139376,-1,,,,,,,,unassigned,,,,,,,,,,,,
1203,1128,557.0279308981767,557.0274247758633,,5086373.981071453,66.50907230077094,408139.25879730453,27.004399819833946,-1,,,,,,,,unassigned,,,,,,,,,,,,
1204,1129,557.6332163051866,557.6327096569911,,1645456.833361674,122.68543629173527,413118.424965318,8.894135567465472,-1,,,,,,,,unassigned,,,,,,,,,,,,
1205,1130,558.568729470927,558.5682220100214,,11434216.867910739,164.38307276493427,401562.89420209435,60.08297460661053,-1,,,,,,,,unassigned,,,,,,,,,,,,
1206,1131,558.5945398299779,558.5940323466513,,51472413.01590911,229.60855927413022,398228.4318390282,273.6202056821968,-1,,,,,,,,unassigned,,,,,,,,,,,,
1207,1132,558.7945871155524,558.7940794584516,,3415284.4941776614,133.3717021041727,392927.5454131617,18.245380362190904,-1,,,,,,,,unassigned,,,,,,,,,,,,
1208,1133,558.8056569369556,558.805149270239,,12863098.897002684,173.19404219947637,401494.4976832101,68.92131595957221,-1,,,,,,,,unassigned,,,,,,,,,,,,
1209,1136,559.8051999750409,559.8046914401218,,4498119.378024528,112.50637040127287,403178.59055295034,23.64868031618436,-1,,,,,,,,unassigned,,,,,,,,,,,,
1210,1137,560.565859749958,560.5653505544043,,3371690.903901431,186.69276011311865,404279.0089243346,17.714326995227125,-1,,,,,,,,unassigned,,,,,,,,,,,,
1211,1138,560.5915877774685,560.5910785595711,,75607628.97489728,126.35970974279002,399509.924423311,398.5777351482252,-1,,,,,,,,unassigned,,,,,,,,,,,,
1212,1139,560.7914976919432,560.7909883004347,,1654050.7416660015,130.2317642672996,351300.84195471246,8.785908235717159,-1,,,,,,,,unassigned,,,,,,,,,,,,
1213,1140,560.8026215269787,560.8021121258099,,7006245.356702535,136.44999218342838,384221.1304482317,37.044669552708584,-1,,,,,,,,unassigned,,,,,,,,,,,,
1214,1142,561.8021696577584,561.801659388603,,1753620.3215937298,86.03329146855451,355495.55555942503,9.270578460503085,-1,,,,,,,,unassigned,,,,,,,,,,,,
1215,1143,562.5626911360255,562.5621802065227,,1589207.9518794334,107.81770750450362,382273.40764267603,8.431984694316617,-1,,,,,,,,unassigned,,,,,,,,,,,,
1216,1144,562.5886296592666,562.5881187072431,,65374165.812421955,64.41018782842876,396710.7929074968,345.2734214940991,-1,,,,,,,,unassigned,,,,,,,,,,,,
1217,1145,562.7769547304653,562.7764436149328,,1775852.5580217543,61.52059259795621,380579.85506551154,9.588538261229498,-1,,,,,,,,unassigned,,,,,,,,,,,,
1218,1146,562.8005853303672,562.8000741943183,,2830349.5883623254,35.50415912348479,394492.86732669966,14.909155222645053,-1,,,,,,,,unassigned,,,,,,,,,,,,
1219,1147,564.5856877954603,564.585175109736,,37011170.418808475,142.04483688504527,393468.29304123967,194.9328855261059,-1,,,,,,,,unassigned,,,,,,,,,,,,
1220,1148,566.5827453659899,566.582230947005,,14751763.006351888,38.22586705219771,401790.64315448573,77.61176903312627,-1,,,,,,,,unassigned,,,,,,,,,,,,
1221,1149,568.5517148508271,568.5511987233895,,1843657.6042576411,89.4091489796923,336703.84021932393,9.739787637896397,-1,,,,,,,,unassigned,,,,,,,,,,,,
1222,1150,568.5798339317967,568.5793177799635,,4134517.825220201,261.88708404092336,355419.3296427474,22.05014245967821,-1,,,,,,,,unassigned,,,,,,,,,,,,
1223,1151,568.780223159077,568.7797068333929,,1625899.2844088986,177.69781670858424,329457.3378059126,8.752969482576367,-1,,,,,,,,unassigned,,,,,,,,,,,,
1224,1152,571.1119926520742,571.1114743037513,,20092327.67852609,320.2309754785513,385316.3870341555,105.9686743900882,-1,,,,,,,,unassigned,,,,,,,,,,,,
1225,1155,572.5711941134775,572.5706744997092,,1587909.1183543901,159.17259307373962,312279.2584462968,8.340226739138698,-1,,,,,,,,unassigned,,,,,,,,,,,,
1226,1156,572.8212754212038,572.8207555905842,,3954193.388362137,172.78181137781573,375587.87271480646,21.302634429217807,-1,,,,,,,,unassigned,,,,,,,,,,,,
1227,1158,573.790990780656,573.7904701092384,,1862271.8794303634,152.48943061191414,318929.24242499616,9.818437313763184,-1,,,,,,,,unassigned,,,,,,,,,,,,
1228,1159,573.8209691696554,573.8204484722467,,1729395.2318844576,243.3773715795428,311568.1417048026,9.200667637510385,-1,,,,,,,,unassigned,,,,,,,,,,,,
1229,1162,574.818213437161,574.8176918751967,,2223289.2130000833,205.8292428845222,347166.4327567263,11.728884995929072,-1,,,,,,,,unassigned,,,,,,,,,,,,
1230,1165,576.5655294452343,576.565006368708,,10126333.282036958,386.9288587929438,381845.606807898,53.817889315341674,-1,,,,,,,,unassigned,,,,,,,,,,,,
1231,1166,576.8162636657953,576.8157403719617,,2020664.691484391,198.99231393431938,390213.3081875618,10.659383848031139,-1,,,,,,,,unassigned,,,,,,,,,,,,
1232,1167,578.5625776281322,578.5620528209896,,8734695.962510971,140.53413619603512,372656.3203334098,45.99863265138896,-1,,,,,,,,unassigned,,,,,,,,,,,,
1233,1169,582.3810466398526,582.3805185248976,,1526651.103035432,230.49825351179032,286242.15369843965,8.016889182797462,-1,,,,,,,,unassigned,,,,,,,,,,,,
1234,1170,583.0691533726108,583.0686246617429,,1622873.036668911,151.01354719807802,316004.18421436806,8.625583896450246,-1,,,,,,,,unassigned,,,,,,,,,,,,
1235,1171,585.1274854816423,585.1269549885325,,2047889.531354013,256.39986670391534,278239.24086759007,10.747444596223865,-1,,,,,,,,unassigned,,,,,,,,,,,,
1236,1177,596.743830073906,596.7432895313389,,2006638.947241002,110.98651649053039,345449.6121135458,10.788449982786892,-1,,,,,,,,unassigned,,,,,,,,,,,,
1237,1180,598.9281584980276,598.9276160674293,,3521171.2202452724,130.04728389624754,357637.1077081413,18.547206896072847,-1,,,,,,,,unassigned,,,,,,,,,,,,
1238,1181,600.7405165261138,600.7399725293972,,1695157.1510942248,127.65304126907186,351607.4544397374,9.042023846873105,-1,,,,,,,,unassigned,,,,,,,,,,,,
1239,1183,602.7486667982265,602.748121066624,,4404362.921667926,118.70625327329272,373059.4411899411,23.537091887176786,-1,,,,,,,,unassigned,,,,,,,,,,,,
1240,1184,603.7482776534512,603.747731058428,,1536420.4658851854,101.7572612901327,379060.59452200757,8.132174818790231,-1,,,,,,,,unassigned,,,,,,,,,,,,
1241,1185,604.7457215454317,604.7451740889694,,3258832.6013508327,134.76466270975652,369449.22372952587,17.510644501315703,-1,,,,,,,,unassigned,,,,,,,,,,,,
1242,1186,604.7568073527142,604.7562598866783,,14225046.593527677,109.24390680543065,375623.4157288683,75.5682218994935,-1,,,,,,,,unassigned,,,,,,,,,,,,
1243,1187,605.7563624487699,605.7558141195829,,5686649.146371857,211.2901832469227,361011.61522137054,30.256597527898187,-1,,,,,,,,unassigned,,,,,,,,,,,,
1244,1188,606.7537469171384,606.7531977267843,,7647772.944518197,196.745005854971,361470.9701669383,41.40871823413749,-1,,,,,,,,unassigned,,,,,,,,,,,,
1245,1190,607.7534416551615,607.7528916017556,,2757327.773023613,142.13961408762813,312841.52814223035,14.577751032881583,-1,,,,,,,,unassigned,,,,,,,,,,,,
1246,1191,608.5392446821979,608.5386939504735,,2890939.672195781,130.0498361463106,347713.53158883704,15.385758814008746,-1,,,,,,,,unassigned,,,,,,,,,,,,
1247,1192,608.7506881175907,608.7501372033563,,1767757.5700827502,138.35648684492517,427597.5927705832,9.28536728844385,-1,,,,,,,,unassigned,,,,,,,,,,,,
1248,1194,610.5362342391535,610.5356817838999,,10179578.625384465,190.60410674257778,352271.97453928576,54.95797350568416,-1,,,,,,,,unassigned,,,,,,,,,,,,
1249,1195,612.5333089479991,612.5327547695824,,15152910.56560921,207.97818525394771,368184.7549170716,79.97260374803358,-1,,,,,,,,unassigned,,,,,,,,,,,,
1250,1196,614.5303597800956,614.529803878976,,15187690.13344615,256.8784294425291,354316.26916569634,81.9139735249847,-1,,,,,,,,unassigned,,,,,,,,,,,,
1251,1197,614.556137295734,614.5555813723811,,2979691.3484679796,165.24554158467402,361488.3372279141,15.691618664601807,-1,,,,,,,,unassigned,,,,,,,,,,,,
1252,1200,616.5531848850821,616.5526272394742,,10123826.325021096,162.66236410624578,353394.7409126885,53.35002457685207,-1,,,,,,,,unassigned,,,,,,,,,,,,
1253,1201,616.7642231826612,616.7636653550794,,3203994.0974919065,150.59786235686144,352704.9776330912,17.254528890159754,-1,,,,,,,,unassigned,,,,,,,,,,,,
1254,1202,618.5244865940709,618.5239272488423,,4129940.3120551505,180.1654391575341,372032.02440954075,21.9546872975151,-1,,,,,,,,unassigned,,,,,,,,,,,,
1255,1204,618.7614019423632,618.7608423928992,,2405593.422543813,224.30940636518787,313770.5849188391,12.647136767160108,-1,,,,,,,,unassigned,,,,,,,,,,,,
1256,1205,618.7724792339554,618.7719196749423,,10042082.212927612,99.63641518686086,352930.599684371,52.76116033702895,-1,,,,,,,,unassigned,,,,,,,,,,,,
1257,1206,619.0454757447591,619.0449159504145,,2380029.6958779916,102.32604894756808,403191.8447191084,12.61487023347117,-1,,,,,,,,unassigned,,,,,,,,,,,,
1258,1208,619.7720078750923,619.7714474544947,,3478404.050420521,125.60541838033237,368061.88474970945,18.863822257895553,-1,,,,,,,,unassigned,,,,,,,,,,,,
1259,1209,620.5215300834972,620.5209690168904,,1720561.7022844665,86.07597531644913,299092.5663621527,9.036309981532357,-1,,,,,,,,unassigned,,,,,,,,,,,,
1260,1210,620.5473277450722,620.5467666562316,,15728876.675731057,207.79298068266758,352973.13387134497,84.74805073399645,-1,,,,,,,,unassigned,,,,,,,,,,,,
1261,1211,620.7693507456702,620.7687894654817,,5469674.138159669,104.2358299540965,344241.8732477916,28.878547651599778,-1,,,,,,,,unassigned,,,,,,,,,,,,
1262,1212,622.544357796017,622.5437949862551,,9560507.389520919,237.3806487823089,344915.2317796304,50.42721440019574,-1,,,,,,,,unassigned,,,,,,,,,,,,
1263,1213,622.767413242565,622.7668502406144,,5846350.227246648,239.06913834448176,355471.240972877,30.709673438447027,-1,,,,,,,,unassigned,,,,,,,,,,,,
1264,1214,623.7669883267573,623.7664244636222,,2270626.583442047,284.0353839539688,342949.41439431364,12.328504746981842,-1,,,,,,,,unassigned,,,,,,,,,,,,
1265,1215,624.5414234338963,624.5408589036218,,4212489.444900941,189.51355341298373,354272.4249924767,22.25315273413778,-1,,,,,,,,unassigned,,,,,,,,,,,,
1266,1216,624.764400030975,624.7638353086289,,3101712.8309801347,150.57292532820338,345194.23429580696,16.74901986236639,-1,,,,,,,,unassigned,,,,,,,,,,,,
1267,1217,625.7639377956149,625.7633722123363,,1541811.4854330507,125.00514009719515,286948.40545330127,8.121755417286511,-1,,,,,,,,unassigned,,,,,,,,,,,,
1268,1218,626.5385740853081,626.5380078348874,,1682063.4854381888,155.90881868555044,370793.8051025616,8.852457961450593,-1,,,,,,,,unassigned,,,,,,,,,,,,
1269,1219,628.7467898769834,628.7462217251376,,2735168.6456024805,201.4172208137889,365008.5304660107,14.361968588836808,-1,,,,,,,,unassigned,,,,,,,,,,,,
1270,1221,632.7880767488703,632.7875051185913,,2742069.8448574613,142.03286029993126,342209.94374971726,14.411712828273922,-1,,,,,,,,unassigned,,,,,,,,,,,,
1271,1222,632.8026543392724,632.8020826964495,,1622272.4317823746,143.28673045998727,256283.72586017792,8.5481106046242,-1,,,,,,,,unassigned,,,,,,,,,,,,
1272,1223,633.3529156614728,633.3523435451667,,1794562.7609272792,205.69081460157537,288883.5293284388,9.428213921962586,-1,,,,,,,,unassigned,,,,,,,,,,,,
1273,1225,636.7830285537824,636.7824534867208,,5350756.605972579,170.60467539065388,354869.25774102204,28.473871541584344,-1,,,,,,,,unassigned,,,,,,,,,,,,
1274,1226,637.7827517599618,637.7821758331322,,1834085.0177027956,186.67224744601606,350832.96430218,9.884987039496618,-1,,,,,,,,unassigned,,,,,,,,,,,,
1275,1227,638.5184963651794,638.5179198056752,,2265505.2781873182,348.92981763803795,326842.70885720244,11.943995220521995,-1,,,,,,,,unassigned,,,,,,,,,,,,
1276,1228,638.7799710932222,638.7793943088875,,3283858.8585212366,176.67941495677292,325883.974319303,17.251840012352343,-1,,,,,,,,unassigned,,,,,,,,,,,,
1277,1229,641.4442334166831,641.4436543418972,,2669542.5445534894,167.87450643495174,344099.0814978998,14.183830434095794,-1,,,,,,,,unassigned,,,,,,,,,,,,
1278,1230,642.7624937111952,642.7619135033976,,2864036.8705916037,170.80601685228004,338329.95086620597,15.059060160408245,-1,,,,,,,,unassigned,,,,,,,,,,,,
1279,1231,644.5425108129663,644.5419290755923,,1745558.8582765253,160.36176862565335,320680.3426496031,9.238311926814147,-1,,,,,,,,unassigned,,,,,,,,,,,,
1280,1234,647.1277197544904,647.1271357962572,,2102356.1924107037,137.63442674364984,322588.5880377067,11.068765494209543,-1,,,,,,,,unassigned,,,,,,,,,,,,
1281,1236,652.7956610629236,652.7950722381454,,1599809.3172701874,230.07574445430487,245434.9402289811,8.502231627035242,-1,,,,,,,,unassigned,,,,,,,,,,,,
1282,1237,652.99915748105,652.9985684816137,,1677389.0196219159,112.95092595796982,284666.72347996844,8.833299707072786,-1,,,,,,,,unassigned,,,,,,,,,,,,
1283,1238,653.4765533753937,653.4759639662333,,6820263.668143486,258.3633801631615,327300.39187343285,35.852152245121566,-1,,,,,,,,unassigned,,,,,,,,,,,,
1284,1240,658.2618193157336,658.2612258010163,,2252910.1756317657,201.50117053220134,324577.66682442604,11.853245594521855,-1,,,,,,,,unassigned,,,,,,,,,,,,
1285,1241,661.4637186982349,661.4631224378315,,2387648.1567345387,90.43038475796438,348001.71798187966,12.846785944360414,-1,,,,,,,,unassigned,,,,,,,,,,,,
1286,1242,662.7153855200015,662.7147881865786,,1927025.6806594622,195.67457416839122,291875.41488308227,10.378060007430708,-1,,,,,,,,unassigned,,,,,,,,,,,,
1287,1243,664.7124104853823,664.7118114403223,,2318009.679480773,129.53961424701984,304213.73669851694,12.27674384918917,-1,,,,,,,,unassigned,,,,,,,,,,,,
1288,1244,664.7235691152695,664.7229700606467,,2235768.4865159728,176.27498741717585,318733.1508469166,12.125494472522272,-1,,,,,,,,unassigned,,,,,,,,,,,,
1289,1246,667.646707217096,667.6461056578667,,1643672.1621762218,292.8351507220906,269816.9134393092,8.726416814228179,-1,,,,,,,,unassigned,,,,,,,,,,,,
1290,1247,668.494856226036,668.4942539402708,,2921414.067120064,197.25045761784847,330842.6537367041,15.35887003593463,-1,,,,,,,,unassigned,,,,,,,,,,,,
1291,1248,670.491947052267,670.4913430560804,,5157500.078424761,230.32470125978082,350993.3684932673,27.09582166528594,-1,,,,,,,,unassigned,,,,,,,,,,,,
1292,1249,672.4891095722638,672.4885038660337,,6258217.392598999,161.4816359182449,320595.2703695015,33.71583882713311,-1,,,,,,,,unassigned,,,,,,,,,,,,
1293,1250,672.9469391410212,672.9463330428425,,1920442.1132494814,176.41069949162176,298034.6918349675,10.15858035640074,-1,,,,,,,,unassigned,,,,,,,,,,,,
1294,1254,676.5089070442499,676.508297897455,,6511880.223909238,217.8319760179774,329534.9394877819,35.2538769329725,-1,,,,,,,,unassigned,,,,,,,,,,,,
1295,1257,682.5001579114166,682.4995436399851,,2737071.866100519,115.99572958297225,358969.6794221383,14.632873027933519,-1,,,,,,,,unassigned,,,,,,,,,,,,
1296,1258,682.7341484225851,682.7335339510893,,7549728.782428328,166.72860998087387,324555.47770435084,39.83572471680174,-1,,,,,,,,unassigned,,,,,,,,,,,,
1297,1259,683.7337044214872,683.7330890954286,,2828407.072019111,262.8384064768876,310563.3867324502,14.89436639470429,-1,,,,,,,,unassigned,,,,,,,,,,,,
1298,1260,684.7311877533929,684.7305715746531,,4416123.046755442,260.4435130931491,307241.52128432365,23.914879219118102,-1,,,,,,,,unassigned,,,,,,,,,,,,
1299,1261,685.7306530060159,685.730035973011,,2775569.7492579105,102.49779087789275,356136.09761459974,14.5932120802742,-1,,,,,,,,unassigned,,,,,,,,,,,,
1300,1262,688.7138839297976,688.7132643476131,,1645876.7784013988,83.16150130305114,356874.46885250934,8.944215916628512,-1,,,,,,,,unassigned,,,,,,,,,,,,
1301,1263,693.7093459821484,693.7087221335233,,3109562.590357718,345.0123980191636,299890.9604006379,16.601131582958754,-1,,,,,,,,unassigned,,,,,,,,,,,,
1302,1265,694.7415993059354,694.7409745760435,,1600484.6631404974,198.2457633396164,253924.35724959424,8.428287487331426,-1,,,,,,,,unassigned,,,,,,,,,,,,
1303,1268,696.7498708743489,696.7492444302694,,5747107.26000986,454.1619710174696,304636.2672143239,31.151993837766224,-1,,,,,,,,unassigned,,,,,,,,,,,,
1304,1269,697.749448022094,697.7488207249776,,4014746.21226816,242.6151675413426,316873.31314405124,21.380611885632742,-1,,,,,,,,unassigned,,,,,,,,,,,,
1305,1271,698.7469104298241,698.7462822815851,,3695756.031666698,261.3607693163441,284086.3871610826,19.675863355733835,-1,,,,,,,,unassigned,,,,,,,,,,,,
1306,1272,699.7461377008829,699.7455087001254,,1584344.1235646468,232.43092790645838,252181.21771934908,8.455848484857393,-1,,,,,,,,unassigned,,,,,,,,,,,,
1307,1273,702.7292865936269,702.7286550483674,,1642738.9995296192,178.58099039045857,314838.2695393934,8.923377113621072,-1,,,,,,,,unassigned,,,,,,,,,,,,
1308,1274,710.765299297078,710.7646609023128,,2413107.989191905,166.17980185172215,272429.3590316362,12.976188188842093,-1,,,,,,,,unassigned,,,,,,,,,,,,
1309,1276,724.4306632784317,724.4300132523165,,1973568.7388148205,87.26067713208832,288927.57813239825,10.376043349075148,-1,,,,,,,,unassigned,,,,,,,,,,,,
1310,1277,726.4279296933597,726.4272779689837,,1702924.859893555,474.4240141093683,243139.67424107637,9.035301652354576,-1,,,,,,,,unassigned,,,,,,,,,,,,
1311,1278,726.4536616754167,726.453009929164,,1775135.1158838691,171.16210534557575,246185.97502690883,9.438297213740379,-1,,,,,,,,unassigned,,,,,,,,,,,,
1312,1282,734.467577203044,734.4669186470621,,1915892.971158807,134.2657656656989,272797.8566971492,10.322601902652844,-1,,,,,,,,unassigned,,,,,,,,,,,,
1313,1285,740.4586206686488,740.4579570264722,,1739121.54794364,143.32756737779093,291449.9493328127,9.157981702317727,-1,,,,,,,,unassigned,,,,,,,,,,,,
1314,1286,740.6930479221215,740.6923840810044,,1917806.0130962909,486.3442283631692,245219.16037555033,10.19924963323784,-1,,,,,,,,unassigned,,,,,,,,,,,,
1315,1287,742.689811931456,742.6891463960837,,1543977.1517651484,123.55347105469698,280241.9576330231,8.219227237805178,-1,,,,,,,,unassigned,,,,,,,,,,,,
1316,1288,742.7009900248977,742.700324480042,,2870848.851061722,300.56286199036913,268085.4411625663,15.081579512045318,-1,,,,,,,,unassigned,,,,,,,,,,,,
1317,1289,743.7006197249751,743.6999533320994,,1945022.1081378616,212.93353410400357,355581.90037756803,10.219416216793427,-1,,,,,,,,unassigned,,,,,,,,,,,,
1318,1290,744.697955237361,744.6972879985213,,2535167.4228694164,62.0674403417537,269803.20169815334,13.319692328738915,-1,,,,,,,,unassigned,,,,,,,,,,,,
1319,1291,750.8208616667747,750.8201892367404,,1695260.8329978893,309.0316704728169,244004.23542007082,8.999674021406374,-1,,,,,,,,unassigned,,,,,,,,,,,,
1320,1292,756.7166809835841,756.7160035587912,,2520650.1881257407,141.46498303771827,299410.0063408502,13.475647241568785,-1,,,,,,,,unassigned,,,,,,,,,,,,
1321,1293,758.7133915340557,758.7127124185788,,2254005.025695823,313.0705717500887,280815.4016991264,12.078439110892571,-1,,,,,,,,unassigned,,,,,,,,,,,,
1322,1294,759.7136540580963,759.7129740958276,,1565573.5521444727,203.05318552036582,272086.1020526867,8.427615267879572,-1,,,,,,,,unassigned,,,,,,,,,,,,
1323,1296,761.3386275806573,761.3379462429705,,2215085.736206217,193.4725832044988,259042.1513455575,11.65258808814377,-1,,,,,,,,unassigned,,,,,,,,,,,,
1324,1297,761.7114229128658,761.7107412596768,,1669912.0283326923,188.78217053304562,295927.30861346406,8.812460904065347,-1,,,,,,,,unassigned,,,,,,,,,,,,
1325,1300,776.724060123051,776.7233657771712,,1594294.7538794503,202.85324885056312,213739.0789982578,8.461394295335179,-1,,,,,,,,unassigned,,,,,,,,,,,,
1326,1301,777.6500384849161,777.6493433569653,,1621138.2849611985,237.76734538392702,242361.01643444135,8.536850928805665,-1,,,,,,,,unassigned,,,,,,,,,,,,
1327,1303,784.5127566452067,784.5120557240255,,1748108.9727494242,128.46283261408806,295219.98674886604,9.496108086599728,-1,,,,,,,,unassigned,,,,,,,,,,,,
1328,1307,788.4063122738162,788.4056080681597,,2302910.153928471,94.35444075348391,284400.23124905844,12.24649397385579,-1,,,,,,,,unassigned,,,,,,,,,,,,
1329,1310,791.4649831313124,791.4642763466335,,4448112.731258252,449.5702393857447,259043.48999783513,23.647335877280657,-1,,,,,,,,unassigned,,,,,,,,,,,,
1330,1315,795.4594242225996,795.4587140714243,,1560770.4949034746,129.39684010957382,249166.50349925936,8.274013123131189,-1,,,,,,,,unassigned,,,,,,,,,,,,
