,Index,m/z,Calibrated m/z,Calculated m/z,Peak Height,Peak Area,Resolving Power,S/N,Ion Charge,m/z Error (ppm),m/z Error Score,Isotopologue Similarity,Confidence Score,DBE,O/C,H/C,Heteroatom Class,Ion Type,Adduct,Is Isotopologue,Mono Isotopic Index,Molecular Formula,C,H,O,N,P,S,13C
0,25,165.01945581318836,165.01931323866805,165.01933221933908,1692662.796872251,34.62911090905719,1203734.9797649393,8.859312189777281,-1,-0.11502089345712807,0.9976023480637112,0.0,0.5985614088382267,6.0,0.5,0.75,O4,de-protonated,,0.0,,C8 H6 O4,8.0,6.0,4.0,,,,
1,49,173.08208798558806,173.08193928525856,173.08193247717907,1660827.5195852413,53.6597190089695,1132087.957584687,8.757849301527873,-1,0.03933443192449438,0.9997193024427751,0.0,0.5998315814656651,2.0,0.5,1.75,O4,de-protonated,,0.0,,C8 H14 O4,8.0,14.0,4.0,,,,
2,139,233.1549049644924,233.15471068362172,233.15470349587906,4329278.242862875,86.7884230622364,857686.5441580389,23.03207563261568,-1,0.03082821210870787,0.9998275699080917,0.0,0.599896541944855,5.0,0.13333333333333333,1.4666666666666666,O2,de-protonated,,0.0,,C15 H22 O2,15.0,22.0,2.0,,,,
3,145,239.1290873815809,239.12888857369447,239.12888267055905,2293741.0125654186,51.16995573215449,754661.6336768132,12.12481514580429,-1,0.024685999244440062,0.9998894315452266,0.0,0.5999336589271359,4.0,0.3076923076923077,1.5384615384615385,O4,de-protonated,,0.0,,C13 H20 O4,13.0,20.0,4.0,,,,
4,164,247.94007654775214,247.9398710651781,247.93991664781908,1887355.0386275037,115.66613167468122,853074.2479327851,9.849910388212294,-1,-0.18384551223286275,0.993885951902779,0.0,0.5963315711416673,10.0,0.1,0.4,N1 S2 P1 O1,de-protonated,,0.0,,C10 H4 O1 N1 P1 S2,10.0,4.0,1.0,1.0,1.0,2.0,
5,169,250.14507730399762,250.14487015140926,250.1448670876491,1934364.5599523182,54.3269505211823,715264.1137231701,10.218380877118038,-1,0.012247943405784204,0.9999727808687651,0.0,0.5999836685212591,5.0,0.21428571428571427,1.5,N1 O3,de-protonated,,0.0,,C14 H21 O3 N1,14.0,21.0,3.0,1.0,,,
6,175,253.1447423160521,253.14453289182433,253.14453273501908,3774732.8596338434,69.19631658089645,840077.6152677296,20.26587688981602,-1,0.00061942970236834,0.9999999303793833,0.0,0.59999995822763,4.0,0.2857142857142857,1.5714285714285714,O4,de-protonated,,0.0,,C14 H22 O4,14.0,22.0,4.0,,,,
7,200,267.1603865383456,267.1601665036833,267.16018279947906,2489228.955456026,75.95164597383413,792063.6453937187,12.965889087871753,-1,-0.060996349094220456,0.9993251380767797,0.0,0.5995950828460678,4.0,0.26666666666666666,1.6,O4,de-protonated,,0.0,,C15 H24 O4,15.0,24.0,4.0,,,,
8,233,285.1263499725452,285.1261163455165,285.1261197656691,13713064.21046979,78.93451246881419,739637.5786618232,71.36579150342591,-1,-0.011995227276738496,0.9996414524231653,0.9946948498766621,0.997662811404564,4.0,0.2857142857142857,1.6428571428571428,P1 O4,de-protonated,,0.0,,C14 H23 O4 P1,14.0,23.0,4.0,,1.0,,
9,234,286.1296913263615,286.1294569405286,286.12947460073906,2173477.126418386,21.47895146909629,756073.4284173629,11.566769260432544,-1,-0.061721045987583247,0.9993090123363814,0.9946948498766621,0.9974633473524936,4.0,0.2857142857142857,1.6428571428571428,13C1 P1 O4,de-protonated,,1.0,233.0,C13 H23 O4 P1 13C1,13.0,23.0,4.0,,1.0,,1.0
10,251,293.17607394548946,293.17583423148915,293.1758328639391,24703246.123589218,119.7417689192781,745462.1260516301,129.2530393257199,-1,0.004664607045065231,0.9998885872732843,0.9947403172305418,0.9978292792561874,5.0,0.23529411764705882,1.5294117647058822,O4,de-protonated,,0.0,,C17 H26 O4,17.0,26.0,4.0,,,,
11,254,294.17941795372934,294.17917748116537,294.1791876990091,4361143.985079521,122.37246085706363,739756.2379988466,22.823809704103734,-1,-0.034733401153419614,0.9997811226007007,0.9947403172305418,0.9977648004526372,5.0,0.23529411764705882,1.5294117647058822,13C1 O4,de-protonated,,1.0,251.0,C16 H26 O4 13C1,16.0,26.0,4.0,,,,1.0
12,266,301.1213066176872,301.12106089763677,301.12103438523906,1692899.4267336135,88.83646691048202,594425.7551336711,8.847296847747746,-1,0.08804565169035161,0.9985943919034841,0.0,0.5991566351420904,4.0,0.35714285714285715,1.6428571428571428,P1 O5,de-protonated,,0.0,,C14 H23 O5 P1,14.0,23.0,5.0,,1.0,,
13,285,309.1709691320811,309.17071732897176,309.17074748350905,2509159.2085722266,60.79687983885659,570726.1009108679,13.290303322669203,-1,-0.09753360410189402,0.9982754030532393,0.0,0.5989652418319436,5.0,0.29411764705882354,1.5294117647058822,O5,de-protonated,,0.0,,C17 H26 O5,17.0,26.0,5.0,,,,
14,292,311.16889563600466,311.16864232338133,311.16863948322913,4258885.853058918,146.2324632855367,687705.9452694027,22.28979450279106,-1,0.009127372895224077,0.9999848838172611,0.0,0.5999909302903567,4.0,0.17647058823529413,1.6470588235294117,S1 O3,de-protonated,,0.0,,C17 H28 O3 S1,17.0,28.0,3.0,,,1.0,
15,293,311.18665635581016,311.18640302976837,311.1863975479691,2336724.1068784455,90.62207237735218,697943.6115413245,12.234288262073388,-1,0.017615806266029925,0.9999436950402566,0.0,0.599966217024154,4.0,0.29411764705882354,1.6470588235294117,O5,de-protonated,,0.0,,C17 H28 O5,17.0,28.0,5.0,,,,
16,297,314.1610926180053,314.1608370448807,314.1609110752791,1843822.5650961583,84.14577993208351,549953.7931029754,9.813864362123688,-1,-0.23564484254147192,0.9899750166361934,0.0,0.593985009981716,4.0,0.4,1.6666666666666667,N1 O6,de-protonated,,0.0,,C15 H25 O6 N1,15.0,25.0,6.0,1.0,,,
17,325,325.184559135941,325.1842952372886,325.18428954768905,6331579.368643394,44.69777466967467,631574.4341653978,32.954078073005185,-1,0.017496538867787216,0.9999444548609581,0.0,0.5999666729165748,4.0,0.16666666666666666,1.6666666666666667,S1 O3,de-protonated,,0.0,,C18 H30 O3 S1,18.0,30.0,3.0,,,1.0,
18,338,330.15614887265707,330.15588122038076,330.1558256948491,3584104.972538403,131.76358459447502,647858.8831997329,19.285958995407263,-1,0.16817977248480145,0.9948809733706958,0.0,0.5969285840224174,4.0,0.4666666666666667,1.6666666666666667,N1 O7,de-protonated,,0.0,,C15 H25 O7 N1,15.0,25.0,7.0,1.0,,,
19,345,334.1249408160569,334.12467016781665,334.12474004118906,1621349.7598459767,124.22393021414342,550146.1739945413,8.446785446763238,-1,-0.20912361174481678,0.9920961626500563,0.0,0.5952576975900338,3.0,0.2857142857142857,1.8571428571428572,N1 S1 P1 O4,de-protonated,,0.0,,C14 H26 O4 N1 P1 S1,14.0,26.0,4.0,1.0,1.0,1.0,
20,348,334.9713697133641,334.9710984262323,334.9710756726691,5346794.781085387,95.16341042271856,640302.9989586107,27.939675332679162,-1,0.06792694908061066,0.9991631333536826,0.0,0.5994978800122095,12.0,0.6666666666666666,0.4166666666666667,N2 P1 O8,de-protonated,,0.0,,C12 H5 O8 N2 P1,12.0,5.0,8.0,2.0,1.0,,
21,349,335.00329988125134,335.0030285700188,335.0029703993691,1577426.2743346654,57.595765648965624,546827.6136266827,8.397389040641817,-1,0.17364219081207685,0.9945439683991144,0.0,0.5967263810394686,1.0,1.0,2.125,S2 P1 O8,de-protonated,,0.0,,C8 H17 O8 P1 S2,8.0,17.0,8.0,,1.0,2.0,
22,363,339.20022345525086,339.1999489764674,339.1999396121491,2817704.662609529,47.93680145983127,633152.0758920955,14.963105940781157,-1,0.02760707542294045,0.9998617183342167,0.0,0.59991703100053,4.0,0.15789473684210525,1.6842105263157894,S1 O3,de-protonated,,0.0,,C19 H32 O3 S1,19.0,32.0,3.0,,,1.0,
23,380,346.1510625410147,346.1507828173767,346.1507403144191,1618805.0948787439,99.86967653969965,601165.251972443,8.665731679301436,-1,0.12278742356830225,0.9972680817660866,0.0,0.5983608490596519,4.0,0.5333333333333333,1.6666666666666667,N1 O8,de-protonated,,0.0,,C15 H25 O8 N1,15.0,25.0,8.0,1.0,,,
24,387,348.1302580248885,348.1299768080857,348.1300048695291,1604838.603113403,116.92934922117605,600128.9731607796,8.492176738874816,-1,-0.08060621896798491,0.9988217567775588,0.0,0.5992930540665352,4.0,0.6428571428571429,1.6428571428571428,N1 O9,de-protonated,,0.0,,C14 H23 O9 N1,14.0,23.0,9.0,1.0,,,
25,397,350.05497844113773,350.0546957723806,350.0547457280291,3697428.3981675953,64.44920854477961,620007.49011294,19.614378344214558,-1,-0.14270810234102488,0.9963115074475423,0.0,0.5977869044685253,10.0,0.42857142857142855,1.0,N3 P1 O6,de-protonated,,0.0,,C14 H14 O6 N3 P1,14.0,14.0,6.0,3.0,1.0,,
26,398,350.0587807488401,350.0584980772148,350.0584971538691,2150204.9928266406,90.19471000157392,567250.7354536839,11.397219434015769,-1,0.0026376896670428874,0.9999987375884766,0.0,0.5999992425530859,0.0,1.0,2.3333333333333335,N1 S2 O9,de-protonated,,0.0,,C9 H21 O9 N1 S2,9.0,21.0,9.0,1.0,,2.0,
27,404,358.18741924764817,358.18713044523713,358.18712582376907,3757140.4815584817,66.1157482091896,638608.875441904,19.611708268207995,-1,0.012902384625064512,0.9999697944159501,0.0,0.59998187664957,4.0,0.4117647058823529,1.7058823529411764,N1 O7,de-protonated,,0.0,,C17 H29 O7 N1,17.0,29.0,7.0,1.0,,,
28,471,393.2778990074956,393.2775837618956,393.2775350298391,1584702.1212216048,158.39608493614503,460934.86026833084,8.397389040641817,-1,0.12391263711686729,0.997217852247075,0.0,0.598330711348245,0.0,0.25,2.15,P1 O5,de-protonated,,0.0,,C20 H43 O5 P1,20.0,43.0,5.0,,1.0,,
29,474,396.2182992457108,396.2179817859876,396.21803202951907,2075795.9638628867,124.47652138570129,565902.6792511117,11.108851225306925,-1,-0.1268077861176282,0.9970865186300586,0.0,0.5982519111780351,10.0,0.16666666666666666,1.2916666666666667,N1 O4,de-protonated,,0.0,,C24 H31 O4 N1,24.0,31.0,4.0,1.0,,,
30,479,400.1980260429257,400.1977055868793,400.1976905077991,2182259.289518379,143.82722202632584,498490.96693530586,11.38253401597967,-1,0.03767907847307635,0.999742428126784,0.0,0.5998454568760704,5.0,0.42105263157894735,1.631578947368421,N1 O8,de-protonated,,0.0,,C19 H31 O8 N1,19.0,31.0,8.0,1.0,,,
31,514,421.2268707293687,421.2265344486703,421.2265482838091,1553202.0838637496,166.4646472743657,500864.23190798156,8.339982406500704,-1,-0.03284488803540256,0.9998042747325974,0.0,0.5998825648395584,2.0,0.35,1.9,S1 O7,de-protonated,,0.0,,C20 H38 O7 S1,20.0,38.0,7.0,,,1.0,
32,520,423.3271396330091,423.326801772543,423.3268542049391,1886985.9788930311,46.07044123285316,526934.463867644,9.856585578228701,-1,-0.1238579494361645,0.9972203040392869,0.0,0.5983321824235721,8.0,0.06896551724137931,1.5172413793103448,O2,de-protonated,,0.0,,C29 H44 O2,29.0,44.0,2.0,,,,
33,528,425.07332906228305,425.0729898884796,425.07303882000906,2204628.5003083083,145.43725779800144,551576.8670047736,11.550748804393164,-1,-0.1151132276302237,0.9975985016682593,0.0,0.5985591010009556,14.0,0.19047619047619047,0.9047619047619048,N2 S1 P1 O4,de-protonated,,0.0,,C21 H19 O4 N2 P1 S1,21.0,19.0,4.0,2.0,1.0,1.0,
34,533,426.07458786952446,426.07424794269934,426.07416101897905,3721994.887193866,165.80676945825212,500045.82248386793,19.73453176450991,-1,0.20401077615524832,0.9924764781279264,0.0,0.5954858868767559,5.0,0.6923076923076923,1.6923076923076923,N3 S1 P1 O9,de-protonated,,0.0,,C13 H22 O9 N3 P1 S1,13.0,22.0,9.0,3.0,1.0,1.0,
35,580,458.20347834085203,458.203114266674,458.20316981139905,3476082.7825541315,191.36386678538258,442826.92117329943,18.284680492946,-1,-0.12122291751169308,0.9973371639836377,0.0,0.5984022983901826,6.0,0.47619047619047616,1.5714285714285714,N1 O10,de-protonated,,0.0,,C21 H33 O10 N1,21.0,33.0,10.0,1.0,,,
36,596,473.28297725706693,473.2826018601641,473.2826204102691,4193435.957882302,184.98733949488954,428506.60830686707,22.443323873168456,-1,-0.039194561944130686,0.9997212948902698,0.0,0.5998327769341619,8.0,0.14285714285714285,1.5357142857142858,P1 O4,de-protonated,,0.0,,C28 H43 O4 P1,28.0,43.0,4.0,,1.0,,
37,598,475.161301512339,475.1609247055394,475.1609706458191,3755974.3718048595,156.6119698316345,458292.8312422654,19.833324576752755,-1,-0.09668361358462399,0.9983053058984005,0.0,0.5989831835390402,11.0,0.4166666666666667,1.1666666666666667,O10,de-protonated,,0.0,,C24 H28 O10,24.0,28.0,10.0,,,,
38,608,482.167209660488,482.166827595889,482.1667843020491,3885753.1168216155,91.17595986108506,455722.1687603351,20.26587688981602,-1,0.08979017490203253,0.9985381802011895,0.0,0.5991229081207137,9.0,0.5,1.3181818181818181,N1 O11,de-protonated,,0.0,,C22 H29 O11 N1,22.0,29.0,11.0,1.0,,,
39,611,483.0090115912907,483.0086288950347,483.0086291508791,9027590.845066866,111.29344708638153,442287.61603444855,47.96791545791105,-1,-0.0005296890541075098,0.9999999490908538,0.0,0.5999999694545123,8.0,1.0666666666666667,1.0666666666666667,S1 O16,de-protonated,,0.0,,C15 H16 O16 S1,15.0,16.0,16.0,,,1.0,
40,623,486.0056175391608,486.00523259453547,486.00527981054904,2476400.185028724,49.662749404821156,430463.66305567505,13.242241954551062,-1,-0.09715123586405472,0.9982888871256443,0.0,0.5989733322753866,29.0,0.03125,0.28125,N1 S2 O1,de-protonated,,0.0,,C32 H9 O1 N1 S2,32.0,9.0,1.0,1.0,,2.0,
41,638,497.15871662054604,497.1583233100605,497.1582077409291,4110526.0355511582,205.37122492648507,435715.4229877493,21.46474101676298,-1,0.23245946586901634,0.9902428966103933,0.0,0.5941457379662359,9.0,0.43478260869565216,1.3478260869565217,P1 O10,de-protonated,,0.0,,C23 H31 O10 P1,23.0,31.0,10.0,,1.0,,
42,640,498.09265125499047,498.0922572441367,498.09229920623915,20531317.912142523,144.67763794954328,453975.3453234352,107.14480999137514,-1,-0.08424563581954589,0.9980582500395636,0.9831029771430159,0.9920761408809444,6.0,0.8235294117647058,1.4705882352941178,N1 S1 O14,de-protonated,,0.0,,C17 H25 O14 N1 S1,17.0,25.0,14.0,1.0,,1.0,
43,641,498.09642003855305,498.096026024873,498.0959418357191,7895026.624127914,126.12108729604435,456830.1405015161,41.65852585440179,-1,0.16902196317393076,0.4974148545961574,0.7939170211058516,0.616015721200035,15.0,0.375,0.9166666666666666,N1 P1 O9,de-protonated,,0.0,,C24 H22 O9 N1 P1,24.0,22.0,9.0,1.0,1.0,,
44,642,498.1621698865586,498.16177582357307,498.1616989216191,1655335.4859576055,129.3131157007254,492726.2197741579,8.793895327616477,-1,0.15437147037324153,0.9956853129752601,0.0,0.597411187785156,9.0,0.5454545454545454,1.3181818181818181,N1 O12,de-protonated,,0.0,,C22 H29 O12 N1,22.0,29.0,12.0,1.0,,,
45,650,499.0959890617435,499.09559429850447,499.0956540413091,3298354.8300213586,173.15021137099467,364509.62899578485,17.382194802727575,-1,-0.11970211352043404,0.997403471908193,0.9831029771430159,0.9916832740021222,6.0,0.8235294117647058,1.4705882352941178,13C1 N1 S1 O14,de-protonated,,1.0,640.0,C16 H25 O14 N1 S1 13C1,16.0,25.0,14.0,1.0,,1.0,1.0
46,654,500.0896565217755,500.0892610134326,500.08932182608913,8765403.47053219,92.35684829263005,444410.94997188676,45.69301070031905,-1,-0.12160358940399803,0.9973204361734372,0.0,0.5983922617040623,6.0,1.0625,1.4375,N1 O17,de-protonated,,0.0,,C16 H23 O17 N1,16.0,23.0,17.0,1.0,,,
47,659,501.0869346403142,501.0865383841898,501.08658088418906,3862678.985174603,176.61631851631324,456249.2591323593,20.228495825724135,-1,-0.08481568034096446,0.9986955641691069,0.0,0.5992173385014641,18.0,0.07407407407407407,0.8518518518518519,N2 S2 P1 O2,de-protonated,,0.0,,C27 H23 O2 N2 P1 S2,27.0,23.0,2.0,2.0,1.0,2.0,
48,677,511.1379855321483,511.1375817411876,511.1374722960391,4196311.846246588,167.05535792281816,434738.4722936104,21.87726775977702,-1,0.2141207687324301,0.9917155015831581,0.0,0.5950293009498948,10.0,0.4782608695652174,1.2608695652173914,P1 O11,de-protonated,,0.0,,C23 H29 O11 P1,23.0,29.0,11.0,,1.0,,
49,723,559.0247315032208,559.0242918553022,559.024160074259,2113004.2318853433,99.63368101293221,398018.23249493935,11.030083983113306,-1,0.23573407474888858,0.9899674610494339,0.0,0.5939804766296604,26.0,0.26666666666666666,0.4,N2 S1 O8,de-protonated,,0.0,,C30 H12 O8 N2 S1,30.0,12.0,8.0,2.0,,1.0,
50,723,559.0247315032208,559.0242918553022,559.024293015989,2113004.2318853433,99.63368101293221,398018.23249493935,11.030083983113306,-1,-0.002076272547367062,0.9999992177917686,0.0,0.5999995306750612,13.0,0.8421052631578947,0.8947368421052632,N2 P1 O16,de-protonated,,0.0,,C19 H17 O16 N2 P1,19.0,17.0,16.0,2.0,1.0,,
51,738,573.1088768454927,573.1084266646578,573.108361700929,5333533.954918704,138.1737938260755,367643.1068573108,28.337516657657105,-1,0.11335330835745902,0.49883564324336976,0.7087183895694551,0.5827887417738039,28.0,0.05263157894736842,0.6052631578947368,S1 P1 O2,de-protonated,,0.0,,C38 H23 O2 P1 S1,38.0,23.0,2.0,,1.0,1.0,
52,740,574.1083983791968,574.1079474510899,574.1078301296191,2604200.2746679084,270.5329374799891,353389.42567627545,13.611379962458448,-1,0.2043544168562763,0.9924512071623579,0.0,0.5954707242974148,24.0,0.1875,0.65625,N3 S1 O6,de-protonated,,0.0,,C32 H21 O6 N3 S1,32.0,21.0,6.0,3.0,,1.0,
53,740,574.1083983791968,574.1079474510899,574.107963071349,2604200.2746679084,270.5329374799891,353389.42567627545,13.611379962458448,-1,-0.02720787743119795,0.9998656882566745,0.0,0.5999194129540047,11.0,0.6666666666666666,1.2380952380952381,N3 P1 O14,de-protonated,,0.0,,C21 H26 O14 N3 P1,21.0,26.0,14.0,3.0,1.0,,
54,743,575.0384088237704,575.0379572003869,575.0379734645988,1605153.8312903226,132.5467148946324,352261.21342086873,8.633690767222676,-1,-0.028283718071943714,0.9998548572630743,0.0,0.5999129143578446,39.0,0.024390243902439025,0.21951219512195122,N2 P1 O1,de-protonated,,0.0,,C41 H9 O1 N2 P1,41.0,9.0,1.0,2.0,1.0,,
55,743,575.0384088237704,575.0379572003869,575.0378350801691,1605153.8312903226,132.5467148946324,352261.21342086873,8.633690767222676,-1,0.21236901363456007,0.9918499489770001,0.0,0.5951099693862,12.0,0.7,1.05,N2 S1 P1 O14,de-protonated,,0.0,,C20 H21 O14 N2 P1 S1,20.0,21.0,14.0,2.0,1.0,1.0,
56,747,580.5595517464051,580.5590959959454,580.5591766195789,4186031.9296120084,282.35415803115967,376516.1183061744,22.325840528879667,-1,-0.1388723781152887,0.49825339005601815,0.7141928963326603,0.584629192566675,1.0,0.02702702702702703,2.054054054054054,N1 P1 O1,de-protonated,,0.0,,C37 H76 O1 N1 P1,37.0,76.0,1.0,1.0,1.0,,
57,748,593.0044896976829,593.0040246479397,593.004152168879,2232911.532990297,101.1043246200957,323599.9709333191,11.66756462968031,-1,-0.21504223689853721,0.9916443428900892,0.0,0.5949866057340535,7.0,1.0,1.3529411764705883,S2 P1 O17,de-protonated,,0.0,,C17 H23 O17 P1 S2,17.0,23.0,17.0,,1.0,2.0,
58,749,595.001524737584,595.0010581960208,595.001041846999,2303737.689725402,288.69676350651866,338162.692569338,12.118807474789522,-1,0.02747729953140417,0.9998630152641015,0.0,0.5999178091584608,20.0,0.4444444444444444,0.5925925925925926,S2 O12,de-protonated,,0.0,,C27 H16 O12 S2,27.0,16.0,12.0,,,2.0,
59,762,616.5273788297078,616.5268962155596,616.527010566719,5581806.566206674,191.50286457221947,380042.55051664996,29.142544573635963,-1,-0.18547631719019883,0.49688867047159674,0.7311359101322888,0.5905875663358735,1.0,0.17647058823529413,2.088235294117647,N3 O6,de-protonated,,0.0,,C34 H71 O6 N3,34.0,71.0,6.0,3.0,,,
60,766,618.5501705595902,618.549686435811,618.5496745639789,9019508.680204438,158.87866976049602,342500.37331642426,47.44458056062462,-1,0.019193013343201944,0.49996658083081935,0.7087183895694551,0.5834673043262737,4.0,0.02631578947368421,1.9473684210526316,N3 P1 O1,de-protonated,,0.0,,C38 H74 O1 N3 P1,38.0,74.0,1.0,3.0,1.0,,
61,770,619.3372227602514,619.3367380491201,619.3368865813691,1640800.7249216938,67.56261457889636,374456.3908361039,8.556926082033979,-1,-0.23982464506461373,0.9896180906429223,0.0,0.5937708543857534,0.0,0.48148148148148145,2.074074074074074,S1 O13,de-protonated,,0.0,,C27 H56 O13 S1,27.0,56.0,13.0,,,1.0,
62,791,657.4699941629511,657.4694810168172,657.469555259849,2703963.128545274,201.14382316406008,303202.1965141454,14.141390049761279,-1,-0.11292238737168825,0.9976889379493402,0.0,0.5986133627696041,4.0,0.2571428571428571,1.8857142857142857,N2 O9,de-protonated,,0.0,,C35 H66 O9 N2,35.0,66.0,9.0,2.0,,,
63,799,674.5118565336605,674.5113306937975,674.511360502259,3232166.23798375,516.5895706635396,285618.1451744786,16.920271653592113,-1,-0.0441926752052569,0.9996456948498139,0.0,0.5997874169098883,7.0,0.15384615384615385,1.7692307692307692,N3 O6,de-protonated,,0.0,,C39 H69 O6 N3,39.0,69.0,6.0,3.0,,,
64,801,678.5059543396609,678.5054255260327,678.5054269686589,4217367.999024041,343.92518182254014,339148.3173962153,22.00543140809206,-1,-0.002126182214718384,0.4999995898670928,0.6980173569463085,0.5792066966987791,5.0,0.075,1.85,N1 S1 P1 O3,de-protonated,,0.0,,C40 H74 O3 N1 P1 S1,40.0,74.0,3.0,1.0,1.0,1.0,
65,802,680.5029667064703,680.5024364061663,680.502449588509,2561136.1147429794,139.99797217211432,368993.4542567691,13.777592193867019,-1,-0.01937148446009498,0.9999319128982708,0.0,0.5999591477389624,5.0,0.15384615384615385,1.8461538461538463,N1 P1 O6,de-protonated,,0.0,,C39 H72 O6 N1 P1,39.0,72.0,6.0,1.0,1.0,,
66,813,730.4474882927619,730.4469208502102,730.447046167309,2670335.661107687,213.5293367134836,281818.7366391736,13.940466830267384,-1,-0.17156219541864923,0.9946735504310726,0.0,0.5968041302586435,10.0,0.175,1.625,N3 S1 O7,de-protonated,,0.0,,C40 H65 O7 N3 S1,40.0,65.0,7.0,3.0,,1.0,
67,814,736.4645926257332,736.4640207134963,736.4641355267889,1558117.1960844265,348.60164406697436,234956.4051397628,8.130548319735889,-1,-0.15589800924894356,0.9955997463914072,0.0,0.5973598478348443,8.0,0.275,1.675,N1 O11,de-protonated,,0.0,,C40 H67 O11 N1,40.0,67.0,11.0,1.0,,,
68,817,756.7163371489642,756.7157502011132,756.7156772641789,1833626.265892399,183.6088505600655,262090.8428411891,9.611606104626512,-1,0.09638618110820533,0.9983157080263645,0.0,0.5989894248158186,4.0,0.02,1.92,N1 P1 O1,de-protonated,,0.0,,C50 H96 O1 N1 P1,50.0,96.0,1.0,1.0,1.0,,
69,820,769.3769017300315,769.3763053887841,769.376442719429,1680550.4292799113,339.3950873081826,250933.15126439865,8.958105002020126,-1,-0.17849603553744742,0.9942355718397702,0.0,0.5965413431038621,10.0,0.40540540540540543,1.5675675675675675,N2 O15,de-protonated,,0.0,,C37 H58 O15 N2,37.0,58.0,15.0,2.0,,,
70,821,773.3705516254662,773.3699523221633,773.3699961215789,2977795.863035125,227.22856299305494,229317.7788704056,15.583231093305502,-1,-0.05663449038226754,0.49970908946102177,0.6444951140065156,0.5576234992792193,26.0,0.0196078431372549,1.0784313725490196,N2 S1 P1 O1,de-protonated,,0.0,,C51 H55 O1 N2 P1 S1,51.0,55.0,1.0,2.0,1.0,1.0,
71,825,789.4679672065776,789.4673559688171,789.467186278129,2575751.3083381588,141.47510650864743,257774.2081175092,13.840005220520437,-1,0.21494330732063438,0.9916519969428974,0.0,0.5949911981657384,6.0,0.3076923076923077,1.8205128205128205,N2 P1 O12,de-protonated,,0.0,,C39 H71 O12 N2 P1,39.0,71.0,12.0,2.0,1.0,,
72,827,790.4289667748172,790.4283548248278,790.428418722699,3098366.0840738653,334.07089838799106,253612.68209019824,16.305152893580075,-1,-0.08083954180655724,0.9988149298666549,0.0,0.5992889579199929,16.0,0.22727272727272727,1.3863636363636365,N3 O10,de-protonated,,0.0,,C44 H61 O10 N3,44.0,61.0,10.0,3.0,,,
73,828,791.4648821709017,791.4642694531915,791.4640759562491,2072768.1821449092,45.55312955551824,254858.4728254403,11.07380647772078,-1,0.24447975378006406,0.9892133462235808,0.0,0.5935280077341485,19.0,0.14285714285714285,1.3061224489795917,N2 O7,de-protonated,,0.0,,C49 H64 O7 N2,49.0,64.0,7.0,2.0,,,
74,829,792.400250452666,792.3996370417788,792.399821191839,1542557.4474055953,274.8430440601085,252511.04257968673,8.266388436569802,-1,-0.23239538339691163,0.9902482490695335,0.0,0.59414894944172,11.0,0.2926829268292683,1.5365853658536586,N1 S1 O12,de-protonated,,0.0,,C41 H63 O12 N1 S1,41.0,63.0,12.0,1.0,,1.0,
75,829,792.400250452666,792.3996370417788,792.399441069319,1542557.4474055953,274.8430440601085,252511.04257968673,8.266388436569802,-1,0.24731524231484228,0.9889630807990593,0.0,0.5933778484794355,16.0,0.20930232558139536,1.3953488372093024,N3 P1 O9,de-protonated,,0.0,,C43 H60 O9 N3 P1,43.0,60.0,9.0,3.0,1.0,,
76,830,792.4261950607197,792.4255816306061,792.425462569249,6382509.369335614,206.10793953858987,275156.72280289384,33.50277869235396,-1,0.15024928233411206,0.49795610079199976,0.6677691528855879,0.5658813216294349,14.0,0.08695652173913043,1.4782608695652173,N1 S2 P1 O4,de-protonated,,0.0,,C46 H68 O4 N1 P1 S2,46.0,68.0,4.0,1.0,1.0,2.0,
77,831,794.4232308284411,794.4226159184657,794.4224851890989,8628377.77777642,265.14530777895504,281721.1307876105,46.20166017956937,-1,0.16455899628357135,0.4975492412552998,0.672627141691601,0.5675804014298202,14.0,0.15555555555555556,1.4666666666666666,N1 S1 P1 O7,de-protonated,,0.0,,C45 H66 O7 N1 P1 S1,45.0,66.0,7.0,1.0,1.0,1.0,
78,832,794.5636516736736,794.5630366596467,794.563002152899,1553366.8417172695,188.48295461800527,227903.10233823207,8.140394225010091,-1,0.04342858608418472,0.9996578386911104,0.0,0.5997947032146662,20.0,0.037037037037037035,1.3518518518518519,N3 O2,de-protonated,,0.0,,C54 H73 O2 N3,54.0,73.0,2.0,3.0,,,
79,833,796.4201595520194,796.4195431623814,796.419374867219,7152218.023263669,170.91216301649465,296282.20512004977,37.4291254600054,-1,0.2113147516871237,0.49596517001872525,0.6270122956014686,0.5483840202518226,27.0,0.03636363636363636,1.0727272727272728,N1 S1 O2,de-protonated,,0.0,,C55 H59 O2 N1 S1,55.0,59.0,2.0,1.0,,1.0,
80,833,796.4201595520194,796.4195431623814,796.419507808949,7152218.023263669,170.91216301649465,296282.20512004977,37.4291254600054,-1,0.04439046513586185,0.4998212584227285,0.6775563317581001,0.5709152877568772,14.0,0.22727272727272727,1.4545454545454546,N1 P1 O10,de-protonated,,0.0,,C44 H64 O10 N1 P1,44.0,64.0,10.0,1.0,1.0,,
81,834,798.4172864554652,798.4166685861373,798.416748359989,4934411.137337522,69.37082075300648,283168.6456804937,25.885719364630287,-1,-0.09991505292261041,0.49909511706970194,0.7197526373226639,0.5873581251708868,4.0,0.2777777777777778,1.9444444444444444,N3 S2 P1 O10,de-protonated,,0.0,,C36 H70 O10 N3 P1 S2,36.0,70.0,10.0,3.0,1.0,2.0,
82,0,150.8871848374717,150.88705300504694,,5633823.891691742,21.83984889576595,1087234.170152925,29.648523976879723,-1,,,,,,,,unassigned,,,,,,,,,,,,
83,1,152.88382894023854,152.8836955897787,,54659940.13972413,56.143692343527306,1062920.5489513082,282.3017960219326,-1,,,,,,,,unassigned,,,,,,,,,,,,
84,2,152.8842324052718,152.8840990545052,,5396649.928827441,25.9628008243089,1234133.2245958573,28.430969317886824,-1,,,,,,,,unassigned,,,,,,,,,,,,
85,3,152.8856230999874,152.88548974816354,,17871914.59860088,61.760519086152314,1115927.041536439,94.499330024291,-1,,,,,,,,unassigned,,,,,,,,,,,,
86,4,154.282926173348,154.28279175923527,,1544161.1436697233,37.973880671985,1051765.949831822,8.197133340149563,-1,,,,,,,,unassigned,,,,,,,,,,,,
87,5,154.8808830346102,154.88074816592334,,22274895.793588433,36.23113183691734,1006439.0470243853,117.61150793710357,-1,,,,,,,,unassigned,,,,,,,,,,,,
88,6,154.88127582884098,154.8811409598555,,2290883.5848879637,25.01272293220262,1306266.7109756113,12.026022333561444,-1,,,,,,,,unassigned,,,,,,,,,,,,
89,7,154.8826649433202,154.88253007327873,,2887506.948435515,43.50392972498676,1014495.1311169812,15.36895749377879,-1,,,,,,,,unassigned,,,,,,,,,,,,
90,8,154.93322587450075,154.93309096602272,,2000631.8935182558,31.974108607779044,973868.2018029664,10.461357793715306,-1,,,,,,,,unassigned,,,,,,,,,,,,
91,9,156.87791188065918,156.87777549388423,,2907909.777915691,33.789171429437125,1035190.8970427001,15.240793845463749,-1,,,,,,,,unassigned,,,,,,,,,,,,
92,10,156.9217980364283,156.9216616162936,,3919462.2225594386,32.126236970915905,1043601.1902340663,20.655707986774274,-1,,,,,,,,unassigned,,,,,,,,,,,,
93,11,158.84682424376308,158.84668636039066,,1745789.044088483,53.10935991443487,1007752.386171625,9.147680398486125,-1,,,,,,,,unassigned,,,,,,,,,,,,
94,12,158.9188564348935,158.91871849677065,,2957245.0047182026,28.428280880925684,1191650.7882173327,15.507801446120085,-1,,,,,,,,unassigned,,,,,,,,,,,,
95,13,158.95671403776473,158.956576070867,,6589010.310872769,41.983587388375916,1096789.3183190888,34.51874261285132,-1,,,,,,,,unassigned,,,,,,,,,,,,
96,14,160.84218535876022,160.84204595880504,,32601630.18797422,97.00710804137182,1002514.2671671131,169.09057334364545,-1,,,,,,,,unassigned,,,,,,,,,,,,
97,15,160.84391673273038,160.8437773314593,,2534449.6434062338,50.587224449426685,1073120.088459547,13.179495168396823,-1,,,,,,,,unassigned,,,,,,,,,,,,
98,16,160.95376637249376,160.95362688773452,,4293383.138920272,29.948422741875746,946935.9174067087,22.68496575176244,-1,,,,,,,,unassigned,,,,,,,,,,,,
99,17,162.83923174366564,162.83909082596654,,32642529.946847696,60.34621591046502,1079893.0916121844,168.40703388596523,-1,,,,,,,,unassigned,,,,,,,,,,,,
100,18,162.8425932735731,162.84245235331935,,13885314.131276038,64.6594426326405,1075808.290814288,71.98524913694861,-1,,,,,,,,unassigned,,,,,,,,,,,,
101,19,162.90718050352876,162.90703953419109,,3736515.452998196,50.2120376781,1259635.9620699356,19.63039880025394,-1,,,,,,,,unassigned,,,,,,,,,,,,
102,20,163.83969633848423,163.83955466048272,,1621429.563757784,42.58272573297688,1543797.7184572583,8.405399268661506,-1,,,,,,,,unassigned,,,,,,,,,,,,
103,21,164.8362893742022,164.83614693887037,,13342441.63141399,41.61331361535571,1071884.9800602507,68.65299428075751,-1,,,,,,,,unassigned,,,,,,,,,,,,
104,22,164.8380362064886,164.83789376982935,,7025027.920481988,57.37210116111381,1014759.4913495068,37.14609740330968,-1,,,,,,,,unassigned,,,,,,,,,,,,
105,23,164.83964514159385,164.83950270371196,,15910488.176237833,68.94444902512977,977682.7743098238,83.34909262088233,-1,,,,,,,,unassigned,,,,,,,,,,,,
106,24,164.90423263332383,164.90409014636165,,3421591.475814588,25.63100936218425,1221123.5195668258,17.878828939948363,-1,,,,,,,,unassigned,,,,,,,,,,,,
107,26,165.70321337781579,165.70307028371587,,4907605.5593298795,16.993365705217062,1312745.8729627624,25.461844798588352,-1,,,,,,,,unassigned,,,,,,,,,,,,
108,27,166.02816570019303,166.02802235917048,,1549778.6585985415,36.53429024894137,1125619.9505138628,8.004887867677,-1,,,,,,,,unassigned,,,,,,,,,,,,
109,28,166.03643000619203,166.03628665888968,,1617023.1995880082,85.65642619999352,1134348.6591800745,8.480161396845281,-1,,,,,,,,unassigned,,,,,,,,,,,,
110,29,166.83507967852654,166.83493572436515,,5828226.4362939205,35.89542232787359,985692.1665592954,30.716554379505073,-1,,,,,,,,unassigned,,,,,,,,,,,,
111,30,166.83669354678685,166.8365495913992,,5154956.367074468,45.42645530389439,1075020.684522128,27.35225861123522,-1,,,,,,,,unassigned,,,,,,,,,,,,
112,31,166.85764496803293,166.85750099672546,,9682232.979586994,46.95846071340596,1032942.1520470065,50.517838044179065,-1,,,,,,,,unassigned,,,,,,,,,,,,
113,32,166.86070417228265,166.86056019865066,,1642805.8896245458,27.667447123296924,1300664.3774846687,8.81125082165914,-1,,,,,,,,unassigned,,,,,,,,,,,,
114,33,166.88420006356773,166.88405607208256,,3181001.472808856,29.444187414152175,1387336.9352482285,16.98168340174307,-1,,,,,,,,unassigned,,,,,,,,,,,,
115,34,167.5499232090052,167.54977871168165,,4323596.628100243,38.00653097909115,1250761.2954678717,22.631564231631174,-1,,,,,,,,unassigned,,,,,,,,,,,,
116,35,167.83685766592237,167.8367129505807,,4381985.972711216,50.537794084751276,932343.9138303237,23.560750681915227,-1,,,,,,,,unassigned,,,,,,,,,,,,
117,36,168.21565211057802,168.21550710742508,,3052314.9805312683,35.94269500666998,1114684.5219504472,16.052496951459016,-1,,,,,,,,unassigned,,,,,,,,,,,,
118,37,168.83215605203526,168.83201058046654,,2568971.8443164635,99.01152297295862,1036979.7011211861,13.483883833145047,-1,,,,,,,,unassigned,,,,,,,,,,,,
119,38,168.83640854900995,168.83626307421025,,3889895.6423387174,52.039711861086,1098872.349768696,20.69842920287929,-1,,,,,,,,unassigned,,,,,,,,,,,,
120,39,168.85469886649852,168.85455337780212,,14019475.94676072,56.774007907335694,1072447.956072986,74.1213099421993,-1,,,,,,,,unassigned,,,,,,,,,,,,
121,40,168.85779220506024,168.85764671401355,,1989075.614488253,43.40231204908615,1065124.2484300786,10.386595665531532,-1,,,,,,,,unassigned,,,,,,,,,,,,
122,41,168.881373917191,168.88122840822734,,1634776.538329872,51.944940303496026,1373028.965435916,8.821931125685394,-1,,,,,,,,unassigned,,,,,,,,,,,,
123,42,169.83389797723447,169.8337517445729,,3667608.832663461,50.887375143363215,1001112.6253344928,19.208526791216926,-1,,,,,,,,unassigned,,,,,,,,,,,,
124,43,169.83503641922553,169.83489018569907,,1812339.7075927295,23.71578513606532,1057280.2209035659,9.457409215247477,-1,,,,,,,,unassigned,,,,,,,,,,,,
125,44,170.85174475877545,170.851597752816,,8368243.57687541,62.60280679717521,1025803.5069229729,43.490197994904264,-1,,,,,,,,unassigned,,,,,,,,,,,,
126,45,171.8309654250391,171.83081767515682,,1570375.429852569,14.080918646981498,882182.8530117071,8.319956836451478,-1,,,,,,,,unassigned,,,,,,,,,,,,
127,46,171.83210344571833,171.83195569497153,,2416251.8306346303,19.566024563874983,1111858.9488604146,12.661500423123528,-1,,,,,,,,unassigned,,,,,,,,,,,,
128,47,172.83208792229286,172.83193941187852,,2320853.404629643,73.18573737369618,907982.6317735872,12.239628414086514,-1,,,,,,,,unassigned,,,,,,,,,,,,
129,48,172.84880297931116,172.848654456199,,1679633.2867906669,48.88052689437829,1005907.0836726113,8.594974665127506,-1,,,,,,,,unassigned,,,,,,,,,,,,
130,50,174.82917159094401,174.82902156347643,,1998816.674391045,64.53127916883396,868871.2601090374,10.522769541866264,-1,,,,,,,,unassigned,,,,,,,,,,,,
131,51,174.9323837870309,174.932233681163,,2919343.733894878,48.24796185238951,982324.1643369762,15.481100686054452,-1,,,,,,,,unassigned,,,,,,,,,,,,
132,52,176.89427179350704,176.89412019744444,,22276087.94147059,98.94632852186173,1019883.6976006349,116.88524726331833,-1,,,,,,,,unassigned,,,,,,,,,,,,
133,53,176.92804844855277,176.9278968268354,,2226283.4370416915,56.1069804698662,977560.543060098,11.625510932576939,-1,,,,,,,,unassigned,,,,,,,,,,,,
134,54,176.92941238876088,176.92926076600753,,2295016.168056188,45.21685616845022,942003.1829494553,12.159526133889614,-1,,,,,,,,unassigned,,,,,,,,,,,,
135,55,178.89133492242317,178.89118180956652,,8370802.321319353,71.76925881765455,1022935.5136865922,43.83196772374438,-1,,,,,,,,unassigned,,,,,,,,,,,,
136,56,178.92505383354876,178.92490069508318,,1614292.1659744398,29.3269915449476,1129650.8780294962,8.378698508595873,-1,,,,,,,,unassigned,,,,,,,,,,,,
137,57,184.8996063744987,184.89944869900793,,1584619.101391451,28.416759687198798,870903.5398038308,8.231844328234887,-1,,,,,,,,unassigned,,,,,,,,,,,,
138,58,186.20512452168217,186.20496585493458,,1672220.7835152813,35.95329455118006,1082794.2222352892,8.731148541462238,-1,,,,,,,,unassigned,,,,,,,,,,,,
139,59,186.87086020351163,186.87070103130242,,3364873.079279488,40.52187459531665,1189529.5586128132,17.665222859423295,-1,,,,,,,,unassigned,,,,,,,,,,,,
140,60,187.53659021262496,187.53643053497171,,2824540.210743495,33.56140311977384,1275438.1615910328,14.87766350857113,-1,,,,,,,,unassigned,,,,,,,,,,,,
141,61,188.84800627547622,188.8478456021919,,1926915.5924300142,26.826959651921346,1161823.7970734772,10.450677489689053,-1,,,,,,,,unassigned,,,,,,,,,,,,
142,62,188.88405576108016,188.88389506042768,,22468953.880996626,48.58545282261835,989511.0954661181,117.0988533438434,-1,,,,,,,,unassigned,,,,,,,,,,,,
143,63,190.8811071376949,190.88094492097628,,22631793.828579303,66.72791549472,962978.9064623485,122.18267806034007,-1,,,,,,,,unassigned,,,,,,,,,,,,
144,64,190.89218743990403,190.89202521477412,,3189169.272460193,43.26995283122487,1037879.5017464426,16.655934128942338,-1,,,,,,,,unassigned,,,,,,,,,,,,
145,65,191.90214171136427,191.9019787195712,,6187454.969006578,45.332864130072096,1034486.2110458064,32.50016515188941,-1,,,,,,,,unassigned,,,,,,,,,,,,
146,66,192.87676469264926,192.8766009610423,,2328492.083218976,27.97580442513122,1028425.1768688718,12.100784461745219,-1,,,,,,,,unassigned,,,,,,,,,,,,
147,67,192.8781642353508,192.8780005026815,,8669033.24274175,60.721405556109936,1016798.5518483744,44.96407995052725,-1,,,,,,,,unassigned,,,,,,,,,,,,
148,68,192.88923485519402,192.8890711141214,,2038538.8853622612,106.4042098152361,1087941.2019143142,10.637582810148489,-1,,,,,,,,unassigned,,,,,,,,,,,,
149,69,192.89850452195535,192.89834077384648,,22260062.373136874,116.63209507881255,999388.5150769488,116.88524726331833,-1,,,,,,,,unassigned,,,,,,,,,,,,
150,70,193.89919235669143,193.89902784901375,,6781235.251118284,102.35613258328823,962767.911369666,35.45860936716163,-1,,,,,,,,unassigned,,,,,,,,,,,,
151,71,194.89555735542555,194.89539209149018,,29221314.939272143,55.05618673079779,954356.2780914274,154.6080810840457,-1,,,,,,,,unassigned,,,,,,,,,,,,
152,72,195.8110655901542,195.81089963135904,,29606794.112019774,115.094268560158,990488.2654767775,158.41026931739196,-1,,,,,,,,unassigned,,,,,,,,,,,,
153,73,195.8127797826208,195.8126138225246,,2306172.5688249688,58.51090137465222,957915.3894426704,12.116804917784599,-1,,,,,,,,unassigned,,,,,,,,,,,,
154,74,195.89625280082697,195.896086777377,,2776704.7977779843,53.84427438175538,1012555.6969033635,14.690758188111694,-1,,,,,,,,unassigned,,,,,,,,,,,,
155,75,196.8926072486411,196.8924404690012,,8215968.74599796,62.694169641941826,897297.6808347452,43.650402555298065,-1,,,,,,,,unassigned,,,,,,,,,,,,
156,76,197.80811404015492,197.80794656571123,,35446357.08940411,78.60077141687104,948902.6884694252,186.69171437891123,-1,,,,,,,,unassigned,,,,,,,,,,,,
157,77,198.80855320486114,198.8083849711849,,1647917.3016347475,53.99909780295586,840554.6598325116,8.602984893147196,-1,,,,,,,,unassigned,,,,,,,,,,,,
158,78,198.8762361032243,198.87606781818462,,3101393.9566093995,75.31811654748643,883702.2795573461,16.169980295747802,-1,,,,,,,,unassigned,,,,,,,,,,,,
159,79,198.88965638134624,198.88948808612216,,1675686.5949812038,47.682533761320485,1136417.612712451,8.773869757567253,-1,,,,,,,,unassigned,,,,,,,,,,,,
160,80,199.8051619766828,199.80499298671074,,19030390.258891918,118.83573191830072,981054.4592288195,101.03567608835813,-1,,,,,,,,unassigned,,,,,,,,,,,,
161,81,199.9324327262052,199.93226363965343,,2383565.1201194115,72.16863755709105,954573.8617305256,12.693541335202289,-1,,,,,,,,unassigned,,,,,,,,,,,,
162,82,200.92878206733272,200.92861222471564,,4352419.6926828865,54.66435613804737,963633.7886202123,22.802449096051227,-1,,,,,,,,unassigned,,,,,,,,,,,,
163,83,201.01772294253544,201.0175530324283,,4002060.755697043,70.4111402254832,1075899.2548045812,21.37128835653326,-1,,,,,,,,unassigned,,,,,,,,,,,,
164,84,201.6072170273883,201.6070466699677,,1547612.367303639,54.60371565537137,1099293.748570782,8.165092428070803,-1,,,,,,,,unassigned,,,,,,,,,,,,
165,85,201.80221743833062,201.80204693294422,,5906758.306287974,53.68678756862893,937955.9388172409,31.421454445237806,-1,,,,,,,,unassigned,,,,,,,,,,,,
166,86,201.92949492756117,201.92932432559758,,2247623.9063316067,90.27146791868152,794769.6354555266,11.668232148681952,-1,,,,,,,,unassigned,,,,,,,,,,,,
167,87,202.82849069169563,202.82831940759468,,33486680.95316829,71.62405767904559,979095.1308887085,178.6601257511686,-1,,,,,,,,unassigned,,,,,,,,,,,,
168,88,202.89971105254997,202.8995397144097,,6409706.687048368,108.07231942155133,986734.2057393703,33.397310690094706,-1,,,,,,,,unassigned,,,,,,,,,,,,
169,89,202.92584459933497,202.92567324136556,,4412807.650943012,96.17572314807002,937378.1245936804,23.208300649048862,-1,,,,,,,,unassigned,,,,,,,,,,,,
170,90,203.01479654079617,203.01462511533364,,1883842.9590230319,21.916850411844177,1098963.7199953974,10.140948672927701,-1,,,,,,,,unassigned,,,,,,,,,,,,
171,91,204.79167405743928,204.7915012838042,,2678061.6786173186,58.3146712204761,769910.781995684,13.884395234129554,-1,,,,,,,,unassigned,,,,,,,,,,,,
172,92,204.8255391315338,204.82536633220516,,35114335.87186985,108.10847683389011,930912.7007129827,183.35945952272013,-1,,,,,,,,unassigned,,,,,,,,,,,,
173,93,204.89676460734177,204.89659175397418,,6526526.539830196,126.84679354802387,947139.7108309406,34.82847142961267,-1,,,,,,,,unassigned,,,,,,,,,,,,
174,94,204.90786516349394,204.90769230170434,,2026862.482082111,70.27149128194175,932849.235380065,10.658943418200996,-1,,,,,,,,unassigned,,,,,,,,,,,,
175,95,206.78871515670144,206.78854086796196,,1911543.0595285078,35.93917241264669,984982.3068844777,10.183669889032714,-1,,,,,,,,unassigned,,,,,,,,,,,,
176,96,206.78965177771065,206.78947748826062,,2806538.867402472,54.86345661903199,905173.0290056895,14.599975603888538,-1,,,,,,,,unassigned,,,,,,,,,,,,
177,97,206.82259746301204,206.82242314856794,,22130411.10617726,131.16559651653995,962817.3730789108,116.24442902174313,-1,,,,,,,,unassigned,,,,,,,,,,,,
178,98,206.8501821689126,206.85000783354155,,5213229.328839654,85.01836233441682,959811.3508042971,27.330898003182714,-1,,,,,,,,unassigned,,,,,,,,,,,,
179,99,206.8937977092316,206.89362334077197,,2536997.713233179,75.2755600005917,947764.1990469809,13.334359576777498,-1,,,,,,,,unassigned,,,,,,,,,,,,
180,100,208.78669921050036,208.78652340606092,,2152135.5579583594,105.33176262724764,1033923.7758796654,11.449285916143754,-1,,,,,,,,unassigned,,,,,,,,,,,,
181,101,208.81963260482954,208.81945677540733,,5302792.57804096,23.0411610760146,956142.0274473329,27.939675332679162,-1,,,,,,,,unassigned,,,,,,,,,,,,
182,102,208.8454407467609,208.8452648977611,,91386150.3953337,69.79184534445812,934897.2366371907,485.6547846817993,-1,,,,,,,,unassigned,,,,,,,,,,,,
183,103,208.84723692216062,208.84706107179827,,6782332.929384985,61.18049113719052,955389.091738647,36.04602608860557,-1,,,,,,,,unassigned,,,,,,,,,,,,
184,104,208.9027712243996,208.9025953319099,,10937363.014979616,68.82974952712863,963248.9247764524,59.10480248128688,-1,,,,,,,,unassigned,,,,,,,,,,,,
185,105,208.93478329134797,208.93460737457457,,27962673.55350187,92.51492295052141,946920.1292488415,144.8676438121025,-1,,,,,,,,unassigned,,,,,,,,,,,,
186,106,209.93436237135444,209.93418569633513,,3683865.939967921,29.84355596777843,911950.0209064301,19.368731351610727,-1,,,,,,,,unassigned,,,,,,,,,,,,
187,107,210.84248619327636,210.84230882941193,,128848714.53663036,164.0809740288665,927830.1953394496,679.4382209341428,-1,,,,,,,,unassigned,,,,,,,,,,,,
188,108,210.84427588266283,210.8440985174409,,3465453.54995747,58.26353999744732,837194.3867173056,18.033693348329038,-1,,,,,,,,unassigned,,,,,,,,,,,,
189,109,210.89845372214964,210.89827631583262,,2867308.30237336,79.11774694602089,798092.2929915766,15.101949893122454,-1,,,,,,,,unassigned,,,,,,,,,,,,
190,110,210.89980757556842,210.89963016822446,,7811097.776565224,67.84186445742817,901072.8501993733,40.788081076262124,-1,,,,,,,,unassigned,,,,,,,,,,,,
191,111,210.93182037568212,210.9316429440558,,9965070.232043497,139.05508549028568,856548.1218154787,51.948998783697036,-1,,,,,,,,unassigned,,,,,,,,,,,,
192,112,211.78635337063633,211.78617529084042,,1542201.6358831413,49.14841270756595,997633.6523736016,8.226504176221761,-1,,,,,,,,unassigned,,,,,,,,,,,,
193,113,212.83954262809985,212.83936374948223,,67802725.24868166,82.23306431701609,937824.2004144018,358.85821528211767,-1,,,,,,,,unassigned,,,,,,,,,,,,
194,114,214.836597617163,214.83641722391306,,16530306.81149282,82.841541010568,940766.340335955,87.85618091996132,-1,,,,,,,,unassigned,,,,,,,,,,,,
195,115,214.93508628799714,214.93490582005325,,1857071.759996797,43.05304997157192,894469.8340965095,9.703056207851308,-1,,,,,,,,unassigned,,,,,,,,,,,,
196,116,216.93303887174588,216.93285688861465,,2272937.467020093,63.88728955770952,984796.1739497052,11.865817773167642,-1,,,,,,,,unassigned,,,,,,,,,,,,
197,117,218.9393783114031,218.9391948068448,,1853765.4065271793,123.86195232345257,836984.6933768142,9.67368537177911,-1,,,,,,,,unassigned,,,,,,,,,,,,
198,118,220.8012590308465,220.8010741145137,,1534903.6935919812,45.194199995545404,813358.3508352166,8.183782960116746,-1,,,,,,,,unassigned,,,,,,,,,,,,
199,119,220.9364341383455,220.93624911952003,,2107229.9811996603,65.33247103599189,904495.7598561576,11.008723375060798,-1,,,,,,,,unassigned,,,,,,,,,,,,
200,120,222.79831594784173,222.7981295173526,,2465963.8107769447,49.13856826785079,898682.3391173559,13.120753496252428,-1,,,,,,,,unassigned,,,,,,,,,,,,
201,121,222.91842658850626,222.9182400669538,,5156267.489831374,79.53210142556249,906186.2793816612,27.10661161863139,-1,,,,,,,,unassigned,,,,,,,,,,,,
202,122,222.950434633077,222.95024808725734,,20492695.087995853,152.17011977318842,905093.539708502,106.93120391085007,-1,,,,,,,,unassigned,,,,,,,,,,,,
203,123,223.94999126762465,223.9498039639968,,2104520.7063594945,43.70590546177029,873709.0058245112,11.208979075553051,-1,,,,,,,,unassigned,,,,,,,,,,,,
204,124,224.79372691237919,224.79353896910126,,1691053.4589220788,67.95293660391272,857173.740074026,9.04087735822359,-1,,,,,,,,unassigned,,,,,,,,,,,,
205,125,224.81940543000695,224.81921746726206,,3325374.3751771045,47.488090581684226,911741.315890181,17.47297738695073,-1,,,,,,,,unassigned,,,,,,,,,,,,
206,126,224.914097289033,224.91390925450207,,2729372.652116275,114.77241201022328,770943.1793310554,14.591965375868849,-1,,,,,,,,unassigned,,,,,,,,,,,,
207,127,224.91548624439827,224.91529820881436,,4129444.87185486,25.3319436698713,942334.0758632126,21.713058085373373,-1,,,,,,,,unassigned,,,,,,,,,,,,
208,128,224.94748450362323,224.94729644378145,,7303395.503972676,221.31774566420273,861529.4094334893,39.153994560245344,-1,,,,,,,,unassigned,,,,,,,,,,,,
209,129,226.8164472567282,226.81625778007935,,5362940.317160871,66.21918667905067,897454.6596672061,27.982396548784177,-1,,,,,,,,unassigned,,,,,,,,,,,,
210,130,226.8368716553444,226.836682163213,,5257479.156014567,94.96008704103455,922928.709845409,27.66198742799657,-1,,,,,,,,unassigned,,,,,,,,,,,,
211,131,226.8688949610288,226.86870544462238,,27578668.55789345,148.8522468487542,907951.9239904805,145.7647893503078,-1,,,,,,,,unassigned,,,,,,,,,,,,
212,132,228.8135080107864,228.813317020339,,2619717.130328864,107.47897139988305,889382.9914245774,14.001878578418342,-1,,,,,,,,unassigned,,,,,,,,,,,,
213,133,228.83392550975898,228.8337345038355,,9219772.104544947,59.22870412328343,875023.9696045346,47.93320446982572,-1,,,,,,,,unassigned,,,,,,,,,,,,
214,134,228.86593868950897,228.86574765932008,,25317688.1024849,107.75989228104993,889161.1317656783,132.9484245188036,-1,,,,,,,,unassigned,,,,,,,,,,,,
215,135,229.8654860965613,229.86529430874876,,1650386.3667130275,30.247250681286054,964845.7550906922,8.672406869317845,-1,,,,,,,,unassigned,,,,,,,,,,,,
216,136,230.83097249765834,230.83077997806774,,4526341.549153053,78.52538636241627,828102.3778048226,24.254970443621705,-1,,,,,,,,unassigned,,,,,,,,,,,,
217,137,230.86299425307263,230.86280170921202,,9076652.051402826,52.57978419656492,869020.9956191318,48.3283757187971,-1,,,,,,,,unassigned,,,,,,,,,,,,
218,138,232.92487578548497,232.92468167894336,,11527622.242308531,48.26138714985147,896172.5600699403,60.62140565301488,-1,,,,,,,,unassigned,,,,,,,,,,,,
219,140,233.9244295807605,233.92423471671222,,1545210.8239088987,80.6591557434982,983779.6135517104,8.087660223880466,-1,,,,,,,,unassigned,,,,,,,,,,,,
220,141,234.8991798775543,234.89898427482547,,2287464.7955950554,67.14149530103192,750101.9423713397,12.12481514580429,-1,,,,,,,,unassigned,,,,,,,,,,,,
221,142,236.89624449986584,236.89604738382022,,1932026.24149948,128.63467906850056,778057.571840135,10.343874449426517,-1,,,,,,,,unassigned,,,,,,,,,,,,
222,143,236.96610562432195,236.96590845533981,,9284979.289372226,82.19638349660812,881372.0376139076,48.798309095952256,-1,,,,,,,,unassigned,,,,,,,,,,,,
223,144,238.96314132101608,238.96294263886304,,2466220.3736652937,111.54901718489126,853935.7990176664,13.230226612521527,-1,,,,,,,,unassigned,,,,,,,,,,,,
224,146,239.7605488287975,239.76034954247547,,1621855.8241324474,37.20104582102647,815477.7106054573,8.635025805225958,-1,,,,,,,,unassigned,,,,,,,,,,,,
225,147,240.82576608686148,240.82556599348973,,2355019.7332916223,31.084974809641295,911010.2493693539,12.501295862729725,-1,,,,,,,,unassigned,,,,,,,,,,,,
226,148,240.85252685259877,240.8523267389525,,1644322.8751180198,84.32031985122622,855750.064004076,8.744498921495055,-1,,,,,,,,unassigned,,,,,,,,,,,,
227,149,240.8845566618001,240.88435652388736,,28021530.781738654,90.07493959260539,882421.454430343,147.04642583345822,-1,,,,,,,,unassigned,,,,,,,,,,,,
228,150,241.13666047425215,241.13646014534126,,9632235.580987973,65.3209482031175,860746.1237837685,50.774165340809155,-1,,,,,,,,unassigned,,,,,,,,,,,,
229,151,241.75764916271618,241.75744836334184,,1579524.4592189065,45.70325074822652,839334.0961543586,8.445450408759957,-1,,,,,,,,unassigned,,,,,,,,,,,,
230,152,242.82282096209047,242.82261935576477,,3949229.1144960867,30.582512890905125,868156.7923452425,20.783871635089316,-1,,,,,,,,unassigned,,,,,,,,,,,,
231,153,242.84960674703,242.8494051204124,,2810935.888432317,48.404760803305635,881633.481206719,14.653377124019805,-1,,,,,,,,unassigned,,,,,,,,,,,,
232,154,242.88160833808914,242.88140668722835,,25548595.365466155,46.80850194576409,871468.5476276806,134.18733978584902,-1,,,,,,,,unassigned,,,,,,,,,,,,
233,155,243.13370758000354,243.1335057381632,,3735077.483594077,96.3343099483531,766335.5300447658,19.491554847912642,-1,,,,,,,,unassigned,,,,,,,,,,,,
234,156,243.8811888064178,243.88098639832901,,1565348.1156060288,40.88544519701304,881192.7872262726,8.181112884110183,-1,,,,,,,,unassigned,,,,,,,,,,,,
235,157,244.80960732983556,244.80940421845406,,2907153.081201761,60.43251035739374,811665.9192211833,15.35293703773941,-1,,,,,,,,unassigned,,,,,,,,,,,,
236,158,244.81986508901838,244.8196619698666,,2053861.0565315024,46.95464864347083,905018.65345021,10.861869194699812,-1,,,,,,,,unassigned,,,,,,,,,,,,
237,159,244.87866001709043,244.87845685340136,,8076795.943463117,78.26591671243293,879080.3445879976,42.35808576812139,-1,,,,,,,,unassigned,,,,,,,,,,,,
238,160,246.80002780333376,246.79982318426235,,2275021.8243206004,98.48098367843969,830148.9416373728,11.895188609239838,-1,,,,,,,,unassigned,,,,,,,,,,,,
239,161,246.80664567101658,246.80644104693252,,4002133.7784752953,68.75545525492099,878978.4995067068,20.853293611259964,-1,,,,,,,,unassigned,,,,,,,,,,,,
240,162,246.87571692595725,246.87551224955573,,1810717.992399069,136.90880284395595,701775.0740653506,9.449398987227786,-1,,,,,,,,unassigned,,,,,,,,,,,,
241,163,246.9405306440624,246.94032591856836,,8399931.529952925,84.46518741447368,828835.0580597253,43.7572055955606,-1,,,,,,,,unassigned,,,,,,,,,,,,
242,165,248.7971161288826,248.79690999719017,,2075831.0752587607,65.93504363023021,870948.0797738719,10.877889650739192,-1,,,,,,,,unassigned,,,,,,,,,,,,
243,166,248.80370009703455,248.8034939603555,,2365335.2155345557,69.55124546044426,823937.6148363262,12.383812518440937,-1,,,,,,,,unassigned,,,,,,,,,,,,
244,167,248.8961454634055,248.89593925671002,,3906982.962594591,126.3355247950839,851842.1585163024,20.671728442813656,-1,,,,,,,,unassigned,,,,,,,,,,,,
245,168,248.9148330029301,248.91462678208106,,2279059.8613406145,112.71175350693255,881760.258891496,12.082093929699274,-1,,,,,,,,unassigned,,,,,,,,,,,,
246,170,250.89413629969616,250.89392857982185,,2808820.1852368,91.54581712556183,764370.5228660472,14.883003660584256,-1,,,,,,,,unassigned,,,,,,,,,,,,
247,171,250.90342306476816,250.9032153378608,,1582380.7137419921,82.86102684730713,594145.0674066984,8.349327672523676,-1,,,,,,,,unassigned,,,,,,,,,,,,
248,172,250.91186999009287,250.91166225678847,,1975399.9528879263,77.69795784059257,904796.4994531026,10.498738857807194,-1,,,,,,,,unassigned,,,,,,,,,,,,
249,173,252.1737877648416,252.1735790758859,,20813355.199800156,71.10682682472796,837002.1179553451,108.91774045973322,-1,,,,,,,,unassigned,,,,,,,,,,,,
250,174,252.9097628927096,252.90955364642144,,2239524.7926100693,159.06872831317924,912127.4471939814,11.95126020537767,-1,,,,,,,,unassigned,,,,,,,,,,,,
251,176,253.17715866775248,253.17694921897737,,2545395.5798055013,126.20922167099047,835819.2557242062,13.574666417368203,-1,,,,,,,,unassigned,,,,,,,,,,,,
252,177,254.1708425969018,254.17063239567267,,6554859.783568381,116.47583318600702,884495.4179871245,34.20901379608997,-1,,,,,,,,unassigned,,,,,,,,,,,,
253,178,254.77022848195307,254.77001782686125,,2662776.6291262307,120.67217828454436,803663.4672871003,14.012558882444596,-1,,,,,,,,unassigned,,,,,,,,,,,,
254,179,256.7672526459986,256.7670404788123,,3808852.7820137045,45.23736952679698,869165.0649690966,20.02557004922532,-1,,,,,,,,unassigned,,,,,,,,,,,,
255,180,256.83490647224477,256.8346942538348,,4014293.7304710797,67.16849701551905,803206.3607258218,21.179042884060696,-1,,,,,,,,unassigned,,,,,,,,,,,,
256,181,258.7642913473443,258.7640776681722,,2430224.291695605,57.98915533220307,831270.7984240107,12.917827719753612,-1,,,,,,,,unassigned,,,,,,,,,,,,
257,182,258.83191836885317,258.8317046384818,,2084804.0535062563,69.72328096270664,781983.2706065554,10.797787370542292,-1,,,,,,,,unassigned,,,,,,,,,,,,
258,183,260.78715492479023,260.7869397142021,,56755909.78725221,119.17390271856645,819900.1878208164,297.16877922647745,-1,,,,,,,,unassigned,,,,,,,,,,,,
259,184,260.9525132194499,260.95229788368204,,1841987.1188916431,81.71144794688966,710983.1986359312,9.671015295772547,-1,,,,,,,,unassigned,,,,,,,,,,,,
260,185,260.95620093387873,260.9559855953193,,3501899.74939322,99.82965841839375,758736.0413038996,18.204578212749094,-1,,,,,,,,unassigned,,,,,,,,,,,,
261,186,261.8438082006848,261.8435921902024,,3063019.462932654,59.365229920129906,613941.5314962582,16.133934269659196,-1,,,,,,,,unassigned,,,,,,,,,,,,
262,187,262.78419941510356,262.78398269276636,,86089202.9803376,85.62593879369683,816876.20859208,450.62338747568776,-1,,,,,,,,unassigned,,,,,,,,,,,,
263,188,264.78125481470585,264.781036580731,,57923292.41609426,120.43506725261466,813635.5900629234,301.44090083697887,-1,,,,,,,,unassigned,,,,,,,,,,,,
264,189,264.81062926703345,264.81041101082496,,2506795.9553114814,38.564675171581456,790174.7873564891,13.07536220414085,-1,,,,,,,,unassigned,,,,,,,,,,,,
265,190,264.8507564241452,264.8505381375644,,1671815.369099866,102.02253914515632,769889.0603956962,8.749839073508182,-1,,,,,,,,unassigned,,,,,,,,,,,,
266,191,264.91908180417664,264.9188634658804,,1900820.0229232532,65.12025061111252,721134.9339762949,9.897971756330433,-1,,,,,,,,unassigned,,,,,,,,,,,,
267,192,265.8377160569036,265.8374970233066,,1705946.4311244865,110.22902427132271,732280.0618960015,8.894023177862605,-1,,,,,,,,unassigned,,,,,,,,,,,,
268,193,266.7783062018953,266.7780864564057,,18294537.298117314,86.16017257286725,783760.5393483788,97.8743060965871,-1,,,,,,,,unassigned,,,,,,,,,,,,
269,194,266.80410614007945,266.80388637506337,,169766787.02279568,128.56262251782084,797106.8220203511,899.0252717139149,-1,,,,,,,,unassigned,,,,,,,,,,,,
270,195,266.8058893330451,266.8056695666794,,2887759.242566368,98.40333191215707,837694.4158557808,15.048548372991185,-1,,,,,,,,unassigned,,,,,,,,,,,,
271,196,266.80765426103767,266.8074344933362,,1801404.9607864032,51.356393519694635,742286.7052268414,9.457409215247477,-1,,,,,,,,unassigned,,,,,,,,,,,,
272,197,266.84870880791937,266.8484890091461,,4118597.9085633266,45.47910121978555,697745.3949414629,21.627615653163343,-1,,,,,,,,unassigned,,,,,,,,,,,,
273,198,266.89346298011657,266.89324314747154,,2039562.6539754998,88.64799893047345,821711.0788275572,10.560150605958151,-1,,,,,,,,unassigned,,,,,,,,,,,,
274,199,266.92541713145334,266.9251972746241,,3364206.3837441225,53.307984813185406,800953.944135849,18.028353196315912,-1,,,,,,,,unassigned,,,,,,,,,,,,
275,201,268.16871905312405,268.1684982553389,,13014100.035539769,156.99044772585512,802593.6743207383,67.94809421502478,-1,,,,,,,,unassigned,,,,,,,,,,,,
276,202,268.7753440929381,268.77512283606364,,4088094.181150688,108.5791300546726,787163.9878379471,21.52081261290081,-1,,,,,,,,unassigned,,,,,,,,,,,,
277,203,268.8011628939121,268.80094161749844,,313446849.22554827,159.54747919316205,803215.9706974352,1640.1529287036979,-1,,,,,,,,unassigned,,,,,,,,,,,,
278,204,268.8695703781075,268.86934904992427,,3440397.6225284557,104.8381030944577,801390.7531354266,18.204578212749094,-1,,,,,,,,unassigned,,,,,,,,,,,,
279,205,268.9015897781031,268.90136842568825,,6929887.453455978,155.09434599845102,805119.2541406926,36.04602608860557,-1,,,,,,,,unassigned,,,,,,,,,,,,
280,206,268.92249465711944,268.92227328888424,,2558635.3562705503,95.3521575496896,809756.1896192832,13.425142161000654,-1,,,,,,,,unassigned,,,,,,,,,,,,
281,207,270.1657770662529,270.16555475715097,,3991463.665186327,123.93259045336849,828185.8936277659,20.997477715614387,-1,,,,,,,,unassigned,,,,,,,,,,,,
282,208,270.7982116764973,270.79798888881186,,195352997.23570025,160.56387226836952,785270.5571510472,1035.2205086566996,-1,,,,,,,,unassigned,,,,,,,,,,,,
283,209,270.8438919046508,270.8436690823981,,2713546.1963589448,89.41329122400239,826959.175317115,14.215484658943412,-1,,,,,,,,unassigned,,,,,,,,,,,,
284,210,270.86663417581354,270.8664113363513,,2515141.9532032185,125.74312889238271,779278.9673181659,13.374410716875948,-1,,,,,,,,unassigned,,,,,,,,,,,,
285,211,270.8986605238523,270.8984376601551,,2459199.850417961,45.01022908456974,903643.1349774968,12.83772543955671,-1,,,,,,,,unassigned,,,,,,,,,,,,
286,212,272.79526723780737,272.7950429389648,,70574440.01365693,122.89774643885625,771264.812105673,376.37391388517347,-1,,,,,,,,unassigned,,,,,,,,,,,,
287,213,272.8409266376419,272.8407023042506,,2193599.319834705,48.65803448334325,732780.9139617974,11.542738576373473,-1,,,,,,,,unassigned,,,,,,,,,,,,
288,214,274.79231716879497,274.79209135891927,,12553692.81823945,79.88668700621052,790423.6913261347,65.79067280172158,-1,,,,,,,,unassigned,,,,,,,,,,,,
289,215,274.8380071521977,274.8377813077529,,1829022.6149454513,19.656148080903655,825942.9801907896,9.652324763726604,-1,,,,,,,,unassigned,,,,,,,,,,,,
290,216,275.036564317069,275.0363383223962,,15549939.693367664,63.097070335052635,762978.1206541745,83.69086234972245,-1,,,,,,,,unassigned,,,,,,,,,,,,
291,217,276.03609471717397,276.03586796627616,,1999161.5162242015,74.41380932916184,687283.4959154179,10.557480529951588,-1,,,,,,,,unassigned,,,,,,,,,,,,
292,218,276.76109840337534,276.7608711039728,,1779971.117951305,72.53493690657425,741514.1282415943,9.457409215247477,-1,,,,,,,,unassigned,,,,,,,,,,,,
293,219,277.0158192092888,277.01559171717986,,1534511.01770415,128.11882567322408,726502.0566477401,8.203808530165972,-1,,,,,,,,unassigned,,,,,,,,,,,,
294,220,277.03364565714713,277.0334181515518,,4959266.373473964,58.86544080240321,862747.3987449361,25.819634983467843,-1,,,,,,,,unassigned,,,,,,,,,,,,
295,221,278.7581320284729,278.7579032182874,,2923590.6023450247,89.40578398504223,696385.8849584083,15.376967721798481,-1,,,,,,,,unassigned,,,,,,,,,,,,
296,222,278.7599492788441,278.7597204672839,,1676299.5129670603,102.06810757685453,859440.3371240502,8.781879985586942,-1,,,,,,,,unassigned,,,,,,,,,,,,
297,223,278.99509258415253,278.99486359471115,,3116721.02532249,49.40779381518551,749567.5500599253,16.589182228778252,-1,,,,,,,,unassigned,,,,,,,,,,,,
298,224,280.20509444620694,280.20486454144964,,8065022.447729311,143.67918818339143,726208.2937861509,43.04162522580162,-1,,,,,,,,unassigned,,,,,,,,,,,,
299,225,280.75698523020264,280.75675490797755,,3331794.736608206,70.21762948317254,737263.0485141224,17.507688375036054,-1,,,,,,,,unassigned,,,,,,,,,,,,
300,226,282.2021346123273,282.2019031969886,,2694262.6993611646,80.87143181590378,678120.3686051836,14.423750587455356,-1,,,,,,,,unassigned,,,,,,,,,,,,
301,227,282.75404731717293,282.753815484383,,2524144.897630942,57.10480585444546,737550.9201424924,13.136773952291808,-1,,,,,,,,unassigned,,,,,,,,,,,,
302,228,282.7780573531638,282.77782550221355,,10225243.59195376,45.89132507545707,759199.7871524676,53.454921651398784,-1,,,,,,,,unassigned,,,,,,,,,,,,
303,229,282.88524976170766,282.88501782968126,,3516942.9453986804,27.065742424908617,806942.4276025624,18.599749461720474,-1,,,,,,,,unassigned,,,,,,,,,,,,
304,230,282.917231722223,282.9169997660067,,4407939.453639779,92.53386877575376,800374.4157150639,23.43792718561331,-1,,,,,,,,unassigned,,,,,,,,,,,,
305,231,284.7751011921325,284.7748678307524,,16978635.02123233,128.3314313798125,754104.7028529536,88.83876889037664,-1,,,,,,,,unassigned,,,,,,,,,,,,
306,232,284.8823025331827,284.88206909072613,,2014579.007274368,49.57066534042633,668524.5043344074,10.784436990509475,-1,,,,,,,,unassigned,,,,,,,,,,,,
307,235,286.7721651137903,286.7719302420849,,9773996.648284644,66.57470131802583,775021.5506399836,51.8421957434345,-1,,,,,,,,unassigned,,,,,,,,,,,,
308,236,286.8801616697028,286.8799267163259,,2961287.2135658097,73.32792032642097,749990.5375087549,15.972394671262114,-1,,,,,,,,unassigned,,,,,,,,,,,,
309,237,286.9121562925917,286.91192131501924,,27412743.561612114,165.95548923378314,746304.1070754478,143.0733527356919,-1,,,,,,,,unassigned,,,,,,,,,,,,
310,238,287.91174248112617,287.911506747643,,4811532.683115216,56.79697453533526,757669.8318826839,25.910417567691,-1,,,,,,,,unassigned,,,,,,,,,,,,
311,239,288.15047481587646,288.1502389018627,,2192587.683381979,61.946145901993425,840578.6828897985,11.863147697161079,-1,,,,,,,,unassigned,,,,,,,,,,,,
312,240,288.7692176667569,288.7689812848546,,3326603.5397043484,104.89113612946313,632036.6194707821,17.48899784299011,-1,,,,,,,,unassigned,,,,,,,,,,,,
313,241,288.90923900944944,288.9090025216656,,7900075.976330102,132.02853500432576,820073.992449129,41.56774327017863,-1,,,,,,,,unassigned,,,,,,,,,,,,
314,242,289.1214459933019,289.12120934505236,,4757784.142565507,81.82429498087095,744826.9372893344,24.794325796947508,-1,,,,,,,,unassigned,,,,,,,,,,,,
315,243,289.73113453962543,289.73089743035183,,4817216.193693705,77.90831317340377,733719.7954966679,25.771573615349702,-1,,,,,,,,unassigned,,,,,,,,,,,,
316,244,290.1475345034696,290.1472970793361,,2316787.980837837,91.13859474721947,643574.1284581801,12.239628414086514,-1,,,,,,,,unassigned,,,,,,,,,,,,
317,245,291.1184697464328,291.11823158814906,,1687177.9013175338,152.04656894029478,652595.7717481481,8.931404241954493,-1,,,,,,,,unassigned,,,,,,,,,,,,
318,246,291.20987480609386,291.2096365786977,,6126067.9943831405,102.95120547436619,726729.8261868126,32.40404241565313,-1,,,,,,,,unassigned,,,,,,,,,,,,
319,247,292.1323478230595,292.1321088981854,,2019923.5724921736,64.6888960557882,683855.3371691991,10.650933190181306,-1,,,,,,,,unassigned,,,,,,,,,,,,
320,248,292.84568198435386,292.8454425201483,,6765347.333039795,176.48438615447392,741805.8011597835,35.474629823201006,-1,,,,,,,,unassigned,,,,,,,,,,,,
321,249,292.89168798899226,292.89144849000337,,2317077.3442834206,70.66638714873451,740673.0765817233,12.383812518440937,-1,,,,,,,,unassigned,,,,,,,,,,,,
322,250,293.01076238639376,293.0105227973778,,1669313.25233054,63.65308909647285,703729.8523791076,8.8432917337379,-1,,,,,,,,unassigned,,,,,,,,,,,,
323,252,293.20692182342077,293.20668208609794,,2037403.1322735986,68.93553730399395,614359.9235143476,10.781766914502912,-1,,,,,,,,unassigned,,,,,,,,,,,,
324,253,293.72500784484896,293.72476771583143,,5016405.381194272,79.27103616702297,702733.524504509,26.609977481410603,-1,,,,,,,,unassigned,,,,,,,,,,,,
325,255,294.843637469592,294.84339649487106,,12194784.291603008,114.3803448272612,734192.7997935263,63.494407436077076,-1,,,,,,,,unassigned,,,,,,,,,,,,
326,256,296.200032066602,296.1997900664736,,6436699.224574104,117.47954931760198,726374.8039447237,33.64829783471166,-1,,,,,,,,unassigned,,,,,,,,,,,,
327,257,296.84157943628605,296.84133695117987,,6116240.043431696,138.8354198658381,719882.497913262,32.08363329486552,-1,,,,,,,,unassigned,,,,,,,,,,,,
328,258,297.7740816502205,297.77383846021115,,3013135.2828219426,96.1740712291013,706580.5669591711,15.74810828671079,-1,,,,,,,,unassigned,,,,,,,,,,,,
329,259,298.1971025334626,298.19685902368917,,2195236.7583184843,80.5663977857772,563093.1642940524,11.481326828222516,-1,,,,,,,,unassigned,,,,,,,,,,,,
330,260,298.78441968709086,298.78417573336964,,1701568.9497772097,45.89164311663742,666492.6545494985,8.98480576208576,-1,,,,,,,,unassigned,,,,,,,,,,,,
331,261,298.8118065839697,298.81156260954725,,2377028.6556749376,79.93835045314539,728954.8716681759,12.60809890299226,-1,,,,,,,,unassigned,,,,,,,,,,,,
332,262,300.78144121823146,300.78119575505707,,2421680.3708984246,88.18477595950482,670827.9401989541,12.653490195103837,-1,,,,,,,,unassigned,,,,,,,,,,,,
333,263,300.809757774872,300.8095122902954,,3603175.3446988575,138.53830499535226,693880.3382305673,18.941519190560587,-1,,,,,,,,unassigned,,,,,,,,,,,,
334,264,300.89583778442574,300.89559223478807,,1800071.2112897912,83.22612395539544,768762.2425796574,9.39599746709652,-1,,,,,,,,unassigned,,,,,,,,,,,,
335,265,300.9278203287394,300.9275747549288,,18774670.89824337,109.5082871387583,705693.6603672063,100.54438210315047,-1,,,,,,,,unassigned,,,,,,,,,,,,
336,267,301.7643404045534,301.7640941984965,,3419336.763827717,100.10546499444922,638503.0153042462,18.08709486846031,-1,,,,,,,,unassigned,,,,,,,,,,,,
337,268,301.76787694667564,301.7676307379458,,5528489.472905831,138.72571065703627,602143.2967319553,29.15722999167206,-1,,,,,,,,unassigned,,,,,,,,,,,,
338,269,301.9273662219476,301.92711989267735,,3219285.8870928055,120.76358057519705,667005.3114107092,16.906921273559295,-1,,,,,,,,unassigned,,,,,,,,,,,,
339,270,302.8077289046305,302.8074819100045,,2603415.2853652863,58.81942141893957,709161.0681101521,13.617387633473216,-1,,,,,,,,unassigned,,,,,,,,,,,,
340,271,302.9249059623282,302.9246588791445,,5317197.182338837,101.59779065832944,773528.1732817086,27.827532140403502,-1,,,,,,,,unassigned,,,,,,,,,,,,
341,272,304.7653362441821,304.7650877701296,,3866693.9929767232,121.90042221799513,685898.4091963024,20.59429623862332,-1,,,,,,,,unassigned,,,,,,,,,,,,
342,273,304.8013812570236,304.8011327557318,,8889635.655184843,41.97621319810837,727246.6236971619,47.057419539672935,-1,,,,,,,,unassigned,,,,,,,,,,,,
343,274,304.8142603617043,304.8140118506798,,5339383.104832928,85.30383062737063,726322.4890933201,28.34018673366367,-1,,,,,,,,unassigned,,,,,,,,,,,,
344,275,305.75810658957136,305.7578573652945,,3202941.143569427,57.811871740782664,616487.8375457549,16.685304965014534,-1,,,,,,,,unassigned,,,,,,,,,,,,
345,276,306.76236916118825,306.76211917803266,,3003472.428475905,86.5127576059669,746502.565181642,16.081867787531213,-1,,,,,,,,unassigned,,,,,,,,,,,,
346,277,306.7984411108187,306.79819110040563,,13279493.438383088,145.65410589578198,712028.8012943692,69.63558225117283,-1,,,,,,,,unassigned,,,,,,,,,,,,
347,278,306.8112979655213,306.811047945393,,7415802.964685924,201.88569401708915,717177.5760242163,39.45304307298044,-1,,,,,,,,unassigned,,,,,,,,,,,,
348,279,306.879994217314,306.8797441452761,,2189118.527255425,116.75717703044924,626057.3320081759,11.576114526455516,-1,,,,,,,,unassigned,,,,,,,,,,,,
349,280,306.90733177302883,306.90708168033365,,1547292.354656243,90.37734890586839,730825.182539904,8.102345641916564,-1,,,,,,,,unassigned,,,,,,,,,,,,
350,281,308.2364293026403,308.2361782056546,,17407966.028880373,70.54827946927148,722752.3670400076,90.31265084599961,-1,,,,,,,,unassigned,,,,,,,,,,,,
351,282,308.7594066514742,308.7591551593318,,1976824.5674350003,116.28869113156506,612949.9372399756,10.513424275843292,-1,,,,,,,,unassigned,,,,,,,,,,,,
352,283,308.79548675261236,308.7952352332085,,9094150.377167398,83.58788987463477,730049.7161576623,47.5487135248806,-1,,,,,,,,unassigned,,,,,,,,,,,,
353,284,308.80838540684323,308.80813387769336,,3786535.8947934886,118.32260136367701,716998.2821233685,19.811963968700248,-1,,,,,,,,unassigned,,,,,,,,,,,,
354,286,309.2397791652803,309.2395273101802,,3090673.3966269107,108.35413091721796,693913.5151134176,16.34353523617442,-1,,,,,,,,unassigned,,,,,,,,,,,,
355,287,309.7520193475951,309.7517671054665,,2279213.485158981,54.93133662272225,527992.1783941875,11.929899597325162,-1,,,,,,,,unassigned,,,,,,,,,,,,
356,288,310.2334801107836,310.2332275048895,,6150648.498811254,92.92450942081223,663276.7755195798,32.756492448519495,-1,,,,,,,,unassigned,,,,,,,,,,,,
357,289,310.79254940014704,310.79229637185927,,3443578.8629262904,61.75805104127829,738977.9244803898,18.31939148103132,-1,,,,,,,,unassigned,,,,,,,,,,,,
358,290,310.8385880080035,310.83833494493257,,1683713.0719848226,59.28077893953834,631582.2979889427,8.789890213606633,-1,,,,,,,,unassigned,,,,,,,,,,,,
359,291,310.9022586474332,310.9020055362579,,7755097.572964834,75.58482050929895,692857.9326961505,40.836142444380265,-1,,,,,,,,unassigned,,,,,,,,,,,,
360,294,311.9018205446778,311.9015666783302,,1700063.193747909,183.41894407125778,640016.2208364862,8.87399760781338,-1,,,,,,,,unassigned,,,,,,,,,,,,
361,295,312.72888087547886,312.7286263843071,,2603694.1349786688,106.98576620859853,603766.5936099951,13.836333866011413,-1,,,,,,,,unassigned,,,,,,,,,,,,
362,296,312.8840050929063,312.88375048454424,,2062352.5130143082,89.07252257674722,700938.6297532045,10.744385850411025,-1,,,,,,,,unassigned,,,,,,,,,,,,
363,298,314.72591942166287,314.72566342186127,,4095404.5861026617,84.95916013348234,690004.1746912327,21.296526228349485,-1,,,,,,,,unassigned,,,,,,,,,,,,
364,299,314.8810661152225,314.88080999822296,,2057048.7554056358,107.31061899151531,716545.1657781467,10.763076382456967,-1,,,,,,,,unassigned,,,,,,,,,,,,
365,300,314.9434966432296,314.94324047907014,,7613693.258199821,73.90533312556325,672751.3398654097,40.40893028333013,-1,,,,,,,,unassigned,,,,,,,,,,,,
366,301,316.7229541744427,316.72269666613397,,3817719.6952139284,73.62243348234043,690764.4231353942,19.9321173889956,-1,,,,,,,,unassigned,,,,,,,,,,,,
367,302,316.9405550874727,316.94029741480125,,2541794.340184825,176.4512496260336,750020.2002293163,13.347709956810315,-1,,,,,,,,unassigned,,,,,,,,,,,,
368,303,318.7200318381397,318.7197728214111,,1732745.8238919773,43.677182379225414,575823.6423325996,9.082263536325323,-1,,,,,,,,unassigned,,,,,,,,,,,,
369,304,318.7458208389662,318.74556180275965,,21237106.92122501,170.3835219473793,687268.8841422363,111.41693160187654,-1,,,,,,,,unassigned,,,,,,,,,,,,
370,305,318.8170225785385,318.81676348855456,,2145248.4886589134,84.81566572439485,685570.0183694283,11.390544243999361,-1,,,,,,,,unassigned,,,,,,,,,,,,
371,306,318.8299086008039,318.82964950108743,,5047315.88203482,121.07626130396785,730218.5070787127,26.34831003276739,-1,,,,,,,,unassigned,,,,,,,,,,,,
372,307,319.2411654129975,319.24090600266936,,5626642.700859374,155.28685198154153,623472.1298512387,29.70726564902412,-1,,,,,,,,unassigned,,,,,,,,,,,,
373,308,320.726264408104,320.72600387616137,,1615037.9403358812,84.22500504388341,559238.2794201559,8.461470864799338,-1,,,,,,,,unassigned,,,,,,,,,,,,
374,309,320.74286931391805,320.742608769435,,44609261.989781976,166.97939898845405,677078.328173801,236.97458573451271,-1,,,,,,,,unassigned,,,,,,,,,,,,
375,310,320.8140710481326,320.8138104498764,,3170183.2135459916,64.69200767872216,717315.7030340973,16.960322793690562,-1,,,,,,,,unassigned,,,,,,,,,,,,
376,311,320.8269813173124,320.82672070930613,,6148521.783158762,22.413098229776633,680318.3555291849,33.19438491359589,-1,,,,,,,,unassigned,,,,,,,,,,,,
377,312,321.1030703277616,321.1028095112485,,2739417.696624704,68.94687028636409,574894.33462708,14.455791499534117,-1,,,,,,,,unassigned,,,,,,,,,,,,
378,313,321.6738453572709,321.67358410970655,,2495366.6141450494,68.19546441756007,614663.9638044277,13.270277752619977,-1,,,,,,,,unassigned,,,,,,,,,,,,
379,314,322.2157283349962,322.21546667820894,,2433459.5073404238,122.56146491787683,582604.7884283952,12.820369945514049,-1,,,,,,,,unassigned,,,,,,,,,,,,
380,315,322.2817327674258,322.2814710607935,,1768189.1385082125,168.35438901751482,461691.6973110572,9.426703341171997,-1,,,,,,,,unassigned,,,,,,,,,,,,
381,316,322.73992686109744,322.7396648084508,,36937600.54350526,178.00053449091615,684358.1839121148,193.22806044297838,-1,,,,,,,,unassigned,,,,,,,,,,,,
382,317,322.8111092241085,322.81084711770774,,2523370.998071036,106.08306554294742,722522.5155840558,13.25692737258716,-1,,,,,,,,unassigned,,,,,,,,,,,,
383,318,322.824044815272,322.82378269910265,,3135868.790870403,115.71965364940152,619636.3044369164,16.44499812442383,-1,,,,,,,,unassigned,,,,,,,,,,,,
384,319,324.231353761147,324.23109058226356,,8992746.597927889,135.15897197243152,678730.0553175062,46.897214979279134,-1,,,,,,,,unassigned,,,,,,,,,,,,
385,320,324.7369807940504,324.7367172333627,,17853076.2219172,168.43878443421175,665820.4643574418,93.96531482297831,-1,,,,,,,,unassigned,,,,,,,,,,,,
386,321,324.7627730958485,324.762509515685,,48264061.64343228,132.99741398650178,672547.5806455545,254.14851460872836,-1,,,,,,,,unassigned,,,,,,,,,,,,
387,322,324.76460971844574,324.76434613689537,,1965236.5745284075,117.46879276927679,738228.245621926,10.303823309328067,-1,,,,,,,,unassigned,,,,,,,,,,,,
388,323,324.8521024670447,324.85183881942845,,4466926.300676222,137.0942185731871,659123.9332324447,23.464627945678945,-1,,,,,,,,unassigned,,,,,,,,,,,,
389,324,324.9179115520246,324.917647854716,,7672208.03238419,65.1642114096619,678256.7959777052,40.11522192260816,-1,,,,,,,,unassigned,,,,,,,,,,,,
390,326,325.66768094299516,325.6674166795461,,2205342.4378500357,58.220556511840286,683240.4863432081,11.53205827234722,-1,,,,,,,,unassigned,,,,,,,,,,,,
391,327,326.22839833400246,326.22813364717445,,2803534.408592171,75.05288904233005,612838.9343667158,14.888343812597382,-1,,,,,,,,unassigned,,,,,,,,,,,,
392,328,326.7340274300772,326.7337623614737,,4076135.3949469347,109.07953642099025,640666.7874318003,21.430030028677653,-1,,,,,,,,unassigned,,,,,,,,,,,,
393,329,326.7598208930389,326.7595558049602,,95160919.07438295,127.35952799625208,672296.2039488087,496.0787614114227,-1,,,,,,,,unassigned,,,,,,,,,,,,
394,330,326.7616080327855,326.7613429433574,,1653285.8659308986,53.84925115668196,641146.2057723654,8.66973679331128,-1,,,,,,,,unassigned,,,,,,,,,,,,
395,331,326.80671620484054,326.80645108135394,,1629734.8941200397,138.92460107652357,553414.480061908,8.52688772696014,-1,,,,,,,,unassigned,,,,,,,,,,,,
396,332,326.84919356705484,326.8489284114961,,4112148.958512768,102.72319916043524,682688.7269463969,21.68101717329461,-1,,,,,,,,unassigned,,,,,,,,,,,,
397,333,328.75687884631714,328.75661225043535,,83472394.13078177,62.36819364475474,673142.5741366268,437.63613777976354,-1,,,,,,,,unassigned,,,,,,,,,,,,
398,334,328.80468832601395,328.80442169403693,,4041610.169986503,132.84299451110314,604806.5320793786,21.18171296006726,-1,,,,,,,,unassigned,,,,,,,,,,,,
399,335,328.88085648238143,328.880589792899,,1582332.0052217643,58.08258588505857,571360.8655146509,8.28124073435631,-1,,,,,,,,unassigned,,,,,,,,,,,,
400,336,328.95912421892695,328.95885747035413,,2110931.9051682306,50.7009120006307,687108.3201170042,11.222329455585868,-1,,,,,,,,unassigned,,,,,,,,,,,,
401,337,329.152773075816,329.1525061810435,,22639913.29442856,151.19769362982905,671272.8478608838,118.3164080028363,-1,,,,,,,,unassigned,,,,,,,,,,,,
402,339,330.7539243042031,330.7536562006475,,34860038.336392365,181.42606144202793,669144.3703000351,182.3341503361998,-1,,,,,,,,unassigned,,,,,,,,,,,,
403,340,330.80264355174353,330.8023754114087,,1964466.8679487617,72.88523655208412,664628.838716773,10.413296425597165,-1,,,,,,,,unassigned,,,,,,,,,,,,
404,341,331.14982623011093,331.1495578276825,,6768677.626508366,146.08579019107054,667162.1905918092,35.67755559969983,-1,,,,,,,,unassigned,,,,,,,,,,,,
405,342,332.15319028142966,332.15292112156646,,1645361.4061766176,39.42346032314028,630167.1214559206,8.593639627124224,-1,,,,,,,,unassigned,,,,,,,,,,,,
406,343,332.75098734027756,332.75071772915453,,8839269.623700326,89.94009217304085,646923.1201097069,46.95595665142353,-1,,,,,,,,unassigned,,,,,,,,,,,,
407,344,333.11132111389577,333.1110512307723,,5713858.47745543,125.74968953452728,641789.1999565967,30.091756593969244,-1,,,,,,,,unassigned,,,,,,,,,,,,
408,346,334.77078757525936,334.77051643952666,,3602287.796055945,72.60259100922374,676665.7270522226,18.797335086206164,-1,,,,,,,,unassigned,,,,,,,,,,,,
409,347,334.8749009531142,334.8746297387967,,1653729.0808018132,136.23040607355938,604203.3735276891,8.797900441626323,-1,,,,,,,,unassigned,,,,,,,,,,,,
410,350,335.10838920847596,335.10811781792273,,1915090.402742961,34.69808634639067,705957.2028062663,10.082207000783306,-1,,,,,,,,unassigned,,,,,,,,,,,,
411,351,336.1585994046462,336.1583272214199,,5267733.501558551,168.46033698418543,628835.2587877241,27.491102563576515,-1,,,,,,,,unassigned,,,,,,,,,,,,
412,352,336.2677808787888,336.2675086131568,,1847626.8274804254,128.14775904639353,609592.9714072192,9.636304307687222,-1,,,,,,,,unassigned,,,,,,,,,,,,
413,353,336.71682400513095,336.7165514005837,,2485088.693964138,158.86044044544502,622798.4541067487,13.387761096908767,-1,,,,,,,,unassigned,,,,,,,,,,,,
414,354,336.71859521403235,336.7183226081483,,4379105.247511223,208.9785074464134,611452.1388805254,23.27238247320638,-1,,,,,,,,unassigned,,,,,,,,,,,,
415,355,336.76785429786304,336.76758165480106,,2545891.0946657704,62.26529118257151,628293.1209485546,13.475873605125358,-1,,,,,,,,unassigned,,,,,,,,,,,,
416,356,336.7687724741874,336.76849983043246,,1598239.7634049952,41.40776574444268,661023.2832252705,8.473486206828873,-1,,,,,,,,unassigned,,,,,,,,,,,,
417,357,336.9684324705551,336.96815967610905,,3800078.72184592,97.53673656912325,666163.7710223815,20.05761096130408,-1,,,,,,,,unassigned,,,,,,,,,,,,
418,358,338.1556911758336,338.1554174853423,,1697448.5839315183,72.81707189970513,596840.952495828,9.052892700253125,-1,,,,,,,,unassigned,,,,,,,,,,,,
419,359,338.7139130923095,338.7136389805328,,1883862.6200823965,181.90509029280506,472434.2249181932,9.975403960520772,-1,,,,,,,,unassigned,,,,,,,,,,,,
420,360,338.71562736820397,338.7153532551335,,7310573.199508973,83.98892008771574,659218.4889504609,38.043242941514976,-1,,,,,,,,unassigned,,,,,,,,,,,,
421,361,338.867812491531,338.8675382636094,,2491475.4710724587,146.42396078933825,629099.7986262988,13.16881486437057,-1,,,,,,,,unassigned,,,,,,,,,,,,
422,362,338.9335711031803,338.9332968256321,,3706769.6655430845,114.85641631392267,697547.5244747318,19.358051047584475,-1,,,,,,,,unassigned,,,,,,,,,,,,
423,364,340.71109844048766,340.71082282152855,,3811535.0602093777,98.58691324346314,600555.4363847,19.94012761701529,-1,,,,,,,,unassigned,,,,,,,,,,,,
424,365,340.71268179776047,340.71240617760657,,6636411.300312381,68.25628914608158,652952.0538517161,35.730957119831096,-1,,,,,,,,unassigned,,,,,,,,,,,,
425,366,340.73671418843924,340.73643855014996,,4545699.587091245,48.85175769977964,672018.986768552,23.827758282571565,-1,,,,,,,,unassigned,,,,,,,,,,,,
426,367,340.8648259803857,340.8645502454206,,1638493.1768623698,102.79989435646641,615989.3902479457,8.569608943065154,-1,,,,,,,,unassigned,,,,,,,,,,,,
427,368,342.7081432608237,342.7078661349081,,2602346.285117846,69.0163502531762,625701.5388492948,13.622727785486342,-1,,,,,,,,unassigned,,,,,,,,,,,,
428,369,342.7097675969353,342.70949046979405,,2800989.9527656445,115.43116801553955,567526.99976215,14.781540772334848,-1,,,,,,,,unassigned,,,,,,,,,,,,
429,370,342.73376999483696,342.7334928495844,,7579760.147175204,72.53402623354545,612347.8699750102,40.52107347560579,-1,,,,,,,,unassigned,,,,,,,,,,,,
430,371,342.7613024809988,342.7610253149713,,5194370.612951314,75.00191962573379,684040.3295818693,27.13865253071015,-1,,,,,,,,unassigned,,,,,,,,,,,,
431,372,342.88347175259935,342.8831944943878,,1631353.1751388158,81.96784946590623,629226.3655713036,8.695102515373632,-1,,,,,,,,unassigned,,,,,,,,,,,,
432,373,343.08503571998114,343.08475830967853,,2496230.5689202393,101.75728096258622,620699.5692628509,13.417131932980963,-1,,,,,,,,unassigned,,,,,,,,,,,,
433,374,343.168431511155,343.168154037926,,1647806.72021284,94.06761359512515,574705.1791241287,8.675076945324408,-1,,,,,,,,unassigned,,,,,,,,,,,,
434,375,344.7308199090001,344.73054125690845,,6857151.3125542905,87.75612102729815,671418.7666625697,36.216910953025625,-1,,,,,,,,unassigned,,,,,,,,,,,,
435,376,344.75926236313427,344.75898368958275,,14864669.901190668,47.13743794552783,655245.7457424948,77.731252703073,-1,,,,,,,,unassigned,,,,,,,,,,,,
436,377,344.87083076504007,344.87055200731015,,7440961.832483325,171.0737227664371,639405.3979773616,39.31953927265227,-1,,,,,,,,unassigned,,,,,,,,,,,,
437,378,345.14769648860334,345.1474175219799,,5800981.791479985,146.53709589976157,613560.5782797921,30.273321762415552,-1,,,,,,,,unassigned,,,,,,,,,,,,
438,379,345.76262280755554,345.76234337698196,,1627151.906911734,140.03182577752625,511664.38367032085,8.586964437107817,-1,,,,,,,,unassigned,,,,,,,,,,,,
439,381,346.7278685143943,346.7275883555843,,2933228.442880595,138.85687053885098,619531.0067096031,15.673346158527016,-1,,,,,,,,unassigned,,,,,,,,,,,,
440,382,346.75722844256705,346.75694826160674,,14501539.121079085,152.6418823116806,641504.5312377234,77.35744206215412,-1,,,,,,,,unassigned,,,,,,,,,,,,
441,383,346.8679060269819,346.867625762522,,4467178.011425997,81.96552082304628,634154.5195797471,23.953251854880044,-1,,,,,,,,unassigned,,,,,,,,,,,,
442,384,346.87895856095065,346.87867828815223,,74508613.1423178,100.32460936075277,634126.2779561513,393.07790938223394,-1,,,,,,,,unassigned,,,,,,,,,,,,
443,385,347.1447978722421,347.1445173988855,,1604107.982703293,88.67144149671307,611619.2084751169,8.360007976549928,-1,,,,,,,,unassigned,,,,,,,,,,,,
444,386,347.8785288921137,347.8782478652165,,16007200.959643142,108.13582770804788,639768.7599811027,84.16079572687761,-1,,,,,,,,unassigned,,,,,,,,,,,,
445,388,348.7364744491315,348.7361927750043,,1583139.6497687418,133.86730862706497,597902.7518791495,8.409404382671351,-1,,,,,,,,unassigned,,,,,,,,,,,,
446,389,348.755188470815,348.75490678257034,,5594097.261280697,75.35672309191023,626027.0408467015,29.840769449352287,-1,,,,,,,,unassigned,,,,,,,,,,,,
447,390,348.84223537584575,348.8419536219346,,2442983.076240478,59.04265088260376,642619.9775120805,12.989919771930822,-1,,,,,,,,unassigned,,,,,,,,,,,,
448,391,348.8760430367877,348.87576125737274,,22920488.414475955,174.97631913379269,632817.1189701742,119.98253543093185,-1,,,,,,,,unassigned,,,,,,,,,,,,
449,392,348.8780310201606,348.87774923924593,,1597620.402777219,78.46247542509997,513259.7919227978,8.342652482507267,-1,,,,,,,,unassigned,,,,,,,,,,,,
450,393,348.88322578182823,348.8829439969948,,1980702.3023017836,75.4057836942325,611720.664846898,10.49606878180063,-1,,,,,,,,unassigned,,,,,,,,,,,,
451,394,349.0554110559995,349.0551291412737,,20404770.301589556,164.7917324721475,618678.3447137176,109.08862532415328,-1,,,,,,,,unassigned,,,,,,,,,,,,
452,395,349.1062688406805,349.1059868875891,,4455253.679855656,189.11881989581292,659056.0200969774,23.432587033600186,-1,,,,,,,,unassigned,,,,,,,,,,,,
453,396,349.87561108416685,349.87532855071464,,4535886.32416924,173.87236268608504,669637.6227399112,23.683574178217143,-1,,,,,,,,unassigned,,,,,,,,,,,,
454,399,350.8728869885236,350.87260370279324,,3559952.9697534675,70.48928017393281,665063.5758847604,18.639800601818926,-1,,,,,,,,unassigned,,,,,,,,,,,,
455,400,351.0347256728258,351.034442265018,,2741898.1345374025,114.28934756278574,668898.5450775608,14.413070283429102,-1,,,,,,,,unassigned,,,,,,,,,,,,
456,401,351.0524956078217,351.0522121866098,,6069994.115536024,158.24334164573693,621952.9979069431,31.816625694209186,-1,,,,,,,,unassigned,,,,,,,,,,,,
457,402,351.1347320661581,351.1344485829143,,2845017.6499303933,115.2033526670889,646129.8531138462,15.291525289588453,-1,,,,,,,,unassigned,,,,,,,,,,,,
458,403,356.7430974551208,356.7428097419019,,3075730.748502238,75.64796177036823,646523.0095163936,16.08720793954434,-1,,,,,,,,unassigned,,,,,,,,,,,,
459,405,358.74015633006115,358.7398671108365,,5380494.593258985,134.31253162389646,622286.1148552274,28.201342781322374,-1,,,,,,,,unassigned,,,,,,,,,,,,
460,406,358.88650170159065,358.88621237200994,,4133567.762556182,132.36538446700038,598447.3952659849,21.755779301478384,-1,,,,,,,,unassigned,,,,,,,,,,,,
461,407,360.7372079943446,360.7369172692394,,5495125.944128669,120.43997889887983,615479.9311393828,29.15722999167206,-1,,,,,,,,unassigned,,,,,,,,,,,,
462,408,360.8946176782783,360.89432683448314,,49679594.8739211,110.4488895312171,615842.598703403,259.8731575668002,-1,,,,,,,,unassigned,,,,,,,,,,,,
463,409,361.89418090626395,361.893889308796,,10318364.755167391,83.10519211440744,600864.7938192347,54.29866566947281,-1,,,,,,,,unassigned,,,,,,,,,,,,
464,410,362.72399322530566,362.7237010021802,,1693809.1980729878,146.02302485584536,544296.4875159385,9.099619030367984,-1,,,,,,,,unassigned,,,,,,,,,,,,
465,411,362.73428288201774,362.73399065113426,,2291621.094637147,141.91757431031553,568564.4248138469,11.947255091367824,-1,,,,,,,,unassigned,,,,,,,,,,,,
466,412,362.7600576188547,362.75976536853807,,7303284.576499179,82.54278615118793,605790.2544557491,38.609299054906415,-1,,,,,,,,unassigned,,,,,,,,,,,,
467,413,362.89170100120594,362.8914086516356,,13130532.475603474,219.44618082297305,561379.8641958191,70.70361265379819,-1,,,,,,,,unassigned,,,,,,,,,,,,
468,414,363.89129607992726,363.89100297672,,3170209.3621518803,73.18727508793259,607205.4490741896,16.663944356962027,-1,,,,,,,,unassigned,,,,,,,,,,,,
469,415,364.7210544019544,364.72076067318017,,1883489.08668913,88.30614608811679,593859.705677917,9.857920616231983,-1,,,,,,,,unassigned,,,,,,,,,,,,
470,416,364.7570973295176,364.7568035735705,,14458823.328496804,119.0809472380817,608375.0998656166,75.80879797834736,-1,,,,,,,,unassigned,,,,,,,,,,,,
471,417,364.88851307230846,364.88821921728714,,2145415.882803552,120.96227139441189,515796.7861706813,11.438605612117502,-1,,,,,,,,unassigned,,,,,,,,,,,,
472,418,364.8895205110815,364.8892266553007,,1954855.1830644652,93.43259771635664,539564.8911530011,10.442667261669362,-1,,,,,,,,unassigned,,,,,,,,,,,,
473,419,366.75415210832426,366.7538568468551,,10832759.150650676,177.44527711857236,589925.6542083911,58.18095618301596,-1,,,,,,,,unassigned,,,,,,,,,,,,
474,420,368.0911263556289,368.0908300863203,,2500460.8498301683,165.97468577824142,603559.2820220359,13.33569461478078,-1,,,,,,,,unassigned,,,,,,,,,,,,
475,421,368.75119497874744,368.750898211885,,5600400.395657824,104.90130436413087,615158.1650445935,29.22665196784271,-1,,,,,,,,unassigned,,,,,,,,,,,,
476,422,370.08818098974996,370.08788321511935,,2334049.0300522074,85.398752857336,590417.6660117371,12.238293376083233,-1,,,,,,,,unassigned,,,,,,,,,,,,
477,423,370.8690447700076,370.868746406817,,21590545.577115256,220.67765108816926,591935.3509293289,114.68510463391011,-1,,,,,,,,unassigned,,,,,,,,,,,,
478,424,371.86862004459323,371.8683209280201,,6213416.692078422,126.10923222519108,603778.5158745835,33.22108567366152,-1,,,,,,,,unassigned,,,,,,,,,,,,
479,425,372.75219467089914,372.7518948883985,,1875048.344232024,125.61834416897109,600233.6347397632,9.859255654235264,-1,,,,,,,,unassigned,,,,,,,,,,,,
480,426,372.7541931793888,372.7538933953819,,4385018.769511132,186.67984862576202,571986.5813186179,23.13620859687165,-1,,,,,,,,unassigned,,,,,,,,,,,,
481,427,372.86591737542636,372.8656175072175,,3888776.2627003184,112.52519804614295,615628.1179037711,20.666388290800526,-1,,,,,,,,unassigned,,,,,,,,,,,,
482,428,374.75213159648865,374.7518303067734,,4707025.683164587,156.8853993783999,568975.0599139472,24.642131464573396,-1,,,,,,,,unassigned,,,,,,,,,,,,
483,429,374.7698604025941,374.76955909951835,,1662671.8595192994,84.10952525974055,622564.2951727766,8.807245707649296,-1,,,,,,,,unassigned,,,,,,,,,,,,
484,430,374.9102742687705,374.90997285987913,,14626610.45037538,67.24340445021134,599077.0802921609,76.42825561187007,-1,,,,,,,,unassigned,,,,,,,,,,,,
485,431,375.9098511744843,375.90954901233044,,3178124.5875395634,183.3396804674537,525546.2846403115,16.578501924752,-1,,,,,,,,unassigned,,,,,,,,,,,,
486,432,376.70446896205533,376.7041662011138,,8680391.229168383,171.66083246383135,575898.73786356,46.17095430549389,-1,,,,,,,,unassigned,,,,,,,,,,,,
487,433,376.7223221266841,376.7220193522895,,2685866.569615298,225.26937412891976,520774.3406413331,14.072635592592272,-1,,,,,,,,unassigned,,,,,,,,,,,,
488,434,376.76778412119654,376.7674813125444,,1574593.3153949615,100.67772021146735,585768.3258520035,8.334642254487576,-1,,,,,,,,unassigned,,,,,,,,,,,,
489,435,376.9073415191026,376.9070386052887,,4354380.536022513,89.29002233702093,601882.1929454625,22.767738107965904,-1,,,,,,,,unassigned,,,,,,,,,,,,
490,436,378.7015301496645,378.70122588391257,,20179462.75080878,155.35591991512408,578650.0820021044,107.62542367255655,-1,,,,,,,,unassigned,,,,,,,,,,,,
491,437,378.72030193516525,378.71999765526914,,8021456.855538073,151.4255722485651,572077.4740982614,42.73723656105339,-1,,,,,,,,unassigned,,,,,,,,,,,,
492,438,378.7380226071067,378.73771831385835,,1634264.6604538753,77.46600349041262,612500.2574308802,8.50953223291748,-1,,,,,,,,unassigned,,,,,,,,,,,,
493,439,378.772769452252,378.7724651328226,,3121261.247774625,99.12010821480307,552455.9910566544,16.733366333132675,-1,,,,,,,,unassigned,,,,,,,,,,,,
494,440,378.90519741712666,378.9048929979156,,1970571.8522563905,66.96466158060127,537678.0010241028,10.490728629787503,-1,,,,,,,,unassigned,,,,,,,,,,,,
495,441,380.6985780104177,380.69827223998516,,19799875.624707527,192.21806384787553,582239.0637641266,104.23976729623419,-1,,,,,,,,unassigned,,,,,,,,,,,,
496,442,380.71827384188646,380.7179680566146,,7722172.221111265,55.965578566844385,570561.5191756933,40.51039317157954,-1,,,,,,,,unassigned,,,,,,,,,,,,
497,443,380.7359540659283,380.7356482673358,,4086575.956807477,68.07667492922498,618664.2740633441,21.440710332703908,-1,,,,,,,,unassigned,,,,,,,,,,,,
498,444,380.7698072262746,380.76950140217645,,2413311.5409952,111.48002580047148,569429.1056796493,12.859086047609217,-1,,,,,,,,unassigned,,,,,,,,,,,,
499,445,381.74739892030607,381.74709235968476,,2286579.932543506,121.61971836348677,526655.2814679074,12.112799803774754,-1,,,,,,,,unassigned,,,,,,,,,,,,
500,446,382.69562857063204,382.6953212956365,,11930646.925545905,133.0609308810255,571824.1402823589,63.75073473270716,-1,,,,,,,,unassigned,,,,,,,,,,,,
501,447,382.7153523650028,382.71504507514817,,2316563.189556741,149.62847323673083,622635.4151228511,12.092774233725528,-1,,,,,,,,unassigned,,,,,,,,,,,,
502,448,382.7161965478713,382.7158892573807,,2519789.4758414086,126.98285955451526,554799.4654277675,13.247582106564188,-1,,,,,,,,unassigned,,,,,,,,,,,,
503,449,382.721429922511,382.72112262807775,,24640170.34679626,101.55693260826624,572990.692599927,131.94447594033576,-1,,,,,,,,unassigned,,,,,,,,,,,,
504,450,382.73299459356656,382.7326872904209,,1869570.9641256917,26.155311974662517,553625.5757355491,9.976738998524054,-1,,,,,,,,unassigned,,,,,,,,,,,,
505,451,382.7338820649848,382.7335747611706,,5128289.739803179,135.8519631200126,569026.3594573104,26.76751196579784,-1,,,,,,,,unassigned,,,,,,,,,,,,
506,452,382.77872458239744,382.77841724480066,,1564395.7566441603,107.82588744342063,569391.6696079802,8.16242235206424,-1,,,,,,,,unassigned,,,,,,,,,,,,
507,453,384.69267131536895,384.6923625359362,,3784191.307182949,37.53757365214321,618962.6112082432,20.522204186446107,-1,,,,,,,,unassigned,,,,,,,,,,,,
508,454,384.718486531535,384.7181777326556,,56493980.420087166,71.70366358567529,576427.8218927237,296.6561246332173,-1,,,,,,,,unassigned,,,,,,,,,,,,
509,455,384.73091909446225,384.73061028621737,,1899516.852753593,90.8614841207623,506465.7614784143,10.180999813026151,-1,,,,,,,,unassigned,,,,,,,,,,,,
510,456,384.7758330617776,384.775524219699,,1977001.6943992,75.58524654188786,626552.0986105164,10.322513841374011,-1,,,,,,,,unassigned,,,,,,,,,,,,
511,457,384.8847155248185,384.88440660071893,,12993961.43417645,90.03312738306181,584084.2760438841,68.03353664723481,-1,,,,,,,,unassigned,,,,,,,,,,,,
512,458,385.7818814534992,385.78157185357946,,1700772.2658863696,100.22660938446506,492308.86572027946,8.871995050808456,-1,,,,,,,,unassigned,,,,,,,,,,,,
513,459,385.8843158382346,385.8840061611543,,2632306.887460375,116.94063475035524,568834.3515333199,14.040594680513511,-1,,,,,,,,unassigned,,,,,,,,,,,,
514,460,386.7155318588075,386.7152215556101,,58178447.929388836,176.4974313478814,572819.4899924686,306.48200433737054,-1,,,,,,,,unassigned,,,,,,,,,,,,
515,461,386.881565208773,386.88125478051285,,1915020.1247704276,115.09224438262065,565335.9751495545,10.323848879377293,-1,,,,,,,,unassigned,,,,,,,,,,,,
516,462,387.0298654338858,387.02955489392076,,1589582.8193024206,165.02823892216884,415083.77073004365,8.3693532425729,-1,,,,,,,,unassigned,,,,,,,,,,,,
517,463,387.12133252453464,387.1210219156738,,3959085.1117609027,73.0204856638787,567135.1421132376,20.805232243141823,-1,,,,,,,,unassigned,,,,,,,,,,,,
518,464,388.7125853289646,388.712273521563,,31042379.50472117,194.60410153958372,559411.9707903669,165.67287605524433,-1,,,,,,,,unassigned,,,,,,,,,,,,
519,465,388.84766782153656,388.84735591239354,,1775791.7046609703,147.41995389247293,449253.5259506891,9.356613845999709,-1,,,,,,,,unassigned,,,,,,,,,,,,
520,466,388.92595181446165,388.92563984635694,,3279476.8478446133,133.86398948505547,558643.4699883254,17.13387773411718,-1,,,,,,,,unassigned,,,,,,,,,,,,
521,467,389.1183829076209,389.11807079458237,,3814221.0277080205,105.38228728873469,614377.1665406007,20.028240125231882,-1,,,,,,,,unassigned,,,,,,,,,,,,
522,468,389.7757596389679,389.77544703081963,,2300283.1577398996,155.40883249946887,430276.60386876774,12.258318946132459,-1,,,,,,,,unassigned,,,,,,,,,,,,
523,469,390.70963807248535,390.7093247609998,,10507139.559077017,170.2110278496803,561379.8633323322,56.413365866671,-1,,,,,,,,unassigned,,,,,,,,,,,,
524,470,392.7066776908244,392.70636287538446,,2674884.364663976,150.96612918701308,544570.9056485312,13.957822324310046,-1,,,,,,,,unassigned,,,,,,,,,,,,
525,472,394.1641120858467,394.1637961729003,,1726705.5386435771,90.70351293064112,671151.8842791526,9.028862016194054,-1,,,,,,,,unassigned,,,,,,,,,,,,
526,473,395.6003882096147,395.60007121515736,,1786335.8342753584,132.35220583781143,556704.5014045216,9.493455241336083,-1,,,,,,,,unassigned,,,,,,,,,,,,
527,475,396.6724608642807,396.67214306259666,,1847621.9726969048,106.26169037474554,485961.871640272,9.732427043923504,-1,,,,,,,,unassigned,,,,,,,,,,,,
528,476,398.6713743321094,398.67105502541784,,1957297.9718960605,172.52751861782562,458885.5052511867,10.215710801111475,-1,,,,,,,,unassigned,,,,,,,,,,,,
529,477,398.69537644322827,398.6950571184659,,2878049.1422161646,47.56058854006248,558546.3933960393,15.113965235151989,-1,,,,,,,,unassigned,,,,,,,,,,,,
530,478,398.90036315138644,398.9000436722939,,3935482.006374419,99.65487598508696,574421.5389061633,21.208413720132892,-1,,,,,,,,unassigned,,,,,,,,,,,,
531,480,400.6924216291133,400.6921008008713,,7385222.765170427,50.08647433226118,555679.1641549568,39.29817866459976,-1,,,,,,,,unassigned,,,,,,,,,,,,
532,481,401.8420301085367,401.84170841486383,,1542135.4935669291,81.86992863154535,575680.6045171567,8.05161419779186,-1,,,,,,,,unassigned,,,,,,,,,,,,
533,482,402.6894664109404,402.68914407933875,,7238480.898712631,134.576022567971,561329.5415814199,38.25684902204005,-1,,,,,,,,unassigned,,,,,,,,,,,,
534,483,402.8294394422408,402.82911700527313,,3238777.924366452,89.60614427498258,527954.2860096483,16.928281881611802,-1,,,,,,,,unassigned,,,,,,,,,,,,
535,484,404.68652757635664,404.6862037415029,,2890832.8222226747,162.80055818358306,579067.2795686942,15.085929437083072,-1,,,,,,,,unassigned,,,,,,,,,,,,
536,485,404.8265677758144,404.82624383555236,,3186218.978545568,88.74109175071582,508441.3173181597,16.67195458498172,-1,,,,,,,,unassigned,,,,,,,,,,,,
537,486,404.8376069695049,404.8372830209337,,12417129.402296081,95.35098832961206,545677.842470539,66.27662663491611,-1,,,,,,,,unassigned,,,,,,,,,,,,
538,487,405.83709591542294,405.8367712145537,,2123725.543428356,92.43967845547246,517034.78883541556,11.31177700180574,-1,,,,,,,,unassigned,,,,,,,,,,,,
539,488,406.80084276817746,406.8005173419412,,2489786.5667448803,231.9288340555476,553963.672767952,13.007275265973485,-1,,,,,,,,unassigned,,,,,,,,,,,,
540,489,406.8346572637612,406.8343318120748,,8921642.368572121,150.83090213039893,515331.76208771503,46.662248290701555,-1,,,,,,,,unassigned,,,,,,,,,,,,
541,490,406.8457628836215,406.8454374235766,,3792807.7223515236,129.80972877080487,574662.732184666,20.183104533612557,-1,,,,,,,,unassigned,,,,,,,,,,,,
542,491,407.8342934190066,407.83396721497144,,1782443.5760400374,68.91690188382321,568390.3999058685,9.424033265165434,-1,,,,,,,,unassigned,,,,,,,,,,,,
543,492,408.79794233890686,408.7976154096361,,2290244.8187354305,194.7021029466896,555994.9169610105,12.14884582986336,-1,,,,,,,,unassigned,,,,,,,,,,,,
544,493,408.831573082547,408.83124612796644,,1785110.9254257903,98.7507361645549,465743.66589642095,9.327243009927512,-1,,,,,,,,unassigned,,,,,,,,,,,,
545,494,408.99019854002063,408.9898714660624,,3881936.624797716,104.121995150619,562669.0559997665,20.65036783476115,-1,,,,,,,,unassigned,,,,,,,,,,,,
546,495,409.02215201366033,409.02182491565486,,2030977.8602126506,232.7586450362071,431366.7563161815,10.6148871640927,-1,,,,,,,,unassigned,,,,,,,,,,,,
547,496,410.81711409834526,410.81678564954996,,3253703.448376387,79.85432194662752,586218.0694394854,17.02173454184152,-1,,,,,,,,unassigned,,,,,,,,,,,,
548,497,410.98728681247206,410.98695823561917,,2992867.32936114,54.920478450142,502872.60470294347,15.581228536300578,-1,,,,,,,,unassigned,,,,,,,,,,,,
549,498,415.152657489179,415.1523257780911,,2576489.415140885,299.69458983108626,438333.80217206426,13.769581965847328,-1,,,,,,,,unassigned,,,,,,,,,,,,
550,499,416.69874697117064,416.6984140968596,,2008569.7844320934,132.5620400236645,536697.3236268403,10.492063667790784,-1,,,,,,,,unassigned,,,,,,,,,,,,
551,500,416.84508654370137,416.84475355929334,,1612834.3900501747,84.16255046933568,471429.8854221332,8.4314325097255,-1,,,,,,,,unassigned,,,,,,,,,,,,
552,501,417.14967706312075,417.1493438495594,,1590873.9354298685,119.31452357487503,605955.147817316,8.696437553376915,-1,,,,,,,,unassigned,,,,,,,,,,,,
553,502,417.67321325522613,417.67287964779797,,4003378.969613875,122.39283120857041,477464.08592024556,21.057554425762063,-1,,,,,,,,unassigned,,,,,,,,,,,,
554,503,417.851959183649,417.8516254417486,,1952601.8658922706,93.7765928533752,445834.08788796497,10.196352750063891,-1,,,,,,,,unassigned,,,,,,,,,,,,
555,504,418.69586264246493,418.6955282657009,,1903314.1049489474,125.84295219971898,508507.15282145847,9.980744112533898,-1,,,,,,,,unassigned,,,,,,,,,,,,
556,505,418.84213596066564,418.8418014738632,,1896713.0373515051,76.09213924925446,524545.6913849326,9.89530168032387,-1,,,,,,,,unassigned,,,,,,,,,,,,
557,506,418.85327609213647,418.85294159695354,,6413102.714383422,148.6191399924988,540031.4695263923,33.79782209107921,-1,,,,,,,,unassigned,,,,,,,,,,,,
558,507,419.70858447083316,419.7082493322326,,2097472.9969730405,125.57854141082612,526596.7927715221,11.022073755093615,-1,,,,,,,,unassigned,,,,,,,,,,,,
559,508,419.8528184781832,419.8524832310828,,1750234.048171595,176.1208896512912,539443.2212200948,9.137000094459871,-1,,,,,,,,unassigned,,,,,,,,,,,,
560,509,420.6718898622065,420.67155399897234,,2485430.1829621852,116.84650424784866,521398.8241271586,12.952538707838935,-1,,,,,,,,unassigned,,,,,,,,,,,,
561,510,420.68268267020227,420.6823467988495,,1758490.948555311,144.11387927169199,470127.9852792934,9.170376044541914,-1,,,,,,,,unassigned,,,,,,,,,,,,
562,511,420.69291464176007,420.6925787627106,,1817582.966009028,199.97212133493144,476302.89811828267,9.484777494314752,-1,,,,,,,,unassigned,,,,,,,,,,,,
563,512,420.850315177681,420.8499791802318,,5168383.179303632,233.11523232551448,509499.6012865756,27.063890402526376,-1,,,,,,,,unassigned,,,,,,,,,,,,
564,513,420.8613973978147,420.8610613920293,,2066234.4900364177,87.09012441302626,479802.0523459581,10.913935676827798,-1,,,,,,,,unassigned,,,,,,,,,,,,
565,515,421.6670166692877,421.66668005751194,,4520588.744244627,178.4919468381917,458158.7323806693,23.622162430066187,-1,,,,,,,,unassigned,,,,,,,,,,,,
566,516,422.6698131908922,422.6694758248358,,9657055.02378175,153.19217941279607,548058.1775765095,50.51249789216594,-1,,,,,,,,unassigned,,,,,,,,,,,,
567,517,422.67969334302575,422.6793559695378,,1561098.273845468,91.08634804902462,498441.68361313926,8.137724149003528,-1,,,,,,,,unassigned,,,,,,,,,,,,
568,518,422.7157314792578,422.7153940786634,,2967907.8381514177,235.2108842814261,610862.5942568158,15.507801446120085,-1,,,,,,,,unassigned,,,,,,,,,,,,
569,519,423.0742494615879,423.07391179133225,,97529183.12667441,264.09275376948403,522197.50690190203,514.1071146077386,-1,,,,,,,,unassigned,,,,,,,,,,,,
570,521,424.0738109125708,424.0734724905099,,24562309.502540153,194.08818674544062,528762.76506238,128.32385287543585,-1,,,,,,,,unassigned,,,,,,,,,,,,
571,522,424.07760504601964,424.07726662110514,,10711183.171579925,141.02497952432506,517460.6554681666,55.975473401594606,-1,,,,,,,,unassigned,,,,,,,,,,,,
572,523,424.66777785475693,424.66743898596695,,13306549.07669244,130.22067343781552,539130.2168206812,69.61422164312033,-1,,,,,,,,unassigned,,,,,,,,,,,,
573,524,424.71275675230805,424.71241784968936,,3323470.6508944863,119.19726463245217,529180.1888566065,17.324788168586462,-1,,,,,,,,unassigned,,,,,,,,,,,,
574,525,424.8563292454067,424.85599023480734,,23384936.384729158,195.74239155572985,516850.6316036687,124.85275406690344,-1,,,,,,,,unassigned,,,,,,,,,,,,
575,526,425.06428521309954,425.0639460460979,,1728364.3073769866,165.6659709739822,400077.9189724067,9.018849231169442,-1,,,,,,,,unassigned,,,,,,,,,,,,
576,527,425.0712685582883,425.07092938603455,,34359948.447485395,209.1210887689466,498409.6258397175,179.40774703300633,-1,,,,,,,,unassigned,,,,,,,,,,,,
577,529,425.0771372983637,425.07679812169613,,2930654.1579906223,30.903326308453526,550128.7293415916,15.380972835808326,-1,,,,,,,,unassigned,,,,,,,,,,,,
578,530,425.66076268141313,425.6604230658119,,3508507.5303634037,96.91793034646321,532473.8041465547,18.290020644959124,-1,,,,,,,,unassigned,,,,,,,,,,,,
579,531,425.85589063511105,425.85555087276003,,5290866.429946752,127.44597941071555,509639.6472764597,27.947685560698854,-1,,,,,,,,unassigned,,,,,,,,,,,,
580,532,426.07086997329816,426.0705300492691,,8321116.381549867,89.48042876189915,503304.65268707485,43.586320731140546,-1,,,,,,,,unassigned,,,,,,,,,,,,
581,534,426.66574774061,426.66540736920246,,7906641.518854823,128.36066264597272,535258.08463837,41.439579621863594,-1,,,,,,,,unassigned,,,,,,,,,,,,
582,535,426.70994541474096,426.70960501009495,,1917007.3382720263,157.2370190010188,558970.3490421784,10.011449986609378,-1,,,,,,,,unassigned,,,,,,,,,,,,
583,536,426.8533405186711,426.85300000618633,,7732159.739375778,223.90985099185207,492424.4172870097,40.37154921923824,-1,,,,,,,,unassigned,,,,,,,,,,,,
584,537,427.0612184494546,427.06087778063875,,2321327.989081346,102.48338240303748,477636.1851127483,12.390487708457345,-1,,,,,,,,unassigned,,,,,,,,,,,,
585,538,427.0681307539201,427.067790079906,,5395878.735250584,87.01731257898219,512064.55207851436,28.804779958805696,-1,,,,,,,,unassigned,,,,,,,,,,,,
586,539,428.6636661345597,428.6633242606932,,1691361.9177608031,78.16219809092746,636093.1845844729,8.947424697993872,-1,,,,,,,,unassigned,,,,,,,,,,,,
587,540,428.82772446098943,428.82738246375436,,2676473.1894404595,158.10503678504736,509881.5117428937,13.979182932362553,-1,,,,,,,,unassigned,,,,,,,,,,,,
588,541,430.83585556472536,430.8355120574819,,11587974.607528629,86.06900930754458,513419.3519387025,60.46120109262108,-1,,,,,,,,unassigned,,,,,,,,,,,,
589,542,431.83541163016145,431.8350673713498,,4146578.8328603785,73.65355936034877,511846.2405809616,21.69703762933399,-1,,,,,,,,unassigned,,,,,,,,,,,,
590,543,432.7079871334902,432.70764221861185,,1979675.9202290403,94.35829693873492,509652.1765920584,10.333194145400263,-1,,,,,,,,unassigned,,,,,,,,,,,,
591,544,432.8327320460887,432.83238703741983,,2438941.3568601697,51.0548776582802,522694.5283470433,12.952538707838935,-1,,,,,,,,unassigned,,,,,,,,,,,,
592,545,433.80538492960466,433.8050391896541,,1636090.7870183138,69.40237222176476,457858.02194678684,8.539570587991316,-1,,,,,,,,unassigned,,,,,,,,,,,,
593,546,434.6631290739033,434.6627826890879,,7138976.027184818,123.08684654681325,513025.9702245607,37.89104860914087,-1,,,,,,,,unassigned,,,,,,,,,,,,
594,547,436.66018241146804,436.65983452532373,,20329723.85826571,158.61587680894678,519990.06928571855,106.03405837264478,-1,,,,,,,,unassigned,,,,,,,,,,,,
595,548,437.0898822195481,437.0895340103831,,4261278.141033551,183.9056339497442,486380.95418951614,22.49539035529644,-1,,,,,,,,unassigned,,,,,,,,,,,,
596,549,437.7217868917429,437.72143820756276,,2237346.549537538,62.71797965528438,462654.23974799697,11.760349770908388,-1,,,,,,,,unassigned,,,,,,,,,,,,
597,550,438.6572351999254,438.6568858125724,,23979724.189419646,157.2929178426732,511933.8523995317,126.01690720576508,-1,,,,,,,,unassigned,,,,,,,,,,,,
598,551,438.8719888494727,438.87163930069386,,16594361.751459377,94.04582651228989,511075.07447525655,87.09787933409731,-1,,,,,,,,unassigned,,,,,,,,,,,,
599,552,439.71882648515384,439.7184762998385,,1876278.748118316,128.93253896059966,543144.3085920239,10.166314394990053,-1,,,,,,,,unassigned,,,,,,,,,,,,
600,553,439.87153188090434,439.8711815808084,,4205830.966227038,153.73587725958322,484870.4122178367,22.540781647408018,-1,,,,,,,,unassigned,,,,,,,,,,,,
601,554,440.6542782594938,440.6539273710591,,15899998.01504781,73.84511491447475,509526.3916719638,83.3811335329611,-1,,,,,,,,unassigned,,,,,,,,,,,,
602,555,440.6801003252319,440.67974941738873,,21030471.174562927,113.55483180599524,508753.6790342051,109.98577086235858,-1,,,,,,,,unassigned,,,,,,,,,,,,
603,556,440.8690020313413,440.8686509815162,,5905852.451892918,183.72909368383534,475882.9539272038,30.78597635567572,-1,,,,,,,,unassigned,,,,,,,,,,,,
604,557,441.7158973556085,441.7155456692543,,1601688.5333241879,144.44259931992627,391128.44633722294,8.406734306664788,-1,,,,,,,,unassigned,,,,,,,,,,,,
605,558,441.8688064787641,441.86845467748526,,1608354.7814174348,61.591524050670856,467450.94512114464,8.458800788792773,-1,,,,,,,,unassigned,,,,,,,,,,,,
606,559,442.65131847208954,442.65096608269505,,6351859.7690157015,172.28845532773724,520995.4386089671,33.10093225336617,-1,,,,,,,,unassigned,,,,,,,,,,,,
607,560,442.6771397047906,442.6767872959899,,58854222.51348872,116.32711734593985,507582.1956048075,306.9519377145257,-1,,,,,,,,unassigned,,,,,,,,,,,,
608,561,444.64838484241784,444.6480309521637,,1654019.5313847952,93.29403447077243,547910.0579659959,8.651046261265337,-1,,,,,,,,unassigned,,,,,,,,,,,,
609,562,444.6741897734911,444.67383586384454,,67015782.0337527,192.27271937519788,501375.67159838456,351.38200246374026,-1,,,,,,,,unassigned,,,,,,,,,,,,
610,563,444.8514706271834,444.85111658431055,,6649472.51549681,142.04871712157276,508536.7412863131,34.649576337172924,-1,,,,,,,,unassigned,,,,,,,,,,,,
611,564,445.8510519570396,445.85069716300023,,2285981.9474866586,89.712238606354,461204.1785765574,11.928564559321881,-1,,,,,,,,unassigned,,,,,,,,,,,,
612,565,446.6712432304032,446.67088782002804,,44523808.95671906,133.39629967002745,504572.6985392412,232.2966125710137,-1,,,,,,,,unassigned,,,,,,,,,,,,
613,566,448.66829320347983,448.6679362924984,,16828144.96039544,167.48660254765716,491467.5674528562,89.61843108429314,-1,,,,,,,,unassigned,,,,,,,,,,,,
614,567,448.8464228094509,448.84606576462664,,16304209.283395339,102.72349295221247,501681.3074260786,85.13270339326667,-1,,,,,,,,unassigned,,,,,,,,,,,,
615,568,449.1739395829069,449.17358229199596,,3724021.8504651836,106.94451679173268,525220.3320840804,19.41946279573543,-1,,,,,,,,unassigned,,,,,,,,,,,,
616,569,449.8459505484329,449.8455927526023,,4532053.446600434,129.12811122819014,538084.7420827706,23.867809422670014,-1,,,,,,,,unassigned,,,,,,,,,,,,
617,570,450.6653453046288,450.6649868931592,,4119827.563122621,121.10656010854197,501434.25022030104,21.53149291692706,-1,,,,,,,,unassigned,,,,,,,,,,,,
618,571,450.84326461806944,450.8429060729257,,3244719.8560264623,104.40147271355127,476951.23842545506,16.987023553756195,-1,,,,,,,,unassigned,,,,,,,,,,,,
619,572,452.6341680166041,452.63380812597387,,2627373.1595839323,148.3983676735313,449959.7896865564,13.685474571640583,-1,,,,,,,,unassigned,,,,,,,,,,,,
620,573,452.88763974299627,452.8872796619432,,6359576.931713835,169.4057594348447,489969.2892228032,33.24511635772059,-1,,,,,,,,unassigned,,,,,,,,,,,,
621,574,454.63121988585834,454.630858494978,,3447292.713959706,251.13583480578035,433216.2550807683,18.083089754450462,-1,,,,,,,,unassigned,,,,,,,,,,,,
622,575,454.8846456850598,454.8842841038063,,2537200.241805279,151.31996508774938,413109.1818678902,13.246247068560907,-1,,,,,,,,unassigned,,,,,,,,,,,,
623,576,456.62829471362966,456.6279318226017,,2126473.9960954213,126.59419167829105,530344.8341818608,11.107516187303643,-1,,,,,,,,unassigned,,,,,,,,,,,,
624,577,456.63003289014796,456.62966999781435,,1579622.5777597283,327.9726825978147,386032.73948178213,8.438107699741908,-1,,,,,,,,unassigned,,,,,,,,,,,,
625,578,456.654046423631,456.6536835132598,,2741127.0863160407,146.87215637848396,465279.39464148995,14.637356667980425,-1,,,,,,,,unassigned,,,,,,,,,,,,
626,579,457.71065940911365,457.7102957050932,,1718160.5413349778,94.08479691312269,507591.28625248105,9.007501408141549,-1,,,,,,,,unassigned,,,,,,,,,,,,
627,581,458.65108337741594,458.6507189670469,,7498523.715736214,124.98650921885452,475070.89566369884,39.153994560245344,-1,,,,,,,,unassigned,,,,,,,,,,,,
628,582,460.6444885839167,460.6441226763971,,2748293.808727571,309.0670503830115,430066.1183442048,14.674737732072312,-1,,,,,,,,unassigned,,,,,,,,,,,,
629,583,460.6481284819508,460.6477625716975,,8726075.212385735,91.4021589152365,489486.38118969905,45.49809515183992,-1,,,,,,,,unassigned,,,,,,,,,,,,
630,584,462.64518904524397,462.64482163521467,,5700516.522818266,135.9387778535933,468891.7762129943,30.44687670284217,-1,,,,,,,,unassigned,,,,,,,,,,,,
631,585,462.79629889627483,462.7959313727681,,3561750.312721045,109.43579418243446,475285.9636129412,18.57304870165484,-1,,,,,,,,unassigned,,,,,,,,,,,,
632,586,462.862091040539,462.86172346762527,,7856356.53058137,148.07151608758824,491817.74693298986,40.969646244708436,-1,,,,,,,,unassigned,,,,,,,,,,,,
633,587,463.8615998833727,463.8612315598876,,3029023.9452454704,134.87059468648994,438207.0123949668,15.830880642914254,-1,,,,,,,,unassigned,,,,,,,,,,,,
634,588,464.6422960039695,464.641927094249,,2533983.928320201,47.62351844921055,441887.7909770921,13.397106362931737,-1,,,,,,,,unassigned,,,,,,,,,,,,
635,589,464.7933420531054,464.79297302996457,,3360993.365627102,164.14462313326504,463040.54445401515,17.950920992125575,-1,,,,,,,,unassigned,,,,,,,,,,,,
636,590,464.8589745650751,464.858605492651,,2025047.3231562201,200.60106545298373,521355.7798800125,10.77242164847994,-1,,,,,,,,unassigned,,,,,,,,,,,,
637,591,465.0430275656057,465.0426583549776,,1957382.7105015274,34.19283307188859,423538.6505061635,10.23506885215906,-1,,,,,,,,unassigned,,,,,,,,,,,,
638,592,465.16892223719435,465.16855293203344,,4864450.164861934,144.2556431892792,479578.58983567514,25.395092898424267,-1,,,,,,,,unassigned,,,,,,,,,,,,
639,593,466.9032922458535,466.9029216384236,,1543175.9623779121,72.94861547526283,485323.8499522498,8.167094985075725,-1,,,,,,,,unassigned,,,,,,,,,,,,
640,594,467.0385136731272,467.03814296416874,,1642204.641910452,100.94283499997931,414244.31004645315,8.831943910710006,-1,,,,,,,,unassigned,,,,,,,,,,,,
641,595,467.16603506978674,467.16566426508166,,1649601.6432305046,249.05256811492956,434097.7878754008,8.837284062723132,-1,,,,,,,,unassigned,,,,,,,,,,,,
642,597,474.65733943010434,474.6569630015754,,2072619.9876667927,164.50995442301178,491053.5074649078,11.016733603080489,-1,,,,,,,,unassigned,,,,,,,,,,,,
643,599,476.62234417894723,476.6219662755416,,1582766.044102763,105.44782804824968,354045.29286679707,8.433435066730421,-1,,,,,,,,unassigned,,,,,,,,,,,,
644,600,476.6544394611823,476.65406153368775,,1693622.0238217262,259.7731066865082,464913.34012363455,8.847296847747746,-1,,,,,,,,unassigned,,,,,,,,,,,,
645,601,476.8119536037663,476.8115755580513,,2772454.261884852,160.35175513247506,501736.86421264947,14.49050248761944,-1,,,,,,,,unassigned,,,,,,,,,,,,
646,602,476.87769605195814,476.8773179569011,,1775713.636444631,188.2337416765949,453316.72930482577,9.437383645198251,-1,,,,,,,,unassigned,,,,,,,,,,,,
647,603,478.64129539141777,478.6409159727654,,1535871.277329541,106.35664231111161,412086.86967590405,8.175772732097057,-1,,,,,,,,unassigned,,,,,,,,,,,,
648,604,478.80903345748953,478.80865391295333,,1659674.4999553193,88.81796858841551,451513.17782022443,8.87533264581666,-1,,,,,,,,unassigned,,,,,,,,,,,,
649,605,479.1481539231128,479.1477741240763,,1786162.4490103119,87.20339231348655,492541.7932017633,9.619616332646201,-1,,,,,,,,unassigned,,,,,,,,,,,,
650,606,480.674526648077,480.6741457035844,,1695164.0657600095,187.4296340628842,471168.171244928,8.837951581724774,-1,,,,,,,,unassigned,,,,,,,,,,,,
651,607,481.16382582213026,481.1634445104611,,15836550.783145623,66.63201352862193,462629.63943497103,82.96994182795034,-1,,,,,,,,unassigned,,,,,,,,,,,,
652,609,482.6714009213497,482.6710184784217,,2011499.8693263032,181.96698007437266,335712.26627921866,10.574168504992608,-1,,,,,,,,unassigned,,,,,,,,,,,,
653,610,482.8149874203298,482.81460486966046,,5941304.347642188,99.50972141013797,448955.54152297624,31.47218588936251,-1,,,,,,,,unassigned,,,,,,,,,,,,
654,612,483.041135858068,483.04075313770755,,1640442.757072034,129.29420240316213,368391.8525554222,8.60699000715704,-1,,,,,,,,unassigned,,,,,,,,,,,,
655,613,483.160886057695,483.16050324748034,,4834698.85703966,139.0021474800692,439643.49153885624,26.01588556995025,-1,,,,,,,,unassigned,,,,,,,,,,,,
656,614,483.81447609679674,483.8140927961699,,1586784.4121268198,199.1909918943611,356387.2107786637,8.287915924372719,-1,,,,,,,,unassigned,,,,,,,,,,,,
657,615,484.0085755593583,484.0081921130942,,2429107.2131297686,71.13497872771921,420999.396992642,12.941858403812683,-1,,,,,,,,unassigned,,,,,,,,,,,,
658,616,484.77826720863845,484.77788318486796,,2297719.073768488,82.51692686030327,396083.2481268637,12.158858614887972,-1,,,,,,,,unassigned,,,,,,,,,,,,
659,617,484.81202094807696,484.81163689898113,,4101568.32862172,183.0076599457555,499551.6564022629,21.446050484717034,-1,,,,,,,,unassigned,,,,,,,,,,,,
660,618,484.8231144921142,484.8227304346949,,14492591.019365426,442.0542607963731,452479.8573489483,76.46563667596196,-1,,,,,,,,unassigned,,,,,,,,,,,,
661,619,485.0060906812035,485.0057064864984,,6763633.172547611,213.3973777272607,439395.790920305,36.24361171309126,-1,,,,,,,,unassigned,,,,,,,,,,,,
662,620,485.73932963558866,485.73894489074956,,1688198.5943340878,131.5028791573972,404301.6631094579,8.857977151774,-1,,,,,,,,unassigned,,,,,,,,,,,,
663,621,485.81167714037747,485.8112923412585,,1793020.7637879087,169.18486928092688,367574.92721103696,9.445393873217942,-1,,,,,,,,unassigned,,,,,,,,,,,,
664,622,485.8226463947685,485.8222615874197,,3671204.854228079,140.0703576643893,427887.8626913777,19.618383458224404,-1,,,,,,,,unassigned,,,,,,,,,,,,
665,624,486.7752943155419,486.77490879346743,,2398989.1780367093,115.84134476723987,466962.8655898901,12.758958197363091,-1,,,,,,,,unassigned,,,,,,,,,,,,
666,625,486.8201164828703,486.81973092716856,,6098170.08912442,112.803961039284,441801.49638303235,31.789924934143553,-1,,,,,,,,unassigned,,,,,,,,,,,,
667,626,487.0030093986109,487.0026237056969,,2008614.4126097069,166.72473074980394,376159.1107312133,10.650933190181306,-1,,,,,,,,unassigned,,,,,,,,,,,,
668,627,488.60185174726155,488.6014648548858,,1687033.7749234263,154.20866679825795,386107.4666667965,8.798567960627963,-1,,,,,,,,unassigned,,,,,,,,,,,,
669,628,488.7945343418965,488.7941473049743,,3498893.429495358,147.0079654792491,482834.3875492558,18.818695694258672,-1,,,,,,,,unassigned,,,,,,,,,,,,
670,629,490.7803982359486,490.780009709337,,1919509.9994885263,255.12084312420012,441637.22364603484,10.04549345569306,-1,,,,,,,,unassigned,,,,,,,,,,,,
671,630,490.8027174480592,490.8023289047055,,2842952.023354671,150.11122643742652,470429.32392856415,15.212758047394834,-1,,,,,,,,unassigned,,,,,,,,,,,,
672,631,492.62174135401483,492.6213514462314,,3223372.4632419394,138.69226662425967,426332.84142026235,16.829489069368957,-1,,,,,,,,unassigned,,,,,,,,,,,,
673,632,494.6188172894762,494.6184258838226,,10830706.837850992,206.61374016512343,439584.6346653517,57.56683870150638,-1,,,,,,,,unassigned,,,,,,,,,,,,
674,633,495.14312368428904,495.14273188540886,,3650086.016914298,137.33224773943107,470130.3446850724,19.036306888793586,-1,,,,,,,,unassigned,,,,,,,,,,,,
675,634,495.6803726049891,495.67998040318406,,4358603.056078537,127.37531578158769,461787.03177731537,22.713001549831354,-1,,,,,,,,unassigned,,,,,,,,,,,,
676,635,496.61589540549306,496.61550250208734,,14861445.511938052,113.94337401433879,439982.4613488057,78.05700197587373,-1,,,,,,,,unassigned,,,,,,,,,,,,
677,636,496.830670804718,496.83027774024396,,4414910.685157792,212.67009224833316,424319.434700854,23.201625459032453,-1,,,,,,,,unassigned,,,,,,,,,,,,
678,637,497.09307989516003,497.0926866338972,,59719516.25405558,361.2319157299015,442317.36365550803,318.5293872789845,-1,,,,,,,,unassigned,,,,,,,,,,,,
679,639,497.67742703727384,497.6770333377982,,4759821.511072325,179.07484331452284,422502.75026056817,25.51524631871962,-1,,,,,,,,unassigned,,,,,,,,,,,,
680,643,498.61294793552577,498.6125535345069,,11082904.657024806,175.15964103525036,442549.6998225397,58.42126302360666,-1,,,,,,,,unassigned,,,,,,,,,,,,
681,644,498.6387593588709,498.6383649384966,,14607984.124866983,79.98479884794683,451321.5191060734,76.36951393972568,-1,,,,,,,,unassigned,,,,,,,,,,,,
682,645,498.7941120898559,498.79371755298587,,1685820.5605954065,193.91359115519225,364071.78948621795,8.81859353067719,-1,,,,,,,,unassigned,,,,,,,,,,,,
683,646,498.82760579295615,498.82721123096997,,2689592.4787158,162.55920101442268,413738.74892853457,14.389039599370031,-1,,,,,,,,unassigned,,,,,,,,,,,,
684,647,498.83877554144374,498.8383809710817,,9647895.18682765,178.76996388378427,435723.461256521,50.32292249569994,-1,,,,,,,,unassigned,,,,,,,,,,,,
685,648,499.09007325835915,499.08967849955616,,27708946.13828591,102.9340271252155,431986.35371109156,146.13859999122667,-1,,,,,,,,unassigned,,,,,,,,,,,,
686,649,499.0921066953838,499.09171193505597,,2457460.9603002938,111.70790565363518,428206.1736047303,13.007942784975125,-1,,,,,,,,unassigned,,,,,,,,,,,,
687,651,499.1557454862549,499.15535067820645,,1602755.068805583,197.59930254099646,376924.3564864279,8.36067549555157,-1,,,,,,,,unassigned,,,,,,,,,,,,
688,652,499.67451660612136,499.67412140906845,,3808508.8751214193,149.29951712692855,421811.089914734,20.124362861468164,-1,,,,,,,,unassigned,,,,,,,,,,,,
689,653,499.83833875552375,499.83794343562926,,2261080.2821414606,218.40014786985114,398153.1466354308,11.867820330172565,-1,,,,,,,,unassigned,,,,,,,,,,,,
690,655,500.0934239198536,500.0930284086857,,2925419.614952705,64.138835056537,414426.0944174861,15.745438210704226,-1,,,,,,,,unassigned,,,,,,,,,,,,
691,656,500.60999226780626,500.6095963693002,,6278220.54745616,328.3422287511718,421536.1533299349,32.97276860505113,-1,,,,,,,,unassigned,,,,,,,,,,,,
692,657,500.63579834359837,500.6354024257423,,43625393.159277186,192.26371307886473,448819.6013801342,227.4477545430946,-1,,,,,,,,unassigned,,,,,,,,,,,,
693,658,500.83578687521606,500.835390807405,,3857898.631984132,291.04701846325605,393461.3941797329,20.492833350373907,-1,,,,,,,,unassigned,,,,,,,,,,,,
694,660,501.6716079590596,501.6712112645478,,2330025.253662867,168.47431869714245,466245.0460999093,12.32240077028998,-1,,,,,,,,unassigned,,,,,,,,,,,,
695,661,502.08649214960803,502.08609514402286,,1604104.4707999348,100.28618534655516,449472.0558818928,8.503524561902712,-1,,,,,,,,unassigned,,,,,,,,,,,,
696,662,502.60705951286513,502.6066621169744,,1694986.554796807,175.10796041623962,345211.26600991096,8.837284062723132,-1,,,,,,,,unassigned,,,,,,,,,,,,
697,663,502.63284796509583,502.6324505498699,,55709560.12568292,134.41267883566906,449113.1203563201,290.2693028255177,-1,,,,,,,,unassigned,,,,,,,,,,,,
698,664,502.8100742659382,502.80967671783543,,1552499.0302999353,159.0375139560283,390312.5764474579,8.250534860280831,-1,,,,,,,,unassigned,,,,,,,,,,,,
699,665,503.58491859412334,503.5845204650855,,1701975.6360712328,134.31803322566086,378817.16933719366,8.8743313673142,-1,,,,,,,,unassigned,,,,,,,,,,,,
700,666,504.62989610952457,504.6294971970496,,41928655.511781566,235.61131681987263,441211.8514262593,221.38134185618262,-1,,,,,,,,unassigned,,,,,,,,,,,,
701,667,504.8182225789221,504.8178235252591,,2041616.5071966986,189.32350948780277,372323.1422563805,10.64626055716982,-1,,,,,,,,unassigned,,,,,,,,,,,,
702,668,506.6269617138654,506.62656130424807,,19857838.79860864,163.34213711961152,432085.12839081266,105.39324013106956,-1,,,,,,,,unassigned,,,,,,,,,,,,
703,669,508.62400445479403,508.6236025481712,,6317157.024063536,75.73290035151686,428022.79248558276,33.60824669461321,-1,,,,,,,,unassigned,,,,,,,,,,,,
704,670,508.81319548474795,508.81279343631167,,9074281.003123779,169.0540445567237,437833.2891886823,47.38316881247366,-1,,,,,,,,unassigned,,,,,,,,,,,,
705,671,509.0498746972232,509.0494724713788,,2861838.655497328,87.91890571947658,436865.2963447512,14.943080370731932,-1,,,,,,,,unassigned,,,,,,,,,,,,
706,672,509.8127793498616,509.81237655217683,,3550519.073902776,157.51554769327768,420990.48663318506,18.54901801759577,-1,,,,,,,,unassigned,,,,,,,,,,,,
707,673,510.59291703315375,510.5925136507294,,1544340.5295926377,176.1017483830861,424076.9476515921,8.228506733226682,-1,,,,,,,,unassigned,,,,,,,,,,,,
708,674,510.6211266783582,510.6207232747901,,2016909.8432556917,278.9258269146898,344385.0393835964,10.556813010949947,-1,,,,,,,,unassigned,,,,,,,,,,,,
709,675,510.8100334516402,510.80962990648305,,1796500.8110577168,102.467268025898,464686.96799744427,9.526163672416484,-1,,,,,,,,unassigned,,,,,,,,,,,,
710,676,511.1087379197968,511.10833415075734,,3686141.9087262764,202.21878391401407,416232.1356881929,19.251248007321937,-1,,,,,,,,unassigned,,,,,,,,,,,,
711,678,512.5900307536448,512.5896258743995,,2031327.2602348549,163.34687078641736,350959.0006404749,10.616222202095981,-1,,,,,,,,unassigned,,,,,,,,,,,,
712,679,512.8543827824061,512.8539777050402,,3941505.119577237,238.8044394574708,398783.74002781865,20.793216901112288,-1,,,,,,,,unassigned,,,,,,,,,,,,
713,680,514.5869044080074,514.586498032241,,2185518.6530283857,83.97682715235354,419560.8516178389,11.410569814048586,-1,,,,,,,,unassigned,,,,,,,,,,,,
714,681,514.588780331663,514.5883739544909,,1700394.650020744,130.41246859858379,334086.09400678356,8.958105002020126,-1,,,,,,,,unassigned,,,,,,,,,,,,
715,682,514.6126985022335,514.612292107137,,1874844.2366437765,232.59253186677626,389379.1548121448,9.881951300291053,-1,,,,,,,,unassigned,,,,,,,,,,,,
716,683,514.8514510792068,514.8510445051896,,1946458.293114315,220.314227390431,312660.8817602188,10.335864221406828,-1,,,,,,,,unassigned,,,,,,,,,,,,
717,684,516.5858157686142,516.5854078949195,,1675799.3801096387,101.47559714953056,411673.67484473094,8.754511706519668,-1,,,,,,,,unassigned,,,,,,,,,,,,
718,685,516.6097390879237,516.6093311963022,,6132077.598343031,200.51954099614113,430097.062105321,32.06761283882614,-1,,,,,,,,unassigned,,,,,,,,,,,,
719,686,518.6068117216108,518.6064023335601,,7132615.62312684,174.03722676210558,438468.1866817267,37.18347846740157,-1,,,,,,,,unassigned,,,,,,,,,,,,
720,687,518.9857315186911,518.985321846725,,3180907.4751273193,207.34595779699265,417952.82466619485,17.045765225900592,-1,,,,,,,,unassigned,,,,,,,,,,,,
721,688,519.3210381240575,519.320628200858,,1571884.5426212393,222.9622303322521,418572.99752661266,8.460135826796057,-1,,,,,,,,unassigned,,,,,,,,,,,,
722,689,520.6038701760505,520.6034592917009,,6732243.968201952,164.22872402870004,402125.939747877,35.91786244029053,-1,,,,,,,,unassigned,,,,,,,,,,,,
723,690,520.7637807468467,520.7633697426892,,1710215.0594094896,102.88049639932277,429033.0641376346,9.060235409271174,-1,,,,,,,,unassigned,,,,,,,,,,,,
724,691,520.9827625425647,520.9823513743431,,3967320.5552140605,207.8624029106996,420753.13524142845,20.775861407069627,-1,,,,,,,,unassigned,,,,,,,,,,,,
725,692,522.6008820908384,522.6004697103446,,2681914.0086728535,252.57021154159202,374590.98071225,14.108681618680878,-1,,,,,,,,unassigned,,,,,,,,,,,,
726,693,522.8288602554808,522.8284477041954,,5027480.510306219,119.42671537078294,436958.32088521,26.375010792833024,-1,,,,,,,,unassigned,,,,,,,,,,,,
727,694,523.8284273305039,523.8280140304032,,1833912.9946703538,146.85957796648393,384926.9534899536,9.83121985616635,-1,,,,,,,,unassigned,,,,,,,,,,,,
728,695,525.5404265667764,525.540011984219,,2911862.7952540033,126.75877619118391,440308.57844622846,15.459740078001944,-1,,,,,,,,unassigned,,,,,,,,,,,,
729,696,529.5341084855112,529.5336909116332,,2305004.3963016826,175.85498590621208,387853.6468338452,12.05339061262872,-1,,,,,,,,unassigned,,,,,,,,,,,,
730,697,533.5794217470715,533.5790011436886,,6209150.340240653,166.8738764255149,397871.6471873224,33.116952709405545,-1,,,,,,,,unassigned,,,,,,,,,,,,
731,698,537.573110058438,537.5726864646939,,9815784.804864815,116.40069231842544,387614.244718217,51.876906731519824,-1,,,,,,,,unassigned,,,,,,,,,,,,
732,699,537.818594133591,537.8181703560509,,1596131.6210559998,302.730307407899,295420.8470868785,8.324963228963785,-1,,,,,,,,unassigned,,,,,,,,,,,,
733,700,540.7736575493623,540.7732315594841,,1651386.685224874,228.9602414990686,414267.0956298837,8.673074388319485,-1,,,,,,,,unassigned,,,,,,,,,,,,
734,701,541.5667658177609,541.5663392341588,,8450738.43186302,137.06440029442115,399286.08980117895,44.069604488328515,-1,,,,,,,,unassigned,,,,,,,,,,,,
735,702,542.7817709157631,542.7813434226402,,5927450.567818612,187.3903317734796,406002.2952762162,31.58432908163817,-1,,,,,,,,unassigned,,,,,,,,,,,,
736,703,544.7788066470185,544.7783776590635,,3706865.347588465,213.54677155141417,375646.8763294384,19.38875692165995,-1,,,,,,,,unassigned,,,,,,,,,,,,
737,704,544.7899340606209,544.789505064337,,14632148.713402672,317.5294150976806,404748.81568246783,77.50162616650854,-1,,,,,,,,unassigned,,,,,,,,,,,,
738,705,545.560480199872,545.560050626847,,2086586.601271962,152.68077362133477,371267.990600302,11.080147908236368,-1,,,,,,,,unassigned,,,,,,,,,,,,
739,706,545.7894481993056,545.7890184549052,,4681269.394138573,84.54294738515287,403471.08411969704,24.43386553606145,-1,,,,,,,,unassigned,,,,,,,,,,,,
740,707,546.7868544508364,546.786423959927,,7309192.884020361,298.15825376139315,388817.8823406249,38.10999484167906,-1,,,,,,,,unassigned,,,,,,,,,,,,
741,708,547.7864622754798,547.7860310364439,,2562746.3745002244,166.62695744427822,359525.7063104158,13.553973328317335,-1,,,,,,,,unassigned,,,,,,,,,,,,
742,709,548.7614265401113,548.7609945714213,,2583114.1302165706,90.00330390517698,398704.1669151599,13.90508832318042,-1,,,,,,,,unassigned,,,,,,,,,,,,
743,710,550.5804330936985,550.5799997637575,,2410722.1865016604,64.78373009389861,384567.6002646787,12.66417049913009,-1,,,,,,,,unassigned,,,,,,,,,,,,
744,711,550.7694309982844,550.7689975269128,,2184454.775830277,142.14794672068814,348583.64598432306,11.441943207125705,-1,,,,,,,,unassigned,,,,,,,,,,,,
745,712,552.5775268988315,552.5770920744826,,7911681.157825117,174.67568828397503,384418.24289698113,42.18186075168821,-1,,,,,,,,unassigned,,,,,,,,,,,,
746,713,554.5745683409029,554.5741320223051,,12867869.45043269,237.43010017753323,397744.36671427154,67.74516843852597,-1,,,,,,,,unassigned,,,,,,,,,,,,
747,714,556.5716025805441,556.5711647678224,,10818590.779558811,225.84549818103537,404467.6765155939,56.46676738680227,-1,,,,,,,,unassigned,,,,,,,,,,,,
748,715,556.5974142690975,556.596976437065,,8975755.149305362,190.52884138775016,413132.2295992357,46.787741863010034,-1,,,,,,,,unassigned,,,,,,,,,,,,
749,716,556.7974363853002,556.7969984036238,,4351298.371712189,173.26318773751257,400969.5739137285,22.69965116979854,-1,,,,,,,,unassigned,,,,,,,,,,,,
750,717,557.0279044612683,557.0274663071715,,2613657.4251994216,258.1882515316128,371718.2598549096,13.696822394668477,-1,,,,,,,,unassigned,,,,,,,,,,,,
751,718,557.7970125561717,557.7965738266926,,1794891.1224112962,247.7750599682227,333325.75068973936,9.56220969850509,-1,,,,,,,,unassigned,,,,,,,,,,,,
752,719,558.5686649305233,558.5682256237765,,6983273.870458094,136.6346223048457,398427.578302567,36.435857185563826,-1,,,,,,,,unassigned,,,,,,,,,,,,
753,720,558.5944736767859,558.594034350732,,29291232.876265198,200.7428573800556,389541.1376828534,157.81217229192177,-1,,,,,,,,unassigned,,,,,,,,,,,,
754,721,558.7944647733136,558.7940252976509,,3097785.804358005,137.22208382746427,383460.74567957415,16.340197641166217,-1,,,,,,,,unassigned,,,,,,,,,,,,
755,722,558.8056055620367,558.8051660780399,,8958734.82542645,216.57129035673432,386590.61161496834,48.22691283054769,-1,,,,,,,,unassigned,,,,,,,,,,,,
756,724,559.8051644554463,559.8047242237201,,2834709.5181212,99.51158342421921,396945.16626239393,14.772863025313518,-1,,,,,,,,unassigned,,,,,,,,,,,,
757,725,560.5657241966024,560.5652833959526,,3105370.516655266,234.0942301825113,380167.5733896727,16.47436896049603,-1,,,,,,,,unassigned,,,,,,,,,,,,
758,726,560.5915202478932,560.5910794279474,,44388555.17088306,255.18367565815444,393881.1748412931,235.40458104265346,-1,,,,,,,,unassigned,,,,,,,,,,,,
759,727,560.8025213040414,560.8020803262631,,4646174.771494473,411.12508461506224,395959.7608915226,24.268320823654523,-1,,,,,,,,unassigned,,,,,,,,,,,,
760,728,562.5885668018557,562.5881244881377,,39498733.733081415,105.62851500213,402824.92665019946,206.23667074695513,-1,,,,,,,,unassigned,,,,,,,,,,,,
761,729,564.5856098374384,564.5851660300705,,21265932.802064817,114.80164040123852,401504.33325978066,111.04312096095767,-1,,,,,,,,unassigned,,,,,,,,,,,,
762,730,566.5826819539685,566.5822366530489,,8937247.803549286,291.67766939251266,377921.53608670353,46.56879563047183,-1,,,,,,,,unassigned,,,,,,,,,,,,
763,731,568.5796582439409,568.5792114496608,,2185137.9503019326,178.64314687762774,380794.70370917855,11.448618397142114,-1,,,,,,,,unassigned,,,,,,,,,,,,
764,732,570.5485173721686,570.5480691056716,,2488579.0141369007,145.99991281410811,357898.6489033536,13.19351306743128,-1,,,,,,,,unassigned,,,,,,,,,,,,
765,733,570.8130240073813,570.8125755431081,,1548447.6885663697,171.87860364239748,326294.06946734135,8.128378882980556,-1,,,,,,,,unassigned,,,,,,,,,,,,
766,734,571.1119071895564,571.1114585018055,,9840103.777757708,67.81584023279312,391900.3379455212,52.63787839339039,-1,,,,,,,,unassigned,,,,,,,,,,,,
767,735,572.111568359117,572.1111189239297,,3867230.3099418925,248.43950901616603,327635.9206129559,20.475477856331246,-1,,,,,,,,unassigned,,,,,,,,,,,,
768,736,572.5457213614162,572.5452716016265,,1942931.7246662015,83.30788155003562,425941.47622833564,10.154299052960518,-1,,,,,,,,unassigned,,,,,,,,,,,,
769,737,572.8212187824175,572.82076881665,,3040762.212239135,185.16788461235785,410040.9215774645,16.33418997015145,-1,,,,,,,,unassigned,,,,,,,,,,,,
770,739,573.7909747589258,573.790524068131,,1739825.9080541998,170.3824048123475,324688.97504205006,9.104625422880291,-1,,,,,,,,unassigned,,,,,,,,,,,,
771,741,574.5683559045538,574.5679046325789,,5176028.162724019,147.39803769364772,400295.6184185375,27.743424746196755,-1,,,,,,,,unassigned,,,,,,,,,,,,
772,742,574.8183733589942,574.8179219001071,,1888184.607763993,183.61758052003034,341988.4405394033,9.917997326379659,-1,,,,,,,,unassigned,,,,,,,,,,,,
773,744,576.5654478320027,576.5649950670601,,8304325.2785162255,328.2632974431916,384036.9797254934,43.354024118569534,-1,,,,,,,,unassigned,,,,,,,,,,,,
774,745,576.8160700664055,576.8156171141134,,1753379.9707541254,99.52424310413026,378190.23471549386,9.32657549092587,-1,,,,,,,,unassigned,,,,,,,,,,,,
775,746,578.5624980818884,578.5620438241286,,6688683.724197855,279.99645424786013,371666.1282412085,34.93393943187193,-1,,,,,,,,unassigned,,,,,,,,,,,,
776,750,598.9282511505925,598.9277816760457,,2056410.5171453455,182.1588920365669,314336.5498956005,10.735040584388052,-1,,,,,,,,unassigned,,,,,,,,,,,,
777,751,602.7486541457104,602.7481818180403,,3251230.984247633,91.99281972386053,350378.44925928285,17.27539176246504,-1,,,,,,,,unassigned,,,,,,,,,,,,
778,752,603.7482945109819,603.7478214368405,,1679595.225469821,107.49421547007569,364731.133493456,8.807913226650935,-1,,,,,,,,unassigned,,,,,,,,,,,,
779,753,604.7457079567873,604.7452341378677,,3308105.434222234,190.45856186955285,338068.5368755937,17.53505665410333,-1,,,,,,,,unassigned,,,,,,,,,,,,
780,754,604.7566839385051,604.7562101113898,,9922442.258051025,187.09427994656022,368059.2937727151,53.03304964236177,-1,,,,,,,,unassigned,,,,,,,,,,,,
781,755,605.7562621821711,605.7557876086911,,4275842.248397549,244.6235505754198,350498.13874668104,22.31516022485341,-1,,,,,,,,unassigned,,,,,,,,,,,,
782,756,606.753664331738,606.7531890135482,,5967162.696015789,232.35584469327802,367692.8842259959,31.42412452124437,-1,,,,,,,,unassigned,,,,,,,,,,,,
783,757,607.7534413234702,607.7529652588273,,2312060.4513169117,227.82472408496227,376238.3890238184,12.160193652891254,-1,,,,,,,,unassigned,,,,,,,,,,,,
784,758,608.5391363913749,608.538659740138,,1904263.2397315572,205.48989004011406,279211.09286159603,9.929345149407553,-1,,,,,,,,unassigned,,,,,,,,,,,,
785,759,610.5361223195645,610.5356441774758,,5790002.919768981,245.5043483944301,356402.90188388416,30.31203786451072,-1,,,,,,,,unassigned,,,,,,,,,,,,
786,760,612.533184780651,612.5327051477733,,8971053.818747053,180.1427760741489,368913.17820368556,46.934596043371016,-1,,,,,,,,unassigned,,,,,,,,,,,,
787,761,614.530280119496,614.5297989959244,,9724445.338876652,131.6686942449883,352249.9891001619,51.72204232313915,-1,,,,,,,,unassigned,,,,,,,,,,,,
788,763,616.5531463551155,616.5526637217359,,5903607.57873076,178.130086535794,372205.48219664727,30.80066177371182,-1,,,,,,,,unassigned,,,,,,,,,,,,
789,764,616.7642385112298,616.7637557203044,,2647196.086912969,129.35427927339242,305576.5126611853,14.027244300480694,-1,,,,,,,,unassigned,,,,,,,,,,,,
790,765,618.5244884910869,618.5240043864737,,2295011.264603078,434.9530434885861,368008.2929972143,12.111464765771473,-1,,,,,,,,unassigned,,,,,,,,,,,,
791,767,618.7612332067409,618.7607489254505,,1644218.5649772908,302.75330121525167,373047.4893493435,8.847296847747746,-1,,,,,,,,unassigned,,,,,,,,,,,,
792,768,618.7724067036515,618.7719224140226,,6766613.378605913,263.2723008664469,351017.7014891247,35.35047128889581,-1,,,,,,,,unassigned,,,,,,,,,,,,
793,769,619.0455034354592,619.0450189420266,,1823823.002897686,87.68383585031833,359622.5972100619,9.550194356475554,-1,,,,,,,,unassigned,,,,,,,,,,,,
794,771,619.7037829866797,619.7032980020023,,1582760.6275801207,355.8393335837581,263903.4433722344,8.299597506901433,-1,,,,,,,,unassigned,,,,,,,,,,,,
795,772,619.7719229765149,619.7714379409884,,2779443.7139759734,252.50141823435692,317716.59734569275,14.618666135934482,-1,,,,,,,,unassigned,,,,,,,,,,,,
796,773,620.5472213495669,620.546735735488,,8062619.127262154,85.40261017056179,386500.2693501471,42.25128272785886,-1,,,,,,,,unassigned,,,,,,,,,,,,
797,774,620.7693146933475,620.7688289135388,,3716152.8175551905,248.17112632053434,345149.5961707976,19.404777377699332,-1,,,,,,,,unassigned,,,,,,,,,,,,
798,775,621.7689657385071,621.76847921276,,2047988.742793245,94.29760436212038,317442.7613391178,10.80513007956034,-1,,,,,,,,unassigned,,,,,,,,,,,,
799,776,622.5442887752434,622.5438016709721,,5305359.05752217,113.03969867695683,355951.62308292335,27.65130712397032,-1,,,,,,,,unassigned,,,,,,,,,,,,
800,777,622.7673322385971,622.7668449679003,,4602905.791740935,162.44473050958894,372498.5730903136,24.160182745388706,-1,,,,,,,,unassigned,,,,,,,,,,,,
801,778,623.7667999916082,623.7663119751699,,1705053.3752587799,84.17748357876374,399028.49142562266,8.890018063852759,-1,,,,,,,,unassigned,,,,,,,,,,,,
802,779,624.5412398843148,624.5407512900576,,2297659.7172357016,148.55559718360246,341958.68224874896,12.068743549666458,-1,,,,,,,,unassigned,,,,,,,,,,,,
803,780,624.7644565068507,624.7639677460522,,2214116.196705392,236.48689030597853,318438.00385652814,11.708950807782044,-1,,,,,,,,unassigned,,,,,,,,,,,,
804,781,628.7468128941038,628.7463211623324,,2525356.321158446,88.48389559171329,399916.2296893773,13.168147345368928,-1,,,,,,,,unassigned,,,,,,,,,,,,
805,782,632.7878651075316,632.787370361485,,2087233.6743143434,281.4867698538918,311092.3995396153,11.237682392623608,-1,,,,,,,,unassigned,,,,,,,,,,,,
806,783,634.5240159435472,634.523519902633,,2102319.320440622,136.62793585031486,350391.73271124734,10.996040514029621,-1,,,,,,,,unassigned,,,,,,,,,,,,
807,784,636.5211724184069,636.5206748880721,,2033977.408554595,49.50691216276983,362489.0747181414,10.629572582128798,-1,,,,,,,,unassigned,,,,,,,,,,,,
808,785,636.7829507467966,636.782453021244,,4110297.6197680556,230.58320761038703,338664.2420389723,22.09888406832178,-1,,,,,,,,unassigned,,,,,,,,,,,,
809,786,637.7824089160642,637.781910445198,,1860640.2635957305,582.8694363380255,330782.7098700589,9.763466677499803,-1,,,,,,,,unassigned,,,,,,,,,,,,
810,787,638.7799147608233,638.7794155461291,,3290465.1338240206,381.58508191452245,314396.9605024989,17.230667989355105,-1,,,,,,,,unassigned,,,,,,,,,,,,
811,788,641.4442674460383,641.4437662447153,,2071802.2640604693,178.23754472340835,232840.7258260997,10.854192726180942,-1,,,,,,,,unassigned,,,,,,,,,,,,
812,789,653.476421867861,653.4759116976235,,3514661.0637657256,150.82801451294102,321665.1388249937,18.444217534338158,-1,,,,,,,,unassigned,,,,,,,,,,,,
813,790,653.8137684144517,653.8132579928148,,1897148.4123863475,157.57700036655416,350128.32438860304,9.940025453433806,-1,,,,,,,,unassigned,,,,,,,,,,,,
814,792,664.7124345340434,664.7119159922705,,1713643.800289917,409.8597906621079,263540.8297689526,8.98580704058822,-1,,,,,,,,unassigned,,,,,,,,,,,,
815,793,664.7235553325457,664.7230367824892,,2166056.417228139,186.06011539027517,313960.63465693087,11.66656335117785,-1,,,,,,,,unassigned,,,,,,,,,,,,
816,794,666.7205000632555,666.719980025747,,1927864.7347441802,255.77884728100474,271553.6913378785,10.066520304244747,-1,,,,,,,,unassigned,,,,,,,,,,,,
817,795,668.4949299529749,668.4944085938582,,1671130.0202939422,199.6413901724737,349928.6086359466,8.762521934539357,-1,,,,,,,,unassigned,,,,,,,,,,,,
818,796,670.491786972391,670.4912641261138,,3030186.421157484,194.73334658374975,318467.060339028,15.911650442112796,-1,,,,,,,,unassigned,,,,,,,,,,,,
819,797,672.4888188498487,672.4882945164009,,3590780.1960586575,278.35126219400604,323250.17707355175,18.790659896189755,-1,,,,,,,,unassigned,,,,,,,,,,,,
820,798,674.4860683504736,674.4855425298125,,2627656.717216091,121.52469153187548,349383.8953399794,13.892405462149243,-1,,,,,,,,unassigned,,,,,,,,,,,,
821,800,676.5088367307636,676.5083094040093,,3459730.9592097783,151.06099011925716,311920.85366570204,18.45156024335621,-1,,,,,,,,unassigned,,,,,,,,,,,,
822,803,682.7340624559437,682.7335304948422,,7331550.804741236,118.76253593143635,323242.7503850386,38.22614314796457,-1,,,,,,,,unassigned,,,,,,,,,,,,
823,804,683.7336600887381,683.7331273835982,,2680609.107712674,251.55875667756249,273828.74752518185,13.975845337354349,-1,,,,,,,,unassigned,,,,,,,,,,,,
824,805,684.7310611445284,684.730527697015,,3460733.346585214,166.78543052819535,287008.9292975255,18.225938820801602,-1,,,,,,,,unassigned,,,,,,,,,,,,
825,806,693.7093409024548,693.7088007736805,,2675290.058697984,254.26822867201832,283211.1342453968,14.178103594851525,-1,,,,,,,,unassigned,,,,,,,,,,,,
826,807,696.7498466866143,696.7493042957715,,4565514.770709789,358.9252458660947,283538.8565129253,24.493274727207485,-1,,,,,,,,unassigned,,,,,,,,,,,,
827,808,697.749347184994,697.7488040506056,,1873404.2085710382,309.92350074918875,255135.66665883793,10.030474278156142,-1,,,,,,,,unassigned,,,,,,,,,,,,
828,809,698.746684383142,698.7461405068473,,2668153.045466931,194.04977021235436,275350.97402381577,14.019901591462645,-1,,,,,,,,unassigned,,,,,,,,,,,,
829,810,699.7467175480908,699.7461729279142,,1601871.7028846522,289.4345190938877,240608.73940993487,8.429930591971807,-1,,,,,,,,unassigned,,,,,,,,,,,,
830,811,710.7655416835336,710.7649888689144,,1853754.6622672046,157.51178809632188,346206.9717311375,9.690373346820131,-1,,,,,,,,unassigned,,,,,,,,,,,,
831,812,729.731308315109,729.7307414046295,,1564512.2951843617,240.57442037250894,213584.56983702155,8.286247126868616,-1,,,,,,,,unassigned,,,,,,,,,,,,
832,815,742.7009153287387,742.7003387851222,,2256719.711399153,325.77518725487573,270605.36825097183,11.820426481056064,-1,,,,,,,,unassigned,,,,,,,,,,,,
833,816,744.6978271097904,744.6972490834223,,1675174.5148507357,116.84697776836268,243487.89292140162,8.7877207768513,-1,,,,,,,,unassigned,,,,,,,,,,,,
834,818,758.7131659482992,758.7125775185987,,2033012.5946080193,247.86283912034312,273903.258628977,10.706003507816675,-1,,,,,,,,unassigned,,,,,,,,,,,,
835,819,760.7114266246911,760.7108367121982,,1565516.5314058517,129.8518385548826,312008.152161498,8.541239385495418,-1,,,,,,,,unassigned,,,,,,,,,,,,
836,822,787.3095395804796,787.3089299425035,,1766429.1843415508,509.9331564180317,214951.4691350829,9.226614520430156,-1,,,,,,,,unassigned,,,,,,,,,,,,
837,823,787.7935352820047,787.7929252852881,,1543110.1970493011,275.53255951996715,263498.9306569587,8.222999701463147,-1,,,,,,,,unassigned,,,,,,,,,,,,
838,824,788.4254683972262,788.424857932128,,1683434.7362825733,298.23629984390305,201392.76729232122,8.782046865337353,-1,,,,,,,,unassigned,,,,,,,,,,,,
839,826,790.4028206348215,790.4022087042094,,1669656.6809230663,126.62603735613965,232838.8125429493,8.965781470538996,-1,,,,,,,,unassigned,,,,,,,,,,,,
